"","uni","metric","metrix","stage","col","ASnormalized.t10_icra10.002r","pval"
"1","Quant.1.0","Quant","1","1","1",0.324402670924516,0.0000000000000000000000000000000000000000000000000000000000177555209960771
"2","Sigma.1.0","Sigma","2","1","1",4.73594586832534,0.00000000000000000000000000000000000000000000019832677802018
"3","Connect.1.0","Connect","3","1","1",0.275385531248659,0.0000000000000292132533138927
"4","Tau1.1.0","Tau1","4","1","1",752.893083612825,0.00000000000000000000000189178146762319
"5","Tau2.1.0","Tau2","5","1","1",1534576.21935404,0.00000000000000006081331171134
"6","NPQ.1.0","NPQ","6","1","1",0.562552605525919,0.000000000000000000000000000000000000000000000000000000000000000000000000000000000000222119719352564
"7","qP.1.0","qP","7","1","1",1.30958008540338,0.0000000000000000000000000000000000000000000000000000000000355110419921543
"8","ABQ.1.0","ABQ","8","1","1",0,0.00000000000000000000000000000000000000000000019832677802018
"9","qm.1.0","qm","9","1","1",0,0.0000000000000000000000000000000000000000000000000000000000177555209960771
"10","nTau1.1.0","nTau1","10","1","1",1,0.00000000000000000000000189178146762319
"11","nTau2.1.0","nTau2","11","1","1",1,0.00000000000000006081331171134
"12","nCon.1.0","nCon","12","1","1",1,0.0000000000000292132533138927
"13","Fm.1.0","Fm","13","1","1",1789.41689983909,0.000000000000000000000000000000000000000000000000000000000000000000000000000000000000222119719352564
"14","Fo.1.0","Fo","14","1","1",1208.92527813382,0.0000000000000000000000000000000000000000000000000000000000355110419921543
"15","Quant.3.0","Quant","1","3","1",0.0403465875815245,0.00000000000000000000000000000000000000000000000000000000000000000000000000000000035598713340352
"16","Sigma.3.0","Sigma","2","3","1",2.68616339911837,0.000000000000000000000000000238010635251526
"17","Connect.3.0","Connect","3","3","1",0.583092444807055,0.000000000000000103443315783748
"18","Tau1.3.0","Tau1","4","3","1",3413.73530330576,0.000000141654804497958
"19","Tau2.3.0","Tau2","5","3","1",7714327.16686505,0.000000000942106795174518
"20","NPQ.3.0","NPQ","6","3","1",0.0536799910581432,0.00000000000000000000000000000000000000000000000000000000000000000000000000000000000000000000499555046788107
"21","qP.3.0","qP","7","3","1",0.205876553143941,0.000000000000000000000000000000000000000000000000000000000000000000000000000000000711974266802043
"22","ABQ.3.0","ABQ","8","3","1",0.432813745384253,0.000000000000000000000000000238010635251526
"23","qm.3.0","qm","9","3","1",0.875628065988049,0.00000000000000000000000000000000000000000000000000000000000000000000000000000000035598713340352
"24","nTau1.3.0","nTau1","10","3","1",4.53415681138236,0.000000141654804497958
"25","nTau2.3.0","nTau2","11","3","1",5.02700815350331,0.000000000942106795174518
"26","nCon.3.0","nCon","12","3","1",2.11736775771474,0.000000000000000103443315783748
"27","Fm.3.0","Fm","13","3","1",2653.61216208328,0.00000000000000000000000000000000000000000000000000000000000000000000000000000000000000000000499555046788107
"28","Fo.3.0","Fo","14","3","1",2546.54796657838,0.000000000000000000000000000000000000000000000000000000000000000000000000000000000711974266802043
"29","Quant.4.0","Quant","1","4","1",0.0432954706346334,0.000000000000000000000000000000000000000000000000000000000000000000000000000000000384009885102606
"30","Sigma.4.0","Sigma","2","4","1",2.82094377139599,0.000000000000000000000000000202780901381215
"31","Connect.4.0","Connect","3","4","1",0.504001789368598,0.000000000000242361542325599
"32","Tau1.4.0","Tau1","4","4","1",2284.01376822308,0.0000000535575284166705
"33","Tau2.4.0","Tau2","5","4","1",5918469.7993812,0.00000000227827959050293
"34","NPQ.4.0","NPQ","6","4","1",0.0827058119061493,0.000000000000000000000000000000000000000000000000000000000000000000000000000000000000000000000053208775647299
"35","qP.4.0","qP","7","4","1",0.268490847411164,0.000000000000000000000000000000000000000000000000000000000000000000000000000000000768019770205159
"36","ABQ.4.0","ABQ","8","4","1",0.404354726631727,0.000000000000000000000000000202780901381215
"37","qm.4.0","qm","9","4","1",0.866537872480379,0.000000000000000000000000000000000000000000000000000000000000000000000000000000000384009885102606
"38","nTau1.4.0","nTau1","10","4","1",3.03364955521047,0.0000000535575284166705
"39","nTau2.4.0","nTau2","11","4","1",3.85674541592499,0.00000000227827959050293
"40","nCon.4.0","nCon","12","4","1",1.83016800876699,0.000000000000242361542325599
"41","Fm.4.0","Fm","13","4","1",2582.47255022406,0.000000000000000000000000000000000000000000000000000000000000000000000000000000000000000000000053208775647299
"42","Fo.4.0","Fo","14","4","1",2470.66318576109,0.000000000000000000000000000000000000000000000000000000000000000000000000000000000768019770205159
"43","Quant.5.0","Quant","1","5","1",0.0489190442854724,0.0000000000000000000000000000000000000000000000000000000000000000000000000000000739990010392594
"44","Sigma.5.0","Sigma","2","5","1",3.82415101600319,0.00000000000000000000000000108105784667146
"45","Connect.5.0","Connect","3","5","1",0.352139514275517,0.000000550279875178444
"46","Tau1.5.0","Tau1","4","5","1",1783.58813058331,0.0000000000197256534929769
"47","Tau2.5.0","Tau2","5","5","1",8172772.21767541,0.00000402374119099135
"48","NPQ.5.0","NPQ","6","5","1",0.113537672115773,0.0000000000000000000000000000000000000000000000000000000000000000000000000000000000000000000000000975128279819652
"49","qP.5.0","qP","7","5","1",0.336587315007224,0.000000000000000000000000000000000000000000000000000000000000000000000000000000147998002078519
"50","ABQ.5.0","ABQ","8","5","1",0.192526451457218,0.00000000000000000000000000108105784667146
"51","qm.5.0","qm","9","5","1",0.849202708023156,0.0000000000000000000000000000000000000000000000000000000000000000000000000000000739990010392594
"52","nTau1.5.0","nTau1","10","5","1",2.3689793005198,0.0000000000197256534929769
"53","nTau2.5.0","nTau2","11","5","1",5.32575190114416,0.00000402374119099135
"54","nCon.5.0","nCon","12","5","1",1.27871465388482,0.000000550279875178444
"55","Fm.5.0","Fm","13","5","1",2510.96851883156,0.0000000000000000000000000000000000000000000000000000000000000000000000000000000000000000000000000975128279819652
"56","Fo.5.0","Fo","14","5","1",2388.13433865941,0.000000000000000000000000000000000000000000000000000000000000000000000000000000147998002078519
"57","Quant.6.0","Quant","1","6","1",0.0471675354372542,0.000000000000000000000000000000000000000000000000000000000000000000000000000000000595760211675985
"58","Sigma.6.0","Sigma","2","6","1",3.44170997921158,0.000000000000000000000000000522812557265115
"59","Connect.6.0","Connect","3","6","1",0.251191320608666,0.00039329542098052
"60","Tau1.6.0","Tau1","4","6","1",1345.48544300971,0.0000000129945838598739
"61","Tau2.6.0","Tau2","5","6","1",9625008.87255205,0.00116284079317753
"62","NPQ.6.0","NPQ","6","6","1",0.152532674719579,0.0000000000000000000000000000000000000000000000000000000000000000000000000000000000000000000000000531131715240388
"63","qP.6.0","qP","7","6","1",0.399751648344692,0.00000000000000000000000000000000000000000000000000000000000000000000000000000000119152042335197
"64","ABQ.6.0","ABQ","8","6","1",0.273279282554683,0.000000000000000000000000000522812557265115
"65","qm.6.0","qm","9","6","1",0.854601889365364,0.000000000000000000000000000000000000000000000000000000000000000000000000000000000595760211675985
"66","nTau1.6.0","nTau1","10","6","1",1.78708700118917,0.0000000129945838598739
"67","nTau2.6.0","nTau2","11","6","1",6.2720956777263,0.00116284079317753
"68","nCon.6.0","nCon","12","6","1",0.912144220031129,0.00039329542098052
"69","Fm.6.0","Fm","13","6","1",2426.01194790073,0.0000000000000000000000000000000000000000000000000000000000000000000000000000000000000000000000000531131715240388
"70","Fo.6.0","Fo","14","6","1",2311.58294337692,0.00000000000000000000000000000000000000000000000000000000000000000000000000000000119152042335197
"71","Quant.7.0","Quant","1","7","1",0.055762749793664,0.00000000000000000000000000000000000000000000000000000000000000000000000000000048214734971487
"72","Sigma.7.0","Sigma","2","7","1",3.82041800717093,0.000000000000000000000000000272312647414951
"73","Connect.7.0","Connect","3","7","1",0.203575981503982,0.00343660780007943
"74","Tau1.7.0","Tau1","4","7","1",1283.42732147274,0.0000000000102768444011628
"75","Tau2.7.0","Tau2","5","7","1",14636563.7286495,0.0142266015844944
"76","NPQ.7.0","NPQ","6","7","1",0.189835717615458,0.000000000000000000000000000000000000000000000000000000000000000000000000000000000000000000000000333683248910676
"77","qP.7.0","qP","7","7","1",0.476215622404166,0.00000000000000000000000000000000000000000000000000000000000000000000000000000096429469942974
"78","ABQ.7.0","ABQ","8","7","1",0.193314680236865,0.000000000000000000000000000272312647414951
"79","qm.7.0","qm","9","7","1",0.828106378918689,0.00000000000000000000000000000000000000000000000000000000000000000000000000000048214734971487
"80","nTau1.7.0","nTau1","10","7","1",1.70466079368679,0.0000000000102768444011628
"81","nTau2.7.0","nTau2","11","7","1",9.53785386744136,0.0142266015844944
"82","nCon.7.0","nCon","12","7","1",0.739239932399221,0.00343660780007943
"83","Fm.7.0","Fm","13","7","1",2349.95302109374,0.000000000000000000000000000000000000000000000000000000000000000000000000000000000000000000000000333683248910676
"84","Fo.7.0","Fo","14","7","1",2218.91317875163,0.00000000000000000000000000000000000000000000000000000000000000000000000000000096429469942974
"85","Quant.8.0","Quant","1","8","1",0.0580847439838904,0.00000000000000000000000000000000000000000000000000000000000000000000000000000000448574394125927
"86","Sigma.8.0","Sigma","2","8","1",3.93554671320887,0.000000000000000000000000000000101129029685646
"87","Connect.8.0","Connect","3","8","1",0.202527873058883,0.000375096527021803
"88","Tau1.8.0","Tau1","4","8","1",1518.78158277946,0.0000000000000450438954407655
"89","Tau2.8.0","Tau2","5","8","1",19587756.1794026,0.00858222029611227
"90","NPQ.8.0","NPQ","6","8","1",0.2134295954814,0.000000000000000000000000000000000000000000000000000000000000000000000000000000000000000000000000000291216979483039
"91","qP.8.0","qP","7","8","1",0.516229924284497,0.00000000000000000000000000000000000000000000000000000000000000000000000000000000897148788251855
"92","ABQ.8.0","ABQ","8","8","1",0.16900513168228,0.000000000000000000000000000000101129029685646
"93","qm.8.0","qm","9","8","1",0.820948625921129,0.00000000000000000000000000000000000000000000000000000000000000000000000000000000448574394125927
"94","nTau1.8.0","nTau1","10","8","1",2.01726063877683,0.0000000000000450438954407655
"95","nTau2.8.0","nTau2","11","8","1",12.7642771550622,0.00858222029611227
"96","nCon.8.0","nCon","12","8","1",0.735433964669738,0.000375096527021803
"97","Fm.8.0","Fm","13","8","1",2304.26062593802,0.000000000000000000000000000000000000000000000000000000000000000000000000000000000000000000000000000291216979483039
"98","Fo.8.0","Fo","14","8","1",2170.41823740825,0.00000000000000000000000000000000000000000000000000000000000000000000000000000000897148788251855
"99","Quant.9.0","Quant","1","9","1",0.0678137873261126,0.0000000000000000000000000000000000000000000000000000000000000000000000000000000000094842427980645
"100","Sigma.9.0","Sigma","2","9","1",3.96965778060923,0.000000000000000000000000000000000000543138838671808
"101","Connect.9.0","Connect","3","9","1",0.397264077443304,0.0000000000000077572229811156
"102","Tau1.9.0","Tau1","4","9","1",1284.67995554483,0.000000000000534523032095807
"103","Tau2.9.0","Tau2","5","9","1",10367105.9100626,0.00239631982549804
"104","NPQ.9.0","NPQ","6","9","1",0.229968738810538,0.00000000000000000000000000000000000000000000000000000000000000000000000000000000000000000000000000000813719570812795
"105","qP.9.0","qP","7","9","1",0.558560376592403,0.000000000000000000000000000000000000000000000000000000000000000000000000000000000018968485596129
"106","ABQ.9.0","ABQ","8","9","1",0.161802543572373,0.000000000000000000000000000000000000543138838671808
"107","qm.9.0","qm","9","9","1",0.790957987081765,0.0000000000000000000000000000000000000000000000000000000000000000000000000000000000094842427980645
"108","nTau1.9.0","nTau1","10","9","1",1.70632455458374,0.000000000000534523032095807
"109","nTau2.9.0","nTau2","11","9","1",6.75568002378303,0.00239631982549804
"110","nCon.9.0","nCon","12","9","1",1.44257425450793,0.0000000000000077572229811156
"111","Fm.9.0","Fm","13","9","1",2273.27569472998,0.00000000000000000000000000000000000000000000000000000000000000000000000000000000000000000000000000000813719570812795
"112","Fo.9.0","Fo","14","9","1",2119.11626023394,0.000000000000000000000000000000000000000000000000000000000000000000000000000000000018968485596129
"113","Quant.10.0","Quant","1","10","1",0.102769785456724,0.00000000000000000000000000000000000000000000000000000000000000000000000000000133049485335225
"114","Sigma.10.0","Sigma","2","10","1",4.45371393733807,0.00000000000000000000000000000000000000069035528726053
"115","Connect.10.0","Connect","3","10","1",0.259787538168544,0.000000000356643935288538
"116","Tau1.10.0","Tau1","4","10","1",1289.88076055065,0.000000000000000000819949505890001
"117","Tau2.10.0","Tau2","5","10","1",4845766.33042365,0.00000139539790134826
"118","NPQ.10.0","NPQ","6","10","1",0.247967813459837,0.000000000000000000000000000000000000000000000000000000000000000000000000000000000000000000000000000769937754616098
"119","qP.10.0","qP","7","10","1",0.648401376222633,0.0000000000000000000000000000000000000000000000000000000000000000000000000000026609897067045
"120","ABQ.10.0","ABQ","8","10","1",0.0595935719778554,0.00000000000000000000000000000000000000069035528726053
"121","qm.10.0","qm","9","10","1",0.683203023070554,0.00000000000000000000000000000000000000000000000000000000000000000000000000000133049485335225
"122","nTau1.10.0","nTau1","10","10","1",1.71323231495372,0.000000000000000000819949505890001
"123","nTau2.10.0","nTau2","11","10","1",3.15772280927396,0.00000139539790134826
"124","nCon.10.0","nCon","12","10","1",0.943359431378291,0.000000000356643935288538
"125","Fm.10.0","Fm","13","10","1",2240.48890448862,0.000000000000000000000000000000000000000000000000000000000000000000000000000000000000000000000000000769937754616098
"126","Fo.10.0","Fo","14","10","1",2010.23434045615,0.0000000000000000000000000000000000000000000000000000000000000000000000000000026609897067045
"127","Quant.11.0","Quant","1","11","1",0.11682920819029,0.000000000000000000000000000000000000000000000000000000000000000000000000000726086963799792
"128","Sigma.11.0","Sigma","2","11","1",4.62037089859732,0.00000000000000000000000000000000000000292303793601848
"129","Connect.11.0","Connect","3","11","1",0.216820578680901,0.000000146224615731797
"130","Tau1.11.0","Tau1","4","11","1",1507.28666839522,0.0000000000000000000939162850066256
"131","Tau2.11.0","Tau2","5","11","1",5793908.31722417,0.000107232052552195
"132","NPQ.11.0","NPQ","6","11","1",0.220802542992546,0.0000000000000000000000000000000000000000000000000000000000000000000000000000000000000000000000000752741982328952
"133","qP.11.0","qP","7","11","1",0.638061945840569,0.00000000000000000000000000000000000000000000000000000000000000000000000000145217392759958
"134","ABQ.11.0","ABQ","8","11","1",0.0244037776067084,0.00000000000000000000000000000000000000292303793601848
"135","qm.11.0","qm","9","11","1",0.63986360575473,0.000000000000000000000000000000000000000000000000000000000000000000000000000726086963799792
"136","nTau1.11.0","nTau1","10","11","1",2.00199298041412,0.0000000000000000000939162850066256
"137","nTau2.11.0","nTau2","11","11","1",3.77557546125863,0.000107232052552195
"138","nCon.11.0","nCon","12","11","1",0.787334678397186,0.000000146224615731797
"139","Fm.11.0","Fm","13","11","1",2290.34421271906,0.0000000000000000000000000000000000000000000000000000000000000000000000000000000000000000000000000752741982328952
"140","Fo.11.0","Fo","14","11","1",2022.76511186388,0.00000000000000000000000000000000000000000000000000000000000000000000000000145217392759958
"141","Quant.12.0","Quant","1","12","1",0.122759686064808,0.0000000000000000000000000000000000000000000000000000000000000000000000000000688936318341974
"142","Sigma.12.0","Sigma","2","12","1",4.62655432668187,0.0000000000000000000000000000000000000000104112417408647
"143","Connect.12.0","Connect","3","12","1",0.235805760986975,0.000000000792231729134969
"144","Tau1.12.0","Tau1","4","12","1",1462.31672857318,0.0000000000000000024608523737494
"145","Tau2.12.0","Tau2","5","12","1",4350402.6736593,0.00000627033958457902
"146","NPQ.12.0","NPQ","6","12","1",0.218657870983037,0.00000000000000000000000000000000000000000000000000000000000000000000000000000000000000000000000000671018872801205
"147","qP.12.0","qP","7","12","1",0.646351916112796,0.000000000000000000000000000000000000000000000000000000000000000000000000000137787263668395
"148","ABQ.12.0","ABQ","8","12","1",0.023098140199426,0.0000000000000000000000000000000000000000104112417408647
"149","qm.12.0","qm","9","12","1",0.621582381812841,0.0000000000000000000000000000000000000000000000000000000000000000000000000000688936318341974
"150","nTau1.12.0","nTau1","10","12","1",1.94226346396506,0.0000000000000000024608523737494
"151","nTau2.12.0","nTau2","11","12","1",2.83492121068482,0.00000627033958457902
"152","nCon.12.0","nCon","12","12","1",0.856275055257187,0.000000000792231729134969
"153","Fm.12.0","Fm","13","12","1",2294.37490684751,0.00000000000000000000000000000000000000000000000000000000000000000000000000000000000000000000000000671018872801205
"154","Fo.12.0","Fo","14","12","1",2012.71816356793,0.000000000000000000000000000000000000000000000000000000000000000000000000000137787263668395
"155","Quant.13.0","Quant","1","13","1",0.129489436961449,0.000000000000000000000000000000000000000000000000000000000000000000000000100877457011079
"156","Sigma.13.0","Sigma","2","13","1",4.99355204374064,0.00000000000000000000000000000000000000129813004868718
"157","Connect.13.0","Connect","3","13","1",0.216612822231714,0.000000116596720025924
"158","Tau1.13.0","Tau1","4","13","1",1590.54682579551,0.00000000000000000000758585287811128
"159","Tau2.13.0","Tau2","5","13","1",4551556.83879808,0.00000440015908265908
"160","NPQ.13.0","NPQ","6","13","1",0.205227240236267,0.000000000000000000000000000000000000000000000000000000000000000000000000000000000000000000000000511408587360749
"161","qP.13.0","qP","7","13","1",0.640727553494729,0.000000000000000000000000000000000000000000000000000000000000000000000000201754914022158
"162","ABQ.13.0","ABQ","8","13","1",-0.0543938175345731,0.00000000000000000000000000000000000000129813004868718
"163","qm.13.0","qm","9","13","1",0.60083732790357,0.000000000000000000000000000000000000000000000000000000000000000000000000100877457011079
"164","nTau1.13.0","nTau1","10","13","1",2.11257994051842,0.00000000000000000000758585287811128
"165","nTau2.13.0","nTau2","11","13","1",2.96600245813401,0.00000440015908265908
"166","nCon.13.0","nCon","12","13","1",0.786580258046033,0.000000116596720025924
"167","Fm.13.0","Fm","13","13","1",2319.94261818009,0.000000000000000000000000000000000000000000000000000000000000000000000000000000000000000000000000511408587360749
"168","Fo.13.0","Fo","14","13","1",2019.53455476908,0.000000000000000000000000000000000000000000000000000000000000000000000000201754914022158
"169","Quant.14.0","Quant","1","14","1",0.137177421078915,0.000000000000000000000000000000000000000000000000000000000000000000000000291774146083136
"170","Sigma.14.0","Sigma","2","14","1",4.73310861831065,0.000000000000000000000000000000000000000232515171809153
"171","Connect.14.0","Connect","3","14","1",0.246112002021631,0.00000000223306327897817
"172","Tau1.14.0","Tau1","4","14","1",1535.18444896021,0.000000000000000000779638405204174
"173","Tau2.14.0","Tau2","5","14","1",4079951.27065198,0.00000962411302621439
"174","NPQ.14.0","NPQ","6","14","1",0.193579906141997,0.0000000000000000000000000000000000000000000000000000000000000000000000000000000000000000000000110830441957058
"175","qP.14.0","qP","7","14","1",0.639326877812978,0.000000000000000000000000000000000000000000000000000000000000000000000000583548292166273
"176","ABQ.14.0","ABQ","8","14","1",0.000599088353958388,0.000000000000000000000000000000000000000232515171809153
"177","qm.14.0","qm","9","14","1",0.57713843511839,0.000000000000000000000000000000000000000000000000000000000000000000000000291774146083136
"178","nTau1.14.0","nTau1","10","14","1",2.03904708699606,0.000000000000000000779638405204174
"179","nTau2.14.0","nTau2","11","14","1",2.65868271591578,0.00000962411302621439
"180","nCon.14.0","nCon","12","14","1",0.89369982840313,0.00000000223306327897817
"181","Fm.14.0","Fm","13","14","1",2342.58135951147,0.0000000000000000000000000000000000000000000000000000000000000000000000000000000000000000000000110830441957058
"182","Fo.14.0","Fo","14","14","1",2021.23208994614,0.000000000000000000000000000000000000000000000000000000000000000000000000583548292166273
"183","Quant.15.0","Quant","1","15","1",0.140565779770175,0.00000000000000000000000000000000000000000000000000000000000000000000000000231888067069128
"184","Sigma.15.0","Sigma","2","15","1",4.92842420894017,0.000000000000000000000000000000000000000000509883199189043
"185","Connect.15.0","Connect","3","15","1",0.226178478583599,0.000000000841564934498111
"186","Tau1.15.0","Tau1","4","15","1",1373.69822799148,0.00000000000000000675023296582944
"187","Tau2.15.0","Tau2","5","15","1",3617295.11407721,0.00000457656382963239
"188","NPQ.15.0","NPQ","6","15","1",0.187855194718936,0.0000000000000000000000000000000000000000000000000000000000000000000000000000000000000000000000000296242830668413
"189","qP.15.0","qP","7","15","1",0.637870286343778,0.00000000000000000000000000000000000000000000000000000000000000000000000000463776134138256
"190","ABQ.15.0","ABQ","8","15","1",-0.0406420060461741,0.000000000000000000000000000000000000000000509883199189043
"191","qm.15.0","qm","9","15","1",0.566693518984983,0.00000000000000000000000000000000000000000000000000000000000000000000000000231888067069128
"192","nTau1.15.0","nTau1","10","15","1",1.82455949973622,0.00000000000000000675023296582944
"193","nTau2.15.0","nTau2","11","15","1",2.35719481929666,0.00000457656382963239
"194","nCon.15.0","nCon","12","15","1",0.821315766148118,0.000000000841564934498111
"195","Fm.15.0","Fm","13","15","1",2353.87112136785,0.0000000000000000000000000000000000000000000000000000000000000000000000000000000000000000000000000296242830668413
"196","Fo.15.0","Fo","14","15","1",2022.99739171428,0.00000000000000000000000000000000000000000000000000000000000000000000000000463776134138256
"197","Quant.16.0","Quant","1","16","1",0.0576536843880462,0.0000000000000000000000000000000000000000000000000000000000000000000000000000000304200033069453
"198","Sigma.16.0","Sigma","2","16","1",3.30582856034737,0.0000000000000000000000000000000785059023524044
"199","Connect.16.0","Connect","3","16","1",0.406988979304172,0.00000000000471252440507709
"200","Tau1.16.0","Tau1","4","16","1",1163.51655875816,0.00000000000000167933920620775
"201","Tau2.16.0","Tau2","5","16","1",6996529.81362899,0.0000000356173233114044
"202","NPQ.16.0","NPQ","6","16","1",0.175885211203152,0.00000000000000000000000000000000000000000000000000000000000000000000000000000000000000000000000106882111088646
"203","qP.16.0","qP","7","16","1",0.45820442781314,0.0000000000000000000000000000000000000000000000000000000000000000000000000000000608400066138907
"204","ABQ.16.0","ABQ","8","16","1",0.301970788463354,0.0000000000000000000000000000000785059023524044
"205","qm.16.0","qm","9","16","1",0.822277405350151,0.0000000000000000000000000000000000000000000000000000000000000000000000000000000304200033069453
"206","nTau1.16.0","nTau1","10","16","1",1.54539413906543,0.00000000000000167933920620775
"207","nTau2.16.0","nTau2","11","16","1",4.55925859229988,0.0000000356173233114044
"208","nCon.16.0","nCon","12","16","1",1.47788802650159,0.00000000000471252440507709
"209","Fm.16.0","Fm","13","16","1",2377.8324725717,0.00000000000000000000000000000000000000000000000000000000000000000000000000000000000000000000000106882111088646
"210","Fo.16.0","Fo","14","16","1",2240.7416696704,0.0000000000000000000000000000000000000000000000000000000000000000000000000000000608400066138907
"211","Quant.17.0","Quant","1","17","1",0.0619438021359065,0.0000000000000000000000000000000000000000000000000000000000000000000000000000000140393648322137
"212","Sigma.17.0","Sigma","2","17","1",3.60596201046928,0.000000000000000000000000000000799993686133648
"213","Connect.17.0","Connect","3","17","1",0.176706354140138,0.00466092149690913
"214","Tau1.17.0","Tau1","4","17","1",1485.89809143706,0.0000000000000278527471281207
"215","Tau2.17.0","Tau2","5","17","1",11152539.8677468,0.000202717697685353
"216","NPQ.17.0","NPQ","6","17","1",0.216238269147675,0.000000000000000000000000000000000000000000000000000000000000000000000000000000000000000000000000160320354994411
"217","qP.17.0","qP","7","17","1",0.527685863750617,0.0000000000000000000000000000000000000000000000000000000000000000000000000000000280787296644275
"218","ABQ.17.0","ABQ","8","17","1",0.238597291707565,0.000000000000000000000000000000799993686133648
"219","qm.17.0","qm","9","17","1",0.809052736959986,0.0000000000000000000000000000000000000000000000000000000000000000000000000000000140393648322137
"220","nTau1.17.0","nTau1","10","17","1",1.973584462095,0.0000000000000278527471281207
"221","nTau2.17.0","nTau2","11","17","1",7.26750468767284,0.000202717697685353
"222","nCon.17.0","nCon","12","17","1",0.641668984346825,0.00466092149690913
"223","Fm.17.0","Fm","13","17","1",2298.93936915431,0.000000000000000000000000000000000000000000000000000000000000000000000000000000000000000000000000160320354994411
"224","Fo.17.0","Fo","14","17","1",2156.53432374897,0.0000000000000000000000000000000000000000000000000000000000000000000000000000000280787296644275
"225","Quant.18.0","Quant","1","18","1",0.0653755763426103,0.00000000000000000000000000000000000000000000000000000000000000000000000000000116877037971814
"226","Sigma.18.0","Sigma","2","18","1",3.79993750469773,0.0000000000000000000000000000000996218920784379
"227","Connect.18.0","Connect","3","18","1",0.270125965310968,0.0000028707770851288
"228","Tau1.18.0","Tau1","4","18","1",1559.78519725837,0.00000000000000115061473141373
"229","Tau2.18.0","Tau2","5","18","1",11087726.0455108,0.000743809601719309
"230","NPQ.18.0","NPQ","6","18","1",0.228518783699395,0.000000000000000000000000000000000000000000000000000000000000000000000000000000000000000000000000305459758510798
"231","qP.18.0","qP","7","18","1",0.551917848151023,0.00000000000000000000000000000000000000000000000000000000000000000000000000000233754075943628
"232","ABQ.18.0","ABQ","8","18","1",0.197639160085795,0.0000000000000000000000000000000996218920784379
"233","qm.18.0","qm","9","18","1",0.79847398865029,0.00000000000000000000000000000000000000000000000000000000000000000000000000000116877037971814
"234","nTau1.18.0","nTau1","10","18","1",2.07172204288768,0.00000000000000115061473141373
"235","nTau2.18.0","nTau2","11","18","1",7.22526903888684,0.000743809601719309
"236","nCon.18.0","nCon","12","18","1",0.980901081063182,0.0000028707770851288
"237","Fm.18.0","Fm","13","18","1",2275.95872062779,0.000000000000000000000000000000000000000000000000000000000000000000000000000000000000000000000000305459758510798
"238","Fo.18.0","Fo","14","18","1",2127.16660753476,0.00000000000000000000000000000000000000000000000000000000000000000000000000000233754075943628
"239","Quant.19.0","Quant","1","19","1",0.0678033093527361,0.000000000000000000000000000000000000000000000000000000000000000000000000000186066718990579
"240","Sigma.19.0","Sigma","2","19","1",3.47104534833442,0.00000000000000000000000000000239379204110018
"241","Connect.19.0","Connect","3","19","1",0.307349152349947,0.000000584988489544908
"242","Tau1.19.0","Tau1","4","19","1",1143.09073181551,0.000000000000000318884765307103
"243","Tau2.19.0","Tau2","5","19","1",10329845.1687403,0.0000276783778329005
"244","NPQ.19.0","NPQ","6","19","1",0.2490835099614,0.00000000000000000000000000000000000000000000000000000000000000000000000000000000000000000000108256438329202
"245","qP.19.0","qP","7","19","1",0.585298873656029,0.000000000000000000000000000000000000000000000000000000000000000000000000000372133437981159
"246","ABQ.19.0","ABQ","8","19","1",0.267085088208197,0.00000000000000000000000000000239379204110018
"247","qm.19.0","qm","9","19","1",0.790990286363848,0.000000000000000000000000000000000000000000000000000000000000000000000000000186066718990579
"248","nTau1.19.0","nTau1","10","19","1",1.51826435478765,0.000000000000000318884765307103
"249","nTau2.19.0","nTau2","11","19","1",6.73139922179203,0.0000276783778329005
"250","nCon.19.0","nCon","12","19","1",1.11606862915549,0.000000584988489544908
"251","Fm.19.0","Fm","13","19","1",2238.48767269539,0.00000000000000000000000000000000000000000000000000000000000000000000000000000000000000000000108256438329202
"252","Fo.19.0","Fo","14","19","1",2086.71080054134,0.000000000000000000000000000000000000000000000000000000000000000000000000000372133437981159
"253","Quant.20.0","Quant","1","20","1",0.070887223490277,0.00000000000000000000000000000000000000000000000000000000000000000000000000000153496654144864
"254","Sigma.20.0","Sigma","2","20","1",3.19026708828919,0.0000000000000000000000000000000279582403808976
"255","Connect.20.0","Connect","3","20","1",0.542111017243999,0.0000000000000000418933425954317
"256","Tau1.20.0","Tau1","4","20","1",1328.27441697203,0.00000000000623376412880955
"257","Tau2.20.0","Tau2","5","20","1",8666187.49891913,0.000400690572160907
"258","NPQ.20.0","NPQ","6","20","1",0.267995858563161,0.0000000000000000000000000000000000000000000000000000000000000000000000000000000000000000000467610661402211
"259","qP.20.0","qP","7","20","1",0.616590800929204,0.00000000000000000000000000000000000000000000000000000000000000000000000000000306993308289723
"260","ABQ.20.0","ABQ","8","20","1",0.32637171602274,0.0000000000000000000000000000000279582403808976
"261","qm.20.0","qm","9","20","1",0.781483847564339,0.00000000000000000000000000000000000000000000000000000000000000000000000000000153496654144864
"262","nTau1.20.0","nTau1","10","20","1",1.76422714709795,0.00000000000623376412880955
"263","nTau2.20.0","nTau2","11","20","1",5.64728384919651,0.000400690572160907
"264","nCon.20.0","nCon","12","20","1",1.96855301288324,0.0000000000000000418933425954317
"265","Fm.20.0","Fm","13","20","1",2205.1002929805,0.0000000000000000000000000000000000000000000000000000000000000000000000000000000000000000000467610661402211
"266","Fo.20.0","Fo","14","20","1",2048.78685569352,0.00000000000000000000000000000000000000000000000000000000000000000000000000000306993308289723
"267","Quant.21.0","Quant","1","21","1",0.0688197163879121,0.0000000000000000000000000000000000000000000000000000000000000000000000000000869982913957565
"268","Sigma.21.0","Sigma","2","21","1",3.87818724845153,0.0000000000000000000000000000049640778791522
"269","Connect.21.0","Connect","3","21","1",0.108272862591709,0.0928858175663149
"270","Tau1.21.0","Tau1","4","21","1",1241.75169796189,0.000000000000000336400662627506
"271","Tau2.21.0","Tau2","5","21","1",8278427.05538672,0.0000816081626997622
"272","NPQ.21.0","NPQ","6","21","1",0.302968160042574,0.00000000000000000000000000000000000000000000000000000000000000000000000000000000000000000000000466478826379009
"273","qP.21.0","qP","7","21","1",0.658303870528643,0.000000000000000000000000000000000000000000000000000000000000000000000000000173996582791513
"274","ABQ.21.0","ABQ","8","21","1",0.181116643585522,0.0000000000000000000000000000049640778791522
"275","qm.21.0","qm","9","21","1",0.787857121546556,0.0000000000000000000000000000000000000000000000000000000000000000000000000000869982913957565
"276","nTau1.21.0","nTau1","10","21","1",1.64930682056905,0.000000000000000336400662627506
"277","nTau2.21.0","nTau2","11","21","1",5.39460142219029,0.0000816081626997622
"278","nCon.21.0","nCon","12","21","1",0.393168305178474,0.0928858175663149
"279","Fm.21.0","Fm","13","21","1",2145.91432466341,0.00000000000000000000000000000000000000000000000000000000000000000000000000000000000000000000000466478826379009
"280","Fo.21.0","Fo","14","21","1",1998.23310944732,0.000000000000000000000000000000000000000000000000000000000000000000000000000173996582791513
"281","Quant.22.0","Quant","1","22","1",0.0728471202153707,0.000000000000000000000000000000000000000000000000000000000000000000000000000000000000311475196710123
"282","Sigma.22.0","Sigma","2","22","1",3.65247696187271,0.00000000000000000000000000000000000000247626829654808
"283","Connect.22.0","Connect","3","22","1",0.305953045129608,0.00000000000444290056747665
"284","Tau1.22.0","Tau1","4","22","1",1087.98011910307,0.0000000000000000389003442276276
"285","Tau2.22.0","Tau2","5","22","1",7503443.7116639,0.00000931599320789919
"286","NPQ.22.0","NPQ","6","22","1",0.325462260019543,0.00000000000000000000000000000000000000000000000000000000000000000000000000000000000000000000000000000159077083079661
"287","qP.22.0","qP","7","22","1",0.693295139687119,0.000000000000000000000000000000000000000000000000000000000000000000000000000000000000622950393420246
"288","ABQ.22.0","ABQ","8","22","1",0.228775610316626,0.00000000000000000000000000000000000000247626829654808
"289","qm.22.0","qm","9","22","1",0.775442292112567,0.000000000000000000000000000000000000000000000000000000000000000000000000000000000000311475196710123
"290","nTau1.22.0","nTau1","10","22","1",1.44506589684992,0.0000000000000000389003442276276
"291","nTau2.22.0","nTau2","11","22","1",4.8895868559871,0.00000931599320789919
"292","nCon.22.0","nCon","12","22","1",1.11099898292532,0.00000000000444290056747665
"293","Fm.22.0","Fm","13","22","1",2109.49653079859,0.00000000000000000000000000000000000000000000000000000000000000000000000000000000000000000000000000000159077083079661
"294","Fo.22.0","Fo","14","22","1",1955.8257834256,0.000000000000000000000000000000000000000000000000000000000000000000000000000000000000622950393420246
"295","Quant.23.0","Quant","1","23","1",0.218931810473744,0.00000000000000000000000000000000000000000000000000000000000000000000118011711045425
"296","Sigma.23.0","Sigma","2","23","1",4.72793331045876,0.00000000000000000000000000000000000000000000014766688568043
"297","Connect.23.0","Connect","3","23","1",0.22248320645181,0.0000000000198240942350718
"298","Tau1.23.0","Tau1","4","23","1",1047.54085862369,0.00000000000000000164505027107702
"299","Tau2.23.0","Tau2","5","23","1",1782543.69247788,0.0000000000442602236110108
"300","NPQ.23.0","NPQ","6","23","1",0.378629763171859,0.00000000000000000000000000000000000000000000000000000000000000000000000000000000000000000000396057437611667
"301","qP.23.0","qP","7","23","1",1,0.0000000000000000000000000000000000000000000000000000000000000000000023602342209085
"302","ABQ.23.0","ABQ","8","23","1",0.00169186010342137,0.00000000000000000000000000000000000000000000014766688568043
"303","qm.23.0","qm","9","23","1",0.325123280120321,0.00000000000000000000000000000000000000000000000000000000000000000000118011711045425
"304","nTau1.23.0","nTau1","10","23","1",1.39135407327289,0.00000000000000000164505027107702
"305","nTau2.23.0","nTau2","11","23","1",1.16158693846319,0.0000000000442602236110108
"306","nCon.23.0","nCon","12","23","1",0.807897224821587,0.0000000000198240942350718
"307","Fm.23.0","Fm","13","23","1",2028.14280810441,0.00000000000000000000000000000000000000000000000000000000000000000000000000000000000000000000396057437611667
"308","Fo.23.0","Fo","14","23","1",1584.11783122681,0.0000000000000000000000000000000000000000000000000000000000000000000023602342209085
"309","Quant.24.0","Quant","1","24","1",0.22800465493144,0.00000000000000000000000000000000000000000000000000000000000000000064713325339793
"310","Sigma.24.0","Sigma","2","24","1",4.95338660088071,0.00000000000000000000000000000000000000000000237589704267506
"311","Connect.24.0","Connect","3","24","1",0.252423379982286,0.0000000000048118320168054
"312","Tau1.24.0","Tau1","4","24","1",1055.80044275459,0.0000000000000000000439020329738022
"313","Tau2.24.0","Tau2","5","24","1",1838795.86944942,0.000000000140298132375412
"314","NPQ.24.0","NPQ","6","24","1",0.317490946431,0.000000000000000000000000000000000000000000000000000000000000000000000000000000000000000000753710938572295
"315","qP.24.0","qP","7","24","1",0.955231425153317,0.00000000000000000000000000000000000000000000000000000000000000000129426650679586
"316","ABQ.24.0","ABQ","8","24","1",-0.04591284161621,0.00000000000000000000000000000000000000000000237589704267506
"317","qm.24.0","qm","9","24","1",0.297155432531892,0.00000000000000000000000000000000000000000000000000000000000000000064713325339793
"318","nTau1.24.0","nTau1","10","24","1",1.40232453416658,0.0000000000000000000439020329738022
"319","nTau2.24.0","nTau2","11","24","1",1.19824342789792,0.000000000140298132375412
"320","nCon.24.0","nCon","12","24","1",0.916618163771141,0.0000000000048118320168054
"321","Fm.24.0","Fm","13","24","1",2122.25977475597,0.000000000000000000000000000000000000000000000000000000000000000000000000000000000000000000753710938572295
"322","Fo.24.0","Fo","14","24","1",1638.37466713786,0.00000000000000000000000000000000000000000000000000000000000000000129426650679586
"323","Quant.25.0","Quant","1","25","1",0.231816724356954,0.000000000000000000000000000000000000000000000000000000000000000000249934035635862
"324","Sigma.25.0","Sigma","2","25","1",5.16263628879166,0.00000000000000000000000000000000000000000000078413450520231
"325","Connect.25.0","Connect","3","25","1",0.238960778192881,0.00000000000667490771900755
"326","Tau1.25.0","Tau1","4","25","1",1129.005241758,0.000000000000000000492739712153822
"327","Tau2.25.0","Tau2","5","25","1",1649335.08215734,0.0000000000452037624519415
"328","NPQ.25.0","NPQ","6","25","1",0.30363927998008,0.0000000000000000000000000000000000000000000000000000000000000000000000000000000000000000000302650699731422
"329","qP.25.0","qP","7","25","1",0.947613726736278,0.000000000000000000000000000000000000000000000000000000000000000000499868071271725
"330","ABQ.25.0","ABQ","8","25","1",-0.090096135456295,0.00000000000000000000000000000000000000000000078413450520231
"331","qm.25.0","qm","9","25","1",0.285404390486987,0.000000000000000000000000000000000000000000000000000000000000000000249934035635862
"332","nTau1.25.0","nTau1","10","25","1",1.49955586833176,0.000000000000000000492739712153822
"333","nTau2.25.0","nTau2","11","25","1",1.07478211988167,0.0000000000452037624519415
"334","nCon.25.0","nCon","12","25","1",0.867731783544981,0.00000000000667490771900755
"335","Fm.25.0","Fm","13","25","1",2144.80959737452,0.0000000000000000000000000000000000000000000000000000000000000000000000000000000000000000000302650699731422
"336","Fo.25.0","Fo","14","25","1",1647.6068621418,0.000000000000000000000000000000000000000000000000000000000000000000499868071271725
"337","Quant.26.0","Quant","1","26","1",0.235136945113073,0.0000000000000000000000000000000000000000000000000000000000000000017867557076417
"338","Sigma.26.0","Sigma","2","26","1",5.10388000431847,0.000000000000000000000000000000000000000000000704152676057724
"339","Connect.26.0","Connect","3","26","1",0.277446053450192,0.0000000000000755986669085627
"340","Tau1.26.0","Tau1","4","26","1",1170.95681837646,0.0000000000000000006609566106661
"341","Tau2.26.0","Tau2","5","26","1",1646489.15556387,0.000000000209374737304923
"342","NPQ.26.0","NPQ","6","26","1",0.291758623671243,0.000000000000000000000000000000000000000000000000000000000000000000000000000000000000000000753060440281748
"343","qP.26.0","qP","7","26","1",0.941040174510347,0.00000000000000000000000000000000000000000000000000000000000000000357351141528341
"344","ABQ.26.0","ABQ","8","26","1",-0.0776896835865306,0.000000000000000000000000000000000000000000000704152676057724
"345","qm.26.0","qm","9","26","1",0.275169515580881,0.0000000000000000000000000000000000000000000000000000000000000000017867557076417
"346","nTau1.26.0","nTau1","10","26","1",1.55527636508164,0.0000000000000000006609566106661
"347","nTau2.26.0","nTau2","11","26","1",1.07292758404463,0.000000000209374737304923
"348","nCon.26.0","nCon","12","26","1",1.00748231830551,0.0000000000000755986669085627
"349","Fm.26.0","Fm","13","26","1",2164.53599610518,0.000000000000000000000000000000000000000000000000000000000000000000000000000000000000000000753060440281748
"350","Fo.26.0","Fo","14","26","1",1655.57361439372,0.00000000000000000000000000000000000000000000000000000000000000000357351141528341
"351","Quant.27.0","Quant","1","27","1",0.23715645884643,0.00000000000000000000000000000000000000000000000000000000000000000153516226239901
"352","Sigma.27.0","Sigma","2","27","1",5.13224142906757,0.000000000000000000000000000000000000000000000429873886858617
"353","Connect.27.0","Connect","3","27","1",0.278252644950386,0.0000000000000417433388767598
"354","Tau1.27.0","Tau1","4","27","1",1204.76364971317,0.000000000000000000668385664126449
"355","Tau2.27.0","Tau2","5","27","1",1578192.20157598,0.000000000113736135735055
"356","NPQ.27.0","NPQ","6","27","1",0.2847953945104,0.000000000000000000000000000000000000000000000000000000000000000000000000000000000000000000447659252729372
"357","qP.27.0","qP","7","27","1",0.937262973945409,0.00000000000000000000000000000000000000000000000000000000000000000307032452479802
"358","ABQ.27.0","ABQ","8","27","1",-0.0836782285441027,0.000000000000000000000000000000000000000000000429873886858617
"359","qm.27.0","qm","9","27","1",0.268944185414514,0.00000000000000000000000000000000000000000000000000000000000000000153516226239901
"360","nTau1.27.0","nTau1","10","27","1",1.60017893102697,0.000000000000000000668385664126449
"361","nTau2.27.0","nTau2","11","27","1",1.02842216741785,0.000000000113736135735055
"362","nCon.27.0","nCon","12","27","1",1.01041127211269,0.0000000000000417433388767598
"363","Fm.27.0","Fm","13","27","1",2176.2671715376,0.000000000000000000000000000000000000000000000000000000000000000000000000000000000000000000447659252729372
"364","Fo.27.0","Fo","14","27","1",1660.15135563201,0.00000000000000000000000000000000000000000000000000000000000000000307032452479802
"365","Quant.1.1","Quant","1","1","2",0.305805404877075,0.00000000000000000000000000000000000000000000000000000000000000686518761071615
"366","Sigma.1.1","Sigma","2","1","2",4.74278748635014,0.000000000000000000000000000000000000000000000000462460963432651
"367","Connect.1.1","Connect","3","1","2",0.332621575027355,0.000000000000000000270489830782627
"368","Tau1.1.1","Tau1","4","1","2",790.831976177371,0.0000000000000000000000000406336296298088
"369","Tau2.1.1","Tau2","5","1","2",1209724.94054868,0.0000000000000000008690021614839
"370","NPQ.1.1","NPQ","6","1","2",0.661824901377029,0.0000000000000000000000000000000000000000000000000000000000000000000000000000000000000000619259901966501
"371","qP.1.1","qP","7","1","2",1.2981440697037,0.0000000000000000000000000000000000000000000000000000000000000137303752214323
"372","ABQ.1.1","ABQ","8","1","2",0,0.000000000000000000000000000000000000000000000000462460963432651
"373","qm.1.1","qm","9","1","2",0,0.00000000000000000000000000000000000000000000000000000000000000686518761071615
"374","nTau1.1.1","nTau1","10","1","2",1,0.0000000000000000000000000406336296298088
"375","nTau2.1.1","nTau2","11","1","2",1,0.0000000000000000008690021614839
"376","nCon.1.1","nCon","12","1","2",1,0.000000000000000000270489830782627
"377","Fm.1.1","Fm","13","1","2",1965.08303544053,0.0000000000000000000000000000000000000000000000000000000000000000000000000000000000000000619259901966501
"378","Fo.1.1","Fo","14","1","2",1364.15002217057,0.0000000000000000000000000000000000000000000000000000000000000137303752214323
"379","Quant.3.1","Quant","1","3","2",0.0380568681680014,0.000000000000000000000000000000000000000000000000000000000000000000000000000000000209226711897642
"380","Sigma.3.1","Sigma","2","3","2",2.37745113030394,0.0000000000000000000000000000970257823030775
"381","Connect.3.1","Connect","3","3","2",0.527934290001407,0.00000000000000197942499991523
"382","Tau1.3.1","Tau1","4","3","2",2498.80576968182,0.0000000469728985527753
"383","Tau2.3.1","Tau2","5","3","2",4386139.2413238,0.000000000000201656792090762
"384","NPQ.3.1","NPQ","6","3","2",0.0982776814836422,0.000000000000000000000000000000000000000000000000000000000000000000000000000000000000000000000253398215317096
"385","qP.3.1","qP","7","3","2",0.276753080489616,0.00000000000000000000000000000000000000000000000000000000000000000000000000000000041845342379503
"386","ABQ.3.1","ABQ","8","3","2",0.498722821305762,0.0000000000000000000000000000970257823030775
"387","qm.3.1","qm","9","3","2",0.875552009346273,0.000000000000000000000000000000000000000000000000000000000000000000000000000000000209226711897642
"388","nTau1.3.1","nTau1","10","3","2",3.15971767069947,0.0000000469728985527753
"389","nTau2.3.1","nTau2","11","3","2",3.62573267220104,0.000000000000201656792090762
"390","nCon.3.1","nCon","12","3","2",1.58719196118889,0.00000000000000197942499991523
"391","Fm.3.1","Fm","13","3","2",2973.4046103506,0.000000000000000000000000000000000000000000000000000000000000000000000000000000000000000000000253398215317096
"392","Fo.3.1","Fo","14","3","2",2860.24614308436,0.00000000000000000000000000000000000000000000000000000000000000000000000000000000041845342379503
"393","Quant.4.1","Quant","1","4","2",0.0416669413783242,0.0000000000000000000000000000000000000000000000000000000000000000000000000000000323069622520136
"394","Sigma.4.1","Sigma","2","4","2",2.63193117747086,0.000000000000000000000000117358435679874
"395","Connect.4.1","Connect","3","4","2",0.401510597847772,0.000000137127174809066
"396","Tau1.4.1","Tau1","4","4","2",2107.72277584507,0.000000000132374056040647
"397","Tau2.4.1","Tau2","5","4","2",4397876.93591275,0.000000000000210258847846443
"398","NPQ.4.1","NPQ","6","4","2",0.130945948586302,0.000000000000000000000000000000000000000000000000000000000000000000000000000000000000000000000595723675085596
"399","qP.4.1","qP","7","4","2",0.340275020326566,0.0000000000000000000000000000000000000000000000000000000000000000000000000000000646139245040266
"400","ABQ.4.1","ABQ","8","4","2",0.445066601646052,0.000000000000000000000000117358435679874
"401","qm.4.1","qm","9","4","2",0.863746877217317,0.0000000000000000000000000000000000000000000000000000000000000000000000000000000323069622520136
"402","nTau1.4.1","nTau1","10","4","2",2.66519670339221,0.000000000132374056040647
"403","nTau2.4.1","nTau2","11","4","2",3.63543545189543,0.000000000000210258847846443
"404","nCon.4.1","nCon","12","4","2",1.20710930376285,0.000000137127174809066
"405","Fm.4.1","Fm","13","4","2",2887.51546937385,0.000000000000000000000000000000000000000000000000000000000000000000000000000000000000000000000595723675085596
"406","Fo.4.1","Fo","14","4","2",2767.20153158244,0.0000000000000000000000000000000000000000000000000000000000000000000000000000000646139245040266
"407","Quant.5.1","Quant","1","5","2",0.0396696547440324,0.00000000000000000000000000000000000000000000000000000000000000000000000000000022328114754333
"408","Sigma.5.1","Sigma","2","5","2",2.46803243688306,0.000000000000000000000000176539367578996
"409","Connect.5.1","Connect","3","5","2",0.577168294907796,0.00000000000000451364030952022
"410","Tau1.5.1","Tau1","4","5","2",1231.61066992118,0.0000000000722737434310486
"411","Tau2.5.1","Tau2","5","5","2",6019116.78936392,0.000000000345822401978136
"412","NPQ.5.1","NPQ","6","5","2",0.17970174103717,0.00000000000000000000000000000000000000000000000000000000000000000000000000000000000000000000527517844375578
"413","qP.5.1","qP","7","5","2",0.41457821003832,0.000000000000000000000000000000000000000000000000000000000000000000000000000000446562295086654
"414","ABQ.5.1","ABQ","8","5","2",0.479624072555197,0.000000000000000000000000176539367578996
"415","qm.5.1","qm","9","5","2",0.870278111140716,0.00000000000000000000000000000000000000000000000000000000000000000000000000000022328114754333
"416","nTau1.5.1","nTau1","10","5","2",1.55736073783257,0.0000000000722737434310486
"417","nTau2.5.1","nTau2","11","5","2",4.97560774983602,0.000000000345822401978136
"418","nCon.5.1","nCon","12","5","2",1.73521003518887,0.00000000000000451364030952022
"419","Fm.5.1","Fm","13","5","2",2768.17758927571,0.00000000000000000000000000000000000000000000000000000000000000000000000000000000000000000000527517844375578
"420","Fo.5.1","Fo","14","5","2",2658.36494003897,0.000000000000000000000000000000000000000000000000000000000000000000000000000000446562295086654
"421","Quant.6.1","Quant","1","6","2",0.0424255802545584,0.000000000000000000000000000000000000000000000000000000000000000000000000000000019737308641621
"422","Sigma.6.1","Sigma","2","6","2",2.77932748434514,0.0000000000000000000000000118992068431385
"423","Connect.6.1","Connect","3","6","2",0.619307991312138,0.0000000000000000353394655630018
"424","Tau1.6.1","Tau1","4","6","2",1330.6668900344,0.00000000000179367115248828
"425","Tau2.6.1","Tau2","5","6","2",7521195.08011212,0.000000228746506053048
"426","NPQ.6.1","NPQ","6","6","2",0.216962926667391,0.000000000000000000000000000000000000000000000000000000000000000000000000000000000000000000000176291431596477
"427","qP.6.1","qP","7","6","2",0.47519523278636,0.0000000000000000000000000000000000000000000000000000000000000000000000000000000394746172832418
"428","ABQ.6.1","ABQ","8","6","2",0.413988610633702,0.0000000000000000000000000118992068431385
"429","qm.6.1","qm","9","6","2",0.861266087590531,0.000000000000000000000000000000000000000000000000000000000000000000000000000000019737308641621
"430","nTau1.6.1","nTau1","10","6","2",1.68261644713258,0.00000000000179367115248828
"431","nTau2.6.1","nTau2","11","6","2",6.2172770255533,0.000000228746506053048
"432","nCon.6.1","nCon","12","6","2",1.86189964154071,0.0000000000000000353394655630018
"433","Fm.6.1","Fm","13","6","2",2683.4210393832,0.000000000000000000000000000000000000000000000000000000000000000000000000000000000000000000000176291431596477
"434","Fo.6.1","Fo","14","6","2",2569.57534472007,0.0000000000000000000000000000000000000000000000000000000000000000000000000000000394746172832418
"435","Quant.7.1","Quant","1","7","2",0.047611768250544,0.00000000000000000000000000000000000000000000000000000000000000000000000000000151079421269955
"436","Sigma.7.1","Sigma","2","7","2",3.48793230398877,0.0000000000000000000000000024264133501769
"437","Connect.7.1","Connect","3","7","2",0.359892787510818,0.000000142711211480453
"438","Tau1.7.1","Tau1","4","7","2",1072.82327788288,0.000000000000303483397616417
"439","Tau2.7.1","Tau2","5","7","2",7362704.68573927,0.0000016408539038225
"440","NPQ.7.1","NPQ","6","7","2",0.249156325756818,0.000000000000000000000000000000000000000000000000000000000000000000000000000000000000000000000000101812853099817
"441","qP.7.1","qP","7","7","2",0.529662358245447,0.0000000000000000000000000000000000000000000000000000000000000000000000000000030215884253991
"442","ABQ.7.1","ABQ","8","7","2",0.264581785705743,0.0000000000000000000000000024264133501769
"443","qm.7.1","qm","9","7","2",0.84430697596832,0.00000000000000000000000000000000000000000000000000000000000000000000000000000151079421269955
"444","nTau1.7.1","nTau1","10","7","2",1.35657549289872,0.000000000000303483397616417
"445","nTau2.7.1","nTau2","11","7","2",6.08626344630035,0.0000016408539038225
"446","nCon.7.1","nCon","12","7","2",1.0819887058776,0.000000142711211480453
"447","Fm.7.1","Fm","13","7","2",2614.26360675083,0.000000000000000000000000000000000000000000000000000000000000000000000000000000000000000000000000101812853099817
"448","Fo.7.1","Fo","14","7","2",2489.79389376037,0.0000000000000000000000000000000000000000000000000000000000000000000000000000030215884253991
"449","Quant.8.1","Quant","1","8","2",0.052194561724743,0.0000000000000000000000000000000000000000000000000000000000000000000000000000181998225845408
"450","Sigma.8.1","Sigma","2","8","2",3.52297911406734,0.000000000000000000000000000334575154172916
"451","Connect.8.1","Connect","3","8","2",0.425073119571879,0.000000000145900315090391
"452","Tau1.8.1","Tau1","4","8","2",1091.30873674703,0.0000000000000116184022781983
"453","Tau2.8.1","Tau2","5","8","2",11738293.3353554,0.000336641431614629
"454","NPQ.8.1","NPQ","6","8","2",0.278705546531,0.000000000000000000000000000000000000000000000000000000000000000000000000000000000000000000000000812521856265881
"455","qP.8.1","qP","7","8","2",0.576932566053524,0.0000000000000000000000000000000000000000000000000000000000000000000000000000363996451690816
"456","ABQ.8.1","ABQ","8","8","2",0.257192289511904,0.000000000000000000000000000334575154172916
"457","qm.8.1","qm","9","8","2",0.829320996645812,0.0000000000000000000000000000000000000000000000000000000000000000000000000000181998225845408
"458","nTau1.8.1","nTau1","10","8","2",1.37995019121769,0.0000000000000116184022781983
"459","nTau2.8.1","nTau2","11","8","2",9.70327463863928,0.000336641431614629
"460","nCon.8.1","nCon","12","8","2",1.27794812930256,0.000000000145900315090391
"461","Fm.8.1","Fm","13","8","2",2553.85137761226,0.000000000000000000000000000000000000000000000000000000000000000000000000000000000000000000000000812521856265881
"462","Fo.8.1","Fo","14","8","2",2420.55422424765,0.0000000000000000000000000000000000000000000000000000000000000000000000000000363996451690816
"463","Quant.9.1","Quant","1","9","2",0.0606000570909982,0.0000000000000000000000000000000000000000000000000000000000000000000000000000000000856507685668538
"464","Sigma.9.1","Sigma","2","9","2",3.49017190054299,0.000000000000000000000000000000000379490373533772
"465","Connect.9.1","Connect","3","9","2",0.381819171135996,0.00000000000421285509689132
"466","Tau1.9.1","Tau1","4","9","2",1343.02377711509,0.000000000000044263147498665
"467","Tau2.9.1","Tau2","5","9","2",10444664.7494444,0.000918525352331399
"468","NPQ.9.1","NPQ","6","9","2",0.295047499157653,0.000000000000000000000000000000000000000000000000000000000000000000000000000000000000000000000000000108728870943946
"469","qP.9.1","qP","7","9","2",0.612255683458724,0.000000000000000000000000000000000000000000000000000000000000000000000000000000000171301537133708
"470","ABQ.9.1","ABQ","8","9","2",0.264109574677806,0.000000000000000000000000000000000379490373533772
"471","qm.9.1","qm","9","9","2",0.80183457805346,0.0000000000000000000000000000000000000000000000000000000000000000000000000000000000856507685668538
"472","nTau1.9.1","nTau1","10","9","2",1.69824162094057,0.000000000000044263147498665
"473","nTau2.9.1","nTau2","11","9","2",8.63391701646427,0.000918525352331399
"474","nCon.9.1","nCon","12","9","2",1.14790861387928,0.00000000000421285509689132
"475","Fm.9.1","Fm","13","9","2",2521.62482356262,0.000000000000000000000000000000000000000000000000000000000000000000000000000000000000000000000000000108728870943946
"476","Fo.9.1","Fo","14","9","2",2368.81421529265,0.000000000000000000000000000000000000000000000000000000000000000000000000000000000171301537133708
"477","Quant.10.1","Quant","1","10","2",0.0990438933703074,0.00000000000000000000000000000000000000000000000000000000000000000000000374742965385466
"478","Sigma.10.1","Sigma","2","10","2",3.95314895337999,0.0000000000000000000000000000000179173586049289
"479","Connect.10.1","Connect","3","10","2",0.169848171305579,0.0026143347484641
"480","Tau1.10.1","Tau1","4","10","2",1580.66556730269,0.00000000000000000527233398731236
"481","Tau2.10.1","Tau2","5","10","2",5397181.56114704,0.0000213076481423931
"482","NPQ.10.1","NPQ","6","10","2",0.308896340422318,0.00000000000000000000000000000000000000000000000000000000000000000000000000000000000000000000228732611404788
"483","qP.10.1","qP","7","10","2",0.694848270642095,0.00000000000000000000000000000000000000000000000000000000000000000000000749485930770932
"484","ABQ.10.1","ABQ","8","10","2",0.166492497343124,0.0000000000000000000000000000000179173586049289
"485","qm.10.1","qm","9","10","2",0.676121181016666,0.00000000000000000000000000000000000000000000000000000000000000000000000374742965385466
"486","nTau1.10.1","nTau1","10","10","2",1.99873755098159,0.00000000000000000527233398731236
"487","nTau2.10.1","nTau2","11","10","2",4.46149482435166,0.0000213076481423931
"488","nCon.10.1","nCon","12","10","2",0.510634859724931,0.0026143347484641
"489","Fm.10.1","Fm","13","10","2",2494.94464971532,0.00000000000000000000000000000000000000000000000000000000000000000000000000000000000000000000228732611404788
"490","Fo.10.1","Fo","14","10","2",2247.8356178641,0.00000000000000000000000000000000000000000000000000000000000000000000000749485930770932
"491","Quant.11.1","Quant","1","11","2",0.110566601160276,0.0000000000000000000000000000000000000000000000000000000000000000000000000272297365841604
"492","Sigma.11.1","Sigma","2","11","2",4.3927584033053,0.000000000000000000000000000000000000132439332044583
"493","Connect.11.1","Connect","3","11","2",0.229423516692083,0.000000304369747928536
"494","Tau1.11.1","Tau1","4","11","2",1559.16727476211,0.000000000000000000750080706894122
"495","Tau2.11.1","Tau2","5","11","2",5001139.69035556,0.0000214227137504484
"496","NPQ.11.1","NPQ","6","11","2",0.283628573195284,0.00000000000000000000000000000000000000000000000000000000000000000000000000000000000000000000000046802154041253
"497","qP.11.1","qP","7","11","2",0.684653167316117,0.0000000000000000000000000000000000000000000000000000000000000000000000000544594731683209
"498","ABQ.11.1","ABQ","8","11","2",0.0738023965974098,0.000000000000000000000000000000000000132439332044583
"499","qm.11.1","qm","9","11","2",0.63844131137996,0.0000000000000000000000000000000000000000000000000000000000000000000000000272297365841604
"500","nTau1.11.1","nTau1","10","11","2",1.97155315127573,0.000000000000000000750080706894122
"501","nTau2.11.1","nTau2","11","11","2",4.13411307208998,0.0000214227137504484
"502","nCon.11.1","nCon","12","11","2",0.689743341733665,0.000000304369747928536
"503","Fm.11.1","Fm","13","11","2",2544.05673865583,0.00000000000000000000000000000000000000000000000000000000000000000000000000000000000000000000000046802154041253
"504","Fo.11.1","Fo","14","11","2",2262.76903190376,0.0000000000000000000000000000000000000000000000000000000000000000000000000544594731683209
"505","Quant.12.1","Quant","1","12","2",0.113714314252071,0.000000000000000000000000000000000000000000000000000000000000000000000000000489313740743214
"506","Sigma.12.1","Sigma","2","12","2",4.32857451506087,0.0000000000000000000000000000000000000011976601427745
"507","Connect.12.1","Connect","3","12","2",0.25246950526792,0.00000000148408787928542
"508","Tau1.12.1","Tau1","4","12","2",1523.3766223932,0.00000000000000000112933888383251
"509","Tau2.12.1","Tau2","5","12","2",3845835.2456615,0.000000567157989495634
"510","NPQ.12.1","NPQ","6","12","2",0.272789245639038,0.000000000000000000000000000000000000000000000000000000000000000000000000000000000000000000000000014477416869766
"511","qP.12.1","qP","7","12","2",0.67701095337542,0.000000000000000000000000000000000000000000000000000000000000000000000000000978627481486428
"512","ABQ.12.1","ABQ","8","12","2",0.0873353428719696,0.0000000000000000000000000000000000000011976601427745
"513","qm.12.1","qm","9","12","2",0.628148121522637,0.000000000000000000000000000000000000000000000000000000000000000000000000000489313740743214
"514","nTau1.12.1","nTau1","10","12","2",1.92629618968711,0.00000000000000000112933888383251
"515","nTau2.12.1","nTau2","11","12","2",3.17909891476421,0.000000567157989495634
"516","nCon.12.1","nCon","12","12","2",0.759029251927377,0.00000000148408787928542
"517","Fm.12.1","Fm","13","12","2",2565.7224342189,0.000000000000000000000000000000000000000000000000000000000000000000000000000000000000000000000000014477416869766
"518","Fo.12.1","Fo","14","12","2",2273.96306705054,0.000000000000000000000000000000000000000000000000000000000000000000000000000978627481486428
"519","Quant.13.1","Quant","1","13","2",0.121697340750482,0.0000000000000000000000000000000000000000000000000000000000000000000000262010288487511
"520","Sigma.13.1","Sigma","2","13","2",4.40201161528137,0.00000000000000000000000000000000000162386444912622
"521","Connect.13.1","Connect","3","13","2",0.261272710284739,0.0000000410128770411051
"522","Tau1.13.1","Tau1","4","13","2",1497.35004262023,0.00000000000000000112862675359703
"523","Tau2.13.1","Tau2","5","13","2",3983177.50945666,0.00000341993513631239
"524","NPQ.13.1","NPQ","6","13","2",0.262609119619371,0.000000000000000000000000000000000000000000000000000000000000000000000000000000000000000000000286018149538551
"525","qP.13.1","qP","7","13","2",0.678590003033971,0.0000000000000000000000000000000000000000000000000000000000000000000000524020576975021
"526","ABQ.13.1","ABQ","8","13","2",0.0718513895150334,0.00000000000000000000000000000000000162386444912622
"527","qm.13.1","qm","9","13","2",0.602043198682507,0.0000000000000000000000000000000000000000000000000000000000000000000000262010288487511
"528","nTau1.13.1","nTau1","10","13","2",1.89338581105172,0.00000000000000000112862675359703
"529","nTau2.13.1","nTau2","11","13","2",3.29263072616331,0.00000341993513631239
"530","nCon.13.1","nCon","12","13","2",0.785495379436081,0.0000000410128770411051
"531","Fm.13.1","Fm","13","13","2",2586.40926223714,0.000000000000000000000000000000000000000000000000000000000000000000000000000000000000000000000286018149538551
"532","Fo.13.1","Fo","14","13","2",2271.65013293047,0.0000000000000000000000000000000000000000000000000000000000000000000000524020576975021
"533","Quant.14.1","Quant","1","14","2",0.127015444220978,0.00000000000000000000000000000000000000000000000000000000000000000000011758792059164
"534","Sigma.14.1","Sigma","2","14","2",4.50363036362211,0.00000000000000000000000000000000000120443763991671
"535","Connect.14.1","Connect","3","14","2",0.210874122147107,0.00000642962652793251
"536","Tau1.14.1","Tau1","4","14","2",1484.30819575216,0.0000000000000000000121648035961114
"537","Tau2.14.1","Tau2","5","14","2",3724689.53334848,0.000000324152580043662
"538","NPQ.14.1","NPQ","6","14","2",0.251258107869038,0.00000000000000000000000000000000000000000000000000000000000000000000000000000000000000000000049787031584101
"539","qP.14.1","qP","7","14","2",0.673996695008888,0.00000000000000000000000000000000000000000000000000000000000000000000023517584118328
"540","ABQ.14.1","ABQ","8","14","2",0.0504254351299386,0.00000000000000000000000000000000000120443763991671
"541","qm.14.1","qm","9","14","2",0.584652716416067,0.00000000000000000000000000000000000000000000000000000000000000000000011758792059164
"542","nTau1.14.1","nTau1","10","14","2",1.87689451168481,0.0000000000000000000121648035961114
"543","nTau2.14.1","nTau2","11","14","2",3.07895572662917,0.000000324152580043662
"544","nCon.14.1","nCon","12","14","2",0.633976079662796,0.00000642962652793251
"545","Fm.14.1","Fm","13","14","2",2609.8723365159,0.00000000000000000000000000000000000000000000000000000000000000000000000000000000000000000000049787031584101
"546","Fo.14.1","Fo","14","14","2",2278.37824233329,0.00000000000000000000000000000000000000000000000000000000000000000000023517584118328
"547","Quant.15.1","Quant","1","15","2",0.135137154873017,0.0000000000000000000000000000000000000000000000000000000000000000000000000563927335230006
"548","Sigma.15.1","Sigma","2","15","2",4.69327120001777,0.0000000000000000000000000000000000000000446194669851395
"549","Connect.15.1","Connect","3","15","2",0.239346808617115,0.00000000188970791582921
"550","Tau1.15.1","Tau1","4","15","2",1572.50324978958,0.0000000000000000000645125249581982
"551","Tau2.15.1","Tau2","5","15","2",3475514.49445024,0.000000414345971522348
"552","NPQ.15.1","NPQ","6","15","2",0.243914323396597,0.000000000000000000000000000000000000000000000000000000000000000000000000000000000000000000000000105927727848005
"553","qP.15.1","qP","7","15","2",0.67937008582923,0.000000000000000000000000000000000000000000000000000000000000000000000000112785467046001
"554","ABQ.15.1","ABQ","8","15","2",0.0104403341863573,0.0000000000000000000000000000000000000000446194669851395
"555","qm.15.1","qm","9","15","2",0.558094288989632,0.0000000000000000000000000000000000000000000000000000000000000000000000000563927335230006
"556","nTau1.15.1","nTau1","10","15","2",1.98841637308415,0.0000000000000000000645125249581982
"557","nTau2.15.1","nTau2","11","15","2",2.87297911943016,0.000000414345971522348
"558","nCon.15.1","nCon","12","15","2",0.719576920401003,0.00000000188970791582921
"559","Fm.15.1","Fm","13","15","2",2625.28042337482,0.000000000000000000000000000000000000000000000000000000000000000000000000000000000000000000000000105927727848005
"560","Fo.15.1","Fo","14","15","2",2270.50749621612,0.000000000000000000000000000000000000000000000000000000000000000000000000112785467046001
"561","Quant.16.1","Quant","1","16","2",0.0567601456038529,0.000000000000000000000000000000000000000000000000000000000000000000000000000000000000211721030286806
"562","Sigma.16.1","Sigma","2","16","2",3.27869651333244,0.00000000000000000000000000000000000520092708492718
"563","Connect.16.1","Connect","3","16","2",0.409012547764823,0.00000000000000425801861784795
"564","Tau1.16.1","Tau1","4","16","2",1164.9516276988,0.0000000000000040759549407384
"565","Tau2.16.1","Tau2","5","16","2",6681337.38036328,0.0000000628567989342113
"566","NPQ.16.1","NPQ","6","16","2",0.231064394871746,0.00000000000000000000000000000000000000000000000000000000000000000000000000000000000000000000000000000111768642542209
"567","qP.16.1","qP","7","16","2",0.521249610196066,0.000000000000000000000000000000000000000000000000000000000000000000000000000000000000423442060573612
"568","ABQ.16.1","ABQ","8","16","2",0.308698413587241,0.00000000000000000000000000000000000520092708492718
"569","qm.16.1","qm","9","16","2",0.814391293618016,0.000000000000000000000000000000000000000000000000000000000000000000000000000000000000211721030286806
"570","nTau1.16.1","nTau1","10","16","2",1.47307097182615,0.0000000000000040759549407384
"571","nTau2.16.1","nTau2","11","16","2",5.52302193367439,0.0000000628567989342113
"572","nCon.16.1","nCon","12","16","2",1.2296633125232,0.00000000000000425801861784795
"573","Fm.16.1","Fm","13","16","2",2652.68326756282,0.00000000000000000000000000000000000000000000000000000000000000000000000000000000000000000000000000000111768642542209
"574","Fo.16.1","Fo","14","16","2",2502.11657905505,0.000000000000000000000000000000000000000000000000000000000000000000000000000000000000423442060573612
"575","Quant.17.1","Quant","1","17","2",0.062053285579009,0.000000000000000000000000000000000000000000000000000000000000000000000000000000102418731570971
"576","Sigma.17.1","Sigma","2","17","2",3.40527641892723,0.0000000000000000000000000000000114815365239664
"577","Connect.17.1","Connect","3","17","2",0.37895487586531,0.0000000000190220930609518
"578","Tau1.17.1","Tau1","4","17","2",915.293718902138,0.000000000000129615379856095
"579","Tau2.17.1","Tau2","5","17","2",7032082.64794644,0.0000145477618710963
"580","NPQ.17.1","NPQ","6","17","2",0.270935686088945,0.0000000000000000000000000000000000000000000000000000000000000000000000000000000000000000000000000259549389880577
"581","qP.17.1","qP","7","17","2",0.584123891641808,0.000000000000000000000000000000000000000000000000000000000000000000000000000000204837463141941
"582","ABQ.17.1","ABQ","8","17","2",0.282009487305156,0.0000000000000000000000000000000114815365239664
"583","qm.17.1","qm","9","17","2",0.797082443314066,0.000000000000000000000000000000000000000000000000000000000000000000000000000000102418731570971
"584","nTau1.17.1","nTau1","10","17","2",1.15738076667862,0.000000000000129615379856095
"585","nTau2.17.1","nTau2","11","17","2",5.81295996489665,0.0000145477618710963
"586","nCon.17.1","nCon","12","17","2",1.13929734063145,0.0000000000190220930609518
"587","Fm.17.1","Fm","13","17","2",2569.46433821364,0.0000000000000000000000000000000000000000000000000000000000000000000000000000000000000000000000000259549389880577
"588","Fo.17.1","Fo","14","17","2",2410.02063384939,0.000000000000000000000000000000000000000000000000000000000000000000000000000000204837463141941
"589","Quant.18.1","Quant","1","18","2",0.0619150701312387,0.0000000000000000000000000000000000000000000000000000000000000000000000000000000000197691368362169
"590","Sigma.18.1","Sigma","2","18","2",3.11748495654757,0.0000000000000000000000000000000000189776912404462
"591","Connect.18.1","Connect","3","18","2",0.402433807886251,0.0000000000000374024520754886
"592","Tau1.18.1","Tau1","4","18","2",1179.9283038641,0.000000000000031114900376389
"593","Tau2.18.1","Tau2","5","18","2",11314333.0406295,0.00243577257245504
"594","NPQ.18.1","NPQ","6","18","2",0.290442956257444,0.000000000000000000000000000000000000000000000000000000000000000000000000000000000000000000000000000608105945115925
"595","qP.18.1","qP","7","18","2",0.608757116608694,0.0000000000000000000000000000000000000000000000000000000000000000000000000000000000395382736724339
"596","ABQ.18.1","ABQ","8","18","2",0.342689301276988,0.0000000000000000000000000000000000189776912404462
"597","qm.18.1","qm","9","18","2",0.797534415207191,0.0000000000000000000000000000000000000000000000000000000000000000000000000000000000197691368362169
"598","nTau1.18.1","nTau1","10","18","2",1.49200884563052,0.000000000000031114900376389
"599","nTau2.18.1","nTau2","11","18","2",9.35281456253836,0.00243577257245504
"600","nCon.18.1","nCon","12","18","2",1.20988486045487,0.0000000000000374024520754886
"601","Fm.18.1","Fm","13","18","2",2530.62245466442,0.000000000000000000000000000000000000000000000000000000000000000000000000000000000000000000000000000608105945115925
"602","Fo.18.1","Fo","14","18","2",2373.93878790819,0.0000000000000000000000000000000000000000000000000000000000000000000000000000000000395382736724339
"603","Quant.19.1","Quant","1","19","2",0.0623474436366642,0.0000000000000000000000000000000000000000000000000000000000000000000000000000000122335301386405
"604","Sigma.19.1","Sigma","2","19","2",2.977853244005,0.00000000000000000000000000000000155473735253535
"605","Connect.19.1","Connect","3","19","2",0.492726507598945,0.000000000000000028545501961338
"606","Tau1.19.1","Tau1","4","19","2",970.826771602036,0.000000000000849565045493156
"607","Tau2.19.1","Tau2","5","19","2",6029331.40180236,0.000000203126376387427
"608","NPQ.19.1","NPQ","6","19","2",0.312213709618527,0.00000000000000000000000000000000000000000000000000000000000000000000000000000000000000000000000129054428919861
"609","qP.19.1","qP","7","19","2",0.636380489978925,0.000000000000000000000000000000000000000000000000000000000000000000000000000000024467060277281
"610","ABQ.19.1","ABQ","8","19","2",0.372130154982626,0.00000000000000000000000000000000155473735253535
"611","qm.19.1","qm","9","19","2",0.796120530761299,0.0000000000000000000000000000000000000000000000000000000000000000000000000000000122335301386405
"612","nTau1.19.1","nTau1","10","19","2",1.22760181789146,0.000000000000849565045493156
"613","nTau2.19.1","nTau2","11","19","2",4.98405149774603,0.000000203126376387427
"614","nCon.19.1","nCon","12","19","2",1.48134259648798,0.000000000000000028545501961338
"615","Fm.19.1","Fm","13","19","2",2488.63725293495,0.00000000000000000000000000000000000000000000000000000000000000000000000000000000000000000000000129054428919861
"616","Fo.19.1","Fo","14","19","2",2333.47708207548,0.000000000000000000000000000000000000000000000000000000000000000000000000000000024467060277281
"617","Quant.20.1","Quant","1","20","2",0.063359317912009,0.0000000000000000000000000000000000000000000000000000000000000000000000000000000000561673431420489
"618","Sigma.20.1","Sigma","2","20","2",3.05793325050689,0.00000000000000000000000000000000097748757259846
"619","Connect.20.1","Connect","3","20","2",0.297101119465502,0.0000000862860701259686
"620","Tau1.20.1","Tau1","4","20","2",1109.49289550788,0.000000000000687776178692589
"621","Tau2.20.1","Tau2","5","20","2",5200531.28027555,0.00000017229951400618
"622","NPQ.20.1","NPQ","6","20","2",0.340330990604343,0.0000000000000000000000000000000000000000000000000000000000000000000000000000000000000000000000000217825331832352
"623","qP.20.1","qP","7","20","2",0.671482900949523,0.000000000000000000000000000000000000000000000000000000000000000000000000000000000112334686284098
"624","ABQ.20.1","ABQ","8","20","2",0.35524556828496,0.00000000000000000000000000000000097748757259846
"625","qm.20.1","qm","9","20","2",0.792811647859927,0.0000000000000000000000000000000000000000000000000000000000000000000000000000000000561673431420489
"626","nTau1.20.1","nTau1","10","20","2",1.4029438982359,0.000000000000687776178692589
"627","nTau2.20.1","nTau2","11","20","2",4.29893697811738,0.00000017229951400618
"628","nCon.20.1","nCon","12","20","2",0.893210608605495,0.0000000862860701259686
"629","Fm.20.1","Fm","13","20","2",2436.43095956185,0.0000000000000000000000000000000000000000000000000000000000000000000000000000000000000000000000000217825331832352
"630","Fo.20.1","Fo","14","20","2",2282.06035582431,0.000000000000000000000000000000000000000000000000000000000000000000000000000000000112334686284098
"631","Quant.21.1","Quant","1","21","2",0.0681114071086385,0.000000000000000000000000000000000000000000000000000000000000000000000000000419015269071745
"632","Sigma.21.1","Sigma","2","21","2",3.48348647419924,0.000000000000000000000000000000985813354718317
"633","Connect.21.1","Connect","3","21","2",0.378770523976578,0.000000000554556257031874
"634","Tau1.21.1","Tau1","4","21","2",1183.1226140515,0.0000000000000263248995286531
"635","Tau2.21.1","Tau2","5","21","2",7480061.330737,0.0000712991885128525
"636","NPQ.21.1","NPQ","6","21","2",0.374704566559489,0.0000000000000000000000000000000000000000000000000000000000000000000000000000000000000000000000524997899371615
"637","qP.21.1","qP","7","21","2",0.718145754535479,0.000000000000000000000000000000000000000000000000000000000000000000000000000838030538143491
"638","ABQ.21.1","ABQ","8","21","2",0.265519173223595,0.000000000000000000000000000000985813354718317
"639","qm.21.1","qm","9","21","2",0.77727206248687,0.000000000000000000000000000000000000000000000000000000000000000000000000000419015269071745
"640","nTau1.21.1","nTau1","10","21","2",1.49604802245141,0.0000000000000263248995286531
"641","nTau2.21.1","nTau2","11","21","2",6.18327446183293,0.0000712991885128525
"642","nCon.21.1","nCon","12","21","2",1.13874310151236,0.000000000554556257031874
"643","Fm.21.1","Fm","13","21","2",2375.50961930795,0.0000000000000000000000000000000000000000000000000000000000000000000000000000000000000000000000524997899371615
"644","Fo.21.1","Fo","14","21","2",2213.71031653678,0.000000000000000000000000000000000000000000000000000000000000000000000000000838030538143491
"645","Quant.22.1","Quant","1","22","2",0.0690827691898304,0.0000000000000000000000000000000000000000000000000000000000000000000000000000000193274739723945
"646","Sigma.22.1","Sigma","2","22","2",3.44254167808772,0.0000000000000000000000000000000000549119723289787
"647","Connect.22.1","Connect","3","22","2",0.330719815834351,0.0000000000958963402944827
"648","Tau1.22.1","Tau1","4","22","2",1112.06289105255,0.00000000000000264132614095109
"649","Tau2.22.1","Tau2","5","22","2",7856908.51334736,0.0000364853785213074
"650","NPQ.22.1","NPQ","6","22","2",0.398999970731001,0.00000000000000000000000000000000000000000000000000000000000000000000000000000000000000000000000000276500537574965
"651","qP.22.1","qP","7","22","2",0.745939518381213,0.000000000000000000000000000000000000000000000000000000000000000000000000000000038654947944789
"652","ABQ.22.1","ABQ","8","22","2",0.274152238953266,0.0000000000000000000000000000000000549119723289787
"653","qm.22.1","qm","9","22","2",0.774095656623205,0.0000000000000000000000000000000000000000000000000000000000000000000000000000000193274739723945
"654","nTau1.22.1","nTau1","10","22","2",1.40619363474388,0.00000000000000264132614095109
"655","nTau2.22.1","nTau2","11","22","2",6.49478922851984,0.0000364853785213074
"656","nCon.22.1","nCon","12","22","2",0.994282514016573,0.0000000000958963402944827
"657","Fm.22.1","Fm","13","22","2",2334.25588984272,0.00000000000000000000000000000000000000000000000000000000000000000000000000000000000000000000000000276500537574965
"658","Fo.22.1","Fo","14","22","2",2172.99902897471,0.000000000000000000000000000000000000000000000000000000000000000000000000000000038654947944789
"659","Quant.23.1","Quant","1","23","2",0.202429386330509,0.00000000000000000000000000000000000000000000000000000000000000000133362489189017
"660","Sigma.23.1","Sigma","2","23","2",4.76487838753826,0.00000000000000000000000000000000000000000121459539170162
"661","Connect.23.1","Connect","3","23","2",0.251230563588707,0.000000000196650808157867
"662","Tau1.23.1","Tau1","4","23","2",1270.48769582592,0.0000000000000000000254939376319592
"663","Tau2.23.1","Tau2","5","23","2",1798061.47856011,0.00000000000315572946380433
"664","NPQ.23.1","NPQ","6","23","2",0.446289493063144,0.000000000000000000000000000000000000000000000000000000000000000000000000000000000000000000260141321374042
"665","qP.23.1","qP","7","23","2",1,0.00000000000000000000000000000000000000000000000000000000000000000266724978378035
"666","ABQ.23.1","ABQ","8","23","2",-0.00465778853716237,0.00000000000000000000000000000000000000000121459539170162
"667","qm.23.1","qm","9","23","2",0.338045099589132,0.00000000000000000000000000000000000000000000000000000000000000000133362489189017
"668","nTau1.23.1","nTau1","10","23","2",1.60652039130619,0.0000000000000000000254939376319592
"669","nTau2.23.1","nTau2","11","23","2",1.48633909932004,0.00000000000315572946380433
"670","nCon.23.1","nCon","12","23","2",0.755304473463713,0.000000000196650808157867
"671","Fm.23.1","Fm","13","23","2",2257.93241064917,0.000000000000000000000000000000000000000000000000000000000000000000000000000000000000000000260141321374042
"672","Fo.23.1","Fo","14","23","2",1800.86053838569,0.00000000000000000000000000000000000000000000000000000000000000000266724978378035
"673","Quant.24.1","Quant","1","24","2",0.215494494252521,0.000000000000000000000000000000000000000000000000000000000000000000922325464697355
"674","Sigma.24.1","Sigma","2","24","2",4.93750807673587,0.0000000000000000000000000000000000000000000259556290075915
"675","Connect.24.1","Connect","3","24","2",0.257562709436741,0.0000000000109750254536076
"676","Tau1.24.1","Tau1","4","24","2",1253.38401197776,0.000000000000000000335831284281644
"677","Tau2.24.1","Tau2","5","24","2",1822865.50348523,0.000000000569144819486996
"678","NPQ.24.1","NPQ","6","24","2",0.376644670549647,0.000000000000000000000000000000000000000000000000000000000000000000000000000000000000000000063298930976118
"679","qP.24.1","qP","7","24","2",0.958960288454629,0.00000000000000000000000000000000000000000000000000000000000000000184465092939471
"680","ABQ.24.1","ABQ","8","24","2",-0.0410561491414361,0.0000000000000000000000000000000000000000000259556290075915
"681","qm.24.1","qm","9","24","2",0.295321499176432,0.000000000000000000000000000000000000000000000000000000000000000000922325464697355
"682","nTau1.24.1","nTau1","10","24","2",1.58489293520505,0.000000000000000000335831284281644
"683","nTau2.24.1","nTau2","11","24","2",1.50684295444753,0.000000000569144819486996
"684","nCon.24.1","nCon","12","24","2",0.774341560422107,0.0000000000109750254536076
"685","Fm.24.1","Fm","13","24","2",2372.16181592072,0.000000000000000000000000000000000000000000000000000000000000000000000000000000000000000000063298930976118
"686","Fo.24.1","Fo","14","24","2",1860.97400511374,0.00000000000000000000000000000000000000000000000000000000000000000184465092939471
"687","Quant.25.1","Quant","1","25","2",0.221193761073215,0.000000000000000000000000000000000000000000000000000000000000000207915731540337
"688","Sigma.25.1","Sigma","2","25","2",4.88424048178041,0.00000000000000000000000000000000000000000135601735013348
"689","Connect.25.1","Connect","3","25","2",0.279847925219034,0.00000000000491698042708171
"690","Tau1.25.1","Tau1","4","25","2",1371.00156240008,0.00000000000000000000809393637358644
"691","Tau2.25.1","Tau2","5","25","2",1632292.7849714,0.00000000000526136894764949
"692","NPQ.25.1","NPQ","6","25","2",0.359327044233128,0.00000000000000000000000000000000000000000000000000000000000000000000000000000000000000000636431558965358
"693","qP.25.1","qP","7","25","2",0.952121836461108,0.000000000000000000000000000000000000000000000000000000000000000415831463080675
"694","ABQ.25.1","ABQ","8","25","2",-0.0298248647735901,0.00000000000000000000000000000000000000000135601735013348
"695","qm.25.1","qm","9","25","2",0.276684592405654,0.000000000000000000000000000000000000000000000000000000000000000207915731540337
"696","nTau1.25.1","nTau1","10","25","2",1.73361928159135,0.00000000000000000000809393637358644
"697","nTau2.25.1","nTau2","11","25","2",1.34930902906827,0.00000000000526136894764949
"698","nCon.25.1","nCon","12","25","2",0.841340268429727,0.00000000000491698042708171
"699","Fm.25.1","Fm","13","25","2",2402.38280803936,0.00000000000000000000000000000000000000000000000000000000000000000000000000000000000000000636431558965358
"700","Fo.25.1","Fo","14","25","2",1870.9907191915,0.000000000000000000000000000000000000000000000000000000000000000415831463080675
"701","Quant.26.1","Quant","1","26","2",0.222994820064343,0.0000000000000000000000000000000000000000000000000000000000000115292625172237
"702","Sigma.26.1","Sigma","2","26","2",5.01046220784697,0.0000000000000000000000000000000000000000243850797272269
"703","Connect.26.1","Connect","3","26","2",0.274887191815066,0.000000000100333080500826
"704","Tau1.26.1","Tau1","4","26","2",1379.38914167423,0.000000000000000000139001436418705
"705","Tau2.26.1","Tau2","5","26","2",1679547.89743691,0.000000000246636436073758
"706","NPQ.26.1","NPQ","6","26","2",0.349953057443098,0.000000000000000000000000000000000000000000000000000000000000000000000000000000000000000170390913702337
"707","qP.26.1","qP","7","26","2",0.946226576971505,0.0000000000000000000000000000000000000000000000000000000000000230585250344473
"708","ABQ.26.1","ABQ","8","26","2",-0.0564382701664801,0.0000000000000000000000000000000000000000243850797272269
"709","qm.26.1","qm","9","26","2",0.270795033351419,0.0000000000000000000000000000000000000000000000000000000000000115292625172237
"710","nTau1.26.1","nTau1","10","26","2",1.74422530098208,0.000000000000000000139001436418705
"711","nTau2.26.1","nTau2","11","26","2",1.388371720827,0.000000000246636436073758
"712","nCon.26.1","nCon","12","26","2",0.826426222629903,0.000000000100333080500826
"713","Fm.26.1","Fm","13","26","2",2419.06479900415,0.000000000000000000000000000000000000000000000000000000000000000000000000000000000000000170390913702337
"714","Fo.26.1","Fo","14","26","2",1879.62587942623,0.0000000000000000000000000000000000000000000000000000000000000230585250344473
"715","Quant.27.1","Quant","1","27","2",0.227262265759767,0.0000000000000000000000000000000000000000000000000000000000000000709198760311174
"716","Sigma.27.1","Sigma","2","27","2",5.10875423782088,0.0000000000000000000000000000000000000000000670168858990372
"717","Connect.27.1","Connect","3","27","2",0.266792551000705,0.00000000000834864943693144
"718","Tau1.27.1","Tau1","4","27","2",1444.75766620475,0.0000000000000000000212470664990146
"719","Tau2.27.1","Tau2","5","27","2",1549204.8849605,0.0000000000162332584759252
"720","NPQ.27.1","NPQ","6","27","2",0.342353960093119,0.00000000000000000000000000000000000000000000000000000000000000000000000000000000000000000110553470390722
"721","qP.27.1","qP","7","27","2",0.946049798502925,0.000000000000000000000000000000000000000000000000000000000000000141839752062235
"722","ABQ.27.1","ABQ","8","27","2",-0.0771627977268632,0.0000000000000000000000000000000000000000000670168858990372
"723","qm.27.1","qm","9","27","2",0.256840258100999,0.0000000000000000000000000000000000000000000000000000000000000000709198760311174
"724","nTau1.27.1","nTau1","10","27","2",1.82688321884535,0.0000000000000000000212470664990146
"725","nTau2.27.1","nTau2","11","27","2",1.28062572989348,0.0000000000162332584759252
"726","nCon.27.1","nCon","12","27","2",0.802090336379304,0.00000000000834864943693144
"727","Fm.27.1","Fm","13","27","2",2432.75918174525,0.00000000000000000000000000000000000000000000000000000000000000000000000000000000000000000110553470390722
"728","Fo.27.1","Fo","14","27","2",1879.88481805395,0.000000000000000000000000000000000000000000000000000000000000000141839752062235
"729","Quant.1.2","Quant","1","1","3",0.303164067710549,0.000000000000000000000000000000000000000000000000000000000000000000000000194427775835734
"730","Sigma.1.2","Sigma","2","1","3",4.19620740238574,0.0000000000000000000000000000000000000000000000000000000195419069044269
"731","Connect.1.2","Connect","3","1","3",0.33337132689557,0.0000000000000000000000344765098536431
"732","Tau1.1.2","Tau1","4","1","3",688.347301065985,0.0000000000000000000000000189331979550982
"733","Tau2.1.2","Tau2","5","1","3",1558043.38663317,0.0000000000000000305978637775167
"734","NPQ.1.2","NPQ","6","1","3",0.673473317742032,0.000000000000000000000000000000000000000000000000000000000000000000000000000000000000000000000000000000322350828354253
"735","qP.1.2","qP","7","1","3",1.29125449843555,0.000000000000000000000000000000000000000000000000000000000000000000000000388855551671469
"736","ABQ.1.2","ABQ","8","1","3",0,0.0000000000000000000000000000000000000000000000000000000195419069044269
"737","qm.1.2","qm","9","1","3",0,0.000000000000000000000000000000000000000000000000000000000000000000000000194427775835734
"738","nTau1.1.2","nTau1","10","1","3",1,0.0000000000000000000000000189331979550982
"739","nTau2.1.2","nTau2","11","1","3",1,0.0000000000000000305978637775167
"740","nCon.1.2","nCon","12","1","3",1,0.0000000000000000000000344765098536431
"741","Fm.1.2","Fm","13","1","3",1600.95243113018,0.000000000000000000000000000000000000000000000000000000000000000000000000000000000000000000000000000000322350828354253
"742","Fo.1.2","Fo","14","1","3",1115.60117989766,0.000000000000000000000000000000000000000000000000000000000000000000000000388855551671469
"743","Quant.3.2","Quant","1","3","3",0.0375651707704432,0.0000000000000000000000000000000000000000000000000000000000000000000000000000000000000000000000171703007003158
"744","Sigma.3.2","Sigma","2","3","3",2.52074766427229,0.0000000000000000000000000000000770143846265153
"745","Connect.3.2","Connect","3","3","3",0.548518672455541,0.0000000000000000459542367925899
"746","Tau1.3.2","Tau1","4","3","3",1601.6632522318,0.0000000559555643733277
"747","Tau2.3.2","Tau2","5","3","3",4488846.71692754,0.0000000000000180905809799837
"748","NPQ.3.2","NPQ","6","3","3",0.0932003099731783,0.0000000000000000000000000000000000000000000000000000000000000000000000000000000000000000000000000000000000000186695296291076
"749","qP.3.2","qP","7","3","3",0.264661435303413,0.0000000000000000000000000000000000000000000000000000000000000000000000000000000000000000000000343406014006315
"750","ABQ.3.2","ABQ","8","3","3",0.399279534457918,0.0000000000000000000000000000000770143846265153
"751","qm.3.2","qm","9","3","3",0.87608963339841,0.0000000000000000000000000000000000000000000000000000000000000000000000000000000000000000000000171703007003158
"752","nTau1.3.2","nTau1","10","3","3",2.32682433671409,0.0000000559555643733277
"753","nTau2.3.2","nTau2","11","3","3",2.88107940731204,0.0000000000000180905809799837
"754","nCon.3.2","nCon","12","3","3",1.64536847713771,0.0000000000000000459542367925899
"755","Fm.3.2","Fm","13","3","3",2450.74132528953,0.0000000000000000000000000000000000000000000000000000000000000000000000000000000000000000000000000000000000000186695296291076
"756","Fo.3.2","Fo","14","3","3",2358.67880889084,0.0000000000000000000000000000000000000000000000000000000000000000000000000000000000000000000000343406014006315
"757","Quant.4.2","Quant","1","4","3",0.044189563772235,0.000000000000000000000000000000000000000000000000000000000000000000000000000000000000000000032834719411913
"758","Sigma.4.2","Sigma","2","4","3",2.84912940996702,0.000000000000000000000000000134751322893169
"759","Connect.4.2","Connect","3","4","3",0.520506884011116,0.0000000000100327165964154
"760","Tau1.4.2","Tau1","4","4","3",2994.02398349604,0.00000000339472257365241
"761","Tau2.4.2","Tau2","5","4","3",6625892.07879953,0.000001083305733371
"762","NPQ.4.2","NPQ","6","4","3",0.127854874022707,0.00000000000000000000000000000000000000000000000000000000000000000000000000000000000000000000000000000000000542616125935366
"763","qP.4.2","qP","7","4","3",0.337508496678931,0.0000000000000000000000000000000000000000000000000000000000000000000000000000000000000000000656694388238259
"764","ABQ.4.2","ABQ","8","4","3",0.321022738688476,0.000000000000000000000000000134751322893169
"765","qm.4.2","qm","9","4","3",0.854238781970607,0.000000000000000000000000000000000000000000000000000000000000000000000000000000000000000000032834719411913
"766","nTau1.4.2","nTau1","10","4","3",4.34958338452035,0.00000000339472257365241
"767","nTau2.4.2","nTau2","11","4","3",4.2527006215903,0.000001083305733371
"768","nCon.4.2","nCon","12","4","3",1.56134268912145,0.0000000000100327165964154
"769","Fm.4.2","Fm","13","4","3",2375.43964048751,0.00000000000000000000000000000000000000000000000000000000000000000000000000000000000000000000000000000000000542616125935366
"770","Fo.4.2","Fo","14","4","3",2270.46999900709,0.0000000000000000000000000000000000000000000000000000000000000000000000000000000000000000000656694388238259
"771","Quant.5.2","Quant","1","5","3",0.0485729797374614,0.000000000000000000000000000000000000000000000000000000000000000000000000000000000000000000000000480471651218772
"772","Sigma.5.2","Sigma","2","5","3",2.870390425125,0.0000000000000000000000000000000000140364176385516
"773","Connect.5.2","Connect","3","5","3",0.342787797398668,0.00000000203640113685468
"774","Tau1.5.2","Tau1","4","5","3",1147.38625880961,0.00000000247292699029199
"775","Tau2.5.2","Tau2","5","5","3",8642970.6506251,0.00000345646105220219
"776","NPQ.5.2","NPQ","6","5","3",0.162371926370401,0.000000000000000000000000000000000000000000000000000000000000000000000000000000000000000000000000000000000000000000473779018018164
"777","qP.5.2","qP","7","5","3",0.401532982811377,0.000000000000000000000000000000000000000000000000000000000000000000000000000000000000000000000000960943302437545
"778","ABQ.5.2","ABQ","8","5","3",0.315956016975461,0.0000000000000000000000000000000000140364176385516
"779","qm.5.2","qm","9","5","3",0.839779891778476,0.000000000000000000000000000000000000000000000000000000000000000000000000000000000000000000000000480471651218772
"780","nTau1.5.2","nTau1","10","5","3",1.66687115215349,0.00000000247292699029199
"781","nTau2.5.2","nTau2","11","5","3",5.5473234730016,0.00000345646105220219
"782","nCon.5.2","nCon","12","5","3",1.02824619198893,0.00000000203640113685468
"783","Fm.5.2","Fm","13","5","3",2304.90010614455,0.000000000000000000000000000000000000000000000000000000000000000000000000000000000000000000000000000000000000000000473779018018164
"784","Fo.5.2","Fo","14","5","3",2192.94423999192,0.000000000000000000000000000000000000000000000000000000000000000000000000000000000000000000000000960943302437545
"785","Quant.6.2","Quant","1","6","3",0.0484029837804101,0.0000000000000000000000000000000000000000000000000000000000000000000000000000000000000000000265325869150021
"786","Sigma.6.2","Sigma","2","6","3",3.04151510110903,0.00000000000000000000000000000758942151643566
"787","Connect.6.2","Connect","3","6","3",0.453984267231981,0.000000000881410934133531
"788","Tau1.6.2","Tau1","4","6","3",1267.57173247904,0.000000000000983362829284356
"789","Tau2.6.2","Tau2","5","6","3",12617229.100214,0.000771081530137809
"790","NPQ.6.2","NPQ","6","6","3",0.208623402535332,0.000000000000000000000000000000000000000000000000000000000000000000000000000000000000000000000000000000000000309836035181108
"791","qP.6.2","qP","7","6","3",0.47052641114346,0.0000000000000000000000000000000000000000000000000000000000000000000000000000000000000000000530651738300041
"792","ABQ.6.2","ABQ","8","6","3",0.275175221467895,0.00000000000000000000000000000758942151643566
"793","qm.6.2","qm","9","6","3",0.840340630913345,0.0000000000000000000000000000000000000000000000000000000000000000000000000000000000000000000265325869150021
"794","nTau1.6.2","nTau1","10","6","3",1.84147120285945,0.000000000000983362829284356
"795","nTau2.6.2","nTau2","11","6","3",8.09812435806365,0.000771081530137809
"796","nCon.6.2","nCon","12","6","3",1.36179758307227,0.000000000881410934133531
"797","Fm.6.2","Fm","13","6","3",2216.69642574397,0.000000000000000000000000000000000000000000000000000000000000000000000000000000000000000000000000000000000000309836035181108
"798","Fo.6.2","Fo","14","6","3",2109.40170460259,0.0000000000000000000000000000000000000000000000000000000000000000000000000000000000000000000530651738300041
"799","Quant.7.2","Quant","1","7","3",0.0512814602595785,0.000000000000000000000000000000000000000000000000000000000000000000000000000000000000000000275551146473247
"800","Sigma.7.2","Sigma","2","7","3",3.2780324547445,0.000000000000000000000000000000853916905151545
"801","Connect.7.2","Connect","3","7","3",0.572744397803379,0.0000000000000015862179602606
"802","Tau1.7.2","Tau1","4","7","3",1507.69021730613,0.0000000000314311583343287
"803","Tau2.7.2","Tau2","5","7","3",8642575.64096798,0.000161014947884557
"804","NPQ.7.2","NPQ","6","7","3",0.242389056876509,0.000000000000000000000000000000000000000000000000000000000000000000000000000000000000000000000000000000000000355117290687629
"805","qP.7.2","qP","7","7","3",0.522997996755257,0.000000000000000000000000000000000000000000000000000000000000000000000000000000000000000000551102292946494
"806","ABQ.7.2","ABQ","8","7","3",0.218810668681252,0.000000000000000000000000000000853916905151545
"807","qm.7.2","qm","9","7","3",0.830845849751098,0.000000000000000000000000000000000000000000000000000000000000000000000000000000000000000000275551146473247
"808","nTau1.7.2","nTau1","10","7","3",2.19030453808898,0.0000000000314311583343287
"809","nTau2.7.2","nTau2","11","7","3",5.54706994369651,0.000161014947884557
"810","nCon.7.2","nCon","12","7","3",1.71803737033087,0.0000000000000015862179602606
"811","Fm.7.2","Fm","13","7","3",2156.45104216085,0.000000000000000000000000000000000000000000000000000000000000000000000000000000000000000000000000000000000000355117290687629
"812","Fo.7.2","Fo","14","7","3",2045.86508374056,0.000000000000000000000000000000000000000000000000000000000000000000000000000000000000000000551102292946494
"813","Quant.8.2","Quant","1","8","3",0.0548008816227304,0.000000000000000000000000000000000000000000000000000000000000000000000000000000000000010375312218346
"814","Sigma.8.2","Sigma","2","8","3",3.4451321088785,0.0000000000000000000000000000716857412518449
"815","Connect.8.2","Connect","3","8","3",0.208778821409142,0.00511356579215893
"816","Tau1.8.2","Tau1","4","8","3",1243.57021626394,0.00000000000023507706772756
"817","Tau2.8.2","Tau2","5","8","3",19419156.402986,0.0221153840475081
"818","NPQ.8.2","NPQ","6","8","3",0.270013237319623,0.000000000000000000000000000000000000000000000000000000000000000000000000000000000000000000000000000000000000204790651258722
"819","qP.8.2","qP","7","8","3",0.565879480262309,0.000000000000000000000000000000000000000000000000000000000000000000000000000000000000020750624436692
"820","ABQ.8.2","ABQ","8","8","3",0.178989077870705,0.0000000000000000000000000000716857412518449
"821","qm.8.2","qm","9","8","3",0.819236883722471,0.000000000000000000000000000000000000000000000000000000000000000000000000000000000000010375312218346
"822","nTau1.8.2","nTau1","10","8","3",1.80660287959018,0.00000000000023507706772756
"823","nTau2.8.2","nTau2","11","8","3",12.4638097819275,0.0221153840475081
"824","nCon.8.2","nCon","12","8","3",0.626265082103305,0.00511356579215893
"825","Fm.8.2","Fm","13","8","3",2109.54586750998,0.000000000000000000000000000000000000000000000000000000000000000000000000000000000000000000000000000000000000204790651258722
"826","Fo.8.2","Fo","14","8","3",1993.94089414685,0.000000000000000000000000000000000000000000000000000000000000000000000000000000000000020750624436692
"827","Quant.9.2","Quant","1","9","3",0.062872538997597,0.000000000000000000000000000000000000000000000000000000000000000000000000000000000000000000950719216105632
"828","Sigma.9.2","Sigma","2","9","3",3.65341560260273,0.0000000000000000000000000000000000219504715052798
"829","Connect.9.2","Connect","3","9","3",0.220567403118304,0.0000646386224543353
"830","Tau1.9.2","Tau1","4","9","3",872.289209079719,0.000000000000285013856055491
"831","Tau2.9.2","Tau2","5","9","3",8327236.47217787,0.0000467147020103816
"832","NPQ.9.2","NPQ","6","9","3",0.292266560976379,0.00000000000000000000000000000000000000000000000000000000000000000000000000000000000000000000000000000000000000000239589256583919
"833","qP.9.2","qP","7","9","3",0.608056139652203,0.00000000000000000000000000000000000000000000000000000000000000000000000000000000000000000190143843221126
"834","ABQ.9.2","ABQ","8","9","3",0.129352948444449,0.0000000000000000000000000000000000219504715052798
"835","qm.9.2","qm","9","9","3",0.792612167159514,0.000000000000000000000000000000000000000000000000000000000000000000000000000000000000000000950719216105632
"836","nTau1.9.2","nTau1","10","9","3",1.26722253102304,0.000000000000285013856055491
"837","nTau2.9.2","nTau2","11","9","3",5.34467559993466,0.0000467147020103816
"838","nCon.9.2","nCon","12","9","3",0.661626796678282,0.0000646386224543353
"839","Fm.9.2","Fm","13","9","3",2073.21868210096,0.00000000000000000000000000000000000000000000000000000000000000000000000000000000000000000000000000000000000000000239589256583919
"840","Fo.9.2","Fo","14","9","3",1942.87015966002,0.00000000000000000000000000000000000000000000000000000000000000000000000000000000000000000190143843221126
"841","Quant.10.2","Quant","1","10","3",0.0999271341165844,0.00000000000000000000000000000000000000000000000000000000000000000000000000000000000246470879557584
"842","Sigma.10.2","Sigma","2","10","3",3.77402374417442,0.00000000000000000000000000000000000000190911911218401
"843","Connect.10.2","Connect","3","10","3",0.282107147332711,0.00000000530878182643471
"844","Tau1.10.2","Tau1","4","10","3",1277.43726183471,0.0000000000000000110042342245428
"845","Tau2.10.2","Tau2","5","10","3",4976987.91685742,0.000000560287272458874
"846","NPQ.10.2","NPQ","6","10","3",0.304053871751952,0.000000000000000000000000000000000000000000000000000000000000000000000000000000000000000000000000000000000000560312058158564
"847","qP.10.2","qP","7","10","3",0.685429367644191,0.00000000000000000000000000000000000000000000000000000000000000000000000000000000000492941759115168
"848","ABQ.10.2","ABQ","8","10","3",0.100610770089985,0.00000000000000000000000000000000000000190911911218401
"849","qm.10.2","qm","9","10","3",0.670385956781687,0.00000000000000000000000000000000000000000000000000000000000000000000000000000000000246470879557584
"850","nTau1.10.2","nTau1","10","10","3",1.85580340019704,0.0000000000000000110042342245428
"851","nTau2.10.2","nTau2","11","10","3",3.19438339108924,0.000000560287272458874
"852","nCon.10.2","nCon","12","10","3",0.84622498869281,0.00000000530878182643471
"853","Fm.10.2","Fm","13","10","3",2054.47890958005,0.000000000000000000000000000000000000000000000000000000000000000000000000000000000000000000000000000000000000560312058158564
"854","Fo.10.2","Fo","14","10","3",1849.18072004275,0.00000000000000000000000000000000000000000000000000000000000000000000000000000000000492941759115168
"855","Quant.11.2","Quant","1","11","3",0.110043064892507,0.0000000000000000000000000000000000000000000000000000000000000000000000000000000000000000115326301958663
"856","Sigma.11.2","Sigma","2","11","3",3.9626073738399,0.0000000000000000000000000000000000000000000000623482868747908
"857","Connect.11.2","Connect","3","11","3",0.276660211144546,0.000000000000258910822480027
"858","Tau1.11.2","Tau1","4","11","3",1235.47290703301,0.000000000000000132817325469721
"859","Tau2.11.2","Tau2","5","11","3",4874373.21672648,0.0000410263920559675
"860","NPQ.11.2","NPQ","6","11","3",0.282539058799887,0.000000000000000000000000000000000000000000000000000000000000000000000000000000000000000000000000000000000000000000389081242836098
"861","qP.11.2","qP","7","11","3",0.677262789002056,0.0000000000000000000000000000000000000000000000000000000000000000000000000000000000000000230652603917325
"862","ABQ.11.2","ABQ","8","11","3",0.0556693237834319,0.0000000000000000000000000000000000000000000000623482868747908
"863","qm.11.2","qm","9","11","3",0.637018114568998,0.0000000000000000000000000000000000000000000000000000000000000000000000000000000000000000115326301958663
"864","nTau1.11.2","nTau1","10","11","3",1.79483947292266,0.000000000000000132817325469721
"865","nTau2.11.2","nTau2","11","11","3",3.12852213137638,0.0000410263920559675
"866","nCon.11.2","nCon","12","11","3",0.829886042452628,0.000000000000258910822480027
"867","Fm.11.2","Fm","13","11","3",2088.94314608832,0.000000000000000000000000000000000000000000000000000000000000000000000000000000000000000000000000000000000000000000389081242836098
"868","Fo.11.2","Fo","14","11","3",1859.06943990657,0.0000000000000000000000000000000000000000000000000000000000000000000000000000000000000000230652603917325
"869","Quant.12.2","Quant","1","12","3",0.119299046999222,0.000000000000000000000000000000000000000000000000000000000000000000000000000000000000122214347252391
"870","Sigma.12.2","Sigma","2","12","3",4.17483480103553,0.00000000000000000000000000000000000000000000632427270293674
"871","Connect.12.2","Connect","3","12","3",0.30087540370394,0.000000000000245680101103349
"872","Tau1.12.2","Tau1","4","12","3",1338.17422560564,0.0000000000000000685698962452603
"873","Tau2.12.2","Tau2","5","12","3",5700326.882077,0.0000617279351936968
"874","NPQ.12.2","NPQ","6","12","3",0.273633038908451,0.000000000000000000000000000000000000000000000000000000000000000000000000000000000000000000000000000000000000000502704889074858
"875","qP.12.2","qP","7","12","3",0.682606582741778,0.000000000000000000000000000000000000000000000000000000000000000000000000000000000000244428694504781
"876","ABQ.12.2","ABQ","8","12","3",0.00509331386672263,0.00000000000000000000000000000000000000000000632427270293674
"877","qm.12.2","qm","9","12","3",0.606486850832451,0.000000000000000000000000000000000000000000000000000000000000000000000000000000000000122214347252391
"878","nTau1.12.2","nTau1","10","12","3",1.94403932946832,0.0000000000000000685698962452603
"879","nTau2.12.2","nTau2","11","12","3",3.65864450950563,0.0000617279351936968
"880","nCon.12.2","nCon","12","12","3",0.902523340881654,0.000000000000245680101103349
"881","Fm.12.2","Fm","13","12","3",2103.55031207946,0.000000000000000000000000000000000000000000000000000000000000000000000000000000000000000000000000000000000000000502704889074858
"882","Fo.12.2","Fo","14","12","3",1852.59876453347,0.000000000000000000000000000000000000000000000000000000000000000000000000000000000000244428694504781
"883","Quant.13.2","Quant","1","13","3",0.125181384013251,0.000000000000000000000000000000000000000000000000000000000000000000000000000000000000381716534042437
"884","Sigma.13.2","Sigma","2","13","3",4.0240633327324,0.0000000000000000000000000000000000000000000049145448280185
"885","Connect.13.2","Connect","3","13","3",0.24123782410598,0.000000000600400970807011
"886","Tau1.13.2","Tau1","4","13","3",1193.28280647331,0.0000000000000000000707239075710809
"887","Tau2.13.2","Tau2","5","13","3",3355125.51577765,0.00000000215947388131661
"888","NPQ.13.2","NPQ","6","13","3",0.263264968119748,0.00000000000000000000000000000000000000000000000000000000000000000000000000000000000000000000000000000000000000264182415230726
"889","qP.13.2","qP","7","13","3",0.680352350280899,0.000000000000000000000000000000000000000000000000000000000000000000000000000000000000763433068084873
"890","ABQ.13.2","ABQ","8","13","3",0.0410237276535644,0.0000000000000000000000000000000000000000000049145448280185
"891","qm.13.2","qm","9","13","3",0.587083703690207,0.000000000000000000000000000000000000000000000000000000000000000000000000000000000000381716534042437
"892","nTau1.13.2","nTau1","10","13","3",1.73354759236416,0.0000000000000000000707239075710809
"893","nTau2.13.2","nTau2","11","13","3",2.15342239154704,0.00000000215947388131661
"894","nCon.13.2","nCon","12","13","3",0.723630992360506,0.000000000600400970807011
"895","Fm.13.2","Fm","13","13","3",2120.81490746811,0.00000000000000000000000000000000000000000000000000000000000000000000000000000000000000000000000000000000000000264182415230726
"896","Fo.13.2","Fo","14","13","3",1855.32836211532,0.000000000000000000000000000000000000000000000000000000000000000000000000000000000000763433068084873
"897","Quant.14.2","Quant","1","14","3",0.130880257459484,0.000000000000000000000000000000000000000000000000000000000000000000000000000000000000317991171267794
"898","Sigma.14.2","Sigma","2","14","3",4.25497288290973,0.000000000000000000000000000000000000000000000134420547967416
"899","Connect.14.2","Connect","3","14","3",0.298224386916056,0.0000000000000342012981436151
"900","Tau1.14.2","Tau1","4","14","3",1190.5987049779,0.0000000000000000000691129351714976
"901","Tau2.14.2","Tau2","5","14","3",3478952.84005567,0.0000000275561931716008
"902","NPQ.14.2","NPQ","6","14","3",0.248332333781647,0.000000000000000000000000000000000000000000000000000000000000000000000000000000000000000000000000000000000000000551524816229323
"903","qP.14.2","qP","7","14","3",0.672124651502303,0.000000000000000000000000000000000000000000000000000000000000000000000000000000000000635982342535589
"904","ABQ.14.2","ABQ","8","14","3",-0.0140044270668267,0.000000000000000000000000000000000000000000000134420547967416
"905","qm.14.2","qm","9","14","3",0.568285719188711,0.000000000000000000000000000000000000000000000000000000000000000000000000000000000000317991171267794
"906","nTau1.14.2","nTau1","10","14","3",1.72964825043132,0.0000000000000000000691129351714976
"907","nTau2.14.2","nTau2","11","14","3",2.23289856361026,0.0000000275561931716008
"908","nCon.14.2","nCon","12","14","3",0.894571196908835,0.0000000000000342012981436151
"909","Fm.14.2","Fm","13","14","3",2146.18423633591,0.000000000000000000000000000000000000000000000000000000000000000000000000000000000000000000000000000000000000000551524816229323
"910","Fo.14.2","Fo","14","14","3",1865.29109092878,0.000000000000000000000000000000000000000000000000000000000000000000000000000000000000635982342535589
"911","Quant.15.2","Quant","1","15","3",0.134216596729462,0.0000000000000000000000000000000000000000000000000000000000000000000000000000000000000924050366902379
"912","Sigma.15.2","Sigma","2","15","3",4.30594253362094,0.0000000000000000000000000000000000000000000000083135952675401
"913","Connect.15.2","Connect","3","15","3",0.262457402550941,0.00000000000116993757411141
"914","Tau1.15.2","Tau1","4","15","3",1229.7332653425,0.00000000000000000473698078393649
"915","Tau2.15.2","Tau2","5","15","3",3608766.878918,0.00000226671037134778
"916","NPQ.15.2","NPQ","6","15","3",0.244347513608402,0.0000000000000000000000000000000000000000000000000000000000000000000000000000000000000000000000000000000000000000943960343571977
"917","qP.15.2","qP","7","15","3",0.673123958814034,0.000000000000000000000000000000000000000000000000000000000000000000000000000000000000184810073380476
"918","ABQ.15.2","ABQ","8","15","3",-0.026151026560987,0.0000000000000000000000000000000000000000000000083135952675401
"919","qm.15.2","qm","9","15","3",0.557280657490029,0.0000000000000000000000000000000000000000000000000000000000000000000000000000000000000924050366902379
"920","nTau1.15.2","nTau1","10","15","3",1.78650117961982,0.00000000000000000473698078393649
"921","nTau2.15.2","nTau2","11","15","3",2.31621719258814,0.00000226671037134778
"922","nCon.15.2","nCon","12","15","3",0.787282472655956,0.00000000000116993757411141
"923","Fm.15.2","Fm","13","15","3",2153.05704167921,0.0000000000000000000000000000000000000000000000000000000000000000000000000000000000000000000000000000000000000000943960343571977
"924","Fo.15.2","Fo","14","15","3",1864.08105298062,0.000000000000000000000000000000000000000000000000000000000000000000000000000000000000184810073380476
"925","Quant.16.2","Quant","1","16","3",0.0589465984017446,0.00000000000000000000000000000000000000000000000000000000000000000000000000000000000000000000000500099441210467
"926","Sigma.16.2","Sigma","2","16","3",2.83517073499653,0.0000000000000000000000000000000000000653919760454311
"927","Connect.16.2","Connect","3","16","3",0.327783859314481,0.000000000752551974487117
"928","Tau1.16.2","Tau1","4","16","3",1239.28857620239,0.00000000000107659687096574
"929","Tau2.16.2","Tau2","5","16","3",9084848.5550692,0.000425446236811134
"930","NPQ.16.2","NPQ","6","16","3",0.225216350293862,0.0000000000000000000000000000000000000000000000000000000000000000000000000000000000000000000000000000000000000000145592701391983
"931","qP.16.2","qP","7","16","3",0.513159013711092,0.0000000000000000000000000000000000000000000000000000000000000000000000000000000000000000000000100019888242093
"932","ABQ.16.2","ABQ","8","16","3",0.324349236554753,0.0000000000000000000000000000000000000653919760454311
"933","qm.16.2","qm","9","16","3",0.805562054741841,0.00000000000000000000000000000000000000000000000000000000000000000000000000000000000000000000000500099441210467
"934","nTau1.16.2","nTau1","10","16","3",1.80038270547907,0.00000000000107659687096574
"935","nTau2.16.2","nTau2","11","16","3",5.83093425575328,0.000425446236811134
"936","nCon.16.2","nCon","12","16","3",0.983239507629163,0.000000000752551974487117
"937","Fm.16.2","Fm","13","16","3",2186.67599059383,0.0000000000000000000000000000000000000000000000000000000000000000000000000000000000000000000000000000000000000000145592701391983
"938","Fo.16.2","Fo","14","16","3",2057.77887914156,0.0000000000000000000000000000000000000000000000000000000000000000000000000000000000000000000000100019888242093
"939","Quant.17.2","Quant","1","17","3",0.0641236865190746,0.000000000000000000000000000000000000000000000000000000000000000000000000000000000000000000209695303378829
"940","Sigma.17.2","Sigma","2","17","3",3.31086736112972,0.000000000000000000000000000000000018482760678234
"941","Connect.17.2","Connect","3","17","3",0.443359070425466,0.000000000000149771276363949
"942","Tau1.17.2","Tau1","4","17","3",1070.98528273357,0.000000000000000180362758551512
"943","Tau2.17.2","Tau2","5","17","3",9610519.81608227,0.000021998139600032
"944","NPQ.17.2","NPQ","6","17","3",0.262208684665931,0.00000000000000000000000000000000000000000000000000000000000000000000000000000000000000000000000000000000000000723791413570176
"945","qP.17.2","qP","7","17","3",0.572039854364868,0.000000000000000000000000000000000000000000000000000000000000000000000000000000000000000000419390606757658
"946","ABQ.17.2","ABQ","8","17","3",0.21098576794671,0.000000000000000000000000000000000018482760678234
"947","qm.17.2","qm","9","17","3",0.788485202077781,0.000000000000000000000000000000000000000000000000000000000000000000000000000000000000000000209695303378829
"948","nTau1.17.2","nTau1","10","17","3",1.55587925030726,0.000000000000000180362758551512
"949","nTau2.17.2","nTau2","11","17","3",6.16832618304037,0.000021998139600032
"950","nCon.17.2","nCon","12","17","3",1.32992562544034,0.000000000000149771276363949
"951","Fm.17.2","Fm","13","17","3",2122.58971833939,0.00000000000000000000000000000000000000000000000000000000000000000000000000000000000000000000000000000000000000723791413570176
"952","Fo.17.2","Fo","14","17","3",1986.48144063198,0.000000000000000000000000000000000000000000000000000000000000000000000000000000000000000000419390606757658
"953","Quant.18.2","Quant","1","18","3",0.0651964604886802,0.000000000000000000000000000000000000000000000000000000000000000000000000000000000000000983193152037894
"954","Sigma.18.2","Sigma","2","18","3",3.55551363716505,0.0000000000000000000000000000000408260068752686
"955","Connect.18.2","Connect","3","18","3",0.105144012875966,0.118376228033972
"956","Tau1.18.2","Tau1","4","18","3",1017.80318063737,0.00000000000000111694286570322
"957","Tau2.18.2","Tau2","5","18","3",9984828.84404858,0.000000819424105241772
"958","NPQ.18.2","NPQ","6","18","3",0.278850659809061,0.00000000000000000000000000000000000000000000000000000000000000000000000000000000000000000000000000000000000000565932624265506
"959","qP.18.2","qP","7","18","3",0.595244498333509,0.00000000000000000000000000000000000000000000000000000000000000000000000000000000000000196638630407579
"960","ABQ.18.2","ABQ","8","18","3",0.152684008148984,0.0000000000000000000000000000000408260068752686
"961","qm.18.2","qm","9","18","3",0.784946609995589,0.000000000000000000000000000000000000000000000000000000000000000000000000000000000000000983193152037894
"962","nTau1.18.2","nTau1","10","18","3",1.47861868429089,0.00000000000000111694286570322
"963","nTau2.18.2","nTau2","11","18","3",6.40856918986393,0.000000819424105241772
"964","nCon.18.2","nCon","12","18","3",0.315396089565023,0.118376228033972
"965","Fm.18.2","Fm","13","18","3",2094.96797450189,0.00000000000000000000000000000000000000000000000000000000000000000000000000000000000000000000000000000000000000565932624265506
"966","Fo.18.2","Fo","14","18","3",1958.38347772722,0.00000000000000000000000000000000000000000000000000000000000000000000000000000000000000196638630407579
"967","Quant.19.2","Quant","1","19","3",0.0642509885403363,0.000000000000000000000000000000000000000000000000000000000000000000000000000000000000000000134464716853755
"968","Sigma.19.2","Sigma","2","19","3",3.27430455186041,0.000000000000000000000000000000000000164931948632564
"969","Connect.19.2","Connect","3","19","3",0.241976672028243,0.00000137676470470941
"970","Tau1.19.2","Tau1","4","19","3",883.105512755839,0.00000000000000508689519676252
"971","Tau2.19.2","Tau2","5","19","3",8588321.11110515,0.00000341869214573917
"972","NPQ.19.2","NPQ","6","19","3",0.307031902849485,0.00000000000000000000000000000000000000000000000000000000000000000000000000000000000000000000000000000000000000000548116534315528
"973","qP.19.2","qP","7","19","3",0.628515574784858,0.000000000000000000000000000000000000000000000000000000000000000000000000000000000000000000268929433707511
"974","ABQ.19.2","ABQ","8","19","3",0.219699066829058,0.000000000000000000000000000000000000164931948632564
"975","qm.19.2","qm","9","19","3",0.788065290766315,0.000000000000000000000000000000000000000000000000000000000000000000000000000000000000000000134464716853755
"976","nTau1.19.2","nTau1","10","19","3",1.28293597053152,0.00000000000000508689519676252
"977","nTau2.19.2","nTau2","11","19","3",5.51224772351427,0.00000341869214573917
"978","nCon.19.2","nCon","12","19","3",0.725847283512907,0.00000137676470470941
"979","Fm.19.2","Fm","13","19","3",2049.79784397743,0.00000000000000000000000000000000000000000000000000000000000000000000000000000000000000000000000000000000000000000548116534315528
"980","Fo.19.2","Fo","14","19","3",1918.09630619403,0.000000000000000000000000000000000000000000000000000000000000000000000000000000000000000000268929433707511
"981","Quant.20.2","Quant","1","20","3",0.0709343136716531,0.00000000000000000000000000000000000000000000000000000000000000000000000000000000000000000000564564703353921
"982","Sigma.20.2","Sigma","2","20","3",2.92808445696765,0.000000000000000000000000000000000000000195522027043152
"983","Connect.20.2","Connect","3","20","3",0.404247299183187,0.000000000000000380834076610976
"984","Tau1.20.2","Tau1","4","20","3",1109.66383231127,0.00000000000113529858932868
"985","Tau2.20.2","Tau2","5","20","3",11122000.6635014,0.000890730979411778
"986","NPQ.20.2","NPQ","6","20","3",0.327706516709374,0.000000000000000000000000000000000000000000000000000000000000000000000000000000000000000000000000000000000000000262371996861529
"987","qP.20.2","qP","7","20","3",0.664319478756179,0.0000000000000000000000000000000000000000000000000000000000000000000000000000000000000000000112912940670784
"988","ABQ.20.2","ABQ","8","20","3",0.302206927307049,0.000000000000000000000000000000000000000195522027043152
"989","qm.20.2","qm","9","20","3",0.766020049119479,0.00000000000000000000000000000000000000000000000000000000000000000000000000000000000000000000564564703353921
"990","nTau1.20.2","nTau1","10","20","3",1.61206970753402,0.00000000000113529858932868
"991","nTau2.20.2","nTau2","11","20","3",7.13844091821818,0.000890730979411778
"992","nCon.20.2","nCon","12","20","3",1.21260368414894,0.000000000000000380834076610976
"993","Fm.20.2","Fm","13","20","3",2017.87905892838,0.000000000000000000000000000000000000000000000000000000000000000000000000000000000000000000000000000000000000000262371996861529
"994","Fo.20.2","Fo","14","20","3",1874.74219281089,0.0000000000000000000000000000000000000000000000000000000000000000000000000000000000000000000112912940670784
"995","Quant.21.2","Quant","1","21","3",0.0648247488283441,0.00000000000000000000000000000000000000000000000000000000000000000000000000000000000000000149945909538974
"996","Sigma.21.2","Sigma","2","21","3",2.82302634442319,0.0000000000000000000000000000000000011469603965377
"997","Connect.21.2","Connect","3","21","3",0.434491847295029,0.00000000000000527148299768748
"998","Tau1.21.2","Tau1","4","21","3",887.24515518067,0.0000000000000362056683032861
"999","Tau2.21.2","Tau2","5","21","3",9507776.29967896,0.000168405102505901
"1000","NPQ.21.2","NPQ","6","21","3",0.370975458853395,0.000000000000000000000000000000000000000000000000000000000000000000000000000000000000000000000000000000000000174920639955148
"1001","qP.21.2","qP","7","21","3",0.703323367636167,0.00000000000000000000000000000000000000000000000000000000000000000000000000000000000000000299891819077949
"1002","ABQ.21.2","ABQ","8","21","3",0.327243371522063,0.0000000000000000000000000000000000011469603965377
"1003","qm.21.2","qm","9","21","3",0.786172717242214,0.00000000000000000000000000000000000000000000000000000000000000000000000000000000000000000149945909538974
"1004","nTau1.21.2","nTau1","10","21","3",1.28894985686247,0.0000000000000362056683032861
"1005","nTau2.21.2","nTau2","11","21","3",6.10238224509566,0.000168405102505901
"1006","nCon.21.2","nCon","12","21","3",1.30332698778001,0.00000000000000527148299768748
"1007","Fm.21.2","Fm","13","21","3",1954.19338775858,0.000000000000000000000000000000000000000000000000000000000000000000000000000000000000000000000000000000000000174920639955148
"1008","Fo.21.2","Fo","14","21","3",1827.51329223512,0.00000000000000000000000000000000000000000000000000000000000000000000000000000000000000000299891819077949
"1009","Quant.22.2","Quant","1","22","3",0.0685134540702461,0.00000000000000000000000000000000000000000000000000000000000000000000000000000000000000039828109093112
"1010","Sigma.22.2","Sigma","2","22","3",3.04758815892809,0.0000000000000000000000000000000000200905599465953
"1011","Connect.22.2","Connect","3","22","3",0.361613845992209,0.000000000116676837794759
"1012","Tau1.22.2","Tau1","4","22","3",1165.16333108586,0.000000000000982605288070404
"1013","Tau2.22.2","Tau2","5","22","3",8877048.381884,0.00141713045967003
"1014","NPQ.22.2","NPQ","6","22","3",0.393804606818492,0.000000000000000000000000000000000000000000000000000000000000000000000000000000000000000000000000000000000000881208879919949
"1015","qP.22.2","qP","7","22","3",0.733898937714445,0.00000000000000000000000000000000000000000000000000000000000000000000000000000000000000079656218186224
"1016","ABQ.22.2","ABQ","8","22","3",0.27372794843377,0.0000000000000000000000000000000000200905599465953
"1017","qm.22.2","qm","9","22","3",0.774005360900288,0.00000000000000000000000000000000000000000000000000000000000000000000000000000000000000039828109093112
"1018","nTau1.22.2","nTau1","10","22","3",1.69269688321792,0.000000000000982605288070404
"1019","nTau2.22.2","nTau2","11","22","3",5.69756173547049,0.00141713045967003
"1020","nCon.22.2","nCon","12","22","3",1.08471790108538,0.000000000116676837794759
"1021","Fm.22.2","Fm","13","22","3",1922.18562298057,0.000000000000000000000000000000000000000000000000000000000000000000000000000000000000000000000000000000000000881208879919949
"1022","Fo.22.2","Fo","14","22","3",1790.490046586,0.00000000000000000000000000000000000000000000000000000000000000000000000000000000000000079656218186224
"1023","Quant.23.2","Quant","1","23","3",0.210513110417632,0.000000000000000000000000000000000000000000000000000000000000000000000000000000018016237958868
"1024","Sigma.23.2","Sigma","2","23","3",4.21449673511186,0.0000000000000000000000000000000000000000000000000000630885753064897
"1025","Connect.23.2","Connect","3","23","3",0.269485531035647,0.000000000000000209123942797378
"1026","Tau1.23.2","Tau1","4","23","3",1097.41685227535,0.0000000000000000000171903595186524
"1027","Tau2.23.2","Tau2","5","23","3",2019196.1227996,0.000000000086082632504145
"1028","NPQ.23.2","NPQ","6","23","3",0.440571756035297,0.00000000000000000000000000000000000000000000000000000000000000000000000000000000000000000000000000000000000205877352579908
"1029","qP.23.2","qP","7","23","3",1,0.000000000000000000000000000000000000000000000000000000000000000000000000000000036032475917736
"1030","ABQ.23.2","ABQ","8","23","3",-0.00435853878807779,0.0000000000000000000000000000000000000000000000000000630885753064897
"1031","qm.23.2","qm","9","23","3",0.305613254211171,0.000000000000000000000000000000000000000000000000000000000000000000000000000000018016237958868
"1032","nTau1.23.2","nTau1","10","23","3",1.59427784575587,0.0000000000000000000171903595186524
"1033","nTau2.23.2","nTau2","11","23","3",1.29598196052996,0.000000000086082632504145
"1034","nCon.23.2","nCon","12","23","3",0.808364455171229,0.000000000000000209123942797378
"1035","Fm.23.2","Fm","13","23","3",1859.78321818836,0.00000000000000000000000000000000000000000000000000000000000000000000000000000000000000000000000000000000000205877352579908
"1036","Fo.23.2","Fo","14","23","3",1468.27446822502,0.000000000000000000000000000000000000000000000000000000000000000000000000000000036032475917736
"1037","Quant.24.2","Quant","1","24","3",0.22151676946883,0.0000000000000000000000000000000000000000000000000000000000000000000000000000221692475201159
"1038","Sigma.24.2","Sigma","2","24","3",4.58791389777516,0.00000000000000000000000000000000000000000000000000385262108799677
"1039","Connect.24.2","Connect","3","24","3",0.240481591104889,0.000000000000437886596733851
"1040","Tau1.24.2","Tau1","4","24","3",1022.8320587445,0.00000000000000000000866057959339145
"1041","Tau2.24.2","Tau2","5","24","3",1791925.11449677,0.000000000000351190637550115
"1042","NPQ.24.2","NPQ","6","24","3",0.379207326035082,0.0000000000000000000000000000000000000000000000000000000000000000000000000000000000000000000000000000000000424864282506931
"1043","qP.24.2","qP","7","24","3",0.963702069545089,0.0000000000000000000000000000000000000000000000000000000000000000000000000000443384950402318
"1044","ABQ.24.2","ABQ","8","24","3",-0.0933477442432222,0.00000000000000000000000000000000000000000000000000385262108799677
"1045","qm.24.2","qm","9","24","3",0.269317201270941,0.0000000000000000000000000000000000000000000000000000000000000000000000000000221692475201159
"1046","nTau1.24.2","nTau1","10","24","3",1.48592441222698,0.00000000000000000000866057959339145
"1047","nTau2.24.2","nTau2","11","24","3",1.15011246148222,0.000000000000351190637550115
"1048","nCon.24.2","nCon","12","24","3",0.721362551915634,0.000000000000437886596733851
"1049","Fm.24.2","Fm","13","24","3",1942.52968781174,0.0000000000000000000000000000000000000000000000000000000000000000000000000000000000000000000000000000000000424864282506931
"1050","Fo.24.2","Fo","14","24","3",1512.22678677039,0.0000000000000000000000000000000000000000000000000000000000000000000000000000443384950402318
"1051","Quant.25.2","Quant","1","25","3",0.221253339781006,0.000000000000000000000000000000000000000000000000000000000000000000000000781821231924452
"1052","Sigma.25.2","Sigma","2","25","3",4.49489450799795,0.0000000000000000000000000000000000000000000000294923699759634
"1053","Connect.25.2","Connect","3","25","3",0.243816242180894,0.000000000178510572766607
"1054","Tau1.25.2","Tau1","4","25","3",1105.00958590188,0.000000000000000000062972289421281
"1055","Tau2.25.2","Tau2","5","25","3",1560032.22216124,0.000000000000700928671824906
"1056","NPQ.25.2","NPQ","6","25","3",0.36642490517065,0.00000000000000000000000000000000000000000000000000000000000000000000000000000000000000000000000000000394157281817973
"1057","qP.25.2","qP","7","25","3",0.951592783225611,0.0000000000000000000000000000000000000000000000000000000000000000000000015636424638489
"1058","ABQ.25.2","ABQ","8","25","3",-0.0711802532549721,0.0000000000000000000000000000000000000000000000294923699759634
"1059","qm.25.2","qm","9","25","3",0.270186135672742,0.000000000000000000000000000000000000000000000000000000000000000000000000781821231924452
"1060","nTau1.25.2","nTau1","10","25","3",1.60530822767903,0.000000000000000000062972289421281
"1061","nTau2.25.2","nTau2","11","25","3",1.00127649560027,0.000000000000700928671824906
"1062","nCon.25.2","nCon","12","25","3",0.731365365016141,0.000000000178510572766607
"1063","Fm.25.2","Fm","13","25","3",1960.70136480423,0.00000000000000000000000000000000000000000000000000000000000000000000000000000000000000000000000000000394157281817973
"1064","Fo.25.2","Fo","14","25","3",1526.88963952812,0.0000000000000000000000000000000000000000000000000000000000000000000000015636424638489
"1065","Quant.26.2","Quant","1","26","3",0.224740825147418,0.0000000000000000000000000000000000000000000000000000000000000000000000000000304782441870758
"1066","Sigma.26.2","Sigma","2","26","3",4.58769476983142,0.0000000000000000000000000000000000000000000000000010797444469096
"1067","Connect.26.2","Connect","3","26","3",0.224376139320887,0.00000000000787966316438535
"1068","Tau1.26.2","Tau1","4","26","3",1083.35352942087,0.000000000000000000139476651434797
"1069","Tau2.26.2","Tau2","5","26","3",1521975.0170849,0.00000000000267534526353221
"1070","NPQ.26.2","NPQ","6","26","3",0.357532536269003,0.000000000000000000000000000000000000000000000000000000000000000000000000000000000000000000000000000000000155405659950082
"1071","qP.26.2","qP","7","26","3",0.949016950545924,0.0000000000000000000000000000000000000000000000000000000000000000000000000000609564883741517
"1072","ABQ.26.2","ABQ","8","26","3",-0.093295523768224,0.0000000000000000000000000000000000000000000000000010797444469096
"1073","qm.26.2","qm","9","26","3",0.2586825119328,0.0000000000000000000000000000000000000000000000000000000000000000000000000000304782441870758
"1074","nTau1.26.2","nTau1","10","26","3",1.57384728282245,0.000000000000000000139476651434797
"1075","nTau2.26.2","nTau2","11","26","3",0.97685021491846,0.00000000000267534526353221
"1076","nCon.26.2","nCon","12","26","3",0.673051703067355,0.00000000000787966316438535
"1077","Fm.26.2","Fm","13","26","3",1973.54472536907,0.000000000000000000000000000000000000000000000000000000000000000000000000000000000000000000000000000000000155405659950082
"1078","Fo.26.2","Fo","14","26","3",1530.00865532429,0.0000000000000000000000000000000000000000000000000000000000000000000000000000609564883741517
"1079","Quant.27.2","Quant","1","27","3",0.228878927592022,0.0000000000000000000000000000000000000000000000000000000000000000000000329708327124171
"1080","Sigma.27.2","Sigma","2","27","3",4.52738013689904,0.0000000000000000000000000000000000000000000000971084454738642
"1081","Connect.27.2","Connect","3","27","3",0.274441531569041,0.00000000000531135123882472
"1082","Tau1.27.2","Tau1","4","27","3",1039.5108285585,0.00000000000000000049624521969817
"1083","Tau2.27.2","Tau2","5","27","3",1341264.31630165,0.00000000000010426239631728
"1084","NPQ.27.2","NPQ","6","27","3",0.346233128366569,0.0000000000000000000000000000000000000000000000000000000000000000000000000000000000000000000000000000781140013601924
"1085","qP.27.2","qP","7","27","3",0.945212579726907,0.0000000000000000000000000000000000000000000000000000000000000000000000659416654248342
"1086","ABQ.27.2","ABQ","8","27","3",-0.0789219175212843,0.0000000000000000000000000000000000000000000000971084454738642
"1087","qm.27.2","qm","9","27","3",0.245032799168837,0.0000000000000000000000000000000000000000000000000000000000000000000000329708327124171
"1088","nTau1.27.2","nTau1","10","27","3",1.5101545788713,0.00000000000000000049624521969817
"1089","nTau2.27.2","nTau2","11","27","3",0.860864548323034,0.00000000000010426239631728
"1090","nCon.27.2","nCon","12","27","3",0.823230762299516,0.00000000000531135123882472
"1091","Fm.27.2","Fm","13","27","3",1990.10938003085,0.0000000000000000000000000000000000000000000000000000000000000000000000000000000000000000000000000000781140013601924
"1092","Fo.27.2","Fo","14","27","3",1534.61527933857,0.0000000000000000000000000000000000000000000000000000000000000000000000659416654248342
"1093","Quant.1.3","Quant","1","1","4",0.302375789883104,0.00000000000000000000000000000000000000000000000000000000000000000000000000159195762233778
"1094","Sigma.1.3","Sigma","2","1","4",3.82168051477913,0.00000000000000000000000000000000000000000000000000000000113009040954583
"1095","Connect.1.3","Connect","3","1","4",0.345368510275256,0.0000000000000000000000000549354193105212
"1096","Tau1.1.3","Tau1","4","1","4",536.158457194203,0.0000000000000000000000174843428180793
"1097","Tau2.1.3","Tau2","5","1","4",1258435.9398803,0.00000000000000645526269957793
"1098","NPQ.1.3","NPQ","6","1","4",0.726067586513917,0.000000000000000000000000000000000000000000000000000000000000000000000000000000000000000000000000000000203794513647343
"1099","qP.1.3","qP","7","1","4",1.2812900036158,0.00000000000000000000000000000000000000000000000000000000000000000000000000318391524467557
"1100","ABQ.1.3","ABQ","8","1","4",0,0.00000000000000000000000000000000000000000000000000000000113009040954583
"1101","qm.1.3","qm","9","1","4",0,0.00000000000000000000000000000000000000000000000000000000000000000000000000159195762233778
"1102","nTau1.1.3","nTau1","10","1","4",1,0.0000000000000000000000174843428180793
"1103","nTau2.1.3","nTau2","11","1","4",1,0.00000000000000645526269957793
"1104","nCon.1.3","nCon","12","1","4",1,0.0000000000000000000000000549354193105212
"1105","Fm.1.3","Fm","13","1","4",1409.19129167894,0.000000000000000000000000000000000000000000000000000000000000000000000000000000000000000000000000000000203794513647343
"1106","Fo.1.3","Fo","14","1","4",983.085961761132,0.00000000000000000000000000000000000000000000000000000000000000000000000000318391524467557
"1107","Quant.3.3","Quant","1","3","4",0.0420032151272897,0.000000000000000000000000000000000000000000000000000000000000000000000000000000000000000000723475006535348
"1108","Sigma.3.3","Sigma","2","3","4",2.52750626241122,0.00000000000000000000000000000143500135316257
"1109","Connect.3.3","Connect","3","3","4",0.41857132898009,0.000000000113971736941548
"1110","Tau1.3.3","Tau1","4","3","4",1696.69112121271,0.00000000683825848949934
"1111","Tau2.3.3","Tau2","5","3","4",7407256.15726096,0.000000108908630380915
"1112","NPQ.3.3","NPQ","6","3","4",0.121964114434942,0.000000000000000000000000000000000000000000000000000000000000000000000000000000000000000000000000000000000159023315547963
"1113","qP.3.3","qP","7","3","4",0.314270203464433,0.00000000000000000000000000000000000000000000000000000000000000000000000000000000000000000144695001307069
"1114","ABQ.3.3","ABQ","8","3","4",0.338640094943339,0.00000000000000000000000000000143500135316257
"1115","qm.3.3","qm","9","3","4",0.861089357902867,0.000000000000000000000000000000000000000000000000000000000000000000000000000000000000000000723475006535348
"1116","nTau1.3.3","nTau1","10","3","4",3.16453298170796,0.00000000683825848949934
"1117","nTau2.3.3","nTau2","11","3","4",5.88608122394018,0.000000108908630380915
"1118","nCon.3.3","nCon","12","3","4",1.21195568364496,0.000000000113971736941548
"1119","Fm.3.3","Fm","13","3","4",2167.94760230787,0.000000000000000000000000000000000000000000000000000000000000000000000000000000000000000000000000000000000159023315547963
"1120","Fo.3.3","Fo","14","3","4",2076.88683278344,0.00000000000000000000000000000000000000000000000000000000000000000000000000000000000000000144695001307069
"1121","Quant.4.3","Quant","1","4","4",0.0484397474567233,0.00000000000000000000000000000000000000000000000000000000000000000000000000000000000000000000249765216275624
"1122","Sigma.4.3","Sigma","2","4","4",2.82385524951062,0.000000000000000000000000000000549623868804471
"1123","Connect.4.3","Connect","3","4","4",0.501867768884668,0.00000000000231368170602941
"1124","Tau1.4.3","Tau1","4","4","4",1706.89561974333,0.0000000518214046891234
"1125","Tau2.4.3","Tau2","5","4","4",5560704.75932257,0.000000712470402334891
"1126","NPQ.4.3","NPQ","6","4","4",0.1519856433275,0.0000000000000000000000000000000000000000000000000000000000000000000000000000000000000000000000000000000000193635952098185
"1127","qP.4.3","qP","7","4","4",0.374136881355599,0.00000000000000000000000000000000000000000000000000000000000000000000000000000000000000000000499530432551246
"1128","ABQ.4.3","ABQ","8","4","4",0.261095939707609,0.000000000000000000000000000000549623868804471
"1129","qm.4.3","qm","9","4","4",0.839802824573192,0.00000000000000000000000000000000000000000000000000000000000000000000000000000000000000000000249765216275624
"1130","nTau1.4.3","nTau1","10","4","4",3.18356559863994,0.0000000518214046891234
"1131","nTau2.4.3","nTau2","11","4","4",4.41874280851474,0.000000712470402334891
"1132","nCon.4.3","nCon","12","4","4",1.45313702307336,0.00000000000231368170602941
"1133","Fm.4.3","Fm","13","4","4",2111.44941419483,0.0000000000000000000000000000000000000000000000000000000000000000000000000000000000000000000000000000000000193635952098185
"1134","Fo.4.3","Fo","14","4","4",2009.17133780359,0.00000000000000000000000000000000000000000000000000000000000000000000000000000000000000000000499530432551246
"1135","Quant.5.3","Quant","1","5","4",0.050644489680026,0.000000000000000000000000000000000000000000000000000000000000000000000000000000000000000240800930373913
"1136","Sigma.5.3","Sigma","2","5","4",3.11705453957506,0.000000000000000000000000000283106571055654
"1137","Connect.5.3","Connect","3","5","4",0.291505208109017,0.000140921054129416
"1138","Tau1.5.3","Tau1","4","5","4",779.847136103446,0.000000000886065748961326
"1139","Tau2.5.3","Tau2","5","5","4",5109705.30734976,0.000000000331045721952842
"1140","NPQ.5.3","NPQ","6","5","4",0.190930871205628,0.0000000000000000000000000000000000000000000000000000000000000000000000000000000000000000000000000000000000266697492580601
"1141","qP.5.3","qP","7","5","4",0.436205295260161,0.000000000000000000000000000000000000000000000000000000000000000000000000000000000000000481601860747827
"1142","ABQ.5.3","ABQ","8","5","4",0.184375949920238,0.000000000000000000000000000283106571055654
"1143","qm.5.3","qm","9","5","4",0.832511426594025,0.000000000000000000000000000000000000000000000000000000000000000000000000000000000000000240800930373913
"1144","nTau1.5.3","nTau1","10","5","4",1.45450869167392,0.000000000886065748961326
"1145","nTau2.5.3","nTau2","11","5","4",4.06036187097118,0.000000000331045721952842
"1146","nCon.5.3","nCon","12","5","4",0.844041073335523,0.000140921054129416
"1147","Fm.5.3","Fm","13","5","4",2042.40184764236,0.0000000000000000000000000000000000000000000000000000000000000000000000000000000000000000000000000000000000266697492580601
"1148","Fo.5.3","Fo","14","5","4",1938.96544834697,0.000000000000000000000000000000000000000000000000000000000000000000000000000000000000000481601860747827
"1149","Quant.6.3","Quant","1","6","4",0.0493607469394649,0.000000000000000000000000000000000000000000000000000000000000000000000000000000000000000000000544490745932136
"1150","Sigma.6.3","Sigma","2","6","4",2.73468491151948,0.0000000000000000000000000000000164191400742905
"1151","Connect.6.3","Connect","3","6","4",0.618569341876777,0.000000000000000000449077466013248
"1152","Tau1.6.3","Tau1","4","6","4",1044.64066654747,0.0000000022396548454926
"1153","Tau2.6.3","Tau2","5","6","4",10919794.8143541,0.00161797556405918
"1154","NPQ.6.3","NPQ","6","6","4",0.236917278643994,0.0000000000000000000000000000000000000000000000000000000000000000000000000000000000000000000000000000000000532955692851122
"1155","qP.6.3","qP","7","6","4",0.497705232373312,0.00000000000000000000000000000000000000000000000000000000000000000000000000000000000000000000108898149186422
"1156","ABQ.6.3","ABQ","8","6","4",0.284428695453753,0.0000000000000000000000000000000164191400742905
"1157","qm.6.3","qm","9","6","4",0.836756947510423,0.000000000000000000000000000000000000000000000000000000000000000000000000000000000000000000000544490745932136
"1158","nTau1.6.3","nTau1","10","6","4",1.948380469487,0.0000000022396548454926
"1159","nTau2.6.3","nTau2","11","6","4",8.67727507479858,0.00161797556405918
"1160","nCon.6.3","nCon","12","6","4",1.79104152079118,0.000000000000000000449077466013248
"1161","Fm.6.3","Fm","13","6","4",1966.46894158617,0.0000000000000000000000000000000000000000000000000000000000000000000000000000000000000000000000000000000000532955692851122
"1162","Fo.6.3","Fo","14","6","4",1869.40256579622,0.00000000000000000000000000000000000000000000000000000000000000000000000000000000000000000000108898149186422
"1163","Quant.7.3","Quant","1","7","4",0.0521301328210656,0.0000000000000000000000000000000000000000000000000000000000000000000000000000000000000000000000123062387530308
"1164","Sigma.7.3","Sigma","2","7","4",3.19961470176571,0.000000000000000000000000000000000539162131704131
"1165","Connect.7.3","Connect","3","7","4",0.387287931607703,0.00000000126666528183096
"1166","Tau1.7.3","Tau1","4","7","4",992.275450483885,0.00000000136802427670063
"1167","Tau2.7.3","Tau2","5","7","4",10234456.7229758,0.0000780577865677192
"1168","NPQ.7.3","NPQ","6","7","4",0.269954622784131,0.000000000000000000000000000000000000000000000000000000000000000000000000000000000000000000000000000000000000000165486648971718
"1169","qP.7.3","qP","7","7","4",0.545389554822035,0.0000000000000000000000000000000000000000000000000000000000000000000000000000000000000000000000246124775060615
"1170","ABQ.7.3","ABQ","8","7","4",0.162772845769756,0.000000000000000000000000000000000539162131704131
"1171","qm.7.3","qm","9","7","4",0.82759819216605,0.0000000000000000000000000000000000000000000000000000000000000000000000000000000000000000000000123062387530308
"1172","nTau1.7.3","nTau1","10","7","4",1.85071304419333,0.00000000136802427670063
"1173","nTau2.7.3","nTau2","11","7","4",8.13267993915468,0.0000780577865677192
"1174","nCon.7.3","nCon","12","7","4",1.12137592190741,0.00000000126666528183096
"1175","Fm.7.3","Fm","13","7","4",1915.31206558564,0.000000000000000000000000000000000000000000000000000000000000000000000000000000000000000000000000000000000000000165486648971718
"1176","Fo.7.3","Fo","14","7","4",1815.46659321287,0.0000000000000000000000000000000000000000000000000000000000000000000000000000000000000000000000246124775060615
"1177","Quant.8.3","Quant","1","8","4",0.0562947472773777,0.00000000000000000000000000000000000000000000000000000000000000000000000000000000000000000408349393703727
"1178","Sigma.8.3","Sigma","2","8","4",3.72406191245248,0.0000000000000000000000000000000165828051676788
"1179","Connect.8.3","Connect","3","8","4",0.169918505788266,0.00715397601464204
"1180","Tau1.8.3","Tau1","4","8","4",1068.6460196686,0.000000000000955977898173338
"1181","Tau2.8.3","Tau2","5","8","4",6871524.27659408,0.00000570085925035744
"1182","NPQ.8.3","NPQ","6","8","4",0.299085490551794,0.0000000000000000000000000000000000000000000000000000000000000000000000000000000000000000000000000000000000000000285815844500419
"1183","qP.8.3","qP","7","8","4",0.58827499792661,0.00000000000000000000000000000000000000000000000000000000000000000000000000000000000000000816698787407454
"1184","ABQ.8.3","ABQ","8","8","4",0.0255433707629784,0.0000000000000000000000000000000165828051676788
"1185","qm.8.3","qm","9","8","4",0.813825216300747,0.00000000000000000000000000000000000000000000000000000000000000000000000000000000000000000408349393703727
"1186","nTau1.8.3","nTau1","10","8","4",1.99315333989318,0.000000000000955977898173338
"1187","nTau2.8.3","nTau2","11","8","4",5.4603687472941,0.00000570085925035744
"1188","nCon.8.3","nCon","12","8","4",0.491991889048723,0.00715397601464204
"1189","Fm.8.3","Fm","13","8","4",1872.36285021669,0.0000000000000000000000000000000000000000000000000000000000000000000000000000000000000000000000000000000000000000285815844500419
"1190","Fo.8.3","Fo","14","8","4",1766.95865675219,0.00000000000000000000000000000000000000000000000000000000000000000000000000000000000000000816698787407454
"1191","Quant.9.3","Quant","1","9","4",0.0647197666917695,0.00000000000000000000000000000000000000000000000000000000000000000000000000000000000000208656108292196
"1192","Sigma.9.3","Sigma","2","9","4",3.74725438676119,0.0000000000000000000000000000000201251786197379
"1193","Connect.9.3","Connect","3","9","4",0.148833227787781,0.0206337086010889
"1194","Tau1.9.3","Tau1","4","9","4",831.76657167143,0.000000000000122140672790194
"1195","Tau2.9.3","Tau2","5","9","4",9563430.63794661,0.00032804687577638
"1196","NPQ.9.3","NPQ","6","9","4",0.317083460627951,0.00000000000000000000000000000000000000000000000000000000000000000000000000000000000000000000000000000000000000941868531594953
"1197","qP.9.3","qP","7","9","4",0.623377536676604,0.00000000000000000000000000000000000000000000000000000000000000000000000000000000000000417312216584393
"1198","ABQ.9.3","ABQ","8","9","4",0.0194747121665769,0.0000000000000000000000000000000201251786197379
"1199","qm.9.3","qm","9","9","4",0.785962471675429,0.00000000000000000000000000000000000000000000000000000000000000000000000000000000000000208656108292196
"1200","nTau1.9.3","nTau1","10","9","4",1.55134468273463,0.000000000000122140672790194
"1201","nTau2.9.3","nTau2","11","9","4",7.59945765602995,0.00032804687577638
"1202","nCon.9.3","nCon","12","9","4",0.430940353158318,0.0206337086010889
"1203","Fm.9.3","Fm","13","9","4",1846.77697691612,0.00000000000000000000000000000000000000000000000000000000000000000000000000000000000000000000000000000000000000941868531594953
"1204","Fo.9.3","Fo","14","9","4",1727.25400183838,0.00000000000000000000000000000000000000000000000000000000000000000000000000000000000000417312216584393
"1205","Quant.10.3","Quant","1","10","4",0.106404151305665,0.000000000000000000000000000000000000000000000000000000000000000000000000000000000171196490855932
"1206","Sigma.10.3","Sigma","2","10","4",4.04816821618534,0.0000000000000000000000000000000000000147193945123769
"1207","Connect.10.3","Connect","3","10","4",0.256467959625939,0.000000199839818810692
"1208","Tau1.10.3","Tau1","4","10","4",1029.42900818707,0.0000000000000082131912037293
"1209","Tau2.10.3","Tau2","5","10","4",5157278.50626306,0.0000549469882367249
"1210","NPQ.10.3","NPQ","6","10","4",0.330453172152469,0.0000000000000000000000000000000000000000000000000000000000000000000000000000000000000000000000000000000000224255946508045
"1211","qP.10.3","qP","7","10","4",0.706097829923541,0.000000000000000000000000000000000000000000000000000000000000000000000000000000000342392981711863
"1212","ABQ.10.3","ABQ","8","10","4",-0.0592639024979571,0.0000000000000000000000000000000000000147193945123769
"1213","qm.10.3","qm","9","10","4",0.64810624770323,0.000000000000000000000000000000000000000000000000000000000000000000000000000000000171196490855932
"1214","nTau1.10.3","nTau1","10","10","4",1.92000889732155,0.0000000000000082131912037293
"1215","nTau2.10.3","nTau2","11","10","4",4.09816530411044,0.0000549469882367249
"1216","nCon.10.3","nCon","12","10","4",0.742592193542881,0.000000199839818810692
"1217","Fm.10.3","Fm","13","10","4",1828.21873229068,0.0000000000000000000000000000000000000000000000000000000000000000000000000000000000000000000000000000000000224255946508045
"1218","Fo.10.3","Fo","14","10","4",1633.68866968017,0.000000000000000000000000000000000000000000000000000000000000000000000000000000000342392981711863
"1219","Quant.11.3","Quant","1","11","4",0.109604650037166,0.000000000000000000000000000000000000000000000000000000000000000000000000000000000420239689065367
"1220","Sigma.11.3","Sigma","2","11","4",3.82919613257857,0.000000000000000000000000000000000000000543134234464816
"1221","Connect.11.3","Connect","3","11","4",0.356139700448243,0.000000000000396134181165695
"1222","Tau1.11.3","Tau1","4","11","4",858.107941505746,0.0000000000000000259824714880612
"1223","Tau2.11.3","Tau2","5","11","4",4186629.29903912,0.000000651908002218059
"1224","NPQ.11.3","NPQ","6","11","4",0.32127881820284,0.000000000000000000000000000000000000000000000000000000000000000000000000000000000000000000000000000000000342437381704462
"1225","qP.11.3","qP","7","11","4",0.701277989971028,0.000000000000000000000000000000000000000000000000000000000000000000000000000000000840479378130735
"1226","ABQ.11.3","ABQ","8","11","4",-0.001966574068758,0.000000000000000000000000000000000000000543134234464816
"1227","qm.11.3","qm","9","11","4",0.63752174048214,0.000000000000000000000000000000000000000000000000000000000000000000000000000000000420239689065367
"1228","nTau1.11.3","nTau1","10","11","4",1.60047450523554,0.0000000000000000259824714880612
"1229","nTau2.11.3","nTau2","11","11","4",3.32685134488239,0.000000651908002218059
"1230","nCon.11.3","nCon","12","11","4",1.03118752825613,0.000000000000396134181165695
"1231","Fm.11.3","Fm","13","11","4",1840.91304443457,0.000000000000000000000000000000000000000000000000000000000000000000000000000000000000000000000000000000000342437381704462
"1232","Fo.11.3","Fo","14","11","4",1639.14041445047,0.000000000000000000000000000000000000000000000000000000000000000000000000000000000840479378130735
"1233","Quant.12.3","Quant","1","12","4",0.12350308261916,0.0000000000000000000000000000000000000000000000000000000000000000000000000000000000000689875075602183
"1234","Sigma.12.3","Sigma","2","12","4",4.02501758159872,0.00000000000000000000000000000000000000000000196566157847228
"1235","Connect.12.3","Connect","3","12","4",0.288615141642437,0.000000000000483406500509392
"1236","Tau1.12.3","Tau1","4","12","4",1073.55765307709,0.00000000000000000266386980378721
"1237","Tau2.12.3","Tau2","5","12","4",4420135.22043132,0.00000348193290155374
"1238","NPQ.12.3","NPQ","6","12","4",0.298281086890523,0.00000000000000000000000000000000000000000000000000000000000000000000000000000000000000000000000000000000000000705179149159875
"1239","qP.12.3","qP","7","12","4",0.698628655046167,0.000000000000000000000000000000000000000000000000000000000000000000000000000000000000137975015120437
"1240","ABQ.12.3","ABQ","8","12","4",-0.053206191892087,0.00000000000000000000000000000000000000000000196566157847228
"1241","qm.12.3","qm","9","12","4",0.591557635394999,0.0000000000000000000000000000000000000000000000000000000000000000000000000000000000000689875075602183
"1242","nTau1.12.3","nTau1","10","12","4",2.00231412686311,0.00000000000000000266386980378721
"1243","nTau2.12.3","nTau2","11","12","4",3.51240383427999,0.00000348193290155374
"1244","nCon.12.3","nCon","12","12","4",0.835673007398427,0.000000000000483406500509392
"1245","Fm.12.3","Fm","13","12","4",1873.52294994174,0.00000000000000000000000000000000000000000000000000000000000000000000000000000000000000000000000000000000000000705179149159875
"1246","Fo.12.3","Fo","14","12","4",1642.1370902662,0.000000000000000000000000000000000000000000000000000000000000000000000000000000000000137975015120437
"1247","Quant.13.3","Quant","1","13","4",0.129888717780212,0.0000000000000000000000000000000000000000000000000000000000000000000000000000000000000221221778060963
"1248","Sigma.13.3","Sigma","2","13","4",3.97024047958084,0.000000000000000000000000000000000000000000000100740100303604
"1249","Connect.13.3","Connect","3","13","4",0.248240534325246,0.0000000000251217004702932
"1250","Tau1.13.3","Tau1","4","13","4",1172.31534658029,0.0000000000000000120684661175081
"1251","Tau2.13.3","Tau2","5","13","4",5149266.38298254,0.000177761642161456
"1252","NPQ.13.3","NPQ","6","13","4",0.288182128370455,0.00000000000000000000000000000000000000000000000000000000000000000000000000000000000000000000000000000000000000264819805935376
"1253","qP.13.3","qP","7","13","4",0.697906853638881,0.0000000000000000000000000000000000000000000000000000000000000000000000000000000000000442443556121926
"1254","ABQ.13.3","ABQ","8","13","4",-0.0388729419498042,0.000000000000000000000000000000000000000000000100740100303604
"1255","qm.13.3","qm","9","13","4",0.570439426283347,0.0000000000000000000000000000000000000000000000000000000000000000000000000000000000000221221778060963
"1256","nTau1.13.3","nTau1","10","13","4",2.18650910164728,0.0000000000000000120684661175081
"1257","nTau2.13.3","nTau2","11","13","4",4.09179857297489,0.000177761642161456
"1258","nCon.13.3","nCon","12","13","4",0.718770029518328,0.0000000000251217004702932
"1259","Fm.13.3","Fm","13","13","4",1888.21080357762,0.00000000000000000000000000000000000000000000000000000000000000000000000000000000000000000000000000000000000000264819805935376
"1260","Fo.13.3","Fo","14","13","4",1642.95352340218,0.0000000000000000000000000000000000000000000000000000000000000000000000000000000000000442443556121926
"1261","Quant.14.3","Quant","1","14","4",0.13404427849186,0.0000000000000000000000000000000000000000000000000000000000000000000000000000000000951922939953774
"1262","Sigma.14.3","Sigma","2","14","4",4.04731680405014,0.0000000000000000000000000000000000000000000636551388993792
"1263","Connect.14.3","Connect","3","14","4",0.258667811211197,0.000000000327319077696746
"1264","Tau1.14.3","Tau1","4","14","4",1067.64957909138,0.0000000000000000000185110479637665
"1265","Tau2.14.3","Tau2","5","14","4",3664180.98253574,0.0000000555536657811197
"1266","NPQ.14.3","NPQ","6","14","4",0.281808698180037,0.00000000000000000000000000000000000000000000000000000000000000000000000000000000000000000000000000000000000455613290117282
"1267","qP.14.3","qP","7","14","4",0.697656186441859,0.000000000000000000000000000000000000000000000000000000000000000000000000000000000190384587990755
"1268","ABQ.14.3","ABQ","8","14","4",-0.0590411177487062,0.0000000000000000000000000000000000000000000636551388993792
"1269","qm.14.3","qm","9","14","4",0.556696392447026,0.0000000000000000000000000000000000000000000000000000000000000000000000000000000000951922939953774
"1270","nTau1.14.3","nTau1","10","14","4",1.99129485838673,0.0000000000000000000185110479637665
"1271","nTau2.14.3","nTau2","11","14","4",2.91169448234629,0.0000000555536657811197
"1272","nCon.14.3","nCon","12","14","4",0.748961771312158,0.000000000327319077696746
"1273","Fm.14.3","Fm","13","14","4",1897.59939624241,0.00000000000000000000000000000000000000000000000000000000000000000000000000000000000000000000000000000000000455613290117282
"1274","Fo.14.3","Fo","14","14","4",1643.23705430651,0.000000000000000000000000000000000000000000000000000000000000000000000000000000000190384587990755
"1275","Quant.15.3","Quant","1","15","4",0.135921469418081,0.00000000000000000000000000000000000000000000000000000000000000000000000000000000000813167455060195
"1276","Sigma.15.3","Sigma","2","15","4",3.87363827926501,0.00000000000000000000000000000000000000000000221950730777276
"1277","Connect.15.3","Connect","3","15","4",0.277278383819522,0.00000000000294571538585035
"1278","Tau1.15.3","Tau1","4","15","4",845.447788717564,0.0000000000000000224909652233377
"1279","Tau2.15.3","Tau2","5","15","4",2940334.81508959,0.0000000255801668080648
"1280","NPQ.15.3","NPQ","6","15","4",0.274511975611232,0.00000000000000000000000000000000000000000000000000000000000000000000000000000000000000000000000000000000000178592544857324
"1281","qP.15.3","qP","7","15","4",0.69250620938894,0.0000000000000000000000000000000000000000000000000000000000000000000000000000000000162633491012039
"1282","ABQ.15.3","ABQ","8","15","4",-0.0135955280105058,0.00000000000000000000000000000000000000000000221950730777276
"1283","qm.15.3","qm","9","15","4",0.550488253472187,0.00000000000000000000000000000000000000000000000000000000000000000000000000000000000813167455060195
"1284","nTau1.15.3","nTau1","10","15","4",1.57686179780119,0.0000000000000000224909652233377
"1285","nTau2.15.3","nTau2","11","15","4",2.33649939731478,0.0000000255801668080648
"1286","nCon.15.3","nCon","12","15","4",0.802847901792012,0.00000000000294571538585035
"1287","Fm.15.3","Fm","13","15","4",1908.46336347541,0.00000000000000000000000000000000000000000000000000000000000000000000000000000000000000000000000000000000000178592544857324
"1288","Fo.15.3","Fo","14","15","4",1649.06221878126,0.0000000000000000000000000000000000000000000000000000000000000000000000000000000000162633491012039
"1289","Quant.16.3","Quant","1","16","4",0.0639298408409491,0.000000000000000000000000000000000000000000000000000000000000000000000000000000000000000371051915238212
"1290","Sigma.16.3","Sigma","2","16","4",3.08437754662597,0.000000000000000000000000000000353077526016188
"1291","Connect.16.3","Connect","3","16","4",0.283371821073648,0.0000552862622032101
"1292","Tau1.16.3","Tau1","4","16","4",1003.70932018616,0.0000000000001009789102631
"1293","Tau2.16.3","Tau2","5","16","4",8293466.22178595,0.000000189229734201313
"1294","NPQ.16.3","NPQ","6","16","4",0.256560580162292,0.000000000000000000000000000000000000000000000000000000000000000000000000000000000000000000000000000000000696197373217232
"1295","qP.16.3","qP","7","16","4",0.548474539089701,0.000000000000000000000000000000000000000000000000000000000000000000000000000000000000000742103830476424
"1296","ABQ.16.3","ABQ","8","16","4",0.192926375007508,0.000000000000000000000000000000353077526016188
"1297","qm.16.3","qm","9","16","4",0.788574869483883,0.000000000000000000000000000000000000000000000000000000000000000000000000000000000000000371051915238212
"1298","nTau1.16.3","nTau1","10","16","4",1.87203858620215,0.0000000000001009789102631
"1299","nTau2.16.3","nTau2","11","16","4",6.59029670002495,0.000000189229734201313
"1300","nCon.16.3","nCon","12","16","4",0.820491193154244,0.0000552862622032101
"1301","Fm.16.3","Fm","13","16","4",1935.72793080183,0.000000000000000000000000000000000000000000000000000000000000000000000000000000000000000000000000000000000696197373217232
"1302","Fo.16.3","Fo","14","16","4",1811.97715227429,0.000000000000000000000000000000000000000000000000000000000000000000000000000000000000000742103830476424
"1303","Quant.17.3","Quant","1","17","4",0.0602774156179616,0.00000000000000000000000000000000000000000000000000000000000000000000000000000000000000000437523669676464
"1304","Sigma.17.3","Sigma","2","17","4",3.21205975026531,0.00000000000000000000000000000000968939617712485
"1305","Connect.17.3","Connect","3","17","4",0.340616325186606,0.000000120382138252271
"1306","Tau1.17.3","Tau1","4","17","4",997.970323526285,0.000000000138767002996983
"1307","Tau2.17.3","Tau2","5","17","4",9774108.47808146,0.000156487257739726
"1308","NPQ.17.3","NPQ","6","17","4",0.29424472656094,0.0000000000000000000000000000000000000000000000000000000000000000000000000000000000000000000000000000000000008482220530919
"1309","qP.17.3","qP","7","17","4",0.589049525134718,0.00000000000000000000000000000000000000000000000000000000000000000000000000000000000000000875047339352929
"1310","ABQ.17.3","ABQ","8","17","4",0.159516412257985,0.00000000000000000000000000000000968939617712485
"1311","qm.17.3","qm","9","17","4",0.800653962272362,0.00000000000000000000000000000000000000000000000000000000000000000000000000000000000000000437523669676464
"1312","nTau1.17.3","nTau1","10","17","4",1.86133466727133,0.000000000138767002996983
"1313","nTau2.17.3","nTau2","11","17","4",7.7668701030671,0.000156487257739726
"1314","nCon.17.3","nCon","12","17","4",0.986240247888081,0.000000120382138252271
"1315","Fm.17.3","Fm","13","17","4",1879.36590495366,0.0000000000000000000000000000000000000000000000000000000000000000000000000000000000000000000000000000000000008482220530919
"1316","Fo.17.3","Fo","14","17","4",1766.08258520254,0.00000000000000000000000000000000000000000000000000000000000000000000000000000000000000000875047339352929
"1317","Quant.18.3","Quant","1","18","4",0.0642848743234927,0.00000000000000000000000000000000000000000000000000000000000000000000000000000000000103944365094884
"1318","Sigma.18.3","Sigma","2","18","4",3.39171787594976,0.0000000000000000000000000000014429073853914
"1319","Connect.18.3","Connect","3","18","4",0.208707256550992,0.00231678537209716
"1320","Tau1.18.3","Tau1","4","18","4",937.496803385303,0.0000000000000148555766009188
"1321","Tau2.18.3","Tau2","5","18","4",7293583.23844328,0.00000171863213204928
"1322","NPQ.18.3","NPQ","6","18","4",0.318711157770245,0.000000000000000000000000000000000000000000000000000000000000000000000000000000000000000000000000000000000104497595794727
"1323","qP.18.3","qP","7","18","4",0.624553207789576,0.00000000000000000000000000000000000000000000000000000000000000000000000000000000000207888730189769
"1324","ABQ.18.3","ABQ","8","18","4",0.112506170300377,0.0000000000000000000000000000014429073853914
"1325","qm.18.3","qm","9","18","4",0.787400722960179,0.00000000000000000000000000000000000000000000000000000000000000000000000000000000000103944365094884
"1326","nTau1.18.3","nTau1","10","18","4",1.74854427978505,0.0000000000000148555766009188
"1327","nTau2.18.3","nTau2","11","18","4",5.79575249506702,0.00000171863213204928
"1328","nCon.18.3","nCon","12","18","4",0.604303085954924,0.00231678537209716
"1329","Fm.18.3","Fm","13","18","4",1844.49748334388,0.000000000000000000000000000000000000000000000000000000000000000000000000000000000000000000000000000000000104497595794727
"1330","Fo.18.3","Fo","14","18","4",1725.92419443712,0.00000000000000000000000000000000000000000000000000000000000000000000000000000000000207888730189769
"1331","Quant.19.3","Quant","1","19","4",0.0698887794661093,0.00000000000000000000000000000000000000000000000000000000000000000000000000000000000000903858302223783
"1332","Sigma.19.3","Sigma","2","19","4",3.21484776833172,0.0000000000000000000000000000000405113722002059
"1333","Connect.19.3","Connect","3","19","4",0.246208101885165,0.000218336707265865
"1334","Tau1.19.3","Tau1","4","19","4",944.069334331535,0.00000000000842093298349481
"1335","Tau2.19.3","Tau2","5","19","4",8198830.09073764,0.000566320720301401
"1336","NPQ.19.3","NPQ","6","19","4",0.327349744941406,0.00000000000000000000000000000000000000000000000000000000000000000000000000000000000000000000000000000000046195626223385
"1337","qP.19.3","qP","7","19","4",0.643562661046915,0.0000000000000000000000000000000000000000000000000000000000000000000000000000000000000180771660444757
"1338","ABQ.19.3","ABQ","8","19","4",0.158786885533911,0.0000000000000000000000000000000405113722002059
"1339","qm.19.3","qm","9","19","4",0.768867806866655,0.00000000000000000000000000000000000000000000000000000000000000000000000000000000000000903858302223783
"1340","nTau1.19.3","nTau1","10","19","4",1.76080284039907,0.00000000000842093298349481
"1341","nTau2.19.3","nTau2","11","19","4",6.51509531070567,0.000566320720301401
"1342","nCon.19.3","nCon","12","19","4",0.712885206844536,0.000218336707265865
"1343","Fm.19.3","Fm","13","19","4",1832.49322270528,0.00000000000000000000000000000000000000000000000000000000000000000000000000000000000000000000000000000000046195626223385
"1344","Fo.19.3","Fo","14","19","4",1704.42250799049,0.0000000000000000000000000000000000000000000000000000000000000000000000000000000000000180771660444757
"1345","Quant.20.3","Quant","1","20","4",0.0733581597275116,0.000000000000000000000000000000000000000000000000000000000000000000000000000000000000376919111399447
"1346","Sigma.20.3","Sigma","2","20","4",3.26406966340414,0.00000000000000000000000000000000357149682634138
"1347","Connect.20.3","Connect","3","20","4",0.417630352563312,0.0000000000260221299235175
"1348","Tau1.20.3","Tau1","4","20","4",652.302703054063,0.00000000000745742311394539
"1349","Tau2.20.3","Tau2","5","20","4",5853109.93801319,0.00000552167304846515
"1350","NPQ.20.3","NPQ","6","20","4",0.356613005160429,0.0000000000000000000000000000000000000000000000000000000000000000000000000000000000000000000000000000000071334602465436
"1351","qP.20.3","qP","7","20","4",0.681566451071062,0.000000000000000000000000000000000000000000000000000000000000000000000000000000000000753838222798893
"1352","ABQ.20.3","ABQ","8","20","4",0.145907238770642,0.00000000000000000000000000000000357149682634138
"1353","qm.20.3","qm","9","20","4",0.757394069955563,0.000000000000000000000000000000000000000000000000000000000000000000000000000000000000376919111399447
"1354","nTau1.20.3","nTau1","10","20","4",1.21662298580099,0.00000000000745742311394539
"1355","nTau2.20.3","nTau2","11","20","4",4.65109883826896,0.00000552167304846515
"1356","nCon.20.3","nCon","12","20","4",1.20923112599485,0.0000000000260221299235175
"1357","Fm.20.3","Fm","13","20","4",1792.96483412162,0.0000000000000000000000000000000000000000000000000000000000000000000000000000000000000000000000000000000071334602465436
"1358","Fo.20.3","Fo","14","20","4",1661.43623343432,0.000000000000000000000000000000000000000000000000000000000000000000000000000000000000753838222798893
"1359","Quant.21.3","Quant","1","21","4",0.0728799060027155,0.0000000000000000000000000000000000000000000000000000000000000000000000000000000000000000560259204820371
"1360","Sigma.21.3","Sigma","2","21","4",2.96258738609982,0.000000000000000000000000000000000000295763354844212
"1361","Connect.21.3","Connect","3","21","4",0.479823446582222,0.0000000000000000137847146153369
"1362","Tau1.21.3","Tau1","4","21","4",781.698072865251,0.00000000000333266487535048
"1363","Tau2.21.3","Tau2","5","21","4",7529070.33555365,0.0000233664826117529
"1364","NPQ.21.3","NPQ","6","21","4",0.38927407593478,0.0000000000000000000000000000000000000000000000000000000000000000000000000000000000000000000000000000000000401291458227302
"1365","qP.21.3","qP","7","21","4",0.715358294293781,0.000000000000000000000000000000000000000000000000000000000000000000000000000000000000000112051840964074
"1366","ABQ.21.3","ABQ","8","21","4",0.224794596344996,0.000000000000000000000000000000000000295763354844212
"1367","qm.21.3","qm","9","21","4",0.758975723450312,0.0000000000000000000000000000000000000000000000000000000000000000000000000000000000000000560259204820371
"1368","nTau1.21.3","nTau1","10","21","4",1.4579609113246,0.00000000000333266487535048
"1369","nTau2.21.3","nTau2","11","21","4",5.98287930037169,0.0000233664826117529
"1370","nCon.21.3","nCon","12","21","4",1.38930861473099,0.0000000000000000137847146153369
"1371","Fm.21.3","Fm","13","21","4",1750.81321525998,0.0000000000000000000000000000000000000000000000000000000000000000000000000000000000000000000000000000000000401291458227302
"1372","Fo.21.3","Fo","14","21","4",1623.21411270352,0.000000000000000000000000000000000000000000000000000000000000000000000000000000000000000112051840964074
"1373","Quant.22.3","Quant","1","22","4",0.0693350578930484,0.000000000000000000000000000000000000000000000000000000000000000000000000000000000000000256148340304798
"1374","Sigma.22.3","Sigma","2","22","4",2.71742136479779,0.00000000000000000000000000000000000574747481833761
"1375","Connect.22.3","Connect","3","22","4",0.449043365546223,0.00000000000000349596469682738
"1376","Tau1.22.3","Tau1","4","22","4",869.777934924399,0.000000000017099714535598
"1377","Tau2.22.3","Tau2","5","22","4",7785854.62541237,0.000390758639188295
"1378","NPQ.22.3","NPQ","6","22","4",0.42260225018714,0.00000000000000000000000000000000000000000000000000000000000000000000000000000000000000000000000000000000235363804988359
"1379","qP.22.3","qP","7","22","4",0.74362009706748,0.000000000000000000000000000000000000000000000000000000000000000000000000000000000000000512296680609596
"1380","ABQ.22.3","ABQ","8","22","4",0.288945961262584,0.00000000000000000000000000000000000574747481833761
"1381","qm.22.3","qm","9","22","4",0.770699043333288,0.000000000000000000000000000000000000000000000000000000000000000000000000000000000000000256148340304798
"1382","nTau1.22.3","nTau1","10","22","4",1.62224044637116,0.000000000017099714535598
"1383","nTau2.22.3","nTau2","11","22","4",6.18692964709266,0.000390758639188295
"1384","nCon.22.3","nCon","12","22","4",1.30018618428281,0.00000000000000349596469682738
"1385","Fm.22.3","Fm","13","22","4",1709.79584170117,0.00000000000000000000000000000000000000000000000000000000000000000000000000000000000000000000000000000000235363804988359
"1386","Fo.22.3","Fo","14","22","4",1591.24704803153,0.000000000000000000000000000000000000000000000000000000000000000000000000000000000000000512296680609596
"1387","Quant.23.3","Quant","1","23","4",0.207997306961931,0.0000000000000000000000000000000000000000000000000000000000000000000000000000000328176319505405
"1388","Sigma.23.3","Sigma","2","23","4",3.91698643962807,0.000000000000000000000000000000000000000000000000000436204358601915
"1389","Connect.23.3","Connect","3","23","4",0.302076805989437,0.0000000000000000020976848348687
"1390","Tau1.23.3","Tau1","4","23","4",879.555042927785,0.00000000000000000000137236978971396
"1391","Tau2.23.3","Tau2","5","23","4",2222918.83819218,0.0000000000000394561339314727
"1392","NPQ.23.3","NPQ","6","23","4",0.480444634990904,0.000000000000000000000000000000000000000000000000000000000000000000000000000000000000000000000000000000000288779511025093
"1393","qP.23.3","qP","7","23","4",1,0.000000000000000000000000000000000000000000000000000000000000000000000000000000065635263901081
"1394","ABQ.23.3","ABQ","8","23","4",-0.0249382240300766,0.000000000000000000000000000000000000000000000000000436204358601915
"1395","qm.23.3","qm","9","23","4",0.312123146359233,0.0000000000000000000000000000000000000000000000000000000000000000000000000000000328176319505405
"1396","nTau1.23.3","nTau1","10","23","4",1.64047592857273,0.00000000000000000000137236978971396
"1397","nTau2.23.3","nTau2","11","23","4",1.76641398083689,0.0000000000000394561339314727
"1398","nCon.23.3","nCon","12","23","4",0.87465069050066,0.0000000000000000020976848348687
"1399","Fm.23.3","Fm","13","23","4",1642.99248636181,0.000000000000000000000000000000000000000000000000000000000000000000000000000000000000000000000000000000000288779511025093
"1400","Fo.23.3","Fo","14","23","4",1301.25447383986,0.000000000000000000000000000000000000000000000000000000000000000000000000000000065635263901081
"1401","Quant.24.3","Quant","1","24","4",0.220566528522793,0.000000000000000000000000000000000000000000000000000000000000000000000000000000105170495501712
"1402","Sigma.24.3","Sigma","2","24","4",4.21614178098414,0.0000000000000000000000000000000000000000000000000000385299805503146
"1403","Connect.24.3","Connect","3","24","4",0.300614768915508,0.00000000000000000043302655544181
"1404","Tau1.24.3","Tau1","4","24","4",778.443752535046,0.0000000000000000000118524380914576
"1405","Tau2.24.3","Tau2","5","24","4",1898098.88211374,0.00000000000449655363172492
"1406","NPQ.24.3","NPQ","6","24","4",0.423008123087217,0.0000000000000000000000000000000000000000000000000000000000000000000000000000000000000000000000000000000000390727843514449
"1407","qP.24.3","qP","7","24","4",0.972559992948378,0.000000000000000000000000000000000000000000000000000000000000000000000000000000210340991003425
"1408","ABQ.24.3","ABQ","8","24","4",-0.103216703928954,0.0000000000000000000000000000000000000000000000000000385299805503146
"1409","qm.24.3","qm","9","24","4",0.27055493229778,0.000000000000000000000000000000000000000000000000000000000000000000000000000000105170495501712
"1410","nTau1.24.3","nTau1","10","24","4",1.45189121255078,0.0000000000000000000118524380914576
"1411","nTau2.24.3","nTau2","11","24","4",1.50829996344055,0.00000000000449655363172492
"1412","nCon.24.3","nCon","12","24","4",0.870417423626493,0.00000000000000000043302655544181
"1413","Fm.24.3","Fm","13","24","4",1709.30817069948,0.0000000000000000000000000000000000000000000000000000000000000000000000000000000000000000000000000000000000390727843514449
"1414","Fo.24.3","Fo","14","24","4",1332.29200131265,0.000000000000000000000000000000000000000000000000000000000000000000000000000000210340991003425
"1415","Quant.25.3","Quant","1","25","4",0.224996198773609,0.0000000000000000000000000000000000000000000000000000000000000000000000000123218441304217
"1416","Sigma.25.3","Sigma","2","25","4",4.12394937196276,0.00000000000000000000000000000000000000000000000234362023662439
"1417","Connect.25.3","Connect","3","25","4",0.248150285366255,0.00000000000653319461050773
"1418","Tau1.25.3","Tau1","4","25","4",931.809717882752,0.00000000000000000146147966148682
"1419","Tau2.25.3","Tau2","5","25","4",1728171.47470719,0.000000000028726600916137
"1420","NPQ.25.3","NPQ","6","25","4",0.402781654035413,0.00000000000000000000000000000000000000000000000000000000000000000000000000000000000000000000000000000432603837496333
"1421","qP.25.3","qP","7","25","4",0.962367088460551,0.0000000000000000000000000000000000000000000000000000000000000000000000000246436882608434
"1422","ABQ.25.3","ABQ","8","25","4",-0.0790931779919082,0.00000000000000000000000000000000000000000000000234362023662439
"1423","qm.25.3","qm","9","25","4",0.255905378996808,0.0000000000000000000000000000000000000000000000000000000000000000000000000123218441304217
"1424","nTau1.25.3","nTau1","10","25","4",1.73793718140538,0.00000000000000000146147966148682
"1425","nTau2.25.3","nTau2","11","25","4",1.3732693257883,0.000000000028726600916137
"1426","nCon.25.3","nCon","12","25","4",0.71850871745221,0.00000000000653319461050773
"1427","Fm.25.3","Fm","13","25","4",1733.95439323539,0.00000000000000000000000000000000000000000000000000000000000000000000000000000000000000000000000000000432603837496333
"1428","Fo.25.3","Fo","14","25","4",1343.82124591062,0.0000000000000000000000000000000000000000000000000000000000000000000000000246436882608434
"1429","Quant.26.3","Quant","1","26","4",0.232393961589119,0.00000000000000000000000000000000000000000000000000000000000000000000000000000152403469043778
"1430","Sigma.26.3","Sigma","2","26","4",4.12499719356718,0.000000000000000000000000000000000000000000000000000107675106257575
"1431","Connect.26.3","Connect","3","26","4",0.240177510146414,0.0000000000000205687844280405
"1432","Tau1.26.3","Tau1","4","26","4",903.781823236479,0.0000000000000000000122847141761085
"1433","Tau2.26.3","Tau2","5","26","4",1815535.30980708,0.0000000000149108668657903
"1434","NPQ.26.3","NPQ","6","26","4",0.385739686046861,0.00000000000000000000000000000000000000000000000000000000000000000000000000000000000000000000000000000000042512956643794
"1435","qP.26.3","qP","7","26","4",0.959236242846441,0.00000000000000000000000000000000000000000000000000000000000000000000000000000304806938087556
"1436","ABQ.26.3","ABQ","8","26","4",-0.0793673562232826,0.000000000000000000000000000000000000000000000000000107675106257575
"1437","qm.26.3","qm","9","26","4",0.231439918920225,0.00000000000000000000000000000000000000000000000000000000000000000000000000000152403469043778
"1438","nTau1.26.3","nTau1","10","26","4",1.6856617873121,0.0000000000000000000122847141761085
"1439","nTau2.26.3","nTau2","11","26","4",1.44269187828485,0.0000000000149108668657903
"1440","nCon.26.3","nCon","12","26","4",0.695423882029646,0.0000000000000205687844280405
"1441","Fm.26.3","Fm","13","26","4",1755.27874120685,0.00000000000000000000000000000000000000000000000000000000000000000000000000000000000000000000000000000000042512956643794
"1442","Fo.26.3","Fo","14","26","4",1347.36256084463,0.00000000000000000000000000000000000000000000000000000000000000000000000000000304806938087556
"1443","Quant.27.3","Quant","1","27","4",0.2340592940117,0.0000000000000000000000000000000000000000000000000000000000000000000000168574514043329
"1444","Sigma.27.3","Sigma","2","27","4",4.18979762710268,0.000000000000000000000000000000000000000000000125876834863982
"1445","Connect.27.3","Connect","3","27","4",0.271433771997058,0.00000000000395946743051781
"1446","Tau1.27.3","Tau1","4","27","4",927.4216669021,0.000000000000000000509934537049562
"1447","Tau2.27.3","Tau2","5","27","4",1635835.40423379,0.0000000000235770840707228
"1448","NPQ.27.3","NPQ","6","27","4",0.383106337345916,0.00000000000000000000000000000000000000000000000000000000000000000000000000000000000000000000000000208972512396403
"1449","qP.27.3","qP","7","27","4",0.95955751566866,0.0000000000000000000000000000000000000000000000000000000000000000000000337149028086658
"1450","ABQ.27.3","ABQ","8","27","4",-0.0963233611234566,0.000000000000000000000000000000000000000000000125876834863982
"1451","qm.27.3","qm","9","27","4",0.22593242632889,0.0000000000000000000000000000000000000000000000000000000000000000000000168574514043329
"1452","nTau1.27.3","nTau1","10","27","4",1.72975293862832,0.000000000000000000509934537049562
"1453","nTau2.27.3","nTau2","11","27","4",1.29989565014281,0.0000000000235770840707228
"1454","nCon.27.3","nCon","12","27","4",0.785925074004943,0.00000000000395946743051781
"1455","Fm.27.3","Fm","13","27","4",1758.62068308662,0.00000000000000000000000000000000000000000000000000000000000000000000000000000000000000000000000000208972512396403
"1456","Fo.27.3","Fo","14","27","4",1346.99916756899,0.0000000000000000000000000000000000000000000000000000000000000000000000337149028086658
"1457","MTQuant.2.0","MTQuant","15","2","1",0.639978453502001,NA
"1458","PQpool.2.0","PQpool","16","2","1",0.567632266148189,NA
"1459","MTTau1.2.0","MTTau1","17","2","1",17000,NA
"1460","MTTau2.2.0","MTTau2","18","2","1",5010000,NA
"1461","MTQuant.2.1","MTQuant","15","2","2",0.601748113878529,NA
"1462","PQpool.2.1","PQpool","16","2","2",0.58226971172011,NA
"1463","MTTau1.2.1","MTTau1","17","2","2",17000,NA
"1464","MTTau2.2.1","MTTau2","18","2","2",8742050.21294452,NA
"1465","MTQuant.2.2","MTQuant","15","2","3",0.597559572296779,NA
"1466","PQpool.2.2","PQpool","16","2","3",0.583599018340088,NA
"1467","MTTau1.2.2","MTTau1","17","2","3",17000,NA
"1468","MTTau2.2.2","MTTau2","18","2","3",15000000,NA
"1469","MTQuant.2.3","MTQuant","15","2","4",0.579351589597756,NA
"1470","PQpool.2.3","PQpool","16","2","4",0.595830304926897,NA
"1471","MTTau1.2.3","MTTau1","17","2","4",17000,NA
"1472","MTTau2.2.3","MTTau2","18","2","4",15000000,NA
"1473","Ratio12","Ratio12","Ratio12","Ratio12","Ratio12",1.01371333215578,NA
"1474","Ratio32","Ratio32","Ratio32","Ratio32","Ratio32",0.906947298714908,NA
"1475","Ratio42","Ratio42","Ratio42","Ratio42","Ratio42",0.798313685347013,NA
"1476","mean.1.rQuant.All","rQuant","1","All","1",0.117375420520151,NA
"1477","min.1.rQuant.All","rQuant","1","All","1",0.0403465875815245,NA
"1478","max.1.rQuant.All","rQuant","1","All","1",0.324402670924516,NA
"1479","range.1.rQuant.All","rQuant","1","All","1",0.284056083342992,NA
"1480","slope.1.rQuant.All","rQuant","1","All","1",0.00383116718190648,NA
"1481","mean.1.rSigma.All","rSigma","2","All","1",4.13746318940891,NA
"1482","min.1.rSigma.All","rSigma","2","All","1",2.68616339911837,NA
"1483","max.1.rSigma.All","rSigma","2","All","1",5.16263628879166,NA
"1484","range.1.rSigma.All","rSigma","2","All","1",2.47647288967329,NA
"1485","slope.1.rSigma.All","rSigma","2","All","1",0.0404507487234741,NA
"1486","mean.1.rConnect.All","rConnect","3","All","1",0.290675736618697,NA
"1487","min.1.rConnect.All","rConnect","3","All","1",0.108272862591709,NA
"1488","max.1.rConnect.All","rConnect","3","All","1",0.583092444807055,NA
"1489","range.1.rConnect.All","rConnect","3","All","1",0.474819582215346,NA
"1490","slope.1.rConnect.All","rConnect","3","All","1",-0.00400264530296879,NA
"1491","mean.1.rTau1.All","rTau1","4","All","1",1424.76469512808,NA
"1492","min.1.rTau1.All","rTau1","4","All","1",752.893083612825,NA
"1493","max.1.rTau1.All","rTau1","4","All","1",3413.73530330576,NA
"1494","range.1.rTau1.All","rTau1","4","All","1",2660.84221969294,NA
"1495","slope.1.rTau1.All","rTau1","4","All","1",-30.3748020110685,NA
"1496","mean.1.rTau2.All","rTau2","5","All","1",6819442.91544608,NA
"1497","min.1.rTau2.All","rTau2","5","All","1",1534576.21935404,NA
"1498","max.1.rTau2.All","rTau2","5","All","1",19587756.1794026,NA
"1499","range.1.rTau2.All","rTau2","5","All","1",18053179.9600486,NA
"1500","slope.1.rTau2.All","rTau2","5","All","1",-207143.823379263,NA
"1501","mean.1.rNPQ.All","rNPQ","6","All","1",0.239030747544887,NA
"1502","min.1.rNPQ.All","rNPQ","6","All","1",0.0536799910581432,NA
"1503","max.1.rNPQ.All","rNPQ","6","All","1",0.562552605525919,NA
"1504","range.1.rNPQ.All","rNPQ","6","All","1",0.508872614467776,NA
"1505","slope.1.rNPQ.All","rNPQ","6","All","1",0.0046417403759933,NA
"1506","mean.1.rqP.All","rqP","7","All","1",0.645941440510772,NA
"1507","min.1.rqP.All","rqP","7","All","1",0.205876553143941,NA
"1508","max.1.rqP.All","rqP","7","All","1",1.30958008540338,NA
"1509","range.1.rqP.All","rqP","7","All","1",1.10370353225944,NA
"1510","slope.1.rqP.All","rqP","7","All","1",0.0154259276629588,NA
"1511","mean.1.rABQ.All","rABQ","8","All","1",0.126370253283334,NA
"1512","min.1.rABQ.All","rABQ","8","All","1",-0.090096135456295,NA
"1513","max.1.rABQ.All","rABQ","8","All","1",0.432813745384253,NA
"1514","range.1.rABQ.All","rABQ","8","All","1",0.522909880840548,NA
"1515","slope.1.rABQ.All","rABQ","8","All","1",-0.00854121855446329,NA
"1516","mean.1.rqm.All","rqm","9","All","1",0.638179857811767,NA
"1517","min.1.rqm.All","rqm","9","All","1",0,NA
"1518","max.1.rqm.All","rqm","9","All","1",0.875628065988049,NA
"1519","range.1.rqm.All","rqm","9","All","1",0.875628065988049,NA
"1520","slope.1.rqm.All","rqm","9","All","1",-0.0118099125725076,NA
"1521","mean.2.rQuant.All","rQuant","1","All","2",0.110315759682962,NA
"1522","min.2.rQuant.All","rQuant","1","All","2",0.0380568681680014,NA
"1523","max.2.rQuant.All","rQuant","1","All","2",0.305805404877075,NA
"1524","range.2.rQuant.All","rQuant","1","All","2",0.267748536709074,NA
"1525","slope.2.rQuant.All","rQuant","1","All","2",0.00375331400720659,NA
"1526","mean.2.rSigma.All","rSigma","2","All","2",3.81704323122877,NA
"1527","min.2.rSigma.All","rSigma","2","All","2",2.37745113030394,NA
"1528","max.2.rSigma.All","rSigma","2","All","2",5.10875423782088,NA
"1529","range.2.rSigma.All","rSigma","2","All","2",2.73130310751694,NA
"1530","slope.2.rSigma.All","rSigma","2","All","2",0.0552179446346015,NA
"1531","mean.2.rConnect.All","rConnect","3","All","2",0.346484723118528,NA
"1532","min.2.rConnect.All","rConnect","3","All","2",0.169848171305579,NA
"1533","max.2.rConnect.All","rConnect","3","All","2",0.619307991312138,NA
"1534","range.2.rConnect.All","rConnect","3","All","2",0.449459820006559,NA
"1535","slope.2.rConnect.All","rConnect","3","All","2",-0.00640700191430548,NA
"1536","mean.2.rTau1.All","rTau1","4","All","2",1347.64860487641,NA
"1537","min.2.rTau1.All","rTau1","4","All","2",790.831976177371,NA
"1538","max.2.rTau1.All","rTau1","4","All","2",2498.80576968182,NA
"1539","range.2.rTau1.All","rTau1","4","All","2",1707.97379350445,NA
"1540","slope.2.rTau1.All","rTau1","4","All","2",-12.5111082884788,NA
"1541","mean.2.rTau2.All","rTau2","5","All","2",5330146.61295136,NA
"1542","min.2.rTau2.All","rTau2","5","All","2",1209724.94054868,NA
"1543","max.2.rTau2.All","rTau2","5","All","2",11738293.3353554,NA
"1544","range.2.rTau2.All","rTau2","5","All","2",10528568.3948067,NA
"1545","slope.2.rTau2.All","rTau2","5","All","2",-105005.822088273,NA
"1546","mean.2.rNPQ.All","rNPQ","6","All","2",0.301037645417395,NA
"1547","min.2.rNPQ.All","rNPQ","6","All","2",0.0982776814836422,NA
"1548","max.2.rNPQ.All","rNPQ","6","All","2",0.661824901377029,NA
"1549","range.2.rNPQ.All","rNPQ","6","All","2",0.563547219893387,NA
"1550","slope.2.rNPQ.All","rNPQ","6","All","2",0.00452706608182165,NA
"1551","mean.2.rqP.All","rqP","7","All","2",0.688527045345764,NA
"1552","min.2.rqP.All","rqP","7","All","2",0.276753080489616,NA
"1553","max.2.rqP.All","rqP","7","All","2",1.2981440697037,NA
"1554","range.2.rqP.All","rqP","7","All","2",1.02139098921408,NA
"1555","slope.2.rqP.All","rqP","7","All","2",0.0138508402681846,NA
"1556","mean.2.rABQ.All","rABQ","8","All","2",0.195189908421088,NA
"1557","min.2.rABQ.All","rABQ","8","All","2",-0.0771627977268632,NA
"1558","max.2.rABQ.All","rABQ","8","All","2",0.498722821305762,NA
"1559","range.2.rABQ.All","rABQ","8","All","2",0.575885619032625,NA
"1560","slope.2.rABQ.All","rABQ","8","All","2",-0.0116425087131819,NA
"1561","mean.2.rqm.All","rqm","9","All","2",0.639261576402466,NA
"1562","min.2.rqm.All","rqm","9","All","2",0,NA
"1563","max.2.rqm.All","rqm","9","All","2",0.875552009346273,NA
"1564","range.2.rqm.All","rqm","9","All","2",0.875552009346273,NA
"1565","slope.2.rqm.All","rqm","9","All","2",-0.0122735371819714,NA
"1566","mean.3.rQuant.All","rQuant","1","All","3",0.112849628991865,NA
"1567","min.3.rQuant.All","rQuant","1","All","3",0.0375651707704432,NA
"1568","max.3.rQuant.All","rQuant","1","All","3",0.303164067710549,NA
"1569","range.3.rQuant.All","rQuant","1","All","3",0.265598896940106,NA
"1570","slope.3.rQuant.All","rQuant","1","All","3",0.00376181687469969,NA
"1571","mean.3.rSigma.All","rSigma","2","All","3",3.63607500501861,NA
"1572","min.3.rSigma.All","rSigma","2","All","3",2.52074766427229,NA
"1573","max.3.rSigma.All","rSigma","2","All","3",4.58791389777516,NA
"1574","range.3.rSigma.All","rSigma","2","All","3",2.06716623350287,NA
"1575","slope.3.rSigma.All","rSigma","2","All","3",0.0359862108754953,NA
"1576","mean.3.rConnect.All","rConnect","3","All","3",0.324386138015531,NA
"1577","min.3.rConnect.All","rConnect","3","All","3",0.105144012875966,NA
"1578","max.3.rConnect.All","rConnect","3","All","3",0.572744397803379,NA
"1579","range.3.rConnect.All","rConnect","3","All","3",0.467600384927413,NA
"1580","slope.3.rConnect.All","rConnect","3","All","3",-0.00627325639544787,NA
"1581","mean.3.rTau1.All","rTau1","4","All","3",1211.86996414644,NA
"1582","min.3.rTau1.All","rTau1","4","All","3",688.347301065985,NA
"1583","max.3.rTau1.All","rTau1","4","All","3",2994.02398349604,NA
"1584","range.3.rTau1.All","rTau1","4","All","3",2305.67668243005,NA
"1585","slope.3.rTau1.All","rTau1","4","All","3",-20.2940850560793,NA
"1586","mean.3.rTau2.All","rTau2","5","All","3",6589470.00630604,NA
"1587","min.3.rTau2.All","rTau2","5","All","3",1341264.31630165,NA
"1588","max.3.rTau2.All","rTau2","5","All","3",19419156.402986,NA
"1589","range.3.rTau2.All","rTau2","5","All","3",18077892.0866843,NA
"1590","slope.3.rTau2.All","rTau2","5","All","3",-157799.664763657,NA
"1591","mean.3.rNPQ.All","rNPQ","6","All","3",0.297774127025479,NA
"1592","min.3.rNPQ.All","rNPQ","6","All","3",0.0932003099731783,NA
"1593","max.3.rNPQ.All","rNPQ","6","All","3",0.673473317742032,NA
"1594","range.3.rNPQ.All","rNPQ","6","All","3",0.580273007768854,NA
"1595","slope.3.rNPQ.All","rNPQ","6","All","3",0.00470939814975673,NA
"1596","mean.3.rqP.All","rqP","7","All","3",0.682820855745093,NA
"1597","min.3.rqP.All","rqP","7","All","3",0.264661435303413,NA
"1598","max.3.rqP.All","rqP","7","All","3",1.29125449843555,NA
"1599","range.3.rqP.All","rqP","7","All","3",1.02659306313214,NA
"1600","slope.3.rqP.All","rqP","7","All","3",0.0140681196849886,NA
"1601","mean.3.rABQ.All","rABQ","8","All","3",0.133485393750717,NA
"1602","min.3.rABQ.All","rABQ","8","All","3",-0.0933477442432222,NA
"1603","max.3.rABQ.All","rABQ","8","All","3",0.399279534457918,NA
"1604","range.3.rABQ.All","rABQ","8","All","3",0.49262727870114,NA
"1605","slope.3.rABQ.All","rABQ","8","All","3",-0.00857588946986643,NA
"1606","mean.3.rqm.All","rqm","9","All","3",0.627760539551769,NA
"1607","min.3.rqm.All","rqm","9","All","3",0,NA
"1608","max.3.rqm.All","rqm","9","All","3",0.87608963339841,NA
"1609","range.3.rqm.All","rqm","9","All","3",0.87608963339841,NA
"1610","slope.3.rqm.All","rqm","9","All","3",-0.0124085182756268,NA
"1611","mean.4.rQuant.All","rQuant","1","All","4",0.115357781125381,NA
"1612","min.4.rQuant.All","rQuant","1","All","4",0.0420032151272897,NA
"1613","max.4.rQuant.All","rQuant","1","All","4",0.302375789883104,NA
"1614","range.4.rQuant.All","rQuant","1","All","4",0.260372574755814,NA
"1615","slope.4.rQuant.All","rQuant","1","All","4",0.00380955869828701,NA
"1616","mean.4.rSigma.All","rSigma","2","All","4",3.53493245156742,NA
"1617","min.4.rSigma.All","rSigma","2","All","4",2.52750626241122,NA
"1618","max.4.rSigma.All","rSigma","2","All","4",4.21614178098414,NA
"1619","range.4.rSigma.All","rSigma","2","All","4",1.68863551857292,NA
"1620","slope.4.rSigma.All","rSigma","2","All","4",0.0247739334095127,NA
"1621","mean.4.rConnect.All","rConnect","3","All","4",0.321353275622499,NA
"1622","min.4.rConnect.All","rConnect","3","All","4",0.148833227787781,NA
"1623","max.4.rConnect.All","rConnect","3","All","4",0.618569341876777,NA
"1624","range.4.rConnect.All","rConnect","3","All","4",0.469736114088996,NA
"1625","slope.4.rConnect.All","rConnect","3","All","4",-0.00314529683521559,NA
"1626","mean.4.rTau1.All","rTau1","4","All","4",973.517879059284,NA
"1627","min.4.rTau1.All","rTau1","4","All","4",536.158457194203,NA
"1628","max.4.rTau1.All","rTau1","4","All","4",1706.89561974333,NA
"1629","range.4.rTau1.All","rTau1","4","All","4",1170.73716254913,NA
"1630","slope.4.rTau1.All","rTau1","4","All","4",-11.9421623677483,NA
"1631","mean.4.rTau2.All","rTau2","5","All","4",5633527.56381181,NA
"1632","min.4.rTau2.All","rTau2","5","All","4",1258435.9398803,NA
"1633","max.4.rTau2.All","rTau2","5","All","4",10919794.8143541,NA
"1634","range.4.rTau2.All","rTau2","5","All","4",9661358.8744738,NA
"1635","slope.4.rTau2.All","rTau2","5","All","4",-129048.756478418,NA
"1636","mean.4.rNPQ.All","rNPQ","6","All","4",0.328805420143114,NA
"1637","min.4.rNPQ.All","rNPQ","6","All","4",0.121964114434942,NA
"1638","max.4.rNPQ.All","rNPQ","6","All","4",0.726067586513917,NA
"1639","range.4.rNPQ.All","rNPQ","6","All","4",0.604103472078975,NA
"1640","slope.4.rNPQ.All","rNPQ","6","All","4",0.00478452907909204,NA
"1641","mean.4.rqP.All","rqP","7","All","4",0.702101117127778,NA
"1642","min.4.rqP.All","rqP","7","All","4",0.314270203464433,NA
"1643","max.4.rqP.All","rqP","7","All","4",1.2812900036158,NA
"1644","range.4.rqP.All","rqP","7","All","4",0.967019800151367,NA
"1645","slope.4.rqP.All","rqP","7","All","4",0.0133962144932751,NA
"1646","mean.4.rABQ.All","rABQ","8","All","4",0.0750319295667983,NA
"1647","min.4.rABQ.All","rABQ","8","All","4",-0.103216703928954,NA
"1648","max.4.rABQ.All","rABQ","8","All","4",0.338640094943339,NA
"1649","range.4.rABQ.All","rABQ","8","All","4",0.441856798872293,NA
"1650","slope.4.rABQ.All","rABQ","8","All","4",-0.00648247107881141,NA
"1651","mean.4.rqm.All","rqm","9","All","4",0.618495312835802,NA
"1652","min.4.rqm.All","rqm","9","All","4",0,NA
"1653","max.4.rqm.All","rqm","9","All","4",0.861089357902867,NA
"1654","range.4.rqm.All","rqm","9","All","4",0.861089357902867,NA
"1655","slope.4.rqm.All","rqm","9","All","4",-0.0125987556733949,NA
"1656","mean.1.rQuant.L1","rQuant","1","L1","1",0.0516271312917931,NA
"1657","min.1.rQuant.L1","rQuant","1","L1","1",0.0403465875815245,NA
"1658","max.1.rQuant.L1","rQuant","1","L1","1",0.0678137873261126,NA
"1659","range.1.rQuant.L1","rQuant","1","L1","1",0.0274671997445881,NA
"1660","slope.1.rQuant.L1","rQuant","1","L1","1",0.00424370898001678,NA
"1661","mean.1.rSigma.L1","rSigma","2","L1","1",3.49979866667402,NA
"1662","min.1.rSigma.L1","rSigma","2","L1","1",2.68616339911837,NA
"1663","max.1.rSigma.L1","rSigma","2","L1","1",3.96965778060923,NA
"1664","range.1.rSigma.L1","rSigma","2","L1","1",1.28349438149086,NA
"1665","slope.1.rSigma.L1","rSigma","2","L1","1",0.216998429259503,NA
"1666","mean.1.rConnect.L1","rConnect","3","L1","1",0.356256143009429,NA
"1667","min.1.rConnect.L1","rConnect","3","L1","1",0.202527873058883,NA
"1668","max.1.rConnect.L1","rConnect","3","L1","1",0.583092444807055,NA
"1669","range.1.rConnect.L1","rConnect","3","L1","1",0.380564571748172,NA
"1670","slope.1.rConnect.L1","rConnect","3","L1","1",-0.0467498738386506,NA
"1671","mean.1.rTau1.L1","rTau1","4","L1","1",1844.81592927413,NA
"1672","min.1.rTau1.L1","rTau1","4","L1","1",1283.42732147274,NA
"1673","max.1.rTau1.L1","rTau1","4","L1","1",3413.73530330576,NA
"1674","range.1.rTau1.L1","rTau1","4","L1","1",2130.30798183302,NA
"1675","slope.1.rTau1.L1","rTau1","4","L1","1",-300.63540083145,NA
"1676","mean.1.rTau2.L1","rTau2","5","L1","1",10860286.2677983,NA
"1677","min.1.rTau2.L1","rTau2","5","L1","1",5918469.7993812,NA
"1678","max.1.rTau2.L1","rTau2","5","L1","1",19587756.1794026,NA
"1679","range.1.rTau2.L1","rTau2","5","L1","1",13669286.3800214,NA
"1680","slope.1.rTau2.L1","rTau2","5","L1","1",1491453.58930748,NA
"1681","mean.1.rNPQ.L1","rNPQ","6","L1","1",0.147955743101006,NA
"1682","min.1.rNPQ.L1","rNPQ","6","L1","1",0.0536799910581432,NA
"1683","max.1.rNPQ.L1","rNPQ","6","L1","1",0.229968738810538,NA
"1684","range.1.rNPQ.L1","rNPQ","6","L1","1",0.176288747752395,NA
"1685","slope.1.rNPQ.L1","rNPQ","6","L1","1",0.0309504234252632,NA
"1686","mean.1.rqP.L1","rqP","7","L1","1",0.394530326741155,NA
"1687","min.1.rqP.L1","rqP","7","L1","1",0.205876553143941,NA
"1688","max.1.rqP.L1","rqP","7","L1","1",0.558560376592403,NA
"1689","range.1.rqP.L1","rqP","7","L1","1",0.352683823448462,NA
"1690","slope.1.rqP.L1","rqP","7","L1","1",0.0604699261246069,NA
"1691","mean.1.rABQ.L1","rABQ","8","L1","1",0.261013794502771,NA
"1692","min.1.rABQ.L1","rABQ","8","L1","1",0.161802543572373,NA
"1693","max.1.rABQ.L1","rABQ","8","L1","1",0.432813745384253,NA
"1694","range.1.rABQ.L1","rABQ","8","L1","1",0.27101120181188,NA
"1695","slope.1.rABQ.L1","rABQ","8","L1","1",-0.0458194488055316,NA
"1696","mean.1.rqm.L1","rqm","9","L1","1",0.840854789682647,NA
"1697","min.1.rqm.L1","rqm","9","L1","1",0.790957987081765,NA
"1698","max.1.rqm.L1","rqm","9","L1","1",0.875628065988049,NA
"1699","range.1.rqm.L1","rqm","9","L1","1",0.084670078906284,NA
"1700","slope.1.rqm.L1","rqm","9","L1","1",-0.013081609247922,NA
"1701","mean.2.rQuant.L1","rQuant","1","L1","2",0.0460322045158859,NA
"1702","min.2.rQuant.L1","rQuant","1","L1","2",0.0380568681680014,NA
"1703","max.2.rQuant.L1","rQuant","1","L1","2",0.0606000570909982,NA
"1704","range.2.rQuant.L1","rQuant","1","L1","2",0.0225431889229968,NA
"1705","slope.2.rQuant.L1","rQuant","1","L1","2",0.00345096146315499,NA
"1706","mean.2.rSigma.L1","rSigma","2","L1","2",2.96540364965744,NA
"1707","min.2.rSigma.L1","rSigma","2","L1","2",2.37745113030394,NA
"1708","max.2.rSigma.L1","rSigma","2","L1","2",3.52297911406734,NA
"1709","range.2.rSigma.L1","rSigma","2","L1","2",1.1455279837634,NA
"1710","slope.2.rSigma.L1","rSigma","2","L1","2",0.219291358964851,NA
"1711","mean.2.rConnect.L1","rConnect","3","L1","2",0.470386607469687,NA
"1712","min.2.rConnect.L1","rConnect","3","L1","2",0.359892787510818,NA
"1713","max.2.rConnect.L1","rConnect","3","L1","2",0.619307991312138,NA
"1714","range.2.rConnect.L1","rConnect","3","L1","2",0.25941520380132,NA
"1715","slope.2.rConnect.L1","rConnect","3","L1","2",-0.0217319935908927,NA
"1716","mean.2.rTau1.L1","rTau1","4","L1","2",1525.13741388964,NA
"1717","min.2.rTau1.L1","rTau1","4","L1","2",1072.82327788288,NA
"1718","max.2.rTau1.L1","rTau1","4","L1","2",2498.80576968182,NA
"1719","range.2.rTau1.L1","rTau1","4","L1","2",1425.98249179894,NA
"1720","slope.2.rTau1.L1","rTau1","4","L1","2",-202.105765997663,NA
"1721","mean.2.rTau2.L1","rTau2","5","L1","2",7409998.68817881,NA
"1722","min.2.rTau2.L1","rTau2","5","L1","2",4386139.2413238,NA
"1723","max.2.rTau2.L1","rTau2","5","L1","2",11738293.3353554,NA
"1724","range.2.rTau2.L1","rTau2","5","L1","2",7352154.0940316,NA
"1725","slope.2.rTau2.L1","rTau2","5","L1","2",1221428.47212937,NA
"1726","mean.2.rNPQ.L1","rNPQ","6","L1","2",0.206971095602854,NA
"1727","min.2.rNPQ.L1","rNPQ","6","L1","2",0.0982776814836422,NA
"1728","max.2.rNPQ.L1","rNPQ","6","L1","2",0.295047499157653,NA
"1729","range.2.rNPQ.L1","rNPQ","6","L1","2",0.196769817674011,NA
"1730","slope.2.rNPQ.L1","rNPQ","6","L1","2",0.034117258343967,NA
"1731","mean.2.rqP.L1","rqP","7","L1","2",0.460807450199794,NA
"1732","min.2.rqP.L1","rqP","7","L1","2",0.276753080489616,NA
"1733","max.2.rqP.L1","rqP","7","L1","2",0.612255683458724,NA
"1734","range.2.rqP.L1","rqP","7","L1","2",0.335502602969108,NA
"1735","slope.2.rqP.L1","rqP","7","L1","2",0.0569609660202988,NA
"1736","mean.2.rABQ.L1","rABQ","8","L1","2",0.374755108005167,NA
"1737","min.2.rABQ.L1","rABQ","8","L1","2",0.257192289511904,NA
"1738","max.2.rABQ.L1","rABQ","8","L1","2",0.498722821305762,NA
"1739","range.2.rABQ.L1","rABQ","8","L1","2",0.241530531793858,NA
"1740","slope.2.rABQ.L1","rABQ","8","L1","2",-0.0462368089643435,NA
"1741","mean.2.rqm.L1","rqm","9","L1","2",0.849472233708918,NA
"1742","min.2.rqm.L1","rqm","9","L1","2",0.80183457805346,NA
"1743","max.2.rqm.L1","rqm","9","L1","2",0.875552009346273,NA
"1744","range.2.rqm.L1","rqm","9","L1","2",0.0737174312928129,NA
"1745","slope.2.rqm.L1","rqm","9","L1","2",-0.0112848282212087,NA
"1746","mean.3.rQuant.L1","rQuant","1","L1","3",0.0496693684200651,NA
"1747","min.3.rQuant.L1","rQuant","1","L1","3",0.0375651707704432,NA
"1748","max.3.rQuant.L1","rQuant","1","L1","3",0.062872538997597,NA
"1749","range.3.rQuant.L1","rQuant","1","L1","3",0.0253073682271538,NA
"1750","slope.3.rQuant.L1","rQuant","1","L1","3",0.00356618646087748,NA
"1751","mean.3.rSigma.L1","rSigma","2","L1","3",3.09405182381415,NA
"1752","min.3.rSigma.L1","rSigma","2","L1","3",2.52074766427229,NA
"1753","max.3.rSigma.L1","rSigma","2","L1","3",3.65341560260273,NA
"1754","range.3.rSigma.L1","rSigma","2","L1","3",1.13266793833044,NA
"1755","slope.3.rSigma.L1","rSigma","2","L1","3",0.178487544372635,NA
"1756","mean.3.rConnect.L1","rConnect","3","L1","3",0.409698320489733,NA
"1757","min.3.rConnect.L1","rConnect","3","L1","3",0.208778821409142,NA
"1758","max.3.rConnect.L1","rConnect","3","L1","3",0.572744397803379,NA
"1759","range.3.rConnect.L1","rConnect","3","L1","3",0.363965576394237,NA
"1760","slope.3.rConnect.L1","rConnect","3","L1","3",-0.0491911904575338,NA
"1761","mean.3.rTau1.L1","rTau1","4","L1","3",1519.17069566661,NA
"1762","min.3.rTau1.L1","rTau1","4","L1","3",872.289209079719,NA
"1763","max.3.rTau1.L1","rTau1","4","L1","3",2994.02398349604,NA
"1764","range.3.rTau1.L1","rTau1","4","L1","3",2121.73477441632,NA
"1765","slope.3.rTau1.L1","rTau1","4","L1","3",-190.311632336569,NA
"1766","mean.3.rTau2.L1","rTau2","5","L1","3",9823415.29467115,NA
"1767","min.3.rTau2.L1","rTau2","5","L1","3",4488846.71692754,NA
"1768","max.3.rTau2.L1","rTau2","5","L1","3",19419156.402986,NA
"1769","range.3.rTau2.L1","rTau2","5","L1","3",14930309.6860585,NA
"1770","slope.3.rTau2.L1","rTau2","5","L1","3",1325046.53230239,NA
"1771","mean.3.rNPQ.L1","rNPQ","6","L1","3",0.199531338296304,NA
"1772","min.3.rNPQ.L1","rNPQ","6","L1","3",0.0932003099731783,NA
"1773","max.3.rNPQ.L1","rNPQ","6","L1","3",0.292266560976379,NA
"1774","range.3.rNPQ.L1","rNPQ","6","L1","3",0.199066251003201,NA
"1775","slope.3.rNPQ.L1","rNPQ","6","L1","3",0.0343404503610551,NA
"1776","mean.3.rqP.L1","rqP","7","L1","3",0.453023277515279,NA
"1777","min.3.rqP.L1","rqP","7","L1","3",0.264661435303413,NA
"1778","max.3.rqP.L1","rqP","7","L1","3",0.608056139652203,NA
"1779","range.3.rqP.L1","rqP","7","L1","3",0.34339470434879,NA
"1780","slope.3.rqP.L1","rqP","7","L1","3",0.0574425390770359,NA
"1781","mean.3.rABQ.L1","rABQ","8","L1","3",0.262655172369451,NA
"1782","min.3.rABQ.L1","rABQ","8","L1","3",0.129352948444449,NA
"1783","max.3.rABQ.L1","rABQ","8","L1","3",0.399279534457918,NA
"1784","range.3.rABQ.L1","rABQ","8","L1","3",0.269926586013469,NA
"1785","slope.3.rABQ.L1","rABQ","8","L1","3",-0.042535443856077,NA
"1786","mean.3.rqm.L1","rqm","9","L1","3",0.836163405527703,NA
"1787","min.3.rqm.L1","rqm","9","L1","3",0.792612167159514,NA
"1788","max.3.rqm.L1","rqm","9","L1","3",0.87608963339841,NA
"1789","range.3.rqm.L1","rqm","9","L1","3",0.083477466238896,NA
"1790","slope.3.rqm.L1","rqm","9","L1","3",-0.0117632227585835,NA
"1791","mean.4.rQuant.L1","rQuant","1","L1","4",0.0519418351419595,NA
"1792","min.4.rQuant.L1","rQuant","1","L1","4",0.0420032151272897,NA
"1793","max.4.rQuant.L1","rQuant","1","L1","4",0.0647197666917695,NA
"1794","range.4.rQuant.L1","rQuant","1","L1","4",0.0227165515644798,NA
"1795","slope.4.rQuant.L1","rQuant","1","L1","4",0.00304804633842099,NA
"1796","mean.4.rSigma.L1","rSigma","2","L1","4",3.12486170914225,NA
"1797","min.4.rSigma.L1","rSigma","2","L1","4",2.52750626241122,NA
"1798","max.4.rSigma.L1","rSigma","2","L1","4",3.74725438676119,NA
"1799","range.4.rSigma.L1","rSigma","2","L1","4",1.21974812434997,NA
"1800","slope.4.rSigma.L1","rSigma","2","L1","4",0.19793635218301,NA
"1801","mean.4.rConnect.L1","rConnect","3","L1","4",0.3623647590049,NA
"1802","min.4.rConnect.L1","rConnect","3","L1","4",0.148833227787781,NA
"1803","max.4.rConnect.L1","rConnect","3","L1","4",0.618569341876777,NA
"1804","range.4.rConnect.L1","rConnect","3","L1","4",0.469736114088996,NA
"1805","slope.4.rConnect.L1","rConnect","3","L1","4",-0.0491903609382516,NA
"1806","mean.4.rTau1.L1","rTau1","4","L1","4",1160.10894077584,NA
"1807","min.4.rTau1.L1","rTau1","4","L1","4",779.847136103446,NA
"1808","max.4.rTau1.L1","rTau1","4","L1","4",1706.89561974333,NA
"1809","range.4.rTau1.L1","rTau1","4","L1","4",927.048483639884,NA
"1810","slope.4.rTau1.L1","rTau1","4","L1","4",-130.673019085459,NA
"1811","mean.4.rTau2.L1","rTau2","5","L1","4",7952410.3822577,NA
"1812","min.4.rTau2.L1","rTau2","5","L1","4",5109705.30734976,NA
"1813","max.4.rTau2.L1","rTau2","5","L1","4",10919794.8143541,NA
"1814","range.4.rTau2.L1","rTau2","5","L1","4",5810089.50700434,NA
"1815","slope.4.rTau2.L1","rTau2","5","L1","4",507675.496150929,NA
"1816","mean.4.rNPQ.L1","rNPQ","6","L1","4",0.22684592593942,NA
"1817","min.4.rNPQ.L1","rNPQ","6","L1","4",0.121964114434942,NA
"1818","max.4.rNPQ.L1","rNPQ","6","L1","4",0.317083460627951,NA
"1819","range.4.rNPQ.L1","rNPQ","6","L1","4",0.195119346193009,NA
"1820","slope.4.rNPQ.L1","rNPQ","6","L1","4",0.0342350530216471,NA
"1821","mean.4.rqP.L1","rqP","7","L1","4",0.482765671696965,NA
"1822","min.4.rqP.L1","rqP","7","L1","4",0.314270203464433,NA
"1823","max.4.rqP.L1","rqP","7","L1","4",0.623377536676604,NA
"1824","range.4.rqP.L1","rqP","7","L1","4",0.309107333212171,NA
"1825","slope.4.rqP.L1","rqP","7","L1","4",0.0523136604407289,NA
"1826","mean.4.rABQ.L1","rABQ","8","L1","4",0.182333086960607,NA
"1827","min.4.rABQ.L1","rABQ","8","L1","4",0.0194747121665769,NA
"1828","max.4.rABQ.L1","rABQ","8","L1","4",0.338640094943339,NA
"1829","range.4.rABQ.L1","rABQ","8","L1","4",0.319165382776762,NA
"1830","slope.4.rABQ.L1","rABQ","8","L1","4",-0.0517930139417867,NA
"1831","mean.4.rqm.L1","rqm","9","L1","4",0.828220919531819,NA
"1832","min.4.rqm.L1","rqm","9","L1","4",0.785962471675429,NA
"1833","max.4.rqm.L1","rqm","9","L1","4",0.861089357902867,NA
"1834","range.4.rqm.L1","rqm","9","L1","4",0.075126886227438,NA
"1835","slope.4.rqm.L1","rqm","9","L1","4",-0.0100803253448277,NA
"1836","mean.1.rQuant.L2","rQuant","1","L2","1",0.124931886253727,NA
"1837","min.1.rQuant.L2","rQuant","1","L2","1",0.102769785456724,NA
"1838","max.1.rQuant.L2","rQuant","1","L2","1",0.140565779770175,NA
"1839","range.1.rQuant.L2","rQuant","1","L2","1",0.037795994313451,NA
"1840","slope.1.rQuant.L2","rQuant","1","L2","1",0.00733583888942203,NA
"1841","mean.1.rSigma.L2","rSigma","2","L2","1",4.72595400560145,NA
"1842","min.1.rSigma.L2","rSigma","2","L2","1",4.45371393733807,NA
"1843","max.1.rSigma.L2","rSigma","2","L2","1",4.99355204374064,NA
"1844","range.1.rSigma.L2","rSigma","2","L2","1",0.53983810640257,NA
"1845","slope.1.rSigma.L2","rSigma","2","L2","1",0.087964635263121,NA
"1846","mean.1.rConnect.L2","rConnect","3","L2","1",0.233552863445561,NA
"1847","min.1.rConnect.L2","rConnect","3","L2","1",0.216612822231714,NA
"1848","max.1.rConnect.L2","rConnect","3","L2","1",0.259787538168544,NA
"1849","range.1.rConnect.L2","rConnect","3","L2","1",0.04317471593683,NA
"1850","slope.1.rConnect.L2","rConnect","3","L2","1",-0.00283897047593705,NA
"1851","mean.1.rTau1.L2","rTau1","4","L2","1",1459.81894337771,NA
"1852","min.1.rTau1.L2","rTau1","4","L2","1",1289.88076055065,NA
"1853","max.1.rTau1.L2","rTau1","4","L2","1",1590.54682579551,NA
"1854","range.1.rTau1.L2","rTau1","4","L2","1",300.66606524486,NA
"1855","slope.1.rTau1.L2","rTau1","4","L2","1",18.0288793177556,NA
"1856","mean.1.rTau2.L2","rTau2","5","L2","1",4539813.42413906,NA
"1857","min.1.rTau2.L2","rTau2","5","L2","1",3617295.11407721,NA
"1858","max.1.rTau2.L2","rTau2","5","L2","1",5793908.31722417,NA
"1859","range.1.rTau2.L2","rTau2","5","L2","1",2176613.20314696,NA
"1860","slope.1.rTau2.L2","rTau2","5","L2","1",-316659.230180286,NA
"1861","mean.1.rNPQ.L2","rNPQ","6","L2","1",0.21234842808877,NA
"1862","min.1.rNPQ.L2","rNPQ","6","L2","1",0.187855194718936,NA
"1863","max.1.rNPQ.L2","rNPQ","6","L2","1",0.247967813459837,NA
"1864","range.1.rNPQ.L2","rNPQ","6","L2","1",0.060112618740901,NA
"1865","slope.1.rNPQ.L2","rNPQ","6","L2","1",-0.0113046181429406,NA
"1866","mean.1.rqP.L2","rqP","7","L2","1",0.641789992637914,NA
"1867","min.1.rqP.L2","rqP","7","L2","1",0.637870286343778,NA
"1868","max.1.rqP.L2","rqP","7","L2","1",0.648401376222633,NA
"1869","range.1.rqP.L2","rqP","7","L2","1",0.0105310898788551,NA
"1870","slope.1.rqP.L2","rqP","7","L2","1",-0.00155671474557476,NA
"1871","mean.1.rABQ.L2","rABQ","8","L2","1",0.00210979242620016,NA
"1872","min.1.rABQ.L2","rABQ","8","L2","1",-0.0543938175345731,NA
"1873","max.1.rABQ.L2","rABQ","8","L2","1",0.0595935719778554,NA
"1874","range.1.rABQ.L2","rABQ","8","L2","1",0.113987389512428,NA
"1875","slope.1.rABQ.L2","rABQ","8","L2","1",-0.0185738261603542,NA
"1876","mean.1.rqm.L2","rqm","9","L2","1",0.614886382107511,NA
"1877","min.1.rqm.L2","rqm","9","L2","1",0.566693518984983,NA
"1878","max.1.rqm.L2","rqm","9","L2","1",0.683203023070554,NA
"1879","range.1.rqm.L2","rqm","9","L2","1",0.116509504085571,NA
"1880","slope.1.rqm.L2","rqm","9","L2","1",-0.0226133738927471,NA
"1881","mean.2.rQuant.L2","rQuant","1","L2","2",0.117862458104522,NA
"1882","min.2.rQuant.L2","rQuant","1","L2","2",0.0990438933703074,NA
"1883","max.2.rQuant.L2","rQuant","1","L2","2",0.135137154873017,NA
"1884","range.2.rQuant.L2","rQuant","1","L2","2",0.0360932615027096,NA
"1885","slope.2.rQuant.L2","rQuant","1","L2","2",0.00679416751983042,NA
"1886","mean.2.rSigma.L2","rSigma","2","L2","2",4.37889917511123,NA
"1887","min.2.rSigma.L2","rSigma","2","L2","2",3.95314895337999,NA
"1888","max.2.rSigma.L2","rSigma","2","L2","2",4.69327120001777,NA
"1889","range.2.rSigma.L2","rSigma","2","L2","2",0.740122246637779,NA
"1890","slope.2.rSigma.L2","rSigma","2","L2","2",0.117333263267423,NA
"1891","mean.2.rConnect.L2","rConnect","3","L2","2",0.22720580571909,NA
"1892","min.2.rConnect.L2","rConnect","3","L2","2",0.169848171305579,NA
"1893","max.2.rConnect.L2","rConnect","3","L2","2",0.261272710284739,NA
"1894","range.2.rConnect.L2","rConnect","3","L2","2",0.09142453897916,NA
"1895","slope.2.rConnect.L2","rConnect","3","L2","2",0.00858994879827344,NA
"1896","mean.2.rTau1.L2","rTau1","4","L2","2",1536.22849210333,NA
"1897","min.2.rTau1.L2","rTau1","4","L2","2",1484.30819575216,NA
"1898","max.2.rTau1.L2","rTau1","4","L2","2",1580.66556730269,NA
"1899","range.2.rTau1.L2","rTau1","4","L2","2",96.3573715505302,NA
"1900","slope.2.rTau1.L2","rTau1","4","L2","2",-8.32615441052497,NA
"1901","mean.2.rTau2.L2","rTau2","5","L2","2",4237923.00573658,NA
"1902","min.2.rTau2.L2","rTau2","5","L2","2",3475514.49445024,NA
"1903","max.2.rTau2.L2","rTau2","5","L2","2",5397181.56114704,NA
"1904","range.2.rTau2.L2","rTau2","5","L2","2",1921667.0666968,NA
"1905","slope.2.rTau2.L2","rTau2","5","L2","2",-380009.81544886,NA
"1906","mean.2.rNPQ.L2","rNPQ","6","L2","2",0.270515951690274,NA
"1907","min.2.rNPQ.L2","rNPQ","6","L2","2",0.243914323396597,NA
"1908","max.2.rNPQ.L2","rNPQ","6","L2","2",0.308896340422318,NA
"1909","range.2.rNPQ.L2","rNPQ","6","L2","2",0.064982017025721,NA
"1910","slope.2.rNPQ.L2","rNPQ","6","L2","2",-0.012348617346486,NA
"1911","mean.2.rqP.L2","rqP","7","L2","2",0.681411529200953,NA
"1912","min.2.rqP.L2","rqP","7","L2","2",0.673996695008888,NA
"1913","max.2.rqP.L2","rqP","7","L2","2",0.694848270642095,NA
"1914","range.2.rqP.L2","rqP","7","L2","2",0.0208515756332069,NA
"1915","slope.2.rqP.L2","rqP","7","L2","2",-0.0030794654664989,NA
"1916","mean.2.rABQ.L2","rABQ","8","L2","2",0.0767245659406388,NA
"1917","min.2.rABQ.L2","rABQ","8","L2","2",0.0104403341863573,NA
"1918","max.2.rABQ.L2","rABQ","8","L2","2",0.166492497343124,NA
"1919","range.2.rABQ.L2","rABQ","8","L2","2",0.156052163156767,NA
"1920","slope.2.rABQ.L2","rABQ","8","L2","2",-0.0247393043869481,NA
"1921","mean.2.rqm.L2","rqm","9","L2","2",0.614583469667911,NA
"1922","min.2.rqm.L2","rqm","9","L2","2",0.558094288989632,NA
"1923","max.2.rqm.L2","rqm","9","L2","2",0.676121181016666,NA
"1924","range.2.rqm.L2","rqm","9","L2","2",0.118026892027034,NA
"1925","slope.2.rqm.L2","rqm","9","L2","2",-0.0222172905104852,NA
"1926","mean.3.rQuant.L2","rQuant","1","L2","3",0.119924580701752,NA
"1927","min.3.rQuant.L2","rQuant","1","L2","3",0.0999271341165844,NA
"1928","max.3.rQuant.L2","rQuant","1","L2","3",0.134216596729462,NA
"1929","range.3.rQuant.L2","rQuant","1","L2","3",0.0342894626128776,NA
"1930","slope.3.rQuant.L2","rQuant","1","L2","3",0.00685260650798136,NA
"1931","mean.3.rSigma.L2","rSigma","2","L2","3",4.08274077805215,NA
"1932","min.3.rSigma.L2","rSigma","2","L2","3",3.77402374417442,NA
"1933","max.3.rSigma.L2","rSigma","2","L2","3",4.30594253362094,NA
"1934","range.3.rSigma.L2","rSigma","2","L2","3",0.53191878944652,NA
"1935","slope.3.rSigma.L2","rSigma","2","L2","3",0.0967405430325415,NA
"1936","mean.3.rConnect.L2","rConnect","3","L2","3",0.276927062625696,NA
"1937","min.3.rConnect.L2","rConnect","3","L2","3",0.24123782410598,NA
"1938","max.3.rConnect.L2","rConnect","3","L2","3",0.30087540370394,NA
"1939","range.3.rConnect.L2","rConnect","3","L2","3",0.05963757959796,NA
"1940","slope.3.rConnect.L2","rConnect","3","L2","3",-0.00266267931977944,NA
"1941","mean.3.rTau1.L2","rTau1","4","L2","3",1244.11652854451,NA
"1942","min.3.rTau1.L2","rTau1","4","L2","3",1190.5987049779,NA
"1943","max.3.rTau1.L2","rTau1","4","L2","3",1338.17422560564,NA
"1944","range.3.rTau1.L2","rTau1","4","L2","3",147.57552062774,NA
"1945","slope.3.rTau1.L2","rTau1","4","L2","3",-14.8009716502489,NA
"1946","mean.3.rTau2.L2","rTau2","5","L2","3",4332422.20840204,NA
"1947","min.3.rTau2.L2","rTau2","5","L2","3",3355125.51577765,NA
"1948","max.3.rTau2.L2","rTau2","5","L2","3",5700326.882077,NA
"1949","range.3.rTau2.L2","rTau2","5","L2","3",2345201.36629935,NA
"1950","slope.3.rTau2.L2","rTau2","5","L2","3",-382073.362457397,NA
"1951","mean.3.rNPQ.L2","rNPQ","6","L2","3",0.269361797495014,NA
"1952","min.3.rNPQ.L2","rNPQ","6","L2","3",0.244347513608402,NA
"1953","max.3.rNPQ.L2","rNPQ","6","L2","3",0.304053871751952,NA
"1954","range.3.rNPQ.L2","rNPQ","6","L2","3",0.05970635814355,NA
"1955","slope.3.rNPQ.L2","rNPQ","6","L2","3",-0.0117577153303192,NA
"1956","mean.3.rqP.L2","rqP","7","L2","3",0.678483283330877,NA
"1957","min.3.rqP.L2","rqP","7","L2","3",0.672124651502303,NA
"1958","max.3.rqP.L2","rqP","7","L2","3",0.685429367644191,NA
"1959","range.3.rqP.L2","rqP","7","L2","3",0.013304716141888,NA
"1960","slope.3.rqP.L2","rqP","7","L2","3",-0.00226273397459784,NA
"1961","mean.3.rABQ.L2","rABQ","8","L2","3",0.027040280294315,NA
"1962","min.3.rABQ.L2","rABQ","8","L2","3",-0.026151026560987,NA
"1963","max.3.rABQ.L2","rABQ","8","L2","3",0.100610770089985,NA
"1964","range.3.rABQ.L2","rABQ","8","L2","3",0.126761796650972,NA
"1965","slope.3.rABQ.L2","rABQ","8","L2","3",-0.0230542806291084,NA
"1966","mean.3.rqm.L2","rqm","9","L2","3",0.604423500425347,NA
"1967","min.3.rqm.L2","rqm","9","L2","3",0.557280657490029,NA
"1968","max.3.rqm.L2","rqm","9","L2","3",0.670385956781687,NA
"1969","range.3.rqm.L2","rqm","9","L2","3",0.113105299291658,NA
"1970","slope.3.rqm.L2","rqm","9","L2","3",-0.0226036237068971,NA
"1971","mean.4.rQuant.L2","rQuant","1","L2","4",0.123227724942024,NA
"1972","min.4.rQuant.L2","rQuant","1","L2","4",0.106404151305665,NA
"1973","max.4.rQuant.L2","rQuant","1","L2","4",0.135921469418081,NA
"1974","range.4.rQuant.L2","rQuant","1","L2","4",0.029517318112416,NA
"1975","slope.4.rQuant.L2","rQuant","1","L2","4",0.00649403174534897,NA
"1976","mean.4.rSigma.L2","rSigma","2","L2","4",3.96559624887644,NA
"1977","min.4.rSigma.L2","rSigma","2","L2","4",3.82919613257857,NA
"1978","max.4.rSigma.L2","rSigma","2","L2","4",4.04816821618534,NA
"1979","range.4.rSigma.L2","rSigma","2","L2","4",0.21897208360677,NA
"1980","slope.4.rSigma.L2","rSigma","2","L2","4",-0.00780185063442377,NA
"1981","mean.4.rConnect.L2","rConnect","3","L2","4",0.280901588512097,NA
"1982","min.4.rConnect.L2","rConnect","3","L2","4",0.248240534325246,NA
"1983","max.4.rConnect.L2","rConnect","3","L2","4",0.356139700448243,NA
"1984","range.4.rConnect.L2","rConnect","3","L2","4",0.107899166122997,NA
"1985","slope.4.rConnect.L2","rConnect","3","L2","4",-0.00653537583029756,NA
"1986","mean.4.rTau1.L2","rTau1","4","L2","4",1007.75121952652,NA
"1987","min.4.rTau1.L2","rTau1","4","L2","4",845.447788717564,NA
"1988","max.4.rTau1.L2","rTau1","4","L2","4",1172.31534658029,NA
"1989","range.4.rTau1.L2","rTau1","4","L2","4",326.867557862726,NA
"1990","slope.4.rTau1.L2","rTau1","4","L2","4",-5.50067117392664,NA
"1991","mean.4.rTau2.L2","rTau2","5","L2","4",4252970.86772356,NA
"1992","min.4.rTau2.L2","rTau2","5","L2","4",2940334.81508959,NA
"1993","max.4.rTau2.L2","rTau2","5","L2","4",5157278.50626306,NA
"1994","range.4.rTau2.L2","rTau2","5","L2","4",2216943.69117347,NA
"1995","slope.4.rTau2.L2","rTau2","5","L2","4",-340655.206937893,NA
"1996","mean.4.rNPQ.L2","rNPQ","6","L2","4",0.299085979901259,NA
"1997","min.4.rNPQ.L2","rNPQ","6","L2","4",0.274511975611232,NA
"1998","max.4.rNPQ.L2","rNPQ","6","L2","4",0.330453172152469,NA
"1999","range.4.rNPQ.L2","rNPQ","6","L2","4",0.055941196541237,NA
"2000","slope.4.rNPQ.L2","rNPQ","6","L2","4",-0.0116632943227046,NA
"2001","mean.4.rqP.L2","rqP","7","L2","4",0.699012287401736,NA
"2002","min.4.rqP.L2","rqP","7","L2","4",0.69250620938894,NA
"2003","max.4.rqP.L2","rqP","7","L2","4",0.706097829923541,NA
"2004","range.4.rqP.L2","rqP","7","L2","4",0.0135916205346009,NA
"2005","slope.4.rqP.L2","rqP","7","L2","4",-0.00227272327622282,NA
"2006","mean.4.rABQ.L2","rABQ","8","L2","4",-0.037657709361303,NA
"2007","min.4.rABQ.L2","rABQ","8","L2","4",-0.0592639024979571,NA
"2008","max.4.rABQ.L2","rABQ","8","L2","4",-0.001966574068758,NA
"2009","range.4.rABQ.L2","rABQ","8","L2","4",0.0572973284291991,NA
"2010","slope.4.rABQ.L2","rABQ","8","L2","4",0.00204147118113414,NA
"2011","mean.4.rqm.L2","rqm","9","L2","4",0.592468282630488,NA
"2012","min.4.rqm.L2","rqm","9","L2","4",0.550488253472187,NA
"2013","max.4.rqm.L2","rqm","9","L2","4",0.64810624770323,NA
"2014","range.4.rqm.L2","rqm","9","L2","4",0.097617994231043,NA
"2015","slope.4.rqm.L2","rqm","9","L2","4",-0.0214766921249203,NA
"2016","mean.1.rQuant.L3","rQuant","1","L3","1",0.0664757760446941,NA
"2017","min.1.rQuant.L3","rQuant","1","L3","1",0.0576536843880462,NA
"2018","max.1.rQuant.L3","rQuant","1","L3","1",0.0728471202153707,NA
"2019","range.1.rQuant.L3","rQuant","1","L3","1",0.0151934358273245,NA
"2020","slope.1.rQuant.L3","rQuant","1","L3","1",0.00231584939763041,NA
"2021","mean.1.rSigma.L3","rSigma","2","L3","1",3.55767210320889,NA
"2022","min.1.rSigma.L3","rSigma","2","L3","1",3.19026708828919,NA
"2023","max.1.rSigma.L3","rSigma","2","L3","1",3.87818724845153,NA
"2024","range.1.rSigma.L3","rSigma","2","L3","1",0.68792016016234,NA
"2025","slope.1.rSigma.L3","rSigma","2","L3","1",0.0348116165761424,NA
"2026","mean.1.rConnect.L3","rConnect","3","L3","1",0.302501053724363,NA
"2027","min.1.rConnect.L3","rConnect","3","L3","1",0.108272862591709,NA
"2028","max.1.rConnect.L3","rConnect","3","L3","1",0.542111017243999,NA
"2029","range.1.rConnect.L3","rConnect","3","L3","1",0.43383815465229,NA
"2030","slope.1.rConnect.L3","rConnect","3","L3","1",-0.00599963334598282,NA
"2031","mean.1.rTau1.L3","rTau1","4","L3","1",1287.18525904373,NA
"2032","min.1.rTau1.L3","rTau1","4","L3","1",1087.98011910307,NA
"2033","max.1.rTau1.L3","rTau1","4","L3","1",1559.78519725837,NA
"2034","range.1.rTau1.L3","rTau1","4","L3","1",471.8050781553,NA
"2035","slope.1.rTau1.L3","rTau1","4","L3","1",-33.8004602214982,NA
"2036","mean.1.rTau2.L3","rTau2","5","L3","1",9144957.02308523,NA
"2037","min.1.rTau2.L3","rTau2","5","L3","1",6996529.81362899,NA
"2038","max.1.rTau2.L3","rTau2","5","L3","1",11152539.8677468,NA
"2039","range.1.rTau2.L3","rTau2","5","L3","1",4156010.05411781,NA
"2040","slope.1.rTau2.L3","rTau2","5","L3","1",-237465.088471681,NA
"2041","mean.1.rNPQ.L3","rNPQ","6","L3","1",0.252307436090986,NA
"2042","min.1.rNPQ.L3","rNPQ","6","L3","1",0.175885211203152,NA
"2043","max.1.rNPQ.L3","rNPQ","6","L3","1",0.325462260019543,NA
"2044","range.1.rNPQ.L3","rNPQ","6","L3","1",0.149577048816391,NA
"2045","slope.1.rNPQ.L3","rNPQ","6","L3","1",0.023631000110812,NA
"2046","mean.1.rqP.L3","rqP","7","L3","1",0.584470974930825,NA
"2047","min.1.rqP.L3","rqP","7","L3","1",0.45820442781314,NA
"2048","max.1.rqP.L3","rqP","7","L3","1",0.693295139687119,NA
"2049","range.1.rqP.L3","rqP","7","L3","1",0.235090711873979,NA
"2050","slope.1.rqP.L3","rqP","7","L3","1",0.0368278964984347,NA
"2051","mean.1.rABQ.L3","rABQ","8","L3","1",0.248793756912828,NA
"2052","min.1.rABQ.L3","rABQ","8","L3","1",0.181116643585522,NA
"2053","max.1.rABQ.L3","rABQ","8","L3","1",0.32637171602274,NA
"2054","range.1.rABQ.L3","rABQ","8","L3","1",0.145255072437218,NA
"2055","slope.1.rABQ.L3","rABQ","8","L3","1",-0.00735050981240445,NA
"2056","mean.1.rqm.L3","rqm","9","L3","1",0.79508252550682,NA
"2057","min.1.rqm.L3","rqm","9","L3","1",0.775442292112567,NA
"2058","max.1.rqm.L3","rqm","9","L3","1",0.822277405350151,NA
"2059","range.1.rqm.L3","rqm","9","L3","1",0.046835113237584,NA
"2060","slope.1.rqm.L3","rqm","9","L3","1",-0.00713881112948439,NA
"2061","mean.2.rQuant.L3","rQuant","1","L3","2",0.0633756341658918,NA
"2062","min.2.rQuant.L3","rQuant","1","L3","2",0.0567601456038529,NA
"2063","max.2.rQuant.L3","rQuant","1","L3","2",0.0690827691898304,NA
"2064","range.2.rQuant.L3","rQuant","1","L3","2",0.0123226235859775,NA
"2065","slope.2.rQuant.L3","rQuant","1","L3","2",0.00180458434278435,NA
"2066","mean.2.rSigma.L3","rSigma","2","L3","2",3.25189607651516,NA
"2067","min.2.rSigma.L3","rSigma","2","L3","2",2.977853244005,NA
"2068","max.2.rSigma.L3","rSigma","2","L3","2",3.48348647419924,NA
"2069","range.2.rSigma.L3","rSigma","2","L3","2",0.50563323019424,NA
"2070","slope.2.rSigma.L3","rSigma","2","L3","2",0.0210144249560421,NA
"2071","mean.2.rConnect.L3","rConnect","3","L3","2",0.384245599770251,NA
"2072","min.2.rConnect.L3","rConnect","3","L3","2",0.297101119465502,NA
"2073","max.2.rConnect.L3","rConnect","3","L3","2",0.492726507598945,NA
"2074","range.2.rConnect.L3","rConnect","3","L3","2",0.195625388133443,NA
"2075","slope.2.rConnect.L3","rConnect","3","L3","2",-0.0121635567139153,NA
"2076","mean.2.rTau1.L3","rTau1","4","L3","2",1090.81126038271,NA
"2077","min.2.rTau1.L3","rTau1","4","L3","2",915.293718902138,NA
"2078","max.2.rTau1.L3","rTau1","4","L3","2",1183.1226140515,NA
"2079","range.2.rTau1.L3","rTau1","4","L3","2",267.828895149362,NA
"2080","slope.2.rTau1.L3","rTau1","4","L3","2",10.9484347144199,NA
"2081","mean.2.rTau2.L3","rTau2","5","L3","2",7370655.0850145,NA
"2082","min.2.rTau2.L3","rTau2","5","L3","2",5200531.28027555,NA
"2083","max.2.rTau2.L3","rTau2","5","L3","2",11314333.0406295,NA
"2084","range.2.rTau2.L3","rTau2","5","L3","2",6113801.76035395,NA
"2085","slope.2.rTau2.L3","rTau2","5","L3","2",-60397.5355650205,NA
"2086","mean.2.rNPQ.L3","rNPQ","6","L3","2",0.316956039247356,NA
"2087","min.2.rNPQ.L3","rNPQ","6","L3","2",0.231064394871746,NA
"2088","max.2.rNPQ.L3","rNPQ","6","L3","2",0.398999970731001,NA
"2089","range.2.rNPQ.L3","rNPQ","6","L3","2",0.167935575859255,NA
"2090","slope.2.rNPQ.L3","rNPQ","6","L3","2",0.027186875816634,NA
"2091","mean.2.rqP.L3","rqP","7","L3","2",0.640868468898815,NA
"2092","min.2.rqP.L3","rqP","7","L3","2",0.521249610196066,NA
"2093","max.2.rqP.L3","rqP","7","L3","2",0.745939518381213,NA
"2094","range.2.rqP.L3","rqP","7","L3","2",0.224689908185147,NA
"2095","slope.2.rqP.L3","rqP","7","L3","2",0.0358871155244147,NA
"2096","mean.2.rABQ.L3","rABQ","8","L3","2",0.31434919108769,NA
"2097","min.2.rABQ.L3","rABQ","8","L3","2",0.265519173223595,NA
"2098","max.2.rABQ.L3","rABQ","8","L3","2",0.372130154982626,NA
"2099","range.2.rABQ.L3","rABQ","8","L3","2",0.106610981759031,NA
"2100","slope.2.rABQ.L3","rABQ","8","L3","2",-0.00443081732346694,NA
"2101","mean.2.rqm.L3","rqm","9","L3","2",0.792758292838653,NA
"2102","min.2.rqm.L3","rqm","9","L3","2",0.774095656623205,NA
"2103","max.2.rqm.L3","rqm","9","L3","2",0.814391293618016,NA
"2104","range.2.rqm.L3","rqm","9","L3","2",0.040295636994811,NA
"2105","slope.2.rqm.L3","rqm","9","L3","2",-0.00590108714236028,NA
"2106","mean.3.rQuant.L3","rQuant","1","L3","3",0.065255750074297,NA
"2107","min.3.rQuant.L3","rQuant","1","L3","3",0.0589465984017446,NA
"2108","max.3.rQuant.L3","rQuant","1","L3","3",0.0709343136716531,NA
"2109","range.3.rQuant.L3","rQuant","1","L3","3",0.0119877152699085,NA
"2110","slope.3.rQuant.L3","rQuant","1","L3","3",0.00128001945739344,NA
"2111","mean.3.rSigma.L3","rSigma","2","L3","3",3.11065074935295,NA
"2112","min.3.rSigma.L3","rSigma","2","L3","3",2.82302634442319,NA
"2113","max.3.rSigma.L3","rSigma","2","L3","3",3.55551363716505,NA
"2114","range.3.rSigma.L3","rSigma","2","L3","3",0.73248729274186,NA
"2115","slope.3.rSigma.L3","rSigma","2","L3","3",-0.0344949622077063,NA
"2116","mean.3.rConnect.L3","rConnect","3","L3","3",0.331230943873512,NA
"2117","min.3.rConnect.L3","rConnect","3","L3","3",0.105144012875966,NA
"2118","max.3.rConnect.L3","rConnect","3","L3","3",0.443359070425466,NA
"2119","range.3.rConnect.L3","rConnect","3","L3","3",0.3382150575495,NA
"2120","slope.3.rConnect.L3","rConnect","3","L3","3",0.013673528574269,NA
"2121","mean.3.rTau1.L3","rTau1","4","L3","3",1053.32212441528,NA
"2122","min.3.rTau1.L3","rTau1","4","L3","3",883.105512755839,NA
"2123","max.3.rTau1.L3","rTau1","4","L3","3",1239.28857620239,NA
"2124","range.3.rTau1.L3","rTau1","4","L3","3",356.183063446551,NA
"2125","slope.3.rTau1.L3","rTau1","4","L3","3",-17.7855478136246,NA
"2126","mean.3.rTau2.L3","rTau2","5","L3","3",9539334.81019565,NA
"2127","min.3.rTau2.L3","rTau2","5","L3","3",8588321.11110515,NA
"2128","max.3.rTau2.L3","rTau2","5","L3","3",11122000.6635014,NA
"2129","range.3.rTau2.L3","rTau2","5","L3","3",2533679.55239625,NA
"2130","slope.3.rTau2.L3","rTau2","5","L3","3",11010.1523960929,NA
"2131","mean.3.rNPQ.L3","rNPQ","6","L3","3",0.309399168571371,NA
"2132","min.3.rNPQ.L3","rNPQ","6","L3","3",0.225216350293862,NA
"2133","max.3.rNPQ.L3","rNPQ","6","L3","3",0.393804606818492,NA
"2134","range.3.rNPQ.L3","rNPQ","6","L3","3",0.16858825652463,NA
"2135","slope.3.rNPQ.L3","rNPQ","6","L3","3",0.0275769348160404,NA
"2136","mean.3.rqP.L3","rqP","7","L3","3",0.630071532185874,NA
"2137","min.3.rqP.L3","rqP","7","L3","3",0.513159013711092,NA
"2138","max.3.rqP.L3","rqP","7","L3","3",0.733898937714445,NA
"2139","range.3.rqP.L3","rqP","7","L3","3",0.220739924003353,NA
"2140","slope.3.rqP.L3","rqP","7","L3","3",0.0354950635348331,NA
"2141","mean.3.rABQ.L3","rABQ","8","L3","3",0.258699475248912,NA
"2142","min.3.rABQ.L3","rABQ","8","L3","3",0.152684008148984,NA
"2143","max.3.rABQ.L3","rABQ","8","L3","3",0.327243371522063,NA
"2144","range.3.rABQ.L3","rABQ","8","L3","3",0.174559363373079,NA
"2145","slope.3.rABQ.L3","rABQ","8","L3","3",0.00822050935520792,NA
"2146","mean.3.rqm.L3","rqm","9","L3","3",0.78475104069193,NA
"2147","min.3.rqm.L3","rqm","9","L3","3",0.766020049119479,NA
"2148","max.3.rqm.L3","rqm","9","L3","3",0.805562054741841,NA
"2149","range.3.rqm.L3","rqm","9","L3","3",0.039542005622362,NA
"2150","slope.3.rqm.L3","rqm","9","L3","3",-0.00422220043113934,NA
"2151","mean.4.rQuant.L3","rQuant","1","L3","4",0.0677077191245412,NA
"2152","min.4.rQuant.L3","rQuant","1","L3","4",0.0602774156179616,NA
"2153","max.4.rQuant.L3","rQuant","1","L3","4",0.0733581597275116,NA
"2154","range.4.rQuant.L3","rQuant","1","L3","4",0.01308074410955,NA
"2155","slope.4.rQuant.L3","rQuant","1","L3","4",0.00180335419035088,NA
"2156","mean.4.rSigma.L3","rSigma","2","L3","4",3.12101162221064,NA
"2157","min.4.rSigma.L3","rSigma","2","L3","4",2.71742136479779,NA
"2158","max.4.rSigma.L3","rSigma","2","L3","4",3.39171787594976,NA
"2159","range.4.rSigma.L3","rSigma","2","L3","4",0.67429651115197,NA
"2160","slope.4.rSigma.L3","rSigma","2","L3","4",-0.0616950530843264,NA
"2161","mean.4.rConnect.L3","rConnect","3","L3","4",0.346485809912595,NA
"2162","min.4.rConnect.L3","rConnect","3","L3","4",0.208707256550992,NA
"2163","max.4.rConnect.L3","rConnect","3","L3","4",0.479823446582222,NA
"2164","range.4.rConnect.L3","rConnect","3","L3","4",0.27111619003123,NA
"2165","slope.4.rConnect.L3","rConnect","3","L3","4",0.0351554275793313,NA
"2166","mean.4.rTau1.L3","rTau1","4","L3","4",883.860641753285,NA
"2167","min.4.rTau1.L3","rTau1","4","L3","4",652.302703054063,NA
"2168","max.4.rTau1.L3","rTau1","4","L3","4",1003.70932018616,NA
"2169","range.4.rTau1.L3","rTau1","4","L3","4",351.406617132097,NA
"2170","slope.4.rTau1.L3","rTau1","4","L3","4",-39.9833127656639,NA
"2171","mean.4.rTau2.L3","rTau2","5","L3","4",7818288.98971822,NA
"2172","min.4.rTau2.L3","rTau2","5","L3","4",5853109.93801319,NA
"2173","max.4.rTau2.L3","rTau2","5","L3","4",9774108.47808146,NA
"2174","range.4.rTau2.L3","rTau2","5","L3","4",3920998.54006827,NA
"2175","slope.4.rTau2.L3","rTau2","5","L3","4",-266192.299093087,NA
"2176","mean.4.rNPQ.L3","rNPQ","6","L3","4",0.337907934388176,NA
"2177","min.4.rNPQ.L3","rNPQ","6","L3","4",0.256560580162292,NA
"2178","max.4.rNPQ.L3","rNPQ","6","L3","4",0.42260225018714,NA
"2179","range.4.rNPQ.L3","rNPQ","6","L3","4",0.166041670024848,NA
"2180","slope.4.rNPQ.L3","rNPQ","6","L3","4",0.025931627007586,NA
"2181","mean.4.rqP.L3","rqP","7","L3","4",0.649454967927605,NA
"2182","min.4.rqP.L3","rqP","7","L3","4",0.548474539089701,NA
"2183","max.4.rqP.L3","rqP","7","L3","4",0.74362009706748,NA
"2184","range.4.rqP.L3","rqP","7","L3","4",0.195145557977779,NA
"2185","slope.4.rqP.L3","rqP","7","L3","4",0.0319666948404625,NA
"2186","mean.4.rABQ.L3","rABQ","8","L3","4",0.183340519925429,NA
"2187","min.4.rABQ.L3","rABQ","8","L3","4",0.112506170300377,NA
"2188","max.4.rABQ.L3","rABQ","8","L3","4",0.288945961262584,NA
"2189","range.4.rABQ.L3","rABQ","8","L3","4",0.176439790962207,NA
"2190","slope.4.rABQ.L3","rABQ","8","L3","4",0.0161434355503398,NA
"2191","mean.4.rqm.L3","rqm","9","L3","4",0.776080885474606,NA
"2192","min.4.rqm.L3","rqm","9","L3","4",0.757394069955563,NA
"2193","max.4.rqm.L3","rqm","9","L3","4",0.800653962272362,NA
"2194","range.4.rqm.L3","rqm","9","L3","4",0.0432598923167989,NA
"2195","slope.4.rqm.L3","rqm","9","L3","4",-0.00596395032501784,NA
"2196","mean.1.rQuant.R1","rQuant","1","R1","1",0.230209318744328,NA
"2197","min.1.rQuant.R1","rQuant","1","R1","1",0.218931810473744,NA
"2198","max.1.rQuant.R1","rQuant","1","R1","1",0.23715645884643,NA
"2199","range.1.rQuant.R1","rQuant","1","R1","1",0.018224648372686,NA
"2200","slope.1.rQuant.R1","rQuant","1","R1","1",0.0043581586927005,NA
"2201","mean.1.rSigma.R1","rSigma","2","R1","1",5.01601552670343,NA
"2202","min.1.rSigma.R1","rSigma","2","R1","1",4.72793331045876,NA
"2203","max.1.rSigma.R1","rSigma","2","R1","1",5.16263628879166,NA
"2204","range.1.rSigma.R1","rSigma","2","R1","1",0.4347029783329,NA
"2205","slope.1.rSigma.R1","rSigma","2","R1","1",0.0959109640655384,NA
"2206","mean.1.rConnect.R1","rConnect","3","R1","1",0.253913212605511,NA
"2207","min.1.rConnect.R1","rConnect","3","R1","1",0.22248320645181,NA
"2208","max.1.rConnect.R1","rConnect","3","R1","1",0.278252644950386,NA
"2209","range.1.rConnect.R1","rConnect","3","R1","1",0.055769438498576,NA
"2210","slope.1.rConnect.R1","rConnect","3","R1","1",0.0136561550465058,NA
"2211","mean.1.rTau1.R1","rTau1","4","R1","1",1121.61340224518,NA
"2212","min.1.rTau1.R1","rTau1","4","R1","1",1047.54085862369,NA
"2213","max.1.rTau1.R1","rTau1","4","R1","1",1204.76364971317,NA
"2214","range.1.rTau1.R1","rTau1","4","R1","1",157.22279108948,NA
"2215","slope.1.rTau1.R1","rTau1","4","R1","1",42.9601957800831,NA
"2216","mean.1.rTau2.R1","rTau2","5","R1","1",1699071.2002449,NA
"2217","min.1.rTau2.R1","rTau2","5","R1","1",1578192.20157598,NA
"2218","max.1.rTau2.R1","rTau2","5","R1","1",1838795.86944942,NA
"2219","range.1.rTau2.R1","rTau2","5","R1","1",260603.66787344,NA
"2220","slope.1.rTau2.R1","rTau2","5","R1","1",-60100.9695689351,NA
"2221","mean.1.rNPQ.R1","rNPQ","6","R1","1",0.315262801552916,NA
"2222","min.1.rNPQ.R1","rNPQ","6","R1","1",0.2847953945104,NA
"2223","max.1.rNPQ.R1","rNPQ","6","R1","1",0.378629763171859,NA
"2224","range.1.rNPQ.R1","rNPQ","6","R1","1",0.093834368661459,NA
"2225","slope.1.rNPQ.R1","rNPQ","6","R1","1",-0.0213401060082675,NA
"2226","mean.1.rqP.R1","rqP","7","R1","1",0.95622966006907,NA
"2227","min.1.rqP.R1","rqP","7","R1","1",0.937262973945409,NA
"2228","max.1.rqP.R1","rqP","7","R1","1",1,NA
"2229","range.1.rqP.R1","rqP","7","R1","1",0.062737026054591,NA
"2230","slope.1.rqP.R1","rqP","7","R1","1",-0.0139665302752152,NA
"2231","mean.1.rABQ.R1","rABQ","8","R1","1",-0.0591370058199434,NA
"2232","min.1.rABQ.R1","rABQ","8","R1","1",-0.090096135456295,NA
"2233","max.1.rABQ.R1","rABQ","8","R1","1",0.00169186010342137,NA
"2234","range.1.rABQ.R1","rABQ","8","R1","1",0.0917879955597164,NA
"2235","slope.1.rABQ.R1","rABQ","8","R1","1",-0.0202517019265369,NA
"2236","mean.1.rqm.R1","rqm","9","R1","1",0.290359360826919,NA
"2237","min.1.rqm.R1","rqm","9","R1","1",0.268944185414514,NA
"2238","max.1.rqm.R1","rqm","9","R1","1",0.325123280120321,NA
"2239","range.1.rqm.R1","rqm","9","R1","1",0.056179094705807,NA
"2240","slope.1.rqm.R1","rqm","9","R1","1",-0.0134344106362625,NA
"2241","mean.2.rQuant.R1","rQuant","1","R1","2",0.217874945496071,NA
"2242","min.2.rQuant.R1","rQuant","1","R1","2",0.202429386330509,NA
"2243","max.2.rQuant.R1","rQuant","1","R1","2",0.227262265759767,NA
"2244","range.2.rQuant.R1","rQuant","1","R1","2",0.024832879429258,NA
"2245","slope.2.rQuant.R1","rQuant","1","R1","2",0.00571660846703382,NA
"2246","mean.2.rSigma.R1","rSigma","2","R1","2",4.94116867834448,NA
"2247","min.2.rSigma.R1","rSigma","2","R1","2",4.76487838753826,NA
"2248","max.2.rSigma.R1","rSigma","2","R1","2",5.10875423782088,NA
"2249","range.2.rSigma.R1","rSigma","2","R1","2",0.34387585028262,NA
"2250","slope.2.rSigma.R1","rSigma","2","R1","2",0.0760705831676342,NA
"2251","mean.2.rConnect.R1","rConnect","3","R1","2",0.266064188212051,NA
"2252","min.2.rConnect.R1","rConnect","3","R1","2",0.251230563588707,NA
"2253","max.2.rConnect.R1","rConnect","3","R1","2",0.279847925219034,NA
"2254","range.2.rConnect.R1","rConnect","3","R1","2",0.028617361630327,NA
"2255","slope.2.rConnect.R1","rConnect","3","R1","2",0.00484484572023211,NA
"2256","mean.2.rTau1.R1","rTau1","4","R1","2",1343.80401561655,NA
"2257","min.2.rTau1.R1","rTau1","4","R1","2",1253.38401197776,NA
"2258","max.2.rTau1.R1","rTau1","4","R1","2",1444.75766620475,NA
"2259","range.2.rTau1.R1","rTau1","4","R1","2",191.37365422699,NA
"2260","slope.2.rTau1.R1","rTau1","4","R1","2",47.454507045413,NA
"2261","mean.2.rTau2.R1","rTau2","5","R1","2",1696394.50988283,NA
"2262","min.2.rTau2.R1","rTau2","5","R1","2",1549204.8849605,NA
"2263","max.2.rTau2.R1","rTau2","5","R1","2",1822865.50348523,NA
"2264","range.2.rTau2.R1","rTau2","5","R1","2",273660.61852473,NA
"2265","slope.2.rTau2.R1","rTau2","5","R1","2",-64103.0793247542,NA
"2266","mean.2.rNPQ.R1","rNPQ","6","R1","2",0.374913645076427,NA
"2267","min.2.rNPQ.R1","rNPQ","6","R1","2",0.342353960093119,NA
"2268","max.2.rNPQ.R1","rNPQ","6","R1","2",0.446289493063144,NA
"2269","range.2.rNPQ.R1","rNPQ","6","R1","2",0.103935532970025,NA
"2270","slope.2.rNPQ.R1","rNPQ","6","R1","2",-0.0234562679046599,NA
"2271","mean.2.rqP.R1","rqP","7","R1","2",0.960671700078033,NA
"2272","min.2.rqP.R1","rqP","7","R1","2",0.946049798502925,NA
"2273","max.2.rqP.R1","rqP","7","R1","2",1,NA
"2274","range.2.rqP.R1","rqP","7","R1","2",0.053950201497075,NA
"2275","slope.2.rqP.R1","rqP","7","R1","2",-0.0120634114477274,NA
"2276","mean.2.rABQ.R1","rABQ","8","R1","2",-0.0418279740691064,NA
"2277","min.2.rABQ.R1","rABQ","8","R1","2",-0.0771627977268632,NA
"2278","max.2.rABQ.R1","rABQ","8","R1","2",-0.00465778853716237,NA
"2279","range.2.rABQ.R1","rABQ","8","R1","2",0.0725050091897008,NA
"2280","slope.2.rABQ.R1","rABQ","8","R1","2",-0.0160392139404446,NA
"2281","mean.2.rqm.R1","rqm","9","R1","2",0.287537296524727,NA
"2282","min.2.rqm.R1","rqm","9","R1","2",0.256840258100999,NA
"2283","max.2.rqm.R1","rqm","9","R1","2",0.338045099589132,NA
"2284","range.2.rqm.R1","rqm","9","R1","2",0.081204841488133,NA
"2285","slope.2.rqm.R1","rqm","9","R1","2",-0.0186936148801279,NA
"2286","mean.3.rQuant.R1","rQuant","1","R1","3",0.221380594481382,NA
"2287","min.3.rQuant.R1","rQuant","1","R1","3",0.210513110417632,NA
"2288","max.3.rQuant.R1","rQuant","1","R1","3",0.228878927592022,NA
"2289","range.3.rQuant.R1","rQuant","1","R1","3",0.01836581717439,NA
"2290","slope.3.rQuant.R1","rQuant","1","R1","3",0.00399556900273681,NA
"2291","mean.3.rSigma.R1","rSigma","2","R1","3",4.48247600952309,NA
"2292","min.3.rSigma.R1","rSigma","2","R1","3",4.21449673511186,NA
"2293","max.3.rSigma.R1","rSigma","2","R1","3",4.58791389777516,NA
"2294","range.3.rSigma.R1","rSigma","2","R1","3",0.3734171626633,NA
"2295","slope.3.rSigma.R1","rSigma","2","R1","3",0.0625547675630624,NA
"2296","mean.3.rConnect.R1","rConnect","3","R1","3",0.250520207042272,NA
"2297","min.3.rConnect.R1","rConnect","3","R1","3",0.224376139320887,NA
"2298","max.3.rConnect.R1","rConnect","3","R1","3",0.274441531569041,NA
"2299","range.3.rConnect.R1","rConnect","3","R1","3",0.050065392248154,NA
"2300","slope.3.rConnect.R1","rConnect","3","R1","3",-0.000619345071721402,NA
"2301","mean.3.rTau1.R1","rTau1","4","R1","3",1069.62457098022,NA
"2302","min.3.rTau1.R1","rTau1","4","R1","3",1022.8320587445,NA
"2303","max.3.rTau1.R1","rTau1","4","R1","3",1105.00958590188,NA
"2304","range.3.rTau1.R1","rTau1","4","R1","3",82.1775271573799,NA
"2305","slope.3.rTau1.R1","rTau1","4","R1","3",-5.52905767573302,NA
"2306","mean.3.rTau2.R1","rTau2","5","R1","3",1646878.55856883,NA
"2307","min.3.rTau2.R1","rTau2","5","R1","3",1341264.31630165,NA
"2308","max.3.rTau2.R1","rTau2","5","R1","3",2019196.1227996,NA
"2309","range.3.rTau2.R1","rTau2","5","R1","3",677931.80649795,NA
"2310","slope.3.rTau2.R1","rTau2","5","R1","3",-162581.371040777,NA
"2311","mean.3.rNPQ.R1","rNPQ","6","R1","3",0.37799393037532,NA
"2312","min.3.rNPQ.R1","rNPQ","6","R1","3",0.346233128366569,NA
"2313","max.3.rNPQ.R1","rNPQ","6","R1","3",0.440571756035297,NA
"2314","range.3.rNPQ.R1","rNPQ","6","R1","3",0.094338627668728,NA
"2315","slope.3.rNPQ.R1","rNPQ","6","R1","3",-0.0210352045103535,NA
"2316","mean.3.rqP.R1","rqP","7","R1","3",0.961904876608706,NA
"2317","min.3.rqP.R1","rqP","7","R1","3",0.945212579726907,NA
"2318","max.3.rqP.R1","rqP","7","R1","3",1,NA
"2319","range.3.rqP.R1","rqP","7","R1","3",0.054787420273093,NA
"2320","slope.3.rqP.R1","rqP","7","R1","3",-0.0124259959545351,NA
"2321","mean.3.rABQ.R1","rABQ","8","R1","3",-0.0682207955151561,NA
"2322","min.3.rABQ.R1","rABQ","8","R1","3",-0.0933477442432222,NA
"2323","max.3.rABQ.R1","rABQ","8","R1","3",-0.00435853878807779,NA
"2324","range.3.rABQ.R1","rABQ","8","R1","3",0.0889892054551444,NA
"2325","slope.3.rABQ.R1","rABQ","8","R1","3",-0.0149074536991415,NA
"2326","mean.3.rqm.R1","rqm","9","R1","3",0.269766380451298,NA
"2327","min.3.rqm.R1","rqm","9","R1","3",0.245032799168837,NA
"2328","max.3.rqm.R1","rqm","9","R1","3",0.305613254211171,NA
"2329","range.3.rqm.R1","rqm","9","R1","3",0.060580455042334,NA
"2330","slope.3.rqm.R1","rqm","9","R1","3",-0.0131795599422809,NA
"2331","mean.4.rQuant.R1","rQuant","1","R1","4",0.22400265797183,NA
"2332","min.4.rQuant.R1","rQuant","1","R1","4",0.207997306961931,NA
"2333","max.4.rQuant.R1","rQuant","1","R1","4",0.2340592940117,NA
"2334","range.4.rQuant.R1","rQuant","1","R1","4",0.026061987049769,NA
"2335","slope.4.rQuant.R1","rQuant","1","R1","4",0.00639514071658642,NA
"2336","mean.4.rSigma.R1","rSigma","2","R1","4",4.11437448264897,NA
"2337","min.4.rSigma.R1","rSigma","2","R1","4",3.91698643962807,NA
"2338","max.4.rSigma.R1","rSigma","2","R1","4",4.21614178098414,NA
"2339","range.4.rSigma.R1","rSigma","2","R1","4",0.29915534135607,NA
"2340","slope.4.rSigma.R1","rSigma","2","R1","4",0.0454477787532262,NA
"2341","mean.4.rConnect.R1","rConnect","3","R1","4",0.272490628482934,NA
"2342","min.4.rConnect.R1","rConnect","3","R1","4",0.240177510146414,NA
"2343","max.4.rConnect.R1","rConnect","3","R1","4",0.302076805989437,NA
"2344","range.4.rConnect.R1","rConnect","3","R1","4",0.061899295843023,NA
"2345","slope.4.rConnect.R1","rConnect","3","R1","4",-0.0121723326753852,NA
"2346","mean.4.rTau1.R1","rTau1","4","R1","4",884.202400696832,NA
"2347","min.4.rTau1.R1","rTau1","4","R1","4",778.443752535046,NA
"2348","max.4.rTau1.R1","rTau1","4","R1","4",931.809717882752,NA
"2349","range.4.rTau1.R1","rTau1","4","R1","4",153.365965347706,NA
"2350","slope.4.rTau1.R1","rTau1","4","R1","4",22.1071318650063,NA
"2351","mean.4.rTau2.R1","rTau2","5","R1","4",1860111.9818108,NA
"2352","min.4.rTau2.R1","rTau2","5","R1","4",1635835.40423379,NA
"2353","max.4.rTau2.R1","rTau2","5","R1","4",2222918.83819218,NA
"2354","range.4.rTau2.R1","rTau2","5","R1","4",587083.43395839,NA
"2355","slope.4.rTau2.R1","rTau2","5","R1","4",-125673.044022344,NA
"2356","mean.4.rNPQ.R1","rNPQ","6","R1","4",0.415016087101262,NA
"2357","min.4.rNPQ.R1","rNPQ","6","R1","4",0.383106337345916,NA
"2358","max.4.rNPQ.R1","rNPQ","6","R1","4",0.480444634990904,NA
"2359","range.4.rNPQ.R1","rNPQ","6","R1","4",0.097338297644988,NA
"2360","slope.4.rNPQ.R1","rNPQ","6","R1","4",-0.0231945032330332,NA
"2361","mean.4.rqP.R1","rqP","7","R1","4",0.970744167984806,NA
"2362","min.4.rqP.R1","rqP","7","R1","4",0.959236242846441,NA
"2363","max.4.rqP.R1","rqP","7","R1","4",1,NA
"2364","range.4.rqP.R1","rqP","7","R1","4",0.040763757153559,NA
"2365","slope.4.rqP.R1","rqP","7","R1","4",-0.0094208718764617,NA
"2366","mean.4.rABQ.R1","rABQ","8","R1","4",-0.0765877646595356,NA
"2367","min.4.rABQ.R1","rABQ","8","R1","4",-0.103216703928954,NA
"2368","max.4.rABQ.R1","rABQ","8","R1","4",-0.0249382240300766,NA
"2369","range.4.rABQ.R1","rABQ","8","R1","4",0.0782784798988774,NA
"2370","slope.4.rABQ.R1","rABQ","8","R1","4",-0.0118920926481089,NA
"2371","mean.4.rqm.R1","rqm","9","R1","4",0.259191160580587,NA
"2372","min.4.rqm.R1","rqm","9","R1","4",0.22593242632889,NA
"2373","max.4.rqm.R1","rqm","9","R1","4",0.312123146359233,NA
"2374","range.4.rqm.R1","rqm","9","R1","4",0.086190720030343,NA
"2375","slope.4.rqm.R1","rqm","9","R1","4",-0.0211496453438241,NA
"2376","mean.All.rQuant.All","rQuant","1","All","All",0.11397464758009,NA
"2377","min.All.rQuant.All","rQuant","1","All","All",0.0375651707704432,NA
"2378","max.All.rQuant.All","rQuant","1","All","All",0.324402670924516,NA
"2379","range.All.rQuant.All","rQuant","1","All","All",0.286837500154073,NA
"2380","slope.All.rQuant.All","rQuant","1","All","All",0.00378896419052495,NA
"2381","mean.All.rSigma.All","rSigma","2","All","All",3.78137846930593,NA
"2382","min.All.rSigma.All","rSigma","2","All","All",2.37745113030394,NA
"2383","max.All.rSigma.All","rSigma","2","All","All",5.16263628879166,NA
"2384","range.All.rSigma.All","rSigma","2","All","All",2.78518515848772,NA
"2385","slope.All.rSigma.All","rSigma","2","All","All",0.0391072094107709,NA
"2386","mean.All.rConnect.All","rConnect","3","All","All",0.320724968343814,NA
"2387","min.All.rConnect.All","rConnect","3","All","All",0.105144012875966,NA
"2388","max.All.rConnect.All","rConnect","3","All","All",0.619307991312138,NA
"2389","range.All.rConnect.All","rConnect","3","All","All",0.514163978436172,NA
"2390","slope.All.rConnect.All","rConnect","3","All","All",-0.00495705011198443,NA
"2391","mean.All.rTau1.All","rTau1","4","All","All",1239.45028580255,NA
"2392","min.All.rTau1.All","rTau1","4","All","All",536.158457194203,NA
"2393","max.All.rTau1.All","rTau1","4","All","All",3413.73530330576,NA
"2394","range.All.rTau1.All","rTau1","4","All","All",2877.57684611156,NA
"2395","slope.All.rTau1.All","rTau1","4","All","All",-18.7805394308437,NA
"2396","mean.All.rTau2.All","rTau2","5","All","All",6093146.77462882,NA
"2397","min.All.rTau2.All","rTau2","5","All","All",1209724.94054868,NA
"2398","max.All.rTau2.All","rTau2","5","All","All",19587756.1794026,NA
"2399","range.All.rTau2.All","rTau2","5","All","All",18378031.2388539,NA
"2400","slope.All.rTau2.All","rTau2","5","All","All",-149749.516677403,NA
"2401","mean.All.rNPQ.All","rNPQ","6","All","All",0.291661985032719,NA
"2402","min.All.rNPQ.All","rNPQ","6","All","All",0.0536799910581432,NA
"2403","max.All.rNPQ.All","rNPQ","6","All","All",0.726067586513917,NA
"2404","range.All.rNPQ.All","rNPQ","6","All","All",0.672387595455774,NA
"2405","slope.All.rNPQ.All","rNPQ","6","All","All",0.00466568342166593,NA
"2406","mean.All.rqP.All","rqP","7","All","All",0.679847614682352,NA
"2407","min.All.rqP.All","rqP","7","All","All",0.205876553143941,NA
"2408","max.All.rqP.All","rqP","7","All","All",1.30958008540338,NA
"2409","range.All.rqP.All","rqP","7","All","All",1.10370353225944,NA
"2410","slope.All.rqP.All","rqP","7","All","All",0.0141852755273518,NA
"2411","mean.All.rABQ.All","rABQ","8","All","All",0.132519371255485,NA
"2412","min.All.rABQ.All","rABQ","8","All","All",-0.103216703928954,NA
"2413","max.All.rABQ.All","rABQ","8","All","All",0.498722821305762,NA
"2414","range.All.rABQ.All","rABQ","8","All","All",0.601939525234716,NA
"2415","slope.All.rABQ.All","rABQ","8","All","All",-0.00881052195408075,NA
"2416","mean.All.rqm.All","rqm","9","All","All",0.630924321650451,NA
"2417","min.All.rqm.All","rqm","9","All","All",0,NA
"2418","max.All.rqm.All","rqm","9","All","All",0.87608963339841,NA
"2419","range.All.rqm.All","rqm","9","All","All",0.87608963339841,NA
"2420","slope.All.rqm.All","rqm","9","All","All",-0.0122726809258752,NA
"2421","mean.All.rQuant.L1","rQuant","1","L1","All",0.0498176348424259,NA
"2422","min.All.rQuant.L1","rQuant","1","L1","All",0.0375651707704432,NA
"2423","max.All.rQuant.L1","rQuant","1","L1","All",0.0678137873261126,NA
"2424","range.All.rQuant.L1","rQuant","1","L1","All",0.0302486165556694,NA
"2425","slope.All.rQuant.L1","rQuant","1","L1","All",0.00357722581061756,NA
"2426","mean.All.rSigma.L1","rSigma","2","L1","All",3.17102896232197,NA
"2427","min.All.rSigma.L1","rSigma","2","L1","All",2.37745113030394,NA
"2428","max.All.rSigma.L1","rSigma","2","L1","All",3.96965778060923,NA
"2429","range.All.rSigma.L1","rSigma","2","L1","All",1.59220665030529,NA
"2430","slope.All.rSigma.L1","rSigma","2","L1","All",0.203178421195,NA
"2431","mean.All.rConnect.L1","rConnect","3","L1","All",0.399676457493437,NA
"2432","min.All.rConnect.L1","rConnect","3","L1","All",0.148833227787781,NA
"2433","max.All.rConnect.L1","rConnect","3","L1","All",0.619307991312138,NA
"2434","range.All.rConnect.L1","rConnect","3","L1","All",0.470474763524357,NA
"2435","slope.All.rConnect.L1","rConnect","3","L1","All",-0.0417158547063322,NA
"2436","mean.All.rTau1.L1","rTau1","4","L1","All",1512.30824490155,NA
"2437","min.All.rTau1.L1","rTau1","4","L1","All",779.847136103446,NA
"2438","max.All.rTau1.L1","rTau1","4","L1","All",3413.73530330576,NA
"2439","range.All.rTau1.L1","rTau1","4","L1","All",2633.88816720231,NA
"2440","slope.All.rTau1.L1","rTau1","4","L1","All",-205.931454562785,NA
"2441","mean.All.rTau2.L1","rTau2","5","L1","All",9011527.6582265,NA
"2442","min.All.rTau2.L1","rTau2","5","L1","All",4386139.2413238,NA
"2443","max.All.rTau2.L1","rTau2","5","L1","All",19587756.1794026,NA
"2444","range.All.rTau2.L1","rTau2","5","L1","All",15201616.9380788,NA
"2445","slope.All.rTau2.L1","rTau2","5","L1","All",1136401.02247254,NA
"2446","mean.All.rNPQ.L1","rNPQ","6","L1","All",0.195326025734896,NA
"2447","min.All.rNPQ.L1","rNPQ","6","L1","All",0.0536799910581432,NA
"2448","max.All.rNPQ.L1","rNPQ","6","L1","All",0.317083460627951,NA
"2449","range.All.rNPQ.L1","rNPQ","6","L1","All",0.263403469569808,NA
"2450","slope.All.rNPQ.L1","rNPQ","6","L1","All",0.0334107962879831,NA
"2451","mean.All.rqP.L1","rqP","7","L1","All",0.447781681538298,NA
"2452","min.All.rqP.L1","rqP","7","L1","All",0.205876553143941,NA
"2453","max.All.rqP.L1","rqP","7","L1","All",0.623377536676604,NA
"2454","range.All.rqP.L1","rqP","7","L1","All",0.417500983532663,NA
"2455","slope.All.rqP.L1","rqP","7","L1","All",0.0567967729156677,NA
"2456","mean.All.rABQ.L1","rABQ","8","L1","All",0.270189290459499,NA
"2457","min.All.rABQ.L1","rABQ","8","L1","All",0.0194747121665769,NA
"2458","max.All.rABQ.L1","rABQ","8","L1","All",0.498722821305762,NA
"2459","range.All.rABQ.L1","rABQ","8","L1","All",0.479248109139185,NA
"2460","slope.All.rABQ.L1","rABQ","8","L1","All",-0.0465961788919348,NA
"2461","mean.All.rqm.L1","rqm","9","L1","All",0.838677837112772,NA
"2462","min.All.rqm.L1","rqm","9","L1","All",0.785962471675429,NA
"2463","max.All.rqm.L1","rqm","9","L1","All",0.87608963339841,NA
"2464","range.All.rqm.L1","rqm","9","L1","All",0.090127161722981,NA
"2465","slope.All.rqm.L1","rqm","9","L1","All",-0.0115524963931355,NA
"2466","mean.All.rQuant.L2","rQuant","1","L2","All",0.121486662500506,NA
"2467","min.All.rQuant.L2","rQuant","1","L2","All",0.0990438933703074,NA
"2468","max.All.rQuant.L2","rQuant","1","L2","All",0.140565779770175,NA
"2469","range.All.rQuant.L2","rQuant","1","L2","All",0.0415218863998676,NA
"2470","slope.All.rQuant.L2","rQuant","1","L2","All",0.0068691611656457,NA
"2471","mean.All.rSigma.L2","rSigma","2","L2","All",4.28829755191032,NA
"2472","min.All.rSigma.L2","rSigma","2","L2","All",3.77402374417442,NA
"2473","max.All.rSigma.L2","rSigma","2","L2","All",4.99355204374064,NA
"2474","range.All.rSigma.L2","rSigma","2","L2","All",1.21952829956622,NA
"2475","slope.All.rSigma.L2","rSigma","2","L2","All",0.0735591477321658,NA
"2476","mean.All.rConnect.L2","rConnect","3","L2","All",0.254646830075611,NA
"2477","min.All.rConnect.L2","rConnect","3","L2","All",0.169848171305579,NA
"2478","max.All.rConnect.L2","rConnect","3","L2","All",0.356139700448243,NA
"2479","range.All.rConnect.L2","rConnect","3","L2","All",0.186291529142664,NA
"2480","slope.All.rConnect.L2","rConnect","3","L2","All",-0.000861769206935139,NA
"2481","mean.All.rTau1.L2","rTau1","4","L2","All",1311.97879588802,NA
"2482","min.All.rTau1.L2","rTau1","4","L2","All",845.447788717564,NA
"2483","max.All.rTau1.L2","rTau1","4","L2","All",1590.54682579551,NA
"2484","range.All.rTau1.L2","rTau1","4","L2","All",745.099037077946,NA
"2485","slope.All.rTau1.L2","rTau1","4","L2","All",-2.6497294792362,NA
"2486","mean.All.rTau2.L2","rTau2","5","L2","All",4340782.37650031,NA
"2487","min.All.rTau2.L2","rTau2","5","L2","All",2940334.81508959,NA
"2488","max.All.rTau2.L2","rTau2","5","L2","All",5793908.31722417,NA
"2489","range.All.rTau2.L2","rTau2","5","L2","All",2853573.50213458,NA
"2490","slope.All.rTau2.L2","rTau2","5","L2","All",-354849.403756109,NA
"2491","mean.All.rNPQ.L2","rNPQ","6","L2","All",0.26282803929383,NA
"2492","min.All.rNPQ.L2","rNPQ","6","L2","All",0.187855194718936,NA
"2493","max.All.rNPQ.L2","rNPQ","6","L2","All",0.330453172152469,NA
"2494","range.All.rNPQ.L2","rNPQ","6","L2","All",0.142597977433533,NA
"2495","slope.All.rNPQ.L2","rNPQ","6","L2","All",-0.0117685612856127,NA
"2496","mean.All.rqP.L2","rqP","7","L2","All",0.67517427314287,NA
"2497","min.All.rqP.L2","rqP","7","L2","All",0.637870286343778,NA
"2498","max.All.rqP.L2","rqP","7","L2","All",0.706097829923541,NA
"2499","range.All.rqP.L2","rqP","7","L2","All",0.068227543579763,NA
"2500","slope.All.rqP.L2","rqP","7","L2","All",-0.00229290936572358,NA
"2501","mean.All.rABQ.L2","rABQ","8","L2","All",0.0170542323249627,NA
"2502","min.All.rABQ.L2","rABQ","8","L2","All",-0.0592639024979571,NA
"2503","max.All.rABQ.L2","rABQ","8","L2","All",0.166492497343124,NA
"2504","range.All.rABQ.L2","rABQ","8","L2","All",0.225756399841081,NA
"2505","slope.All.rABQ.L2","rABQ","8","L2","All",-0.0160814849988191,NA
"2506","mean.All.rqm.L2","rqm","9","L2","All",0.606590408707815,NA
"2507","min.All.rqm.L2","rqm","9","L2","All",0.550488253472187,NA
"2508","max.All.rqm.L2","rqm","9","L2","All",0.683203023070554,NA
"2509","range.All.rqm.L2","rqm","9","L2","All",0.132714769598367,NA
"2510","slope.All.rqm.L2","rqm","9","L2","All",-0.0222277450587624,NA
"2511","mean.All.rQuant.L3","rQuant","1","L3","All",0.065703719852356,NA
"2512","min.All.rQuant.L3","rQuant","1","L3","All",0.0567601456038529,NA
"2513","max.All.rQuant.L3","rQuant","1","L3","All",0.0733581597275116,NA
"2514","range.All.rQuant.L3","rQuant","1","L3","All",0.0165980141236587,NA
"2515","slope.All.rQuant.L3","rQuant","1","L3","All",0.00180095184703977,NA
"2516","mean.All.rSigma.L3","rSigma","2","L3","All",3.26030763782191,NA
"2517","min.All.rSigma.L3","rSigma","2","L3","All",2.71742136479779,NA
"2518","max.All.rSigma.L3","rSigma","2","L3","All",3.87818724845153,NA
"2519","range.All.rSigma.L3","rSigma","2","L3","All",1.16076588365374,NA
"2520","slope.All.rSigma.L3","rSigma","2","L3","All",-0.010090993439962,NA
"2521","mean.All.rConnect.L3","rConnect","3","L3","All",0.34111585182018,NA
"2522","min.All.rConnect.L3","rConnect","3","L3","All",0.105144012875966,NA
"2523","max.All.rConnect.L3","rConnect","3","L3","All",0.542111017243999,NA
"2524","range.All.rConnect.L3","rConnect","3","L3","All",0.436967004368033,NA
"2525","slope.All.rConnect.L3","rConnect","3","L3","All",0.00766644152342553,NA
"2526","mean.All.rTau1.L3","rTau1","4","L3","All",1078.79482139875,NA
"2527","min.All.rTau1.L3","rTau1","4","L3","All",652.302703054063,NA
"2528","max.All.rTau1.L3","rTau1","4","L3","All",1559.78519725837,NA
"2529","range.All.rTau1.L3","rTau1","4","L3","All",907.482494204307,NA
"2530","slope.All.rTau1.L3","rTau1","4","L3","All",-20.1552215215917,NA
"2531","mean.All.rTau2.L3","rTau2","5","L3","All",8468308.9770034,NA
"2532","min.All.rTau2.L3","rTau2","5","L3","All",5200531.28027555,NA
"2533","max.All.rTau2.L3","rTau2","5","L3","All",11314333.0406295,NA
"2534","range.All.rTau2.L3","rTau2","5","L3","All",6113801.76035395,NA
"2535","slope.All.rTau2.L3","rTau2","5","L3","All",-138261.192683424,NA
"2536","mean.All.rNPQ.L3","rNPQ","6","L3","All",0.304142644574472,NA
"2537","min.All.rNPQ.L3","rNPQ","6","L3","All",0.175885211203152,NA
"2538","max.All.rNPQ.L3","rNPQ","6","L3","All",0.42260225018714,NA
"2539","range.All.rNPQ.L3","rNPQ","6","L3","All",0.246717038983988,NA
"2540","slope.All.rNPQ.L3","rNPQ","6","L3","All",0.0260816094377681,NA
"2541","mean.All.rqP.L3","rqP","7","L3","All",0.62621648598578,NA
"2542","min.All.rqP.L3","rqP","7","L3","All",0.45820442781314,NA
"2543","max.All.rqP.L3","rqP","7","L3","All",0.745939518381213,NA
"2544","range.All.rqP.L3","rqP","7","L3","All",0.287735090568073,NA
"2545","slope.All.rqP.L3","rqP","7","L3","All",0.0350441925995362,NA
"2546","mean.All.rABQ.L3","rABQ","8","L3","All",0.251295735793715,NA
"2547","min.All.rABQ.L3","rABQ","8","L3","All",0.112506170300377,NA
"2548","max.All.rABQ.L3","rABQ","8","L3","All",0.372130154982626,NA
"2549","range.All.rABQ.L3","rABQ","8","L3","All",0.259623984682249,NA
"2550","slope.All.rABQ.L3","rABQ","8","L3","All",0.00314565444241908,NA
"2551","mean.All.rqm.L3","rqm","9","L3","All",0.787168186128002,NA
"2552","min.All.rqm.L3","rqm","9","L3","All",0.757394069955563,NA
"2553","max.All.rqm.L3","rqm","9","L3","All",0.822277405350151,NA
"2554","range.All.rqm.L3","rqm","9","L3","All",0.064883335394588,NA
"2555","slope.All.rqm.L3","rqm","9","L3","All",-0.00580651225700053,NA
"2556","mean.All.rQuant.R1","rQuant","1","R1","All",0.223366879173403,NA
"2557","min.All.rQuant.R1","rQuant","1","R1","All",0.202429386330509,NA
"2558","max.All.rQuant.R1","rQuant","1","R1","All",0.23715645884643,NA
"2559","range.All.rQuant.R1","rQuant","1","R1","All",0.034727072515921,NA
"2560","slope.All.rQuant.R1","rQuant","1","R1","All",0.00511636921976438,NA
"2561","mean.All.rSigma.R1","rSigma","2","R1","All",4.63850867430499,NA
"2562","min.All.rSigma.R1","rSigma","2","R1","All",3.91698643962807,NA
"2563","max.All.rSigma.R1","rSigma","2","R1","All",5.16263628879166,NA
"2564","range.All.rSigma.R1","rSigma","2","R1","All",1.24564984916359,NA
"2565","slope.All.rSigma.R1","rSigma","2","R1","All",0.0699960233873651,NA
"2566","mean.All.rConnect.R1","rConnect","3","R1","All",0.260747059085692,NA
"2567","min.All.rConnect.R1","rConnect","3","R1","All",0.22248320645181,NA
"2568","max.All.rConnect.R1","rConnect","3","R1","All",0.302076805989437,NA
"2569","range.All.rConnect.R1","rConnect","3","R1","All",0.079593599537627,NA
"2570","slope.All.rConnect.R1","rConnect","3","R1","All",0.00142733075490783,NA
"2571","mean.All.rTau1.R1","rTau1","4","R1","All",1104.8110973847,NA
"2572","min.All.rTau1.R1","rTau1","4","R1","All",778.443752535046,NA
"2573","max.All.rTau1.R1","rTau1","4","R1","All",1444.75766620475,NA
"2574","range.All.rTau1.R1","rTau1","4","R1","All",666.313913669704,NA
"2575","slope.All.rTau1.R1","rTau1","4","R1","All",26.7481942536923,NA
"2576","mean.All.rTau2.R1","rTau2","5","R1","All",1725614.06262684,NA
"2577","min.All.rTau2.R1","rTau2","5","R1","All",1341264.31630165,NA
"2578","max.All.rTau2.R1","rTau2","5","R1","All",2222918.83819218,NA
"2579","range.All.rTau2.R1","rTau2","5","R1","All",881654.52189053,NA
"2580","slope.All.rTau2.R1","rTau2","5","R1","All",-103114.615989203,NA
"2581","mean.All.rNPQ.R1","rNPQ","6","R1","All",0.370796616026482,NA
"2582","min.All.rNPQ.R1","rNPQ","6","R1","All",0.2847953945104,NA
"2583","max.All.rNPQ.R1","rNPQ","6","R1","All",0.480444634990904,NA
"2584","range.All.rNPQ.R1","rNPQ","6","R1","All",0.195649240480504,NA
"2585","slope.All.rNPQ.R1","rNPQ","6","R1","All",-0.0222565204140785,NA
"2586","mean.All.rqP.R1","rqP","7","R1","All",0.962387601185154,NA
"2587","min.All.rqP.R1","rqP","7","R1","All",0.937262973945409,NA
"2588","max.All.rqP.R1","rqP","7","R1","All",1,NA
"2589","range.All.rqP.R1","rqP","7","R1","All",0.062737026054591,NA
"2590","slope.All.rqP.R1","rqP","7","R1","All",-0.0119692023884848,NA
"2591","mean.All.rABQ.R1","rABQ","8","R1","All",-0.0614433850159354,NA
"2592","min.All.rABQ.R1","rABQ","8","R1","All",-0.103216703928954,NA
"2593","max.All.rABQ.R1","rABQ","8","R1","All",0.00169186010342137,NA
"2594","range.All.rABQ.R1","rABQ","8","R1","All",0.104908564032375,NA
"2595","slope.All.rABQ.R1","rABQ","8","R1","All",-0.0157726155535579,NA
"2596","mean.All.rqm.R1","rqm","9","R1","All",0.276713549595883,NA
"2597","min.All.rqm.R1","rqm","9","R1","All",0.22593242632889,NA
"2598","max.All.rqm.R1","rqm","9","R1","All",0.338045099589132,NA
"2599","range.All.rqm.R1","rqm","9","R1","All",0.112112673260242,NA
"2600","slope.All.rqm.R1","rqm","9","R1","All",-0.0166143077006238,NA
"2601","DCompL1.qQuant.1","qQuant","99","99","1",0.875628065988049,NA
"2602","DCompL12.qQuant.1","qQuant","99","99","1",0.790957987081765,NA
"2603","DCompL2.qQuant.1","qQuant","99","99","1",0.683203023070556,NA
"2604","DCompL22.qQuant.1","qQuant","99","99","1",0.566693518984982,NA
"2605","DCompL3.qQuant.1","qQuant","99","99","1",0.822277405350151,NA
"2606","DCompL32.qQuant.1","qQuant","99","99","1",0.775442292112566,NA
"2607","DCompR1.qQuant.1","qQuant","99","99","1",0.325123280120322,NA
"2608","DCompR12.qQuant.1","qQuant","99","99","1",0.268944185414512,NA
"2609","L1CompL2.qQuant.1","qQuant","99","99","1",-1.54717416309538,NA
"2610","L1CompL22.qQuant.1","qQuant","99","99","1",-2.48395708772513,NA
"2611","L1CompL3.qQuant.1","qQuant","99","99","1",-0.428960609656291,NA
"2612","L1CompL32.qQuant.1","qQuant","99","99","1",-0.805533617141114,NA
"2613","L1CompR1.qQuant.1","qQuant","99","99","1",-4.42627824549894,NA
"2614","L1CompR12.qQuant.1","qQuant","99","99","1",-4.87798059420095,NA
"2615","L12CompL2.qQuant.1","qQuant","99","99","1",-0.51547037127583,NA
"2616","L12CompL22.qQuant.1","qQuant","99","99","1",-1.07282007557257,NA
"2617","L12CompL3.qQuant.1","qQuant","99","99","1",0.149823558581193,NA
"2618","L12CompL32.qQuant.1","qQuant","99","99","1",-0.0742228547869343,NA
"2619","L12CompR1.qQuant.1","qQuant","99","99","1",-2.22842624053592,NA
"2620","L12CompR12.qQuant.1","qQuant","99","99","1",-2.49717171385751,NA
"2621","L2CompL3.qQuant.1","qQuant","99","99","1",0.439001607993782,NA
"2622","L2CompL32.qQuant.1","qQuant","99","99","1",0.291162087264974,NA
"2623","L2CompR1.qQuant.1","qQuant","99","99","1",-1.13031300494381,NA
"2624","L2CompR12.qQuant.1","qQuant","99","99","1",-1.30764769812909,NA
"2625","L22CompL3.qQuant.1","qQuant","99","99","1",0.589845519426492,NA
"2626","L22CompL32.qQuant.1","qQuant","99","99","1",0.481757791018015,NA
"2627","L22CompR1.qQuant.1","qQuant","99","99","1",-0.557504328803905,NA
"2628","L22CompR12.qQuant.1","qQuant","99","99","1",-0.687156427646762,NA
"2629","L3CompR1.qQuant.1","qQuant","99","99","1",-2.7973602692968,NA
"2630","L3CompR12.qQuant.1","qQuant","99","99","1",-3.11346579778346,NA
"2631","L32CompR1.qQuant.1","qQuant","99","99","1",-2.00535985261295,NA
"2632","L32CompR12.qQuant.1","qQuant","99","99","1",-2.25553650089781,NA
"2633","DCompL1.qSigma.1","qSigma","99","99","1",0.432813745384253,NA
"2634","DCompL12.qSigma.1","qSigma","99","99","1",0.161802543572373,NA
"2635","DCompL2.qSigma.1","qSigma","99","99","1",0.0595935719778547,NA
"2636","DCompL22.qSigma.1","qSigma","99","99","1",-0.0406420060461737,NA
"2637","DCompL3.qSigma.1","qSigma","99","99","1",0.301970788463355,NA
"2638","DCompL32.qSigma.1","qSigma","99","99","1",0.228775610316625,NA
"2639","DCompR1.qSigma.1","qSigma","99","99","1",0.00169186010342065,NA
"2640","DCompR12.qSigma.1","qSigma","99","99","1",-0.0836782285441035,NA
"2641","L1CompL2.qSigma.1","qSigma","99","99","1",-0.6580204833406,NA
"2642","L1CompL22.qSigma.1","qSigma","99","99","1",-0.834744755496905,NA
"2643","L1CompL3.qSigma.1","qSigma","99","99","1",-0.230687813493543,NA
"2644","L1CompL32.qSigma.1","qSigma","99","99","1",-0.359737446750818,NA
"2645","L1CompR1.qSigma.1","qSigma","99","99","1",-0.76010637030142,NA
"2646","L1CompR12.qSigma.1","qSigma","99","99","1",-0.910621457634346,NA
"2647","L12CompL2.qSigma.1","qSigma","99","99","1",-0.121939014262975,NA
"2648","L12CompL22.qSigma.1","qSigma","99","99","1",-0.241523698343537,NA
"2649","L12CompL3.qSigma.1","qSigma","99","99","1",0.167225805585685,NA
"2650","L12CompL32.qSigma.1","qSigma","99","99","1",0.0799013003805687,NA
"2651","L12CompR1.qSigma.1","qSigma","99","99","1",-0.191017858908018,NA
"2652","L12CompR12.qSigma.1","qSigma","99","99","1",-0.292867474404788,NA
"2653","L2CompL3.qSigma.1","qSigma","99","99","1",0.257736664981401,NA
"2654","L2CompL32.qSigma.1","qSigma","99","99","1",0.179903107100823,NA
"2655","L2CompR1.qSigma.1","qSigma","99","99","1",-0.0615709443800937,NA
"2656","L2CompR12.qSigma.1","qSigma","99","99","1",-0.152350937055254,NA
"2657","L22CompL3.qSigma.1","qSigma","99","99","1",0.329232139889543,NA
"2658","L22CompL32.qSigma.1","qSigma","99","99","1",0.258895580610307,NA
"2659","L22CompR1.qSigma.1","qSigma","99","99","1",0.0406805278891616,NA
"2660","L22CompR12.qSigma.1","qSigma","99","99","1",-0.0413554538908554,NA
"2661","L3CompR1.qSigma.1","qSigma","99","99","1",-0.430181034542807,NA
"2662","L3CompR12.qSigma.1","qSigma","99","99","1",-0.552482633439492,NA
"2663","L32CompR1.qSigma.1","qSigma","99","99","1",-0.294445758265547,NA
"2664","L32CompR12.qSigma.1","qSigma","99","99","1",-0.405139986546596,NA
"2665","DCompL1.qConnect.1","qConnect","99","99","1",-1.11736775771474,NA
"2666","DCompL12.qConnect.1","qConnect","99","99","1",-0.442574254507928,NA
"2667","DCompL2.qConnect.1","qConnect","99","99","1",0.0566405686217073,NA
"2668","DCompL22.qConnect.1","qConnect","99","99","1",0.178684233851882,NA
"2669","DCompL3.qConnect.1","qConnect","99","99","1",-0.477888026501588,NA
"2670","DCompL32.qConnect.1","qConnect","99","99","1",-0.110998982925316,NA
"2671","DCompR1.qConnect.1","qConnect","99","99","1",0.192102775178413,NA
"2672","DCompR12.qConnect.1","qConnect","99","99","1",-0.0104112721126882,NA
"2673","L1CompL2.qConnect.1","qConnect","99","99","1",0.554465950498625,NA
"2674","L1CompL22.qConnect.1","qConnect","99","99","1",0.612105283479635,NA
"2675","L1CompL3.qConnect.1","qConnect","99","99","1",0.302016373340518,NA
"2676","L1CompL32.qConnect.1","qConnect","99","99","1",0.475292386559994,NA
"2677","L1CompR1.qConnect.1","qConnect","99","99","1",0.618442652733342,NA
"2678","L1CompR12.qConnect.1","qConnect","99","99","1",0.522798404560945,NA
"2679","L12CompL2.qConnect.1","qConnect","99","99","1",0.346058320096612,NA
"2680","L12CompL22.qConnect.1","qConnect","99","99","1",0.430659625609168,NA
"2681","L12CompL3.qConnect.1","qConnect","99","99","1",-0.0244796909991337,NA
"2682","L12CompL32.qConnect.1","qConnect","99","99","1",0.229849708288129,NA
"2683","L12CompR1.qConnect.1","qConnect","99","99","1",0.439961428469298,NA
"2684","L12CompR12.qConnect.1","qConnect","99","99","1",0.29957763424986,NA
"2685","L2CompL3.qConnect.1","qConnect","99","99","1",-0.566622410656693,NA
"2686","L2CompL32.qConnect.1","qConnect","99","99","1",-0.177704855615949,NA
"2687","L2CompR1.qConnect.1","qConnect","99","99","1",0.143595539569461,NA
"2688","L2CompR12.qConnect.1","qConnect","99","99","1",-0.0710777234043546,NA
"2689","L22CompL3.qConnect.1","qConnect","99","99","1",-0.799415142646928,NA
"2690","L22CompL32.qConnect.1","qConnect","99","99","1",-0.352706265625194,NA
"2691","L22CompR1.qConnect.1","qConnect","99","99","1",0.0163378591762132,NA
"2692","L22CompR12.qConnect.1","qConnect","99","99","1",-0.23023484238152,NA
"2693","L3CompR1.qConnect.1","qConnect","99","99","1",0.453343412806438,NA
"2694","L3CompR12.qConnect.1","qConnect","99","99","1",0.316314054925728,NA
"2695","L32CompR1.qConnect.1","qConnect","99","99","1",0.272819113934422,NA
"2696","L32CompR12.qConnect.1","qConnect","99","99","1",0.0905380764145935,NA
"2697","DCompL1.qTau1.1","qTau1","99","99","1",-3.53415681138236,NA
"2698","DCompL12.qTau1.1","qTau1","99","99","1",-0.706324554583737,NA
"2699","DCompL2.qTau1.1","qTau1","99","99","1",-0.713232314953727,NA
"2700","DCompL22.qTau1.1","qTau1","99","99","1",-0.824559499736225,NA
"2701","DCompL3.qTau1.1","qTau1","99","99","1",-0.545394139065432,NA
"2702","DCompL32.qTau1.1","qTau1","99","99","1",-0.445065896849922,NA
"2703","DCompR1.qTau1.1","qTau1","99","99","1",-0.391354073272889,NA
"2704","DCompR12.qTau1.1","qTau1","99","99","1",-0.600178931026971,NA
"2705","L1CompL2.qTau1.1","qTau1","99","99","1",0.622149743332013,NA
"2706","L1CompL22.qTau1.1","qTau1","99","99","1",0.597596736143769,NA
"2707","L1CompL3.qTau1.1","qTau1","99","99","1",0.659166146352517,NA
"2708","L1CompL32.qTau1.1","qTau1","99","99","1",0.681293356854733,NA
"2709","L1CompR1.qTau1.1","qTau1","99","99","1",0.693139401403125,NA
"2710","L1CompR12.qTau1.1","qTau1","99","99","1",0.647083460587435,NA
"2711","L12CompL2.qTau1.1","qTau1","99","99","1",-0.00404832735450782,NA
"2712","L12CompL22.qTau1.1","qTau1","99","99","1",-0.0692921782288552,NA
"2713","L12CompL3.qTau1.1","qTau1","99","99","1",0.0943140711923732,NA
"2714","L12CompL32.qTau1.1","qTau1","99","99","1",0.153111937018072,NA
"2715","L12CompR1.qTau1.1","qTau1","99","99","1",0.184590018624965,NA
"2716","L12CompR12.qTau1.1","qTau1","99","99","1",0.0622071711220617,NA
"2717","L2CompL3.qTau1.1","qTau1","99","99","1",0.0979658009152296,NA
"2718","L2CompL32.qTau1.1","qTau1","99","99","1",0.156526593482477,NA
"2719","L2CompR1.qTau1.1","qTau1","99","99","1",0.187877755323294,NA
"2720","L2CompR12.qTau1.1","qTau1","99","99","1",0.0659883560098559,NA
"2721","L22CompL3.qTau1.1","qTau1","99","99","1",0.153004251552855,NA
"2722","L22CompL32.qTau1.1","qTau1","99","99","1",0.207991903218923,NA
"2723","L22CompR1.qTau1.1","qTau1","99","99","1",0.237430144934141,NA
"2724","L22CompR12.qTau1.1","qTau1","99","99","1",0.122977940013298,NA
"2725","L3CompR1.qTau1.1","qTau1","99","99","1",0.0996768797671886,NA
"2726","L3CompR12.qTau1.1","qTau1","99","99","1",-0.0354503686643134,NA
"2727","L32CompR1.qTau1.1","qTau1","99","99","1",0.0371691171275428,NA
"2728","L32CompR12.qTau1.1","qTau1","99","99","1",-0.107339765276572,NA
"2729","DCompL1.qTau2.1","qTau2","99","99","1",-4.02700815350331,NA
"2730","DCompL12.qTau2.1","qTau2","99","99","1",-5.75568002378305,NA
"2731","DCompL2.qTau2.1","qTau2","99","99","1",-2.15772280927396,NA
"2732","DCompL22.qTau2.1","qTau2","99","99","1",-1.35719481929667,NA
"2733","DCompL3.qTau2.1","qTau2","99","99","1",-3.55925859229989,NA
"2734","DCompL32.qTau2.1","qTau2","99","99","1",-3.88958685598711,NA
"2735","DCompR1.qTau2.1","qTau2","99","99","1",-0.161586938463193,NA
"2736","DCompR12.qTau2.1","qTau2","99","99","1",-0.0284221674178554,NA
"2737","L1CompL2.qTau2.1","qTau2","99","99","1",0.371848480676653,NA
"2738","L1CompL22.qTau2.1","qTau2","99","99","1",0.531093893759861,NA
"2739","L1CompL3.qTau2.1","qTau2","99","99","1",0.0930473050610528,NA
"2740","L1CompL32.qTau2.1","qTau2","99","99","1",0.0273365973000143,NA
"2741","L1CompR1.qTau2.1","qTau2","99","99","1",0.768930762991963,NA
"2742","L1CompR12.qTau2.1","qTau2","99","99","1",0.795420628729009,NA
"2743","L12CompL2.qTau2.1","qTau2","99","99","1",0.532582538226004,NA
"2744","L12CompL22.qTau2.1","qTau2","99","99","1",0.651079564011576,NA
"2745","L12CompL3.qTau2.1","qTau2","99","99","1",0.325122182186066,NA
"2746","L12CompL32.qTau2.1","qTau2","99","99","1",0.276225807206151,NA
"2747","L12CompR1.qTau2.1","qTau2","99","99","1",0.828057732992995,NA
"2748","L12CompR12.qTau2.1","qTau2","99","99","1",0.847769260267309,NA
"2749","L2CompL3.qTau2.1","qTau2","99","99","1",-0.443843829138436,NA
"2750","L2CompL32.qTau2.1","qTau2","99","99","1",-0.54845347464534,NA
"2751","L2CompR1.qTau2.1","qTau2","99","99","1",0.63214410870653,NA
"2752","L2CompR12.qTau2.1","qTau2","99","99","1",0.674315248825049,NA
"2753","L22CompL3.qTau2.1","qTau2","99","99","1",-0.934188279634972,NA
"2754","L22CompL32.qTau2.1","qTau2","99","99","1",-1.07432445377852,NA
"2755","L22CompR1.qTau2.1","qTau2","99","99","1",0.507216404450701,NA
"2756","L22CompR12.qTau2.1","qTau2","99","99","1",0.563709304382099,NA
"2757","L3CompR1.qTau2.1","qTau2","99","99","1",0.745224598485159,NA
"2758","L3CompR12.qTau2.1","qTau2","99","99","1",0.774432147991177,NA
"2759","L32CompR1.qTau2.1","qTau2","99","99","1",0.762436587655483,NA
"2760","L32CompR12.qTau2.1","qTau2","99","99","1",0.789670948137757,NA
"2761","DCompL1.qNPQ.1","qNPQ","99","99","1",0.904577828756194,NA
"2762","DCompL12.qNPQ.1","qNPQ","99","99","1",0.591204917457373,NA
"2763","DCompL2.qNPQ.1","qNPQ","99","99","1",0.55920955476152,NA
"2764","DCompL22.qNPQ.1","qNPQ","99","99","1",0.666066439167384,NA
"2765","DCompL3.qNPQ.1","qNPQ","99","99","1",0.687344419925457,NA
"2766","DCompL32.qNPQ.1","qNPQ","99","99","1",0.421454532744942,NA
"2767","DCompR1.qNPQ.1","qNPQ","99","99","1",0.326943365913512,NA
"2768","DCompR12.qNPQ.1","qNPQ","99","99","1",0.49374442192095,NA
"2769","L1CompL2.qNPQ.1","qNPQ","99","99","1",-3.61937136299542,NA
"2770","L1CompL22.qNPQ.1","qNPQ","99","99","1",-2.499538487543,NA
"2771","L1CompL3.qNPQ.1","qNPQ","99","99","1",-2.27655067998508,NA
"2772","L1CompL32.qNPQ.1","qNPQ","99","99","1",-5.06300883446535,NA
"2773","L1CompR1.qNPQ.1","qNPQ","99","99","1",-6.05346174073964,NA
"2774","L1CompR12.qNPQ.1","qNPQ","99","99","1",-4.3054292464752,NA
"2775","L12CompL2.qNPQ.1","qNPQ","99","99","1",-0.0782674842780597,NA
"2776","L12CompL22.qNPQ.1","qNPQ","99","99","1",0.183127255945416,NA
"2777","L12CompL3.qNPQ.1","qNPQ","99","99","1",0.235177737144279,NA
"2778","L12CompL32.qNPQ.1","qNPQ","99","99","1",-0.415245662097048,NA
"2779","L12CompR1.qNPQ.1","qNPQ","99","99","1",-0.646440142822181,NA
"2780","L12CompR12.qNPQ.1","qNPQ","99","99","1",-0.238409168061018,NA
"2781","L2CompL3.qNPQ.1","qNPQ","99","99","1",0.290693381737465,NA
"2782","L2CompL32.qNPQ.1","qNPQ","99","99","1",-0.312518167089688,NA
"2783","L2CompR1.qNPQ.1","qNPQ","99","99","1",-0.526931087905831,NA
"2784","L2CompR12.qNPQ.1","qNPQ","99","99","1",-0.148517585958905,NA
"2785","L22CompL3.qNPQ.1","qNPQ","99","99","1",0.0637192042184043,NA
"2786","L22CompL32.qNPQ.1","qNPQ","99","99","1",-0.732516689285548,NA
"2787","L22CompR1.qNPQ.1","qNPQ","99","99","1",-1.01554055366079,NA
"2788","L22CompR12.qNPQ.1","qNPQ","99","99","1",-0.516036833245433,NA
"2789","L3CompR1.qNPQ.1","qNPQ","99","99","1",-1.15270948922779,NA
"2790","L3CompR12.qNPQ.1","qNPQ","99","99","1",-0.619211715199033,NA
"2791","L32CompR1.qNPQ.1","qNPQ","99","99","1",-0.16335996422173,NA
"2792","L32CompR12.qNPQ.1","qNPQ","99","99","1",0.124951094196608,NA
"2793","DCompL1.qqP.1","qqP","99","99","1",0.842791933507047,NA
"2794","DCompL12.qqP.1","qqP","99","99","1",0.573481314492993,NA
"2795","DCompL2.qqP.1","qqP","99","99","1",0.504878408392328,NA
"2796","DCompL22.qqP.1","qqP","99","99","1",0.512919985991311,NA
"2797","DCompL3.qqP.1","qqP","99","99","1",0.650113473074079,NA
"2798","DCompL32.qqP.1","qqP","99","99","1",0.470597371314204,NA
"2799","DCompR1.qqP.1","qqP","99","99","1",0.236396451697738,NA
"2800","DCompR12.qqP.1","qqP","99","99","1",0.284302667402955,NA
"2801","L1CompL2.qqP.1","qqP","99","99","1",-2.14946683495957,NA
"2802","L1CompL22.qqP.1","qqP","99","99","1",-2.09831438598937,NA
"2803","L1CompL3.qqP.1","qqP","99","99","1",-1.22562706056566,NA
"2804","L1CompL32.qqP.1","qqP","99","99","1",-2.36752840039241,NA
"2805","L1CompR1.qqP.1","qqP","99","99","1",-3.85727968886694,NA
"2806","L1CompR12.qqP.1","qqP","99","99","1",-3.55254840647206,NA
"2807","L12CompL2.qqP.1","qqP","99","99","1",-0.160843846780398,NA
"2808","L12CompL22.qqP.1","qqP","99","99","1",-0.1419898601387,NA
"2809","L12CompL3.qqP.1","qqP","99","99","1",0.179668936403084,NA
"2810","L12CompL32.qqP.1","qqP","99","99","1",-0.241217903634141,NA
"2811","L12CompR1.qqP.1","qqP","99","99","1",-0.790316753402162,NA
"2812","L12CompR12.qqP.1","qqP","99","99","1",-0.677997604598,NA
"2813","L2CompL3.qqP.1","qqP","99","99","1",0.293332117086975,NA
"2814","L2CompL32.qqP.1","qqP","99","99","1",-0.0692376128595251,NA
"2815","L2CompR1.qqP.1","qqP","99","99","1",-0.542254592094887,NA
"2816","L2CompR12.qqP.1","qqP","99","99","1",-0.445498125567817,NA
"2817","L22CompL3.qqP.1","qqP","99","99","1",0.281665194910502,NA
"2818","L22CompL32.qqP.1","qqP","99","99","1",-0.0868904768413526,NA
"2819","L22CompR1.qqP.1","qqP","99","99","1",-0.567716856246622,NA
"2820","L22CompR12.qqP.1","qqP","99","99","1",-0.469362962990056,NA
"2821","L3CompR1.qqP.1","qqP","99","99","1",-1.18243198733952,NA
"2822","L3CompR12.qqP.1","qqP","99","99","1",-1.04551269488743,NA
"2823","L32CompR1.qqP.1","qqP","99","99","1",-0.442387149073763,NA
"2824","L32CompR12.qqP.1","qqP","99","99","1",-0.351896068921515,NA
"2825","DCompL1.qABQ.1","qABQ","99","99","1",0,NA
"2826","DCompL12.qABQ.1","qABQ","99","99","1",0,NA
"2827","DCompL2.qABQ.1","qABQ","99","99","1",0,NA
"2828","DCompL22.qABQ.1","qABQ","99","99","1",1,NA
"2829","DCompL3.qABQ.1","qABQ","99","99","1",0,NA
"2830","DCompL32.qABQ.1","qABQ","99","99","1",0,NA
"2831","DCompR1.qABQ.1","qABQ","99","99","1",0,NA
"2832","DCompR12.qABQ.1","qABQ","99","99","1",1,NA
"2833","L1CompL2.qABQ.1","qABQ","99","99","1",0.862311276817357,NA
"2834","L1CompL22.qABQ.1","qABQ","99","99","1",1.09390183763709,NA
"2835","L1CompL3.qABQ.1","qABQ","99","99","1",0.302307767062103,NA
"2836","L1CompL32.qABQ.1","qABQ","99","99","1",0.471422493494243,NA
"2837","L1CompR1.qABQ.1","qABQ","99","99","1",0.996091020395114,NA
"2838","L1CompR12.qABQ.1","qABQ","99","99","1",1.19333542300006,NA
"2839","L12CompL2.qABQ.1","qABQ","99","99","1",0.631689523155119,NA
"2840","L12CompL22.qABQ.1","qABQ","99","99","1",1.25118273884239,NA
"2841","L12CompL3.qABQ.1","qABQ","99","99","1",-0.866291974132563,NA
"2842","L12CompL32.qABQ.1","qABQ","99","99","1",-0.413918503786045,NA
"2843","L12CompR1.qABQ.1","qABQ","99","99","1",0.989543674245982,NA
"2844","L12CompR12.qABQ.1","qABQ","99","99","1",1.5171626273395,NA
"2845","L2CompL3.qABQ.1","qABQ","99","99","1",-4.06717047562721,NA
"2846","L2CompL32.qABQ.1","qABQ","99","99","1",-2.83893099077259,NA
"2847","L2CompR1.qABQ.1","qABQ","99","99","1",0.971610023576871,NA
"2848","L2CompR12.qABQ.1","qABQ","99","99","1",2.40414856446593,NA
"2849","L22CompL3.qABQ.1","qABQ","99","99","1",8.43001681856648,NA
"2850","L22CompL32.qABQ.1","qABQ","99","99","1",6.62904326269501,NA
"2851","L22CompR1.qABQ.1","qABQ","99","99","1",1.04162836109761,NA
"2852","L22CompR12.qABQ.1","qABQ","99","99","1",-1.05890989851816,NA
"2853","L3CompR1.qABQ.1","qABQ","99","99","1",0.994397272292361,NA
"2854","L3CompR12.qABQ.1","qABQ","99","99","1",1.27710703068306,NA
"2855","L32CompR1.qABQ.1","qABQ","99","99","1",0.992604718216772,NA
"2856","L32CompR12.qABQ.1","qABQ","99","99","1",1.36576551332676,NA
"2857","DCompL1.qqm.1","qqm","99","99","1",0,NA
"2858","DCompL12.qqm.1","qqm","99","99","1",0,NA
"2859","DCompL2.qqm.1","qqm","99","99","1",0,NA
"2860","DCompL22.qqm.1","qqm","99","99","1",0,NA
"2861","DCompL3.qqm.1","qqm","99","99","1",0,NA
"2862","DCompL32.qqm.1","qqm","99","99","1",0,NA
"2863","DCompR1.qqm.1","qqm","99","99","1",0,NA
"2864","DCompR12.qqm.1","qqm","99","99","1",0,NA
"2865","L1CompL2.qqm.1","qqm","99","99","1",0.219756595741783,NA
"2866","L1CompL22.qqm.1","qqm","99","99","1",0.35281480688318,NA
"2867","L1CompL3.qqm.1","qqm","99","99","1",0.0609284497724472,NA
"2868","L1CompL32.qqm.1","qqm","99","99","1",0.114415900731132,NA
"2869","L1CompR1.qqm.1","qqm","99","99","1",0.628697054435486,NA
"2870","L1CompR12.qqm.1","qqm","99","99","1",0.692855681697411,NA
"2871","L12CompL2.qqm.1","qqm","99","99","1",0.136233486191564,NA
"2872","L12CompL22.qqm.1","qqm","99","99","1",0.283535246826705,NA
"2873","L12CompL3.qqm.1","qqm","99","99","1",-0.0395968164932993,NA
"2874","L12CompL32.qqm.1","qqm","99","99","1",0.0196163326277835,NA
"2875","L12CompR1.qqm.1","qqm","99","99","1",0.588950000593759,NA
"2876","L12CompR12.qqm.1","qqm","99","99","1",0.659976648814456,NA
"2877","L2CompL3.qqm.1","qqm","99","99","1",-0.203562305176209,NA
"2878","L2CompL32.qqm.1","qqm","99","99","1",-0.135010042296735,NA
"2879","L2CompR1.qqm.1","qqm","99","99","1",0.524119084457351,NA
"2880","L2CompR12.qqm.1","qqm","99","99","1",0.606348074682421,NA
"2881","L22CompL3.qqm.1","qqm","99","99","1",-0.451009015989718,NA
"2882","L22CompL32.qqm.1","qqm","99","99","1",-0.368362732472181,NA
"2883","L22CompR1.qqm.1","qqm","99","99","1",0.426280221621987,NA
"2884","L22CompR12.qqm.1","qqm","99","99","1",0.52541510286508,NA
"2885","L3CompR1.qqm.1","qqm","99","99","1",0.604606331142136,NA
"2886","L3CompR12.qqm.1","qqm","99","99","1",0.672927671775209,NA
"2887","L32CompR1.qqm.1","qqm","99","99","1",0.580725369989074,NA
"2888","L32CompR12.qqm.1","qqm","99","99","1",0.653173178520069,NA
"2889","DCompL1.qQuant.2","qQuant","99","99","2",0.875552009346273,NA
"2890","DCompL12.qQuant.2","qQuant","99","99","2",0.80183457805346,NA
"2891","DCompL2.qQuant.2","qQuant","99","99","2",0.676121181016666,NA
"2892","DCompL22.qQuant.2","qQuant","99","99","2",0.558094288989633,NA
"2893","DCompL3.qQuant.2","qQuant","99","99","2",0.814391293618016,NA
"2894","DCompL32.qQuant.2","qQuant","99","99","2",0.774095656623206,NA
"2895","DCompR1.qQuant.2","qQuant","99","99","2",0.338045099589133,NA
"2896","DCompR12.qQuant.2","qQuant","99","99","2",0.256840258100998,NA
"2897","L1CompL2.qQuant.2","qQuant","99","99","2",-1.60252349019052,NA
"2898","L1CompL22.qQuant.2","qQuant","99","99","2",-2.55092684654072,NA
"2899","L1CompL3.qQuant.2","qQuant","99","99","2",-0.491456032411448,NA
"2900","L1CompL32.qQuant.2","qQuant","99","99","2",-0.81525103129521,NA
"2901","L1CompR1.qQuant.2","qQuant","99","99","2",-4.31912887410724,NA
"2902","L1CompR12.qQuant.2","qQuant","99","99","2",-4.97164918449205,NA
"2903","L12CompL2.qQuant.2","qQuant","99","99","2",-0.634386139629889,NA
"2904","L12CompL22.qQuant.2","qQuant","99","99","2",-1.22998395315193,NA
"2905","L12CompL3.qQuant.2","qQuant","99","99","2",0.0633648163297802,NA
"2906","L12CompL32.qQuant.2","qQuant","99","99","2",-0.139978615632233,NA
"2907","L12CompR1.qQuant.2","qQuant","99","99","2",-2.34041576935377,NA
"2908","L12CompR12.qQuant.2","qQuant","99","99","2",-2.75019887223053,NA
"2909","L2CompL3.qQuant.2","qQuant","99","99","2",0.426919281215684,NA
"2910","L2CompL32.qQuant.2","qQuant","99","99","2",0.30250349780231,NA
"2911","L2CompR1.qQuant.2","qQuant","99","99","2",-1.04383510625599,NA
"2912","L2CompR12.qQuant.2","qQuant","99","99","2",-1.29456110847818,NA
"2913","L22CompL3.qQuant.2","qQuant","99","99","2",0.579981200157809,NA
"2914","L22CompL32.qQuant.2","qQuant","99","99","2",0.488795148493804,NA
"2915","L22CompR1.qQuant.2","qQuant","99","99","2",-0.49795507031892,NA
"2916","L22CompR12.qQuant.2","qQuant","99","99","2",-0.681715631598995,NA
"2917","L3CompR1.qQuant.2","qQuant","99","99","2",-2.566400053716,NA
"2918","L3CompR12.qQuant.2","qQuant","99","99","2",-3.00390561620301,NA
"2919","L32CompR1.qQuant.2","qQuant","99","99","2",-1.93024423752122,NA
"2920","L32CompR12.qQuant.2","qQuant","99","99","2",-2.28970984262776,NA
"2921","DCompL1.qSigma.2","qSigma","99","99","2",0.498722821305761,NA
"2922","DCompL12.qSigma.2","qSigma","99","99","2",0.264109574677805,NA
"2923","DCompL2.qSigma.2","qSigma","99","99","2",0.166492497343123,NA
"2924","DCompL22.qSigma.2","qSigma","99","99","2",0.0104403341863575,NA
"2925","DCompL3.qSigma.2","qSigma","99","99","2",0.308698413587239,NA
"2926","DCompL32.qSigma.2","qSigma","99","99","2",0.274152238953265,NA
"2927","DCompR1.qSigma.2","qSigma","99","99","2",-0.00465778853716264,NA
"2928","DCompR12.qSigma.2","qSigma","99","99","2",-0.0771627977268645,NA
"2929","L1CompL2.qSigma.2","qSigma","99","99","2",-0.662767702347938,NA
"2930","L1CompL22.qSigma.2","qSigma","99","99","2",-0.974076833881237,NA
"2931","L1CompL3.qSigma.2","qSigma","99","99","2",-0.379080508339737,NA
"2932","L1CompL32.qSigma.2","qSigma","99","99","2",-0.447996820715981,NA
"2933","L1CompR1.qSigma.2","qSigma","99","99","2",-1.00419614384633,NA
"2934","L1CompR12.qSigma.2","qSigma","99","99","2",-1.14883669855614,NA
"2935","L12CompL2.qSigma.2","qSigma","99","99","2",-0.132651647549214,NA
"2936","L12CompL22.qSigma.2","qSigma","99","99","2",-0.344710614192844,NA
"2937","L12CompL3.qSigma.2","qSigma","99","99","2",0.0605916823688969,NA
"2938","L12CompL32.qSigma.2","qSigma","99","99","2",0.0136469560275412,NA
"2939","L12CompR1.qSigma.2","qSigma","99","99","2",-0.365227422407749,NA
"2940","L12CompR12.qSigma.2","qSigma","99","99","2",-0.463754331706721,NA
"2941","L2CompL3.qSigma.2","qSigma","99","99","2",0.170611441157785,NA
"2942","L2CompL32.qSigma.2","qSigma","99","99","2",0.129164694099294,NA
"2943","L2CompR1.qSigma.2","qSigma","99","99","2",-0.205337426879458,NA
"2944","L2CompR12.qSigma.2","qSigma","99","99","2",-0.29232525717323,NA
"2945","L22CompL3.qSigma.2","qSigma","99","99","2",0.30140484672609,NA
"2946","L22CompL32.qSigma.2","qSigma","99","99","2",0.266494193202667,NA
"2947","L22CompR1.qSigma.2","qSigma","99","99","2",-0.0152574152374188,NA
"2948","L22CompR12.qSigma.2","qSigma","99","99","2",-0.0885273874225587,NA
"2949","L3CompR1.qSigma.2","qSigma","99","99","2",-0.453284367175319,NA
"2950","L3CompR12.qSigma.2","qSigma","99","99","2",-0.558166245959857,NA
"2951","L32CompR1.qSigma.2","qSigma","99","99","2",-0.384116398028644,NA
"2952","L32CompR12.qSigma.2","qSigma","99","99","2",-0.484006503200483,NA
"2953","DCompL1.qConnect.2","qConnect","99","99","2",-0.587191961188896,NA
"2954","DCompL12.qConnect.2","qConnect","99","99","2",-0.147908613879286,NA
"2955","DCompL2.qConnect.2","qConnect","99","99","2",0.489365140275069,NA
"2956","DCompL22.qConnect.2","qConnect","99","99","2",0.280423079598998,NA
"2957","DCompL3.qConnect.2","qConnect","99","99","2",-0.229663312523205,NA
"2958","DCompL32.qConnect.2","qConnect","99","99","2",0.00571748598342607,NA
"2959","DCompR1.qConnect.2","qConnect","99","99","2",0.244695526536288,NA
"2960","DCompR12.qConnect.2","qConnect","99","99","2",0.197909663620696,NA
"2961","L1CompL2.qConnect.2","qConnect","99","99","2",0.678277818807476,NA
"2962","L1CompL22.qConnect.2","qConnect","99","99","2",0.546635228758342,NA
"2963","L1CompL3.qConnect.2","qConnect","99","99","2",0.225258606021342,NA
"2964","L1CompL32.qConnect.2","qConnect","99","99","2",0.373558751348639,NA
"2965","L1CompR1.qConnect.2","qConnect","99","99","2",0.524125315694047,NA
"2966","L1CompR12.qConnect.2","qConnect","99","99","2",0.494648186235461,NA
"2967","L12CompL2.qConnect.2","qConnect","99","99","2",0.555160703952493,NA
"2968","L12CompL22.qConnect.2","qConnect","99","99","2",0.373140935000708,NA
"2969","L12CompL3.qConnect.2","qConnect","99","99","2",-0.0712205637760951,NA
"2970","L12CompL32.qConnect.2","qConnect","99","99","2",0.133831298071318,NA
"2971","L12CompR1.qConnect.2","qConnect","99","99","2",0.342016895481595,NA
"2972","L12CompR12.qConnect.2","qConnect","99","99","2",0.301259415008056,NA
"2973","L2CompL3.qConnect.2","qConnect","99","99","2",-1.40810686756795,NA
"2974","L2CompL32.qConnect.2","qConnect","99","99","2",-0.947149700183365,NA
"2975","L2CompR1.qConnect.2","qConnect","99","99","2",-0.479147886359697,NA
"2976","L2CompR12.qConnect.2","qConnect","99","99","2",-0.570770818136808,NA
"2977","L22CompL3.qConnect.2","qConnect","99","99","2",-0.708869861804273,NA
"2978","L22CompL32.qConnect.2","qConnect","99","99","2",-0.381759872818719,NA
"2979","L22CompR1.qConnect.2","qConnect","99","99","2",-0.0496507767964541,NA
"2980","L22CompR12.qConnect.2","qConnect","99","99","2",-0.114669347555393,NA
"2981","L3CompR1.qConnect.2","qConnect","99","99","2",0.385763187555895,NA
"2982","L3CompR12.qConnect.2","qConnect","99","99","2",0.347715485848353,NA
"2983","L32CompR1.qConnect.2","qConnect","99","99","2",0.240352251180069,NA
"2984","L32CompR12.qConnect.2","qConnect","99","99","2",0.193297352541057,NA
"2985","DCompL1.qTau1.2","qTau1","99","99","2",-2.15971767069947,NA
"2986","DCompL12.qTau1.2","qTau1","99","99","2",-0.698241620940567,NA
"2987","DCompL2.qTau1.2","qTau1","99","99","2",-0.998737550981591,NA
"2988","DCompL22.qTau1.2","qTau1","99","99","2",-0.988416373084151,NA
"2989","DCompL3.qTau1.2","qTau1","99","99","2",-0.473070971826157,NA
"2990","DCompL32.qTau1.2","qTau1","99","99","2",-0.406193634743889,NA
"2991","DCompR1.qTau1.2","qTau1","99","99","2",-0.606520391306193,NA
"2992","DCompR12.qTau1.2","qTau1","99","99","2",-0.826883218845357,NA
"2993","L1CompL2.qTau1.2","qTau1","99","99","2",0.367431600134347,NA
"2994","L1CompL22.qTau1.2","qTau1","99","99","2",0.370698087514897,NA
"2995","L1CompL3.qTau1.2","qTau1","99","99","2",0.533796647249163,NA
"2996","L1CompL32.qTau1.2","qTau1","99","99","2",0.554962252550685,NA
"2997","L1CompR1.qTau1.2","qTau1","99","99","2",0.491562044861256,NA
"2998","L1CompR12.qTau1.2","qTau1","99","99","2",0.421820741838324,NA
"2999","L12CompL2.qTau1.2","qTau1","99","99","2",-0.176945333535398,NA
"3000","L12CompL22.qTau1.2","qTau1","99","99","2",-0.170867766144415,NA
"3001","L12CompL3.qTau1.2","qTau1","99","99","2",0.132590466714448,NA
"3002","L12CompL32.qTau1.2","qTau1","99","99","2",0.171970809451088,NA
"3003","L12CompR1.qTau1.2","qTau1","99","99","2",0.0540095287404239,NA
"3004","L12CompR12.qTau1.2","qTau1","99","99","2",-0.0757498793567091,NA
"3005","L2CompL3.qTau1.2","qTau1","99","99","2",0.262999301182527,NA
"3006","L2CompL32.qTau1.2","qTau1","99","99","2",0.296459090362664,NA
"3007","L2CompR1.qTau1.2","qTau1","99","99","2",0.196232446567473,NA
"3008","L2CompR12.qTau1.2","qTau1","99","99","2",0.0859814396601671,NA
"3009","L22CompL3.qTau1.2","qTau1","99","99","2",0.259173786855649,NA
"3010","L22CompL32.qTau1.2","qTau1","99","99","2",0.292807254165384,NA
"3011","L22CompR1.qTau1.2","qTau1","99","99","2",0.19206036871725,NA
"3012","L22CompR12.qTau1.2","qTau1","99","99","2",0.0812370871741753,NA
"3013","L3CompR1.qTau1.2","qTau1","99","99","2",-0.0905926612039607,NA
"3014","L3CompR12.qTau1.2","qTau1","99","99","2",-0.240186829953333,NA
"3015","L32CompR1.qTau1.2","qTau1","99","99","2",-0.142460292532038,NA
"3016","L32CompR12.qTau1.2","qTau1","99","99","2",-0.299169028864285,NA
"3017","DCompL1.qTau2.2","qTau2","99","99","2",-2.62573267220103,NA
"3018","DCompL12.qTau2.2","qTau2","99","99","2",-7.63391701646421,NA
"3019","DCompL2.qTau2.2","qTau2","99","99","2",-3.46149482435165,NA
"3020","DCompL22.qTau2.2","qTau2","99","99","2",-1.87297911943015,NA
"3021","DCompL3.qTau2.2","qTau2","99","99","2",-4.52302193367437,NA
"3022","DCompL32.qTau2.2","qTau2","99","99","2",-5.49478922851983,NA
"3023","DCompR1.qTau2.2","qTau2","99","99","2",-0.486339099320037,NA
"3024","DCompR12.qTau2.2","qTau2","99","99","2",-0.28062572989348,NA
"3025","L1CompL2.qTau2.2","qTau2","99","99","2",-0.230508486893839,NA
"3026","L1CompL22.qTau2.2","qTau2","99","99","2",0.207614190241421,NA
"3027","L1CompL3.qTau2.2","qTau2","99","99","2",-0.523284376705459,NA
"3028","L1CompL32.qTau2.2","qTau2","99","99","2",-0.791303942046316,NA
"3029","L1CompR1.qTau2.2","qTau2","99","99","2",0.590058276850912,NA
"3030","L1CompR12.qTau2.2","qTau2","99","99","2",0.64679532506293,NA
"3031","L12CompL2.qTau2.2","qTau2","99","99","2",0.483259473557144,NA
"3032","L12CompL22.qTau2.2","qTau2","99","99","2",0.667244992747602,NA
"3033","L12CompL3.qTau2.2","qTau2","99","99","2",0.360310977839792,NA
"3034","L12CompL32.qTau2.2","qTau2","99","99","2",0.247758668963951,NA
"3035","L12CompR1.qTau2.2","qTau2","99","99","2",0.82784880877524,NA
"3036","L12CompR12.qTau2.2","qTau2","99","99","2",0.851675001340478,NA
"3037","L2CompL3.qTau2.2","qTau2","99","99","2",-0.237930817162157,NA
"3038","L2CompL32.qTau2.2","qTau2","99","99","2",-0.45574285844065,NA
"3039","L2CompR1.qTau2.2","qTau2","99","99","2",0.66685177102362,NA
"3040","L2CompR12.qTau2.2","qTau2","99","99","2",0.712960391009849,NA
"3041","L22CompL3.qTau2.2","qTau2","99","99","2",-0.922402392806059,NA
"3042","L22CompL32.qTau2.2","qTau2","99","99","2",-1.26064616501914,NA
"3043","L22CompR1.qTau2.2","qTau2","99","99","2",0.48264883330762,NA
"3044","L22CompR12.qTau2.2","qTau2","99","99","2",0.554251640315615,NA
"3045","L3CompR1.qTau2.2","qTau2","99","99","2",0.730882998986897,NA
"3046","L3CompR12.qTau2.2","qTau2","99","99","2",0.7681295230632,NA
"3047","L32CompR1.qTau2.2","qTau2","99","99","2",0.771148986206782,NA
"3048","L32CompR12.qTau2.2","qTau2","99","99","2",0.802822588257366,NA
"3049","DCompL1.qNPQ.2","qNPQ","99","99","2",0.851505010949028,NA
"3050","DCompL12.qNPQ.2","qNPQ","99","99","2",0.554190997431857,NA
"3051","DCompL2.qNPQ.2","qNPQ","99","99","2",0.533265762923681,NA
"3052","DCompL22.qNPQ.2","qNPQ","99","99","2",0.631451879660171,NA
"3053","DCompL3.qNPQ.2","qNPQ","99","99","2",0.650867783320058,NA
"3054","DCompL32.qNPQ.2","qNPQ","99","99","2",0.397121549973687,NA
"3055","DCompR1.qNPQ.2","qNPQ","99","99","2",0.325668326872305,NA
"3056","DCompR12.qNPQ.2","qNPQ","99","99","2",0.482712180546851,NA
"3057","L1CompL2.qNPQ.2","qNPQ","99","99","2",-2.14309755540715,NA
"3058","L1CompL22.qNPQ.2","qNPQ","99","99","2",-1.48188927246106,NA
"3059","L1CompL3.qNPQ.2","qNPQ","99","99","2",-1.35113803442957,NA
"3060","L1CompL32.qNPQ.2","qNPQ","99","99","2",-3.05992453940229,NA
"3061","L1CompR1.qNPQ.2","qNPQ","99","99","2",-3.54110726184995,NA
"3062","L1CompR12.qNPQ.2","qNPQ","99","99","2",-2.48353720727632,NA
"3063","L12CompL2.qNPQ.2","qNPQ","99","99","2",-0.0469376670000689,NA
"3064","L12CompL22.qNPQ.2","qNPQ","99","99","2",0.173304894659466,NA
"3065","L12CompL3.qNPQ.2","qNPQ","99","99","2",0.216856961908085,NA
"3066","L12CompL32.qNPQ.2","qNPQ","99","99","2",-0.352324530355714,NA
"3067","L12CompR1.qNPQ.2","qNPQ","99","99","2",-0.512602188926461,NA
"3068","L12CompR12.qNPQ.2","qNPQ","99","99","2",-0.160335068321283,NA
"3069","L2CompL3.qNPQ.2","qNPQ","99","99","2",0.251967846055287,NA
"3070","L2CompL32.qNPQ.2","qNPQ","99","99","2",-0.291695363517401,NA
"3071","L2CompR1.qNPQ.2","qNPQ","99","99","2",-0.444787246274865,NA
"3072","L2CompR12.qNPQ.2","qNPQ","99","99","2",-0.10831342198829,NA
"3073","L22CompL3.qNPQ.2","qNPQ","99","99","2",0.0526821399658331,NA
"3074","L22CompL32.qNPQ.2","qNPQ","99","99","2",-0.63582017314432,NA
"3075","L22CompR1.qNPQ.2","qNPQ","99","99","2",-0.829697767840765,NA
"3076","L22CompR12.qNPQ.2","qNPQ","99","99","2",-0.403582845507856,NA
"3077","L3CompR1.qNPQ.2","qNPQ","99","99","2",-0.931450725287469,NA
"3078","L3CompR12.qNPQ.2","qNPQ","99","99","2",-0.481638745264692,NA
"3079","L32CompR1.qNPQ.2","qNPQ","99","99","2",-0.118520114789745,NA
"3080","L32CompR12.qNPQ.2","qNPQ","99","99","2",0.141969961887721,NA
"3081","DCompL1.qqP.2","qqP","99","99","2",0.786808654795315,NA
"3082","DCompL12.qqP.2","qqP","99","99","2",0.528360759219529,NA
"3083","DCompL2.qqP.2","qqP","99","99","2",0.464737168347814,NA
"3084","DCompL22.qqP.2","qqP","99","99","2",0.47666048654808,NA
"3085","DCompL3.qqP.2","qqP","99","99","2",0.59846551522202,NA
"3086","DCompL32.qqP.2","qqP","99","99","2",0.425380020761892,NA
"3087","DCompR1.qqP.2","qqP","99","99","2",0.229669477111081,NA
"3088","DCompR12.qqP.2","qqP","99","99","2",0.271228964040286,NA
"3089","L1CompL2.qqP.2","qqP","99","99","2",-1.51071557871301,NA
"3090","L1CompL22.qqP.2","qqP","99","99","2",-1.45478780083433,NA
"3091","L1CompL3.qqP.2","qqP","99","99","2",-0.883446461639742,NA
"3092","L1CompL32.qqP.2","qqP","99","99","2",-1.69532507844732,NA
"3093","L1CompR1.qqP.2","qqP","99","99","2",-2.61332924725122,NA
"3094","L1CompR12.qqP.2","qqP","99","99","2",-2.41838940628674,NA
"3095","L12CompL2.qqP.2","qqP","99","99","2",-0.134898849312093,NA
"3096","L12CompL22.qqP.2","qqP","99","99","2",-0.109618259468604,NA
"3097","L12CompL3.qqP.2","qqP","99","99","2",0.1486406344953,NA
"3098","L12CompL32.qqP.2","qqP","99","99","2",-0.218346417247267,NA
"3099","L12CompR1.qqP.2","qqP","99","99","2",-0.633304560524208,NA
"3100","L12CompR12.qqP.2","qqP","99","99","2",-0.545187450377836,NA
"3101","L2CompL3.qqP.2","qqP","99","99","2",0.24983678852019,NA
"3102","L2CompL32.qqP.2","qqP","99","99","2",-0.0735286391256405,NA
"3103","L2CompR1.qqP.2","qqP","99","99","2",-0.439163112654682,NA
"3104","L2CompR12.qqP.2","qqP","99","99","2",-0.361519972739804,NA
"3105","L22CompL3.qqP.2","qqP","99","99","2",0.232745713906676,NA
"3106","L22CompL32.qqP.2","qqP","99","99","2",-0.0979869940412953,NA
"3107","L22CompR1.qqP.2","qqP","99","99","2",-0.471951769526934,NA
"3108","L22CompR12.qqP.2","qqP","99","99","2",-0.39253967496698,NA
"3109","L3CompR1.qqP.2","qqP","99","99","2",-0.91846666249564,NA
"3110","L3CompR12.qqP.2","qqP","99","99","2",-0.814964999488579,NA
"3111","L32CompR1.qqP.2","qqP","99","99","2",-0.34059126156787,NA
"3112","L32CompR12.qqP.2","qqP","99","99","2",-0.268266092881066,NA
"3113","DCompL1.qABQ.2","qABQ","99","99","2",0,NA
"3114","DCompL12.qABQ.2","qABQ","99","99","2",0,NA
"3115","DCompL2.qABQ.2","qABQ","99","99","2",0,NA
"3116","DCompL22.qABQ.2","qABQ","99","99","2",0,NA
"3117","DCompL3.qABQ.2","qABQ","99","99","2",0,NA
"3118","DCompL32.qABQ.2","qABQ","99","99","2",0,NA
"3119","DCompR1.qABQ.2","qABQ","99","99","2",1,NA
"3120","DCompR12.qABQ.2","qABQ","99","99","2",1,NA
"3121","L1CompL2.qABQ.2","qABQ","99","99","2",0.66616226442734,NA
"3122","L1CompL22.qABQ.2","qABQ","99","99","2",0.979065858347885,NA
"3123","L1CompL3.qABQ.2","qABQ","99","99","2",0.38102208200739,NA
"3124","L1CompL32.qABQ.2","qABQ","99","99","2",0.450291369792388,NA
"3125","L1CompR1.qABQ.2","qABQ","99","99","2",1.00933943332484,NA
"3126","L1CompR12.qABQ.2","qABQ","99","99","2",1.15472080769201,NA
"3127","L12CompL2.qABQ.2","qABQ","99","99","2",0.36960824859821,NA
"3128","L12CompL22.qABQ.2","qABQ","99","99","2",0.960469686874875,NA
"3129","L12CompL3.qABQ.2","qABQ","99","99","2",-0.168827044471334,NA
"3130","L12CompL32.qABQ.2","qABQ","99","99","2",-0.0380246126544686,NA
"3131","L12CompR1.qABQ.2","qABQ","99","99","2",1.01763581855313,NA
"3132","L12CompR12.qABQ.2","qABQ","99","99","2",1.29216206122401,NA
"3133","L2CompL3.qABQ.2","qABQ","99","99","2",-0.854128074918867,NA
"3134","L2CompL32.qABQ.2","qABQ","99","99","2",-0.646634192700385,NA
"3135","L2CompR1.qABQ.2","qABQ","99","99","2",1.027975966554,NA
"3136","L2CompR12.qABQ.2","qABQ","99","99","2",1.46346111060992,NA
"3137","L22CompL3.qABQ.2","qABQ","99","99","2",-28.5678670890273,NA
"3138","L22CompL32.qABQ.2","qABQ","99","99","2",-25.2589524491954,NA
"3139","L22CompR1.qABQ.2","qABQ","99","99","2",1.44613404647993,NA
"3140","L22CompR12.qABQ.2","qABQ","99","99","2",8.39083599715555,NA
"3141","L3CompR1.qABQ.2","qABQ","99","99","2",1.01508847578138,NA
"3142","L3CompR12.qABQ.2","qABQ","99","99","2",1.24996175662256,NA
"3143","L32CompR1.qABQ.2","qABQ","99","99","2",1.01698978842904,NA
"3144","L32CompR12.qABQ.2","qABQ","99","99","2",1.28145966643014,NA
"3145","DCompL1.qqm.2","qqm","99","99","2",0,NA
"3146","DCompL12.qqm.2","qqm","99","99","2",0,NA
"3147","DCompL2.qqm.2","qqm","99","99","2",0,NA
"3148","DCompL22.qqm.2","qqm","99","99","2",0,NA
"3149","DCompL3.qqm.2","qqm","99","99","2",0,NA
"3150","DCompL32.qqm.2","qqm","99","99","2",0,NA
"3151","DCompR1.qqm.2","qqm","99","99","2",0,NA
"3152","DCompR12.qqm.2","qqm","99","99","2",0,NA
"3153","L1CompL2.qqm.2","qqm","99","99","2",0.227777249324699,NA
"3154","L1CompL22.qqm.2","qqm","99","99","2",0.362580083156533,NA
"3155","L1CompL3.qqm.2","qqm","99","99","2",0.0698538922592644,NA
"3156","L1CompL32.qqm.2","qqm","99","99","2",0.115877014317881,NA
"3157","L1CompR1.qqm.2","qqm","99","99","2",0.613906317408224,NA
"3158","L1CompR12.qqm.2","qqm","99","99","2",0.706653339425527,NA
"3159","L12CompL2.qqm.2","qqm","99","99","2",0.156782209794415,NA
"3160","L12CompL22.qqm.2","qqm","99","99","2",0.303978271497762,NA
"3161","L12CompL3.qqm.2","qqm","99","99","2",-0.0156599826301314,NA
"3162","L12CompL32.qqm.2","qqm","99","99","2",0.0345943193140838,NA
"3163","L12CompR1.qqm.2","qqm","99","99","2",0.57841042424265,NA
"3164","L12CompR12.qqm.2","qqm","99","99","2",0.679684232719788,NA
"3165","L2CompL3.qqm.2","qqm","99","99","2",-0.204504926755048,NA
"3166","L2CompL32.qqm.2","qqm","99","99","2",-0.14490667998186,NA
"3167","L2CompR1.qqm.2","qqm","99","99","2",0.500022911453798,NA
"3168","L2CompR12.qqm.2","qqm","99","99","2",0.620126886551912,NA
"3169","L22CompL3.qqm.2","qqm","99","99","2",-0.459236028185096,NA
"3170","L22CompL32.qqm.2","qqm","99","99","2",-0.387033825457379,NA
"3171","L22CompR1.qqm.2","qqm","99","99","2",0.394286760753053,NA
"3172","L22CompR12.qqm.2","qqm","99","99","2",0.5397905637666,NA
"3173","L3CompR1.qqm.2","qqm","99","99","2",0.58491071523207,NA
"3174","L3CompR12.qqm.2","qqm","99","99","2",0.684623030582805,NA
"3175","L32CompR1.qqm.2","qqm","99","99","2",0.563303195545926,NA
"3176","L32CompR12.qqm.2","qqm","99","99","2",0.668206046754739,NA
"3177","DCompL1.qQuant.3","qQuant","99","99","3",0.876089633398411,NA
"3178","DCompL12.qQuant.3","qQuant","99","99","3",0.792612167159514,NA
"3179","DCompL2.qQuant.3","qQuant","99","99","3",0.670385956781687,NA
"3180","DCompL22.qQuant.3","qQuant","99","99","3",0.557280657490031,NA
"3181","DCompL3.qQuant.3","qQuant","99","99","3",0.805562054741841,NA
"3182","DCompL32.qQuant.3","qQuant","99","99","3",0.774005360900288,NA
"3183","DCompR1.qQuant.3","qQuant","99","99","3",0.305613254211172,NA
"3184","DCompR12.qQuant.3","qQuant","99","99","3",0.245032799168838,NA
"3185","L1CompL2.qQuant.3","qQuant","99","99","3",-1.66010062158984,NA
"3186","L1CompL22.qQuant.3","qQuant","99","99","3",-2.57289994898853,NA
"3187","L1CompL3.qQuant.3","qQuant","99","99","3",-0.569182228984424,NA
"3188","L1CompL32.qQuant.3","qQuant","99","99","3",-0.823855786226146,NA
"3189","L1CompR1.qQuant.3","qQuant","99","99","3",-4.60394392199241,NA
"3190","L1CompR12.qQuant.3","qQuant","99","99","3",-5.09284938409244,NA
"3191","L12CompL2.qQuant.3","qQuant","99","99","3",-0.589360565196892,NA
"3192","L12CompL22.qQuant.3","qQuant","99","99","3",-1.13474115837109,NA
"3193","L12CompL3.qQuant.3","qQuant","99","99","3",0.0624428511786751,NA
"3194","L12CompL32.qQuant.3","qQuant","99","99","3",-0.0897198548457651,NA
"3195","L12CompR1.qQuant.3","qQuant","99","99","3",-2.34825209501525,NA
"3196","L12CompR12.qQuant.3","qQuant","99","99","3",-2.64036400058171,NA
"3197","L2CompL3.qQuant.3","qQuant","99","99","3",0.4101041831844,NA
"3198","L2CompL32.qQuant.3","qQuant","99","99","3",0.314365865928749,NA
"3199","L2CompR1.qQuant.3","qQuant","99","99","3",-1.10666614507355,NA
"3200","L2CompR12.qQuant.3","qQuant","99","99","3",-1.29045823855,NA
"3201","L22CompL3.qQuant.3","qQuant","99","99","3",0.560809915925955,NA
"3202","L22CompL32.qQuant.3","qQuant","99","99","3",0.489530685922938,NA
"3203","L22CompR1.qQuant.3","qQuant","99","99","3",-0.568458115816776,NA
"3204","L22CompR12.qQuant.3","qQuant","99","99","3",-0.70529527025163,NA
"3205","L3CompR1.qQuant.3","qQuant","99","99","3",-2.57125120236627,NA
"3206","L3CompR12.qQuant.3","qQuant","99","99","3",-2.88281824223547,NA
"3207","L32CompR1.qQuant.3","qQuant","99","99","3",-2.07258060879247,NA
"3208","L32CompR12.qQuant.3","qQuant","99","99","3",-2.34064207823116,NA
"3209","DCompL1.qSigma.3","qSigma","99","99","3",0.399279534457919,NA
"3210","DCompL12.qSigma.3","qSigma","99","99","3",0.129352948444447,NA
"3211","DCompL2.qSigma.3","qSigma","99","99","3",0.100610770089984,NA
"3212","DCompL22.qSigma.3","qSigma","99","99","3",-0.0261510265609871,NA
"3213","DCompL3.qSigma.3","qSigma","99","99","3",0.324349236554751,NA
"3214","DCompL32.qSigma.3","qSigma","99","99","3",0.273727948433771,NA
"3215","DCompR1.qSigma.3","qSigma","99","99","3",-0.00435853878807836,NA
"3216","DCompR12.qSigma.3","qSigma","99","99","3",-0.0789219175212866,NA
"3217","L1CompL2.qSigma.3","qSigma","99","99","3",-0.497184267059089,NA
"3218","L1CompL22.qSigma.3","qSigma","99","99","3",-0.708200544882391,NA
"3219","L1CompL3.qSigma.3","qSigma","99","99","3",-0.124734052194395,NA
"3220","L1CompL32.qSigma.3","qSigma","99","99","3",-0.20900167919342,NA
"3221","L1CompR1.qSigma.3","qSigma","99","99","3",-0.671923292777714,NA
"3222","L1CompR12.qSigma.3","qSigma","99","99","3",-0.79604654645432,NA
"3223","L12CompL2.qSigma.3","qSigma","99","99","3",-0.0330124340318051,NA
"3224","L12CompL22.qSigma.3","qSigma","99","99","3",-0.178607364175415,NA
"3225","L12CompL3.qSigma.3","qSigma","99","99","3",0.223967091787552,NA
"3226","L12CompL32.qSigma.3","qSigma","99","99","3",0.165824945632531,NA
"3227","L12CompR1.qSigma.3","qSigma","99","99","3",-0.153577143566533,NA
"3228","L12CompR12.qSigma.3","qSigma","99","99","3",-0.239218481925158,NA
"3229","L2CompL3.qSigma.3","qSigma","99","99","3",0.248767117755182,NA
"3230","L2CompL32.qSigma.3","qSigma","99","99","3",0.19248304581222,NA
"3231","L2CompR1.qSigma.3","qSigma","99","99","3",-0.116711769929204,NA
"3232","L2CompR12.qSigma.3","qSigma","99","99","3",-0.19961623026021,NA
"3233","L22CompL3.qSigma.3","qSigma","99","99","3",0.341567911587434,NA
"3234","L22CompL32.qSigma.3","qSigma","99","99","3",0.292236685665816,NA
"3235","L22CompR1.qSigma.3","qSigma","99","99","3",0.0212371154039025,NA
"3236","L22CompR12.qSigma.3","qSigma","99","99","3",-0.051426047038275,NA
"3237","L3CompR1.qSigma.3","qSigma","99","99","3",-0.486505445012298,NA
"3238","L3CompR12.qSigma.3","qSigma","99","99","3",-0.596863314443241,NA
"3239","L32CompR1.qSigma.3","qSigma","99","99","3",-0.382895757343472,NA
"3240","L32CompR12.qSigma.3","qSigma","99","99","3",-0.485561664109966,NA
"3241","DCompL1.qConnect.3","qConnect","99","99","3",-0.645368477137708,NA
"3242","DCompL12.qConnect.3","qConnect","99","99","3",0.338373203321719,NA
"3243","DCompL2.qConnect.3","qConnect","99","99","3",0.153775011307189,NA
"3244","DCompL22.qConnect.3","qConnect","99","99","3",0.212717527344045,NA
"3245","DCompL3.qConnect.3","qConnect","99","99","3",0.0167604923708369,NA
"3246","DCompL32.qConnect.3","qConnect","99","99","3",-0.0847179010853748,NA
"3247","DCompR1.qConnect.3","qConnect","99","99","3",0.191635544828771,NA
"3248","DCompR12.qConnect.3","qConnect","99","99","3",0.176769237700485,NA
"3249","L1CompL2.qConnect.3","qConnect","99","99","3",0.48569271840864,NA
"3250","L1CompL22.qConnect.3","qConnect","99","99","3",0.521516010793208,NA
"3251","L1CompL3.qConnect.3","qConnect","99","99","3",0.402419870508512,NA
"3252","L1CompL32.qConnect.3","qConnect","99","99","3",0.340744692658537,NA
"3253","L1CompR1.qConnect.3","qConnect","99","99","3",0.50870308602395,NA
"3254","L1CompR12.qConnect.3","qConnect","99","99","3",0.49966784113209,NA
"3255","L12CompL2.qConnect.3","qConnect","99","99","3",-0.279006522923967,NA
"3256","L12CompL22.qConnect.3","qConnect","99","99","3",-0.189919266584323,NA
"3257","L12CompL3.qConnect.3","qConnect","99","99","3",-0.48609384106803,NA
"3258","L12CompL32.qConnect.3","qConnect","99","99","3",-0.639470932149721,NA
"3259","L12CompR1.qConnect.3","qConnect","99","99","3",-0.221783124912185,NA
"3260","L12CompR12.qConnect.3","qConnect","99","99","3",-0.244252449315192,NA
"3261","L2CompL3.qConnect.3","qConnect","99","99","3",-0.161912636434907,NA
"3262","L2CompL32.qConnect.3","qConnect","99","99","3",-0.28183156439397,NA
"3263","L2CompR1.qConnect.3","qConnect","99","99","3",0.0447405052172547,NA
"3264","L2CompR12.qConnect.3","qConnect","99","99","3",0.0271727102136456,NA
"3265","L22CompL3.qConnect.3","qConnect","99","99","3",-0.248903083428407,NA
"3266","L22CompL32.qConnect.3","qConnect","99","99","3",-0.377800140051384,NA
"3267","L22CompR1.qConnect.3","qConnect","99","99","3",-0.0267781682528153,NA
"3268","L22CompR12.qConnect.3","qConnect","99","99","3",-0.0456612345531917,NA
"3269","L3CompR1.qConnect.3","qConnect","99","99","3",0.17785600670136,NA
"3270","L3CompR12.qConnect.3","qConnect","99","99","3",0.162736285602954,NA
"3271","L32CompR1.qConnect.3","qConnect","99","99","3",0.254769876700316,NA
"3272","L32CompR12.qConnect.3","qConnect","99","99","3",0.241064647798487,NA
"3273","DCompL1.qTau1.3","qTau1","99","99","3",-1.3268243367141,NA
"3274","DCompL12.qTau1.3","qTau1","99","99","3",-0.267222531023044,NA
"3275","DCompL2.qTau1.3","qTau1","99","99","3",-0.855803400197039,NA
"3276","DCompL22.qTau1.3","qTau1","99","99","3",-0.786501179619818,NA
"3277","DCompL3.qTau1.3","qTau1","99","99","3",-0.800382705479064,NA
"3278","DCompL32.qTau1.3","qTau1","99","99","3",-0.69269688321792,NA
"3279","DCompR1.qTau1.3","qTau1","99","99","3",-0.594277845755876,NA
"3280","DCompR12.qTau1.3","qTau1","99","99","3",-0.510154578871302,NA
"3281","L1CompL2.qTau1.3","qTau1","99","99","3",0.202430810562273,NA
"3282","L1CompL22.qTau1.3","qTau1","99","99","3",0.232214846891844,NA
"3283","L1CompL3.qTau1.3","qTau1","99","99","3",0.22624897931851,NA
"3284","L1CompL32.qTau1.3","qTau1","99","99","3",0.272529147770425,NA
"3285","L1CompR1.qTau1.3","qTau1","99","99","3",0.314826727312261,NA
"3286","L1CompR12.qTau1.3","qTau1","99","99","3",0.350980409202735,NA
"3287","L12CompL2.qTau1.3","qTau1","99","99","3",-0.464465281167962,NA
"3288","L12CompL22.qTau1.3","qTau1","99","99","3",-0.409777001185067,NA
"3289","L12CompL3.qTau1.3","qTau1","99","99","3",-0.420731293362969,NA
"3290","L12CompL32.qTau1.3","qTau1","99","99","3",-0.33575346222055,NA
"3291","L12CompR1.qTau1.3","qTau1","99","99","3",-0.258088304718506,NA
"3292","L12CompR12.qTau1.3","qTau1","99","99","3",-0.191704331244912,NA
"3293","L2CompL3.qTau1.3","qTau1","99","99","3",0.0298634514367689,NA
"3294","L2CompL32.qTau1.3","qTau1","99","99","3",0.0878899763637687,NA
"3295","L2CompR1.qTau1.3","qTau1","99","99","3",0.14092309261498,NA
"3296","L2CompR12.qTau1.3","qTau1","99","99","3",0.186252930288326,NA
"3297","L22CompL3.qTau1.3","qTau1","99","99","3",-0.00777023044686736,NA
"3298","L22CompL32.qTau1.3","qTau1","99","99","3",0.0525072681014744,NA
"3299","L22CompR1.qTau1.3","qTau1","99","99","3",0.107597652918902,NA
"3300","L22CompR12.qTau1.3","qTau1","99","99","3",0.15468593242537,NA
"3301","L3CompR1.qTau1.3","qTau1","99","99","3",0.114478360126407,NA
"3302","L3CompR12.qTau1.3","qTau1","99","99","3",0.161203573953759,NA
"3303","L32CompR1.qTau1.3","qTau1","99","99","3",0.0581433323578544,NA
"3304","L32CompR12.qTau1.3","qTau1","99","99","3",0.107841106199471,NA
"3305","DCompL1.qTau2.3","qTau2","99","99","3",-1.88107940731204,NA
"3306","DCompL12.qTau2.3","qTau2","99","99","3",-4.34467559993466,NA
"3307","DCompL2.qTau2.3","qTau2","99","99","3",-2.19438339108923,NA
"3308","DCompL22.qTau2.3","qTau2","99","99","3",-1.31621719258814,NA
"3309","DCompL3.qTau2.3","qTau2","99","99","3",-4.83093425575328,NA
"3310","DCompL32.qTau2.3","qTau2","99","99","3",-4.69756173547049,NA
"3311","DCompR1.qTau2.3","qTau2","99","99","3",-0.295981960529964,NA
"3312","DCompR12.qTau2.3","qTau2","99","99","3",0.139135451676969,NA
"3313","L1CompL2.qTau2.3","qTau2","99","99","3",-0.108745348351747,NA
"3314","L1CompL22.qTau2.3","qTau2","99","99","3",0.196059231581854,NA
"3315","L1CompL3.qTau2.3","qTau2","99","99","3",-1.02387141463531,NA
"3316","L1CompL32.qTau2.3","qTau2","99","99","3",-0.977578861939851,NA
"3317","L1CompR1.qTau2.3","qTau2","99","99","3",0.550174855562529,NA
"3318","L1CompR12.qTau2.3","qTau2","99","99","3",0.701200686750182,NA
"3319","L12CompL2.qTau2.3","qTau2","99","99","3",0.40232417639561,NA
"3320","L12CompL22.qTau2.3","qTau2","99","99","3",0.566630911590508,NA
"3321","L12CompL3.qTau2.3","qTau2","99","99","3",-0.0909800130478567,NA
"3322","L12CompL32.qTau2.3","qTau2","99","99","3",-0.0660257351335111,NA
"3323","L12CompR1.qTau2.3","qTau2","99","99","3",0.757519060549567,NA
"3324","L12CompR12.qTau2.3","qTau2","99","99","3",0.838930439794409,NA
"3325","L2CompL3.qTau2.3","qTau2","99","99","3",-0.82537082806614,NA
"3326","L2CompL32.qTau2.3","qTau2","99","99","3",-0.783618632429625,NA
"3327","L2CompR1.qTau2.3","qTau2","99","99","3",0.594293545306703,NA
"3328","L2CompR12.qTau2.3","qTau2","99","99","3",0.730506816832187,NA
"3329","L22CompL3.qTau2.3","qTau2","99","99","3",-1.51743846579335,NA
"3330","L22CompL32.qTau2.3","qTau2","99","99","3",-1.45985642179956,NA
"3331","L22CompR1.qTau2.3","qTau2","99","99","3",0.440474768654215,NA
"3332","L22CompR12.qTau2.3","qTau2","99","99","3",0.628331681900219,NA
"3333","L3CompR1.qTau2.3","qTau2","99","99","3",0.777740255045537,NA
"3334","L3CompR12.qTau2.3","qTau2","99","99","3",0.852362501348111,NA
"3335","L32CompR1.qTau2.3","qTau2","99","99","3",0.772537443085214,NA
"3336","L32CompR12.qTau2.3","qTau2","99","99","3",0.848906499254993,NA
"3337","DCompL1.qNPQ.3","qNPQ","99","99","3",0.861612468500381,NA
"3338","DCompL12.qNPQ.3","qNPQ","99","99","3",0.56603097216046,NA
"3339","DCompL2.qNPQ.3","qNPQ","99","99","3",0.548528703748265,NA
"3340","DCompL22.qNPQ.3","qNPQ","99","99","3",0.637183081836663,NA
"3341","DCompL3.qNPQ.3","qNPQ","99","99","3",0.665589794932115,NA
"3342","DCompL32.qNPQ.3","qNPQ","99","99","3",0.415263238432654,NA
"3343","DCompR1.qNPQ.3","qNPQ","99","99","3",0.345821513000083,NA
"3344","DCompR12.qNPQ.3","qNPQ","99","99","3",0.485899263942049,NA
"3345","L1CompL2.qNPQ.3","qNPQ","99","99","3",-2.26236974790593,NA
"3346","L1CompL22.qNPQ.3","qNPQ","99","99","3",-1.62174571821405,NA
"3347","L1CompL3.qNPQ.3","qNPQ","99","99","3",-1.41647640827242,NA
"3348","L1CompL32.qNPQ.3","qNPQ","99","99","3",-3.22535726471106,NA
"3349","L1CompR1.qNPQ.3","qNPQ","99","99","3",-3.72714904233781,NA
"3350","L1CompR12.qNPQ.3","qNPQ","99","99","3",-2.71493537377944,NA
"3351","L12CompL2.qNPQ.3","qNPQ","99","99","3",-0.0403306855775596,NA
"3352","L12CompL22.qNPQ.3","qNPQ","99","99","3",0.163956653843304,NA
"3353","L12CompL3.qNPQ.3","qNPQ","99","99","3",0.229414581190956,NA
"3354","L12CompL32.qNPQ.3","qNPQ","99","99","3",-0.347415884673578,NA
"3355","L12CompR1.qNPQ.3","qNPQ","99","99","3",-0.507431279731327,NA
"3356","L12CompR12.qNPQ.3","qNPQ","99","99","3",-0.184648449723099,NA
"3357","L2CompL3.qNPQ.3","qNPQ","99","99","3",0.259288003812712,NA
"3358","L2CompL32.qNPQ.3","qNPQ","99","99","3",-0.295180372311651,NA
"3359","L2CompR1.qNPQ.3","qNPQ","99","99","3",-0.448992421957109,NA
"3360","L2CompR12.qNPQ.3","qNPQ","99","99","3",-0.138722971595728,NA
"3361","L22CompL3.qNPQ.3","qNPQ","99","99","3",0.0782948966086069,NA
"3362","L22CompL32.qNPQ.3","qNPQ","99","99","3",-0.61165792523518,NA
"3363","L22CompR1.qNPQ.3","qNPQ","99","99","3",-0.803053976400878,NA
"3364","L22CompR12.qNPQ.3","qNPQ","99","99","3",-0.416970130997329,NA
"3365","L3CompR1.qNPQ.3","qNPQ","99","99","3",-0.956215680879472,NA
"3366","L3CompR12.qNPQ.3","qNPQ","99","99","3",-0.537335668191073,NA
"3367","L32CompR1.qNPQ.3","qNPQ","99","99","3",-0.118757242569182,NA
"3368","L32CompR12.qNPQ.3","qNPQ","99","99","3",0.120799700227603,NA
"3369","DCompL1.qqP.3","qqP","99","99","3",0.795035420496835,NA
"3370","DCompL12.qqP.3","qqP","99","99","3",0.529096595296351,NA
"3371","DCompL2.qqP.3","qqP","99","99","3",0.469175620704796,NA
"3372","DCompL22.qqP.3","qqP","99","99","3",0.478705429774244,NA
"3373","DCompL3.qqP.3","qqP","99","99","3",0.602588789171444,NA
"3374","DCompL32.qqP.3","qqP","99","99","3",0.431638814344022,NA
"3375","DCompR1.qqP.3","qqP","99","99","3",0.22555932915504,NA
"3376","DCompR12.qqP.3","qqP","99","99","3",0.267988935665199,NA
"3377","L1CompL2.qqP.3","qqP","99","99","3",-1.58983469525283,NA
"3378","L1CompL22.qqP.3","qqP","99","99","3",-1.54333978821792,NA
"3379","L1CompL3.qqP.3","qqP","99","99","3",-0.938926285663026,NA
"3380","L1CompL32.qqP.3","qqP","99","99","3",-1.77297271086393,NA
"3381","L1CompR1.qqP.3","qqP","99","99","3",-2.77841221503836,NA
"3382","L1CompR12.qqP.3","qqP","99","99","3",-2.57140275704806,NA
"3383","L12CompL2.qqP.3","qqP","99","99","3",-0.127246849339017,NA
"3384","L12CompL22.qqP.3","qqP","99","99","3",-0.107009558688197,NA
"3385","L12CompL3.qqP.3","qqP","99","99","3",0.156066388862368,NA
"3386","L12CompL32.qqP.3","qqP","99","99","3",-0.206959176720462,NA
"3387","L12CompR1.qqP.3","qqP","99","99","3",-0.644584989425453,NA
"3388","L12CompR12.qqP.3","qqP","99","99","3",-0.554482420434981,NA
"3389","L2CompL3.qqP.3","qqP","99","99","3",0.25133202933103,NA
"3390","L2CompL32.qqP.3","qqP","99","99","3",-0.0707141718144396,NA
"3391","L2CompR1.qqP.3","qqP","99","99","3",-0.458939530760088,NA
"3392","L2CompR12.qqP.3","qqP","99","99","3",-0.379007997535306,NA
"3393","L22CompL3.qqP.3","qqP","99","99","3",0.237645597082567,NA
"3394","L22CompL32.qqP.3","qqP","99","99","3",-0.0902879448942651,NA
"3395","L22CompR1.qqP.3","qqP","99","99","3",-0.485610468778861,NA
"3396","L22CompR12.qqP.3","qqP","99","99","3",-0.404217703663767,NA
"3397","L3CompR1.qqP.3","qqP","99","99","3",-0.948713699420662,NA
"3398","L3CompR12.qqP.3","qqP","99","99","3",-0.841948702978568,NA
"3399","L32CompR1.qqP.3","qqP","99","99","3",-0.362585430514812,NA
"3400","L32CompR12.qqP.3","qqP","99","99","3",-0.287932889875203,NA
"3401","DCompL1.qABQ.3","qABQ","99","99","3",0,NA
"3402","DCompL12.qABQ.3","qABQ","99","99","3",0,NA
"3403","DCompL2.qABQ.3","qABQ","99","99","3",0,NA
"3404","DCompL22.qABQ.3","qABQ","99","99","3",1,NA
"3405","DCompL3.qABQ.3","qABQ","99","99","3",0,NA
"3406","DCompL32.qABQ.3","qABQ","99","99","3",0,NA
"3407","DCompR1.qABQ.3","qABQ","99","99","3",1,NA
"3408","DCompR12.qABQ.3","qABQ","99","99","3",1,NA
"3409","L1CompL2.qABQ.3","qABQ","99","99","3",0.748019216094861,NA
"3410","L1CompL22.qABQ.3","qABQ","99","99","3",1.06549553459205,NA
"3411","L1CompL3.qABQ.3","qABQ","99","99","3",0.187663757935638,NA
"3412","L1CompL32.qABQ.3","qABQ","99","99","3",0.314445332627937,NA
"3413","L1CompR1.qABQ.3","qABQ","99","99","3",1.01091600849013,NA
"3414","L1CompR12.qABQ.3","qABQ","99","99","3",1.19766081331575,NA
"3415","L12CompL2.qABQ.3","qABQ","99","99","3",0.22219963827734,NA
"3416","L12CompL22.qABQ.3","qABQ","99","99","3",1.20216799752514,NA
"3417","L12CompL3.qABQ.3","qABQ","99","99","3",-1.50747463011286,NA
"3418","L12CompL32.qABQ.3","qABQ","99","99","3",-1.11613227008369,NA
"3419","L12CompR1.qABQ.3","qABQ","99","99","3",1.03369493189364,NA
"3420","L12CompR12.qABQ.3","qABQ","99","99","3",1.6101284777067,NA
"3421","L2CompL3.qABQ.3","qABQ","99","99","3",-2.22380234506365,NA
"3422","L2CompL32.qABQ.3","qABQ","99","99","3",-1.72066249158963,NA
"3423","L2CompR1.qABQ.3","qABQ","99","99","3",1.04332079740747,NA
"3424","L2CompR12.qABQ.3","qABQ","99","99","3",1.78442812286098,NA
"3425","L22CompL3.qABQ.3","qABQ","99","99","3",13.4029255906393,NA
"3426","L22CompL32.qABQ.3","qABQ","99","99","3",11.4671970637714,NA
"3427","L22CompR1.qABQ.3","qABQ","99","99","3",0.833332019379308,NA
"3428","L22CompR12.qABQ.3","qABQ","99","99","3",-2.01792808543213,NA
"3429","L3CompR1.qABQ.3","qABQ","99","99","3",1.01343779573639,NA
"3430","L3CompR12.qABQ.3","qABQ","99","99","3",1.24332388865655,NA
"3431","L32CompR1.qABQ.3","qABQ","99","99","3",1.01592288552563,NA
"3432","L32CompR12.qABQ.3","qABQ","99","99","3",1.2883224675188,NA
"3433","DCompL1.qqm.3","qqm","99","99","3",0,NA
"3434","DCompL12.qqm.3","qqm","99","99","3",0,NA
"3435","DCompL2.qqm.3","qqm","99","99","3",0,NA
"3436","DCompL22.qqm.3","qqm","99","99","3",0,NA
"3437","DCompL3.qqm.3","qqm","99","99","3",0,NA
"3438","DCompL32.qqm.3","qqm","99","99","3",0,NA
"3439","DCompR1.qqm.3","qqm","99","99","3",0,NA
"3440","DCompR12.qqm.3","qqm","99","99","3",0,NA
"3441","L1CompL2.qqm.3","qqm","99","99","3",0.234797523877534,NA
"3442","L1CompL22.qqm.3","qqm","99","99","3",0.363899952418909,NA
"3443","L1CompL3.qqm.3","qqm","99","99","3",0.0805026974043601,NA
"3444","L1CompL32.qqm.3","qqm","99","99","3",0.116522634906808,NA
"3445","L1CompR1.qqm.3","qqm","99","99","3",0.651162115655133,NA
"3446","L1CompR12.qqm.3","qqm","99","99","3",0.720310810871784,NA
"3447","L12CompL2.qqm.3","qqm","99","99","3",0.154206830833609,NA
"3448","L12CompL22.qqm.3","qqm","99","99","3",0.296906254307,NA
"3449","L12CompL3.qqm.3","qqm","99","99","3",-0.0163382397077445,NA
"3450","L12CompL32.qqm.3","qqm","99","99","3",0.0234752972893505,NA
"3451","L12CompR1.qqm.3","qqm","99","99","3",0.614422706496674,NA
"3452","L12CompR12.qqm.3","qqm","99","99","3",0.690854103278579,NA
"3453","L2CompL3.qqm.3","qqm","99","99","3",-0.201639214832441,NA
"3454","L2CompL32.qqm.3","qqm","99","99","3",-0.154566788087336,NA
"3455","L2CompR1.qqm.3","qqm","99","99","3",0.544123424544386,NA
"3456","L2CompR12.qqm.3","qqm","99","99","3",0.63448995807555,NA
"3457","L22CompL3.qqm.3","qqm","99","99","3",-0.445523084131543,NA
"3458","L22CompL32.qqm.3","qqm","99","99","3",-0.388896870001516,NA
"3459","L22CompR1.qqm.3","qqm","99","99","3",0.451599028059503,NA
"3460","L22CompR12.qqm.3","qqm","99","99","3",0.560306291138014,NA
"3461","L3CompR1.qqm.3","qqm","99","99","3",0.620621090067219,NA
"3462","L3CompR12.qqm.3","qqm","99","99","3",0.695823806835883,NA
"3463","L32CompR1.qqm.3","qqm","99","99","3",0.605153569148803,NA
"3464","L32CompR12.qqm.3","qqm","99","99","3",0.68342234880153,NA
"3465","DCompL1.qQuant.4","qQuant","99","99","4",0.861089357902867,NA
"3466","DCompL12.qQuant.4","qQuant","99","99","4",0.785962471675429,NA
"3467","DCompL2.qQuant.4","qQuant","99","99","4",0.648106247703231,NA
"3468","DCompL22.qQuant.4","qQuant","99","99","4",0.550488253472187,NA
"3469","DCompL3.qQuant.4","qQuant","99","99","4",0.788574869483883,NA
"3470","DCompL32.qQuant.4","qQuant","99","99","4",0.770699043333288,NA
"3471","DCompR1.qQuant.4","qQuant","99","99","4",0.312123146359234,NA
"3472","DCompR12.qQuant.4","qQuant","99","99","4",0.225932426328889,NA
"3473","L1CompL2.qQuant.4","qQuant","99","99","4",-1.53323825291016,NA
"3474","L1CompL22.qQuant.4","qQuant","99","99","4",-2.2359777461362,NA
"3475","L1CompL3.qQuant.4","qQuant","99","99","4",-0.522022555826055,NA
"3476","L1CompL32.qQuant.4","qQuant","99","99","4",-0.65070834894258,NA
"3477","L1CompR1.qQuant.4","qQuant","99","99","4",-3.95193775837398,NA
"3478","L1CompR12.qQuant.4","qQuant","99","99","4",-4.57241376171774,NA
"3479","L12CompL2.qQuant.4","qQuant","99","99","4",-0.644075013626348,NA
"3480","L12CompL22.qQuant.4","qQuant","99","99","4",-1.1001538844448,NA
"3481","L12CompL3.qQuant.4","qQuant","99","99","4",0.0122053259954173,NA
"3482","L12CompL32.qQuant.4","qQuant","99","99","4",-0.0713119258179563,NA
"3483","L12CompR1.qQuant.4","qQuant","99","99","4",-2.21381422699693,NA
"3484","L12CompR12.qQuant.4","qQuant","99","99","4",-2.6165039828777,NA
"3485","L2CompL3.qQuant.4","qQuant","99","99","4",0.399179072841818,NA
"3486","L2CompL32.qQuant.4","qQuant","99","99","4",0.348380142670646,NA
"3487","L2CompR1.qQuant.4","qQuant","99","99","4",-0.954785639560448,NA
"3488","L2CompR12.qQuant.4","qQuant","99","99","4",-1.19971957052054,NA
"3489","L22CompL3.qQuant.4","qQuant","99","99","4",0.529656049815742,NA
"3490","L22CompL32.qQuant.4","qQuant","99","99","4",0.489888843978131,NA
"3491","L22CompR1.qQuant.4","qQuant","99","99","4",-0.53027559113676,NA
"3492","L22CompR12.qQuant.4","qQuant","99","99","4",-0.72201856714598,NA
"3493","L3CompR1.qQuant.4","qQuant","99","99","4",-2.25352455482264,NA
"3494","L3CompR12.qQuant.4","qQuant","99","99","4",-2.6611900003633,NA
"3495","L32CompR1.qQuant.4","qQuant","99","99","4",-1.99988654055462,NA
"3496","L32CompR12.qQuant.4","qQuant","99","99","4",-2.37577123498972,NA
"3497","DCompL1.qSigma.4","qSigma","99","99","4",0.338640094943338,NA
"3498","DCompL12.qSigma.4","qSigma","99","99","4",0.0194747121665772,NA
"3499","DCompL2.qSigma.4","qSigma","99","99","4",-0.0592639024979564,NA
"3500","DCompL22.qSigma.4","qSigma","99","99","4",-0.0135955280105047,NA
"3501","DCompL3.qSigma.4","qSigma","99","99","4",0.192926375007507,NA
"3502","DCompL32.qSigma.4","qSigma","99","99","4",0.288945961262583,NA
"3503","DCompR1.qSigma.4","qSigma","99","99","4",-0.0249382240300765,NA
"3504","DCompR12.qSigma.4","qSigma","99","99","4",-0.096323361123457,NA
"3505","L1CompL2.qSigma.4","qSigma","99","99","4",-0.601645177457808,NA
"3506","L1CompL22.qSigma.4","qSigma","99","99","4",-0.532592950163293,NA
"3507","L1CompL3.qSigma.4","qSigma","99","99","4",-0.220324393453134,NA
"3508","L1CompL32.qSigma.4","qSigma","99","99","4",-0.0751393202109784,NA
"3509","L1CompR1.qSigma.4","qSigma","99","99","4",-0.549743515132302,NA
"3510","L1CompR12.qSigma.4","qSigma","99","99","4",-0.657680413858064,NA
"3511","L12CompL2.qSigma.4","qSigma","99","99","4",-0.0803024823954465,NA
"3512","L12CompL22.qSigma.4","qSigma","99","99","4",-0.0337270650613756,NA
"3513","L12CompL3.qSigma.4","qSigma","99","99","4",0.17689667466322,NA
"3514","L12CompL32.qSigma.4","qSigma","99","99","4",0.274823354827933,NA
"3515","L12CompR1.qSigma.4","qSigma","99","99","4",-0.0452950441439291,NA
"3516","L12CompR12.qSigma.4","qSigma","99","99","4",-0.11809799780473,NA
"3517","L2CompL3.qSigma.4","qSigma","99","99","4",0.238080686890914,NA
"3518","L2CompL32.qSigma.4","qSigma","99","99","4",0.32872815068973,NA
"3519","L2CompR1.qSigma.4","qSigma","99","99","4",0.0324052187438212,NA
"3520","L2CompR12.qSigma.4","qSigma","99","99","4",-0.0349860488383556,NA
"3521","L22CompL3.qSigma.4","qSigma","99","99","4",0.20375178985189,NA
"3522","L22CompL32.qSigma.4","qSigma","99","99","4",0.298483449179102,NA
"3523","L22CompR1.qSigma.4","qSigma","99","99","4",-0.0111905545221133,NA
"3524","L22CompR12.qSigma.4","qSigma","99","99","4",-0.0816181907149209,NA
"3525","L3CompR1.qSigma.4","qSigma","99","99","4",-0.269943896431518,NA
"3526","L3CompR12.qSigma.4","qSigma","99","99","4",-0.358393245887145,NA
"3527","L32CompR1.qSigma.4","qSigma","99","99","4",-0.441435064274451,NA
"3528","L32CompR12.qSigma.4","qSigma","99","99","4",-0.541828470688591,NA
"3529","DCompL1.qConnect.4","qConnect","99","99","4",-0.211955683644962,NA
"3530","DCompL12.qConnect.4","qConnect","99","99","4",0.569059646841682,NA
"3531","DCompL2.qConnect.4","qConnect","99","99","4",0.25740780645712,NA
"3532","DCompL22.qConnect.4","qConnect","99","99","4",0.197152098207989,NA
"3533","DCompL3.qConnect.4","qConnect","99","99","4",0.179508806845758,NA
"3534","DCompL32.qConnect.4","qConnect","99","99","4",-0.300186184282808,NA
"3535","DCompR1.qConnect.4","qConnect","99","99","4",0.12534930949934,NA
"3536","DCompR12.qConnect.4","qConnect","99","99","4",0.214074925995056,NA
"3537","L1CompL2.qConnect.4","qConnect","99","99","4",0.387277766370524,NA
"3538","L1CompL22.qConnect.4","qConnect","99","99","4",0.337560017559848,NA
"3539","L1CompL3.qConnect.4","qConnect","99","99","4",0.323002314171578,NA
"3540","L1CompL32.qConnect.4","qConnect","99","99","4",-0.0728001046808021,NA
"3541","L1CompR1.qConnect.4","qConnect","99","99","4",0.278314626265752,NA
"3542","L1CompR12.qConnect.4","qConnect","99","99","4",0.351523257318064,NA
"3543","L12CompL2.qConnect.4","qConnect","99","99","4",-0.723190200454651,NA
"3544","L12CompL22.qConnect.4","qConnect","99","99","4",-0.863013978403324,NA
"3545","L12CompL3.qConnect.4","qConnect","99","99","4",-0.903955355169099,NA
"3546","L12CompL32.qConnect.4","qConnect","99","99","4",-2.0170908218594,NA
"3547","L12CompR1.qConnect.4","qConnect","99","99","4",-1.02963283454528,NA
"3548","L12CompR12.qConnect.4","qConnect","99","99","4",-0.823744442229602,NA
"3549","L2CompL3.qConnect.4","qConnect","99","99","4",-0.104901452356655,NA
"3550","L2CompL32.qConnect.4","qConnect","99","99","4",-0.750875104247552,NA
"3551","L2CompR1.qConnect.4","qConnect","99","99","4",-0.177834480494245,NA
"3552","L2CompR12.qConnect.4","qConnect","99","99","4",-0.0583535362192875,NA
"3553","L22CompL3.qConnect.4","qConnect","99","99","4",-0.0219758827579294,NA
"3554","L22CompL32.qConnect.4","qConnect","99","99","4",-0.61946762441641,NA
"3555","L22CompR1.qConnect.4","qConnect","99","99","4",-0.0894351078808077,NA
"3556","L22CompR12.qConnect.4","qConnect","99","99","4",0.0210784978690162,NA
"3557","L3CompR1.qConnect.4","qConnect","99","99","4",-0.0660086272690028,NA
"3558","L3CompR12.qConnect.4","qConnect","99","99","4",0.0421285681524675,NA
"3559","L32CompR1.qConnect.4","qConnect","99","99","4",0.327288121444604,NA
"3560","L32CompR12.qConnect.4","qConnect","99","99","4",0.395528822329037,NA
"3561","DCompL1.qTau1.4","qTau1","99","99","4",-2.16453298170796,NA
"3562","DCompL12.qTau1.4","qTau1","99","99","4",-0.551344682734631,NA
"3563","DCompL2.qTau1.4","qTau1","99","99","4",-0.920008897321559,NA
"3564","DCompL22.qTau1.4","qTau1","99","99","4",-0.576861797801191,NA
"3565","DCompL3.qTau1.4","qTau1","99","99","4",-0.872038586202147,NA
"3566","DCompL32.qTau1.4","qTau1","99","99","4",-0.622240446371165,NA
"3567","DCompR1.qTau1.4","qTau1","99","99","4",-0.640475928572735,NA
"3568","DCompR12.qTau1.4","qTau1","99","99","4",-0.729752938628322,NA
"3569","L1CompL2.qTau1.4","qTau1","99","99","4",0.393272590799387,NA
"3570","L1CompL22.qTau1.4","qTau1","99","99","4",0.501707895946741,NA
"3571","L1CompL3.qTau1.4","qTau1","99","99","4",0.408431323982671,NA
"3572","L1CompL32.qTau1.4","qTau1","99","99","4",0.487368134335067,NA
"3573","L1CompR1.qTau1.4","qTau1","99","99","4",0.481605678292745,NA
"3574","L1CompR12.qTau1.4","qTau1","99","99","4",0.453393929332744,NA
"3575","L12CompL2.qTau1.4","qTau1","99","99","4",-0.237641717337159,NA
"3576","L12CompL22.qTau1.4","qTau1","99","99","4",-0.0164483852947368,NA
"3577","L12CompL3.qTau1.4","qTau1","99","99","4",-0.20671995529853,NA
"3578","L12CompL32.qTau1.4","qTau1","99","99","4",-0.0456995562788552,NA
"3579","L12CompR1.qTau1.4","qTau1","99","99","4",-0.0574541859266169,NA
"3580","L12CompR12.qTau1.4","qTau1","99","99","4",-0.11500233177014,NA
"3581","L2CompL3.qTau1.4","qTau1","99","99","4",0.0249844212630116,NA
"3582","L2CompL32.qTau1.4","qTau1","99","99","4",0.155087016193407,NA
"3583","L2CompR1.qTau1.4","qTau1","99","99","4",0.14558941322552,NA
"3584","L2CompR12.qTau1.4","qTau1","99","99","4",0.099091185962027,NA
"3585","L22CompL3.qTau1.4","qTau1","99","99","4",-0.187192554739138,NA
"3586","L22CompL32.qTau1.4","qTau1","99","99","4",-0.0287778222753894,NA
"3587","L22CompR1.qTau1.4","qTau1","99","99","4",-0.0403422359906546,NA
"3588","L22CompR12.qTau1.4","qTau1","99","99","4",-0.0969591254226117,NA
"3589","L3CompR1.qTau1.4","qTau1","99","99","4",0.123695451224213,NA
"3590","L3CompR12.qTau1.4","qTau1","99","99","4",0.0760057237188061,NA
"3591","L32CompR1.qTau1.4","qTau1","99","99","4",-0.0112409243909319,NA
"3592","L32CompR12.qTau1.4","qTau1","99","99","4",-0.06627407946686,NA
"3593","DCompL1.qTau2.4","qTau2","99","99","4",-4.88608122394019,NA
"3594","DCompL12.qTau2.4","qTau2","99","99","4",-6.59945765602996,NA
"3595","DCompL2.qTau2.4","qTau2","99","99","4",-3.09816530411044,NA
"3596","DCompL22.qTau2.4","qTau2","99","99","4",-1.33649939731479,NA
"3597","DCompL3.qTau2.4","qTau2","99","99","4",-5.59029670002496,NA
"3598","DCompL32.qTau2.4","qTau2","99","99","4",-5.18692964709268,NA
"3599","DCompR1.qTau2.4","qTau2","99","99","4",-0.766413980836895,NA
"3600","DCompR12.qTau2.4","qTau2","99","99","4",-0.299895650142817,NA
"3601","L1CompL2.qTau2.4","qTau2","99","99","4",0.303753185151071,NA
"3602","L1CompL22.qTau2.4","qTau2","99","99","4",0.603046694664754,NA
"3603","L1CompL3.qTau2.4","qTau2","99","99","4",-0.119640801628857,NA
"3604","L1CompL32.qTau2.4","qTau2","99","99","4",-0.0511118368412694,NA
"3605","L1CompR1.qTau2.4","qTau2","99","99","4",0.699899829167759,NA
"3606","L1CompR12.qTau2.4","qTau2","99","99","4",0.779157711100586,NA
"3607","L12CompL2.qTau2.4","qTau2","99","99","4",0.460729240216417,NA
"3608","L12CompL22.qTau2.4","qTau2","99","99","4",0.692543928386674,NA
"3609","L12CompL3.qTau2.4","qTau2","99","99","4",0.132793812622176,NA
"3610","L12CompL32.qTau2.4","qTau2","99","99","4",0.185872212580391,NA
"3611","L12CompR1.qTau2.4","qTau2","99","99","4",0.767560520659617,NA
"3612","L12CompR12.qTau2.4","qTau2","99","99","4",0.828948892278992,NA
"3613","L2CompL3.qTau2.4","qTau2","99","99","4",-0.608109046605543,NA
"3614","L2CompL32.qTau2.4","qTau2","99","99","4",-0.509682794124292,NA
"3615","L2CompR1.qTau2.4","qTau2","99","99","4",0.568974443499097,NA
"3616","L2CompR12.qTau2.4","qTau2","99","99","4",0.6828103422673,NA
"3617","L22CompL3.qTau2.4","qTau2","99","99","4",-1.82058566229413,NA
"3618","L22CompL32.qTau2.4","qTau2","99","99","4",-1.64794831712903,NA
"3619","L22CompR1.qTau2.4","qTau2","99","99","4",0.24399125338233,NA
"3620","L22CompR12.qTau2.4","qTau2","99","99","4",0.443656757781869,NA
"3621","L3CompR1.qTau2.4","qTau2","99","99","4",0.731967457424154,NA
"3622","L3CompR12.qTau2.4","qTau2","99","99","4",0.802756126270021,NA
"3623","L32CompR1.qTau2.4","qTau2","99","99","4",0.714492635023423,NA
"3624","L32CompR12.qTau2.4","qTau2","99","99","4",0.789896487548771,NA
"3625","DCompL1.qNPQ.4","qNPQ","99","99","4",0.832020989918403,NA
"3626","DCompL12.qNPQ.4","qNPQ","99","99","4",0.56328657756178,NA
"3627","DCompL2.qNPQ.4","qNPQ","99","99","4",0.54487271117682,NA
"3628","DCompL22.qNPQ.4","qNPQ","99","99","4",0.621919528278005,NA
"3629","DCompL3.qNPQ.4","qNPQ","99","99","4",0.646643666612193,NA
"3630","DCompL32.qNPQ.4","qNPQ","99","99","4",0.417957421545026,NA
"3631","DCompR1.qNPQ.4","qNPQ","99","99","4",0.338292131593875,NA
"3632","DCompR12.qNPQ.4","qNPQ","99","99","4",0.472354441291985,NA
"3633","L1CompL2.qNPQ.4","qNPQ","99","99","4",-1.70942952099848,NA
"3634","L1CompL22.qNPQ.4","qNPQ","99","99","4",-1.25076020830424,NA
"3635","L1CompL3.qNPQ.4","qNPQ","99","99","4",-1.1035743288174,NA
"3636","L1CompL32.qNPQ.4","qNPQ","99","99","4",-2.4649720710477,NA
"3637","L1CompR1.qNPQ.4","qNPQ","99","99","4",-2.93922947923491,NA
"3638","L1CompR12.qNPQ.4","qNPQ","99","99","4",-2.14113982724215,NA
"3639","L12CompL2.qNPQ.4","qNPQ","99","99","4",-0.0421646449109665,NA
"3640","L12CompL22.qNPQ.4","qNPQ","99","99","4",0.134259557191695,NA
"3641","L12CompL3.qNPQ.4","qNPQ","99","99","4",0.190873659401218,NA
"3642","L12CompL32.qNPQ.4","qNPQ","99","99","4",-0.332779229008728,NA
"3643","L12CompR1.qNPQ.4","qNPQ","99","99","4",-0.515199291818731,NA
"3644","L12CompR12.qNPQ.4","qNPQ","99","99","4",-0.208219238515984,NA
"3645","L2CompL3.qNPQ.4","qNPQ","99","99","4",0.223609873401619,NA
"3646","L2CompL32.qNPQ.4","qNPQ","99","99","4",-0.278856690751191,NA
"3647","L2CompR1.qNPQ.4","qNPQ","99","99","4",-0.453896271781679,NA
"3648","L2CompR12.qNPQ.4","qNPQ","99","99","4",-0.1593362377201,NA
"3649","L22CompL3.qNPQ.4","qNPQ","99","99","4",0.0653938517945134,NA
"3650","L22CompL32.qNPQ.4","qNPQ","99","99","4",-0.539467446715825,NA
"3651","L22CompR1.qNPQ.4","qNPQ","99","99","4",-0.750177324399563,NA
"3652","L22CompR12.qNPQ.4","qNPQ","99","99","4",-0.39559061674044,NA
"3653","L3CompR1.qNPQ.4","qNPQ","99","99","4",-0.872636219823755,NA
"3654","L3CompR12.qNPQ.4","qNPQ","99","99","4",-0.493239285254092,NA
"3655","L32CompR1.qNPQ.4","qNPQ","99","99","4",-0.136871928102962,NA
"3656","L32CompR12.qNPQ.4","qNPQ","99","99","4",0.0934588323269318,NA
"3657","DCompL1.qqP.4","qqP","99","99","4",0.754723596861317,NA
"3658","DCompL12.qqP.4","qqP","99","99","4",0.513476625184437,NA
"3659","DCompL2.qqP.4","qqP","99","99","4",0.4489164608083,NA
"3660","DCompL22.qqP.4","qqP","99","99","4",0.459524223684968,NA
"3661","DCompL3.qqP.4","qqP","99","99","4",0.571935676121794,NA
"3662","DCompL32.qqP.4","qqP","99","99","4",0.41963170322957,NA
"3663","DCompR1.qqP.4","qqP","99","99","4",0.219536563012276,NA
"3664","DCompR12.qqP.4","qqP","99","99","4",0.251100443333836,NA
"3665","L1CompL2.qqP.4","qqP","99","99","4",-1.24678579814345,NA
"3666","L1CompL22.qqP.4","qqP","99","99","4",-1.20353759839441,NA
"3667","L1CompL3.qqP.4","qqP","99","99","4",-0.745232392519113,NA
"3668","L1CompL32.qqP.4","qqP","99","99","4",-1.36618072241659,NA
"3669","L1CompR1.qqP.4","qqP","99","99","4",-2.18197522061035,NA
"3670","L1CompR12.qqP.4","qqP","99","99","4",-2.05328823760811,NA
"3671","L12CompL2.qqP.4","qqP","99","99","4",-0.132696942671277,NA
"3672","L12CompL22.qqP.4","qqP","99","99","4",-0.110893750007227,NA
"3673","L12CompL3.qqP.4","qqP","99","99","4",0.120156715922475,NA
"3674","L12CompL32.qqP.4","qqP","99","99","4",-0.192888824695099,NA
"3675","L12CompR1.qqP.4","qqP","99","99","4",-0.604164316428971,NA
"3676","L12CompR12.qqP.4","qqP","99","99","4",-0.539287926196897,NA
"3677","L2CompL3.qqP.4","qqP","99","99","4",0.223231518571454,NA
"3678","L2CompL32.qqP.4","qqP","99","99","4",-0.0531403235554513,NA
"3679","L2CompR1.qqP.4","qqP","99","99","4",-0.416234348303101,NA
"3680","L2CompR12.qqP.4","qqP","99","99","4",-0.358958312862347,NA
"3681","L22CompL3.qqP.4","qqP","99","99","4",0.207986106617486,NA
"3682","L22CompL32.qqP.4","qqP","99","99","4",-0.0738100063010876,NA
"3683","L22CompR1.qqP.4","qqP","99","99","4",-0.444030373218443,NA
"3684","L22CompR12.qqP.4","qqP","99","99","4",-0.385630197475577,NA
"3685","L3CompR1.qqP.4","qqP","99","99","4",-0.823238689729686,NA
"3686","L3CompR12.qqP.4","qqP","99","99","4",-0.749502387588,NA
"3687","L32CompR1.qqP.4","qqP","99","99","4",-0.344772692324445,NA
"3688","L32CompR12.qqP.4","qqP","99","99","4",-0.290386743785899,NA
"3689","DCompL1.qABQ.4","qABQ","99","99","4",0,NA
"3690","DCompL12.qABQ.4","qABQ","99","99","4",0,NA
"3691","DCompL2.qABQ.4","qABQ","99","99","4",1,NA
"3692","DCompL22.qABQ.4","qABQ","99","99","4",1,NA
"3693","DCompL3.qABQ.4","qABQ","99","99","4",0,NA
"3694","DCompL32.qABQ.4","qABQ","99","99","4",0,NA
"3695","DCompR1.qABQ.4","qABQ","99","99","4",1,NA
"3696","DCompR12.qABQ.4","qABQ","99","99","4",1,NA
"3697","L1CompL2.qABQ.4","qABQ","99","99","4",1.17500556898873,NA
"3698","L1CompL22.qABQ.4","qABQ","99","99","4",1.04014742558107,NA
"3699","L1CompL3.qABQ.4","qABQ","99","99","4",0.430290807590908,NA
"3700","L1CompL32.qABQ.4","qABQ","99","99","4",0.14674616037144,NA
"3701","L1CompR1.qABQ.4","qABQ","99","99","4",1.07364226623622,NA
"3702","L1CompR12.qABQ.4","qABQ","99","99","4",1.28444169063788,NA
"3703","L12CompL2.qABQ.4","qABQ","99","99","4",4.04312084261084,NA
"3704","L12CompL22.qABQ.4","qABQ","99","99","4",1.69811188448982,NA
"3705","L12CompL3.qABQ.4","qABQ","99","99","4",-8.90650713383144,NA
"3706","L12CompL32.qABQ.4","qABQ","99","99","4",-13.8369823795641,NA
"3707","L12CompR1.qABQ.4","qABQ","99","99","4",2.28054390826255,NA
"3708","L12CompR12.qABQ.4","qABQ","99","99","4",5.94607367233749,NA
"3709","L2CompL3.qABQ.4","qABQ","99","99","4",4.25537750427688,NA
"3710","L2CompL32.qABQ.4","qABQ","99","99","4",5.87558107184292,NA
"3711","L2CompR1.qABQ.4","qABQ","99","99","4",0.579200441095889,NA
"3712","L2CompR12.qABQ.4","qABQ","99","99","4",-0.625329366839738,NA
"3713","L22CompL3.qABQ.4","qABQ","99","99","4",15.1904290041862,NA
"3714","L22CompL32.qABQ.4","qABQ","99","99","4",22.2530150384232,NA
"3715","L22CompR1.qABQ.4","qABQ","99","99","4",-0.834296101689162,NA
"3716","L22CompR12.qABQ.4","qABQ","99","99","4",-6.08492976874629,NA
"3717","L3CompR1.qABQ.4","qABQ","99","99","4",1.12926290679077,NA
"3718","L3CompR12.qABQ.4","qABQ","99","99","4",1.4992752345018,NA
"3719","L32CompR1.qABQ.4","qABQ","99","99","4",1.08630757087279,NA
"3720","L32CompR12.qABQ.4","qABQ","99","99","4",1.33336116103703,NA
"3721","DCompL1.qqm.4","qqm","99","99","4",0,NA
"3722","DCompL12.qqm.4","qqm","99","99","4",0,NA
"3723","DCompL2.qqm.4","qqm","99","99","4",0,NA
"3724","DCompL22.qqm.4","qqm","99","99","4",0,NA
"3725","DCompL3.qqm.4","qqm","99","99","4",0,NA
"3726","DCompL32.qqm.4","qqm","99","99","4",0,NA
"3727","DCompR1.qqm.4","qqm","99","99","4",0,NA
"3728","DCompR12.qqm.4","qqm","99","99","4",0,NA
"3729","L1CompL2.qqm.4","qqm","99","99","4",0.24734147303637,NA
"3730","L1CompL22.qqm.4","qqm","99","99","4",0.360707168867039,NA
"3731","L1CompL3.qqm.4","qqm","99","99","4",0.0842125010063866,NA
"3732","L1CompL32.qqm.4","qqm","99","99","4",0.104972049346562,NA
"3733","L1CompR1.qqm.4","qqm","99","99","4",0.637525253918605,NA
"3734","L1CompR12.qqm.4","qqm","99","99","4",0.737620231564428,NA
"3735","L12CompL2.qqm.4","qqm","99","99","4",0.175397972473587,NA
"3736","L12CompL22.qqm.4","qqm","99","99","4",0.299599824023765,NA
"3737","L12CompL3.qqm.4","qqm","99","99","4",-0.00332382003288934,NA
"3738","L12CompL32.qqm.4","qqm","99","99","4",0.019420047256969,NA
"3739","L12CompR1.qqm.4","qqm","99","99","4",0.602877799376498,NA
"3740","L12CompR12.qqm.4","qqm","99","99","4",0.712540439943307,NA
"3741","L2CompL3.qqm.4","qqm","99","99","4",-0.216737027730327,NA
"3742","L2CompL32.qqm.4","qqm","99","99","4",-0.18915539861636,NA
"3743","L2CompR1.qqm.4","qqm","99","99","4",0.518407440963051,NA
"3744","L2CompR12.qqm.4","qqm","99","99","4",0.65139600624195,NA
"3745","L22CompL3.qqm.4","qqm","99","99","4",-0.432500810889192,NA
"3746","L22CompL32.qqm.4","qqm","99","99","4",-0.400028135881426,NA
"3747","L22CompR1.qqm.4","qqm","99","99","4",0.433006709243065,NA
"3748","L22CompR12.qqm.4","qqm","99","99","4",0.589578115602234,NA
"3749","L3CompR1.qqm.4","qqm","99","99","4",0.604193389318232,NA
"3750","L3CompR12.qqm.4","qqm","99","99","4",0.713492738518587,NA
"3751","L32CompR1.qqm.4","qqm","99","99","4",0.595012931365148,NA
"3752","L32CompR12.qqm.4","qqm","99","99","4",0.706847402649252,NA
"3753","DCampL1.mQuant.1","mQuant","99","99","1",0.840854789682647,NA
"3754","DCampL2.mQuant.1","mQuant","99","99","1",0.614886382107511,NA
"3755","DCampL3.mQuant.1","mQuant","99","99","1",0.79508252550682,NA
"3756","DCampR1.mQuant.1","mQuant","99","99","1",0.290359360826919,NA
"3757","L1CampL2.mQuant.1","mQuant","99","99","1",-1.41988820853943,NA
"3758","L1CampL3.mQuant.1","mQuant","99","99","1",-0.287613206106253,NA
"3759","L1CampR1.mQuant.1","mQuant","99","99","1",-3.45907632254832,NA
"3760","L2CampL3.mQuant.1","mQuant","99","99","1",0.467903847143658,NA
"3761","L2CampR1.mQuant.1","mQuant","99","99","1",-0.842678643919545,NA
"3762","L3CampR1.mQuant.1","mQuant","99","99","1",-2.4630557541675,NA
"3763","DCampL1.mSigma.1","mSigma","99","99","1",0.261013794502771,NA
"3764","DCampL2.mSigma.1","mSigma","99","99","1",0.00210979242620009,NA
"3765","DCampL3.mSigma.1","mSigma","99","99","1",0.248793756912829,NA
"3766","DCampR1.mSigma.1","mSigma","99","99","1",-0.0591370058199438,NA
"3767","L1CampL2.mSigma.1","mSigma","99","99","1",-0.350350250316738,NA
"3768","L1CampL3.mSigma.1","mSigma","99","99","1",-0.0165362188076568,NA
"3769","L1CampR1.mSigma.1","mSigma","99","99","1",-0.433229738175289,NA
"3770","L2CampL3.mSigma.1","mSigma","99","99","1",0.247205516813717,NA
"3771","L2CampR1.mSigma.1","mSigma","99","99","1",-0.0613762894768304,NA
"3772","L3CampR1.mSigma.1","mSigma","99","99","1",-0.409915074011225,NA
"3773","DCampL1.mConnect.1","mConnect","99","99","1",-0.293663255996366,NA
"3774","DCampL2.mConnect.1","mConnect","99","99","1",0.151905830395009,NA
"3775","DCampL3.mConnect.1","mConnect","99","99","1",-0.0984638602934446,NA
"3776","DCampR1.mConnect.1","mConnect","99","99","1",0.0779718474888197,NA
"3777","L1CampL2.mConnect.1","mConnect","99","99","1",0.344424319332006,NA
"3778","L1CampL3.mConnect.1","mConnect","99","99","1",0.150888876837258,NA
"3779","L1CampR1.mConnect.1","mConnect","99","99","1",0.28727344752399,NA
"3780","L2CampL3.mConnect.1","mConnect","99","99","1",-0.29521449346252,NA
"3781","L2CampR1.mConnect.1","mConnect","99","99","1",-0.0871766197150314,NA
"3782","L3CampR1.mConnect.1","mConnect","99","99","1",0.160620402873456,NA
"3783","DCampL1.mTau1.1","mTau1","99","99","1",-1.45030266504988,NA
"3784","DCampL2.mTau1.1","mTau1","99","99","1",-0.938945881097269,NA
"3785","DCampL3.mTau1.1","mTau1","99","99","1",-0.709652123336096,NA
"3786","DCampR1.mTau1.1","mTau1","99","99","1",-0.489737954375965,NA
"3787","L1CampL2.mTau1.1","mTau1","99","99","1",0.208691273631783,NA
"3788","L1CampL3.mTau1.1","mTau1","99","99","1",0.302269002224959,NA
"3789","L1CampR1.mTau1.1","mTau1","99","99","1",0.39201880011601,NA
"3790","L2CampL3.mTau1.1","mTau1","99","99","1",0.118256914747622,NA
"3791","L2CampR1.mTau1.1","mTau1","99","99","1",0.231676361419171,NA
"3792","L3CampR1.mTau1.1","mTau1","99","99","1",0.128630945417718,NA
"3793","DCampL1.mTau2.1","mTau2","99","99","1",-6.07705888494078,NA
"3794","DCampL2.mTau2.1","mTau2","99","99","1",-1.95834991242732,NA
"3795","DCampL3.mTau2.1","mTau2","99","99","1",-4.95927195257508,NA
"3796","DCampR1.mTau2.1","mTau2","99","99","1",-0.107192447541055,NA
"3797","L1CampL2.mTau2.1","mTau2","99","99","1",0.58198031689091,NA
"3798","L1CampL3.mTau2.1","mTau2","99","99","1",0.157945122477959,NA
"3799","L1CampR1.mTau2.1","mTau2","99","99","1",0.84355189556257,NA
"3800","L2CampL3.mTau2.1","mTau2","99","99","1",-1.01439049773714,NA
"3801","L2CampR1.mTau2.1","mTau2","99","99","1",0.625739861640435,NA
"3802","L3CampR1.mTau2.1","mTau2","99","99","1",0.814206759424258,NA
"3803","DCampL1.mNPQ.1","mNPQ","99","99","1",0.736992164559108,NA
"3804","DCampL2.mNPQ.1","mNPQ","99","99","1",0.622526985027027,NA
"3805","DCampL3.mNPQ.1","mNPQ","99","99","1",0.551495391519681,NA
"3806","DCampR1.mNPQ.1","mNPQ","99","99","1",0.4395852077546,NA
"3807","L1CampL2.mNPQ.1","mNPQ","99","99","1",-0.435215853323145,NA
"3808","L1CampL3.mNPQ.1","mNPQ","99","99","1",-0.705289911718679,NA
"3809","L1CampR1.mNPQ.1","mNPQ","99","99","1",-1.13079124165998,NA
"3810","L2CampL3.mNPQ.1","mNPQ","99","99","1",-0.18817661313467,NA
"3811","L2CampR1.mNPQ.1","mNPQ","99","99","1",-0.484648623916934,NA
"3812","L3CampR1.mNPQ.1","mNPQ","99","99","1",-0.249518470154118,NA
"3813","DCampL1.mqP.1","mqP","99","99","1",0.698735242587603,NA
"3814","DCampL2.mqP.1","mqP","99","99","1",0.509926884356807,NA
"3815","DCampL3.mqP.1","mqP","99","99","1",0.55369588966314,NA
"3816","DCampR1.mqP.1","mqP","99","99","1",0.269819638579392,NA
"3817","L1CampL2.mqP.1","mqP","99","99","1",-0.6267190356167,NA
"3818","L1CampL3.mqP.1","mqP","99","99","1",-0.481434848769653,NA
"3819","L1CampR1.mqP.1","mqP","99","99","1",-1.4237164934001,NA
"3820","L2CampL3.mqP.1","mqP","99","99","1",0.0893111740049009,NA
"3821","L2CampR1.mqP.1","mqP","99","99","1",-0.489941680359852,NA
"3822","L3CampR1.mqP.1","mqP","99","99","1",-0.636060131441505,NA
"3823","DCampL1.mABQ.1","mABQ","99","99","1",0,NA
"3824","DCampL2.mABQ.1","mABQ","99","99","1",0,NA
"3825","DCampL3.mABQ.1","mABQ","99","99","1",0,NA
"3826","DCampR1.mABQ.1","mABQ","99","99","1",1,NA
"3827","L1CampL2.mABQ.1","mABQ","99","99","1",0.991916931324571,NA
"3828","L1CampL3.mABQ.1","mABQ","99","99","1",0.0468175929675361,NA
"3829","L1CampR1.mABQ.1","mABQ","99","99","1",1.22656659174891,NA
"3830","L2CampL3.mABQ.1","mABQ","99","99","1",-116.923333984527,NA
"3831","L2CampR1.mABQ.1","mABQ","99","99","1",29.0297744392096,NA
"3832","L3CampR1.mABQ.1","mABQ","99","99","1",1.23769489457351,NA
"3833","DCampL1.mqm.1","mqm","99","99","1",0,NA
"3834","DCampL2.mqm.1","mqm","99","99","1",0,NA
"3835","DCampL3.mqm.1","mqm","99","99","1",0,NA
"3836","DCampR1.mqm.1","mqm","99","99","1",0,NA
"3837","L1CampL2.mqm.1","mqm","99","99","1",0.268736540895985,NA
"3838","L1CampL3.mqm.1","mqm","99","99","1",0.0544353968574085,NA
"3839","L1CampR1.mqm.1","mqm","99","99","1",0.654685488636503,NA
"3840","L2CampL3.mqm.1","mqm","99","99","1",-0.293055999681908,NA
"3841","L2CampR1.mqm.1","mqm","99","99","1",0.527783718625028,NA
"3842","L3CampR1.mqm.1","mqm","99","99","1",0.634806008795337,NA
"3843","DCampL1.mQuant.2","mQuant","99","99","2",0.849472233708918,NA
"3844","DCampL2.mQuant.2","mQuant","99","99","2",0.614583469667911,NA
"3845","DCampL3.mQuant.2","mQuant","99","99","2",0.792758292838653,NA
"3846","DCampR1.mQuant.2","mQuant","99","99","2",0.287537296524728,NA
"3847","L1CampL2.mQuant.2","mQuant","99","99","2",-1.56043479438068,NA
"3848","L1CampL3.mQuant.2","mQuant","99","99","2",-0.376767305246495,NA
"3849","L1CampR1.mQuant.2","mQuant","99","99","2",-3.73309822519756,NA
"3850","L2CampL3.mQuant.2","mQuant","99","99","2",0.46229159661943,NA
"3851","L2CampR1.mQuant.2","mQuant","99","99","2",-0.848552533181149,NA
"3852","L3CampR1.mQuant.2","mQuant","99","99","2",-2.43783456155661,NA
"3853","DCampL1.mSigma.2","mSigma","99","99","2",0.374755108005166,NA
"3854","DCampL2.mSigma.2","mSigma","99","99","2",0.0767245659406382,NA
"3855","DCampL3.mSigma.2","mSigma","99","99","2",0.31434919108769,NA
"3856","DCampR1.mSigma.2","mSigma","99","99","2",-0.0418279740691069,NA
"3857","L1CampL2.mSigma.2","mSigma","99","99","2",-0.476662098131927,NA
"3858","L1CampL3.mSigma.2","mSigma","99","99","2",-0.0966116120113389,NA
"3859","L1CampR1.mSigma.2","mSigma","99","99","2",-0.666271867883912,NA
"3860","L2CampL3.mSigma.2","mSigma","99","99","2",0.257371328621068,NA
"3861","L2CampR1.mSigma.2","mSigma","99","99","2",-0.128404304540526,NA
"3862","L3CampR1.mSigma.2","mSigma","99","99","2",-0.519473120321731,NA
"3863","DCampL1.mConnect.2","mConnect","99","99","2",-0.414179484391539,NA
"3864","DCampL2.mConnect.2","mConnect","99","99","2",0.316924027852358,NA
"3865","DCampL3.mConnect.2","mConnect","99","99","2",-0.155203476318849,NA
"3866","DCampR1.mConnect.2","mConnect","99","99","2",0.200099427735049,NA
"3867","L1CampL2.mConnect.2","mConnect","99","99","2",0.516980708823152,NA
"3868","L1CampL3.mConnect.2","mConnect","99","99","2",0.183128104268969,NA
"3869","L1CampR1.mConnect.2","mConnect","99","99","2",0.434371251249544,NA
"3870","L2CampL3.mConnect.2","mConnect","99","99","2",-0.691178614710751,NA
"3871","L2CampR1.mConnect.2","mConnect","99","99","2",-0.171027242767745,NA
"3872","L3CampR1.mConnect.2","mConnect","99","99","2",0.307567377814773,NA
"3873","DCampL1.mTau1.2","mTau1","99","99","2",-0.928522694873398,NA
"3874","DCampL2.mTau1.2","mTau1","99","99","2",-0.94254726462752,NA
"3875","DCampL3.mTau1.2","mTau1","99","99","2",-0.379321136779709,NA
"3876","DCampR1.mTau1.2","mTau1","99","99","2",-0.699228225586005,NA
"3877","L1CampL2.mTau1.2","mTau1","99","99","2",-0.00727218289491937,NA
"3878","L1CampL3.mTau1.2","mTau1","99","99","2",0.284778374428071,NA
"3879","L1CampR1.mTau1.2","mTau1","99","99","2",0.118896432951983,NA
"3880","L2CampL3.mTau1.2","mTau1","99","99","2",0.289942045737461,NA
"3881","L2CampR1.mTau1.2","mTau1","99","99","2",0.12525771880674,NA
"3882","L3CampR1.mTau1.2","mTau1","99","99","2",-0.231930824719457,NA
"3883","DCampL1.mTau2.2","mTau2","99","99","2",-5.12535828584136,NA
"3884","DCampL2.mTau2.2","mTau2","99","99","2",-2.50321206390474,NA
"3885","DCampL3.mTau2.2","mTau2","99","99","2",-5.09283551818935,NA
"3886","DCampR1.mTau2.2","mTau2","99","99","2",-0.402297706711261,NA
"3887","L1CampL2.mTau2.2","mTau2","99","99","2",0.428080464778307,NA
"3888","L1CampL3.mTau2.2","mTau2","99","99","2",0.0053095290323161,NA
"3889","L1CampR1.mTau2.2","mTau2","99","99","2",0.771066827233169,NA
"3890","L2CampL3.mTau2.2","mTau2","99","99","2",-0.739214014751414,NA
"3891","L2CampR1.mTau2.2","mTau2","99","99","2",0.599710870729237,NA
"3892","L3CampR1.mTau2.2","mTau2","99","99","2",0.769844811578306,NA
"3893","DCampL1.mNPQ.2","mNPQ","99","99","2",0.687272124134014,NA
"3894","DCampL2.mNPQ.2","mNPQ","99","99","2",0.591257519734564,NA
"3895","DCampL3.mNPQ.2","mNPQ","99","99","2",0.521087770212513,NA
"3896","DCampR1.mNPQ.2","mNPQ","99","99","2",0.433515353840024,NA
"3897","L1CampL2.mNPQ.2","mNPQ","99","99","2",-0.307022852163635,NA
"3898","L1CampL3.mNPQ.2","mNPQ","99","99","2",-0.531402432422483,NA
"3899","L1CampR1.mNPQ.2","mNPQ","99","99","2",-0.811429967959535,NA
"3900","L2CampL3.mNPQ.2","mNPQ","99","99","2",-0.17167227021885,NA
"3901","L2CampR1.mNPQ.2","mNPQ","99","99","2",-0.385920655450598,NA
"3902","L3CampR1.mNPQ.2","mNPQ","99","99","2",-0.182856922261828,NA
"3903","DCampL1.mqP.2","mqP","99","99","2",0.645025955936483,NA
"3904","DCampL2.mqP.2","mqP","99","99","2",0.475087900408092,NA
"3905","DCampL3.mqP.2","mqP","99","99","2",0.506319457250155,NA
"3906","DCampR1.mqP.2","mqP","99","99","2",0.259965266954302,NA
"3907","L1CampL2.mqP.2","mqP","99","99","2",-0.478733750735826,NA
"3908","L1CampL3.mqP.2","mqP","99","99","2",-0.390751101400274,NA
"3909","L1CampR1.mqP.2","mqP","99","99","2",-1.08475730950424,NA
"3910","L2CampL3.mqP.2","mqP","99","99","2",0.0594986415179682,NA
"3911","L2CampR1.mqP.2","mqP","99","99","2",-0.409826013957454,NA
"3912","L3CampR1.mqP.2","mqP","99","99","2",-0.499015393484292,NA
"3913","DCampL1.mABQ.2","mABQ","99","99","2",0,NA
"3914","DCampL2.mABQ.2","mABQ","99","99","2",0,NA
"3915","DCampL3.mABQ.2","mABQ","99","99","2",0,NA
"3916","DCampR1.mABQ.2","mABQ","99","99","2",1,NA
"3917","L1CampL2.mABQ.2","mABQ","99","99","2",0.795267457863227,NA
"3918","L1CampL3.mABQ.2","mABQ","99","99","2",0.161187707991544,NA
"3919","L1CampR1.mABQ.2","mABQ","99","99","2",1.11161415328468,NA
"3920","L2CampL3.mABQ.2","mABQ","99","99","2",-3.09711266833233,NA
"3921","L2CampR1.mABQ.2","mABQ","99","99","2",1.54517055334622,NA
"3922","L3CampR1.mABQ.2","mABQ","99","99","2",1.133062133624,NA
"3923","DCampL1.mqm.2","mqm","99","99","2",0,NA
"3924","DCampL2.mqm.2","mqm","99","99","2",0,NA
"3925","DCampL3.mqm.2","mqm","99","99","2",0,NA
"3926","DCampR1.mqm.2","mqm","99","99","2",0,NA
"3927","L1CampL2.mqm.2","mqm","99","99","2",0.276511408754879,NA
"3928","L1CampL3.mqm.2","mqm","99","99","2",0.0667637370825457,NA
"3929","L1CampR1.mqm.2","mqm","99","99","2",0.661510659072048,NA
"3930","L2CampL3.mqm.2","mqm","99","99","2",-0.289911512372792,NA
"3931","L2CampR1.mqm.2","mqm","99","99","2",0.532142807745712,NA
"3932","L3CampR1.mqm.2","mqm","99","99","2",0.637295126241904,NA
"3933","DCampL1.mQuant.3","mQuant","99","99","3",0.836163405527703,NA
"3934","DCampL2.mQuant.3","mQuant","99","99","3",0.604423500425348,NA
"3935","DCampL3.mQuant.3","mQuant","99","99","3",0.78475104069193,NA
"3936","DCampR1.mQuant.3","mQuant","99","99","3",0.269766380451299,NA
"3937","L1CampL2.mQuant.3","mQuant","99","99","3",-1.41445753220622,NA
"3938","L1CampL3.mQuant.3","mQuant","99","99","3",-0.313802694699364,NA
"3939","L1CampR1.mQuant.3","mQuant","99","99","3",-3.45708495040879,NA
"3940","L2CampL3.mQuant.3","mQuant","99","99","3",0.455860093965342,NA
"3941","L2CampR1.mQuant.3","mQuant","99","99","3",-0.845998486598402,NA
"3942","L3CampR1.mQuant.3","mQuant","99","99","3",-2.39250708526572,NA
"3943","DCampL1.mSigma.3","mSigma","99","99","3",0.26265517236945,NA
"3944","DCampL2.mSigma.3","mSigma","99","99","3",0.0270402802943142,NA
"3945","DCampL3.mSigma.3","mSigma","99","99","3",0.258699475248912,NA
"3946","DCampR1.mSigma.3","mSigma","99","99","3",-0.0682207955151569,NA
"3947","L1CampL2.mSigma.3","mSigma","99","99","3",-0.3195450530687,NA
"3948","L1CampL3.mSigma.3","mSigma","99","99","3",-0.00536478588077876,NA
"3949","L1CampR1.mSigma.3","mSigma","99","99","3",-0.448739796477413,NA
"3950","L2CampL3.mSigma.3","mSigma","99","99","3",0.238097415815604,NA
"3951","L2CampR1.mSigma.3","mSigma","99","99","3",-0.0979085504570395,NA
"3952","L3CampR1.mSigma.3","mSigma","99","99","3",-0.441009091250598,NA
"3953","DCampL1.mConnect.3","mConnect","99","99","3",-0.228954884347545,NA
"3954","DCampL2.mConnect.3","mConnect","99","99","3",0.169313494341269,NA
"3955","DCampL3.mConnect.3","mConnect","99","99","3",0.00642041726260658,NA
"3956","DCampR1.mConnect.3","mConnect","99","99","3",0.248525032506025,NA
"3957","L1CampL2.mConnect.3","mConnect","99","99","3",0.32407078873384,NA
"3958","L1CampL3.mConnect.3","mConnect","99","99","3",0.191524770036707,NA
"3959","L1CampR1.mConnect.3","mConnect","99","99","3",0.388525179349497,NA
"3960","L2CampL3.mConnect.3","mConnect","99","99","3",-0.1960945265982,NA
"3961","L2CampR1.mConnect.3","mConnect","99","99","3",0.0953567171552188,NA
"3962","L3CampR1.mConnect.3","mConnect","99","99","3",0.243669072361975,NA
"3963","DCampL1.mTau1.3","mTau1","99","99","3",-1.20698286070709,NA
"3964","DCampL2.mTau1.3","mTau1","99","99","3",-0.807396537500553,NA
"3965","DCampL3.mTau1.3","mTau1","99","99","3",-0.53021900831759,NA
"3966","DCampR1.mTau1.3","mTau1","99","99","3",-0.553902469471128,NA
"3967","L1CampL2.mTau1.3","mTau1","99","99","3",0.181055471848347,NA
"3968","L1CampL3.mTau1.3","mTau1","99","99","3",0.306646628045255,NA
"3969","L1CampR1.mTau1.3","mTau1","99","99","3",0.295915479391953,NA
"3970","L2CampL3.mTau1.3","mTau1","99","99","3",0.153357342139358,NA
"3971","L2CampR1.mTau1.3","mTau1","99","99","3",0.140253709006205,NA
"3972","L3CampR1.mTau1.3","mTau1","99","99","3",-0.0154771709309614,NA
"3973","DCampL1.mTau2.3","mTau2","99","99","3",-5.30496902650375,NA
"3974","DCampL2.mTau2.3","mTau2","99","99","3",-1.78068136328611,NA
"3975","DCampL3.mTau2.3","mTau2","99","99","3",-5.1226374644223,NA
"3976","DCampR1.mTau2.3","mTau2","99","99","3",-0.0570171361707898,NA
"3977","L1CampL2.mTau2.3","mTau2","99","99","3",0.55896986145417,NA
"3978","L1CampL3.mTau2.3","mTau2","99","99","3",0.0289187086114133,NA
"3979","L1CampR1.mTau2.3","mTau2","99","99","3",0.832351732145316,NA
"3980","L2CampL3.mTau2.3","mTau2","99","99","3",-1.20184791586001,NA
"3981","L2CampR1.mTau2.3","mTau2","99","99","3",0.619871176134455,NA
"3982","L3CampR1.mTau2.3","mTau2","99","99","3",0.827359182654052,NA
"3983","DCampL1.mNPQ.3","mNPQ","99","99","3",0.703727923527428,NA
"3984","DCampL2.mNPQ.3","mNPQ","99","99","3",0.600040877048983,NA
"3985","DCampL3.mNPQ.3","mNPQ","99","99","3",0.540591794180205,NA
"3986","DCampR1.mNPQ.3","mNPQ","99","99","3",0.438739560399173,NA
"3987","L1CampL2.mNPQ.3","mNPQ","99","99","3",-0.349972389274571,NA
"3988","L1CampL3.mNPQ.3","mNPQ","99","99","3",-0.550629446046783,NA
"3989","L1CampR1.mNPQ.3","mNPQ","99","99","3",-0.894408836240044,NA
"3990","L2CampL3.mNPQ.3","mNPQ","99","99","3",-0.148637896868423,NA
"3991","L2CampR1.mNPQ.3","mNPQ","99","99","3",-0.40329450534765,NA
"3992","L3CampR1.mNPQ.3","mNPQ","99","99","3",-0.221703122605921,NA
"3993","DCampL1.mqP.3","mqP","99","99","3",0.649160349052685,NA
"3994","DCampL2.mqP.3","mqP","99","99","3",0.474554950900145,NA
"3995","DCampL3.mqP.3","mqP","99","99","3",0.51204697993366,NA
"3996","DCampR1.mqP.3","mqP","99","99","3",0.255061742070115,NA
"3997","L1CampL2.mqP.3","mqP","99","99","3",-0.4976786337607,NA
"3998","L1CampL3.mqP.3","mqP","99","99","3",-0.390814917153179,NA
"3999","L1CampR1.mqP.3","mqP","99","99","3",-1.12330121728958,NA
"4000","L2CampL3.mqP.3","mqP","99","99","3",0.0713529018833524,NA
"4001","L2CampR1.mqP.3","mqP","99","99","3",-0.417728189096168,NA
"4002","L3CampR1.mqP.3","mqP","99","99","3",-0.526659795708624,NA
"4003","DCampL1.mABQ.3","mABQ","99","99","3",0,NA
"4004","DCampL2.mABQ.3","mABQ","99","99","3",0,NA
"4005","DCampL3.mABQ.3","mABQ","99","99","3",0,NA
"4006","DCampR1.mABQ.3","mABQ","99","99","3",1,NA
"4007","L1CampL2.mABQ.3","mABQ","99","99","3",0.897050265371206,NA
"4008","L1CampL3.mABQ.3","mABQ","99","99","3",0.0150604196553735,NA
"4009","L1CampR1.mABQ.3","mABQ","99","99","3",1.25973520681023,NA
"4010","L2CampL3.mABQ.3","mABQ","99","99","3",-8.56718911317282,NA
"4011","L2CampR1.mABQ.3","mABQ","99","99","3",3.52293226152315,NA
"4012","L3CampR1.mABQ.3","mABQ","99","99","3",1.26370674099557,NA
"4013","DCampL1.mqm.3","mqm","99","99","3",0,NA
"4014","DCampL2.mqm.3","mqm","99","99","3",0,NA
"4015","DCampL3.mqm.3","mqm","99","99","3",0,NA
"4016","DCampR1.mqm.3","mqm","99","99","3",0,NA
"4017","L1CampL2.mqm.3","mqm","99","99","3",0.27714667201455,NA
"4018","L1CampL3.mqm.3","mqm","99","99","3",0.0614860259321287,NA
"4019","L1CampR1.mqm.3","mqm","99","99","3",0.677376002503902,NA
"4020","L2CampL3.mqm.3","mqm","99","99","3",-0.298346341827678,NA
"4021","L2CampR1.mqm.3","mqm","99","99","3",0.553679861452347,NA
"4022","L3CampR1.mqm.3","mqm","99","99","3",0.656239537811329,NA
"4023","DCampL1.mQuant.4","mQuant","99","99","4",0.828220919531819,NA
"4024","DCampL2.mQuant.4","mQuant","99","99","4",0.592468282630488,NA
"4025","DCampL3.mQuant.4","mQuant","99","99","4",0.776080885474606,NA
"4026","DCampR1.mQuant.4","mQuant","99","99","4",0.259191160580587,NA
"4027","L1CampL2.mQuant.4","mQuant","99","99","4",-1.37241762069509,NA
"4028","L1CampL3.mQuant.4","mQuant","99","99","4",-0.303529591118464,NA
"4029","L1CampR1.mQuant.4","mQuant","99","99","4",-3.31256726605097,NA
"4030","L2CampL3.mQuant.4","mQuant","99","99","4",0.450548006494511,NA
"4031","L2CampR1.mQuant.4","mQuant","99","99","4",-0.817794315988702,NA
"4032","L3CampR1.mQuant.4","mQuant","99","99","4",-2.30837696008931,NA
"4033","DCampL1.mSigma.4","mSigma","99","99","4",0.182333086960606,NA
"4034","DCampL2.mSigma.4","mSigma","99","99","4",-0.0376577093613027,NA
"4035","DCampL3.mSigma.4","mSigma","99","99","4",0.183340519925429,NA
"4036","DCampR1.mSigma.4","mSigma","99","99","4",-0.0765877646595353,NA
"4037","L1CampL2.mSigma.4","mSigma","99","99","4",-0.269046958870048,NA
"4038","L1CampL3.mSigma.4","mSigma","99","99","4",0.00123208234154591,NA
"4039","L1CampR1.mSigma.4","mSigma","99","99","4",-0.31665810061666,NA
"4040","L2CampL3.mSigma.4","mSigma","99","99","4",0.212977966908529,NA
"4041","L2CampR1.mSigma.4","mSigma","99","99","4",-0.0375172419064806,NA
"4042","L3CampR1.mSigma.4","mSigma","99","99","4",-0.318282333000321,NA
"4043","DCampL1.mConnect.4","mConnect","99","99","4",-0.0492119235656383,NA
"4044","DCampL2.mConnect.4","mConnect","99","99","4",0.186661261363345,NA
"4045","DCampL3.mConnect.4","mConnect","99","99","4",-0.00323509412149052,NA
"4046","DCampR1.mConnect.4","mConnect","99","99","4",0.211014842477209,NA
"4047","L1CampL2.mConnect.4","mConnect","99","99","4",0.224809859315545,NA
"4048","L1CampL3.mConnect.4","mConnect","99","99","4",0.0438203459296386,NA
"4049","L1CampR1.mConnect.4","mConnect","99","99","4",0.248021167314315,NA
"4050","L2CampL3.mConnect.4","mConnect","99","99","4",-0.233477573935733,NA
"4051","L2CampR1.mConnect.4","mConnect","99","99","4",0.0299427286036894,NA
"4052","L3CampR1.mConnect.4","mConnect","99","99","4",0.213559052961872,NA
"4053","DCampL1.mTau1.4","mTau1","99","99","4",-1.16374268690428,NA
"4054","DCampL2.mTau1.4","mTau1","99","99","4",-0.879577214542573,NA
"4055","DCampL3.mTau1.4","mTau1","99","99","4",-0.648506388164908,NA
"4056","DCampR1.mTau1.4","mTau1","99","99","4",-0.649143809693864,NA
"4057","L1CampL2.mTau1.4","mTau1","99","99","4",0.131330529309966,NA
"4058","L1CampL3.mTau1.4","mTau1","99","99","4",0.238122722196942,NA
"4059","L1CampR1.mTau1.4","mTau1","99","99","4",0.237828130084481,NA
"4060","L2CampL3.mTau1.4","mTau1","99","99","4",0.122937660974944,NA
"4061","L2CampR1.mTau1.4","mTau1","99","99","4",0.122598530704571,NA
"4062","L3CampR1.mTau1.4","mTau1","99","99","4",-0.000386666095765291,NA
"4063","DCampL1.mTau2.4","mTau2","99","99","4",-5.31928104581479,NA
"4064","DCampL2.mTau2.4","mTau2","99","99","4",-2.37956882265147,NA
"4065","DCampL3.mTau2.4","mTau2","99","99","4",-5.21270319922831,NA
"4066","DCampR1.mTau2.4","mTau2","99","99","4",-0.478114159698686,NA
"4067","L1CampL2.mTau2.4","mTau2","99","99","4",0.465197259284783,NA
"4068","L1CampL3.mTau2.4","mTau2","99","99","4",0.016865501916087,NA
"4069","L1CampR1.mTau2.4","mTau2","99","99","4",0.766094568514621,NA
"4070","L2CampL3.mTau2.4","mTau2","99","99","4",-0.83831237807256,NA
"4071","L2CampR1.mTau2.4","mTau2","99","99","4",0.562632324635123,NA
"4072","L3CampR1.mTau2.4","mTau2","99","99","4",0.762081961378376,NA
"4073","DCampL1.mNPQ.4","mNPQ","99","99","4",0.687569132470739,NA
"4074","DCampL2.mNPQ.4","mNPQ","99","99","4",0.588074188331052,NA
"4075","DCampL3.mNPQ.4","mNPQ","99","99","4",0.534605399463457,NA
"4076","DCampR1.mNPQ.4","mNPQ","99","99","4",0.428405709317107,NA
"4077","L1CampL2.mNPQ.4","mNPQ","99","99","4",-0.318454270944814,NA
"4078","L1CampL3.mNPQ.4","mNPQ","99","99","4",-0.489592255134507,NA
"4079","L1CampR1.mNPQ.4","mNPQ","99","99","4",-0.829506460751222,NA
"4080","L2CampL3.mNPQ.4","mNPQ","99","99","4",-0.129801987039758,NA
"4081","L2CampR1.mNPQ.4","mNPQ","99","99","4",-0.387614649266663,NA
"4082","L3CampR1.mNPQ.4","mNPQ","99","99","4",-0.228192785270639,NA
"4083","DCampL1.mqP.4","mqP","99","99","4",0.6232190446077,NA
"4084","DCampL2.mqP.4","mqP","99","99","4",0.454446467677791,NA
"4085","DCampL3.mqP.4","mqP","99","99","4",0.49312414356247,NA
"4086","DCampR1.mqP.4","mqP","99","99","4",0.24236967021879,NA
"4087","L1CampL2.mqP.4","mqP","99","99","4",-0.447932875891206,NA
"4088","L1CampL3.mqP.4","mqP","99","99","4",-0.34527992772293,NA
"4089","L1CampR1.mqP.4","mqP","99","99","4",-1.01079783608589,NA
"4090","L2CampL3.mqP.4","mqP","99","99","4",0.0708962065006588,NA
"4091","L2CampR1.mqP.4","mqP","99","99","4",-0.388736915617193,NA
"4092","L3CampR1.mqP.4","mqP","99","99","4",-0.4947058932853,NA
"4093","DCampL1.mABQ.4","mABQ","99","99","4",0,NA
"4094","DCampL2.mABQ.4","mABQ","99","99","4",1,NA
"4095","DCampL3.mABQ.4","mABQ","99","99","4",0,NA
"4096","DCampR1.mABQ.4","mABQ","99","99","4",1,NA
"4097","L1CampL2.mABQ.4","mABQ","99","99","4",1.20653250591561,NA
"4098","L1CampL3.mABQ.4","mABQ","99","99","4",-0.00552523396392374,NA
"4099","L1CampR1.mABQ.4","mABQ","99","99","4",1.42004315254138,NA
"4100","L2CampL3.mABQ.4","mABQ","99","99","4",5.86860520820284,NA
"4101","L2CampR1.mABQ.4","mABQ","99","99","4",-1.03378713040462,NA
"4102","L3CampR1.mABQ.4","mABQ","99","99","4",1.41773506855269,NA
"4103","DCampL1.mqm.4","mqm","99","99","4",0,NA
"4104","DCampL2.mqm.4","mqm","99","99","4",0,NA
"4105","DCampL3.mqm.4","mqm","99","99","4",0,NA
"4106","DCampR1.mqm.4","mqm","99","99","4",0,NA
"4107","L1CampL2.mqm.4","mqm","99","99","4",0.284649459270599,NA
"4108","L1CampL3.mqm.4","mqm","99","99","4",0.0629542587341153,NA
"4109","L1CampR1.mqm.4","mqm","99","99","4",0.687050695692275,NA
"4110","L2CampL3.mqm.4","mqm","99","99","4",-0.30991127833696,NA
"4111","L2CampR1.mqm.4","mqm","99","99","4",0.562523145661385,NA
"4112","L3CampR1.mqm.4","mqm","99","99","4",0.666025583889905,NA
"4113","secDer1TOJp.1","OJIP2","99","99","1",19.9772677435041,NA
"4114","secDer2TJ.1","OJIP2","99","99","1",71.8265044535707,NA
"4115","secDer3TJIp.1","OJIP2","99","99","1",184.766162010808,NA
"4116","secDer4TI.1","OJIP2","99","99","1",427.706391153575,NA
"4117","secDer5TIPp.1","OJIP2","99","99","1",561.908512508762,NA
"4118","secDer1FOJp.1","OJIP2","99","99","1",0.48680691958525,NA
"4119","secDer2FJ.1","OJIP2","99","99","1",0.573558225842367,NA
"4120","secDer3FJIp.1","OJIP2","99","99","1",0.626662469817144,NA
"4121","secDer4FI.1","OJIP2","99","99","1",0.655736555121668,NA
"4122","secDer5FIPp.1","OJIP2","99","99","1",0.662934814628203,NA
"4123","firDer1TOJ.1","OJIP2","99","99","1",54.5467518778562,NA
"4124","firDer2TJp.1","OJIP2","99","99","1",143.900472268121,NA
"4125","firDer3TJI.1","OJIP2","99","99","1",336.178072427373,NA
"4126","firDer4TIp.1","OJIP2","99","99","1",469.872813163894,NA
"4127","firDer5TIP.1","OJIP2","99","99","1",724.799291981013,NA
"4128","firDer1FOJ.1","OJIP2","99","99","1",0.548167731921006,NA
"4129","firDer2FJp.1","OJIP2","99","99","1",0.627487239551943,NA
"4130","firDer3FJI.1","OJIP2","99","99","1",0.643729193457165,NA
"4131","firDer4FIp.1","OJIP2","99","99","1",0.6572116605132,NA
"4132","firDer5FIP.1","OJIP2","99","99","1",0.677222761532219,NA
"4133","MTFm.1","OJIP2","99","99","1",2794.67764705882,NA
"4134","MTFo.1","OJIP2","99","99","1",0,NA
"4135","secDer1TOJp.2","OJIP2","99","99","2",27.4144351814054,NA
"4136","secDer2TJ.2","OJIP2","99","99","2",125.689866849967,NA
"4137","secDer3TJIp.2","OJIP2","99","99","2",963.202183559479,NA
"4138","secDer4TI.2","OJIP2","99","99","2",0,NA
"4139","secDer5TIPp.2","OJIP2","99","99","2",0,NA
"4140","secDer1FOJp.2","OJIP2","99","99","2",0.548384574675641,NA
"4141","secDer2FJ.2","OJIP2","99","99","2",0.737968231703237,NA
"4142","secDer3FJIp.2","OJIP2","99","99","2",0.801832323110867,NA
"4143","secDer4FI.2","OJIP2","99","99","2",0,NA
"4144","secDer5FIPp.2","OJIP2","99","99","2",0,NA
"4145","firDer1TOJ.2","OJIP2","99","99","2",76.2394631176852,NA
"4146","firDer2TJp.2","OJIP2","99","99","2",577.586714400595,NA
"4147","firDer3TJI.2","OJIP2","99","99","2",6491.7321666151,NA
"4148","firDer4TIp.2","OJIP2","99","99","2",0,NA
"4149","firDer5TIP.2","OJIP2","99","99","2",0,NA
"4150","firDer1FOJ.2","OJIP2","99","99","2",0.657070906873708,NA
"4151","firDer2FJp.2","OJIP2","99","99","2",0.815009990463262,NA
"4152","firDer3FJI.2","OJIP2","99","99","2",0.890378454891273,NA
"4153","firDer4FIp.2","OJIP2","99","99","2",0,NA
"4154","firDer5FIP.2","OJIP2","99","99","2",0,NA
"4155","MTFm.2","OJIP2","99","99","2",3267.40470588235,NA
"4156","MTFo.2","OJIP2","99","99","2",0,NA
"4157","secDer1TOJp.3","OJIP2","99","99","3",29.0505841036646,NA
"4158","secDer2TJ.3","OJIP2","99","99","3",134.47346510362,NA
"4159","secDer3TJIp.3","OJIP2","99","99","3",1075.41618981202,NA
"4160","secDer4TI.3","OJIP2","99","99","3",0,NA
"4161","secDer5TIPp.3","OJIP2","99","99","3",0,NA
"4162","secDer1FOJp.3","OJIP2","99","99","3",0.534702849549463,NA
"4163","secDer2FJ.3","OJIP2","99","99","3",0.735512133565536,NA
"4164","secDer3FJIp.3","OJIP2","99","99","3",0.821140854080746,NA
"4165","secDer4FI.3","OJIP2","99","99","3",0,NA
"4166","secDer5FIPp.3","OJIP2","99","99","3",0,NA
"4167","firDer1TOJ.3","OJIP2","99","99","3",80.379718460346,NA
"4168","firDer2TJp.3","OJIP2","99","99","3",656.244941255478,NA
"4169","firDer3TJI.3","OJIP2","99","99","3",6468.42880277105,NA
"4170","firDer4TIp.3","OJIP2","99","99","3",0,NA
"4171","firDer5TIP.3","OJIP2","99","99","3",0,NA
"4172","firDer1FOJ.3","OJIP2","99","99","3",0.647966056326069,NA
"4173","firDer2FJp.3","OJIP2","99","99","3",0.829379802587288,NA
"4174","firDer3FJI.3","OJIP2","99","99","3",0.897235419541305,NA
"4175","firDer4FIp.3","OJIP2","99","99","3",0,NA
"4176","firDer5FIP.3","OJIP2","99","99","3",0,NA
"4177","MTFm.3","OJIP2","99","99","3",2679.01156862745,NA
"4178","MTFo.3","OJIP2","99","99","3",0,NA
"4179","secDer1TOJp.4","OJIP2","99","99","4",31.7006648465386,NA
"4180","secDer2TJ.4","OJIP2","99","99","4",145.7326715484,NA
"4181","secDer3TJIp.4","OJIP2","99","99","4",1178.92321398045,NA
"4182","secDer4TI.4","OJIP2","99","99","4",0,NA
"4183","secDer5TIPp.4","OJIP2","99","99","4",0,NA
"4184","secDer1FOJp.4","OJIP2","99","99","4",0.51621585407421,NA
"4185","secDer2FJ.4","OJIP2","99","99","4",0.726860752567,NA
"4186","secDer3FJIp.4","OJIP2","99","99","4",0.820782339370277,NA
"4187","secDer4FI.4","OJIP2","99","99","4",0,NA
"4188","secDer5FIPp.4","OJIP2","99","99","4",0,NA
"4189","firDer1TOJ.4","OJIP2","99","99","4",86.1148783755459,NA
"4190","firDer2TJp.4","OJIP2","99","99","4",722.720485920905,NA
"4191","firDer3TJI.4","OJIP2","99","99","4",6468.42880277105,NA
"4192","firDer4TIp.4","OJIP2","99","99","4",0,NA
"4193","firDer5TIP.4","OJIP2","99","99","4",0,NA
"4194","firDer1FOJ.4","OJIP2","99","99","4",0.632187241174947,NA
"4195","firDer2FJp.4","OJIP2","99","99","4",0.826890669525313,NA
"4196","firDer3FJI.4","OJIP2","99","99","4",0.896429882990692,NA
"4197","firDer4FIp.4","OJIP2","99","99","4",0,NA
"4198","firDer5FIP.4","OJIP2","99","99","4",0,NA
"4199","MTFm.4","OJIP2","99","99","4",2431.82176470588,NA
"4200","MTFo.4","OJIP2","99","99","4",0,NA
