"","uni","metric","metrix","stage","col","ASnormalized.t8_aglo12.002r","pval"
"1","Quant.1.0","Quant","1","1","1",0.362116600132973,0.0000000000000000000000000000000000000000000000000000000000644252035486222
"2","Sigma.1.0","Sigma","2","1","1",4.88878998408567,0.000000000000000000000000000000000000000000000000337944519559984
"3","Connect.1.0","Connect","3","1","1",0.299666288888547,0.0000000000000000173672579728021
"4","Tau1.1.0","Tau1","4","1","1",722.027794055049,0.00000000000000000000000000000461595542596015
"5","Tau2.1.0","Tau2","5","1","1",1086009.76971533,0.000000000000000000000000000403405952677264
"6","NPQ.1.0","NPQ","6","1","1",0.720744097119378,0.000000000000000000000000000000000000000000000000000000000000000000000000000000000000089337773779389
"7","qP.1.0","qP","7","1","1",1.38244030608018,0.000000000000000000000000000000000000000000000000000000000128850407097244
"8","ABQ.1.0","ABQ","8","1","1",0,0.000000000000000000000000000000000000000000000000337944519559984
"9","qm.1.0","qm","9","1","1",0,0.0000000000000000000000000000000000000000000000000000000000644252035486222
"10","nTau1.1.0","nTau1","10","1","1",1,0.00000000000000000000000000000461595542596015
"11","nTau2.1.0","nTau2","11","1","1",1,0.000000000000000000000000000403405952677264
"12","nCon.1.0","nCon","12","1","1",1,0.0000000000000000173672579728021
"13","Fm.1.0","Fm","13","1","1",1860.98161987926,0.000000000000000000000000000000000000000000000000000000000000000000000000000000000000089337773779389
"14","Fo.1.0","Fo","14","1","1",1187.08928277863,0.000000000000000000000000000000000000000000000000000000000128850407097244
"15","Quant.3.0","Quant","1","3","1",0.0500715738622194,0.00000000000000000000000000000000000000000000000000000000000000000000000000000000000177743460825331
"16","Sigma.3.0","Sigma","2","3","1",3.08856438584645,0.00000000000000000000000000000000207904636522658
"17","Connect.3.0","Connect","3","3","1",0.449786262988395,0.0000000000000138920608088347
"18","Tau1.3.0","Tau1","4","3","1",4632.9204640122,0.0000168393061703686
"19","Tau2.3.0","Tau2","5","3","1",4362932.68169434,0.00000000139166099335126
"20","NPQ.3.0","NPQ","6","3","1",0.078125959980195,0.000000000000000000000000000000000000000000000000000000000000000000000000000000000000000000000000281844146380881
"21","qP.3.0","qP","7","3","1",0.261216286993646,0.00000000000000000000000000000000000000000000000000000000000000000000000000000000000355486921650634
"22","ABQ.3.0","ABQ","8","3","1",0.368235412873008,0.00000000000000000000000000000000207904636522658
"23","qm.3.0","qm","9","3","1",0.861725273451058,0.00000000000000000000000000000000000000000000000000000000000000000000000000000000000177743460825331
"24","nTau1.3.0","nTau1","10","3","1",6.41654033564666,0.0000168393061703686
"25","nTau2.3.0","nTau2","11","3","1",4.01739726783303,0.00000000139166099335126
"26","nCon.3.0","nCon","12","3","1",1.50095716357231,0.0000000000000138920608088347
"27","Fm.3.0","Fm","13","3","1",2970.22171445879,0.000000000000000000000000000000000000000000000000000000000000000000000000000000000000000000000000281844146380881
"28","Fo.3.0","Fo","14","3","1",2821.4980384961,0.00000000000000000000000000000000000000000000000000000000000000000000000000000000000355486921650634
"29","Quant.4.0","Quant","1","4","1",0.0450072694834705,0.000000000000000000000000000000000000000000000000000000000000000000000000000000000192985476203628
"30","Sigma.4.0","Sigma","2","4","1",3.04737214514829,0.0000000000000000000000000000543988991689541
"31","Connect.4.0","Connect","3","4","1",0.404752230907889,0.00000000110540929223048
"32","Tau1.4.0","Tau1","4","4","1",1986.26780874851,0.00000407196694922555
"33","Tau2.4.0","Tau2","5","4","1",3876123.6321624,0.00000000000242309355768873
"34","NPQ.4.0","NPQ","6","4","1",0.105044133953494,0.000000000000000000000000000000000000000000000000000000000000000000000000000000000000000000000000943149190313356
"35","qP.4.0","qP","7","4","1",0.298298124638964,0.000000000000000000000000000000000000000000000000000000000000000000000000000000000385970952407255
"36","ABQ.4.0","ABQ","8","4","1",0.376661268929875,0.0000000000000000000000000000543988991689541
"37","qm.4.0","qm","9","4","1",0.8757105598944,0.000000000000000000000000000000000000000000000000000000000000000000000000000000000192985476203628
"38","nTau1.4.0","nTau1","10","4","1",2.75095754637539,0.00000407196694922555
"39","nTau2.4.0","nTau2","11","4","1",3.56914250704986,0.00000000000242309355768873
"40","nCon.4.0","nCon","12","4","1",1.35067655560825,0.00000000110540929223048
"41","Fm.4.0","Fm","13","4","1",2897.86899804463,0.000000000000000000000000000000000000000000000000000000000000000000000000000000000000000000000000943149190313356
"42","Fo.4.0","Fo","14","4","1",2767.44382712184,0.000000000000000000000000000000000000000000000000000000000000000000000000000000000385970952407255
"43","Quant.5.0","Quant","1","5","1",0.0474164724898185,0.0000000000000000000000000000000000000000000000000000000000000000000000000000000000403669438124158
"44","Sigma.5.0","Sigma","2","5","1",3.75432598740053,0.000000000000000000000000000206529939916987
"45","Connect.5.0","Connect","3","5","1",0.194643808831174,0.00615048630693337
"46","Tau1.5.0","Tau1","4","5","1",2151.24526714042,0.000000000000600317117328346
"47","Tau2.5.0","Tau2","5","5","1",6614105.9079584,0.0000000310549247766698
"48","NPQ.5.0","NPQ","6","5","1",0.10809913316917,0.000000000000000000000000000000000000000000000000000000000000000000000000000000000000000000000000000348077493714784
"49","qP.5.0","qP","7","5","1",0.308308462654388,0.0000000000000000000000000000000000000000000000000000000000000000000000000000000000807338876248316
"50","ABQ.5.0","ABQ","8","5","1",0.232054148445346,0.000000000000000000000000000206529939916987
"51","qm.5.0","qm","9","5","1",0.869057445937561,0.0000000000000000000000000000000000000000000000000000000000000000000000000000000000403669438124158
"52","nTau1.5.0","nTau1","10","5","1",2.97944938526343,0.000000000000600317117328346
"53","nTau2.5.0","nTau2","11","5","1",6.09028214331087,0.0000000310549247766698
"54","nCon.5.0","nCon","12","5","1",0.649535219837712,0.00615048630693337
"55","Fm.5.0","Fm","13","5","1",2889.87965191921,0.000000000000000000000000000000000000000000000000000000000000000000000000000000000000000000000000000348077493714784
"56","Fo.5.0","Fo","14","5","1",2752.8517529051,0.0000000000000000000000000000000000000000000000000000000000000000000000000000000000807338876248316
"57","Quant.6.0","Quant","1","6","1",0.0443105768095728,0.00000000000000000000000000000000000000000000000000000000000000000000000000000000000304564057613523
"58","Sigma.6.0","Sigma","2","6","1",3.68864040764842,0.000000000000000000000000000000155190837510928
"59","Connect.6.0","Connect","3","6","1",0.35189149515266,0.000000000820572725465985
"60","Tau1.6.0","Tau1","4","6","1",1473.70146257847,0.000000000114450196688871
"61","Tau2.6.0","Tau2","5","6","1",6401720.96970908,0.0000000244884316032995
"62","NPQ.6.0","NPQ","6","6","1",0.136775153208822,0.000000000000000000000000000000000000000000000000000000000000000000000000000000000000000000000000000000969109139335572
"63","qP.6.0","qP","7","6","1",0.349944957896983,0.00000000000000000000000000000000000000000000000000000000000000000000000000000000000609128115227047
"64","ABQ.6.0","ABQ","8","6","1",0.245490107029359,0.000000000000000000000000000000155190837510928
"65","qm.6.0","qm","9","6","1",0.877634505589356,0.00000000000000000000000000000000000000000000000000000000000000000000000000000000000304564057613523
"66","nTau1.6.0","nTau1","10","6","1",2.0410591873505,0.000000000114450196688871
"67","nTau2.6.0","nTau2","11","6","1",5.89471766113775,0.0000000244884316032995
"68","nCon.6.0","nCon","12","6","1",1.1742778824332,0.000000000820572725465985
"69","Fm.6.0","Fm","13","6","1",2816.98023414368,0.000000000000000000000000000000000000000000000000000000000000000000000000000000000000000000000000000000969109139335572
"70","Fo.6.0","Fo","14","6","1",2692.15821510761,0.00000000000000000000000000000000000000000000000000000000000000000000000000000000000609128115227047
"71","Quant.7.0","Quant","1","7","1",0.050145507902922,0.0000000000000000000000000000000000000000000000000000000000000000000000000000000000392413753173691
"72","Sigma.7.0","Sigma","2","7","1",3.6298443970459,0.0000000000000000000000000000000366630506138184
"73","Connect.7.0","Connect","3","7","1",0.37290161302937,0.0000000000667222592477788
"74","Tau1.7.0","Tau1","4","7","1",1710.28250626911,0.0000000000194257307709238
"75","Tau2.7.0","Tau2","5","7","1",10547005.3378434,0.00163329814046547
"76","NPQ.7.0","NPQ","6","7","1",0.172657326297076,0.0000000000000000000000000000000000000000000000000000000000000000000000000000000000000000000000000000601162504529232
"77","qP.7.0","qP","7","7","1",0.417387726829631,0.0000000000000000000000000000000000000000000000000000000000000000000000000000000000784827506347382
"78","ABQ.7.0","ABQ","8","7","1",0.257516807050001,0.0000000000000000000000000000000366630506138184
"79","qm.7.0","qm","9","7","1",0.861521101533296,0.0000000000000000000000000000000000000000000000000000000000000000000000000000000000392413753173691
"80","nTau1.7.0","nTau1","10","7","1",2.36872114945026,0.0000000000194257307709238
"81","nTau2.7.0","nTau2","11","7","1",9.71170392012962,0.00163329814046547
"82","nCon.7.0","nCon","12","7","1",1.24438959888498,0.0000000000667222592477788
"83","Fm.7.0","Fm","13","7","1",2730.78338014293,0.0000000000000000000000000000000000000000000000000000000000000000000000000000000000000000000000000000601162504529232
"84","Fo.7.0","Fo","14","7","1",2593.84686057281,0.0000000000000000000000000000000000000000000000000000000000000000000000000000000000784827506347382
"85","Quant.8.0","Quant","1","8","1",0.0529037315971995,0.00000000000000000000000000000000000000000000000000000000000000000000000000000000369608026461008
"86","Sigma.8.0","Sigma","2","8","1",3.52825598607183,0.00000000000000000000000000000564161951750315
"87","Connect.8.0","Connect","3","8","1",0.357614412180655,0.0000000217852598028407
"88","Tau1.8.0","Tau1","4","8","1",1857.65718025378,0.00000000000000296590562251375
"89","Tau2.8.0","Tau2","5","8","1",14822927.1243078,0.000600980023607622
"90","NPQ.8.0","NPQ","6","8","1",0.208123791419856,0.000000000000000000000000000000000000000000000000000000000000000000000000000000000000000000000000134574701280721
"91","qP.8.0","qP","7","8","1",0.474640671845955,0.00000000000000000000000000000000000000000000000000000000000000000000000000000000739216052922017
"92","ABQ.8.0","ABQ","8","8","1",0.278296675136945,0.00000000000000000000000000000564161951750315
"93","qm.8.0","qm","9","8","1",0.853904152480796,0.00000000000000000000000000000000000000000000000000000000000000000000000000000000369608026461008
"94","nTau1.8.0","nTau1","10","8","1",2.57283333903369,0.00000000000000296590562251375
"95","nTau2.8.0","nTau2","11","8","1",13.6489813790472,0.000600980023607622
"96","nCon.8.0","nCon","12","8","1",1.19337551616845,0.0000000217852598028407
"97","Fm.8.0","Fm","13","8","1",2650.61673315067,0.000000000000000000000000000000000000000000000000000000000000000000000000000000000000000000000000134574701280721
"98","Fo.8.0","Fo","14","8","1",2510.38921693302,0.00000000000000000000000000000000000000000000000000000000000000000000000000000000739216052922017
"99","Quant.9.0","Quant","1","9","1",0.0590981834851737,0.00000000000000000000000000000000000000000000000000000000000000000000000000000000000126801095704175
"100","Sigma.9.0","Sigma","2","9","1",3.82182524785782,0.0000000000000000000000000000000000317438897378585
"101","Connect.9.0","Connect","3","9","1",0.214689842124746,0.00000986407141983025
"102","Tau1.9.0","Tau1","4","9","1",1565.70999696649,0.000000000000243002327385427
"103","Tau2.9.0","Tau2","5","9","1",9600068.93259239,0.000466776603257216
"104","NPQ.9.0","NPQ","6","9","1",0.224378665238075,0.000000000000000000000000000000000000000000000000000000000000000000000000000000000000000000000000000000403124811545955
"105","qP.9.0","qP","7","9","1",0.508618236345272,0.00000000000000000000000000000000000000000000000000000000000000000000000000000000000253602191408351
"106","ABQ.9.0","ABQ","8","9","1",0.218247202211817,0.0000000000000000000000000000000000317438897378585
"107","qm.9.0","qm","9","9","1",0.836797916849235,0.00000000000000000000000000000000000000000000000000000000000000000000000000000000000126801095704175
"108","nTau1.9.0","nTau1","10","9","1",2.16848992498358,0.000000000000243002327385427
"109","nTau2.9.0","nTau2","11","9","1",8.83976295637638,0.000466776603257216
"110","nCon.9.0","nCon","12","9","1",0.716429742301092,0.00000986407141983025
"111","Fm.9.0","Fm","13","9","1",2615.42709634869,0.000000000000000000000000000000000000000000000000000000000000000000000000000000000000000000000000000000403124811545955
"112","Fo.9.0","Fo","14","9","1",2460.86010591658,0.00000000000000000000000000000000000000000000000000000000000000000000000000000000000253602191408351
"113","Quant.10.0","Quant","1","10","1",0.0975976030700547,0.00000000000000000000000000000000000000000000000000000000000000000000000000357173329035715
"114","Sigma.10.0","Sigma","2","10","1",5.05476733150316,0.0000000000000000000000000000000000018623827656242
"115","Connect.10.0","Connect","3","10","1",0.295907026496943,0.0000000010363812835021
"116","Tau1.10.0","Tau1","4","10","1",1667.42942569594,0.00000000000000000214280867863315
"117","Tau2.10.0","Tau2","5","10","1",4244543.68666065,0.0000000794654723654684
"118","NPQ.10.0","NPQ","6","10","1",0.265439081007016,0.0000000000000000000000000000000000000000000000000000000000000000000000000000000000000000000000000426698890135784
"119","qP.10.0","qP","7","10","1",0.630230408158916,0.00000000000000000000000000000000000000000000000000000000000000000000000000714346658071431
"120","ABQ.10.0","ABQ","8","10","1",-0.0339505988102977,0.0000000000000000000000000000000000018623827656242
"121","qm.10.0","qm","9","10","1",0.730480173970992,0.00000000000000000000000000000000000000000000000000000000000000000000000000357173329035715
"122","nTau1.10.0","nTau1","10","10","1",2.3093701370294,0.00000000000000000214280867863315
"123","nTau2.10.0","nTau2","11","10","1",3.90838444093671,0.0000000794654723654684
"124","nCon.10.0","nCon","12","10","1",0.987455170865073,0.0000000010363812835021
"125","Fm.10.0","Fm","13","10","1",2530.5628578395,0.0000000000000000000000000000000000000000000000000000000000000000000000000000000000000000000000000426698890135784
"126","Fo.10.0","Fo","14","10","1",2283.58598849625,0.00000000000000000000000000000000000000000000000000000000000000000000000000714346658071431
"127","Quant.11.0","Quant","1","11","1",0.109680288231568,0.000000000000000000000000000000000000000000000000000000000000000000000000000930243943218614
"128","Sigma.11.0","Sigma","2","11","1",4.89272863409802,0.0000000000000000000000000000000000000374415021505618
"129","Connect.11.0","Connect","3","11","1",0.142568532071235,0.000727783486264981
"130","Tau1.11.0","Tau1","4","11","1",1762.21122281279,0.0000000000000000000014917455479127
"131","Tau2.11.0","Tau2","5","11","1",5286422.70212416,0.00000412520441048644
"132","NPQ.11.0","NPQ","6","11","1",0.249951271079741,0.0000000000000000000000000000000000000000000000000000000000000000000000000000000000000000000000000132805367745962
"133","qP.11.0","qP","7","11","1",0.632054893828155,0.00000000000000000000000000000000000000000000000000000000000000000000000000186048788643723
"134","ABQ.11.0","ABQ","8","11","1",-0.000805649255782193,0.0000000000000000000000000000000000000374415021505618
"135","qm.11.0","qm","9","11","1",0.697113338103551,0.000000000000000000000000000000000000000000000000000000000000000000000000000930243943218614
"136","nTau1.11.0","nTau1","10","11","1",2.44064181091405,0.0000000000000000000014917455479127
"137","nTau2.11.0","nTau2","11","11","1",4.86774875285872,0.00000412520441048644
"138","nCon.11.0","nCon","12","11","1",0.475757658961298,0.000727783486264981
"139","Fm.11.0","Fm","13","11","1",2561.91838141714,0.0000000000000000000000000000000000000000000000000000000000000000000000000000000000000000000000000132805367745962
"140","Fo.11.0","Fo","14","11","1",2280.92643491755,0.00000000000000000000000000000000000000000000000000000000000000000000000000186048788643723
"141","Quant.12.0","Quant","1","12","1",0.11546386496428,0.000000000000000000000000000000000000000000000000000000000000000000000000000158851383241731
"142","Sigma.12.0","Sigma","2","12","1",5.16401136939298,0.0000000000000000000000000000000000000000831182427960885
"143","Connect.12.0","Connect","3","12","1",0.242396925296395,0.00000000185510887327321
"144","Tau1.12.0","Tau1","4","12","1",1732.84489459147,0.00000000000000000668844825353654
"145","Tau2.12.0","Tau2","5","12","1",4489104.66368585,0.00000116069467624162
"146","NPQ.12.0","NPQ","6","12","1",0.25044936719385,0.00000000000000000000000000000000000000000000000000000000000000000000000000000000000000000000000000093741427220514
"147","qP.12.0","qP","7","12","1",0.642838809875428,0.000000000000000000000000000000000000000000000000000000000000000000000000000317702766483461
"148","ABQ.12.0","ABQ","8","12","1",-0.0562964222646571,0.0000000000000000000000000000000000000000831182427960885
"149","qm.12.0","qm","9","12","1",0.681141751242886,0.000000000000000000000000000000000000000000000000000000000000000000000000000158851383241731
"150","nTau1.12.0","nTau1","10","12","1",2.39996979182682,0.00000000000000000668844825353654
"151","nTau2.12.0","nTau2","11","12","1",4.13357668491562,0.00000116069467624162
"152","nCon.12.0","nCon","12","12","1",0.808889535741365,0.00000000185510887327321
"153","Fm.12.0","Fm","13","12","1",2560.89788300758,0.00000000000000000000000000000000000000000000000000000000000000000000000000000000000000000000000000093741427220514
"154","Fo.12.0","Fo","14","12","1",2265.20671565668,0.000000000000000000000000000000000000000000000000000000000000000000000000000317702766483461
"155","Quant.13.0","Quant","1","13","1",0.122842870940749,0.00000000000000000000000000000000000000000000000000000000000000000000000109817856668957
"156","Sigma.13.0","Sigma","2","13","1",5.27021632546221,0.0000000000000000000000000000000000000319713783288843
"157","Connect.13.0","Connect","3","13","1",0.266608396911961,0.00000000309617644297175
"158","Tau1.13.0","Tau1","4","13","1",1766.75349542684,0.0000000000000000000498426844573849
"159","Tau2.13.0","Tau2","5","13","1",4344425.98138362,0.00000266564991428079
"160","NPQ.13.0","NPQ","6","13","1",0.244907739881456,0.0000000000000000000000000000000000000000000000000000000000000000000000000000000000000000000000018529590743347
"161","qP.13.0","qP","7","13","1",0.648942653773206,0.00000000000000000000000000000000000000000000000000000000000000000000000219635713337914
"162","ABQ.13.0","ABQ","8","13","1",-0.0780206027704589,0.0000000000000000000000000000000000000319713783288843
"163","qm.13.0","qm","9","13","1",0.660764320399452,0.00000000000000000000000000000000000000000000000000000000000000000000000109817856668957
"164","nTau1.13.0","nTau1","10","13","1",2.44693280504399,0.0000000000000000000498426844573849
"165","nTau2.13.0","nTau2","11","13","1",4.00035626062776,0.00000266564991428079
"166","nCon.13.0","nCon","12","13","1",0.889684314845033,0.00000000309617644297175
"167","Fm.13.0","Fm","13","13","1",2572.29755641156,0.0000000000000000000000000000000000000000000000000000000000000000000000000000000000000000000000018529590743347
"168","Fo.13.0","Fo","14","13","1",2256.30913966809,0.00000000000000000000000000000000000000000000000000000000000000000000000219635713337914
"169","Quant.14.0","Quant","1","14","1",0.127282711641503,0.000000000000000000000000000000000000000000000000000000000000000000000963597997699251
"170","Sigma.14.0","Sigma","2","14","1",5.02877504763339,0.00000000000000000000000000000000000496546972754135
"171","Connect.14.0","Connect","3","14","1",0.261242094921703,0.000000122525272109337
"172","Tau1.14.0","Tau1","4","14","1",1735.50932457635,0.000000000000000000114754336462821
"173","Tau2.14.0","Tau2","5","14","1",3957193.12222928,0.00000158974172621575
"174","NPQ.14.0","NPQ","6","14","1",0.241235067979428,0.00000000000000000000000000000000000000000000000000000000000000000000000000000000000000000000595390172712911
"175","qP.14.0","qP","7","14","1",0.652220572907121,0.0000000000000000000000000000000000000000000000000000000000000000000019271959953985
"176","ABQ.14.0","ABQ","8","14","1",-0.0286338877316092,0.00000000000000000000000000000000000496546972754135
"177","qm.14.0","qm","9","14","1",0.648503516285188,0.000000000000000000000000000000000000000000000000000000000000000000000963597997699251
"178","nTau1.14.0","nTau1","10","14","1",2.40365999600846,0.000000000000000000114754336462821
"179","nTau2.14.0","nTau2","11","14","1",3.64379145803317,0.00000158974172621575
"180","nCon.14.0","nCon","12","14","1",0.871776721668099,0.000000122525272109337
"181","Fm.14.0","Fm","13","14","1",2579.90868922822,0.00000000000000000000000000000000000000000000000000000000000000000000000000000000000000000000595390172712911
"182","Fo.14.0","Fo","14","14","1",2251.53091547577,0.0000000000000000000000000000000000000000000000000000000000000000000019271959953985
"183","Quant.15.0","Quant","1","15","1",0.132228509123051,0.000000000000000000000000000000000000000000000000000000000000000000000000469138287775493
"184","Sigma.15.0","Sigma","2","15","1",5.20943123727978,0.000000000000000000000000000000000000000496461991595932
"185","Connect.15.0","Connect","3","15","1",0.24202794338378,0.0000000065365345292301
"186","Tau1.15.0","Tau1","4","15","1",1470.38842263643,0.00000000000000000718431618273093
"187","Tau2.15.0","Tau2","5","15","1",3036308.52445772,0.0000000313026935023194
"188","NPQ.15.0","NPQ","6","15","1",0.23360456566868,0.00000000000000000000000000000000000000000000000000000000000000000000000000000000000000000000000106405997670399
"189","qP.15.0","qP","7","15","1",0.651473994062815,0.000000000000000000000000000000000000000000000000000000000000000000000000938276575550986
"190","ABQ.15.0","ABQ","8","15","1",-0.0655870377410135,0.000000000000000000000000000000000000000496461991595932
"191","qm.15.0","qm","9","15","1",0.634845491550249,0.000000000000000000000000000000000000000000000000000000000000000000000000469138287775493
"192","nTau1.15.0","nTau1","10","15","1",2.03647066600918,0.00000000000000000718431618273093
"193","nTau2.15.0","nTau2","11","15","1",2.7958390514789,0.0000000313026935023194
"194","nCon.15.0","nCon","12","15","1",0.807658226360576,0.0000000065365345292301
"195","Fm.15.0","Fm","13","15","1",2595.86680073537,0.00000000000000000000000000000000000000000000000000000000000000000000000000000000000000000000000106405997670399
"196","Fo.15.0","Fo","14","15","1",2252.61920379211,0.000000000000000000000000000000000000000000000000000000000000000000000000938276575550986
"197","Quant.16.0","Quant","1","16","1",0.0511519076996727,0.0000000000000000000000000000000000000000000000000000000000000000000000000000000000740642415133719
"198","Sigma.16.0","Sigma","2","16","1",3.28016463269271,0.0000000000000000000000000000000830259384476179
"199","Connect.16.0","Connect","3","16","1",0.497488976004015,0.000000000000000918382708703473
"200","Tau1.16.0","Tau1","4","16","1",1660.2872240038,0.00000000000258252866555435
"201","Tau2.16.0","Tau2","5","16","1",9023895.21633708,0.0000323187979534049
"202","NPQ.16.0","NPQ","6","16","1",0.208350355341865,0.0000000000000000000000000000000000000000000000000000000000000000000000000000000000000000000000000464643724104998
"203","qP.16.0","qP","7","16","1",0.471778733506686,0.000000000000000000000000000000000000000000000000000000000000000000000000000000000148128483026744
"204","ABQ.16.0","ABQ","8","16","1",0.329043660420977,0.0000000000000000000000000000000830259384476179
"205","qm.16.0","qm","9","16","1",0.858741886782078,0.0000000000000000000000000000000000000000000000000000000000000000000000000000000000740642415133719
"206","nTau1.16.0","nTau1","10","16","1",2.29947827171486,0.00000000000258252866555435
"207","nTau2.16.0","nTau2","11","16","1",8.30922102910962,0.0000323187979534049
"208","nCon.16.0","nCon","12","16","1",1.66014328087816,0.000000000000000918382708703473
"209","Fm.16.0","Fm","13","16","1",2650.11974639501,0.0000000000000000000000000000000000000000000000000000000000000000000000000000000000000000000000000464643724104998
"210","Fo.16.0","Fo","14","16","1",2514.56106573433,0.000000000000000000000000000000000000000000000000000000000000000000000000000000000148128483026744
"211","Quant.17.0","Quant","1","17","1",0.0467835958006614,0.000000000000000000000000000000000000000000000000000000000000000000000000000000000200835373129807
"212","Sigma.17.0","Sigma","2","17","1",3.51437452520604,0.0000000000000000000000000000199087647603115
"213","Connect.17.0","Connect","3","17","1",0.281429502343569,0.0000104777008345565
"214","Tau1.17.0","Tau1","4","17","1",2012.5286702488,0.000000000000327713958031087
"215","Tau2.17.0","Tau2","5","17","1",14260429.6044727,0.000646642049688774
"216","NPQ.17.0","NPQ","6","17","1",0.260493617404367,0.00000000000000000000000000000000000000000000000000000000000000000000000000000000000000000000000000155097839183878
"217","qP.17.0","qP","7","17","1",0.535525048536369,0.000000000000000000000000000000000000000000000000000000000000000000000000000000000401670746259613
"218","ABQ.17.0","ABQ","8","17","1",0.281136122303008,0.0000000000000000000000000000199087647603115
"219","qm.17.0","qm","9","17","1",0.870805161145659,0.000000000000000000000000000000000000000000000000000000000000000000000000000000000200835373129807
"220","nTau1.17.0","nTau1","10","17","1",2.78732853059028,0.000000000000327713958031087
"221","nTau2.17.0","nTau2","11","17","1",13.1310325211999,0.000646642049688774
"222","nCon.17.0","nCon","12","17","1",0.93914301601085,0.0000104777008345565
"223","Fm.17.0","Fm","13","17","1",2540.49135437043,0.00000000000000000000000000000000000000000000000000000000000000000000000000000000000000000000000000155097839183878
"224","Fo.17.0","Fo","14","17","1",2421.63803371249,0.000000000000000000000000000000000000000000000000000000000000000000000000000000000401670746259613
"225","Quant.18.0","Quant","1","18","1",0.05031798758062,0.0000000000000000000000000000000000000000000000000000000000000000000000000000000521821082385401
"226","Sigma.18.0","Sigma","2","18","1",3.82879224556562,0.0000000000000000000000000000414173743874582
"227","Connect.18.0","Connect","3","18","1",0.308056749838747,0.00000134536270481508
"228","Tau1.18.0","Tau1","4","18","1",1831.663690908,0.0000000000000000151385204819709
"229","Tau2.18.0","Tau2","5","18","1",12786386.930842,0.00000225920349990908
"230","NPQ.18.0","NPQ","6","18","1",0.276126242566228,0.00000000000000000000000000000000000000000000000000000000000000000000000000000000000000000000000000785409979111955
"231","qP.18.0","qP","7","18","1",0.561960049366756,0.00000000000000000000000000000000000000000000000000000000000000000000000000000010436421647708
"232","ABQ.18.0","ABQ","8","18","1",0.216822105668401,0.0000000000000000000000000000414173743874582
"233","qm.18.0","qm","9","18","1",0.861044791754527,0.0000000000000000000000000000000000000000000000000000000000000000000000000000000521821082385401
"234","nTau1.18.0","nTau1","10","18","1",2.53683266210712,0.0000000000000000151385204819709
"235","nTau2.18.0","nTau2","11","18","1",11.7737310357656,0.00000225920349990908
"236","nCon.18.0","nCon","12","18","1",1.02799934881338,0.00000134536270481508
"237","Fm.18.0","Fm","13","18","1",2509.37017862377,0.00000000000000000000000000000000000000000000000000000000000000000000000000000000000000000000000000785409979111955
"238","Fo.18.0","Fo","14","18","1",2383.1037211406,0.00000000000000000000000000000000000000000000000000000000000000000000000000000010436421647708
"239","Quant.19.0","Quant","1","19","1",0.0551563693420743,0.000000000000000000000000000000000000000000000000000000000000000000000000000000451541114983775
"240","Sigma.19.0","Sigma","2","19","1",3.28148678693041,0.000000000000000000000000000132538250219752
"241","Connect.19.0","Connect","3","19","1",0.41707901368917,0.00000000144241312430311
"242","Tau1.19.0","Tau1","4","19","1",1338.27926021206,0.000000000000847722269261014
"243","Tau2.19.0","Tau2","5","19","1",9046768.07664583,0.000044165719254907
"244","NPQ.19.0","NPQ","6","19","1",0.298629329076744,0.000000000000000000000000000000000000000000000000000000000000000000000000000000000000000000000635605857675528
"245","qP.19.0","qP","7","19","1",0.598473810955396,0.000000000000000000000000000000000000000000000000000000000000000000000000000000903082229967549
"246","ABQ.19.0","ABQ","8","19","1",0.32877321431018,0.000000000000000000000000000132538250219752
"247","qm.19.0","qm","9","19","1",0.847683399982712,0.000000000000000000000000000000000000000000000000000000000000000000000000000000451541114983775
"248","nTau1.19.0","nTau1","10","19","1",1.85350103033572,0.000000000000847722269261014
"249","nTau2.19.0","nTau2","11","19","1",8.33028240530215,0.000044165719254907
"250","nCon.19.0","nCon","12","19","1",1.39181158893816,0.00000000144241312430311
"251","Fm.19.0","Fm","13","19","1",2465.88696678485,0.000000000000000000000000000000000000000000000000000000000000000000000000000000000000000000000635605857675528
"252","Fo.19.0","Fo","14","19","1",2329.87759448906,0.000000000000000000000000000000000000000000000000000000000000000000000000000000903082229967549
"253","Quant.20.0","Quant","1","20","1",0.0620092244322475,0.00000000000000000000000000000000000000000000000000000000000000000000000000000123345254145263
"254","Sigma.20.0","Sigma","2","20","1",3.49515873523254,0.000000000000000000000000000100968279364846
"255","Connect.20.0","Connect","3","20","1",0.292232794522308,0.0000314519006259329
"256","Tau1.20.0","Tau1","4","20","1",1219.76689480287,0.00000000583902449651509
"257","Tau2.20.0","Tau2","5","20","1",7194894.21226959,0.000595129798994967
"258","NPQ.20.0","NPQ","6","20","1",0.322569076686718,0.000000000000000000000000000000000000000000000000000000000000000000000000000000000000000000000446054520407821
"259","qP.20.0","qP","7","20","1",0.638787629560728,0.00000000000000000000000000000000000000000000000000000000000000000000000000000246690508290525
"260","ABQ.20.0","ABQ","8","20","1",0.285066704315336,0.000000000000000000000000000100968279364846
"261","qm.20.0","qm","9","20","1",0.828758956619285,0.00000000000000000000000000000000000000000000000000000000000000000000000000000123345254145263
"262","nTau1.20.0","nTau1","10","20","1",1.6893627985599,0.00000000583902449651509
"263","nTau2.20.0","nTau2","11","20","1",6.62507319262475,0.000595129798994967
"264","nCon.20.0","nCon","12","20","1",0.975194092088869,0.0000314519006259329
"265","Fm.20.0","Fm","13","20","1",2421.25208709491,0.000000000000000000000000000000000000000000000000000000000000000000000000000000000000000000000446054520407821
"266","Fo.20.0","Fo","14","20","1",2271.11212301919,0.00000000000000000000000000000000000000000000000000000000000000000000000000000246690508290525
"267","Quant.21.0","Quant","1","21","1",0.0592719696986579,0.0000000000000000000000000000000000000000000000000000000000000000000000000000000121329499141141
"268","Sigma.21.0","Sigma","2","21","1",3.88961082770412,0.0000000000000000000000000000000238480388508585
"269","Connect.21.0","Connect","3","21","1",0.223508251390353,0.0000502391343290547
"270","Tau1.21.0","Tau1","4","21","1",1237.50366051155,0.000000000000000031786904579244
"271","Tau2.21.0","Tau2","5","21","1",10033885.4599184,0.0000105054828419879
"272","NPQ.21.0","NPQ","6","21","1",0.358336324521332,0.000000000000000000000000000000000000000000000000000000000000000000000000000000000000000000000000000595962059948053
"273","qP.21.0","qP","7","21","1",0.675385738428519,0.0000000000000000000000000000000000000000000000000000000000000000000000000000000242658998282281
"274","ABQ.21.0","ABQ","8","21","1",0.204381689463885,0.0000000000000000000000000000000238480388508585
"275","qm.21.0","qm","9","21","1",0.83631799901774,0.0000000000000000000000000000000000000000000000000000000000000000000000000000000121329499141141
"276","nTau1.21.0","nTau1","10","21","1",1.71392801039069,0.000000000000000031786904579244
"277","nTau2.21.0","nTau2","11","21","1",9.23922209516458,0.0000105054828419879
"278","nCon.21.0","nCon","12","21","1",0.745857174056308,0.0000502391343290547
"279","Fm.21.0","Fm","13","21","1",2357.49650469177,0.000000000000000000000000000000000000000000000000000000000000000000000000000000000000000000000000000595962059948053
"280","Fo.21.0","Fo","14","21","1",2217.76304330098,0.0000000000000000000000000000000000000000000000000000000000000000000000000000000242658998282281
"281","Quant.22.0","Quant","1","22","1",0.0600630823264876,0.0000000000000000000000000000000000000000000000000000000000000000000000000000000000380462423907584
"282","Sigma.22.0","Sigma","2","22","1",3.62854510790598,0.00000000000000000000000000000000146339983247056
"283","Connect.22.0","Connect","3","22","1",0.258091255452026,0.00000176883337609448
"284","Tau1.22.0","Tau1","4","22","1",1111.91427437666,0.000000000000000100217810997744
"285","Tau2.22.0","Tau2","5","22","1",7687588.71871841,0.000000309450097562275
"286","NPQ.22.0","NPQ","6","22","1",0.386047198377149,0.000000000000000000000000000000000000000000000000000000000000000000000000000000000000000000000000000293005660473235
"287","qP.22.0","qP","7","22","1",0.707056789907236,0.0000000000000000000000000000000000000000000000000000000000000000000000000000000000760924847815167
"288","ABQ.22.0","ABQ","8","22","1",0.257782576114361,0.00000000000000000000000000000000146339983247056
"289","qm.22.0","qm","9","22","1",0.834133308706555,0.0000000000000000000000000000000000000000000000000000000000000000000000000000000000380462423907584
"290","nTau1.22.0","nTau1","10","22","1",1.539988188172,0.000000000000000100217810997744
"291","nTau2.22.0","nTau2","11","22","1",7.07874729408147,0.000000309450097562275
"292","nCon.22.0","nCon","12","22","1",0.861262227423972,0.00000176883337609448
"293","Fm.22.0","Fm","13","22","1",2310.36370262447,0.000000000000000000000000000000000000000000000000000000000000000000000000000000000000000000000000000293005660473235
"294","Fo.22.0","Fo","14","22","1",2171.59613734961,0.0000000000000000000000000000000000000000000000000000000000000000000000000000000000760924847815167
"295","Quant.23.0","Quant","1","23","1",0.202691485257842,0.00000000000000000000000000000000000000000000000000000000000000000425722293954694
"296","Sigma.23.0","Sigma","2","23","1",5.18390162688732,0.00000000000000000000000000000000000000000604860738352662
"297","Connect.23.0","Connect","3","23","1",0.219611780733256,0.0000000220623165710867
"298","Tau1.23.0","Tau1","4","23","1",1462.44075287833,0.0000000000000000759890846546483
"299","Tau2.23.0","Tau2","5","23","1",1749589.25758404,0.0000000000409105632971174
"300","NPQ.23.0","NPQ","6","23","1",0.463510036363508,0.0000000000000000000000000000000000000000000000000000000000000000000000000000000000000000011414669915584
"301","qP.23.0","qP","7","23","1",1,0.00000000000000000000000000000000000000000000000000000000000000000851444587909389
"302","ABQ.23.0","ABQ","8","23","1",-0.0603649663336585,0.00000000000000000000000000000000000000000604860738352662
"303","qm.23.0","qm","9","23","1",0.440259062458304,0.00000000000000000000000000000000000000000000000000000000000000000425722293954694
"304","nTau1.23.0","nTau1","10","23","1",2.02546323689976,0.0000000000000000759890846546483
"305","nTau2.23.0","nTau2","11","23","1",1.61102533915754,0.0000000000409105632971174
"306","nCon.23.0","nCon","12","23","1",0.732854474715153,0.0000000220623165710867
"307","Fm.23.0","Fm","13","23","1",2188.07733304777,0.0000000000000000000000000000000000000000000000000000000000000000000000000000000000000000011414669915584
"308","Fo.23.0","Fo","14","23","1",1744.5726885533,0.00000000000000000000000000000000000000000000000000000000000000000851444587909389
"309","Quant.24.0","Quant","1","24","1",0.21191066276092,0.0000000000000000000000000000000000000000000000000000000000000000000364435573290833
"310","Sigma.24.0","Sigma","2","24","1",5.38918483614144,0.00000000000000000000000000000000000000000000271237985209105
"311","Connect.24.0","Connect","3","24","1",0.248869682023601,0.0000000000120098049525977
"312","Tau1.24.0","Tau1","4","24","1",1149.93296875344,0.00000000000000000027453389643246
"313","Tau2.24.0","Tau2","5","24","1",1533435.17007521,0.0000000000000577664106201368
"314","NPQ.24.0","NPQ","6","24","1",0.394451898625372,0.0000000000000000000000000000000000000000000000000000000000000000000000000000000000000000000106436300446683
"315","qP.24.0","qP","7","24","1",0.955254133570348,0.0000000000000000000000000000000000000000000000000000000000000000000728871146581665
"316","ABQ.24.0","ABQ","8","24","1",-0.102355563173035,0.00000000000000000000000000000000000000000000271237985209105
"317","qm.24.0","qm","9","24","1",0.414799921674111,0.0000000000000000000000000000000000000000000000000000000000000000000364435573290833
"318","nTau1.24.0","nTau1","10","24","1",1.59264363258815,0.00000000000000000027453389643246
"319","nTau2.24.0","nTau2","11","24","1",1.41199021669682,0.0000000000000577664106201368
"320","nCon.24.0","nCon","12","24","1",0.830489418568403,0.0000000000120098049525977
"321","Fm.24.0","Fm","13","24","1",2296.43857949611,0.0000000000000000000000000000000000000000000000000000000000000000000000000000000000000000000106436300446683
"322","Fo.24.0","Fo","14","24","1",1809.79875812534,0.0000000000000000000000000000000000000000000000000000000000000000000728871146581665
"323","Quant.25.0","Quant","1","25","1",0.216249018397962,0.000000000000000000000000000000000000000000000000000000000000000000000443982338280795
"324","Sigma.25.0","Sigma","2","25","1",5.41389792591897,0.0000000000000000000000000000000000000000000000183774382861936
"325","Connect.25.0","Connect","3","25","1",0.245803782589507,0.000000000000629603464277179
"326","Tau1.25.0","Tau1","4","25","1",1300.72957435151,0.000000000000000000430603888170879
"327","Tau2.25.0","Tau2","5","25","1",1537546.5115533,0.000000000000585601003863458
"328","NPQ.25.0","NPQ","6","25","1",0.369430056125073,0.000000000000000000000000000000000000000000000000000000000000000000000000000000000000000000000145643527628567
"329","qP.25.0","qP","7","25","1",0.939528452772118,0.00000000000000000000000000000000000000000000000000000000000000000000088796467656159
"330","ABQ.25.0","ABQ","8","25","1",-0.10741061562118,0.0000000000000000000000000000000000000000000000183774382861936
"331","qm.25.0","qm","9","25","1",0.402819372769562,0.000000000000000000000000000000000000000000000000000000000000000000000443982338280795
"332","nTau1.25.0","nTau1","10","25","1",1.8014951571966,0.000000000000000000430603888170879
"333","nTau2.25.0","nTau2","11","25","1",1.41577594827377,0.000000000000585601003863458
"334","nCon.25.0","nCon","12","25","1",0.820258373076215,0.000000000000629603464277179
"335","Fm.25.0","Fm","13","25","1",2338.39846214273,0.000000000000000000000000000000000000000000000000000000000000000000000000000000000000000000000145643527628567
"336","Fo.25.0","Fo","14","25","1",1832.72209008106,0.00000000000000000000000000000000000000000000000000000000000000000000088796467656159
"337","Quant.26.0","Quant","1","26","1",0.219855566840817,0.00000000000000000000000000000000000000000000000000000000000000493063828923644
"338","Sigma.26.0","Sigma","2","26","1",5.61162332659602,0.0000000000000000000000000000000000000000305549881746109
"339","Connect.26.0","Connect","3","26","1",0.22980785250973,0.0000000289005012721759
"340","Tau1.26.0","Tau1","4","26","1",1352.11652446674,0.0000000000000000000278582162844455
"341","Tau2.26.0","Tau2","5","26","1",1505419.18934312,0.000000000000172478022527885
"342","NPQ.26.0","NPQ","6","26","1",0.361887209239409,0.0000000000000000000000000000000000000000000000000000000000000000000000000000000000000000770048255979331
"343","qP.26.0","qP","7","26","1",0.938382592468378,0.00000000000000000000000000000000000000000000000000000000000000986127657847287
"344","ABQ.26.0","ABQ","8","26","1",-0.147855265794475,0.0000000000000000000000000000000000000000305549881746109
"345","qm.26.0","qm","9","26","1",0.392859739763149,0.00000000000000000000000000000000000000000000000000000000000000493063828923644
"346","nTau1.26.0","nTau1","10","26","1",1.87266547853095,0.0000000000000000000278582162844455
"347","nTau2.26.0","nTau2","11","26","1",1.38619304478056,0.000000000000172478022527885
"348","nCon.26.0","nCon","12","26","1",0.766879228765037,0.0000000289005012721759
"349","Fm.26.0","Fm","13","26","1",2351.34974139548,0.0000000000000000000000000000000000000000000000000000000000000000000000000000000000000000770048255979331
"350","Fo.26.0","Fo","14","26","1",1834.39241115997,0.00000000000000000000000000000000000000000000000000000000000000986127657847287
"351","Quant.27.0","Quant","1","27","1",0.226561642867626,0.0000000000000000000000000000000000000000000000000000000000000000140406876855696
"352","Sigma.27.0","Sigma","2","27","1",5.48813517979118,0.0000000000000000000000000000000000000000000349837747851559
"353","Connect.27.0","Connect","3","27","1",0.244684144486407,0.0000000000890515066367862
"354","Tau1.27.0","Tau1","4","27","1",1468.07996800252,0.00000000000000000177769533736702
"355","Tau2.27.0","Tau2","5","27","1",1496393.56805092,0.0000000000131541402240632
"356","NPQ.27.0","NPQ","6","27","1",0.354557354662976,0.000000000000000000000000000000000000000000000000000000000000000000000000000000000000000000622232625421593
"357","qP.27.0","qP","7","27","1",0.942448786178104,0.0000000000000000000000000000000000000000000000000000000000000000280813753711393
"358","ABQ.27.0","ABQ","8","27","1",-0.122595815663292,0.0000000000000000000000000000000000000000000349837747851559
"359","qm.27.0","qm","9","27","1",0.37434063286679,0.0000000000000000000000000000000000000000000000000000000000000000140406876855696
"360","nTau1.27.0","nTau1","10","27","1",2.03327348350054,0.00000000000000000177769533736702
"361","nTau2.27.0","nTau2","11","27","1",1.37788223437729,0.0000000000131541402240632
"362","nCon.27.0","nCon","12","27","1",0.816522089935216,0.0000000000890515066367862
"363","Fm.27.0","Fm","13","27","1",2364.07349325688,0.000000000000000000000000000000000000000000000000000000000000000000000000000000000000000000622232625421593
"364","Fo.27.0","Fo","14","27","1",1828.4651187648,0.0000000000000000000000000000000000000000000000000000000000000000280813753711393
"365","Quant.1.1","Quant","1","1","2",0.338257124748345,0.00000000000000000000000000000000000000000000000000000000279432135616614
"366","Sigma.1.1","Sigma","2","1","2",4.76669757497897,0.000000000000000000000000000000000000000000000170132579836775
"367","Connect.1.1","Connect","3","1","2",0.335028982574018,0.0000000000000000272347909992467
"368","Tau1.1.1","Tau1","4","1","2",809.458462031311,0.0000000000000000000000000000148627470029212
"369","Tau2.1.1","Tau2","5","1","2",1013588.82827309,0.00000000000000000000000000000365949023336425
"370","NPQ.1.1","NPQ","6","1","2",0.806207256950025,0.00000000000000000000000000000000000000000000000000000000000000000000000000000000000118820921010947
"371","qP.1.1","qP","7","1","2",1.35616190236136,0.00000000000000000000000000000000000000000000000000000000558864271233228
"372","ABQ.1.1","ABQ","8","1","2",0,0.000000000000000000000000000000000000000000000170132579836775
"373","qm.1.1","qm","9","1","2",0,0.00000000000000000000000000000000000000000000000000000000279432135616614
"374","nTau1.1.1","nTau1","10","1","2",1,0.0000000000000000000000000000148627470029212
"375","nTau2.1.1","nTau2","11","1","2",1,0.00000000000000000000000000000365949023336425
"376","nCon.1.1","nCon","12","1","2",1,0.0000000000000000272347909992467
"377","Fm.1.1","Fm","13","1","2",2034.00289206975,0.00000000000000000000000000000000000000000000000000000000000000000000000000000000000118820921010947
"378","Fo.1.1","Fo","14","1","2",1345.98692206842,0.00000000000000000000000000000000000000000000000000000000558864271233228
"379","Quant.3.1","Quant","1","3","2",0.0453747618079161,0.00000000000000000000000000000000000000000000000000000000000000000000000000000000360714260996613
"380","Sigma.3.1","Sigma","2","3","2",2.72562892932053,0.0000000000000000000000000000426066283733832
"381","Connect.3.1","Connect","3","3","2",0.457306770255309,0.00000000000630230534139491
"382","Tau1.3.1","Tau1","4","3","2",2816.21673864589,0.00000251736218780417
"383","Tau2.3.1","Tau2","5","3","2",3544516.94128443,0.0000000000000000374008434874074
"384","NPQ.3.1","NPQ","6","3","2",0.110730476729741,0.000000000000000000000000000000000000000000000000000000000000000000000000000000000000000000000310602219750625
"385","qP.3.1","qP","7","3","2",0.300805401546026,0.00000000000000000000000000000000000000000000000000000000000000000000000000000000721428521993194
"386","ABQ.3.1","ABQ","8","3","2",0.428193442850723,0.0000000000000000000000000000426066283733832
"387","qm.3.1","qm","9","3","2",0.865857188250879,0.00000000000000000000000000000000000000000000000000000000000000000000000000000000360714260996613
"388","nTau1.3.1","nTau1","10","3","2",3.4791368189279,0.00000251736218780417
"389","nTau2.3.1","nTau2","11","3","2",3.49699685159655,0.0000000000000000374008434874074
"390","nCon.3.1","nCon","12","3","2",1.36497674542015,0.00000000000630230534139491
"391","Fm.3.1","Fm","13","3","2",3307.58078695236,0.000000000000000000000000000000000000000000000000000000000000000000000000000000000000000000000310602219750625
"392","Fo.3.1","Fo","14","3","2",3157.50009658396,0.00000000000000000000000000000000000000000000000000000000000000000000000000000000721428521993194
"393","Quant.4.1","Quant","1","4","2",0.0419461555971544,0.0000000000000000000000000000000000000000000000000000000000000000000000000000327729736462029
"394","Sigma.4.1","Sigma","2","4","2",2.73087304143938,0.0000000000000000000000081047745599427
"395","Connect.4.1","Connect","3","4","2",0.398480796821767,0.000000647526392493824
"396","Tau1.4.1","Tau1","4","4","2",2650.38570040137,0.0000000000741282979024175
"397","Tau2.4.1","Tau2","5","4","2",4819218.83301436,0.000000000000000732105419377302
"398","NPQ.4.1","NPQ","6","4","2",0.145477435063496,0.0000000000000000000000000000000000000000000000000000000000000000000000000000000000000000000164317415988041
"399","qP.4.1","qP","7","4","2",0.35019872228475,0.0000000000000000000000000000000000000000000000000000000000000000000000000000655459472924058
"400","ABQ.4.1","ABQ","8","4","2",0.427093286602848,0.0000000000000000000000081047745599427
"401","qm.4.1","qm","9","4","2",0.875993282836655,0.0000000000000000000000000000000000000000000000000000000000000000000000000000327729736462029
"402","nTau1.4.1","nTau1","10","4","2",3.27427017533464,0.0000000000741282979024175
"403","nTau2.4.1","nTau2","11","4","2",4.75460926421727,0.000000000000000732105419377302
"404","nCon.4.1","nCon","12","4","2",1.18939201546162,0.000000647526392493824
"405","Fm.4.1","Fm","13","4","2",3207.24849905933,0.0000000000000000000000000000000000000000000000000000000000000000000000000000000000000000000164317415988041
"406","Fo.4.1","Fo","14","4","2",3072.71675447904,0.0000000000000000000000000000000000000000000000000000000000000000000000000000655459472924058
"407","Quant.5.1","Quant","1","5","2",0.0377522942024946,0.00000000000000000000000000000000000000000000000000000000000000000000000000000000000580862342608403
"408","Sigma.5.1","Sigma","2","5","2",2.60995448424349,0.00000000000000000000000000017311368421407
"409","Connect.5.1","Connect","3","5","2",0.574350658860069,0.0000000000000000360575794079112
"410","Tau1.5.1","Tau1","4","5","2",3133.46575368279,0.000000000306173854913878
"411","Tau2.5.1","Tau2","5","5","2",5919578.86863535,0.0000000860645161490458
"412","NPQ.5.1","NPQ","6","5","2",0.166962333036329,0.0000000000000000000000000000000000000000000000000000000000000000000000000000000000000000000000000772560471205913
"413","qP.5.1","qP","7","5","2",0.375464497860136,0.000000000000000000000000000000000000000000000000000000000000000000000000000000000011617246852168
"414","ABQ.5.1","ABQ","8","5","2",0.452460651595879,0.00000000000000000000000000017311368421407
"415","qm.5.1","qm","9","5","2",0.888391724991509,0.00000000000000000000000000000000000000000000000000000000000000000000000000000000000580862342608403
"416","nTau1.5.1","nTau1","10","5","2",3.87106429874049,0.000000000306173854913878
"417","nTau2.5.1","nTau2","11","5","2",5.84021716056291,0.0000000860645161490458
"418","nCon.5.1","nCon","12","5","2",1.7143312630667,0.0000000000000000360575794079112
"419","Fm.5.1","Fm","13","5","2",3148.199972106,0.0000000000000000000000000000000000000000000000000000000000000000000000000000000000000000000000000772560471205913
"420","Fo.5.1","Fo","14","5","2",3029.34820055077,0.000000000000000000000000000000000000000000000000000000000000000000000000000000000011617246852168
"421","Quant.6.1","Quant","1","6","2",0.0435342230127099,0.0000000000000000000000000000000000000000000000000000000000000000000000000000000253065937129766
"422","Sigma.6.1","Sigma","2","6","2",3.12281794903234,0.0000000000000000000000000130710062050479
"423","Connect.6.1","Connect","3","6","2",0.591651016155519,0.0000000000000015044244881909
"424","Tau1.6.1","Tau1","4","6","2",1527.30513596466,0.0000000000591224178815219
"425","Tau2.6.1","Tau2","5","6","2",7674578.99805821,0.00000359295361602439
"426","NPQ.6.1","NPQ","6","6","2",0.191892229671306,0.00000000000000000000000000000000000000000000000000000000000000000000000000000000000000000000000990073126362042
"427","qP.6.1","qP","7","6","2",0.422761190449126,0.0000000000000000000000000000000000000000000000000000000000000000000000000000000506131874259531
"428","ABQ.6.1","ABQ","8","6","2",0.344867615385455,0.0000000000000000000000000130710062050479
"429","qm.6.1","qm","9","6","2",0.871298430017998,0.0000000000000000000000000000000000000000000000000000000000000000000000000000000253065937129766
"430","nTau1.6.1","nTau1","10","6","2",1.88682336105541,0.0000000000591224178815219
"431","nTau2.6.1","nTau2","11","6","2",7.57168862164142,0.00000359295361602439
"432","nCon.6.1","nCon","12","6","2",1.76596965316219,0.0000000000000015044244881909
"433","Fm.6.1","Fm","13","6","2",3082.35148518996,0.00000000000000000000000000000000000000000000000000000000000000000000000000000000000000000000000990073126362042
"434","Fo.6.1","Fo","14","6","2",2948.16370823014,0.0000000000000000000000000000000000000000000000000000000000000000000000000000000506131874259531
"435","Quant.7.1","Quant","1","7","2",0.0480383880216354,0.0000000000000000000000000000000000000000000000000000000000000000000000000000000000438447107041741
"436","Sigma.7.1","Sigma","2","7","2",3.40292916809839,0.00000000000000000000000000000122031312531487
"437","Connect.7.1","Connect","3","7","2",0.430338245648978,0.00000000000782412610899543
"438","Tau1.7.1","Tau1","4","7","2",1352.55635143798,0.00000000000467418691494889
"439","Tau2.7.1","Tau2","5","7","2",6023349.2944957,0.00000000788087924158905
"440","NPQ.7.1","NPQ","6","7","2",0.22548941644473,0.000000000000000000000000000000000000000000000000000000000000000000000000000000000000000000000000000225542545504336
"441","qP.7.1","qP","7","7","2",0.477714866026298,0.0000000000000000000000000000000000000000000000000000000000000000000000000000000000876894214083481
"442","ABQ.7.1","ABQ","8","7","2",0.286103405015494,0.00000000000000000000000000000122031312531487
"443","qm.7.1","qm","9","7","2",0.85798262769077,0.0000000000000000000000000000000000000000000000000000000000000000000000000000000000438447107041741
"444","nTau1.7.1","nTau1","10","7","2",1.67093978861346,0.00000000000467418691494889
"445","nTau2.7.1","nTau2","11","7","2",5.94259637288823,0.00000000788087924158905
"446","nCon.7.1","nCon","12","7","2",1.28448065102518,0.00000000000782412610899543
"447","Fm.7.1","Fm","13","7","2",2997.84782717413,0.000000000000000000000000000000000000000000000000000000000000000000000000000000000000000000000000000225542545504336
"448","Fo.7.1","Fo","14","7","2",2853.83605002252,0.0000000000000000000000000000000000000000000000000000000000000000000000000000000000876894214083481
"449","Quant.8.1","Quant","1","8","2",0.0460982323694146,0.0000000000000000000000000000000000000000000000000000000000000000000000000000000478222782083696
"450","Sigma.8.1","Sigma","2","8","2",3.59636994777501,0.000000000000000000000000000303446017507956
"451","Connect.8.1","Connect","3","8","2",0.298696407164106,0.00000488564628648451
"452","Tau1.8.1","Tau1","4","8","2",1339.44821447394,0.000000000000140864353606992
"453","Tau2.8.1","Tau2","5","8","2",7477603.87743072,0.00000558216666654017
"454","NPQ.8.1","NPQ","6","8","2",0.263283186408585,0.000000000000000000000000000000000000000000000000000000000000000000000000000000000000000000000000000656834873104738
"455","qP.8.1","qP","7","8","2",0.524167817032176,0.0000000000000000000000000000000000000000000000000000000000000000000000000000000956445564167391
"456","ABQ.8.1","ABQ","8","8","2",0.245521686407623,0.000000000000000000000000000303446017507956
"457","qm.8.1","qm","9","8","2",0.863718369853375,0.0000000000000000000000000000000000000000000000000000000000000000000000000000000478222782083696
"458","nTau1.8.1","nTau1","10","8","2",1.65474607691744,0.000000000000140864353606992
"459","nTau2.8.1","nTau2","11","8","2",7.37735427705014,0.00000558216666654017
"460","nCon.8.1","nCon","12","8","2",0.891553933242523,0.00000488564628648451
"461","Fm.8.1","Fm","13","8","2",2908.16091264393,0.000000000000000000000000000000000000000000000000000000000000000000000000000000000000000000000000000656834873104738
"462","Fo.8.1","Fo","14","8","2",2774.09983512522,0.0000000000000000000000000000000000000000000000000000000000000000000000000000000956445564167391
"463","Quant.9.1","Quant","1","9","2",0.0520879251596453,0.000000000000000000000000000000000000000000000000000000000000000000000000000000350785182027778
"464","Sigma.9.1","Sigma","2","9","2",3.74497104861477,0.0000000000000000000000000000194160568408733
"465","Connect.9.1","Connect","3","9","2",0.30333412618216,0.00000121116591371614
"466","Tau1.9.1","Tau1","4","9","2",1639.75579996443,0.000000000000115016444125023
"467","Tau2.9.1","Tau2","5","9","2",9403080.01215255,0.000237777498013172
"468","NPQ.9.1","NPQ","6","9","2",0.287738636354808,0.00000000000000000000000000000000000000000000000000000000000000000000000000000000000000000000000000159209799035753
"469","qP.9.1","qP","7","9","2",0.564815279441877,0.000000000000000000000000000000000000000000000000000000000000000000000000000000701570364055556
"470","ABQ.9.1","ABQ","8","9","2",0.214346832433293,0.0000000000000000000000000000194160568408733
"471","qm.9.1","qm","9","9","2",0.846010855799719,0.000000000000000000000000000000000000000000000000000000000000000000000000000000350785182027778
"472","nTau1.9.1","nTau1","10","9","2",2.02574421898007,0.000000000000115016444125023
"473","nTau2.9.1","nTau2","11","9","2",9.2770162316934,0.000237777498013172
"474","nCon.9.1","nCon","12","9","2",0.905396673003192,0.00000121116591371614
"475","Fm.9.1","Fm","13","9","2",2852.93201632376,0.00000000000000000000000000000000000000000000000000000000000000000000000000000000000000000000000000159209799035753
"476","Fo.9.1","Fo","14","9","2",2704.32870697193,0.000000000000000000000000000000000000000000000000000000000000000000000000000000701570364055556
"477","Quant.10.1","Quant","1","10","2",0.0931986404504335,0.00000000000000000000000000000000000000000000000000000000000000000000000132022208616349
"478","Sigma.10.1","Sigma","2","10","2",4.22392984452712,0.0000000000000000000000000000000714882014179158
"479","Connect.10.1","Connect","3","10","2",0.164446167060569,0.00455024463999183
"480","Tau1.10.1","Tau1","4","10","2",1891.60457188372,0.00000000000000000044641301404953
"481","Tau2.10.1","Tau2","5","10","2",5371813.29841819,0.00000117585515444966
"482","NPQ.10.1","NPQ","6","10","2",0.316966553866178,0.000000000000000000000000000000000000000000000000000000000000000000000000000000000000000000000109001784807275
"483","qP.10.1","qP","7","10","2",0.666593232906601,0.00000000000000000000000000000000000000000000000000000000000000000000000264044417232698
"484","ABQ.10.1","ABQ","8","10","2",0.113866617697946,0.0000000000000000000000000000000714882014179158
"485","qm.10.1","qm","9","10","2",0.724473976653792,0.00000000000000000000000000000000000000000000000000000000000000000000000132022208616349
"486","nTau1.10.1","nTau1","10","10","2",2.3368766411272,0.00000000000000000044641301404953
"487","nTau2.10.1","nTau2","11","10","2",5.2997952903353,0.00000117585515444966
"488","nCon.10.1","nCon","12","10","2",0.490841615543629,0.00455024463999183
"489","Fm.10.1","Fm","13","10","2",2789.61585890589,0.000000000000000000000000000000000000000000000000000000000000000000000000000000000000000000000109001784807275
"490","Fo.10.1","Fo","14","10","2",2529.62745347689,0.00000000000000000000000000000000000000000000000000000000000000000000000264044417232698
"491","Quant.11.1","Quant","1","11","2",0.10392160806234,0.00000000000000000000000000000000000000000000000000000000000000000000000000000111401638432021
"492","Sigma.11.1","Sigma","2","11","2",4.58510802906193,0.0000000000000000000000000000000000000000970416927010951
"493","Connect.11.1","Connect","3","11","2",0.264821169971326,0.0000000000615678077401989
"494","Tau1.11.1","Tau1","4","11","2",1698.42476289248,0.00000000000000000222842350404818
"495","Tau2.11.1","Tau2","5","11","2",4066111.13796669,0.000000452498807442584
"496","NPQ.11.1","NPQ","6","11","2",0.301482485121866,0.00000000000000000000000000000000000000000000000000000000000000000000000000000000000000000000000000000912643648755569
"497","qP.11.1","qP","7","11","2",0.666694148054286,0.00000000000000000000000000000000000000000000000000000000000000000000000000000222803276864042
"498","ABQ.11.1","ABQ","8","11","2",0.0380954619127162,0.0000000000000000000000000000000000000000970416927010951
"499","qm.11.1","qm","9","11","2",0.692773335847233,0.00000000000000000000000000000000000000000000000000000000000000000000000000000111401638432021
"500","nTau1.11.1","nTau1","10","11","2",2.09822349454515,0.00000000000000000222842350404818
"501","nTau2.11.1","nTau2","11","11","2",4.01159821867251,0.000000452498807442584
"502","nCon.11.1","nCon","12","11","2",0.790442569883694,0.0000000000615678077401989
"503","Fm.11.1","Fm","13","11","2",2822.80462957573,0.00000000000000000000000000000000000000000000000000000000000000000000000000000000000000000000000000000912643648755569
"504","Fo.11.1","Fo","14","11","2",2529.4542332244,0.00000000000000000000000000000000000000000000000000000000000000000000000000000222803276864042
"505","Quant.12.1","Quant","1","12","2",0.109540088638478,0.00000000000000000000000000000000000000000000000000000000000000000000000000054600002038882
"506","Sigma.12.1","Sigma","2","12","2",4.52479603220632,0.0000000000000000000000000000000000000112079248442206
"507","Connect.12.1","Connect","3","12","2",0.206573756740771,0.000000878696947950019
"508","Tau1.12.1","Tau1","4","12","2",1618.28556197901,0.000000000000000000104918153902318
"509","Tau2.12.1","Tau2","5","12","2",3871759.66980438,0.000000103410650762017
"510","NPQ.12.1","NPQ","6","12","2",0.29802159404353,0.00000000000000000000000000000000000000000000000000000000000000000000000000000000000000000000000000371957914285487
"511","qP.12.1","qP","7","12","2",0.672029396675882,0.00000000000000000000000000000000000000000000000000000000000000000000000000109200004077764
"512","ABQ.12.1","ABQ","8","12","2",0.0507482463419601,0.0000000000000000000000000000000000000112079248442206
"513","qm.12.1","qm","9","12","2",0.676163247943489,0.00000000000000000000000000000000000000000000000000000000000000000000000000054600002038882
"514","nTau1.12.1","nTau1","10","12","2",1.99922001916932,0.000000000000000000104918153902318
"515","nTau2.12.1","nTau2","11","12","2",3.81985235216229,0.000000103410650762017
"516","nCon.12.1","nCon","12","12","2",0.616584735904549,0.000000878696947950019
"517","Fm.12.1","Fm","13","12","2",2830.33102158894,0.00000000000000000000000000000000000000000000000000000000000000000000000000000000000000000000000000371957914285487
"518","Fo.12.1","Fo","14","12","2",2520.29631060785,0.00000000000000000000000000000000000000000000000000000000000000000000000000109200004077764
"519","Quant.13.1","Quant","1","13","2",0.118329400845526,0.00000000000000000000000000000000000000000000000000000000000000000000000778350385041449
"520","Sigma.13.1","Sigma","2","13","2",4.55637339133786,0.00000000000000000000000000000000000220936467171255
"521","Connect.13.1","Connect","3","13","2",0.210827340275327,0.00000749757272030292
"522","Tau1.13.1","Tau1","4","13","2",1839.72460368598,0.000000000000000000467057679141939
"523","Tau2.13.1","Tau2","5","13","2",4153850.97794223,0.00000318308120205662
"524","NPQ.13.1","NPQ","6","13","2",0.291076729049717,0.0000000000000000000000000000000000000000000000000000000000000000000000000000000000000000000000297638983656652
"525","qP.13.1","qP","7","13","2",0.678702000648702,0.000000000000000000000000000000000000000000000000000000000000000000000015567007700829
"526","ABQ.13.1","ABQ","8","13","2",0.0441236685006267,0.00000000000000000000000000000000000220936467171255
"527","qm.13.1","qm","9","13","2",0.650179132417211,0.00000000000000000000000000000000000000000000000000000000000000000000000778350385041449
"528","nTau1.13.1","nTau1","10","13","2",2.27278444785079,0.000000000000000000467057679141939
"529","nTau2.13.1","nTau2","11","13","2",4.09816176152947,0.00000318308120205662
"530","nCon.13.1","nCon","12","13","2",0.629280901776159,0.00000749757272030292
"531","Fm.13.1","Fm","13","13","2",2845.55573007486,0.0000000000000000000000000000000000000000000000000000000000000000000000000000000000000000000000297638983656652
"532","Fo.13.1","Fo","14","13","2",2508.84282546255,0.000000000000000000000000000000000000000000000000000000000000000000000015567007700829
"533","Quant.14.1","Quant","1","14","2",0.121184238228921,0.0000000000000000000000000000000000000000000000000000000000000000000217230278376842
"534","Sigma.14.1","Sigma","2","14","2",4.66594417856947,0.00000000000000000000000000000000125868438395856
"535","Connect.14.1","Connect","3","14","2",0.214087473661184,0.0000674817268983946
"536","Tau1.14.1","Tau1","4","14","2",1627.62891350873,0.0000000000000000000167461751681939
"537","Tau2.14.1","Tau2","5","14","2",3511321.01216028,0.0000000318236887086634
"538","NPQ.14.1","NPQ","6","14","2",0.286079865812623,0.0000000000000000000000000000000000000000000000000000000000000000000000000000000000000000000312006419549149
"539","qP.14.1","qP","7","14","2",0.677774204473902,0.0000000000000000000000000000000000000000000000000000000000000000000434460556753684
"540","ABQ.14.1","ABQ","8","14","2",0.0211369391123896,0.00000000000000000000000000000000125868438395856
"541","qm.14.1","qm","9","14","2",0.641739288362132,0.0000000000000000000000000000000000000000000000000000000000000000000217230278376842
"542","nTau1.14.1","nTau1","10","14","2",2.01076273812031,0.0000000000000000000167461751681939
"543","nTau2.14.1","nTau2","11","14","2",3.46424596859726,0.0000000318236887086634
"544","nCon.14.1","nCon","12","14","2",0.639011801356277,0.0000674817268983946
"545","Fm.14.1","Fm","13","14","2",2856.61169416751,0.0000000000000000000000000000000000000000000000000000000000000000000000000000000000000000000312006419549149
"546","Fo.14.1","Fo","14","14","2",2510.435382094,0.0000000000000000000000000000000000000000000000000000000000000000000434460556753684
"547","Quant.15.1","Quant","1","15","2",0.127005069496725,0.000000000000000000000000000000000000000000000000000000000000000000000000000217977005637661
"548","Sigma.15.1","Sigma","2","15","2",4.56388301133227,0.00000000000000000000000000000000000000000299486621921364
"549","Connect.15.1","Connect","3","15","2",0.263726192440963,0.0000000000118660084981185
"550","Tau1.15.1","Tau1","4","15","2",1701.33669230768,0.0000000000000000000455908117473699
"551","Tau2.15.1","Tau2","5","15","2",3202125.97962753,0.0000000229607102470866
"552","NPQ.15.1","NPQ","6","15","2",0.283806613115071,0.00000000000000000000000000000000000000000000000000000000000000000000000000000000000000000000000000140735620256964
"553","qP.15.1","qP","7","15","2",0.684888728306598,0.000000000000000000000000000000000000000000000000000000000000000000000000000435954011275322
"554","ABQ.15.1","ABQ","8","15","2",0.0425482339620834,0.00000000000000000000000000000000000000000299486621921364
"555","qm.15.1","qm","9","15","2",0.624530984850019,0.000000000000000000000000000000000000000000000000000000000000000000000000000217977005637661
"556","nTau1.15.1","nTau1","10","15","2",2.10182087421538,0.0000000000000000000455908117473699
"557","nTau2.15.1","nTau2","11","15","2",3.1591962049179,0.0000000229607102470866
"558","nCon.15.1","nCon","12","15","2",0.787174262998867,0.0000000000118660084981185
"559","Fm.15.1","Fm","13","15","2",2861.66993282533,0.00000000000000000000000000000000000000000000000000000000000000000000000000000000000000000000000000140735620256964
"560","Fo.15.1","Fo","14","15","2",2498.22334413016,0.000000000000000000000000000000000000000000000000000000000000000000000000000435954011275322
"561","Quant.16.1","Quant","1","16","2",0.0493626640518604,0.000000000000000000000000000000000000000000000000000000000000000000000000000000000115551455330968
"562","Sigma.16.1","Sigma","2","16","2",3.23342358185842,0.000000000000000000000000000000778441924341906
"563","Connect.16.1","Connect","3","16","2",0.446189802379179,0.00000000000105296360674524
"564","Tau1.16.1","Tau1","4","16","2",1417.39385378419,0.00000000000156548173988861
"565","Tau2.16.1","Tau2","5","16","2",7741551.31803745,0.00000470365700893271
"566","NPQ.16.1","NPQ","6","16","2",0.256332070822489,0.00000000000000000000000000000000000000000000000000000000000000000000000000000000000000000000000000204108004191906
"567","qP.16.1","qP","7","16","2",0.520787263140848,0.000000000000000000000000000000000000000000000000000000000000000000000000000000000231102910661936
"568","ABQ.16.1","ABQ","8","16","2",0.321663786930581,0.000000000000000000000000000000778441924341906
"569","qm.16.1","qm","9","16","2",0.854067629503488,0.000000000000000000000000000000000000000000000000000000000000000000000000000000000115551455330968
"570","nTau1.16.1","nTau1","10","16","2",1.75103963979483,0.00000000000156548173988861
"571","nTau2.16.1","nTau2","11","16","2",7.63776306732502,0.00000470365700893271
"572","nCon.16.1","nCon","12","16","2",1.33179463744037,0.00000000000105296360674524
"573","Fm.16.1","Fm","13","16","2",2924.25137400859,0.00000000000000000000000000000000000000000000000000000000000000000000000000000000000000000000000000204108004191906
"574","Fo.16.1","Fo","14","16","2",2779.90253583022,0.000000000000000000000000000000000000000000000000000000000000000000000000000000000231102910661936
"575","Quant.17.1","Quant","1","17","2",0.0521912291960101,0.00000000000000000000000000000000000000000000000000000000000000000000000000000314992663114462
"576","Sigma.17.1","Sigma","2","17","2",3.51668717198394,0.000000000000000000000000000224955856370128
"577","Connect.17.1","Connect","3","17","2",0.281395367985384,0.0000176686988173915
"578","Tau1.17.1","Tau1","4","17","2",1096.34226197237,0.000000000000319376525193814
"579","Tau2.17.1","Tau2","5","17","2",7616982.96529099,0.000000618666288439146
"580","NPQ.17.1","NPQ","6","17","2",0.302408194775893,0.0000000000000000000000000000000000000000000000000000000000000000000000000000000000000000000000000927701039863886
"581","qP.17.1","qP","7","17","2",0.582730497061475,0.00000000000000000000000000000000000000000000000000000000000000000000000000000629985326228923
"582","ABQ.17.1","ABQ","8","17","2",0.262238244262969,0.000000000000000000000000000224955856370128
"583","qm.17.1","qm","9","17","2",0.845705454881877,0.00000000000000000000000000000000000000000000000000000000000000000000000000000314992663114462
"584","nTau1.17.1","nTau1","10","17","2",1.35441448004772,0.000000000000319376525193814
"585","nTau2.17.1","nTau2","11","17","2",7.514864758591,0.000000618666288439146
"586","nCon.17.1","nCon","12","17","2",0.839913507850669,0.0000176686988173915
"587","Fm.17.1","Fm","13","17","2",2820.79827127154,0.0000000000000000000000000000000000000000000000000000000000000000000000000000000000000000000000000927701039863886
"588","Fo.17.1","Fo","14","17","2",2673.5773421799,0.00000000000000000000000000000000000000000000000000000000000000000000000000000629985326228923
"589","Quant.18.1","Quant","1","18","2",0.0511993810249388,0.000000000000000000000000000000000000000000000000000000000000000000000000000000000126935987656366
"590","Sigma.18.1","Sigma","2","18","2",2.98699706187289,0.0000000000000000000000000000000239746922455203
"591","Connect.18.1","Connect","3","18","2",0.42607067711476,0.000000000000186816427431295
"592","Tau1.18.1","Tau1","4","18","2",1269.50092038831,0.000000000000175937894936233
"593","Tau2.18.1","Tau2","5","18","2",10057732.6789276,0.000194394227619116
"594","NPQ.18.1","NPQ","6","18","2",0.328703901149952,0.00000000000000000000000000000000000000000000000000000000000000000000000000000000000000000000000000273164834078453
"595","qP.18.1","qP","7","18","2",0.6119580855147,0.000000000000000000000000000000000000000000000000000000000000000000000000000000000253871975312732
"596","ABQ.18.1","ABQ","8","18","2",0.373361323035882,0.0000000000000000000000000000000239746922455203
"597","qm.18.1","qm","9","18","2",0.848637686307332,0.000000000000000000000000000000000000000000000000000000000000000000000000000000000126935987656366
"598","nTau1.18.1","nTau1","10","18","2",1.56833362048318,0.000000000000175937894936233
"599","nTau2.18.1","nTau2","11","18","2",9.92289220083804,0.000194394227619116
"600","nCon.18.1","nCon","12","18","2",1.27174274249729,0.000000000000186816427431295
"601","Fm.18.1","Fm","13","18","2",2764.97328045333,0.00000000000000000000000000000000000000000000000000000000000000000000000000000000000000000000000000273164834078453
"602","Fo.18.1","Fo","14","18","2",2623.40835994363,0.000000000000000000000000000000000000000000000000000000000000000000000000000000000253871975312732
"603","Quant.19.1","Quant","1","19","2",0.051343731185504,0.0000000000000000000000000000000000000000000000000000000000000000000000000000000000324138396096843
"604","Sigma.19.1","Sigma","2","19","2",2.9916707245391,0.000000000000000000000000000000045109168118869
"605","Connect.19.1","Connect","3","19","2",0.389194782603001,0.0000000000322718773971348
"606","Tau1.19.1","Tau1","4","19","2",1514.97480534623,0.0000000000118527160965287
"607","Tau2.19.1","Tau2","5","19","2",8064902.8095355,0.0000582309240257069
"608","NPQ.19.1","NPQ","6","19","2",0.358726052928334,0.00000000000000000000000000000000000000000000000000000000000000000000000000000000000000000000000000328976685407321
"609","qP.19.1","qP","7","19","2",0.645955660740501,0.0000000000000000000000000000000000000000000000000000000000000000000000000000000000648276792193687
"610","ABQ.19.1","ABQ","8","19","2",0.372380840722354,0.000000000000000000000000000000045109168118869
"611","qm.19.1","qm","9","19","2",0.848210939462983,0.0000000000000000000000000000000000000000000000000000000000000000000000000000000000324138396096843
"612","nTau1.19.1","nTau1","10","19","2",1.87159054652965,0.0000000000118527160965287
"613","nTau2.19.1","nTau2","11","19","2",7.9567794993125,0.0000582309240257069
"614","nCon.19.1","nCon","12","19","2",1.16167496797689,0.0000000000322718773971348
"615","Fm.19.1","Fm","13","19","2",2703.8789580842,0.00000000000000000000000000000000000000000000000000000000000000000000000000000000000000000000000000328976685407321
"616","Fo.19.1","Fo","14","19","2",2565.05172370219,0.0000000000000000000000000000000000000000000000000000000000000000000000000000000000648276792193687
"617","Quant.20.1","Quant","1","20","2",0.0511917365434181,0.00000000000000000000000000000000000000000000000000000000000000000000000000000000733481915444358
"618","Sigma.20.1","Sigma","2","20","2",3.24441881975163,0.0000000000000000000000000000206233657685097
"619","Connect.20.1","Connect","3","20","2",0.348066453783685,0.0000000733279478308364
"620","Tau1.20.1","Tau1","4","20","2",1312.22334024673,0.00000000000000797040521044181
"621","Tau2.20.1","Tau2","5","20","2",5911531.61004226,0.00000000525606637704846
"622","NPQ.20.1","NPQ","6","20","2",0.392718278497539,0.0000000000000000000000000000000000000000000000000000000000000000000000000000000000000000000000000603565599101243
"623","qP.20.1","qP","7","20","2",0.682194964683545,0.0000000000000000000000000000000000000000000000000000000000000000000000000000000146696383088872
"624","ABQ.20.1","ABQ","8","20","2",0.319357108623376,0.0000000000000000000000000000206233657685097
"625","qm.20.1","qm","9","20","2",0.848660285924491,0.00000000000000000000000000000000000000000000000000000000000000000000000000000000733481915444358
"626","nTau1.20.1","nTau1","10","20","2",1.621112634926,0.00000000000000797040521044181
"627","nTau2.20.1","nTau2","11","20","2",5.83227778873025,0.00000000525606637704846
"628","nCon.20.1","nCon","12","20","2",1.03891445781646,0.0000000733279478308364
"629","Fm.20.1","Fm","13","20","2",2637.88509207838,0.0000000000000000000000000000000000000000000000000000000000000000000000000000000000000000000000000603565599101243
"630","Fo.20.1","Fo","14","20","2",2502.8471734129,0.0000000000000000000000000000000000000000000000000000000000000000000000000000000146696383088872
"631","Quant.21.1","Quant","1","21","2",0.0526761383431528,0.000000000000000000000000000000000000000000000000000000000000000000000000000202896891624088
"632","Sigma.21.1","Sigma","2","21","2",3.62199401138587,0.0000000000000000000000000133015215854419
"633","Connect.21.1","Connect","3","21","2",0.412035786346166,0.0000000104849557586009
"634","Tau1.21.1","Tau1","4","21","2",1216.7644169862,0.00000000000821249567532409
"635","Tau2.21.1","Tau2","5","21","2",7690865.4608137,0.0000122899104121207
"636","NPQ.21.1","NPQ","6","21","2",0.426905085931263,0.000000000000000000000000000000000000000000000000000000000000000000000000000000000000000000000015903850589843
"637","qP.21.1","qP","7","21","2",0.719356095297554,0.000000000000000000000000000000000000000000000000000000000000000000000000000405793783248175
"638","ABQ.21.1","ABQ","8","21","2",0.240146043584097,0.0000000000000000000000000133015215854419
"639","qm.21.1","qm","9","21","2",0.844271902972206,0.000000000000000000000000000000000000000000000000000000000000000000000000000202896891624088
"640","nTau1.21.1","nTau1","10","21","2",1.50318326888914,0.00000000000821249567532409
"641","nTau2.21.1","nTau2","11","21","2",7.58775673752943,0.0000122899104121207
"642","nCon.21.1","nCon","12","21","2",1.22985117042862,0.0000000104849557586009
"643","Fm.21.1","Fm","13","21","2",2574.68476392459,0.000000000000000000000000000000000000000000000000000000000000000000000000000000000000000000000015903850589843
"644","Fo.21.1","Fo","14","21","2",2439.06031311009,0.000000000000000000000000000000000000000000000000000000000000000000000000000405793783248175
"645","Quant.22.1","Quant","1","22","2",0.0576840779266337,0.000000000000000000000000000000000000000000000000000000000000000000000000000000650915980314422
"646","Sigma.22.1","Sigma","2","22","2",3.24753703608268,0.00000000000000000000000000000208812397865619
"647","Connect.22.1","Connect","3","22","2",0.422539906367951,0.0000000000127762355144819
"648","Tau1.22.1","Tau1","4","22","2",1340.374963517,0.00000000000000872910326705546
"649","Tau2.22.1","Tau2","5","22","2",10047401.9414432,0.000130263684085848
"650","NPQ.22.1","NPQ","6","22","2",0.451705890710098,0.00000000000000000000000000000000000000000000000000000000000000000000000000000000000000000000000187428799223247
"651","qP.22.1","qP","7","22","2",0.75101496471886,0.00000000000000000000000000000000000000000000000000000000000000000000000000000130183196062884
"652","ABQ.22.1","ABQ","8","22","2",0.318702941606903,0.00000000000000000000000000000208812397865619
"653","qm.22.1","qm","9","22","2",0.82946677628875,0.000000000000000000000000000000000000000000000000000000000000000000000000000000650915980314422
"654","nTau1.22.1","nTau1","10","22","2",1.65589097697907,0.00000000000000872910326705546
"655","nTau2.22.1","nTau2","11","22","2",9.91269996391091,0.000130263684085848
"656","nCon.22.1","nCon","12","22","2",1.2612040400851,0.0000000000127762355144819
"657","Fm.22.1","Fm","13","22","2",2530.69909533582,0.00000000000000000000000000000000000000000000000000000000000000000000000000000000000000000000000187428799223247
"658","Fo.22.1","Fo","14","22","2",2384.71805151161,0.00000000000000000000000000000000000000000000000000000000000000000000000000000130183196062884
"659","Quant.23.1","Quant","1","23","2",0.186796319357732,0.0000000000000000000000000000000000000000000000000000000000000000317760376690651
"660","Sigma.23.1","Sigma","2","23","2",5.06492440063236,0.000000000000000000000000000000000000000767661345445838
"661","Connect.23.1","Connect","3","23","2",0.251080755188554,0.00000000782036064759912
"662","Tau1.23.1","Tau1","4","23","2",1601.87185515222,0.00000000000000000273719314569674
"663","Tau2.23.1","Tau2","5","23","2",1773085.39556448,0.0000000000116972473437349
"664","NPQ.23.1","NPQ","6","23","2",0.526345821214575,0.00000000000000000000000000000000000000000000000000000000000000000000000000000000000000000109325027697247
"665","qP.23.1","qP","7","23","2",1,0.0000000000000000000000000000000000000000000000000000000000000000635520753381303
"666","ABQ.23.1","ABQ","8","23","2",-0.0625646626332701,0.000000000000000000000000000000000000000767661345445838
"667","qm.23.1","qm","9","23","2",0.447768263575515,0.0000000000000000000000000000000000000000000000000000000000000000317760376690651
"668","nTau1.23.1","nTau1","10","23","2",1.97894262681791,0.00000000000000000273719314569674
"669","nTau2.23.1","nTau2","11","23","2",1.74931426442948,0.0000000000116972473437349
"670","nCon.23.1","nCon","12","23","2",0.749429954565447,0.00000000782036064759912
"671","Fm.23.1","Fm","13","23","2",2406.94522384862,0.00000000000000000000000000000000000000000000000000000000000000000000000000000000000000000109325027697247
"672","Fo.23.1","Fo","14","23","2",1957.33671513803,0.0000000000000000000000000000000000000000000000000000000000000000635520753381303
"673","Quant.24.1","Quant","1","24","2",0.200983002275638,0.0000000000000000000000000000000000000000000000000000000000000000119174635502717
"674","Sigma.24.1","Sigma","2","24","2",5.07028566018964,0.0000000000000000000000000000000000000000182852841591105
"675","Connect.24.1","Connect","3","24","2",0.217827246108419,0.000000050637760814575
"676","Tau1.24.1","Tau1","4","24","2",1528.41909052197,0.0000000000000000429492981160583
"677","Tau2.24.1","Tau2","5","24","2",1627973.54261228,0.0000000000689124693083773
"678","NPQ.24.1","NPQ","6","24","2",0.446119217367702,0.000000000000000000000000000000000000000000000000000000000000000000000000000000000000000000248473205414936
"679","qP.24.1","qP","7","24","2",0.957735606423917,0.0000000000000000000000000000000000000000000000000000000000000000238349271005435
"680","ABQ.24.1","ABQ","8","24","2",-0.063689395107472,0.0000000000000000000000000000000000000000182852841591105
"681","qm.24.1","qm","9","24","2",0.405827734079024,0.0000000000000000000000000000000000000000000000000000000000000000119174635502717
"682","nTau1.24.1","nTau1","10","24","2",1.88819953365668,0.0000000000000000429492981160583
"683","nTau2.24.1","nTau2","11","24","2",1.60614787495828,0.0000000000689124693083773
"684","nCon.24.1","nCon","12","24","2",0.650174335470497,0.000000050637760814575
"685","Fm.24.1","Fm","13","24","2",2540.47573684901,0.000000000000000000000000000000000000000000000000000000000000000000000000000000000000000000248473205414936
"686","Fo.24.1","Fo","14","24","2",2029.88329604868,0.0000000000000000000000000000000000000000000000000000000000000000238349271005435
"687","Quant.25.1","Quant","1","25","2",0.205454529734014,0.0000000000000000000000000000000000000000000000000000000000000000178734207282312
"688","Sigma.25.1","Sigma","2","25","2",5.12859282835034,0.00000000000000000000000000000000000000000507055263217066
"689","Connect.25.1","Connect","3","25","2",0.252610134546429,0.000000000335577509786296
"690","Tau1.25.1","Tau1","4","25","2",1560.35653847358,0.000000000000000000114862792067569
"691","Tau2.25.1","Tau2","5","25","2",1445702.53082651,0.000000000000131613195450587
"692","NPQ.25.1","NPQ","6","25","2",0.424651191021083,0.000000000000000000000000000000000000000000000000000000000000000000000000000000000000000000224427847021376
"693","qP.25.1","qP","7","25","2",0.946633171736199,0.0000000000000000000000000000000000000000000000000000000000000000357468414564624
"694","ABQ.25.1","ABQ","8","25","2",-0.0759215888314375,0.00000000000000000000000000000000000000000507055263217066
"695","qm.25.1","qm","9","25","2",0.392608419151948,0.0000000000000000000000000000000000000000000000000000000000000000178734207282312
"696","nTau1.25.1","nTau1","10","25","2",1.927654860211,0.000000000000000000114862792067569
"697","nTau2.25.1","nTau2","11","25","2",1.42632050640262,0.000000000000131613195450587
"698","nCon.25.1","nCon","12","25","2",0.753994871147066,0.000000000335577509786296
"699","Fm.25.1","Fm","13","25","2",2578.75809002806,0.000000000000000000000000000000000000000000000000000000000000000000000000000000000000000000224427847021376
"700","Fo.25.1","Fo","14","25","2",2048.94055934356,0.0000000000000000000000000000000000000000000000000000000000000000357468414564624
"701","Quant.26.1","Quant","1","26","2",0.210563705709915,0.000000000000000000000000000000000000000000000000000000000000000912051933465492
"702","Sigma.26.1","Sigma","2","26","2",5.39775185561854,0.0000000000000000000000000000000000000000204629507345726
"703","Connect.26.1","Connect","3","26","2",0.242599641508944,0.00000000723477627730808
"704","Tau1.26.1","Tau1","4","26","2",1589.24476619749,0.00000000000000000370676410771549
"705","Tau2.26.1","Tau2","5","26","2",1411573.16196466,0.00000000000297520010354413
"706","NPQ.26.1","NPQ","6","26","2",0.412150354922081,0.00000000000000000000000000000000000000000000000000000000000000000000000000000000000000000463776894381332
"707","qP.26.1","qP","7","26","2",0.94380999939598,0.00000000000000000000000000000000000000000000000000000000000000182410386693098
"708","ABQ.26.1","ABQ","8","26","2",-0.132388151485013,0.0000000000000000000000000000000000000000204629507345726
"709","qm.26.1","qm","9","26","2",0.377504004190394,0.000000000000000000000000000000000000000000000000000000000000000912051933465492
"710","nTau1.26.1","nTau1","10","26","2",1.96334319887067,0.00000000000000000370676410771549
"711","nTau2.26.1","nTau2","11","26","2",1.39264869796329,0.00000000000297520010354413
"712","nCon.26.1","nCon","12","26","2",0.72411538740636,0.00000000723477627730808
"713","Fm.26.1","Fm","13","26","2",2601.58613529254,0.00000000000000000000000000000000000000000000000000000000000000000000000000000000000000000463776894381332
"714","Fo.26.1","Fo","14","26","2",2053.78651792181,0.00000000000000000000000000000000000000000000000000000000000000182410386693098
"715","Quant.27.1","Quant","1","27","2",0.216514559825435,0.000000000000000000000000000000000000000000000000000000000000000436180517840866
"716","Sigma.27.1","Sigma","2","27","2",5.39544803658557,0.00000000000000000000000000000000000000000365986205747095
"717","Connect.27.1","Connect","3","27","2",0.261356397168345,0.000000000175486101937768
"718","Tau1.27.1","Tau1","4","27","2",1637.69473278217,0.000000000000000000682592761212087
"719","Tau2.27.1","Tau2","5","27","2",1386111.91912405,0.00000000000197989353827496
"720","NPQ.27.1","NPQ","6","27","2",0.39966287616118,0.00000000000000000000000000000000000000000000000000000000000000000000000000000000000000000129054559946316
"721","qP.27.1","qP","7","27","2",0.942234905134756,0.000000000000000000000000000000000000000000000000000000000000000872361035681732
"722","ABQ.27.1","ABQ","8","27","2",-0.131904835940713,0.00000000000000000000000000000000000000000365986205747095
"723","qm.27.1","qm","9","27","2",0.359911310112044,0.000000000000000000000000000000000000000000000000000000000000000436180517840866
"724","nTau1.27.1","nTau1","10","27","2",2.02319798927351,0.000000000000000000682592761212087
"725","nTau2.27.1","nTau2","11","27","2",1.36752880503394,0.00000000000197989353827496
"726","nCon.27.1","nCon","12","27","2",0.780100859216272,0.000000000175486101937768
"727","Fm.27.1","Fm","13","27","2",2624.79690423014,0.00000000000000000000000000000000000000000000000000000000000000000000000000000000000000000129054559946316
"728","Fo.27.1","Fo","14","27","2",2056.49015787959,0.000000000000000000000000000000000000000000000000000000000000000872361035681732
"729","Quant.1.2","Quant","1","1","3",0.341582990050606,0.0000000000000000000000000000000000000000000000000000000000000000000000424687178817244
"730","Sigma.1.2","Sigma","2","1","3",4.13795728595182,0.00000000000000000000000000000000000000000000000000000000097434547998721
"731","Connect.1.2","Connect","3","1","3",0.342948268338928,0.000000000000000000000000703793373708597
"732","Tau1.1.2","Tau1","4","1","3",702.108266630505,0.00000000000000000000000000344238537101645
"733","Tau2.1.2","Tau2","5","1","3",1145773.39975068,0.000000000000000000000356094818134935
"734","NPQ.1.2","NPQ","6","1","3",0.822310762827889,0.00000000000000000000000000000000000000000000000000000000000000000000000000000000000000000000000000000933544352892723
"735","qP.1.2","qP","7","1","3",1.35322691862585,0.0000000000000000000000000000000000000000000000000000000000000000000000849374357634489
"736","ABQ.1.2","ABQ","8","1","3",0,0.00000000000000000000000000000000000000000000000000000000097434547998721
"737","qm.1.2","qm","9","1","3",0,0.0000000000000000000000000000000000000000000000000000000000000000000000424687178817244
"738","nTau1.1.2","nTau1","10","1","3",1,0.00000000000000000000000000344238537101645
"739","nTau2.1.2","nTau2","11","1","3",1,0.000000000000000000000356094818134935
"740","nCon.1.2","nCon","12","1","3",1,0.000000000000000000000000703793373708597
"741","Fm.1.2","Fm","13","1","3",1655.64817578868,0.00000000000000000000000000000000000000000000000000000000000000000000000000000000000000000000000000000933544352892723
"742","Fo.1.2","Fo","14","1","3",1090.10692143095,0.0000000000000000000000000000000000000000000000000000000000000000000000849374357634489
"743","Quant.3.2","Quant","1","3","3",0.0446327520260032,0.00000000000000000000000000000000000000000000000000000000000000000000000000000000000000000000000014268700933382
"744","Sigma.3.2","Sigma","2","3","3",2.66100420340801,0.0000000000000000000000000000000000188788113336324
"745","Connect.3.2","Connect","3","3","3",0.534914364745904,0.00000000000000000493994521055687
"746","Tau1.3.2","Tau1","4","3","3",3534.76723376303,0.000056466503470639
"747","Tau2.3.2","Tau2","5","3","3",4117897.71496138,0.000000000687311736721408
"748","NPQ.3.2","NPQ","6","3","3",0.117725815212392,0.00000000000000000000000000000000000000000000000000000000000000000000000000000000000000000000000000000000000000170111939889341
"749","qP.3.2","qP","7","3","3",0.307765305347952,0.000000000000000000000000000000000000000000000000000000000000000000000000000000000000000000000000285374018667638
"750","ABQ.3.2","ABQ","8","3","3",0.356928063892298,0.0000000000000000000000000000000000188788113336324
"751","qm.3.2","qm","9","3","3",0.869335554386385,0.00000000000000000000000000000000000000000000000000000000000000000000000000000000000000000000000014268700933382
"752","nTau1.3.2","nTau1","10","3","3",5.03450450843823,0.000056466503470639
"753","nTau2.3.2","nTau2","11","3","3",3.59398962819126,0.000000000687311736721408
"754","nCon.3.2","nCon","12","3","3",1.55975234205662,0.00000000000000000493994521055687
"755","Fm.3.2","Fm","13","3","3",2699.32522728999,0.00000000000000000000000000000000000000000000000000000000000000000000000000000000000000000000000000000000000000170111939889341
"756","Fo.3.2","Fo","14","3","3",2578.84691378282,0.000000000000000000000000000000000000000000000000000000000000000000000000000000000000000000000000285374018667638
"757","Quant.4.2","Quant","1","4","3",0.0466705889433987,0.000000000000000000000000000000000000000000000000000000000000000000000000000000000000000000683209410948541
"758","Sigma.4.2","Sigma","2","4","3",2.88225814861412,0.0000000000000000000000000000751123245597118
"759","Connect.4.2","Connect","3","4","3",0.492851476757498,0.000000000042455365598659
"760","Tau1.4.2","Tau1","4","4","3",3987.91291897893,0.00000000559597484115244
"761","Tau2.4.2","Tau2","5","4","3",5277438.4322726,0.000000155027805940254
"762","NPQ.4.2","NPQ","6","4","3",0.145528188302242,0.0000000000000000000000000000000000000000000000000000000000000000000000000000000000000000000000000000000000142676888675228
"763","qP.4.2","qP","7","4","3",0.355487693990166,0.00000000000000000000000000000000000000000000000000000000000000000000000000000000000000000136641882189708
"764","ABQ.4.2","ABQ","8","4","3",0.303458699682749,0.0000000000000000000000000000751123245597118
"765","qm.4.2","qm","9","4","3",0.863369692570217,0.000000000000000000000000000000000000000000000000000000000000000000000000000000000000000000683209410948541
"766","nTau1.4.2","nTau1","10","4","3",5.67991164399383,0.00000000559597484115244
"767","nTau2.4.2","nTau2","11","4","3",4.6060053701901,0.000000155027805940254
"768","nCon.4.2","nCon","12","4","3",1.43710151721899,0.000000000042455365598659
"769","Fm.4.2","Fm","13","4","3",2633.81165213198,0.0000000000000000000000000000000000000000000000000000000000000000000000000000000000000000000000000000000000142676888675228
"770","Fo.4.2","Fo","14","4","3",2510.89011116099,0.00000000000000000000000000000000000000000000000000000000000000000000000000000000000000000136641882189708
"771","Quant.5.2","Quant","1","5","3",0.0429056390834212,0.00000000000000000000000000000000000000000000000000000000000000000000000000000000000000000000000496905821644878
"772","Sigma.5.2","Sigma","2","5","3",3.01160186182319,0.0000000000000000000000000000000043657161656738
"773","Connect.5.2","Connect","3","5","3",0.274876993675917,0.00000557914136161847
"774","Tau1.5.2","Tau1","4","5","3",1755.86072515882,0.0000000000529103263165868
"775","Tau2.5.2","Tau2","5","5","3",7693611.800563,0.0000000796988827845109
"776","NPQ.5.2","NPQ","6","5","3",0.158177089331743,0.0000000000000000000000000000000000000000000000000000000000000000000000000000000000000000000000000000000000000000000387009137816884
"777","qP.5.2","qP","7","5","3",0.367857428892251,0.00000000000000000000000000000000000000000000000000000000000000000000000000000000000000000000000993811643289756
"778","ABQ.5.2","ABQ","8","5","3",0.272200833960406,0.0000000000000000000000000000000043657161656738
"779","qm.5.2","qm","9","5","3",0.874391757396746,0.00000000000000000000000000000000000000000000000000000000000000000000000000000000000000000000000496905821644878
"780","nTau1.5.2","nTau1","10","5","3",2.5008404096784,0.0000000000529103263165868
"781","nTau2.5.2","nTau2","11","5","3",6.71477606500302,0.0000000796988827845109
"782","nCon.5.2","nCon","12","5","3",0.801511537023601,0.00000557914136161847
"783","Fm.5.2","Fm","13","5","3",2605.04677392377,0.0000000000000000000000000000000000000000000000000000000000000000000000000000000000000000000000000000000000000000000387009137816884
"784","Fo.5.2","Fo","14","5","3",2493.27557724636,0.00000000000000000000000000000000000000000000000000000000000000000000000000000000000000000000000993811643289756
"785","Quant.6.2","Quant","1","6","3",0.047546781522912,0.00000000000000000000000000000000000000000000000000000000000000000000000000000000000000000428819828979296
"786","Sigma.6.2","Sigma","2","6","3",3.04581173903777,0.000000000000000000000000000317842534340579
"787","Connect.6.2","Connect","3","6","3",0.314520569877075,0.0000483504770891966
"788","Tau1.6.2","Tau1","4","6","3",1169.96688083296,0.000000000608866785855979
"789","Tau2.6.2","Tau2","5","6","3",6905860.39985394,0.000000056360097591034
"790","NPQ.6.2","NPQ","6","6","3",0.191133823011854,0.000000000000000000000000000000000000000000000000000000000000000000000000000000000000000000000000000000000000447210721654805
"791","qP.6.2","qP","7","6","3",0.42455729107138,0.00000000000000000000000000000000000000000000000000000000000000000000000000000000000000000857639657958593
"792","ABQ.6.2","ABQ","8","6","3",0.263933499415722,0.000000000000000000000000000317842534340579
"793","qm.6.2","qm","9","6","3",0.860804598273855,0.00000000000000000000000000000000000000000000000000000000000000000000000000000000000000000428819828979296
"794","nTau1.6.2","nTau1","10","6","3",1.66636249199537,0.000000000608866785855979
"795","nTau2.6.2","nTau2","11","6","3",6.02724797185609,0.000000056360097591034
"796","nCon.6.2","nCon","12","6","3",0.917107910765835,0.0000483504770891966
"797","Fm.6.2","Fm","13","6","3",2532.96937078585,0.000000000000000000000000000000000000000000000000000000000000000000000000000000000000000000000000000000000000447210721654805
"798","Fo.6.2","Fo","14","6","3",2412.53482950887,0.00000000000000000000000000000000000000000000000000000000000000000000000000000000000000000857639657958593
"799","Quant.7.2","Quant","1","7","3",0.0466283706611176,0.000000000000000000000000000000000000000000000000000000000000000000000000000000000000000000480526942516695
"800","Sigma.7.2","Sigma","2","7","3",3.22177460152488,0.0000000000000000000000000000793782903471583
"801","Connect.7.2","Connect","3","7","3",0.476179356399792,0.000000000262413364240995
"802","Tau1.7.2","Tau1","4","7","3",1549.55178470271,0.000000000182961561089286
"803","Tau2.7.2","Tau2","5","7","3",6404286.99199099,0.000000250531081070979
"804","NPQ.7.2","NPQ","6","7","3",0.229737242089123,0.000000000000000000000000000000000000000000000000000000000000000000000000000000000000000000000000000000000000112489942273576
"805","qP.7.2","qP","7","7","3",0.476158355795915,0.00000000000000000000000000000000000000000000000000000000000000000000000000000000000000000096105388503339
"806","ABQ.7.2","ABQ","8","7","3",0.221409410758621,0.0000000000000000000000000000793782903471583
"807","qm.7.2","qm","9","7","3",0.863493288543995,0.000000000000000000000000000000000000000000000000000000000000000000000000000000000000000000480526942516695
"808","nTau1.7.2","nTau1","10","7","3",2.20699834818807,0.000000000182961561089286
"809","nTau2.7.2","nTau2","11","7","3",5.58948828222453,0.000000250531081070979
"810","nCon.7.2","nCon","12","7","3",1.38848742029278,0.000000000262413364240995
"811","Fm.7.2","Fm","13","7","3",2453.45541058065,0.000000000000000000000000000000000000000000000000000000000000000000000000000000000000000000000000000000000000112489942273576
"812","Fo.7.2","Fo","14","7","3",2339.05478229557,0.00000000000000000000000000000000000000000000000000000000000000000000000000000000000000000096105388503339
"813","Quant.8.2","Quant","1","8","3",0.0502438193998744,0.0000000000000000000000000000000000000000000000000000000000000000000000000000000000000000384823819596461
"814","Sigma.8.2","Sigma","2","8","3",3.40191723775534,0.00000000000000000000000000000182297611836841
"815","Connect.8.2","Connect","3","8","3",0.24339835186708,0.000271946342966246
"816","Tau1.8.2","Tau1","4","8","3",1538.30477341661,0.00000000000347752640687012
"817","Tau2.8.2","Tau2","5","8","3",11847007.1282565,0.00330378652724948
"818","NPQ.8.2","NPQ","6","8","3",0.262709518245174,0.00000000000000000000000000000000000000000000000000000000000000000000000000000000000000000000000000000000000000038936591823561
"819","qP.8.2","qP","7","8","3",0.525116741899917,0.0000000000000000000000000000000000000000000000000000000000000000000000000000000000000000769647639192921
"820","ABQ.8.2","ABQ","8","8","3",0.177875216521762,0.00000000000000000000000000000182297611836841
"821","qm.8.2","qm","9","8","3",0.852908895163571,0.0000000000000000000000000000000000000000000000000000000000000000000000000000000000000000384823819596461
"822","nTau1.8.2","nTau1","10","8","3",2.19097943512202,0.00000000000347752640687012
"823","nTau2.8.2","nTau2","11","8","3",10.3397470484429,0.00330378652724948
"824","nCon.8.2","nCon","12","8","3",0.709723227488453,0.000271946342966246
"825","Fm.8.2","Fm","13","8","3",2389.38999556212,0.00000000000000000000000000000000000000000000000000000000000000000000000000000000000000000000000000000000000000038936591823561
"826","Fo.8.2","Fo","14","8","3",2269.33791614923,0.0000000000000000000000000000000000000000000000000000000000000000000000000000000000000000769647639192921
"827","Quant.9.2","Quant","1","9","3",0.0546528892352141,0.0000000000000000000000000000000000000000000000000000000000000000000000000000000000000000000171194746554716
"828","Sigma.9.2","Sigma","2","9","3",3.38371906625093,0.000000000000000000000000000000000747282372018306
"829","Connect.9.2","Connect","3","9","3",0.239030628959542,0.0000587930647624729
"830","Tau1.9.2","Tau1","4","9","3",930.817787055399,0.0000000000000102230076407994
"831","Tau2.9.2","Tau2","5","9","3",8393083.64017003,0.000019569424782342
"832","NPQ.9.2","NPQ","6","9","3",0.286754921672831,0.00000000000000000000000000000000000000000000000000000000000000000000000000000000000000000000000000000000000000000235191420701672
"833","qP.9.2","qP","7","9","3",0.562156641809707,0.0000000000000000000000000000000000000000000000000000000000000000000000000000000000000000000342389493109432
"834","ABQ.9.2","ABQ","8","9","3",0.182273080068152,0.000000000000000000000000000000000747282372018306
"835","qm.9.2","qm","9","9","3",0.840001139321612,0.0000000000000000000000000000000000000000000000000000000000000000000000000000000000000000000171194746554716
"836","nTau1.9.2","nTau1","10","9","3",1.32574679902645,0.0000000000000102230076407994
"837","nTau2.9.2","nTau2","11","9","3",7.32525614750383,0.000019569424782342
"838","nCon.9.2","nCon","12","9","3",0.696987420631364,0.0000587930647624729
"839","Fm.9.2","Fm","13","9","3",2344.7398097174,0.00000000000000000000000000000000000000000000000000000000000000000000000000000000000000000000000000000000000000000235191420701672
"840","Fo.9.2","Fo","14","9","3",2216.59300461152,0.0000000000000000000000000000000000000000000000000000000000000000000000000000000000000000000342389493109432
"841","Quant.10.2","Quant","1","10","3",0.0922787721691664,0.000000000000000000000000000000000000000000000000000000000000000000000000000000000000000884311345373526
"842","Sigma.10.2","Sigma","2","10","3",3.83886786747731,0.0000000000000000000000000000000000000000205828910979584
"843","Connect.10.2","Connect","3","10","3",0.299588307853958,0.000000000039170629315571
"844","Tau1.10.2","Tau1","4","10","3",1853.59819865966,0.00000000000000000506820208461182
"845","Tau2.10.2","Tau2","5","10","3",5868298.62297824,0.00000128743244809794
"846","NPQ.10.2","NPQ","6","10","3",0.319674478406243,0.000000000000000000000000000000000000000000000000000000000000000000000000000000000000000000000000000000000000000136123488863802
"847","qP.10.2","qP","7","10","3",0.661394908819246,0.00000000000000000000000000000000000000000000000000000000000000000000000000000000000000176862269074705
"848","ABQ.10.2","ABQ","8","10","3",0.072279484249368,0.0000000000000000000000000000000000000000205828910979584
"849","qm.10.2","qm","9","10","3",0.729849627010129,0.000000000000000000000000000000000000000000000000000000000000000000000000000000000000000884311345373526
"850","nTau1.10.2","nTau1","10","10","3",2.64004611077332,0.00000000000000000506820208461182
"851","nTau2.10.2","nTau2","11","10","3",5.12169214633119,0.00000128743244809794
"852","nCon.10.2","nCon","12","10","3",0.873567052270059,0.000000000039170629315571
"853","Fm.10.2","Fm","13","10","3",2286.24978323428,0.000000000000000000000000000000000000000000000000000000000000000000000000000000000000000000000000000000000000000136123488863802
"854","Fo.10.2","Fo","14","10","3",2075.27746036539,0.00000000000000000000000000000000000000000000000000000000000000000000000000000000000000176862269074705
"855","Quant.11.2","Quant","1","11","3",0.10686238158109,0.0000000000000000000000000000000000000000000000000000000000000000000000000000000000000049554800489406
"856","Sigma.11.2","Sigma","2","11","3",4.15057755973246,0.000000000000000000000000000000000000000000266462764232577
"857","Connect.11.2","Connect","3","11","3",0.201404968836138,0.000000593146425187214
"858","Tau1.11.2","Tau1","4","11","3",1652.82153472408,0.0000000000000000140495663529712
"859","Tau2.11.2","Tau2","5","11","3",4552352.56529926,0.00000988312538989928
"860","NPQ.11.2","NPQ","6","11","3",0.308960682886325,0.0000000000000000000000000000000000000000000000000000000000000000000000000000000000000000000000000000000000000000184609260539444
"861","qP.11.2","qP","7","11","3",0.673072278882336,0.0000000000000000000000000000000000000000000000000000000000000000000000000000000000000099109600978812
"862","ABQ.11.2","ABQ","8","11","3",-0.00304988014822838,0.000000000000000000000000000000000000000000266462764232577
"863","qm.11.2","qm","9","11","3",0.687155436032519,0.0000000000000000000000000000000000000000000000000000000000000000000000000000000000000049554800489406
"864","nTau1.11.2","nTau1","10","11","3",2.35408356984052,0.0000000000000000140495663529712
"865","nTau2.11.2","nTau2","11","11","3",3.97317005813702,0.00000988312538989928
"866","nCon.11.2","nCon","12","11","3",0.587275071577541,0.000000593146425187214
"867","Fm.11.2","Fm","13","11","3",2304.96265444979,0.0000000000000000000000000000000000000000000000000000000000000000000000000000000000000000000000000000000000000000184609260539444
"868","Fo.11.2","Fo","14","11","3",2058.64885573982,0.0000000000000000000000000000000000000000000000000000000000000000000000000000000000000099109600978812
"869","Quant.12.2","Quant","1","12","3",0.112613054758335,0.0000000000000000000000000000000000000000000000000000000000000000000000000000000000000175896432410613
"870","Sigma.12.2","Sigma","2","12","3",4.18097034296054,0.0000000000000000000000000000000000000000000511652364179939
"871","Connect.12.2","Connect","3","12","3",0.243032083204413,0.00000000168039580699537
"872","Tau1.12.2","Tau1","4","12","3",1780.29644579009,0.000000000000000057201671971529
"873","Tau2.12.2","Tau2","5","12","3",4899656.16665176,0.000119017317728522
"874","NPQ.12.2","NPQ","6","12","3",0.304451269584475,0.0000000000000000000000000000000000000000000000000000000000000000000000000000000000000000000000000000000000000000587709978941007
"875","qP.12.2","qP","7","12","3",0.677415162879599,0.0000000000000000000000000000000000000000000000000000000000000000000000000000000000000351792864821225
"876","ABQ.12.2","ABQ","8","12","3",-0.0103947561650148,0.0000000000000000000000000000000000000000000511652364179939
"877","qm.12.2","qm","9","12","3",0.670320074364207,0.0000000000000000000000000000000000000000000000000000000000000000000000000000000000000175896432410613
"878","nTau1.12.2","nTau1","10","12","3",2.53564376094577,0.000000000000000057201671971529
"879","nTau2.12.2","nTau2","11","12","3",4.27628723770156,0.000119017317728522
"880","nCon.12.2","nCon","12","12","3",0.708655227744816,0.00000000168039580699537
"881","Fm.12.2","Fm","13","12","3",2312.93077828592,0.0000000000000000000000000000000000000000000000000000000000000000000000000000000000000000000000000000000000000000587709978941007
"882","Fo.12.2","Fo","14","12","3",2052.46457789857,0.0000000000000000000000000000000000000000000000000000000000000000000000000000000000000351792864821225
"883","Quant.13.2","Quant","1","13","3",0.123402356567112,0.0000000000000000000000000000000000000000000000000000000000000000000000000000000000000344646695977651
"884","Sigma.13.2","Sigma","2","13","3",4.19123617291173,0.00000000000000000000000000000000000000000000259887333206721
"885","Connect.13.2","Connect","3","13","3",0.199815449461475,0.0000000864254419378467
"886","Tau1.13.2","Tau1","4","13","3",1608.82357064893,0.000000000000000000537526668541996
"887","Tau2.13.2","Tau2","5","13","3",3669693.3592558,0.00000008625630972477
"888","NPQ.13.2","NPQ","6","13","3",0.297251465078541,0.0000000000000000000000000000000000000000000000000000000000000000000000000000000000000000000000000000000000000000501355674115529
"889","qP.13.2","qP","7","13","3",0.687037433321664,0.0000000000000000000000000000000000000000000000000000000000000000000000000000000000000689293391955302
"890","ABQ.13.2","ABQ","8","13","3",-0.0128756493308406,0.00000000000000000000000000000000000000000000259887333206721
"891","qm.13.2","qm","9","13","3",0.638733894363916,0.0000000000000000000000000000000000000000000000000000000000000000000000000000000000000344646695977651
"892","nTau1.13.2","nTau1","10","13","3",2.29141807198746,0.000000000000000000537526668541996
"893","nTau2.13.2","nTau2","11","13","3",3.20280900224628,0.00000008625630972477
"894","nCon.13.2","nCon","12","13","3",0.582640205268515,0.0000000864254419378467
"895","Fm.13.2","Fm","13","13","3",2325.76764907597,0.0000000000000000000000000000000000000000000000000000000000000000000000000000000000000000000000000000000000000000501355674115529
"896","Fo.13.2","Fo","14","13","3",2038.76244035245,0.0000000000000000000000000000000000000000000000000000000000000000000000000000000000000689293391955302
"897","Quant.14.2","Quant","1","14","3",0.126414783341041,0.00000000000000000000000000000000000000000000000000000000000000000000000000000000000927679333351252
"898","Sigma.14.2","Sigma","2","14","3",4.56451449209144,0.0000000000000000000000000000000000000000000267717977257915
"899","Connect.14.2","Connect","3","14","3",0.273392650826185,0.0000000000290140194677346
"900","Tau1.14.2","Tau1","4","14","3",1529.75306361003,0.0000000000000000000669599554235196
"901","Tau2.14.2","Tau2","5","14","3",3362134.852622,0.000000016789069783202
"902","NPQ.14.2","NPQ","6","14","3",0.291442950538625,0.00000000000000000000000000000000000000000000000000000000000000000000000000000000000000000000000000000000000000107394359139418
"903","qP.14.2","qP","7","14","3",0.685540236525359,0.000000000000000000000000000000000000000000000000000000000000000000000000000000000018553586667025
"904","ABQ.14.2","ABQ","8","14","3",-0.103084004174659,0.0000000000000000000000000000000000000000000267717977257915
"905","qm.14.2","qm","9","14","3",0.62991487567249,0.00000000000000000000000000000000000000000000000000000000000000000000000000000000000927679333351252
"906","nTau1.14.2","nTau1","10","14","3",2.17879939079977,0.0000000000000000000669599554235196
"907","nTau2.14.2","nTau2","11","14","3",2.93438026520218,0.000000016789069783202
"908","nCon.14.2","nCon","12","14","3",0.797183354067841,0.0000000000290140194677346
"909","Fm.14.2","Fm","13","14","3",2336.22823906989,0.00000000000000000000000000000000000000000000000000000000000000000000000000000000000000000000000000000000000000107394359139418
"910","Fo.14.2","Fo","14","14","3",2040.89445239265,0.000000000000000000000000000000000000000000000000000000000000000000000000000000000018553586667025
"911","Quant.15.2","Quant","1","15","3",0.12856764934265,0.0000000000000000000000000000000000000000000000000000000000000000000000000000000000000739034216880638
"912","Sigma.15.2","Sigma","2","15","3",4.38048155584893,0.00000000000000000000000000000000000000000000025253646174738
"913","Connect.15.2","Connect","3","15","3",0.225708337422638,0.00000000100385081775689
"914","Tau1.15.2","Tau1","4","15","3",1499.96138727407,0.00000000000000000831450423569694
"915","Tau2.15.2","Tau2","5","15","3",3280459.05022069,0.000000317294827412034
"916","NPQ.15.2","NPQ","6","15","3",0.293003879330532,0.0000000000000000000000000000000000000000000000000000000000000000000000000000000000000000000000000000000000000000251964174574835
"917","qP.15.2","qP","7","15","3",0.690798166234352,0.000000000000000000000000000000000000000000000000000000000000000000000000000000000000147806843376128
"918","ABQ.15.2","ABQ","8","15","3",-0.0586096600659636,0.00000000000000000000000000000000000000000000025253646174738
"919","qm.15.2","qm","9","15","3",0.623612260892727,0.0000000000000000000000000000000000000000000000000000000000000000000000000000000000000739034216880638
"920","nTau1.15.2","nTau1","10","15","3",2.13636764949735,0.00000000000000000831450423569694
"921","nTau2.15.2","nTau2","11","15","3",2.86309583634471,0.000000317294827412034
"922","nCon.15.2","nCon","12","15","3",0.65814106167049,0.00000000100385081775689
"923","Fm.15.2","Fm","13","15","3",2333.4079181249,0.0000000000000000000000000000000000000000000000000000000000000000000000000000000000000000000000000000000000000000251964174574835
"924","Fo.15.2","Fo","14","15","3",2033.40714713406,0.000000000000000000000000000000000000000000000000000000000000000000000000000000000000147806843376128
"925","Quant.16.2","Quant","1","16","3",0.051885654362424,0.000000000000000000000000000000000000000000000000000000000000000000000000000000000000000000363256728717479
"926","Sigma.16.2","Sigma","2","16","3",3.0935230909758,0.0000000000000000000000000000040790558751647
"927","Connect.16.2","Connect","3","16","3",0.226167820456309,0.00207860027972567
"928","Tau1.16.2","Tau1","4","16","3",1240.46686411169,0.000000000000584077880786718
"929","Tau2.16.2","Tau2","5","16","3",7571470.9036164,0.00000616239123926445
"930","NPQ.16.2","NPQ","6","16","3",0.260308223242264,0.0000000000000000000000000000000000000000000000000000000000000000000000000000000000000000000000000000000000000174345555263479
"931","qP.16.2","qP","7","16","3",0.524840503274958,0.000000000000000000000000000000000000000000000000000000000000000000000000000000000000000000726513457434957
"932","ABQ.16.2","ABQ","8","16","3",0.25240332917931,0.0000000000000000000000000000040790558751647
"933","qm.16.2","qm","9","16","3",0.848102347383466,0.000000000000000000000000000000000000000000000000000000000000000000000000000000000000000000363256728717479
"934","nTau1.16.2","nTau1","10","16","3",1.76677433248982,0.000000000000584077880786718
"935","nTau2.16.2","nTau2","11","16","3",6.6081747972714,0.00000616239123926445
"936","nCon.16.2","nCon","12","16","3",0.659480864422364,0.00207860027972567
"937","Fm.16.2","Fm","13","16","3",2393.94255671385,0.0000000000000000000000000000000000000000000000000000000000000000000000000000000000000000000000000000000000000174345555263479
"938","Fo.16.2","Fo","14","16","3",2269.7312806527,0.000000000000000000000000000000000000000000000000000000000000000000000000000000000000000000726513457434957
"939","Quant.17.2","Quant","1","17","3",0.0567841494903861,0.0000000000000000000000000000000000000000000000000000000000000000000000000000000000000000130459406387638
"940","Sigma.17.2","Sigma","2","17","3",3.51012328396879,0.0000000000000000000000000000000379258386412932
"941","Connect.17.2","Connect","3","17","3",0.277977349689187,0.0000129891089031389
"942","Tau1.17.2","Tau1","4","17","3",1228.20455937723,0.000000000000373295921494315
"943","Tau2.17.2","Tau2","5","17","3",9327654.9042022,0.0000114811773367481
"944","NPQ.17.2","NPQ","6","17","3",0.301311047277905,0.000000000000000000000000000000000000000000000000000000000000000000000000000000000000000000000000000000000000000489051559497897
"945","qP.17.2","qP","7","17","3",0.583038334501711,0.0000000000000000000000000000000000000000000000000000000000000000000000000000000000000000260918812775275
"946","ABQ.17.2","ABQ","8","17","3",0.151725587916167,0.0000000000000000000000000000000379258386412932
"947","qm.17.2","qm","9","17","3",0.833761776363707,0.0000000000000000000000000000000000000000000000000000000000000000000000000000000000000000130459406387638
"948","nTau1.17.2","nTau1","10","17","3",1.74930935548091,0.000000000000373295921494315
"949","nTau2.17.2","nTau2","11","17","3",8.14092464202076,0.0000114811773367481
"950","nCon.17.2","nCon","12","17","3",0.810551839306763,0.0000129891089031389
"951","Fm.17.2","Fm","13","17","3",2318.51216241289,0.000000000000000000000000000000000000000000000000000000000000000000000000000000000000000000000000000000000000000489051559497897
"952","Fo.17.2","Fo","14","17","3",2186.85742118716,0.0000000000000000000000000000000000000000000000000000000000000000000000000000000000000000260918812775275
"953","Quant.18.2","Quant","1","18","3",0.0545870875917288,0.00000000000000000000000000000000000000000000000000000000000000000000000000000000000000000553511619977154
"954","Sigma.18.2","Sigma","2","18","3",3.42969304672891,0.000000000000000000000000000000052236016365094
"955","Connect.18.2","Connect","3","18","3",0.367067850299159,0.0000000110643031988879
"956","Tau1.18.2","Tau1","4","18","3",1504.23065812878,0.0000000000000170878547762934
"957","Tau2.18.2","Tau2","5","18","3",11002826.9454337,0.00000126365531690909
"958","NPQ.18.2","NPQ","6","18","3",0.324700358312276,0.00000000000000000000000000000000000000000000000000000000000000000000000000000000000000000000000000000000000000135689371892366
"959","qP.18.2","qP","7","18","3",0.606639305346315,0.0000000000000000000000000000000000000000000000000000000000000000000000000000000000000000110702323995431
"960","ABQ.18.2","ABQ","8","18","3",0.171162771937601,0.000000000000000000000000000000052236016365094
"961","qm.18.2","qm","9","18","3",0.840193776675936,0.00000000000000000000000000000000000000000000000000000000000000000000000000000000000000000553511619977154
"962","nTau1.18.2","nTau1","10","18","3",2.14244829411815,0.0000000000000170878547762934
"963","nTau2.18.2","nTau2","11","18","3",9.60296944214964,0.00000126365531690909
"964","nCon.18.2","nCon","12","18","3",1.07033008819976,0.0000000110643031988879
"965","Fm.18.2","Fm","13","18","3",2277.57580894746,0.00000000000000000000000000000000000000000000000000000000000000000000000000000000000000000000000000000000000000135689371892366
"966","Fo.18.2","Fo","14","18","3",2153.24957876765,0.0000000000000000000000000000000000000000000000000000000000000000000000000000000000000000110702323995431
"967","Quant.19.2","Quant","1","19","3",0.0529888485548421,0.00000000000000000000000000000000000000000000000000000000000000000000000000000000000000000244980406389552
"968","Sigma.19.2","Sigma","2","19","3",2.90319028928362,0.0000000000000000000000000000000525972013418666
"969","Connect.19.2","Connect","3","19","3",0.391943737845927,0.00000000100473640612851
"970","Tau1.19.2","Tau1","4","19","3",969.361850496667,0.0000000000165593326006741
"971","Tau2.19.2","Tau2","5","19","3",9064104.13059248,0.0000102101645946457
"972","NPQ.19.2","NPQ","6","19","3",0.358096822638304,0.000000000000000000000000000000000000000000000000000000000000000000000000000000000000000000000000000000000000181716908421111
"973","qP.19.2","qP","7","19","3",0.641329677615853,0.00000000000000000000000000000000000000000000000000000000000000000000000000000000000000000489960812779104
"974","ABQ.19.2","ABQ","8","19","3",0.298400131113045,0.0000000000000000000000000000000525972013418666
"975","qm.19.2","qm","9","19","3",0.844872695367554,0.00000000000000000000000000000000000000000000000000000000000000000000000000000000000000000244980406389552
"976","nTau1.19.2","nTau1","10","19","3",1.38064440566801,0.0000000000165593326006741
"977","nTau2.19.2","nTau2","11","19","3",7.91090466279356,0.0000102101645946457
"978","nCon.19.2","nCon","12","19","3",1.14286548156172,0.00000000100473640612851
"979","Fm.19.2","Fm","13","19","3",2221.56877175731,0.000000000000000000000000000000000000000000000000000000000000000000000000000000000000000000000000000000000000181716908421111
"980","Fo.19.2","Fo","14","19","3",2103.85040055649,0.00000000000000000000000000000000000000000000000000000000000000000000000000000000000000000489960812779104
"981","Quant.20.2","Quant","1","20","3",0.0540612022998139,0.000000000000000000000000000000000000000000000000000000000000000000000000000000000000000000000000511698066271034
"982","Sigma.20.2","Sigma","2","20","3",3.05521964866401,0.000000000000000000000000000000000000859474490035809
"983","Connect.20.2","Connect","3","20","3",0.341245946199021,0.00000000102609392742165
"984","Tau1.20.2","Tau1","4","20","3",1419.77188205271,0.00000000000114693782403275
"985","Tau2.20.2","Tau2","5","20","3",9421882.01488455,0.000244653679653865
"986","NPQ.20.2","NPQ","6","20","3",0.386018018094532,0.000000000000000000000000000000000000000000000000000000000000000000000000000000000000000000000000000000000000000000223976982970371
"987","qP.20.2","qP","7","20","3",0.672731429071821,0.00000000000000000000000000000000000000000000000000000000000000000000000000000000000000000000000102339613254207
"988","ABQ.20.2","ABQ","8","20","3",0.261659935679775,0.000000000000000000000000000000000000859474490035809
"989","qm.20.2","qm","9","20","3",0.841733330187769,0.000000000000000000000000000000000000000000000000000000000000000000000000000000000000000000000000511698066271034
"990","nTau1.20.2","nTau1","10","20","3",2.02215519960526,0.00000000000114693782403275
"991","nTau2.20.2","nTau2","11","20","3",8.22316351290295,0.000244653679653865
"992","nCon.20.2","nCon","12","20","3",0.99503621304708,0.00000000102609392742165
"993","Fm.20.2","Fm","13","20","3",2176.81548927043,0.000000000000000000000000000000000000000000000000000000000000000000000000000000000000000000000000000000000000000000223976982970371
"994","Fo.20.2","Fo","14","20","3",2059.13422673561,0.00000000000000000000000000000000000000000000000000000000000000000000000000000000000000000000000102339613254207
"995","Quant.21.2","Quant","1","21","3",0.0574238152713233,0.00000000000000000000000000000000000000000000000000000000000000000000000000000000000000000045363927556454
"996","Sigma.21.2","Sigma","2","21","3",3.35979291715935,0.0000000000000000000000000000000101116245964532
"997","Connect.21.2","Connect","3","21","3",0.349400643465993,0.0000000597221033345434
"998","Tau1.21.2","Tau1","4","21","3",964.614663842505,0.00000000000146508312505838
"999","Tau2.21.2","Tau2","5","21","3",8434690.64327498,0.000177241957484654
"1000","NPQ.21.2","NPQ","6","21","3",0.429679745626771,0.00000000000000000000000000000000000000000000000000000000000000000000000000000000000000000000000000000000000000229069129000774
"1001","qP.21.2","qP","7","21","3",0.721875448152108,0.00000000000000000000000000000000000000000000000000000000000000000000000000000000000000000090727855112908
"1002","ABQ.21.2","ABQ","8","21","3",0.188055196082934,0.0000000000000000000000000000000101116245964532
"1003","qm.21.2","qm","9","21","3",0.831889125208442,0.00000000000000000000000000000000000000000000000000000000000000000000000000000000000000000045363927556454
"1004","nTau1.21.2","nTau1","10","21","3",1.37388307428966,0.00000000000146508312505838
"1005","nTau2.21.2","nTau2","11","21","3",7.36156961325021,0.000177241957484654
"1006","nCon.21.2","nCon","12","21","3",1.0188144269056,0.0000000597221033345434
"1007","Fm.21.2","Fm","13","21","3",2110.33659770663,0.00000000000000000000000000000000000000000000000000000000000000000000000000000000000000000000000000000000000000229069129000774
"1008","Fo.21.2","Fo","14","21","3",1989.15301875961,0.00000000000000000000000000000000000000000000000000000000000000000000000000000000000000000090727855112908
"1009","Quant.22.2","Quant","1","22","3",0.0577623418169747,0.0000000000000000000000000000000000000000000000000000000000000000000000000000000000000000139208291020518
"1010","Sigma.22.2","Sigma","2","22","3",3.17967937656167,0.00000000000000000000000000000000145887808010904
"1011","Connect.22.2","Connect","3","22","3",0.326122400573168,0.0000000317165034547236
"1012","Tau1.22.2","Tau1","4","22","3",1328.99614358538,0.0000000000152434316516788
"1013","Tau2.22.2","Tau2","5","22","3",13982499.8439663,0.0148028125446187
"1014","NPQ.22.2","NPQ","6","22","3",0.453523653811735,0.00000000000000000000000000000000000000000000000000000000000000000000000000000000000000000000000000000000000000424117937206839
"1015","qP.22.2","qP","7","22","3",0.745283531982078,0.0000000000000000000000000000000000000000000000000000000000000000000000000000000000000000278416582041036
"1016","ABQ.22.2","ABQ","8","22","3",0.231582358919814,0.00000000000000000000000000000000145887808010904
"1017","qm.22.2","qm","9","22","3",0.830898073090767,0.0000000000000000000000000000000000000000000000000000000000000000000000000000000000000000139208291020518
"1018","nTau1.22.2","nTau1","10","22","3",1.89286497075925,0.0000000000152434316516788
"1019","nTau2.22.2","nTau2","11","22","3",12.2035472694766,0.0148028125446187
"1020","nCon.22.2","nCon","12","22","3",0.950937592286859,0.0000000317165034547236
"1021","Fm.22.2","Fm","13","22","3",2075.71819164001,0.00000000000000000000000000000000000000000000000000000000000000000000000000000000000000000000000000000000000000424117937206839
"1022","Fo.22.2","Fo","14","22","3",1955.81984793879,0.0000000000000000000000000000000000000000000000000000000000000000000000000000000000000000278416582041036
"1023","Quant.23.2","Quant","1","23","3",0.194539015747482,0.0000000000000000000000000000000000000000000000000000000000000000000000000000326388950177881
"1024","Sigma.23.2","Sigma","2","23","3",4.59648766045879,0.00000000000000000000000000000000000000000000000438500909186397
"1025","Connect.23.2","Connect","3","23","3",0.238522756112241,0.0000000000668632754775754
"1026","Tau1.23.2","Tau1","4","23","3",1157.04827153566,0.000000000000000000263645050384126
"1027","Tau2.23.2","Tau2","5","23","3",1702575.07718879,0.0000000000000392530991034568
"1028","NPQ.23.2","NPQ","6","23","3",0.525426060382914,0.000000000000000000000000000000000000000000000000000000000000000000000000000000000000000000000000000000000259967164250935
"1029","qP.23.2","qP","7","23","3",1,0.0000000000000000000000000000000000000000000000000000000000000000000000000000652777900355762
"1030","ABQ.23.2","ABQ","8","23","3",-0.110810804177138,0.00000000000000000000000000000000000000000000000438500909186397
"1031","qm.23.2","qm","9","23","3",0.430478034873278,0.0000000000000000000000000000000000000000000000000000000000000000000000000000326388950177881
"1032","nTau1.23.2","nTau1","10","23","3",1.64796275236647,0.000000000000000000263645050384126
"1033","nTau2.23.2","nTau2","11","23","3",1.48596142793966,0.0000000000000392530991034568
"1034","nCon.23.2","nCon","12","23","3",0.695506518424856,0.0000000000668632754775754
"1035","Fm.23.2","Fm","13","23","3",1977.87724266276,0.000000000000000000000000000000000000000000000000000000000000000000000000000000000000000000000000000000000259967164250935
"1036","Fo.23.2","Fo","14","23","3",1593.1029506058,0.0000000000000000000000000000000000000000000000000000000000000000000000000000652777900355762
"1037","Quant.24.2","Quant","1","24","3",0.205651240019566,0.00000000000000000000000000000000000000000000000000000000000000000000000000000137768490841311
"1038","Sigma.24.2","Sigma","2","24","3",4.71680997616364,0.00000000000000000000000000000000000000000000000000510057504586113
"1039","Connect.24.2","Connect","3","24","3",0.262577581176301,0.000000000000028492853326734
"1040","Tau1.24.2","Tau1","4","24","3",1277.23459240007,0.000000000000000000000789518076668354
"1041","Tau2.24.2","Tau2","5","24","3",1945667.24237262,0.000000000000150064457931213
"1042","NPQ.24.2","NPQ","6","24","3",0.450925196175533,0.00000000000000000000000000000000000000000000000000000000000000000000000000000000000000000000000000000000000494835693227447
"1043","qP.24.2","qP","7","24","3",0.958782284789879,0.00000000000000000000000000000000000000000000000000000000000000000000000000000275536981682621
"1044","ABQ.24.2","ABQ","8","24","3",-0.139888512667108,0.00000000000000000000000000000000000000000000000000510057504586113
"1045","qm.24.2","qm","9","24","3",0.39794648442799,0.00000000000000000000000000000000000000000000000000000000000000000000000000000137768490841311
"1046","nTau1.24.2","nTau1","10","24","3",1.81914193736766,0.000000000000000000000789518076668354
"1047","nTau2.24.2","nTau2","11","24","3",1.69812568767612,0.000000000000150064457931213
"1048","nCon.24.2","nCon","12","24","3",0.765647782530283,0.000000000000028492853326734
"1049","Fm.24.2","Fm","13","24","3",2079.43558920116,0.00000000000000000000000000000000000000000000000000000000000000000000000000000000000000000000000000000000000494835693227447
"1050","Fo.24.2","Fo","14","24","3",1651.79708174113,0.00000000000000000000000000000000000000000000000000000000000000000000000000000275536981682621
"1051","Quant.25.2","Quant","1","25","3",0.209589590463374,0.000000000000000000000000000000000000000000000000000000000000000000000000104191214325574
"1052","Sigma.25.2","Sigma","2","25","3",4.67212819988271,0.0000000000000000000000000000000000000000000000740097377766024
"1053","Connect.25.2","Connect","3","25","3",0.260134112059754,0.0000000000225973021323014
"1054","Tau1.25.2","Tau1","4","25","3",1312.04815654696,0.00000000000000000000296257068887383
"1055","Tau2.25.2","Tau2","5","25","3",1630740.73595645,0.0000000000000787119020988009
"1056","NPQ.25.2","NPQ","6","25","3",0.43215974230094,0.000000000000000000000000000000000000000000000000000000000000000000000000000000000000000000000000000000193981628401833
"1057","qP.25.2","qP","7","25","3",0.949409767607599,0.000000000000000000000000000000000000000000000000000000000000000000000000208382428651149
"1058","ABQ.25.2","ABQ","8","25","3",-0.129090485236369,0.0000000000000000000000000000000000000000000000740097377766024
"1059","qm.25.2","qm","9","25","3",0.386416781373326,0.000000000000000000000000000000000000000000000000000000000000000000000000104191214325574
"1060","nTau1.25.2","nTau1","10","25","3",1.86872626189636,0.00000000000000000000296257068887383
"1061","nTau2.25.2","nTau2","11","25","3",1.42326635992012,0.0000000000000787119020988009
"1062","nCon.25.2","nCon","12","25","3",0.758522891279535,0.0000000000225973021323014
"1063","Fm.25.2","Fm","13","25","3",2106.68223737998,0.000000000000000000000000000000000000000000000000000000000000000000000000000000000000000000000000000000193981628401833
"1064","Fo.25.2","Fo","14","25","3",1665.14357001105,0.000000000000000000000000000000000000000000000000000000000000000000000000208382428651149
"1065","Quant.26.2","Quant","1","26","3",0.21474724565816,0.000000000000000000000000000000000000000000000000000000000000000000000000000514193483882532
"1066","Sigma.26.2","Sigma","2","26","3",4.86184984674482,0.000000000000000000000000000000000000000000000000182988247390522
"1067","Connect.26.2","Connect","3","26","3",0.224495035654727,0.000000000106825237280238
"1068","Tau1.26.2","Tau1","4","26","3",1275.45896629104,0.0000000000000000000425185312243934
"1069","Tau2.26.2","Tau2","5","26","3",1535509.52824988,0.000000000000323713742593048
"1070","NPQ.26.2","NPQ","6","26","3",0.422434281104294,0.00000000000000000000000000000000000000000000000000000000000000000000000000000000000000000000000000000000025153999179318
"1071","qP.26.2","qP","7","26","3",0.949097210838677,0.00000000000000000000000000000000000000000000000000000000000000000000000000102838696776506
"1072","ABQ.26.2","ABQ","8","26","3",-0.174939592356496,0.000000000000000000000000000000000000000000000000182988247390522
"1073","qm.26.2","qm","9","26","3",0.371317507272992,0.000000000000000000000000000000000000000000000000000000000000000000000000000514193483882532
"1074","nTau1.26.2","nTau1","10","26","3",1.81661294548219,0.0000000000000000000425185312243934
"1075","nTau2.26.2","nTau2","11","26","3",1.34015114034241,0.000000000000323713742593048
"1076","nCon.26.2","nCon","12","26","3",0.654603205148317,0.000000000106825237280238
"1077","Fm.26.2","Fm","13","26","3",2121.08603559088,0.00000000000000000000000000000000000000000000000000000000000000000000000000000000000000000000000000000000025153999179318
"1078","Fo.26.2","Fo","14","26","3",1665.58865164376,0.00000000000000000000000000000000000000000000000000000000000000000000000000102838696776506
"1079","Quant.27.2","Quant","1","27","3",0.218964553133462,0.00000000000000000000000000000000000000000000000000000000000000000000000000476525898969924
"1080","Sigma.27.2","Sigma","2","27","3",4.80485695256306,0.000000000000000000000000000000000000000000000000252653761725718
"1081","Connect.27.2","Connect","3","27","3",0.262252086176279,0.000000000000665429454645142
"1082","Tau1.27.2","Tau1","4","27","3",1342.22489454174,0.000000000000000000094220497301674
"1083","Tau2.27.2","Tau2","5","27","3",1535366.03374928,0.0000000000021678482303678
"1084","NPQ.27.2","NPQ","6","27","3",0.41135025431931,0.00000000000000000000000000000000000000000000000000000000000000000000000000000000000000000000000000000000434947257174368
"1085","qP.27.2","qP","7","27","3",0.9462424672013,0.00000000000000000000000000000000000000000000000000000000000000000000000000953051797939847
"1086","ABQ.27.2","ABQ","8","27","3",-0.161166396974502,0.000000000000000000000000000000000000000000000000252653761725718
"1087","qm.27.2","qm","9","27","3",0.358971144608159,0.00000000000000000000000000000000000000000000000000000000000000000000000000476525898969924
"1088","nTau1.27.2","nTau1","10","27","3",1.91170643949718,0.000000000000000000094220497301674
"1089","nTau2.27.2","nTau2","11","27","3",1.3400259022276,0.0000000000021678482303678
"1090","nCon.27.2","nCon","12","27","3",0.764698674370041,0.000000000000665429454645142
"1091","Fm.27.2","Fm","13","27","3",2137.74396607965,0.00000000000000000000000000000000000000000000000000000000000000000000000000000000000000000000000000000000434947257174368
"1092","Fo.27.2","Fo","14","27","3",1669.65381383326,0.00000000000000000000000000000000000000000000000000000000000000000000000000953051797939847
"1093","Quant.1.3","Quant","1","1","4",0.338065593913822,0.0000000000000000000000000000000000000000000000000000000000000000000000000180438184505025
"1094","Sigma.1.3","Sigma","2","1","4",3.6748802624017,0.00000000000000000000000000000000000000000000000000000000000322817782703752
"1095","Connect.1.3","Connect","3","1","4",0.393557533288125,0.000000000000000000000000000000156767510437415
"1096","Tau1.1.3","Tau1","4","1","4",551.901878392815,0.000000000000000000000000105092942878226
"1097","Tau2.1.3","Tau2","5","1","4",997871.091145689,0.000000000000000000483806478045451
"1098","NPQ.1.3","NPQ","6","1","4",0.866039779629912,0.00000000000000000000000000000000000000000000000000000000000000000000000000000000000000000000000000000148955649266086
"1099","qP.1.3","qP","7","1","4",1.33104398591441,0.000000000000000000000000000000000000000000000000000000000000000000000000036087636901005
"1100","ABQ.1.3","ABQ","8","1","4",0,0.00000000000000000000000000000000000000000000000000000000000322817782703752
"1101","qm.1.3","qm","9","1","4",0,0.0000000000000000000000000000000000000000000000000000000000000000000000000180438184505025
"1102","nTau1.1.3","nTau1","10","1","4",1,0.000000000000000000000000105092942878226
"1103","nTau2.1.3","nTau2","11","1","4",1,0.000000000000000000483806478045451
"1104","nCon.1.3","nCon","12","1","4",1,0.000000000000000000000000000000156767510437415
"1105","Fm.1.3","Fm","13","1","4",1422.13799909329,0.00000000000000000000000000000000000000000000000000000000000000000000000000000000000000000000000000000148955649266086
"1106","Fo.1.3","Fo","14","1","4",941.362071802405,0.000000000000000000000000000000000000000000000000000000000000000000000000036087636901005
"1107","Quant.3.3","Quant","1","3","4",0.0450504404348244,0.000000000000000000000000000000000000000000000000000000000000000000000000000000000000000000248964311943524
"1108","Sigma.3.3","Sigma","2","3","4",2.57663937989786,0.000000000000000000000000000000087398253214563
"1109","Connect.3.3","Connect","3","3","4",0.429437206964607,0.0000000000119527757511811
"1110","Tau1.3.3","Tau1","4","3","4",1711.22204165345,0.0000000221421667004101
"1111","Tau2.3.3","Tau2","5","3","4",5339725.77899734,0.0000000000819665677673308
"1112","NPQ.3.3","NPQ","6","3","4",0.149851591889159,0.0000000000000000000000000000000000000000000000000000000000000000000000000000000000000000000000000000000000993833326737189
"1113","qP.3.3","qP","7","3","4",0.349641832329491,0.000000000000000000000000000000000000000000000000000000000000000000000000000000000000000000497928623887049
"1114","ABQ.3.3","ABQ","8","3","4",0.298850793518397,0.000000000000000000000000000000087398253214563
"1115","qm.3.3","qm","9","3","4",0.866740534245823,0.000000000000000000000000000000000000000000000000000000000000000000000000000000000000000000248964311943524
"1116","nTau1.3.3","nTau1","10","3","4",3.10059108085784,0.0000000221421667004101
"1117","nTau2.3.3","nTau2","11","3","4",5.35111782110716,0.0000000000819665677673308
"1118","nCon.3.3","nCon","12","3","4",1.09116754385747,0.0000000000119527757511811
"1119","Fm.3.3","Fm","13","3","4",2307.92051526523,0.0000000000000000000000000000000000000000000000000000000000000000000000000000000000000000000000000000000000993833326737189
"1120","Fo.3.3","Fo","14","3","4",2203.94767956396,0.000000000000000000000000000000000000000000000000000000000000000000000000000000000000000000497928623887049
"1121","Quant.4.3","Quant","1","4","4",0.0508096691649163,0.000000000000000000000000000000000000000000000000000000000000000000000000000000000000000000109228285736959
"1122","Sigma.4.3","Sigma","2","4","4",2.87336749436063,0.0000000000000000000000000000000726213227815198
"1123","Connect.4.3","Connect","3","4","4",0.483295540268664,0.000000000000343822848702066
"1124","Tau1.4.3","Tau1","4","4","4",1689.0120741176,0.00000000387309986931619
"1125","Tau2.4.3","Tau2","5","4","4",4656274.39243833,0.000000000204454138029625
"1126","NPQ.4.3","NPQ","6","4","4",0.170644775347094,0.00000000000000000000000000000000000000000000000000000000000000000000000000000000000000000000000000000000000412412373459721
"1127","qP.4.3","qP","7","4","4",0.390218702274569,0.000000000000000000000000000000000000000000000000000000000000000000000000000000000000000000218456571473917
"1128","ABQ.4.3","ABQ","8","4","4",0.218105818641625,0.0000000000000000000000000000000726213227815198
"1129","qm.4.3","qm","9","4","4",0.849704702047057,0.000000000000000000000000000000000000000000000000000000000000000000000000000000000000000000109228285736959
"1130","nTau1.4.3","nTau1","10","4","4",3.06034847903788,0.00000000387309986931619
"1131","nTau2.4.3","nTau2","11","4","4",4.66620832465675,0.000000000204454138029625
"1132","nCon.4.3","nCon","12","4","4",1.22801750542237,0.000000000000343822848702066
"1133","Fm.4.3","Fm","13","4","4",2266.92685459988,0.00000000000000000000000000000000000000000000000000000000000000000000000000000000000000000000000000000000000412412373459721
"1134","Fo.4.3","Fo","14","4","4",2151.7450510966,0.000000000000000000000000000000000000000000000000000000000000000000000000000000000000000000218456571473917
"1135","Quant.5.3","Quant","1","5","4",0.0483913292207464,0.00000000000000000000000000000000000000000000000000000000000000000000000000000000000000000000250153030653352
"1136","Sigma.5.3","Sigma","2","5","4",2.80920531728394,0.000000000000000000000000000000190922923241968
"1137","Connect.5.3","Connect","3","5","4",0.37496954475161,0.0000000417228504729071
"1138","Tau1.5.3","Tau1","4","5","4",1405.97254084222,0.000000000326114195583879
"1139","Tau2.5.3","Tau2","5","5","4",5678946.64120792,0.0000000014740993405104
"1140","NPQ.5.3","NPQ","6","5","4",0.183220496543225,0.000000000000000000000000000000000000000000000000000000000000000000000000000000000000000000000000000000000000502436589494004
"1141","qP.5.3","qP","7","5","4",0.403779119349875,0.00000000000000000000000000000000000000000000000000000000000000000000000000000000000000000000500306061306703
"1142","ABQ.5.3","ABQ","8","5","4",0.235565483309653,0.000000000000000000000000000000190922923241968
"1143","qm.5.3","qm","9","5","4",0.856858165717147,0.00000000000000000000000000000000000000000000000000000000000000000000000000000000000000000000250153030653352
"1144","nTau1.5.3","nTau1","10","5","4",2.54750454000362,0.000000000326114195583879
"1145","nTau2.5.3","nTau2","11","5","4",5.69106239432965,0.0000000014740993405104
"1146","nCon.5.3","nCon","12","5","4",0.952769323505981,0.0000000417228504729071
"1147","Fm.5.3","Fm","13","5","4",2242.83308663461,0.000000000000000000000000000000000000000000000000000000000000000000000000000000000000000000000000000000000000502436589494004
"1148","Fo.5.3","Fo","14","5","4",2134.29941235209,0.00000000000000000000000000000000000000000000000000000000000000000000000000000000000000000000500306061306703
"1149","Quant.6.3","Quant","1","6","4",0.0417384415995423,0.00000000000000000000000000000000000000000000000000000000000000000000000000000000000000000000726743241739374
"1150","Sigma.6.3","Sigma","2","6","4",2.78589088126093,0.0000000000000000000000000000224148676147646
"1151","Connect.6.3","Connect","3","6","4",0.45384270260623,0.000000000214301751063069
"1152","Tau1.6.3","Tau1","4","6","4",1138.80838900162,0.000000000703616963062769
"1153","Tau2.6.3","Tau2","5","6","4",7682614.34316425,0.000025547488468652
"1154","NPQ.6.3","NPQ","6","6","4",0.224125126253901,0.000000000000000000000000000000000000000000000000000000000000000000000000000000000000000000000000000000000000372065509206309
"1155","qP.6.3","qP","7","6","4",0.44800393329374,0.0000000000000000000000000000000000000000000000000000000000000000000000000000000000000000000145348648347875
"1156","ABQ.6.3","ABQ","8","6","4",0.241909754240476,0.0000000000000000000000000000224148676147646
"1157","qm.6.3","qm","9","6","4",0.876537446131882,0.00000000000000000000000000000000000000000000000000000000000000000000000000000000000000000000726743241739374
"1158","nTau1.6.3","nTau1","10","6","4",2.06342546308762,0.000000000703616963062769
"1159","nTau2.6.3","nTau2","11","6","4",7.69900482270069,0.000025547488468652
"1160","nCon.6.3","nCon","12","6","4",1.15318006700172,0.000000000214301751063069
"1161","Fm.6.3","Fm","13","6","4",2167.8879238044,0.000000000000000000000000000000000000000000000000000000000000000000000000000000000000000000000000000000000000372065509206309
"1162","Fo.6.3","Fo","14","6","4",2077.40366030234,0.0000000000000000000000000000000000000000000000000000000000000000000000000000000000000000000145348648347875
"1163","Quant.7.3","Quant","1","7","4",0.0507555694830258,0.000000000000000000000000000000000000000000000000000000000000000000000000000000000000000000000913554110801094
"1164","Sigma.7.3","Sigma","2","7","4",3.09877537250552,0.000000000000000000000000000000027331618773411
"1165","Connect.7.3","Connect","3","7","4",0.280918594753143,0.0000218993279481478
"1166","Tau1.7.3","Tau1","4","7","4",1093.69804128546,0.0000000000590701706079314
"1167","Tau2.7.3","Tau2","5","7","4",7928338.19374051,0.0000614914507947809
"1168","NPQ.7.3","NPQ","6","7","4",0.251926609087513,0.0000000000000000000000000000000000000000000000000000000000000000000000000000000000000000000000000000000000000011144398339571
"1169","qP.7.3","qP","7","7","4",0.498720007588496,0.00000000000000000000000000000000000000000000000000000000000000000000000000000000000000000000182710822160219
"1170","ABQ.7.3","ABQ","8","7","4",0.15676834311866,0.000000000000000000000000000000027331618773411
"1171","qm.7.3","qm","9","7","4",0.849864729221856,0.000000000000000000000000000000000000000000000000000000000000000000000000000000000000000000000913554110801094
"1172","nTau1.7.3","nTau1","10","7","4",1.9816892895353,0.0000000000590701706079314
"1173","nTau2.7.3","nTau2","11","7","4",7.94525291301678,0.0000614914507947809
"1174","nCon.7.3","nCon","12","7","4",0.713792955266546,0.0000218993279481478
"1175","Fm.7.3","Fm","13","7","4",2119.74572564251,0.0000000000000000000000000000000000000000000000000000000000000000000000000000000000000000000000000000000000000011144398339571
"1176","Fo.7.3","Fo","14","7","4",2012.15682417831,0.00000000000000000000000000000000000000000000000000000000000000000000000000000000000000000000182710822160219
"1177","Quant.8.3","Quant","1","8","4",0.0541667379627747,0.00000000000000000000000000000000000000000000000000000000000000000000000000000000000000115017938835055
"1178","Sigma.8.3","Sigma","2","8","4",3.8137780417166,0.000000000000000000000000000000892178362490031
"1179","Connect.8.3","Connect","3","8","4",0.366042016963595,0.0000000254343335011042
"1180","Tau1.8.3","Tau1","4","8","4",797.90810278647,0.00000000000233167304855982
"1181","Tau2.8.3","Tau2","5","8","4",6349747.98982153,0.000000146700719283586
"1182","NPQ.8.3","NPQ","6","8","4",0.286684660055764,0.00000000000000000000000000000000000000000000000000000000000000000000000000000000000000000000000000000000000000587753538269898
"1183","qP.8.3","qP","7","8","4",0.546439099460888,0.0000000000000000000000000000000000000000000000000000000000000000000000000000000000000023003587767011
"1184","ABQ.8.3","ABQ","8","8","4",-0.0377965455734663,0.000000000000000000000000000000892178362490031
"1185","qm.8.3","qm","9","8","4",0.839774472948635,0.00000000000000000000000000000000000000000000000000000000000000000000000000000000000000115017938835055
"1186","nTau1.8.3","nTau1","10","8","4",1.44574268366335,0.00000000000233167304855982
"1187","nTau2.8.3","nTau2","11","8","4",6.36329486460138,0.000000146700719283586
"1188","nCon.8.3","nCon","12","8","4",0.930085148937078,0.0000000254343335011042
"1189","Fm.8.3","Fm","13","8","4",2062.48365338898,0.00000000000000000000000000000000000000000000000000000000000000000000000000000000000000000000000000000000000000587753538269898
"1190","Fo.8.3","Fo","14","8","4",1950.76564178336,0.0000000000000000000000000000000000000000000000000000000000000000000000000000000000000023003587767011
"1191","Quant.9.3","Quant","1","9","4",0.0619588734469555,0.00000000000000000000000000000000000000000000000000000000000000000000000000000000000000000473227997087884
"1192","Sigma.9.3","Sigma","2","9","4",3.53454871618148,0.000000000000000000000000000000000678357993561486
"1193","Connect.9.3","Connect","3","9","4",0.276661789589491,0.00000388415973870817
"1194","Tau1.9.3","Tau1","4","9","4",1017.50195407299,0.00000000000965585498955156
"1195","Tau2.9.3","Tau2","5","9","4",10198363.6108475,0.000781223052918358
"1196","NPQ.9.3","NPQ","6","9","4",0.307408437351014,0.00000000000000000000000000000000000000000000000000000000000000000000000000000000000000000000000000000000000000216815091358603
"1197","qP.9.3","qP","7","9","4",0.582768386855856,0.00000000000000000000000000000000000000000000000000000000000000000000000000000000000000000946455994175767
"1198","ABQ.9.3","ABQ","8","9","4",0.0381866989398207,0.000000000000000000000000000000000678357993561486
"1199","qm.9.3","qm","9","9","4",0.816725290705715,0.00000000000000000000000000000000000000000000000000000000000000000000000000000000000000000473227997087884
"1200","nTau1.9.3","nTau1","10","9","4",1.84362835842494,0.00000000000965585498955156
"1201","nTau2.9.3","nTau2","11","9","4",10.2201213176127,0.000781223052918358
"1202","nCon.9.3","nCon","12","9","4",0.702976734501854,0.00000388415973870817
"1203","Fm.9.3","Fm","13","9","4",2029.79115218826,0.00000000000000000000000000000000000000000000000000000000000000000000000000000000000000000000000000000000000000216815091358603
"1204","Fo.9.3","Fo","14","9","4",1904.02757906608,0.00000000000000000000000000000000000000000000000000000000000000000000000000000000000000000946455994175767
"1205","Quant.10.3","Quant","1","10","4",0.0963628808344347,0.0000000000000000000000000000000000000000000000000000000000000000000000000000000178182925651308
"1206","Sigma.10.3","Sigma","2","10","4",4.10651879309244,0.000000000000000000000000000000000202501429341394
"1207","Connect.10.3","Connect","3","10","4",0.230874110277173,0.0000729934963439367
"1208","Tau1.10.3","Tau1","4","10","4",1363.59195643162,0.0000000000000000000297610691086469
"1209","Tau2.10.3","Tau2","5","10","4",5680157.98193466,0.00000374300766905737
"1210","NPQ.10.3","NPQ","6","10","4",0.348905323469104,0.00000000000000000000000000000000000000000000000000000000000000000000000000000000000000000000000000000000166888177040997
"1211","qP.10.3","qP","7","10","4",0.680908924112599,0.0000000000000000000000000000000000000000000000000000000000000000000000000000000356365851302615
"1212","ABQ.10.3","ABQ","8","10","4",-0.117456488339745,0.000000000000000000000000000000000202501429341394
"1213","qm.10.3","qm","9","10","4",0.714958036046108,0.0000000000000000000000000000000000000000000000000000000000000000000000000000000178182925651308
"1214","nTau1.10.3","nTau1","10","10","4",2.47071446903299,0.0000000000000000000297610691086469
"1215","nTau2.10.3","nTau2","11","10","4",5.6922763193922,0.00000374300766905737
"1216","nCon.10.3","nCon","12","10","4",0.586633695836661,0.0000729934963439367
"1217","Fm.10.3","Fm","13","10","4",1967.34791705502,0.00000000000000000000000000000000000000000000000000000000000000000000000000000000000000000000000000000000166888177040997
"1218","Fo.10.3","Fo","14","10","4",1777.76860416398,0.0000000000000000000000000000000000000000000000000000000000000000000000000000000356365851302615
"1219","Quant.11.3","Quant","1","11","4",0.103382637754013,0.0000000000000000000000000000000000000000000000000000000000000000000000000000000000000488444415253631
"1220","Sigma.11.3","Sigma","2","11","4",3.66284854131408,0.0000000000000000000000000000000000000000247228914751995
"1221","Connect.11.3","Connect","3","11","4",0.258854375745139,0.00000000679812386503244
"1222","Tau1.11.3","Tau1","4","11","4",1268.49675186129,0.00000000000000000264089317727939
"1223","Tau2.11.3","Tau2","5","11","4",5059759.22761995,0.0000125068214347584
"1224","NPQ.11.3","NPQ","6","11","4",0.348188833886498,0.000000000000000000000000000000000000000000000000000000000000000000000000000000000000000000000000000000000000286622187706248
"1225","qP.11.3","qP","7","11","4",0.69091493723171,0.0000000000000000000000000000000000000000000000000000000000000000000000000000000000000976888830507261
"1226","ABQ.11.3","ABQ","8","11","4",0.0032740443847169,0.0000000000000000000000000000000000000000247228914751995
"1227","qm.11.3","qm","9","11","4",0.694193554105459,0.0000000000000000000000000000000000000000000000000000000000000000000000000000000000000488444415253631
"1228","nTau1.11.3","nTau1","10","11","4",2.29840991945028,0.00000000000000000264089317727939
"1229","nTau2.11.3","nTau2","11","11","4",5.07055397487332,0.0000125068214347584
"1230","nCon.11.3","nCon","12","11","4",0.657729439409892,0.00000000679812386503244
"1231","Fm.11.3","Fm","13","11","4",1968.39345626474,0.000000000000000000000000000000000000000000000000000000000000000000000000000000000000000000000000000000000000286622187706248
"1232","Fo.11.3","Fo","14","11","4",1764.89574861835,0.0000000000000000000000000000000000000000000000000000000000000000000000000000000000000976888830507261
"1233","Quant.12.3","Quant","1","12","4",0.118566984356212,0.000000000000000000000000000000000000000000000000000000000000000000000000000000000000000457982170390141
"1234","Sigma.12.3","Sigma","2","12","4",4.016354588125,0.000000000000000000000000000000000000000000000719410995067769
"1235","Connect.12.3","Connect","3","12","4",0.185277341704757,0.000000293623111058647
"1236","Tau1.12.3","Tau1","4","12","4",1251.98478907225,0.0000000000000000000875459004102887
"1237","Tau2.12.3","Tau2","5","12","4",4904519.52731038,0.00000574383323157405
"1238","NPQ.12.3","NPQ","6","12","4",0.32981777746842,0.0000000000000000000000000000000000000000000000000000000000000000000000000000000000000000000000000000000000000000336040181806203
"1239","qP.12.3","qP","7","12","4",0.695516633945046,0.000000000000000000000000000000000000000000000000000000000000000000000000000000000000000915964340780283
"1240","ABQ.12.3","ABQ","8","12","4",-0.0929212113975459,0.000000000000000000000000000000000000000000000719410995067769
"1241","qm.12.3","qm","9","12","4",0.649278168228983,0.000000000000000000000000000000000000000000000000000000000000000000000000000000000000000457982170390141
"1242","nTau1.12.3","nTau1","10","12","4",2.26849162521088,0.0000000000000000000875459004102887
"1243","nTau2.12.3","nTau2","11","12","4",4.91498307830458,0.00000574383323157405
"1244","nCon.12.3","nCon","12","12","4",0.470775746958234,0.000000293623111058647
"1245","Fm.12.3","Fm","13","12","4",1995.58625504568,0.0000000000000000000000000000000000000000000000000000000000000000000000000000000000000000000000000000000000000000336040181806203
"1246","Fo.12.3","Fo","14","12","4",1758.97561076221,0.000000000000000000000000000000000000000000000000000000000000000000000000000000000000000915964340780283
"1247","Quant.13.3","Quant","1","13","4",0.125115503863913,0.000000000000000000000000000000000000000000000000000000000000000000000000000000000000327276344416157
"1248","Sigma.13.3","Sigma","2","13","4",3.75417184658953,0.000000000000000000000000000000000000000000234772133334771
"1249","Connect.13.3","Connect","3","13","4",0.103235320677905,0.00900467067994405
"1250","Tau1.13.3","Tau1","4","13","4",1277.09533414042,0.00000000000000000000258913215004163
"1251","Tau2.13.3","Tau2","5","13","4",4548117.0916724,0.000000731201298224365
"1252","NPQ.13.3","NPQ","6","13","4",0.323026897072851,0.000000000000000000000000000000000000000000000000000000000000000000000000000000000000000000000000000000000000216276525067818
"1253","qP.13.3","qP","7","13","4",0.698708736700152,0.000000000000000000000000000000000000000000000000000000000000000000000000000000000000654552688832314
"1254","ABQ.13.3","ABQ","8","13","4",-0.0215766442784739,0.000000000000000000000000000000000000000000234772133334771
"1255","qm.13.3","qm","9","13","4",0.62990760930316,0.000000000000000000000000000000000000000000000000000000000000000000000000000000000000327276344416157
"1256","nTau1.13.3","nTau1","10","13","4",2.31398983069134,0.00000000000000000000258913215004163
"1257","nTau2.13.3","nTau2","11","13","4",4.55782027561352,0.000000731201298224365
"1258","nCon.13.3","nCon","12","13","4",0.262313161217845,0.00900467067994405
"1259","Fm.13.3","Fm","13","13","4",2005.82927248322,0.000000000000000000000000000000000000000000000000000000000000000000000000000000000000000000000000000000000000216276525067818
"1260","Fo.13.3","Fo","14","13","4",1754.8689323915,0.000000000000000000000000000000000000000000000000000000000000000000000000000000000000654552688832314
"1261","Quant.14.3","Quant","1","14","4",0.126908171442855,0.00000000000000000000000000000000000000000000000000000000000000000000000000000000000000872432928582257
"1262","Sigma.14.3","Sigma","2","14","4",3.78173065924647,0.000000000000000000000000000000000000000000000101872253458708
"1263","Connect.14.3","Connect","3","14","4",0.246133594577313,0.0000000000311529403283914
"1264","Tau1.14.3","Tau1","4","14","4",1256.68511362244,0.0000000000000000000178724268181971
"1265","Tau2.14.3","Tau2","5","14","4",3251631.58736091,0.00000000123787285729543
"1266","NPQ.14.3","NPQ","6","14","4",0.322619780421722,0.00000000000000000000000000000000000000000000000000000000000000000000000000000000000000000000000000000000000000548269267713951
"1267","qP.14.3","qP","7","14","4",0.701084714860693,0.0000000000000000000000000000000000000000000000000000000000000000000000000000000000000174486585716451
"1268","ABQ.14.3","ABQ","8","14","4",-0.029075885257535,0.000000000000000000000000000000000000000000000101872253458708
"1269","qm.14.3","qm","9","14","4",0.624604888141307,0.00000000000000000000000000000000000000000000000000000000000000000000000000000000000000872432928582257
"1270","nTau1.14.3","nTau1","10","14","4",2.27700821979807,0.0000000000000000000178724268181971
"1271","nTau2.14.3","nTau2","11","14","4",3.25856878329605,0.00000000123787285729543
"1272","nCon.14.3","nCon","12","14","4",0.625406894186211,0.0000000000311529403283914
"1273","Fm.14.3","Fm","13","14","4",2006.44668839386,0.00000000000000000000000000000000000000000000000000000000000000000000000000000000000000000000000000000000000000548269267713951
"1274","Fo.14.3","Fo","14","14","4",1751.81220807222,0.0000000000000000000000000000000000000000000000000000000000000000000000000000000000000174486585716451
"1275","Quant.15.3","Quant","1","15","4",0.132170181977786,0.0000000000000000000000000000000000000000000000000000000000000000000000000000000000137954360710071
"1276","Sigma.15.3","Sigma","2","15","4",3.76058890502448,0.0000000000000000000000000000000000000000000631434747138126
"1277","Connect.15.3","Connect","3","15","4",0.225833150105193,0.0000000168267991382799
"1278","Tau1.15.3","Tau1","4","15","4",1130.07370557428,0.00000000000000000394095412299319
"1279","Tau2.15.3","Tau2","5","15","4",3180590.30042374,0.0000000335871419900698
"1280","NPQ.15.3","NPQ","6","15","4",0.319433169683928,0.00000000000000000000000000000000000000000000000000000000000000000000000000000000000000000000000000000000000806610521619545
"1281","qP.15.3","qP","7","15","4",0.706022544979252,0.0000000000000000000000000000000000000000000000000000000000000000000000000000000000275908721420142
"1282","ABQ.15.3","ABQ","8","15","4",-0.023322839522061,0.0000000000000000000000000000000000000000000631434747138126
"1283","qm.15.3","qm","9","15","4",0.609039830265963,0.0000000000000000000000000000000000000000000000000000000000000000000000000000000000137954360710071
"1284","nTau1.15.3","nTau1","10","15","4",2.04759894796001,0.00000000000000000394095412299319
"1285","nTau2.15.3","nTau2","11","15","4",3.1873759332701,0.0000000335871419900698
"1286","nCon.15.3","nCon","12","15","4",0.573824996356656,0.0000000168267991382799
"1287","Fm.15.3","Fm","13","15","4",2011.29253031215,0.00000000000000000000000000000000000000000000000000000000000000000000000000000000000000000000000000000000000806610521619545
"1288","Fo.15.3","Fo","14","15","4",1745.45963057023,0.0000000000000000000000000000000000000000000000000000000000000000000000000000000000275908721420142
"1289","Quant.16.3","Quant","1","16","4",0.0542770335725031,0.000000000000000000000000000000000000000000000000000000000000000000000000000000000000000049242670156722
"1290","Sigma.16.3","Sigma","2","16","4",3.12154442249648,0.000000000000000000000000000000615215699535567
"1291","Connect.16.3","Connect","3","16","4",0.40050831251366,0.00000000234911591474192
"1292","Tau1.16.3","Tau1","4","16","4",1028.62707886534,0.0000000000272183198479802
"1293","Tau2.16.3","Tau2","5","16","4",10342298.6232476,0.000113582224498753
"1294","NPQ.16.3","NPQ","6","16","4",0.285752668948257,0.00000000000000000000000000000000000000000000000000000000000000000000000000000000000000000000000000000000000561638185768794
"1295","qP.16.3","qP","7","16","4",0.545516927818388,0.0000000000000000000000000000000000000000000000000000000000000000000000000000000000000000984853403134441
"1296","ABQ.16.3","ABQ","8","16","4",0.150572481385718,0.000000000000000000000000000000615215699535567
"1297","qm.16.3","qm","9","16","4",0.839448217891291,0.000000000000000000000000000000000000000000000000000000000000000000000000000000000000000049242670156722
"1298","nTau1.16.3","nTau1","10","16","4",1.86378615318503,0.0000000000272183198479802
"1299","nTau2.16.3","nTau2","11","16","4",10.3643634082768,0.000113582224498753
"1300","nCon.16.3","nCon","12","16","4",1.01766140560813,0.00000000234911591474192
"1301","Fm.16.3","Fm","13","16","4",2063.97866597636,0.00000000000000000000000000000000000000000000000000000000000000000000000000000000000000000000000000000000000561638185768794
"1302","Fo.16.3","Fo","14","16","4",1951.95202663023,0.0000000000000000000000000000000000000000000000000000000000000000000000000000000000000000984853403134441
"1303","Quant.17.3","Quant","1","17","4",0.0549255273548606,0.000000000000000000000000000000000000000000000000000000000000000000000000000000000000000808780370915687
"1304","Sigma.17.3","Sigma","2","17","4",3.15968070815269,0.0000000000000000000000000000128794954999561
"1305","Connect.17.3","Connect","3","17","4",0.323501832605054,0.0000057426238236787
"1306","Tau1.17.3","Tau1","4","17","4",1020.53320963747,0.000000000112856114245968
"1307","Tau2.17.3","Tau2","5","17","4",13526489.1551657,0.000253561313563965
"1308","NPQ.17.3","NPQ","6","17","4",0.332833190292092,0.0000000000000000000000000000000000000000000000000000000000000000000000000000000000000000000000000000000000460688929826356
"1309","qP.17.3","qP","7","17","4",0.600115138018183,0.00000000000000000000000000000000000000000000000000000000000000000000000000000000000000161756074183137
"1310","ABQ.17.3","ABQ","8","17","4",0.14019492268091,0.0000000000000000000000000000128794954999561
"1311","qm.17.3","qm","9","17","4",0.837529969497984,0.000000000000000000000000000000000000000000000000000000000000000000000000000000000000000808780370915687
"1312","nTau1.17.3","nTau1","10","17","4",1.84912073973974,0.000000000112856114245968
"1313","nTau2.17.3","nTau2","11","17","4",13.5553472539579,0.000253561313563965
"1314","nCon.17.3","nCon","12","17","4",0.821993749941046,0.0000057426238236787
"1315","Fm.17.3","Fm","13","17","4",1991.07142421161,0.0000000000000000000000000000000000000000000000000000000000000000000000000000000000000000000000000000000000460688929826356
"1316","Fo.17.3","Fo","14","17","4",1881.71077623559,0.00000000000000000000000000000000000000000000000000000000000000000000000000000000000000161756074183137
"1317","Quant.18.3","Quant","1","18","4",0.0535895332402049,0.000000000000000000000000000000000000000000000000000000000000000000000000000000000000000501792702228129
"1318","Sigma.18.3","Sigma","2","18","4",2.75575610668093,0.000000000000000000000000000000231440095021289
"1319","Connect.18.3","Connect","3","18","4",0.445859255787837,0.00000000000299256239000695
"1320","Tau1.18.3","Tau1","4","18","4",941.879285992228,0.0000000000000663689282521886
"1321","Tau2.18.3","Tau2","5","18","4",9394007.24151547,0.00000440176036722275
"1322","NPQ.18.3","NPQ","6","18","4",0.359476111220918,0.000000000000000000000000000000000000000000000000000000000000000000000000000000000000000000000000000000000414886871795318
"1323","qP.18.3","qP","7","18","4",0.626752832523386,0.00000000000000000000000000000000000000000000000000000000000000000000000000000000000000100358540445626
"1324","ABQ.18.3","ABQ","8","18","4",0.250109960078013,0.000000000000000000000000000000231440095021289
"1325","qm.18.3","qm","9","18","4",0.841481847886994,0.000000000000000000000000000000000000000000000000000000000000000000000000000000000000000501792702228129
"1326","nTau1.18.3","nTau1","10","18","4",1.70660641477623,0.0000000000000663689282521886
"1327","nTau2.18.3","nTau2","11","18","4",9.41404889355989,0.00000440176036722275
"1328","nCon.18.3","nCon","12","18","4",1.1328947309501,0.00000000000299256239000695
"1329","Fm.18.3","Fm","13","18","4",1952.05054103384,0.000000000000000000000000000000000000000000000000000000000000000000000000000000000000000000000000000000000414886871795318
"1330","Fo.18.3","Fo","14","18","4",1847.44106367855,0.00000000000000000000000000000000000000000000000000000000000000000000000000000000000000100358540445626
"1331","Quant.19.3","Quant","1","19","4",0.0579268139399057,0.000000000000000000000000000000000000000000000000000000000000000000000000000000000000000097987449290026
"1332","Sigma.19.3","Sigma","2","19","4",3.08272301384373,0.000000000000000000000000000000294716040509157
"1333","Connect.19.3","Connect","3","19","4",0.426803610577095,0.000000000375697739000805
"1334","Tau1.19.3","Tau1","4","19","4",1207.14303006827,0.00000000000250556694430073
"1335","Tau2.19.3","Tau2","5","19","4",10472886.4443329,0.00044491078496734
"1336","NPQ.19.3","NPQ","6","19","4",0.375930018633752,0.000000000000000000000000000000000000000000000000000000000000000000000000000000000000000000000000000000000131164223072903
"1337","qP.19.3","qP","7","19","4",0.650427516903271,0.000000000000000000000000000000000000000000000000000000000000000000000000000000000000000195974898580052
"1338","ABQ.19.3","ABQ","8","19","4",0.161136474191126,0.000000000000000000000000000000294716040509157
"1339","qm.19.3","qm","9","19","4",0.828652146261674,0.000000000000000000000000000000000000000000000000000000000000000000000000000000000000000097987449290026
"1340","nTau1.19.3","nTau1","10","19","4",2.18724211191955,0.00000000000250556694430073
"1341","nTau2.19.3","nTau2","11","19","4",10.4952298320504,0.00044491078496734
"1342","nCon.19.3","nCon","12","19","4",1.0844757741294,0.000000000375697739000805
"1343","Fm.19.3","Fm","13","19","4",1928.70715987901,0.000000000000000000000000000000000000000000000000000000000000000000000000000000000000000000000000000000000131164223072903
"1344","Fo.19.3","Fo","14","19","4",1816.98329908413,0.000000000000000000000000000000000000000000000000000000000000000000000000000000000000000195974898580052
"1345","Quant.20.3","Quant","1","20","4",0.0567702157188808,0.0000000000000000000000000000000000000000000000000000000000000000000000000000000000000000000477365995575476
"1346","Sigma.20.3","Sigma","2","20","4",3.08376453395692,0.000000000000000000000000000000000267702824898706
"1347","Connect.20.3","Connect","3","20","4",0.373324331544192,0.000000000438633674844045
"1348","Tau1.20.3","Tau1","4","20","4",894.770858124746,0.000000000109834310964804
"1349","Tau2.20.3","Tau2","5","20","4",7302501.21862192,0.0000658263391239975
"1350","NPQ.20.3","NPQ","6","20","4",0.411218612914704,0.0000000000000000000000000000000000000000000000000000000000000000000000000000000000000000000000000000000000000169941912019185
"1351","qP.20.3","qP","7","20","4",0.68405339226016,0.0000000000000000000000000000000000000000000000000000000000000000000000000000000000000000000954731991150951
"1352","ABQ.20.3","ABQ","8","20","4",0.160853058123438,0.000000000000000000000000000000000267702824898706
"1353","qm.20.3","qm","9","20","4",0.832073370550236,0.0000000000000000000000000000000000000000000000000000000000000000000000000000000000000000000477365995575476
"1354","nTau1.20.3","nTau1","10","20","4",1.62124988726328,0.000000000109834310964804
"1355","nTau2.20.3","nTau2","11","20","4",7.31808074551762,0.0000658263391239975
"1356","nCon.20.3","nCon","12","20","4",0.948588960869617,0.000000000438633674844045
"1357","Fm.20.3","Fm","13","20","4",1880.47837106565,0.0000000000000000000000000000000000000000000000000000000000000000000000000000000000000000000000000000000000000169941912019185
"1358","Fo.20.3","Fo","14","20","4",1773.72320828557,0.0000000000000000000000000000000000000000000000000000000000000000000000000000000000000000000954731991150951
"1359","Quant.21.3","Quant","1","21","4",0.0627749012714434,0.00000000000000000000000000000000000000000000000000000000000000000000000000000000000000000245228324526181
"1360","Sigma.21.3","Sigma","2","21","4",3.2479975251965,0.000000000000000000000000000000000274777028902541
"1361","Connect.21.3","Connect","3","21","4",0.286853675260541,0.00000130923149383829
"1362","Tau1.21.3","Tau1","4","21","4",1025.98638692312,0.0000000000373441183444863
"1363","Tau2.21.3","Tau2","5","21","4",11684859.584639,0.00472297705118902
"1364","NPQ.21.3","NPQ","6","21","4",0.449614275316143,0.0000000000000000000000000000000000000000000000000000000000000000000000000000000000000000000000000000000000000409480893957851
"1365","qP.21.3","qP","7","21","4",0.729115449678318,0.00000000000000000000000000000000000000000000000000000000000000000000000000000000000000000490456649052361
"1366","ABQ.21.3","ABQ","8","21","4",0.116162352709205,0.000000000000000000000000000000000274777028902541
"1367","qm.21.3","qm","9","21","4",0.814311475637933,0.00000000000000000000000000000000000000000000000000000000000000000000000000000000000000000245228324526181
"1368","nTau1.21.3","nTau1","10","21","4",1.85900144045692,0.0000000000373441183444863
"1369","nTau2.21.3","nTau2","11","21","4",11.7097886573939,0.00472297705118902
"1370","nCon.21.3","nCon","12","21","4",0.728873547061629,0.00000130923149383829
"1371","Fm.21.3","Fm","13","21","4",1830.67049188145,0.0000000000000000000000000000000000000000000000000000000000000000000000000000000000000000000000000000000000000409480893957851
"1372","Fo.21.3","Fo","14","21","4",1715.75033249305,0.00000000000000000000000000000000000000000000000000000000000000000000000000000000000000000490456649052361
"1373","Quant.22.3","Quant","1","22","4",0.0631312720796861,0.00000000000000000000000000000000000000000000000000000000000000000000000000000000000000000214634691429926
"1374","Sigma.22.3","Sigma","2","22","4",3.34506954303647,0.0000000000000000000000000000000000453616858526532
"1375","Connect.22.3","Connect","3","22","4",0.259336622124275,0.00000408676668430448
"1376","Tau1.22.3","Tau1","4","22","4",844.717470720875,0.000000000496628585320652
"1377","Tau2.22.3","Tau2","5","22","4",9952336.6834681,0.000692876688778602
"1378","NPQ.22.3","NPQ","6","22","4",0.483865132942328,0.00000000000000000000000000000000000000000000000000000000000000000000000000000000000000000000000000000000000000219645158292225
"1379","qP.22.3","qP","7","22","4",0.760394299771764,0.00000000000000000000000000000000000000000000000000000000000000000000000000000000000000000429269382859851
"1380","ABQ.22.3","ABQ","8","22","4",0.0897473375499005,0.0000000000000000000000000000000000453616858526532
"1381","qm.22.3","qm","9","22","4",0.813257328707105,0.00000000000000000000000000000000000000000000000000000000000000000000000000000000000000000214634691429926
"1382","nTau1.22.3","nTau1","10","22","4",1.530557339614,0.000000000496628585320652
"1383","nTau2.22.3","nTau2","11","22","4",9.97356950389403,0.000692876688778602
"1384","nCon.22.3","nCon","12","22","4",0.658954791076032,0.00000408676668430448
"1385","Fm.22.3","Fm","13","22","4",1788.41460690519,0.00000000000000000000000000000000000000000000000000000000000000000000000000000000000000000000000000000000000000219645158292225
"1386","Fo.22.3","Fo","14","22","4",1675.50971776537,0.00000000000000000000000000000000000000000000000000000000000000000000000000000000000000000429269382859851
"1387","Quant.23.3","Quant","1","23","4",0.196844204100673,0.000000000000000000000000000000000000000000000000000000000000000000000000000000451474651279867
"1388","Sigma.23.3","Sigma","2","23","4",4.09970006659845,0.000000000000000000000000000000000000000000000000170702881941555
"1389","Connect.23.3","Connect","3","23","4",0.293137627854912,0.000000000000000769884745337504
"1390","Tau1.23.3","Tau1","4","23","4",1106.03298750529,0.00000000000000000000605549002185855
"1391","Tau2.23.3","Tau2","5","23","4",2314932.72653347,0.0000000000000536759022381029
"1392","NPQ.23.3","NPQ","6","23","4",0.558881832932963,0.0000000000000000000000000000000000000000000000000000000000000000000000000000000000000000000000000000000011350946919744
"1393","qP.23.3","qP","7","23","4",1,0.000000000000000000000000000000000000000000000000000000000000000000000000000000902949302559735
"1394","ABQ.23.3","ABQ","8","23","4",-0.115600992103921,0.000000000000000000000000000000000000000000000000170702881941555
"1395","qm.23.3","qm","9","23","4",0.417733695340641,0.000000000000000000000000000000000000000000000000000000000000000000000000000000451474651279867
"1396","nTau1.23.3","nTau1","10","23","4",2.00403917943921,0.00000000000000000000605549002185855
"1397","nTau2.23.3","nTau2","11","23","4",2.31987152155658,0.0000000000000536759022381029
"1398","nCon.23.3","nCon","12","23","4",0.744840596508935,0.000000000000000769884745337504
"1399","Fm.23.3","Fm","13","23","4",1702.35230302122,0.0000000000000000000000000000000000000000000000000000000000000000000000000000000000000000000000000000000011350946919744
"1400","Fo.23.3","Fo","14","23","4",1367.25411883406,0.000000000000000000000000000000000000000000000000000000000000000000000000000000902949302559735
"1401","Quant.24.3","Quant","1","24","4",0.207068247351078,0.000000000000000000000000000000000000000000000000000000000000000000000000000000074318899162426
"1402","Sigma.24.3","Sigma","2","24","4",4.16242979733158,0.00000000000000000000000000000000000000000000000000059406652868971
"1403","Connect.24.3","Connect","3","24","4",0.287355885106857,0.0000000000000000668621454322763
"1404","Tau1.24.3","Tau1","4","24","4",1045.44164009893,0.0000000000000000000128659237802592
"1405","Tau2.24.3","Tau2","5","24","4",2046857.85578275,0.0000000000173240068145181
"1406","NPQ.24.3","NPQ","6","24","4",0.487831146347459,0.000000000000000000000000000000000000000000000000000000000000000000000000000000000000000000000000000000000139333995521253
"1407","qP.24.3","qP","7","24","4",0.963423193574032,0.000000000000000000000000000000000000000000000000000000000000000000000000000000148637798324852
"1408","ABQ.24.3","ABQ","8","24","4",-0.132670862753838,0.00000000000000000000000000000000000000000000000000059406652868971
"1409","qm.24.3","qm","9","24","4",0.387490915730801,0.000000000000000000000000000000000000000000000000000000000000000000000000000000074318899162426
"1410","nTau1.24.3","nTau1","10","24","4",1.89425273047329,0.0000000000000000000128659237802592
"1411","nTau2.24.3","nTau2","11","24","4",2.05122472626468,0.0000000000173240068145181
"1412","nCon.24.3","nCon","12","24","4",0.730149624391721,0.0000000000000000668621454322763
"1413","Fm.24.3","Fm","13","24","4",1783.64734798449,0.000000000000000000000000000000000000000000000000000000000000000000000000000000000000000000000000000000000139333995521253
"1414","Fo.24.3","Fo","14","24","4",1414.31061774495,0.000000000000000000000000000000000000000000000000000000000000000000000000000000148637798324852
"1415","Quant.25.3","Quant","1","25","4",0.212594591834305,0.00000000000000000000000000000000000000000000000000000000000000000000000000000000782345096179769
"1416","Sigma.25.3","Sigma","2","25","4",4.23238479641032,0.000000000000000000000000000000000000000000000000000022443100608096
"1417","Connect.25.3","Connect","3","25","4",0.297738155749068,0.000000000000000000379751907710032
"1418","Tau1.25.3","Tau1","4","25","4",1160.09274797054,0.000000000000000000282160256449009
"1419","Tau2.25.3","Tau2","5","25","4",1727532.75357864,0.00000000000497542666216523
"1420","NPQ.25.3","NPQ","6","25","4",0.467549902163122,0.00000000000000000000000000000000000000000000000000000000000000000000000000000000000000000000000000000000000357176619343612
"1421","qP.25.3","qP","7","25","4",0.95599829884412,0.0000000000000000000000000000000000000000000000000000000000000000000000000000000156469019235954
"1422","ABQ.25.3","ABQ","8","25","4",-0.15170685687709,0.000000000000000000000000000000000000000000000000000022443100608096
"1423","qm.25.3","qm","9","25","4",0.371143956493548,0.00000000000000000000000000000000000000000000000000000000000000000000000000000000782345096179769
"1424","nTau1.25.3","nTau1","10","25","4",2.10199093967361,0.000000000000000000282160256449009
"1425","nTau2.25.3","nTau2","11","25","4",1.7312183596733,0.00000000000497542666216523
"1426","nCon.25.3","nCon","12","25","4",0.756530190799556,0.000000000000000000379751907710032
"1427","Fm.25.3","Fm","13","25","4",1808.29699522981,0.00000000000000000000000000000000000000000000000000000000000000000000000000000000000000000000000000000000000357176619343612
"1428","Fo.25.3","Fo","14","25","4",1423.86283361373,0.0000000000000000000000000000000000000000000000000000000000000000000000000000000156469019235954
"1429","Quant.26.3","Quant","1","26","4",0.219562236711426,0.0000000000000000000000000000000000000000000000000000000000000000000000000000550681312811085
"1430","Sigma.26.3","Sigma","2","26","4",4.38952397137544,0.0000000000000000000000000000000000000000000000000444630554441262
"1431","Connect.26.3","Connect","3","26","4",0.282900809921717,0.00000000000000110743794635833
"1432","Tau1.26.3","Tau1","4","26","4",1181.76094349429,0.000000000000000000299703956801842
"1433","Tau2.26.3","Tau2","5","26","4",1854877.71875856,0.000000000130936898193245
"1434","NPQ.26.3","NPQ","6","26","4",0.44974500700357,0.00000000000000000000000000000000000000000000000000000000000000000000000000000000000000000000000000000000256876647832009
"1435","qP.26.3","qP","7","26","4",0.952319581196705,0.000000000000000000000000000000000000000000000000000000000000000000000000000110136262562217
"1436","ABQ.26.3","ABQ","8","26","4",-0.19446720925451,0.0000000000000000000000000000000000000000000000000444630554441262
"1437","qm.26.3","qm","9","26","4",0.350533622278652,0.0000000000000000000000000000000000000000000000000000000000000000000000000000550681312811085
"1438","nTau1.26.3","nTau1","10","26","4",2.14125189596324,0.000000000000000000299703956801842
"1439","nTau2.26.3","nTau2","11","26","4",1.85883500906807,0.000000000130936898193245
"1440","nCon.26.3","nCon","12","26","4",0.718829614460978,0.00000000000000110743794635833
"1441","Fm.26.3","Fm","13","26","4",1830.50540999369,0.00000000000000000000000000000000000000000000000000000000000000000000000000000000000000000000000000000000256876647832009
"1442","Fo.26.3","Fo","14","26","4",1428.59554786311,0.000000000000000000000000000000000000000000000000000000000000000000000000000110136262562217
"1443","Quant.27.3","Quant","1","27","4",0.224639289909081,0.00000000000000000000000000000000000000000000000000000000000000000000000000037320559229233
"1444","Sigma.27.3","Sigma","2","27","4",4.41143202982916,0.0000000000000000000000000000000000000000000000000110438778302306
"1445","Connect.27.3","Connect","3","27","4",0.316797509283779,0.00000000000000000585361472010221
"1446","Tau1.27.3","Tau1","4","27","4",1133.48007248314,0.000000000000000000324367583480428
"1447","Tau2.27.3","Tau2","5","27","4",1613858.71966518,0.00000000000395645410359136
"1448","NPQ.27.3","NPQ","6","27","4",0.444766182387192,0.0000000000000000000000000000000000000000000000000000000000000000000000000000000000000000000000000000000254563728003106
"1449","qP.27.3","qP","7","27","4",0.95574162572762,0.00000000000000000000000000000000000000000000000000000000000000000000000000074641118458466
"1450","ABQ.27.3","ABQ","8","27","4",-0.200428779942369,0.0000000000000000000000000000000000000000000000000110438778302306
"1451","qm.27.3","qm","9","27","4",0.335515669286521,0.00000000000000000000000000000000000000000000000000000000000000000000000000037320559229233
"1452","nTau1.27.3","nTau1","10","27","4",2.05377099962757,0.000000000000000000324367583480428
"1453","nTau2.27.3","nTau2","11","27","4",1.61730180780391,0.00000000000395645410359136
"1454","nCon.27.3","nCon","12","27","4",0.804958570191695,0.00000000000000000585361472010221
"1455","Fm.27.3","Fm","13","27","4",1836.81353480087,0.0000000000000000000000000000000000000000000000000000000000000000000000000000000000000000000000000000000254563728003106
"1456","Fo.27.3","Fo","14","27","4",1424.19304664781,0.00000000000000000000000000000000000000000000000000000000000000000000000000074641118458466
"1457","MTQuant.2.0","MTQuant","15","2","1",0.58114393748266,NA
"1458","PQpool.2.0","PQpool","16","2","1",0.62929792934645,NA
"1459","MTTau1.2.0","MTTau1","17","2","1",17669.3009214291,NA
"1460","MTTau2.2.0","MTTau2","18","2","1",5000000,NA
"1461","MTQuant.2.1","MTQuant","15","2","2",0.55364631946425,NA
"1462","PQpool.2.1","PQpool","16","2","2",0.633628492685231,NA
"1463","MTTau1.2.1","MTTau1","17","2","2",17000,NA
"1464","MTTau2.2.1","MTTau2","18","2","2",5010000,NA
"1465","MTQuant.2.2","MTQuant","15","2","3",0.548753824209535,NA
"1466","PQpool.2.2","PQpool","16","2","3",0.638691147865662,NA
"1467","MTTau1.2.2","MTTau1","17","2","3",17000,NA
"1468","MTTau2.2.2","MTTau2","18","2","3",10058607.4106779,NA
"1469","MTQuant.2.3","MTQuant","15","2","4",0.535894256336983,NA
"1470","PQpool.2.3","PQpool","16","2","4",0.645273153706585,NA
"1471","MTTau1.2.3","MTTau1","17","2","4",17000,NA
"1472","MTTau2.2.3","MTTau2","18","2","4",15000000,NA
"1473","Ratio12","Ratio12","Ratio12","Ratio12","Ratio12",1.01853286691705,NA
"1474","Ratio32","Ratio32","Ratio32","Ratio32","Ratio32",0.906151928142865,NA
"1475","Ratio42","Ratio42","Ratio42","Ratio42","Ratio42",0.778349596737092,NA
"1476","mean.1.rQuant.All","rQuant","1","All","1",0.11069954910539,NA
"1477","min.1.rQuant.All","rQuant","1","All","1",0.0443105768095728,NA
"1478","max.1.rQuant.All","rQuant","1","All","1",0.362116600132973,NA
"1479","range.1.rQuant.All","rQuant","1","All","1",0.3178060233234,NA
"1480","slope.1.rQuant.All","rQuant","1","All","1",0.00280148391181699,NA
"1481","mean.1.rSigma.All","rSigma","2","All","1",4.3104778555018,NA
"1482","min.1.rSigma.All","rSigma","2","All","1",3.04737214514829,NA
"1483","max.1.rSigma.All","rSigma","2","All","1",5.61162332659602,NA
"1484","range.1.rSigma.All","rSigma","2","All","1",2.56425118144773,NA
"1485","slope.1.rSigma.All","rSigma","2","All","1",0.0475914852671413,NA
"1486","mean.1.rConnect.All","rConnect","3","All","1",0.290898486875698,NA
"1487","min.1.rConnect.All","rConnect","3","All","1",0.142568532071235,NA
"1488","max.1.rConnect.All","rConnect","3","All","1",0.497488976004015,NA
"1489","range.1.rConnect.All","rConnect","3","All","1",0.35492044393278,NA
"1490","slope.1.rConnect.All","rConnect","3","All","1",-0.00352813305897989,NA
"1491","mean.1.rTau1.All","rTau1","4","All","1",1668.46895112616,NA
"1492","min.1.rTau1.All","rTau1","4","All","1",722.027794055049,NA
"1493","max.1.rTau1.All","rTau1","4","All","1",4632.9204640122,NA
"1494","range.1.rTau1.All","rTau1","4","All","1",3910.89266995715,NA
"1495","slope.1.rTau1.All","rTau1","4","All","1",-37.2976217872303,NA
"1496","mean.1.rTau2.All","rTau2","5","All","1",6174043.2673975,NA
"1497","min.1.rTau2.All","rTau2","5","All","1",1086009.76971533,NA
"1498","max.1.rTau2.All","rTau2","5","All","1",14822927.1243078,NA
"1499","range.1.rTau2.All","rTau2","5","All","1",13736917.3545925,NA
"1500","slope.1.rTau2.All","rTau2","5","All","1",-81939.6540157552,NA
"1501","mean.1.rNPQ.All","rNPQ","6","All","1",0.28053554046873,NA
"1502","min.1.rNPQ.All","rNPQ","6","All","1",0.078125959980195,NA
"1503","max.1.rNPQ.All","rNPQ","6","All","1",0.720744097119378,NA
"1504","range.1.rNPQ.All","rNPQ","6","All","1",0.642618137139183,NA
"1505","slope.1.rNPQ.All","rNPQ","6","All","1",0.00661329958418382,NA
"1506","mean.1.rqP.All","rqP","7","All","1",0.647046071966973,NA
"1507","min.1.rqP.All","rqP","7","All","1",0.261216286993646,NA
"1508","max.1.rqP.All","rqP","7","All","1",1.38244030608018,NA
"1509","range.1.rqP.All","rqP","7","All","1",1.12122401908653,NA
"1510","slope.1.rqP.All","rqP","7","All","1",0.0156048014740148,NA
"1511","mean.1.rABQ.All","rABQ","8","All","1",0.118293510350502,NA
"1512","min.1.rABQ.All","rABQ","8","All","1",-0.147855265794475,NA
"1513","max.1.rABQ.All","rABQ","8","All","1",0.376661268929875,NA
"1514","range.1.rABQ.All","rABQ","8","All","1",0.52451653472435,NA
"1515","slope.1.rABQ.All","rABQ","8","All","1",-0.00973481892698694,NA
"1516","mean.1.rqm.All","rqm","9","All","1",0.694298606954942,NA
"1517","min.1.rqm.All","rqm","9","All","1",0,NA
"1518","max.1.rqm.All","rqm","9","All","1",0.877634505589356,NA
"1519","range.1.rqm.All","rqm","9","All","1",0.877634505589356,NA
"1520","slope.1.rqm.All","rqm","9","All","1",-0.0077364139362522,NA
"1521","mean.2.rQuant.All","rQuant","1","All","2",0.10431650868523,NA
"1522","min.2.rQuant.All","rQuant","1","All","2",0.0377522942024946,NA
"1523","max.2.rQuant.All","rQuant","1","All","2",0.338257124748345,NA
"1524","range.2.rQuant.All","rQuant","1","All","2",0.30050483054585,NA
"1525","slope.2.rQuant.All","rQuant","1","All","2",0.0027696993479864,NA
"1526","mean.2.rSigma.All","rSigma","2","All","2",3.95076953151495,NA
"1527","min.2.rSigma.All","rSigma","2","All","2",2.60995448424349,NA
"1528","max.2.rSigma.All","rSigma","2","All","2",5.39775185561854,NA
"1529","range.2.rSigma.All","rSigma","2","All","2",2.78779737137505,NA
"1530","slope.2.rSigma.All","rSigma","2","All","2",0.0560201048452943,NA
"1531","mean.2.rConnect.All","rConnect","3","All","2",0.333255232881265,NA
"1532","min.2.rConnect.All","rConnect","3","All","2",0.164446167060569,NA
"1533","max.2.rConnect.All","rConnect","3","All","2",0.591651016155519,NA
"1534","range.2.rConnect.All","rConnect","3","All","2",0.42720484909495,NA
"1535","slope.2.rConnect.All","rConnect","3","All","2",-0.00546898195436569,NA
"1536","mean.2.rTau1.All","rTau1","4","All","2",1643.4907233934,NA
"1537","min.2.rTau1.All","rTau1","4","All","2",809.458462031311,NA
"1538","max.2.rTau1.All","rTau1","4","All","2",3133.46575368279,NA
"1539","range.2.rTau1.All","rTau1","4","All","2",2324.00729165148,NA
"1540","slope.2.rTau1.All","rTau1","4","All","2",-24.7036453274888,NA
"1541","mean.2.rTau2.All","rTau2","5","All","2",5185688.96397871,NA
"1542","min.2.rTau2.All","rTau2","5","All","2",1013588.82827309,NA
"1543","max.2.rTau2.All","rTau2","5","All","2",10057732.6789276,NA
"1544","range.2.rTau2.All","rTau2","5","All","2",9044143.85065451,NA
"1545","slope.2.rTau2.All","rTau2","5","All","2",-55098.7792459302,NA
"1546","mean.2.rNPQ.All","rNPQ","6","All","2",0.334678605660392,NA
"1547","min.2.rNPQ.All","rNPQ","6","All","2",0.110730476729741,NA
"1548","max.2.rNPQ.All","rNPQ","6","All","2",0.806207256950025,NA
"1549","range.2.rNPQ.All","rNPQ","6","All","2",0.695476780220284,NA
"1550","slope.2.rNPQ.All","rNPQ","6","All","2",0.00666300393010152,NA
"1551","mean.2.rqP.All","rqP","7","All","2",0.681660869304464,NA
"1552","min.2.rqP.All","rqP","7","All","2",0.300805401546026,NA
"1553","max.2.rqP.All","rqP","7","All","2",1.35616190236136,NA
"1554","range.2.rqP.All","rqP","7","All","2",1.05535650081533,NA
"1555","slope.2.rqP.All","rqP","7","All","2",0.0144240790807301,NA
"1556","mean.2.rABQ.All","rABQ","8","All","2",0.171172605484127,NA
"1557","min.2.rABQ.All","rABQ","8","All","2",-0.132388151485013,NA
"1558","max.2.rABQ.All","rABQ","8","All","2",0.452460651595879,NA
"1559","range.2.rABQ.All","rABQ","8","All","2",0.584848803080892,NA
"1560","slope.2.rABQ.All","rABQ","8","All","2",-0.0117523933423742,NA
"1561","mean.2.rqm.All","rqm","9","All","2",0.691605878921724,NA
"1562","min.2.rqm.All","rqm","9","All","2",0,NA
"1563","max.2.rqm.All","rqm","9","All","2",0.888391724991509,NA
"1564","range.2.rqm.All","rqm","9","All","2",0.888391724991509,NA
"1565","slope.2.rqm.All","rqm","9","All","2",-0.00818814784772676,NA
"1566","mean.3.rQuant.All","rQuant","1","All","3",0.107461060503518,NA
"1567","min.3.rQuant.All","rQuant","1","All","3",0.0429056390834212,NA
"1568","max.3.rQuant.All","rQuant","1","All","3",0.341582990050606,NA
"1569","range.3.rQuant.All","rQuant","1","All","3",0.298677350967185,NA
"1570","slope.3.rQuant.All","rQuant","1","All","3",0.00283313495346636,NA
"1571","mean.3.rSigma.All","rSigma","2","All","3",3.73984793940552,NA
"1572","min.3.rSigma.All","rSigma","2","All","3",2.66100420340801,NA
"1573","max.3.rSigma.All","rSigma","2","All","3",4.86184984674482,NA
"1574","range.3.rSigma.All","rSigma","2","All","3",2.20084564333681,NA
"1575","slope.3.rSigma.All","rSigma","2","All","3",0.0462733499372619,NA
"1576","mean.3.rConnect.All","rConnect","3","All","3",0.303444966459023,NA
"1577","min.3.rConnect.All","rConnect","3","All","3",0.199815449461475,NA
"1578","max.3.rConnect.All","rConnect","3","All","3",0.534914364745904,NA
"1579","range.3.rConnect.All","rConnect","3","All","3",0.335098915284429,NA
"1580","slope.3.rConnect.All","rConnect","3","All","3",-0.00443420592362765,NA
"1581","mean.3.rTau1.All","rTau1","4","All","3",1542.85407977524,NA
"1582","min.3.rTau1.All","rTau1","4","All","3",702.108266630505,NA
"1583","max.3.rTau1.All","rTau1","4","All","3",3987.91291897893,NA
"1584","range.3.rTau1.All","rTau1","4","All","3",3285.80465234842,NA
"1585","slope.3.rTau1.All","rTau1","4","All","3",-39.6610016995333,NA
"1586","mean.3.rTau2.All","rTau2","5","All","3",5945097.77416671,NA
"1587","min.3.rTau2.All","rTau2","5","All","3",1145773.39975068,NA
"1588","max.3.rTau2.All","rTau2","5","All","3",13982499.8439663,NA
"1589","range.3.rTau2.All","rTau2","5","All","3",12836726.4442156,NA
"1590","slope.3.rTau2.All","rTau2","5","All","3",-42323.8450604263,NA
"1591","mean.3.rNPQ.All","rNPQ","6","All","3",0.337876749607876,NA
"1592","min.3.rNPQ.All","rNPQ","6","All","3",0.117725815212392,NA
"1593","max.3.rNPQ.All","rNPQ","6","All","3",0.822310762827889,NA
"1594","range.3.rNPQ.All","rNPQ","6","All","3",0.704584947615497,NA
"1595","slope.3.rNPQ.All","rNPQ","6","All","3",0.00671168527692773,NA
"1596","mean.3.rqP.All","rqP","7","All","3",0.682571327864538,NA
"1597","min.3.rqP.All","rqP","7","All","3",0.307765305347952,NA
"1598","max.3.rqP.All","rqP","7","All","3",1.35322691862585,NA
"1599","range.3.rqP.All","rqP","7","All","3",1.0454616132779,NA
"1600","slope.3.rqP.All","rqP","7","All","3",0.0144207292885043,NA
"1601","mean.3.rABQ.All","rABQ","8","All","3",0.0962091483877463,NA
"1602","min.3.rABQ.All","rABQ","8","All","3",-0.174939592356496,NA
"1603","max.3.rABQ.All","rABQ","8","All","3",0.356928063892298,NA
"1604","range.3.rABQ.All","rABQ","8","All","3",0.531867656248794,NA
"1605","slope.3.rABQ.All","rABQ","8","All","3",-0.0111826552908987,NA
"1606","mean.3.rqm.All","rqm","9","All","3",0.685402775800991,NA
"1607","min.3.rqm.All","rqm","9","All","3",0,NA
"1608","max.3.rqm.All","rqm","9","All","3",0.874391757396746,NA
"1609","range.3.rqm.All","rqm","9","All","3",0.874391757396746,NA
"1610","slope.3.rqm.All","rqm","9","All","3",-0.00829413359560625,NA
"1611","mean.4.rQuant.All","rQuant","1","All","4",0.109905649328456,NA
"1612","min.4.rQuant.All","rQuant","1","All","4",0.0417384415995423,NA
"1613","max.4.rQuant.All","rQuant","1","All","4",0.338065593913822,NA
"1614","range.4.rQuant.All","rQuant","1","All","4",0.29632715231428,NA
"1615","slope.4.rQuant.All","rQuant","1","All","4",0.00295320563847836,NA
"1616","mean.4.rSigma.All","rSigma","2","All","4",3.51312712745805,NA
"1617","min.4.rSigma.All","rSigma","2","All","4",2.57663937989786,NA
"1618","max.4.rSigma.All","rSigma","2","All","4",4.41143202982916,NA
"1619","range.4.rSigma.All","rSigma","2","All","4",1.8347926499313,NA
"1620","slope.4.rSigma.All","rSigma","2","All","4",0.0356026853071112,NA
"1621","mean.4.rConnect.All","rConnect","3","All","4",0.31934809425392,NA
"1622","min.4.rConnect.All","rConnect","3","All","4",0.103235320677905,NA
"1623","max.4.rConnect.All","rConnect","3","All","4",0.483295540268664,NA
"1624","range.4.rConnect.All","rConnect","3","All","4",0.380060219590759,NA
"1625","slope.4.rConnect.All","rConnect","3","All","4",-0.00315290542217678,NA
"1626","mean.4.rTau1.All","rTau1","4","All","4",1136.32378402843,NA
"1627","min.4.rTau1.All","rTau1","4","All","4",551.901878392815,NA
"1628","max.4.rTau1.All","rTau1","4","All","4",1711.22204165345,NA
"1629","range.4.rTau1.All","rTau1","4","All","4",1159.32016326064,NA
"1630","slope.4.rTau1.All","rTau1","4","All","4",-7.66806880206581,NA
"1631","mean.4.rTau2.All","rTau2","5","All","4",6065003.7108844,NA
"1632","min.4.rTau2.All","rTau2","5","All","4",997871.091145689,NA
"1633","max.4.rTau2.All","rTau2","5","All","4",13526489.1551657,NA
"1634","range.4.rTau2.All","rTau2","5","All","4",12528618.06402,NA
"1635","slope.4.rTau2.All","rTau2","5","All","4",-25067.43065126,NA
"1636","mean.4.rNPQ.All","rNPQ","6","All","4",0.366898359202408,NA
"1637","min.4.rNPQ.All","rNPQ","6","All","4",0.149851591889159,NA
"1638","max.4.rNPQ.All","rNPQ","6","All","4",0.866039779629912,NA
"1639","range.4.rNPQ.All","rNPQ","6","All","4",0.716188187740753,NA
"1640","slope.4.rNPQ.All","rNPQ","6","All","4",0.00673254734335372,NA
"1641","mean.4.rqP.All","rqP","7","All","4",0.697985762123566,NA
"1642","min.4.rqP.All","rqP","7","All","4",0.349641832329491,NA
"1643","max.4.rqP.All","rqP","7","All","4",1.33104398591441,NA
"1644","range.4.rqP.All","rqP","7","All","4",0.981402153584919,NA
"1645","slope.4.rqP.All","rqP","7","All","4",0.0137290696833132,NA
"1646","mean.4.rABQ.All","rABQ","8","All","4",0.0440158925988886,NA
"1647","min.4.rABQ.All","rABQ","8","All","4",-0.200428779942369,NA
"1648","max.4.rABQ.All","rABQ","8","All","4",0.298850793518397,NA
"1649","range.4.rABQ.All","rABQ","8","All","4",0.499279573460766,NA
"1650","slope.4.rABQ.All","rABQ","8","All","4",-0.00968812118080916,NA
"1651","mean.4.rqm.All","rqm","9","All","4",0.674898447795095,NA
"1652","min.4.rqm.All","rqm","9","All","4",0,NA
"1653","max.4.rqm.All","rqm","9","All","4",0.876537446131882,NA
"1654","range.4.rqm.All","rqm","9","All","4",0.876537446131882,NA
"1655","slope.4.rqm.All","rqm","9","All","4",-0.00873559951572937,NA
"1656","mean.1.rQuant.L1","rQuant","1","L1","1",0.0498504736614823,NA
"1657","min.1.rQuant.L1","rQuant","1","L1","1",0.0443105768095728,NA
"1658","max.1.rQuant.L1","rQuant","1","L1","1",0.0590981834851737,NA
"1659","range.1.rQuant.L1","rQuant","1","L1","1",0.0147876066756009,NA
"1660","slope.1.rQuant.L1","rQuant","1","L1","1",0.00162863530390802,NA
"1661","mean.1.rSigma.L1","rSigma","2","L1","1",3.50840407957418,NA
"1662","min.1.rSigma.L1","rSigma","2","L1","1",3.04737214514829,NA
"1663","max.1.rSigma.L1","rSigma","2","L1","1",3.82182524785782,NA
"1664","range.1.rSigma.L1","rSigma","2","L1","1",0.77445310270953,NA
"1665","slope.1.rSigma.L1","rSigma","2","L1","1",0.108466738483091,NA
"1666","mean.1.rConnect.L1","rConnect","3","L1","1",0.335182809316413,NA
"1667","min.1.rConnect.L1","rConnect","3","L1","1",0.194643808831174,NA
"1668","max.1.rConnect.L1","rConnect","3","L1","1",0.449786262988395,NA
"1669","range.1.rConnect.L1","rConnect","3","L1","1",0.255142454157221,NA
"1670","slope.1.rConnect.L1","rConnect","3","L1","1",-0.0221895391374007,NA
"1671","mean.1.rTau1.L1","rTau1","4","L1","1",2196.82638370985,NA
"1672","min.1.rTau1.L1","rTau1","4","L1","1",1473.70146257847,NA
"1673","max.1.rTau1.L1","rTau1","4","L1","1",4632.9204640122,NA
"1674","range.1.rTau1.L1","rTau1","4","L1","1",3159.21900143373,NA
"1675","slope.1.rTau1.L1","rTau1","4","L1","1",-353.564836392782,NA
"1676","mean.1.rTau2.L1","rTau2","5","L1","1",8032126.36946683,NA
"1677","min.1.rTau2.L1","rTau2","5","L1","1",3876123.6321624,NA
"1678","max.1.rTau2.L1","rTau2","5","L1","1",14822927.1243078,NA
"1679","range.1.rTau2.L1","rTau2","5","L1","1",10946803.4921454,NA
"1680","slope.1.rTau2.L1","rTau2","5","L1","1",1483496.97024535,NA
"1681","mean.1.rNPQ.L1","rNPQ","6","L1","1",0.147600594752384,NA
"1682","min.1.rNPQ.L1","rNPQ","6","L1","1",0.078125959980195,NA
"1683","max.1.rNPQ.L1","rNPQ","6","L1","1",0.224378665238075,NA
"1684","range.1.rNPQ.L1","rNPQ","6","L1","1",0.14625270525788,NA
"1685","slope.1.rNPQ.L1","rNPQ","6","L1","1",0.0253384151369382,NA
"1686","mean.1.rqP.L1","rqP","7","L1","1",0.374059209600691,NA
"1687","min.1.rqP.L1","rqP","7","L1","1",0.261216286993646,NA
"1688","max.1.rqP.L1","rqP","7","L1","1",0.508618236345272,NA
"1689","range.1.rqP.L1","rqP","7","L1","1",0.247401949351626,NA
"1690","slope.1.rqP.L1","rqP","7","L1","1",0.0429989359515751,NA
"1691","mean.1.rABQ.L1","rABQ","8","L1","1",0.282357374525193,NA
"1692","min.1.rABQ.L1","rABQ","8","L1","1",0.218247202211817,NA
"1693","max.1.rABQ.L1","rABQ","8","L1","1",0.376661268929875,NA
"1694","range.1.rABQ.L1","rABQ","8","L1","1",0.158414066718058,NA
"1695","slope.1.rABQ.L1","rABQ","8","L1","1",-0.0221868271773135,NA
"1696","mean.1.rqm.L1","rqm","9","L1","1",0.862335850819386,NA
"1697","min.1.rqm.L1","rqm","9","L1","1",0.836797916849235,NA
"1698","max.1.rqm.L1","rqm","9","L1","1",0.877634505589356,NA
"1699","range.1.rqm.L1","rqm","9","L1","1",0.040836588740121,NA
"1700","slope.1.rqm.L1","rqm","9","L1","1",-0.00449754389417642,NA
"1701","mean.2.rQuant.L1","rQuant","1","L1","2",0.0449759971672815,NA
"1702","min.2.rQuant.L1","rQuant","1","L1","2",0.0377522942024946,NA
"1703","max.2.rQuant.L1","rQuant","1","L1","2",0.0520879251596453,NA
"1704","range.2.rQuant.L1","rQuant","1","L1","2",0.0143356309571507,NA
"1705","slope.2.rQuant.L1","rQuant","1","L1","2",0.00138320490781603,NA
"1706","mean.2.rSigma.L1","rSigma","2","L1","2",3.13336350978913,NA
"1707","min.2.rSigma.L1","rSigma","2","L1","2",2.60995448424349,NA
"1708","max.2.rSigma.L1","rSigma","2","L1","2",3.74497104861477,NA
"1709","range.2.rSigma.L1","rSigma","2","L1","2",1.13501656437128,NA
"1710","slope.2.rSigma.L1","rSigma","2","L1","2",0.199356959086032,NA
"1711","mean.2.rConnect.L1","rConnect","3","L1","2",0.436308288726844,NA
"1712","min.2.rConnect.L1","rConnect","3","L1","2",0.298696407164106,NA
"1713","max.2.rConnect.L1","rConnect","3","L1","2",0.591651016155519,NA
"1714","range.2.rConnect.L1","rConnect","3","L1","2",0.292954608991413,NA
"1715","slope.2.rConnect.L1","rConnect","3","L1","2",-0.0287678258837807,NA
"1716","mean.2.rTau1.L1","rTau1","4","L1","2",2065.59052779587,NA
"1717","min.2.rTau1.L1","rTau1","4","L1","2",1339.44821447394,NA
"1718","max.2.rTau1.L1","rTau1","4","L1","2",3133.46575368279,NA
"1719","range.2.rTau1.L1","rTau1","4","L1","2",1794.01753920885,NA
"1720","slope.2.rTau1.L1","rTau1","4","L1","2",-283.291685362287,NA
"1721","mean.2.rTau2.L1","rTau2","5","L1","2",6408846.6892959,NA
"1722","min.2.rTau2.L1","rTau2","5","L1","2",3544516.94128443,NA
"1723","max.2.rTau2.L1","rTau2","5","L1","2",9403080.01215255,NA
"1724","range.2.rTau2.L1","rTau2","5","L1","2",5858563.07086812,NA
"1725","slope.2.rTau2.L1","rTau2","5","L1","2",821293.918832051,NA
"1726","mean.2.rNPQ.L1","rNPQ","6","L1","2",0.198796244815571,NA
"1727","min.2.rNPQ.L1","rNPQ","6","L1","2",0.110730476729741,NA
"1728","max.2.rNPQ.L1","rNPQ","6","L1","2",0.287738636354808,NA
"1729","range.2.rNPQ.L1","rNPQ","6","L1","2",0.177008159625067,NA
"1730","slope.2.rNPQ.L1","rNPQ","6","L1","2",0.0294701094633493,NA
"1731","mean.2.rqP.L1","rqP","7","L1","2",0.430846824948627,NA
"1732","min.2.rqP.L1","rqP","7","L1","2",0.300805401546026,NA
"1733","max.2.rqP.L1","rqP","7","L1","2",0.564815279441877,NA
"1734","range.2.rqP.L1","rqP","7","L1","2",0.264009877895851,NA
"1735","slope.2.rqP.L1","rqP","7","L1","2",0.044364935405306,NA
"1736","mean.2.rABQ.L1","rABQ","8","L1","2",0.342655274327331,NA
"1737","min.2.rABQ.L1","rABQ","8","L1","2",0.214346832433293,NA
"1738","max.2.rABQ.L1","rABQ","8","L1","2",0.452460651595879,NA
"1739","range.2.rABQ.L1","rABQ","8","L1","2",0.238113819162586,NA
"1740","slope.2.rABQ.L1","rABQ","8","L1","2",-0.0418228670793973,NA
"1741","mean.2.rqm.L1","rqm","9","L1","2",0.867036068491558,NA
"1742","min.2.rqm.L1","rqm","9","L1","2",0.846010855799719,NA
"1743","max.2.rqm.L1","rqm","9","L1","2",0.888391724991509,NA
"1744","range.2.rqm.L1","rqm","9","L1","2",0.04238086919179,NA
"1745","slope.2.rqm.L1","rqm","9","L1","2",-0.00408921145074205,NA
"1746","mean.3.rQuant.L1","rQuant","1","L1","3",0.0476115486959916,NA
"1747","min.3.rQuant.L1","rQuant","1","L1","3",0.0429056390834212,NA
"1748","max.3.rQuant.L1","rQuant","1","L1","3",0.0546528892352141,NA
"1749","range.3.rQuant.L1","rQuant","1","L1","3",0.0117472501517929,NA
"1750","slope.3.rQuant.L1","rQuant","1","L1","3",0.00146177157565288,NA
"1751","mean.3.rSigma.L1","rSigma","2","L1","3",3.08686955120203,NA
"1752","min.3.rSigma.L1","rSigma","2","L1","3",2.66100420340801,NA
"1753","max.3.rSigma.L1","rSigma","2","L1","3",3.40191723775534,NA
"1754","range.3.rSigma.L1","rSigma","2","L1","3",0.74091303434733,NA
"1755","slope.3.rSigma.L1","rSigma","2","L1","3",0.122058410946889,NA
"1756","mean.3.rConnect.L1","rConnect","3","L1","3",0.367967391754687,NA
"1757","min.3.rConnect.L1","rConnect","3","L1","3",0.239030628959542,NA
"1758","max.3.rConnect.L1","rConnect","3","L1","3",0.534914364745904,NA
"1759","range.3.rConnect.L1","rConnect","3","L1","3",0.295883735786362,NA
"1760","slope.3.rConnect.L1","rConnect","3","L1","3",-0.0423305390862874,NA
"1761","mean.3.rTau1.L1","rTau1","4","L1","3",2066.74030055835,NA
"1762","min.3.rTau1.L1","rTau1","4","L1","3",930.817787055399,NA
"1763","max.3.rTau1.L1","rTau1","4","L1","3",3987.91291897893,NA
"1764","range.3.rTau1.L1","rTau1","4","L1","3",3057.09513192353,NA
"1765","slope.3.rTau1.L1","rTau1","4","L1","3",-461.334770417987,NA
"1766","mean.3.rTau2.L1","rTau2","5","L1","3",7234169.44400978,NA
"1767","min.3.rTau2.L1","rTau2","5","L1","3",4117897.71496138,NA
"1768","max.3.rTau2.L1","rTau2","5","L1","3",11847007.1282565,NA
"1769","range.3.rTau2.L1","rTau2","5","L1","3",7729109.41329512,NA
"1770","slope.3.rTau2.L1","rTau2","5","L1","3",881263.227107919,NA
"1771","mean.3.rNPQ.L1","rNPQ","6","L1","3",0.198823799695051,NA
"1772","min.3.rNPQ.L1","rNPQ","6","L1","3",0.117725815212392,NA
"1773","max.3.rNPQ.L1","rNPQ","6","L1","3",0.286754921672831,NA
"1774","range.3.rNPQ.L1","rNPQ","6","L1","3",0.169029106460439,NA
"1775","slope.3.rNPQ.L1","rNPQ","6","L1","3",0.0290360761437343,NA
"1776","mean.3.rqP.L1","rqP","7","L1","3",0.431299922686755,NA
"1777","min.3.rqP.L1","rqP","7","L1","3",0.307765305347952,NA
"1778","max.3.rqP.L1","rqP","7","L1","3",0.562156641809707,NA
"1779","range.3.rqP.L1","rqP","7","L1","3",0.254391336461755,NA
"1780","slope.3.rqP.L1","rqP","7","L1","3",0.043240465432444,NA
"1781","mean.3.rABQ.L1","rABQ","8","L1","3",0.254011257757101,NA
"1782","min.3.rABQ.L1","rABQ","8","L1","3",0.177875216521762,NA
"1783","max.3.rABQ.L1","rABQ","8","L1","3",0.356928063892298,NA
"1784","range.3.rABQ.L1","rABQ","8","L1","3",0.179052847370536,NA
"1785","slope.3.rABQ.L1","rABQ","8","L1","3",-0.0294972621784356,NA
"1786","mean.3.rqm.L1","rqm","9","L1","3",0.860614989379483,NA
"1787","min.3.rqm.L1","rqm","9","L1","3",0.840001139321612,NA
"1788","max.3.rqm.L1","rqm","9","L1","3",0.874391757396746,NA
"1789","range.3.rqm.L1","rqm","9","L1","3",0.034390618075134,NA
"1790","slope.3.rqm.L1","rqm","9","L1","3",-0.00427940388787004,NA
"1791","mean.4.rQuant.L1","rQuant","1","L1","4",0.0504101516161122,NA
"1792","min.4.rQuant.L1","rQuant","1","L1","4",0.0417384415995423,NA
"1793","max.4.rQuant.L1","rQuant","1","L1","4",0.0619588734469555,NA
"1794","range.4.rQuant.L1","rQuant","1","L1","4",0.0202204318474132,NA
"1795","slope.4.rQuant.L1","rQuant","1","L1","4",0.00213584560337105,NA
"1796","mean.4.rSigma.L1","rSigma","2","L1","4",3.07031502902957,NA
"1797","min.4.rSigma.L1","rSigma","2","L1","4",2.57663937989786,NA
"1798","max.4.rSigma.L1","rSigma","2","L1","4",3.8137780417166,NA
"1799","range.4.rSigma.L1","rSigma","2","L1","4",1.23713866181874,NA
"1800","slope.4.rSigma.L1","rSigma","2","L1","4",0.180147112813728,NA
"1801","mean.4.rConnect.L1","rConnect","3","L1","4",0.380738199413906,NA
"1802","min.4.rConnect.L1","rConnect","3","L1","4",0.276661789589491,NA
"1803","max.4.rConnect.L1","rConnect","3","L1","4",0.483295540268664,NA
"1804","range.4.rConnect.L1","rConnect","3","L1","4",0.206633750679173,NA
"1805","slope.4.rConnect.L1","rConnect","3","L1","4",-0.0281030088833554,NA
"1806","mean.4.rTau1.L1","rTau1","4","L1","4",1264.87473482283,NA
"1807","min.4.rTau1.L1","rTau1","4","L1","4",797.90810278647,NA
"1808","max.4.rTau1.L1","rTau1","4","L1","4",1711.22204165345,NA
"1809","range.4.rTau1.L1","rTau1","4","L1","4",913.31393886698,NA
"1810","slope.4.rTau1.L1","rTau1","4","L1","4",-149.130096605729,NA
"1811","mean.4.rTau2.L1","rTau2","5","L1","4",6833430.13574534,NA
"1812","min.4.rTau2.L1","rTau2","5","L1","4",4656274.39243833,NA
"1813","max.4.rTau2.L1","rTau2","5","L1","4",10198363.6108475,NA
"1814","range.4.rTau2.L1","rTau2","5","L1","4",5542089.21840917,NA
"1815","slope.4.rTau2.L1","rTau2","5","L1","4",721866.151530338,NA
"1816","mean.4.rNPQ.L1","rNPQ","6","L1","4",0.224837385218239,NA
"1817","min.4.rNPQ.L1","rNPQ","6","L1","4",0.149851591889159,NA
"1818","max.4.rNPQ.L1","rNPQ","6","L1","4",0.307408437351014,NA
"1819","range.4.rNPQ.L1","rNPQ","6","L1","4",0.157556845461855,NA
"1820","slope.4.rNPQ.L1","rNPQ","6","L1","4",0.0276234435123997,NA
"1821","mean.4.rqP.L1","rqP","7","L1","4",0.459938725878988,NA
"1822","min.4.rqP.L1","rqP","7","L1","4",0.349641832329491,NA
"1823","max.4.rqP.L1","rqP","7","L1","4",0.582768386855856,NA
"1824","range.4.rqP.L1","rqP","7","L1","4",0.233126554526365,NA
"1825","slope.4.rqP.L1","rqP","7","L1","4",0.0395271909353698,NA
"1826","mean.4.rABQ.L1","rABQ","8","L1","4",0.164512906599309,NA
"1827","min.4.rABQ.L1","rABQ","8","L1","4",-0.0377965455734663,NA
"1828","max.4.rABQ.L1","rABQ","8","L1","4",0.298850793518397,NA
"1829","range.4.rABQ.L1","rABQ","8","L1","4",0.336647339091863,NA
"1830","slope.4.rABQ.L1","rABQ","8","L1","4",-0.0490212197270323,NA
"1831","mean.4.rqm.L1","rqm","9","L1","4",0.850886477288302,NA
"1832","min.4.rqm.L1","rqm","9","L1","4",0.816725290705715,NA
"1833","max.4.rqm.L1","rqm","9","L1","4",0.876537446131882,NA
"1834","range.4.rqm.L1","rqm","9","L1","4",0.059812155426167,NA
"1835","slope.4.rqm.L1","rqm","9","L1","4",-0.00631784376115925,NA
"1836","mean.1.rQuant.L2","rQuant","1","L2","1",0.117515974661868,NA
"1837","min.1.rQuant.L2","rQuant","1","L2","1",0.0975976030700547,NA
"1838","max.1.rQuant.L2","rQuant","1","L2","1",0.132228509123051,NA
"1839","range.1.rQuant.L2","rQuant","1","L2","1",0.0346309060529963,NA
"1840","slope.1.rQuant.L2","rQuant","1","L2","1",0.00666688018489302,NA
"1841","mean.1.rSigma.L2","rSigma","2","L2","1",5.10332165756159,NA
"1842","min.1.rSigma.L2","rSigma","2","L2","1",4.89272863409802,NA
"1843","max.1.rSigma.L2","rSigma","2","L2","1",5.27021632546221,NA
"1844","range.1.rSigma.L2","rSigma","2","L2","1",0.377487691364189,NA
"1845","slope.1.rSigma.L2","rSigma","2","L2","1",0.0367903921588123,NA
"1846","mean.1.rConnect.L2","rConnect","3","L2","1",0.241791819847003,NA
"1847","min.1.rConnect.L2","rConnect","3","L2","1",0.142568532071235,NA
"1848","max.1.rConnect.L2","rConnect","3","L2","1",0.295907026496943,NA
"1849","range.1.rConnect.L2","rConnect","3","L2","1",0.153338494425708,NA
"1850","slope.1.rConnect.L2","rConnect","3","L2","1",0.00316676413146158,NA
"1851","mean.1.rTau1.L2","rTau1","4","L2","1",1689.18946428997,NA
"1852","min.1.rTau1.L2","rTau1","4","L2","1",1470.38842263643,NA
"1853","max.1.rTau1.L2","rTau1","4","L2","1",1766.75349542684,NA
"1854","range.1.rTau1.L2","rTau1","4","L2","1",296.36507279041,NA
"1855","slope.1.rTau1.L2","rTau1","4","L2","1",-29.4686316906143,NA
"1856","mean.1.rTau2.L2","rTau2","5","L2","1",4226333.11342355,NA
"1857","min.1.rTau2.L2","rTau2","5","L2","1",3036308.52445772,NA
"1858","max.1.rTau2.L2","rTau2","5","L2","1",5286422.70212416,NA
"1859","range.1.rTau2.L2","rTau2","5","L2","1",2250114.17766644,NA
"1860","slope.1.rTau2.L2","rTau2","5","L2","1",-290672.663800044,NA
"1861","mean.1.rNPQ.L2","rNPQ","6","L2","1",0.247597848801695,NA
"1862","min.1.rNPQ.L2","rNPQ","6","L2","1",0.23360456566868,NA
"1863","max.1.rNPQ.L2","rNPQ","6","L2","1",0.265439081007016,NA
"1864","range.1.rNPQ.L2","rNPQ","6","L2","1",0.031834515338336,NA
"1865","slope.1.rNPQ.L2","rNPQ","6","L2","1",-0.00545322323728609,NA
"1866","mean.1.rqP.L2","rqP","7","L2","1",0.64296022210094,NA
"1867","min.1.rqP.L2","rqP","7","L2","1",0.630230408158916,NA
"1868","max.1.rqP.L2","rqP","7","L2","1",0.652220572907121,NA
"1869","range.1.rqP.L2","rqP","7","L2","1",0.021990164748205,NA
"1870","slope.1.rqP.L2","rqP","7","L2","1",0.00493768030440487,NA
"1871","mean.1.rABQ.L2","rABQ","8","L2","1",-0.0438823664289698,NA
"1872","min.1.rABQ.L2","rABQ","8","L2","1",-0.0780206027704589,NA
"1873","max.1.rABQ.L2","rABQ","8","L2","1",-0.000805649255782193,NA
"1874","range.1.rABQ.L2","rABQ","8","L2","1",0.0772149535146767,NA
"1875","slope.1.rABQ.L2","rABQ","8","L2","1",-0.0075254597310532,NA
"1876","mean.1.rqm.L2","rqm","9","L2","1",0.67547476525872,NA
"1877","min.1.rqm.L2","rqm","9","L2","1",0.634845491550249,NA
"1878","max.1.rqm.L2","rqm","9","L2","1",0.730480173970992,NA
"1879","range.1.rqm.L2","rqm","9","L2","1",0.0956346824207429,NA
"1880","slope.1.rqm.L2","rqm","9","L2","1",-0.0184108659543497,NA
"1881","mean.2.rQuant.L2","rQuant","1","L2","2",0.112196507620404,NA
"1882","min.2.rQuant.L2","rQuant","1","L2","2",0.0931986404504335,NA
"1883","max.2.rQuant.L2","rQuant","1","L2","2",0.127005069496725,NA
"1884","range.2.rQuant.L2","rQuant","1","L2","2",0.0338064290462915,NA
"1885","slope.2.rQuant.L2","rQuant","1","L2","2",0.00656026708394996,NA
"1886","mean.2.rSigma.L2","rSigma","2","L2","2",4.52000574783916,NA
"1887","min.2.rSigma.L2","rSigma","2","L2","2",4.22392984452712,NA
"1888","max.2.rSigma.L2","rSigma","2","L2","2",4.66594417856947,NA
"1889","range.2.rSigma.L2","rSigma","2","L2","2",0.44201433404235,NA
"1890","slope.2.rSigma.L2","rSigma","2","L2","2",0.056395761190854,NA
"1891","mean.2.rConnect.L2","rConnect","3","L2","2",0.22074701669169,NA
"1892","min.2.rConnect.L2","rConnect","3","L2","2",0.164446167060569,NA
"1893","max.2.rConnect.L2","rConnect","3","L2","2",0.264821169971326,NA
"1894","range.2.rConnect.L2","rConnect","3","L2","2",0.100375002910757,NA
"1895","slope.2.rConnect.L2","rConnect","3","L2","2",0.00995578918588855,NA
"1896","mean.2.rTau1.L2","rTau1","4","L2","2",1729.50085104293,NA
"1897","min.2.rTau1.L2","rTau1","4","L2","2",1618.28556197901,NA
"1898","max.2.rTau1.L2","rTau1","4","L2","2",1891.60457188372,NA
"1899","range.2.rTau1.L2","rTau1","4","L2","2",273.31900990471,NA
"1900","slope.2.rTau1.L2","rTau1","4","L2","2",-26.9225115521282,NA
"1901","mean.2.rTau2.L2","rTau2","5","L2","2",4029497.01265322,NA
"1902","min.2.rTau2.L2","rTau2","5","L2","2",3202125.97962753,NA
"1903","max.2.rTau2.L2","rTau2","5","L2","2",5371813.29841819,NA
"1904","range.2.rTau2.L2","rTau2","5","L2","2",2169687.31879066,NA
"1905","slope.2.rTau2.L2","rTau2","5","L2","2",-349449.018949562,NA
"1906","mean.2.rNPQ.L2","rNPQ","6","L2","2",0.296238973501498,NA
"1907","min.2.rNPQ.L2","rNPQ","6","L2","2",0.283806613115071,NA
"1908","max.2.rNPQ.L2","rNPQ","6","L2","2",0.316966553866178,NA
"1909","range.2.rNPQ.L2","rNPQ","6","L2","2",0.033159940751107,NA
"1910","slope.2.rNPQ.L2","rNPQ","6","L2","2",-0.00625578361934509,NA
"1911","mean.2.rqP.L2","rqP","7","L2","2",0.674446951844328,NA
"1912","min.2.rqP.L2","rqP","7","L2","2",0.666593232906601,NA
"1913","max.2.rqP.L2","rqP","7","L2","2",0.684888728306598,NA
"1914","range.2.rqP.L2","rqP","7","L2","2",0.018295495399997,NA
"1915","slope.2.rqP.L2","rqP","7","L2","2",0.00375400714947571,NA
"1916","mean.2.rABQ.L2","rABQ","8","L2","2",0.0517531945879537,NA
"1917","min.2.rABQ.L2","rABQ","8","L2","2",0.0211369391123896,NA
"1918","max.2.rABQ.L2","rABQ","8","L2","2",0.113866617697946,NA
"1919","range.2.rABQ.L2","rABQ","8","L2","2",0.0927296785855564,NA
"1920","slope.2.rABQ.L2","rABQ","8","L2","2",-0.0118312018549036,NA
"1921","mean.2.rqm.L2","rqm","9","L2","2",0.668309994345646,NA
"1922","min.2.rqm.L2","rqm","9","L2","2",0.624530984850019,NA
"1923","max.2.rqm.L2","rqm","9","L2","2",0.724473976653792,NA
"1924","range.2.rqm.L2","rqm","9","L2","2",0.099942991803773,NA
"1925","slope.2.rqm.L2","rqm","9","L2","2",-0.0193943204857271,NA
"1926","mean.3.rQuant.L2","rQuant","1","L2","3",0.115023166293232,NA
"1927","min.3.rQuant.L2","rQuant","1","L2","3",0.0922787721691664,NA
"1928","max.3.rQuant.L2","rQuant","1","L2","3",0.12856764934265,NA
"1929","range.3.rQuant.L2","rQuant","1","L2","3",0.0362888771734836,NA
"1930","slope.3.rQuant.L2","rQuant","1","L2","3",0.00716831122731565,NA
"1931","mean.3.rSigma.L2","rSigma","2","L2","3",4.2177746651704,NA
"1932","min.3.rSigma.L2","rSigma","2","L2","3",3.83886786747731,NA
"1933","max.3.rSigma.L2","rSigma","2","L2","3",4.56451449209144,NA
"1934","range.3.rSigma.L2","rSigma","2","L2","3",0.72564662461413,NA
"1935","slope.3.rSigma.L2","rSigma","2","L2","3",0.113147001968178,NA
"1936","mean.3.rConnect.L2","rConnect","3","L2","3",0.240490299600801,NA
"1937","min.3.rConnect.L2","rConnect","3","L2","3",0.199815449461475,NA
"1938","max.3.rConnect.L2","rConnect","3","L2","3",0.299588307853958,NA
"1939","range.3.rConnect.L2","rConnect","3","L2","3",0.099772858392483,NA
"1940","slope.3.rConnect.L2","rConnect","3","L2","3",-0.00561866971226849,NA
"1941","mean.3.rTau1.L2","rTau1","4","L2","3",1654.20903345114,NA
"1942","min.3.rTau1.L2","rTau1","4","L2","3",1499.96138727407,NA
"1943","max.3.rTau1.L2","rTau1","4","L2","3",1853.59819865966,NA
"1944","range.3.rTau1.L2","rTau1","4","L2","3",353.63681138559,NA
"1945","slope.3.rTau1.L2","rTau1","4","L2","3",-65.9674955831789,NA
"1946","mean.3.rTau2.L2","rTau2","5","L2","3",4272099.10283796,NA
"1947","min.3.rTau2.L2","rTau2","5","L2","3",3280459.05022069,NA
"1948","max.3.rTau2.L2","rTau2","5","L2","3",5868298.62297824,NA
"1949","range.3.rTau2.L2","rTau2","5","L2","3",2587839.57275755,NA
"1950","slope.3.rTau2.L2","rTau2","5","L2","3",-506851.823120443,NA
"1951","mean.3.rNPQ.L2","rNPQ","6","L2","3",0.30246412097079,NA
"1952","min.3.rNPQ.L2","rNPQ","6","L2","3",0.291442950538625,NA
"1953","max.3.rNPQ.L2","rNPQ","6","L2","3",0.319674478406243,NA
"1954","range.3.rNPQ.L2","rNPQ","6","L2","3",0.028231527867618,NA
"1955","slope.3.rNPQ.L2","rNPQ","6","L2","3",-0.00551731419793111,NA
"1956","mean.3.rqP.L2","rqP","7","L2","3",0.679209697777093,NA
"1957","min.3.rqP.L2","rqP","7","L2","3",0.661394908819246,NA
"1958","max.3.rqP.L2","rqP","7","L2","3",0.690798166234352,NA
"1959","range.3.rqP.L2","rqP","7","L2","3",0.029403257415106,NA
"1960","slope.3.rqP.L2","rqP","7","L2","3",0.00554406944133321,NA
"1961","mean.3.rABQ.L2","rABQ","8","L2","3",-0.0192890776058897,NA
"1962","min.3.rABQ.L2","rABQ","8","L2","3",-0.103084004174659,NA
"1963","max.3.rABQ.L2","rABQ","8","L2","3",0.072279484249368,NA
"1964","range.3.rABQ.L2","rABQ","8","L2","3",0.175363488424027,NA
"1965","slope.3.rABQ.L2","rABQ","8","L2","3",-0.027343685337765,NA
"1966","mean.3.rqm.L2","rqm","9","L2","3",0.663264361389331,NA
"1967","min.3.rqm.L2","rqm","9","L2","3",0.623612260892727,NA
"1968","max.3.rqm.L2","rqm","9","L2","3",0.729849627010129,NA
"1969","range.3.rqm.L2","rqm","9","L2","3",0.106237366117402,NA
"1970","slope.3.rqm.L2","rqm","9","L2","3",-0.0209855626190683,NA
"1971","mean.4.rQuant.L2","rQuant","1","L2","4",0.117084393371536,NA
"1972","min.4.rQuant.L2","rQuant","1","L2","4",0.0963628808344347,NA
"1973","max.4.rQuant.L2","rQuant","1","L2","4",0.132170181977786,NA
"1974","range.4.rQuant.L2","rQuant","1","L2","4",0.0358073011433513,NA
"1975","slope.4.rQuant.L2","rQuant","1","L2","4",0.00731890360831381,NA
"1976","mean.4.rSigma.L2","rSigma","2","L2","4",3.84703555556533,NA
"1977","min.4.rSigma.L2","rSigma","2","L2","4",3.66284854131408,NA
"1978","max.4.rSigma.L2","rSigma","2","L2","4",4.10651879309244,NA
"1979","range.4.rSigma.L2","rSigma","2","L2","4",0.44367025177836,NA
"1980","slope.4.rSigma.L2","rSigma","2","L2","4",-0.0467195950879458,NA
"1981","mean.4.rConnect.L2","rConnect","3","L2","4",0.208367982181247,NA
"1982","min.4.rConnect.L2","rConnect","3","L2","4",0.103235320677905,NA
"1983","max.4.rConnect.L2","rConnect","3","L2","4",0.258854375745139,NA
"1984","range.4.rConnect.L2","rConnect","3","L2","4",0.155619055067234,NA
"1985","slope.4.rConnect.L2","rConnect","3","L2","4",-0.00415454758257803,NA
"1986","mean.4.rTau1.L2","rTau1","4","L2","4",1257.98794178372,NA
"1987","min.4.rTau1.L2","rTau1","4","L2","4",1130.07370557428,NA
"1988","max.4.rTau1.L2","rTau1","4","L2","4",1363.59195643162,NA
"1989","range.4.rTau1.L2","rTau1","4","L2","4",233.51825085734,NA
"1990","slope.4.rTau1.L2","rTau1","4","L2","4",-33.654732112431,NA
"1991","mean.4.rTau2.L2","rTau2","5","L2","4",4437462.61938701,NA
"1992","min.4.rTau2.L2","rTau2","5","L2","4",3180590.30042374,NA
"1993","max.4.rTau2.L2","rTau2","5","L2","4",5680157.98193466,NA
"1994","range.4.rTau2.L2","rTau2","5","L2","4",2499567.68151092,NA
"1995","slope.4.rTau2.L2","rTau2","5","L2","4",-522246.393256277,NA
"1996","mean.4.rNPQ.L2","rNPQ","6","L2","4",0.331998630333754,NA
"1997","min.4.rNPQ.L2","rNPQ","6","L2","4",0.319433169683928,NA
"1998","max.4.rNPQ.L2","rNPQ","6","L2","4",0.348905323469104,NA
"1999","range.4.rNPQ.L2","rNPQ","6","L2","4",0.029472153785176,NA
"2000","slope.4.rNPQ.L2","rNPQ","6","L2","4",-0.00659596599187936,NA
"2001","mean.4.rqP.L2","rqP","7","L2","4",0.695526081971575,NA
"2002","min.4.rqP.L2","rqP","7","L2","4",0.680908924112599,NA
"2003","max.4.rqP.L2","rqP","7","L2","4",0.706022544979252,NA
"2004","range.4.rqP.L2","rqP","7","L2","4",0.025113620866653,NA
"2005","slope.4.rqP.L2","rqP","7","L2","4",0.00455055828500907,NA
"2006","mean.4.rABQ.L2","rABQ","8","L2","4",-0.0468465040684406,NA
"2007","min.4.rABQ.L2","rABQ","8","L2","4",-0.117456488339745,NA
"2008","max.4.rABQ.L2","rABQ","8","L2","4",0.0032740443847169,NA
"2009","range.4.rABQ.L2","rABQ","8","L2","4",0.120730532724462,NA
"2010","slope.4.rABQ.L2","rABQ","8","L2","4",0.012713229208021,NA
"2011","mean.4.rqm.L2","rqm","9","L2","4",0.653663681015163,NA
"2012","min.4.rqm.L2","rqm","9","L2","4",0.609039830265963,NA
"2013","max.4.rqm.L2","rqm","9","L2","4",0.714958036046108,NA
"2014","range.4.rqm.L2","rqm","9","L2","4",0.105918205780145,NA
"2015","slope.4.rqm.L2","rqm","9","L2","4",-0.0216493595919716,NA
"2016","mean.1.rQuant.L3","rQuant","1","L3","1",0.0549648766972031,NA
"2017","min.1.rQuant.L3","rQuant","1","L3","1",0.0467835958006614,NA
"2018","max.1.rQuant.L3","rQuant","1","L3","1",0.0620092244322475,NA
"2019","range.1.rQuant.L3","rQuant","1","L3","1",0.0152256286315861,NA
"2020","slope.1.rQuant.L3","rQuant","1","L3","1",0.00226433959028805,NA
"2021","mean.1.rSigma.L3","rSigma","2","L3","1",3.55973326589106,NA
"2022","min.1.rSigma.L3","rSigma","2","L3","1",3.28016463269271,NA
"2023","max.1.rSigma.L3","rSigma","2","L3","1",3.88961082770412,NA
"2024","range.1.rSigma.L3","rSigma","2","L3","1",0.60944619501141,NA
"2025","slope.1.rSigma.L3","rSigma","2","L3","1",0.0522135900108177,NA
"2026","mean.1.rConnect.L3","rConnect","3","L3","1",0.325412363320027,NA
"2027","min.1.rConnect.L3","rConnect","3","L3","1",0.223508251390353,NA
"2028","max.1.rConnect.L3","rConnect","3","L3","1",0.497488976004015,NA
"2029","range.1.rConnect.L3","rConnect","3","L3","1",0.273980724613662,NA
"2030","slope.1.rConnect.L3","rConnect","3","L3","1",-0.0303521292456728,NA
"2031","mean.1.rTau1.L3","rTau1","4","L3","1",1487.42052500911,NA
"2032","min.1.rTau1.L3","rTau1","4","L3","1",1111.91427437666,NA
"2033","max.1.rTau1.L3","rTau1","4","L3","1",2012.5286702488,NA
"2034","range.1.rTau1.L3","rTau1","4","L3","1",900.61439587214,NA
"2035","slope.1.rTau1.L3","rTau1","4","L3","1",-135.966630873609,NA
"2036","mean.1.rTau2.L3","rTau2","5","L3","1",10004835.4598863,NA
"2037","min.1.rTau2.L3","rTau2","5","L3","1",7194894.21226959,NA
"2038","max.1.rTau2.L3","rTau2","5","L3","1",14260429.6044727,NA
"2039","range.1.rTau2.L3","rTau2","5","L3","1",7065535.39220311,NA
"2040","slope.1.rTau2.L3","rTau2","5","L3","1",-644767.875019178,NA
"2041","mean.1.rNPQ.L3","rNPQ","6","L3","1",0.3015074491392,NA
"2042","min.1.rNPQ.L3","rNPQ","6","L3","1",0.208350355341865,NA
"2043","max.1.rNPQ.L3","rNPQ","6","L3","1",0.386047198377149,NA
"2044","range.1.rNPQ.L3","rNPQ","6","L3","1",0.177696843035284,NA
"2045","slope.1.rNPQ.L3","rNPQ","6","L3","1",0.0276863849092954,NA
"2046","mean.1.rqP.L3","rqP","7","L3","1",0.598423971465956,NA
"2047","min.1.rqP.L3","rqP","7","L3","1",0.471778733506686,NA
"2048","max.1.rqP.L3","rqP","7","L3","1",0.707056789907236,NA
"2049","range.1.rqP.L3","rqP","7","L3","1",0.23527805640055,NA
"2050","slope.1.rqP.L3","rqP","7","L3","1",0.0379422546135686,NA
"2051","mean.1.rABQ.L3","rABQ","8","L3","1",0.271858010370878,NA
"2052","min.1.rABQ.L3","rABQ","8","L3","1",0.204381689463885,NA
"2053","max.1.rABQ.L3","rABQ","8","L3","1",0.329043660420977,NA
"2054","range.1.rABQ.L3","rABQ","8","L3","1",0.124661970957092,NA
"2055","slope.1.rABQ.L3","rABQ","8","L3","1",-0.0106802685696842,NA
"2056","mean.1.rqm.L3","rqm","9","L3","1",0.848212214858365,NA
"2057","min.1.rqm.L3","rqm","9","L3","1",0.828758956619285,NA
"2058","max.1.rqm.L3","rqm","9","L3","1",0.870805161145659,NA
"2059","range.1.rqm.L3","rqm","9","L3","1",0.042046204526374,NA
"2060","slope.1.rqm.L3","rqm","9","L3","1",-0.00625306762920172,NA
"2061","mean.2.rQuant.L3","rQuant","1","L3","2",0.0522355654673597,NA
"2062","min.2.rQuant.L3","rQuant","1","L3","2",0.0493626640518604,NA
"2063","max.2.rQuant.L3","rQuant","1","L3","2",0.0576840779266337,NA
"2064","range.2.rQuant.L3","rQuant","1","L3","2",0.0083214138747733,NA
"2065","slope.2.rQuant.L3","rQuant","1","L3","2",0.000925943408467307,NA
"2066","mean.2.rSigma.L3","rSigma","2","L3","2",3.2632469153535,NA
"2067","min.2.rSigma.L3","rSigma","2","L3","2",2.98699706187289,NA
"2068","max.2.rSigma.L3","rSigma","2","L3","2",3.62199401138587,NA
"2069","range.2.rSigma.L3","rSigma","2","L3","2",0.63499694951298,NA
"2070","slope.2.rSigma.L3","rSigma","2","L3","2",0.0182277071198351,NA
"2071","mean.2.rConnect.L3","rConnect","3","L3","2",0.389356110940018,NA
"2072","min.2.rConnect.L3","rConnect","3","L3","2",0.281395367985384,NA
"2073","max.2.rConnect.L3","rConnect","3","L3","2",0.446189802379179,NA
"2074","range.2.rConnect.L3","rConnect","3","L3","2",0.164794434393795,NA
"2075","slope.2.rConnect.L3","rConnect","3","L3","2",0.0040116759056002,NA
"2076","mean.2.rTau1.L3","rTau1","4","L3","2",1309.65350889158,NA
"2077","min.2.rTau1.L3","rTau1","4","L3","2",1096.34226197237,NA
"2078","max.2.rTau1.L3","rTau1","4","L3","2",1514.97480534623,NA
"2079","range.2.rTau1.L3","rTau1","4","L3","2",418.63254337386,NA
"2080","slope.2.rTau1.L3","rTau1","4","L3","2",1.87535925301819,NA
"2081","mean.2.rTau2.L3","rTau2","5","L3","2",8161566.96915581,NA
"2082","min.2.rTau2.L3","rTau2","5","L3","2",5911531.61004226,NA
"2083","max.2.rTau2.L3","rTau2","5","L3","2",10057732.6789276,NA
"2084","range.2.rTau2.L3","rTau2","5","L3","2",4146201.06888534,NA
"2085","slope.2.rTau2.L3","rTau2","5","L3","2",104254.135442048,NA
"2086","mean.2.rNPQ.L3","rNPQ","6","L3","2",0.35964278211651,NA
"2087","min.2.rNPQ.L3","rNPQ","6","L3","2",0.256332070822489,NA
"2088","max.2.rNPQ.L3","rNPQ","6","L3","2",0.451705890710098,NA
"2089","range.2.rNPQ.L3","rNPQ","6","L3","2",0.195373819887609,NA
"2090","slope.2.rNPQ.L3","rNPQ","6","L3","2",0.0321117721186127,NA
"2091","mean.2.rqP.L3","rqP","7","L3","2",0.644856790165355,NA
"2092","min.2.rqP.L3","rqP","7","L3","2",0.520787263140848,NA
"2093","max.2.rqP.L3","rqP","7","L3","2",0.75101496471886,NA
"2094","range.2.rqP.L3","rqP","7","L3","2",0.230227701578012,NA
"2095","slope.2.rqP.L3","rqP","7","L3","2",0.0369346850133943,NA
"2096","mean.2.rABQ.L3","rABQ","8","L3","2",0.315407184109452,NA
"2097","min.2.rABQ.L3","rABQ","8","L3","2",0.240146043584097,NA
"2098","max.2.rABQ.L3","rABQ","8","L3","2",0.373361323035882,NA
"2099","range.2.rABQ.L3","rABQ","8","L3","2",0.133215279451785,NA
"2100","slope.2.rABQ.L3","rABQ","8","L3","2",-0.00382396970504585,NA
"2101","mean.2.rqm.L3","rqm","9","L3","2",0.84557438219159,NA
"2102","min.2.rqm.L3","rqm","9","L3","2",0.82946677628875,NA
"2103","max.2.rqm.L3","rqm","9","L3","2",0.854067629503488,NA
"2104","range.2.rqm.L3","rqm","9","L3","2",0.024600853214738,NA
"2105","slope.2.rqm.L3","rqm","9","L3","2",-0.00273739513737129,NA
"2106","mean.3.rQuant.L3","rQuant","1","L3","3",0.0550704427696418,NA
"2107","min.3.rQuant.L3","rQuant","1","L3","3",0.051885654362424,NA
"2108","max.3.rQuant.L3","rQuant","1","L3","3",0.0577623418169747,NA
"2109","range.3.rQuant.L3","rQuant","1","L3","3",0.0058766874545507,NA
"2110","slope.3.rQuant.L3","rQuant","1","L3","3",0.000656553879771844,NA
"2111","mean.3.rSigma.L3","rSigma","2","L3","3",3.21874595047745,NA
"2112","min.3.rSigma.L3","rSigma","2","L3","3",2.90319028928362,NA
"2113","max.3.rSigma.L3","rSigma","2","L3","3",3.51012328396879,NA
"2114","range.3.rSigma.L3","rSigma","2","L3","3",0.60693299468517,NA
"2115","slope.3.rSigma.L3","rSigma","2","L3","3",-0.0148809026759345,NA
"2116","mean.3.rConnect.L3","rConnect","3","L3","3",0.325703678361252,NA
"2117","min.3.rConnect.L3","rConnect","3","L3","3",0.226167820456309,NA
"2118","max.3.rConnect.L3","rConnect","3","L3","3",0.391943737845927,NA
"2119","range.3.rConnect.L3","rConnect","3","L3","3",0.165775917389618,NA
"2120","slope.3.rConnect.L3","rConnect","3","L3","3",0.0148888722787161,NA
"2121","mean.3.rTau1.L3","rTau1","4","L3","3",1236.52094594214,NA
"2122","min.3.rTau1.L3","rTau1","4","L3","3",964.614663842505,NA
"2123","max.3.rTau1.L3","rTau1","4","L3","3",1504.23065812878,NA
"2124","range.3.rTau1.L3","rTau1","4","L3","3",539.615994286275,NA
"2125","slope.3.rTau1.L3","rTau1","4","L3","3",-12.3589545973018,NA
"2126","mean.3.rTau2.L3","rTau2","5","L3","3",9829304.1979958,NA
"2127","min.3.rTau2.L3","rTau2","5","L3","3",7571470.9036164,NA
"2128","max.3.rTau2.L3","rTau2","5","L3","3",13982499.8439663,NA
"2129","range.3.rTau2.L3","rTau2","5","L3","3",6411028.9403499,NA
"2130","slope.3.rTau2.L3","rTau2","5","L3","3",566650.477451647,NA
"2131","mean.3.rNPQ.L3","rNPQ","6","L3","3",0.359091124143398,NA
"2132","min.3.rNPQ.L3","rNPQ","6","L3","3",0.260308223242264,NA
"2133","max.3.rNPQ.L3","rNPQ","6","L3","3",0.453523653811735,NA
"2134","range.3.rNPQ.L3","rNPQ","6","L3","3",0.193215430569471,NA
"2135","slope.3.rNPQ.L3","rNPQ","6","L3","3",0.0320607624353,NA
"2136","mean.3.rqP.L3","rqP","7","L3","3",0.642248318563549,NA
"2137","min.3.rqP.L3","rqP","7","L3","3",0.524840503274958,NA
"2138","max.3.rqP.L3","rqP","7","L3","3",0.745283531982078,NA
"2139","range.3.rqP.L3","rqP","7","L3","3",0.22044302870712,NA
"2140","slope.3.rqP.L3","rqP","7","L3","3",0.0358962656124164,NA
"2141","mean.3.rABQ.L3","rABQ","8","L3","3",0.222141330118378,NA
"2142","min.3.rABQ.L3","rABQ","8","L3","3",0.151725587916167,NA
"2143","max.3.rABQ.L3","rABQ","8","L3","3",0.298400131113045,NA
"2144","range.3.rABQ.L3","rABQ","8","L3","3",0.146674543196878,NA
"2145","slope.3.rABQ.L3","rABQ","8","L3","3",0.00359619533204357,NA
"2146","mean.3.rqm.L3","rqm","9","L3","3",0.838778732039663,NA
"2147","min.3.rqm.L3","rqm","9","L3","3",0.830898073090767,NA
"2148","max.3.rqm.L3","rqm","9","L3","3",0.848102347383466,NA
"2149","range.3.rqm.L3","rqm","9","L3","3",0.017204274292699,NA
"2150","slope.3.rqm.L3","rqm","9","L3","3",-0.00192209184559974,NA
"2151","mean.4.rQuant.L3","rQuant","1","L3","4",0.0576278995967835,NA
"2152","min.4.rQuant.L3","rQuant","1","L3","4",0.0535895332402049,NA
"2153","max.4.rQuant.L3","rQuant","1","L3","4",0.0631312720796861,NA
"2154","range.4.rQuant.L3","rQuant","1","L3","4",0.00954173883948119,NA
"2155","slope.4.rQuant.L3","rQuant","1","L3","4",0.00162293377976395,NA
"2156","mean.4.rSigma.L3","rSigma","2","L3","4",3.11379083619482,NA
"2157","min.4.rSigma.L3","rSigma","2","L3","4",2.75575610668093,NA
"2158","max.4.rSigma.L3","rSigma","2","L3","4",3.34506954303647,NA
"2159","range.4.rSigma.L3","rSigma","2","L3","4",0.58931343635554,NA
"2160","slope.4.rSigma.L3","rSigma","2","L3","4",0.0419720508208421,NA
"2161","mean.4.rConnect.L3","rConnect","3","L3","4",0.359455377201808,NA
"2162","min.4.rConnect.L3","rConnect","3","L3","4",0.259336622124275,NA
"2163","max.4.rConnect.L3","rConnect","3","L3","4",0.445859255787837,NA
"2164","range.4.rConnect.L3","rConnect","3","L3","4",0.186522633663562,NA
"2165","slope.4.rConnect.L3","rConnect","3","L3","4",-0.0203337967893152,NA
"2166","mean.4.rTau1.L3","rTau1","4","L3","4",994.808188618864,NA
"2167","min.4.rTau1.L3","rTau1","4","L3","4",844.717470720875,NA
"2168","max.4.rTau1.L3","rTau1","4","L3","4",1207.14303006827,NA
"2169","range.4.rTau1.L3","rTau1","4","L3","4",362.425559347395,NA
"2170","slope.4.rTau1.L3","rTau1","4","L3","4",-20.9975320617705,NA
"2171","mean.4.rTau2.L3","rTau2","5","L3","4",10382196.9929987,NA
"2172","min.4.rTau2.L3","rTau2","5","L3","4",7302501.21862192,NA
"2173","max.4.rTau2.L3","rTau2","5","L3","4",13526489.1551657,NA
"2174","range.4.rTau2.L3","rTau2","5","L3","4",6223987.93654378,NA
"2175","slope.4.rTau2.L3","rTau2","5","L3","4",-248023.249403051,NA
"2176","mean.4.rNPQ.L3","rNPQ","6","L3","4",0.385527144324028,NA
"2177","min.4.rNPQ.L3","rNPQ","6","L3","4",0.285752668948257,NA
"2178","max.4.rNPQ.L3","rNPQ","6","L3","4",0.483865132942328,NA
"2179","range.4.rNPQ.L3","rNPQ","6","L3","4",0.198112463994071,NA
"2180","slope.4.rNPQ.L3","rNPQ","6","L3","4",0.0314157879901465,NA
"2181","mean.4.rqP.L3","rqP","7","L3","4",0.656625079567639,NA
"2182","min.4.rqP.L3","rqP","7","L3","4",0.545516927818388,NA
"2183","max.4.rqP.L3","rqP","7","L3","4",0.760394299771764,NA
"2184","range.4.rqP.L3","rqP","7","L3","4",0.214877371953376,NA
"2185","slope.4.rqP.L3","rqP","7","L3","4",0.0342833321041848,NA
"2186","mean.4.rABQ.L3","rABQ","8","L3","4",0.152682369531187,NA
"2187","min.4.rABQ.L3","rABQ","8","L3","4",0.0897473375499005,NA
"2188","max.4.rABQ.L3","rABQ","8","L3","4",0.250109960078013,NA
"2189","range.4.rABQ.L3","rABQ","8","L3","4",0.160362622528113,NA
"2190","slope.4.rABQ.L3","rABQ","8","L3","4",-0.0114213383359085,NA
"2191","mean.4.rqm.L3","rqm","9","L3","4",0.829536336633317,NA
"2192","min.4.rqm.L3","rqm","9","L3","4",0.813257328707105,NA
"2193","max.4.rqm.L3","rqm","9","L3","4",0.841481847886994,NA
"2194","range.4.rqm.L3","rqm","9","L3","4",0.028224519179889,NA
"2195","slope.4.rqm.L3","rqm","9","L3","4",-0.00480064759319342,NA
"2196","mean.1.rQuant.R1","rQuant","1","R1","1",0.215453675225033,NA
"2197","min.1.rQuant.R1","rQuant","1","R1","1",0.202691485257842,NA
"2198","max.1.rQuant.R1","rQuant","1","R1","1",0.226561642867626,NA
"2199","range.1.rQuant.R1","rQuant","1","R1","1",0.023870157609784,NA
"2200","slope.1.rQuant.R1","rQuant","1","R1","1",0.00556852192994651,NA
"2201","mean.1.rSigma.R1","rSigma","2","R1","1",5.41734857906699,NA
"2202","min.1.rSigma.R1","rSigma","2","R1","1",5.18390162688732,NA
"2203","max.1.rSigma.R1","rSigma","2","R1","1",5.61162332659602,NA
"2204","range.1.rSigma.R1","rSigma","2","R1","1",0.4277216997087,NA
"2205","slope.1.rSigma.R1","rSigma","2","R1","1",0.08309055962623,NA
"2206","mean.1.rConnect.R1","rConnect","3","R1","1",0.2377554484685,NA
"2207","min.1.rConnect.R1","rConnect","3","R1","1",0.219611780733256,NA
"2208","max.1.rConnect.R1","rConnect","3","R1","1",0.248869682023601,NA
"2209","range.1.rConnect.R1","rConnect","3","R1","1",0.029257901290345,NA
"2210","slope.1.rConnect.R1","rConnect","3","R1","1",0.00310828979924309,NA
"2211","mean.1.rTau1.R1","rTau1","4","R1","1",1346.65995769051,NA
"2212","min.1.rTau1.R1","rTau1","4","R1","1",1149.93296875344,NA
"2213","max.1.rTau1.R1","rTau1","4","R1","1",1468.07996800252,NA
"2214","range.1.rTau1.R1","rTau1","4","R1","1",318.14699924908,NA
"2215","slope.1.rTau1.R1","rTau1","4","R1","1",21.3461985961681,NA
"2216","mean.1.rTau2.R1","rTau2","5","R1","1",1564476.73932132,NA
"2217","min.1.rTau2.R1","rTau2","5","R1","1",1496393.56805092,NA
"2218","max.1.rTau2.R1","rTau2","5","R1","1",1749589.25758404,NA
"2219","range.1.rTau2.R1","rTau2","5","R1","1",253195.68953312,NA
"2220","slope.1.rTau2.R1","rTau2","5","R1","1",-53440.7359798331,NA
"2221","mean.1.rNPQ.R1","rNPQ","6","R1","1",0.388767311003268,NA
"2222","min.1.rNPQ.R1","rNPQ","6","R1","1",0.354557354662976,NA
"2223","max.1.rNPQ.R1","rNPQ","6","R1","1",0.463510036363508,NA
"2224","range.1.rNPQ.R1","rNPQ","6","R1","1",0.108952681700532,NA
"2225","slope.1.rNPQ.R1","rNPQ","6","R1","1",-0.0250470052787027,NA
"2226","mean.1.rqP.R1","rqP","7","R1","1",0.95512279299779,NA
"2227","min.1.rqP.R1","rqP","7","R1","1",0.938382592468378,NA
"2228","max.1.rqP.R1","rqP","7","R1","1",1,NA
"2229","range.1.rqP.R1","rqP","7","R1","1",0.061617407531622,NA
"2230","slope.1.rqP.R1","rqP","7","R1","1",-0.0131973968745762,NA
"2231","mean.1.rABQ.R1","rABQ","8","R1","1",-0.108116445317128,NA
"2232","min.1.rABQ.R1","rABQ","8","R1","1",-0.147855265794475,NA
"2233","max.1.rABQ.R1","rABQ","8","R1","1",-0.0603649663336585,NA
"2234","range.1.rABQ.R1","rABQ","8","R1","1",0.0874902994608165,NA
"2235","slope.1.rABQ.R1","rABQ","8","R1","1",-0.0169961401280707,NA
"2236","mean.1.rqm.R1","rqm","9","R1","1",0.405015745906383,NA
"2237","min.1.rqm.R1","rqm","9","R1","1",0.37434063286679,NA
"2238","max.1.rqm.R1","rqm","9","R1","1",0.440259062458304,NA
"2239","range.1.rqm.R1","rqm","9","R1","1",0.065918429591514,NA
"2240","slope.1.rqm.R1","rqm","9","R1","1",-0.015377704109399,NA
"2241","mean.2.rQuant.R1","rQuant","1","R1","2",0.204062423380547,NA
"2242","min.2.rQuant.R1","rQuant","1","R1","2",0.186796319357732,NA
"2243","max.2.rQuant.R1","rQuant","1","R1","2",0.216514559825435,NA
"2244","range.2.rQuant.R1","rQuant","1","R1","2",0.029718240467703,NA
"2245","slope.2.rQuant.R1","rQuant","1","R1","2",0.00690171843696831,NA
"2246","mean.2.rSigma.R1","rSigma","2","R1","2",5.21140055627529,NA
"2247","min.2.rSigma.R1","rSigma","2","R1","2",5.06492440063236,NA
"2248","max.2.rSigma.R1","rSigma","2","R1","2",5.39775185561854,NA
"2249","range.2.rSigma.R1","rSigma","2","R1","2",0.33282745498618,NA
"2250","slope.2.rSigma.R1","rSigma","2","R1","2",0.0988513467335325,NA
"2251","mean.2.rConnect.R1","rConnect","3","R1","2",0.245094834904138,NA
"2252","min.2.rConnect.R1","rConnect","3","R1","2",0.217827246108419,NA
"2253","max.2.rConnect.R1","rConnect","3","R1","2",0.261356397168345,NA
"2254","range.2.rConnect.R1","rConnect","3","R1","2",0.043529151059926,NA
"2255","slope.2.rConnect.R1","rConnect","3","R1","2",0.00453236793601073,NA
"2256","mean.2.rTau1.R1","rTau1","4","R1","2",1583.51739662549,NA
"2257","min.2.rTau1.R1","rTau1","4","R1","2",1528.41909052197,NA
"2258","max.2.rTau1.R1","rTau1","4","R1","2",1637.69473278217,NA
"2259","range.2.rTau1.R1","rTau1","4","R1","2",109.2756422602,NA
"2260","slope.2.rTau1.R1","rTau1","4","R1","2",13.247143093542,NA
"2261","mean.2.rTau2.R1","rTau2","5","R1","2",1528889.3100184,NA
"2262","min.2.rTau2.R1","rTau2","5","R1","2",1386111.91912405,NA
"2263","max.2.rTau2.R1","rTau2","5","R1","2",1773085.39556448,NA
"2264","range.2.rTau2.R1","rTau2","5","R1","2",386973.47644043,NA
"2265","slope.2.rTau2.R1","rTau2","5","R1","2",-99034.733352848,NA
"2266","mean.2.rNPQ.R1","rNPQ","6","R1","2",0.441785892137324,NA
"2267","min.2.rNPQ.R1","rNPQ","6","R1","2",0.39966287616118,NA
"2268","max.2.rNPQ.R1","rNPQ","6","R1","2",0.526345821214575,NA
"2269","range.2.rNPQ.R1","rNPQ","6","R1","2",0.126682945053395,NA
"2270","slope.2.rNPQ.R1","rNPQ","6","R1","2",-0.0287334752552411,NA
"2271","mean.2.rqP.R1","rqP","7","R1","2",0.95808273653817,NA
"2272","min.2.rqP.R1","rqP","7","R1","2",0.942234905134756,NA
"2273","max.2.rqP.R1","rqP","7","R1","2",1,NA
"2274","range.2.rqP.R1","rqP","7","R1","2",0.0577650948652439,NA
"2275","slope.2.rqP.R1","rqP","7","R1","2",-0.0129455796758424,NA
"2276","mean.2.rABQ.R1","rABQ","8","R1","2",-0.0932937267995811,NA
"2277","min.2.rABQ.R1","rABQ","8","R1","2",-0.132388151485013,NA
"2278","max.2.rABQ.R1","rABQ","8","R1","2",-0.0625646626332701,NA
"2279","range.2.rABQ.R1","rABQ","8","R1","2",0.0698234888517429,NA
"2280","slope.2.rABQ.R1","rABQ","8","R1","2",-0.0207379102992427,NA
"2281","mean.2.rqm.R1","rqm","9","R1","2",0.396723946221785,NA
"2282","min.2.rqm.R1","rqm","9","R1","2",0.359911310112044,NA
"2283","max.2.rqm.R1","rqm","9","R1","2",0.447768263575515,NA
"2284","range.2.rqm.R1","rqm","9","R1","2",0.087856953463471,NA
"2285","slope.2.rqm.R1","rqm","9","R1","2",-0.0204037636815572,NA
"2286","mean.3.rQuant.R1","rQuant","1","R1","3",0.208698329004409,NA
"2287","min.3.rQuant.R1","rQuant","1","R1","3",0.194539015747482,NA
"2288","max.3.rQuant.R1","rQuant","1","R1","3",0.218964553133462,NA
"2289","range.3.rQuant.R1","rQuant","1","R1","3",0.02442553738598,NA
"2290","slope.3.rQuant.R1","rQuant","1","R1","3",0.00579470804105538,NA
"2291","mean.3.rSigma.R1","rSigma","2","R1","3",4.7304265271626,NA
"2292","min.3.rSigma.R1","rSigma","2","R1","3",4.59648766045879,NA
"2293","max.3.rSigma.R1","rSigma","2","R1","3",4.86184984674482,NA
"2294","range.3.rSigma.R1","rSigma","2","R1","3",0.265362186286031,NA
"2295","slope.3.rSigma.R1","rSigma","2","R1","3",0.0561778454789718,NA
"2296","mean.3.rConnect.R1","rConnect","3","R1","3",0.24959631423586,NA
"2297","min.3.rConnect.R1","rConnect","3","R1","3",0.224495035654727,NA
"2298","max.3.rConnect.R1","rConnect","3","R1","3",0.262577581176301,NA
"2299","range.3.rConnect.R1","rConnect","3","R1","3",0.038082545521574,NA
"2300","slope.3.rConnect.R1","rConnect","3","R1","3",0.000937611460650216,NA
"2301","mean.3.rTau1.R1","rTau1","4","R1","3",1272.80297626309,NA
"2302","min.3.rTau1.R1","rTau1","4","R1","3",1157.04827153566,NA
"2303","max.3.rTau1.R1","rTau1","4","R1","3",1342.22489454174,NA
"2304","range.3.rTau1.R1","rTau1","4","R1","3",185.17662300608,NA
"2305","slope.3.rTau1.R1","rTau1","4","R1","3",36.8577619903131,NA
"2306","mean.3.rTau2.R1","rTau2","5","R1","3",1669971.7235034,NA
"2307","min.3.rTau2.R1","rTau2","5","R1","3",1535366.03374928,NA
"2308","max.3.rTau2.R1","rTau2","5","R1","3",1945667.24237262,NA
"2309","range.3.rTau2.R1","rTau2","5","R1","3",410301.20862334,NA
"2310","slope.3.rTau2.R1","rTau2","5","R1","3",-74457.5801001761,NA
"2311","mean.3.rNPQ.R1","rNPQ","6","R1","3",0.448459106856598,NA
"2312","min.3.rNPQ.R1","rNPQ","6","R1","3",0.41135025431931,NA
"2313","max.3.rNPQ.R1","rNPQ","6","R1","3",0.525426060382914,NA
"2314","range.3.rNPQ.R1","rNPQ","6","R1","3",0.114075806063604,NA
"2315","slope.3.rNPQ.R1","rNPQ","6","R1","3",-0.0256642527198447,NA
"2316","mean.3.rqP.R1","rqP","7","R1","3",0.960706346087491,NA
"2317","min.3.rqP.R1","rqP","7","R1","3",0.9462424672013,NA
"2318","max.3.rqP.R1","rqP","7","R1","3",1,NA
"2319","range.3.rqP.R1","rqP","7","R1","3",0.0537575327987,NA
"2320","slope.3.rqP.R1","rqP","7","R1","3",-0.0117200139548601,NA
"2321","mean.3.rABQ.R1","rABQ","8","R1","3",-0.143179158282323,NA
"2322","min.3.rABQ.R1","rABQ","8","R1","3",-0.174939592356496,NA
"2323","max.3.rABQ.R1","rABQ","8","R1","3",-0.110810804177138,NA
"2324","range.3.rABQ.R1","rABQ","8","R1","3",0.064128788179358,NA
"2325","slope.3.rABQ.R1","rABQ","8","R1","3",-0.0135762265284116,NA
"2326","mean.3.rqm.R1","rqm","9","R1","3",0.389025990511149,NA
"2327","min.3.rqm.R1","rqm","9","R1","3",0.358971144608159,NA
"2328","max.3.rqm.R1","rqm","9","R1","3",0.430478034873278,NA
"2329","range.3.rqm.R1","rqm","9","R1","3",0.071506890265119,NA
"2330","slope.3.rqm.R1","rqm","9","R1","3",-0.0169642757685236,NA
"2331","mean.4.rQuant.R1","rQuant","1","R1","4",0.212141713981313,NA
"2332","min.4.rQuant.R1","rQuant","1","R1","4",0.196844204100673,NA
"2333","max.4.rQuant.R1","rQuant","1","R1","4",0.224639289909081,NA
"2334","range.4.rQuant.R1","rQuant","1","R1","4",0.027795085808408,NA
"2335","slope.4.rQuant.R1","rQuant","1","R1","4",0.00680841609771641,NA
"2336","mean.4.rSigma.R1","rSigma","2","R1","4",4.25909413230899,NA
"2337","min.4.rSigma.R1","rSigma","2","R1","4",4.09970006659845,NA
"2338","max.4.rSigma.R1","rSigma","2","R1","4",4.41143202982916,NA
"2339","range.4.rSigma.R1","rSigma","2","R1","4",0.31173196323071,NA
"2340","slope.4.rSigma.R1","rSigma","2","R1","4",0.0850558100505279,NA
"2341","mean.4.rConnect.R1","rConnect","3","R1","4",0.295585997583267,NA
"2342","min.4.rConnect.R1","rConnect","3","R1","4",0.282900809921717,NA
"2343","max.4.rConnect.R1","rConnect","3","R1","4",0.316797509283779,NA
"2344","range.4.rConnect.R1","rConnect","3","R1","4",0.033896699362062,NA
"2345","slope.4.rConnect.R1","rConnect","3","R1","4",0.00428646876725939,NA
"2346","mean.4.rTau1.R1","rTau1","4","R1","4",1125.36167831044,NA
"2347","min.4.rTau1.R1","rTau1","4","R1","4",1045.44164009893,NA
"2348","max.4.rTau1.R1","rTau1","4","R1","4",1181.76094349429,NA
"2349","range.4.rTau1.R1","rTau1","4","R1","4",136.31930339536,NA
"2350","slope.4.rTau1.R1","rTau1","4","R1","4",19.121347335106,NA
"2351","mean.4.rTau2.R1","rTau2","5","R1","4",1911611.95486372,NA
"2352","min.4.rTau2.R1","rTau2","5","R1","4",1613858.71966518,NA
"2353","max.4.rTau2.R1","rTau2","5","R1","4",2314932.72653347,NA
"2354","range.4.rTau2.R1","rTau2","5","R1","4",701074.00686829,NA
"2355","slope.4.rTau2.R1","rTau2","5","R1","4",-159412.815076077,NA
"2356","mean.4.rNPQ.R1","rNPQ","6","R1","4",0.481754814166861,NA
"2357","min.4.rNPQ.R1","rNPQ","6","R1","4",0.444766182387192,NA
"2358","max.4.rNPQ.R1","rNPQ","6","R1","4",0.558881832932963,NA
"2359","range.4.rNPQ.R1","rNPQ","6","R1","4",0.114115650545771,NA
"2360","slope.4.rNPQ.R1","rNPQ","6","R1","4",-0.0266317440435431,NA
"2361","mean.4.rqP.R1","rqP","7","R1","4",0.965496539868495,NA
"2362","min.4.rqP.R1","rqP","7","R1","4",0.952319581196705,NA
"2363","max.4.rqP.R1","rqP","7","R1","4",1,NA
"2364","range.4.rqP.R1","rqP","7","R1","4",0.047680418803295,NA
"2365","slope.4.rqP.R1","rqP","7","R1","4",-0.00996203609220866,NA
"2366","mean.4.rABQ.R1","rABQ","8","R1","4",-0.158974940186346,NA
"2367","min.4.rABQ.R1","rABQ","8","R1","4",-0.200428779942369,NA
"2368","max.4.rABQ.R1","rABQ","8","R1","4",-0.115600992103921,NA
"2369","range.4.rABQ.R1","rABQ","8","R1","4",0.084827787838448,NA
"2370","slope.4.rABQ.R1","rABQ","8","R1","4",-0.0231451922177568,NA
"2371","mean.4.rqm.R1","rqm","9","R1","4",0.372483571826033,NA
"2372","min.4.rqm.R1","rqm","9","R1","4",0.335515669286521,NA
"2373","max.4.rqm.R1","rqm","9","R1","4",0.417733695340641,NA
"2374","range.4.rqm.R1","rqm","9","R1","4",0.08221802605412,NA
"2375","slope.4.rqm.R1","rqm","9","R1","4",-0.0201393345560389,NA
"2376","mean.All.rQuant.All","rQuant","1","All","All",0.108095691905649,NA
"2377","min.All.rQuant.All","rQuant","1","All","All",0.0377522942024946,NA
"2378","max.All.rQuant.All","rQuant","1","All","All",0.362116600132973,NA
"2379","range.All.rQuant.All","rQuant","1","All","All",0.324364305930478,NA
"2380","slope.All.rQuant.All","rQuant","1","All","All",0.00283938096293703,NA
"2381","mean.All.rSigma.All","rSigma","2","All","All",3.87855561347008,NA
"2382","min.All.rSigma.All","rSigma","2","All","All",2.57663937989786,NA
"2383","max.All.rSigma.All","rSigma","2","All","All",5.61162332659602,NA
"2384","range.All.rSigma.All","rSigma","2","All","All",3.03498394669816,NA
"2385","slope.All.rSigma.All","rSigma","2","All","All",0.0463719063392022,NA
"2386","mean.All.rConnect.All","rConnect","3","All","All",0.311736695117477,NA
"2387","min.All.rConnect.All","rConnect","3","All","All",0.103235320677905,NA
"2388","max.All.rConnect.All","rConnect","3","All","All",0.591651016155519,NA
"2389","range.All.rConnect.All","rConnect","3","All","All",0.488415695477614,NA
"2390","slope.All.rConnect.All","rConnect","3","All","All",-0.0041460565897875,NA
"2391","mean.All.rTau1.All","rTau1","4","All","All",1497.78438458081,NA
"2392","min.All.rTau1.All","rTau1","4","All","All",551.901878392815,NA
"2393","max.All.rTau1.All","rTau1","4","All","All",4632.9204640122,NA
"2394","range.All.rTau1.All","rTau1","4","All","All",4081.01858561938,NA
"2395","slope.All.rTau1.All","rTau1","4","All","All",-27.3325844040796,NA
"2396","mean.All.rTau2.All","rTau2","5","All","All",5842458.42910683,NA
"2397","min.All.rTau2.All","rTau2","5","All","All",997871.091145689,NA
"2398","max.All.rTau2.All","rTau2","5","All","All",14822927.1243078,NA
"2399","range.All.rTau2.All","rTau2","5","All","All",13825056.0331621,NA
"2400","slope.All.rTau2.All","rTau2","5","All","All",-51107.427243343,NA
"2401","mean.All.rNPQ.All","rNPQ","6","All","All",0.329997313734851,NA
"2402","min.All.rNPQ.All","rNPQ","6","All","All",0.078125959980195,NA
"2403","max.All.rNPQ.All","rNPQ","6","All","All",0.866039779629912,NA
"2404","range.All.rNPQ.All","rNPQ","6","All","All",0.787913819649717,NA
"2405","slope.All.rNPQ.All","rNPQ","6","All","All",0.0066801340336417,NA
"2406","mean.All.rqP.All","rqP","7","All","All",0.677316007814885,NA
"2407","min.All.rqP.All","rqP","7","All","All",0.261216286993646,NA
"2408","max.All.rqP.All","rqP","7","All","All",1.38244030608018,NA
"2409","range.All.rqP.All","rqP","7","All","All",1.12122401908653,NA
"2410","slope.All.rqP.All","rqP","7","All","All",0.0145446698816406,NA
"2411","mean.All.rABQ.All","rABQ","8","All","All",0.107422789205316,NA
"2412","min.All.rABQ.All","rABQ","8","All","All",-0.200428779942369,NA
"2413","max.All.rABQ.All","rABQ","8","All","All",0.452460651595879,NA
"2414","range.All.rABQ.All","rABQ","8","All","All",0.652889431538248,NA
"2415","slope.All.rABQ.All","rABQ","8","All","All",-0.0105894971852672,NA
"2416","mean.All.rqm.All","rqm","9","All","All",0.686551427368188,NA
"2417","min.All.rqm.All","rqm","9","All","All",0,NA
"2418","max.All.rqm.All","rqm","9","All","All",0.888391724991509,NA
"2419","range.All.rqm.All","rqm","9","All","All",0.888391724991509,NA
"2420","slope.All.rqm.All","rqm","9","All","All",-0.00823857372382865,NA
"2421","mean.All.rQuant.L1","rQuant","1","L1","All",0.0482120427852169,NA
"2422","min.All.rQuant.L1","rQuant","1","L1","All",0.0377522942024946,NA
"2423","max.All.rQuant.L1","rQuant","1","L1","All",0.0619588734469555,NA
"2424","range.All.rQuant.L1","rQuant","1","L1","All",0.0242065792444609,NA
"2425","slope.All.rQuant.L1","rQuant","1","L1","All",0.00165236434768699,NA
"2426","mean.All.rSigma.L1","rSigma","2","L1","All",3.19973804239873,NA
"2427","min.All.rSigma.L1","rSigma","2","L1","All",2.57663937989786,NA
"2428","max.All.rSigma.L1","rSigma","2","L1","All",3.82182524785782,NA
"2429","range.All.rSigma.L1","rSigma","2","L1","All",1.24518586795996,NA
"2430","slope.All.rSigma.L1","rSigma","2","L1","All",0.152507305332435,NA
"2431","mean.All.rConnect.L1","rConnect","3","L1","All",0.380049172302962,NA
"2432","min.All.rConnect.L1","rConnect","3","L1","All",0.194643808831174,NA
"2433","max.All.rConnect.L1","rConnect","3","L1","All",0.591651016155519,NA
"2434","range.All.rConnect.L1","rConnect","3","L1","All",0.397007207324345,NA
"2435","slope.All.rConnect.L1","rConnect","3","L1","All",-0.0303477282477061,NA
"2436","mean.All.rTau1.L1","rTau1","4","L1","All",1898.50798672173,NA
"2437","min.All.rTau1.L1","rTau1","4","L1","All",797.90810278647,NA
"2438","max.All.rTau1.L1","rTau1","4","L1","All",4632.9204640122,NA
"2439","range.All.rTau1.L1","rTau1","4","L1","All",3835.01236122573,NA
"2440","slope.All.rTau1.L1","rTau1","4","L1","All",-311.830347194696,NA
"2441","mean.All.rTau2.L1","rTau2","5","L1","All",7127143.15962946,NA
"2442","min.All.rTau2.L1","rTau2","5","L1","All",3544516.94128443,NA
"2443","max.All.rTau2.L1","rTau2","5","L1","All",14822927.1243078,NA
"2444","range.All.rTau2.L1","rTau2","5","L1","All",11278410.1830234,NA
"2445","slope.All.rTau2.L1","rTau2","5","L1","All",976980.066928916,NA
"2446","mean.All.rNPQ.L1","rNPQ","6","L1","All",0.192514506120311,NA
"2447","min.All.rNPQ.L1","rNPQ","6","L1","All",0.078125959980195,NA
"2448","max.All.rNPQ.L1","rNPQ","6","L1","All",0.307408437351014,NA
"2449","range.All.rNPQ.L1","rNPQ","6","L1","All",0.229282477370819,NA
"2450","slope.All.rNPQ.L1","rNPQ","6","L1","All",0.0278670110641054,NA
"2451","mean.All.rqP.L1","rqP","7","L1","All",0.424036170778765,NA
"2452","min.All.rqP.L1","rqP","7","L1","All",0.261216286993646,NA
"2453","max.All.rqP.L1","rqP","7","L1","All",0.582768386855856,NA
"2454","range.All.rqP.L1","rqP","7","L1","All",0.32155209986221,NA
"2455","slope.All.rqP.L1","rqP","7","L1","All",0.0425328819311737,NA
"2456","mean.All.rABQ.L1","rABQ","8","L1","All",0.260884203302234,NA
"2457","min.All.rABQ.L1","rABQ","8","L1","All",-0.0377965455734663,NA
"2458","max.All.rABQ.L1","rABQ","8","L1","All",0.452460651595879,NA
"2459","range.All.rABQ.L1","rABQ","8","L1","All",0.490257197169345,NA
"2460","slope.All.rABQ.L1","rABQ","8","L1","All",-0.0356320440405447,NA
"2461","mean.All.rqm.L1","rqm","9","L1","All",0.860218346494682,NA
"2462","min.All.rqm.L1","rqm","9","L1","All",0.816725290705715,NA
"2463","max.All.rqm.L1","rqm","9","L1","All",0.888391724991509,NA
"2464","range.All.rqm.L1","rqm","9","L1","All",0.071666434285794,NA
"2465","slope.All.rqm.L1","rqm","9","L1","All",-0.00479600074848695,NA
"2466","mean.All.rQuant.L2","rQuant","1","L2","All",0.11545501048676,NA
"2467","min.All.rQuant.L2","rQuant","1","L2","All",0.0922787721691664,NA
"2468","max.All.rQuant.L2","rQuant","1","L2","All",0.132228509123051,NA
"2469","range.All.rQuant.L2","rQuant","1","L2","All",0.0399497369538846,NA
"2470","slope.All.rQuant.L2","rQuant","1","L2","All",0.00692859052611811,NA
"2471","mean.All.rSigma.L2","rSigma","2","L2","All",4.42203440653412,NA
"2472","min.All.rSigma.L2","rSigma","2","L2","All",3.66284854131408,NA
"2473","max.All.rSigma.L2","rSigma","2","L2","All",5.27021632546221,NA
"2474","range.All.rSigma.L2","rSigma","2","L2","All",1.60736778414813,NA
"2475","slope.All.rSigma.L2","rSigma","2","L2","All",0.0399033900574748,NA
"2476","mean.All.rConnect.L2","rConnect","3","L2","All",0.227849279580185,NA
"2477","min.All.rConnect.L2","rConnect","3","L2","All",0.103235320677905,NA
"2478","max.All.rConnect.L2","rConnect","3","L2","All",0.299588307853958,NA
"2479","range.All.rConnect.L2","rConnect","3","L2","All",0.196352987176053,NA
"2480","slope.All.rConnect.L2","rConnect","3","L2","All",0.00083733400562592,NA
"2481","mean.All.rTau1.L2","rTau1","4","L2","All",1582.72182264194,NA
"2482","min.All.rTau1.L2","rTau1","4","L2","All",1130.07370557428,NA
"2483","max.All.rTau1.L2","rTau1","4","L2","All",1891.60457188372,NA
"2484","range.All.rTau1.L2","rTau1","4","L2","All",761.53086630944,NA
"2485","slope.All.rTau1.L2","rTau1","4","L2","All",-39.0033427345881,NA
"2486","mean.All.rTau2.L2","rTau2","5","L2","All",4241347.96207543,NA
"2487","min.All.rTau2.L2","rTau2","5","L2","All",3036308.52445772,NA
"2488","max.All.rTau2.L2","rTau2","5","L2","All",5868298.62297824,NA
"2489","range.All.rTau2.L2","rTau2","5","L2","All",2831990.09852052,NA
"2490","slope.All.rTau2.L2","rTau2","5","L2","All",-417304.974781582,NA
"2491","mean.All.rNPQ.L2","rNPQ","6","L2","All",0.294574893401934,NA
"2492","min.All.rNPQ.L2","rNPQ","6","L2","All",0.23360456566868,NA
"2493","max.All.rNPQ.L2","rNPQ","6","L2","All",0.348905323469104,NA
"2494","range.All.rNPQ.L2","rNPQ","6","L2","All",0.115300757800424,NA
"2495","slope.All.rNPQ.L2","rNPQ","6","L2","All",-0.00595557176161044,NA
"2496","mean.All.rqP.L2","rqP","7","L2","All",0.673035738423484,NA
"2497","min.All.rqP.L2","rqP","7","L2","All",0.630230408158916,NA
"2498","max.All.rqP.L2","rqP","7","L2","All",0.706022544979252,NA
"2499","range.All.rqP.L2","rqP","7","L2","All",0.075792136820336,NA
"2500","slope.All.rqP.L2","rqP","7","L2","All",0.00469657879505574,NA
"2501","mean.All.rABQ.L2","rABQ","8","L2","All",-0.0145661883788366,NA
"2502","min.All.rABQ.L2","rABQ","8","L2","All",-0.117456488339745,NA
"2503","max.All.rABQ.L2","rABQ","8","L2","All",0.113866617697946,NA
"2504","range.All.rABQ.L2","rABQ","8","L2","All",0.231323106037691,NA
"2505","slope.All.rABQ.L2","rABQ","8","L2","All",-0.0084967794289252,NA
"2506","mean.All.rqm.L2","rqm","9","L2","All",0.665178200502215,NA
"2507","min.All.rqm.L2","rqm","9","L2","All",0.609039830265963,NA
"2508","max.All.rqm.L2","rqm","9","L2","All",0.730480173970992,NA
"2509","range.All.rqm.L2","rqm","9","L2","All",0.121440343705029,NA
"2510","slope.All.rqm.L2","rqm","9","L2","All",-0.0201100271627792,NA
"2511","mean.All.rQuant.L3","rQuant","1","L3","All",0.054974696132747,NA
"2512","min.All.rQuant.L3","rQuant","1","L3","All",0.0467835958006614,NA
"2513","max.All.rQuant.L3","rQuant","1","L3","All",0.0631312720796861,NA
"2514","range.All.rQuant.L3","rQuant","1","L3","All",0.0163476762790247,NA
"2515","slope.All.rQuant.L3","rQuant","1","L3","All",0.00136744266457278,NA
"2516","mean.All.rSigma.L3","rSigma","2","L3","All",3.28887924197921,NA
"2517","min.All.rSigma.L3","rSigma","2","L3","All",2.75575610668093,NA
"2518","max.All.rSigma.L3","rSigma","2","L3","All",3.88961082770412,NA
"2519","range.All.rSigma.L3","rSigma","2","L3","All",1.13385472102319,NA
"2520","slope.All.rSigma.L3","rSigma","2","L3","All",0.0243831113188902,NA
"2521","mean.All.rConnect.L3","rConnect","3","L3","All",0.349981882455776,NA
"2522","min.All.rConnect.L3","rConnect","3","L3","All",0.223508251390353,NA
"2523","max.All.rConnect.L3","rConnect","3","L3","All",0.497488976004015,NA
"2524","range.All.rConnect.L3","rConnect","3","L3","All",0.273980724613662,NA
"2525","slope.All.rConnect.L3","rConnect","3","L3","All",-0.00794634446266794,NA
"2526","mean.All.rTau1.L3","rTau1","4","L3","All",1257.10079211542,NA
"2527","min.All.rTau1.L3","rTau1","4","L3","All",844.717470720875,NA
"2528","max.All.rTau1.L3","rTau1","4","L3","All",2012.5286702488,NA
"2529","range.All.rTau1.L3","rTau1","4","L3","All",1167.81119952793,NA
"2530","slope.All.rTau1.L3","rTau1","4","L3","All",-41.8619395699158,NA
"2531","mean.All.rTau2.L3","rTau2","5","L3","All",9594475.90500914,NA
"2532","min.All.rTau2.L3","rTau2","5","L3","All",5911531.61004226,NA
"2533","max.All.rTau2.L3","rTau2","5","L3","All",14260429.6044727,NA
"2534","range.All.rTau2.L3","rTau2","5","L3","All",8348897.99443044,NA
"2535","slope.All.rTau2.L3","rTau2","5","L3","All",-55471.6278821338,NA
"2536","mean.All.rNPQ.L3","rNPQ","6","L3","All",0.351442124930784,NA
"2537","min.All.rNPQ.L3","rNPQ","6","L3","All",0.208350355341865,NA
"2538","max.All.rNPQ.L3","rNPQ","6","L3","All",0.483865132942328,NA
"2539","range.All.rNPQ.L3","rNPQ","6","L3","All",0.275514777600463,NA
"2540","slope.All.rNPQ.L3","rNPQ","6","L3","All",0.0308186768633387,NA
"2541","mean.All.rqP.L3","rqP","7","L3","All",0.635538539940625,NA
"2542","min.All.rqP.L3","rqP","7","L3","All",0.471778733506686,NA
"2543","max.All.rqP.L3","rqP","7","L3","All",0.760394299771764,NA
"2544","range.All.rqP.L3","rqP","7","L3","All",0.288615566265078,NA
"2545","slope.All.rqP.L3","rqP","7","L3","All",0.036264134335891,NA
"2546","mean.All.rABQ.L3","rABQ","8","L3","All",0.240522223532474,NA
"2547","min.All.rABQ.L3","rABQ","8","L3","All",0.0897473375499005,NA
"2548","max.All.rABQ.L3","rABQ","8","L3","All",0.373361323035882,NA
"2549","range.All.rABQ.L3","rABQ","8","L3","All",0.283613985485981,NA
"2550","slope.All.rABQ.L3","rABQ","8","L3","All",-0.00558234531964876,NA
"2551","mean.All.rqm.L3","rqm","9","L3","All",0.840525416430734,NA
"2552","min.All.rqm.L3","rqm","9","L3","All",0.813257328707105,NA
"2553","max.All.rqm.L3","rqm","9","L3","All",0.870805161145659,NA
"2554","range.All.rqm.L3","rqm","9","L3","All",0.057547832438554,NA
"2555","slope.All.rqm.L3","rqm","9","L3","All",-0.00392830055134159,NA
"2556","mean.All.rQuant.R1","rQuant","1","R1","All",0.210089035397825,NA
"2557","min.All.rQuant.R1","rQuant","1","R1","All",0.186796319357732,NA
"2558","max.All.rQuant.R1","rQuant","1","R1","All",0.226561642867626,NA
"2559","range.All.rQuant.R1","rQuant","1","R1","All",0.039765323509894,NA
"2560","slope.All.rQuant.R1","rQuant","1","R1","All",0.00626834112642165,NA
"2561","mean.All.rSigma.R1","rSigma","2","R1","All",4.90456744870347,NA
"2562","min.All.rSigma.R1","rSigma","2","R1","All",4.09970006659845,NA
"2563","max.All.rSigma.R1","rSigma","2","R1","All",5.61162332659602,NA
"2564","range.All.rSigma.R1","rSigma","2","R1","All",1.51192325999757,NA
"2565","slope.All.rSigma.R1","rSigma","2","R1","All",0.0807938904723155,NA
"2566","mean.All.rConnect.R1","rConnect","3","R1","All",0.257008148797941,NA
"2567","min.All.rConnect.R1","rConnect","3","R1","All",0.217827246108419,NA
"2568","max.All.rConnect.R1","rConnect","3","R1","All",0.316797509283779,NA
"2569","range.All.rConnect.R1","rConnect","3","R1","All",0.09897026317536,NA
"2570","slope.All.rConnect.R1","rConnect","3","R1","All",0.00321618449079086,NA
"2571","mean.All.rTau1.R1","rTau1","4","R1","All",1332.08550222238,NA
"2572","min.All.rTau1.R1","rTau1","4","R1","All",1045.44164009893,NA
"2573","max.All.rTau1.R1","rTau1","4","R1","All",1637.69473278217,NA
"2574","range.All.rTau1.R1","rTau1","4","R1","All",592.25309268324,NA
"2575","slope.All.rTau1.R1","rTau1","4","R1","All",22.6431127537823,NA
"2576","mean.All.rTau2.R1","rTau2","5","R1","All",1668737.43192671,NA
"2577","min.All.rTau2.R1","rTau2","5","R1","All",1386111.91912405,NA
"2578","max.All.rTau2.R1","rTau2","5","R1","All",2314932.72653347,NA
"2579","range.All.rTau2.R1","rTau2","5","R1","All",928820.80740942,NA
"2580","slope.All.rTau2.R1","rTau2","5","R1","All",-96586.4661272335,NA
"2581","mean.All.rNPQ.R1","rNPQ","6","R1","All",0.440191781041013,NA
"2582","min.All.rNPQ.R1","rNPQ","6","R1","All",0.354557354662976,NA
"2583","max.All.rNPQ.R1","rNPQ","6","R1","All",0.558881832932963,NA
"2584","range.All.rNPQ.R1","rNPQ","6","R1","All",0.204324478269987,NA
"2585","slope.All.rNPQ.R1","rNPQ","6","R1","All",-0.0265191193243329,NA
"2586","mean.All.rqP.R1","rqP","7","R1","All",0.959852103872987,NA
"2587","min.All.rqP.R1","rqP","7","R1","All",0.938382592468378,NA
"2588","max.All.rqP.R1","rqP","7","R1","All",1,NA
"2589","range.All.rqP.R1","rqP","7","R1","All",0.061617407531622,NA
"2590","slope.All.rqP.R1","rqP","7","R1","All",-0.0119562566493719,NA
"2591","mean.All.rABQ.R1","rABQ","8","R1","All",-0.125891067646344,NA
"2592","min.All.rABQ.R1","rABQ","8","R1","All",-0.200428779942369,NA
"2593","max.All.rABQ.R1","rABQ","8","R1","All",-0.0603649663336585,NA
"2594","range.All.rABQ.R1","rABQ","8","R1","All",0.14006381360871,NA
"2595","slope.All.rABQ.R1","rABQ","8","R1","All",-0.0186138672933704,NA
"2596","mean.All.rqm.R1","rqm","9","R1","All",0.390812313616337,NA
"2597","min.All.rqm.R1","rqm","9","R1","All",0.335515669286521,NA
"2598","max.All.rqm.R1","rqm","9","R1","All",0.447768263575515,NA
"2599","range.All.rqm.R1","rqm","9","R1","All",0.112252594288994,NA
"2600","slope.All.rqm.R1","rqm","9","R1","All",-0.0182212695288797,NA
"2601","DCompL1.qQuant.1","qQuant","99","99","1",0.861725273451058,NA
"2602","DCompL12.qQuant.1","qQuant","99","99","1",0.836797916849235,NA
"2603","DCompL2.qQuant.1","qQuant","99","99","1",0.730480173970992,NA
"2604","DCompL22.qQuant.1","qQuant","99","99","1",0.634845491550248,NA
"2605","DCompL3.qQuant.1","qQuant","99","99","1",0.858741886782077,NA
"2606","DCompL32.qQuant.1","qQuant","99","99","1",0.834133308706555,NA
"2607","DCompR1.qQuant.1","qQuant","99","99","1",0.440259062458303,NA
"2608","DCompR12.qQuant.1","qQuant","99","99","1",0.374340632866789,NA
"2609","L1CompL2.qQuant.1","qQuant","99","99","1",-0.949161880523496,NA
"2610","L1CompL22.qQuant.1","qQuant","99","99","1",-1.6407899517379,NA
"2611","L1CompL3.qQuant.1","qQuant","99","99","1",-0.0215757914945119,NA
"2612","L1CompL32.qQuant.1","qQuant","99","99","1",-0.199544525837386,NA
"2613","L1CompR1.qQuant.1","qQuant","99","99","1",-3.04803503511958,NA
"2614","L1CompR12.qQuant.1","qQuant","99","99","1",-3.52475577242788,NA
"2615","L12CompL2.qQuant.1","qQuant","99","99","1",-0.651448442481139,NA
"2616","L12CompL22.qQuant.1","qQuant","99","99","1",-1.23743779123472,NA
"2617","L12CompL3.qQuant.1","qQuant","99","99","1",0.134458883791149,NA
"2618","L12CompL32.qQuant.1","qQuant","99","99","1",-0.0163270473711932,NA
"2619","L12CompR1.qQuant.1","qQuant","99","99","1",-2.42974137790026,NA
"2620","L12CompR12.qQuant.1","qQuant","99","99","1",-2.83364816829717,NA
"2621","L2CompL3.qQuant.1","qQuant","99","99","1",0.475889713572614,NA
"2622","L2CompL32.qQuant.1","qQuant","99","99","1",0.384584452515961,NA
"2623","L2CompR1.qQuant.1","qQuant","99","99","1",-1.07680802480725,NA
"2624","L2CompR12.qQuant.1","qQuant","99","99","1",-1.32138531829518,NA
"2625","L22CompL3.qQuant.1","qQuant","99","99","1",0.613155226214711,NA
"2626","L22CompL32.qQuant.1","qQuant","99","99","1",0.54576299222588,NA
"2627","L22CompR1.qQuant.1","qQuant","99","99","1",-0.53288792713543,NA
"2628","L22CompR12.qQuant.1","qQuant","99","99","1",-0.713409947447787,NA
"2629","L3CompR1.qQuant.1","qQuant","99","99","1",-2.962540096215,NA
"2630","L3CompR12.qQuant.1","qQuant","99","99","1",-3.42919243985646,NA
"2631","L32CompR1.qQuant.1","qQuant","99","99","1",-2.37464341500263,NA
"2632","L32CompR12.qQuant.1","qQuant","99","99","1",-2.77206154083293,NA
"2633","DCompL1.qSigma.1","qSigma","99","99","1",0.368235412873009,NA
"2634","DCompL12.qSigma.1","qSigma","99","99","1",0.218247202211817,NA
"2635","DCompL2.qSigma.1","qSigma","99","99","1",-0.0339505988102969,NA
"2636","DCompL22.qSigma.1","qSigma","99","99","1",-0.0655870377410124,NA
"2637","DCompL3.qSigma.1","qSigma","99","99","1",0.329043660420977,NA
"2638","DCompL32.qSigma.1","qSigma","99","99","1",0.257782576114361,NA
"2639","DCompR1.qSigma.1","qSigma","99","99","1",-0.0603649663336569,NA
"2640","DCompR12.qSigma.1","qSigma","99","99","1",-0.122595815663291,NA
"2641","L1CompL2.qSigma.1","qSigma","99","99","1",-0.636607400728625,NA
"2642","L1CompL22.qSigma.1","qSigma","99","99","1",-0.686683710125113,NA
"2643","L1CompL3.qSigma.1","qSigma","99","99","1",-0.0620353740152805,NA
"2644","L1CompL32.qSigma.1","qSigma","99","99","1",-0.174832269818958,NA
"2645","L1CompR1.qSigma.1","qSigma","99","99","1",-0.678417859974975,NA
"2646","L1CompR12.qSigma.1","qSigma","99","99","1",-0.776921085064932,NA
"2647","L12CompL2.qSigma.1","qSigma","99","99","1",-0.322605562443343,NA
"2648","L12CompL22.qSigma.1","qSigma","99","99","1",-0.363074159447696,NA
"2649","L12CompL3.qSigma.1","qSigma","99","99","1",0.141728252873079,NA
"2650","L12CompL32.qSigma.1","qSigma","99","99","1",0.0505727309379663,NA
"2651","L12CompR1.qSigma.1","qSigma","99","99","1",-0.356394207137796,NA
"2652","L12CompR12.qSigma.1","qSigma","99","99","1",-0.435998462480028,NA
"2653","L2CompL3.qSigma.1","qSigma","99","99","1",0.351075051021731,NA
"2654","L2CompL32.qSigma.1","qSigma","99","99","1",0.282153881684809,NA
"2655","L2CompR1.qSigma.1","qSigma","99","99","1",-0.0255470305387447,NA
"2656","L2CompR12.qSigma.1","qSigma","99","99","1",-0.0857344799209872,NA
"2657","L22CompL3.qSigma.1","qSigma","99","99","1",0.370341121076872,NA
"2658","L22CompL32.qSigma.1","qSigma","99","99","1",0.303466166912934,NA
"2659","L22CompR1.qSigma.1","qSigma","99","99","1",0.00490065214984787,NA
"2660","L22CompR12.qSigma.1","qSigma","99","99","1",-0.0534998793182903,NA
"2661","L3CompR1.qSigma.1","qSigma","99","99","1",-0.580378489305221,NA
"2662","L3CompR12.qSigma.1","qSigma","99","99","1",-0.673127965923446,NA
"2663","L32CompR1.qSigma.1","qSigma","99","99","1",-0.428644669620472,NA
"2664","L32CompR12.qSigma.1","qSigma","99","99","1",-0.512489170338126,NA
"2665","DCompL1.qConnect.1","qConnect","99","99","1",-0.500957163572314,NA
"2666","DCompL12.qConnect.1","qConnect","99","99","1",0.283570257698909,NA
"2667","DCompL2.qConnect.1","qConnect","99","99","1",0.0125448291349254,NA
"2668","DCompL22.qConnect.1","qConnect","99","99","1",0.192341773639424,NA
"2669","DCompL3.qConnect.1","qConnect","99","99","1",-0.66014328087816,NA
"2670","DCompL32.qConnect.1","qConnect","99","99","1",0.138737772576026,NA
"2671","DCompR1.qConnect.1","qConnect","99","99","1",0.267145525284845,NA
"2672","DCompR12.qConnect.1","qConnect","99","99","1",0.183477910064783,NA
"2673","L1CompL2.qConnect.1","qConnect","99","99","1",0.34211635426363,NA
"2674","L1CompL22.qConnect.1","qConnect","99","99","1",0.461904546004277,NA
"2675","L1CompL3.qConnect.1","qConnect","99","99","1",-0.106056402653744,NA
"2676","L1CompL32.qConnect.1","qConnect","99","99","1",0.426191334218927,NA
"2677","L1CompR1.qConnect.1","qConnect","99","99","1",0.511741912093651,NA
"2678","L1CompR12.qConnect.1","qConnect","99","99","1",0.455999071957606,NA
"2679","L12CompL2.qConnect.1","qConnect","99","99","1",-0.378300079633044,NA
"2680","L12CompL22.qConnect.1","qConnect","99","99","1",-0.127337655980711,NA
"2681","L12CompL3.qConnect.1","qConnect","99","99","1",-1.31724505957272,NA
"2682","L12CompL32.qConnect.1","qConnect","99","99","1",-0.202158671773868,NA
"2683","L12CompR1.qConnect.1","qConnect","99","99","1",-0.0229258103681034,NA
"2684","L12CompR12.qConnect.1","qConnect","99","99","1",-0.13970992788859,NA
"2685","L2CompL3.qConnect.1","qConnect","99","99","1",-0.681234075085927,NA
"2686","L2CompL32.qConnect.1","qConnect","99","99","1",0.127796123980543,NA
"2687","L2CompR1.qConnect.1","qConnect","99","99","1",0.257835194611289,NA
"2688","L2CompR12.qConnect.1","qConnect","99","99","1",0.173104649176234,NA
"2689","L22CompL3.qConnect.1","qConnect","99","99","1",-1.05550222444833,NA
"2690","L22CompL32.qConnect.1","qConnect","99","99","1",-0.0663696589892294,NA
"2691","L22CompR1.qConnect.1","qConnect","99","99","1",0.0926180768101601,NA
"2692","L22CompR12.qConnect.1","qConnect","99","99","1",-0.0109747703735807,NA
"2693","L3CompR1.qConnect.1","qConnect","99","99","1",0.558559503172823,NA
"2694","L3CompR12.qConnect.1","qConnect","99","99","1",0.508161675356536,NA
"2695","L32CompR1.qConnect.1","qConnect","99","99","1",0.149092516332552,NA
"2696","L32CompR12.qConnect.1","qConnect","99","99","1",0.0519471724919061,NA
"2697","DCompL1.qTau1.1","qTau1","99","99","1",-5.41654033564666,NA
"2698","DCompL12.qTau1.1","qTau1","99","99","1",-1.16848992498358,NA
"2699","DCompL2.qTau1.1","qTau1","99","99","1",-1.30937013702939,NA
"2700","DCompL22.qTau1.1","qTau1","99","99","1",-1.03647066600919,NA
"2701","DCompL3.qTau1.1","qTau1","99","99","1",-1.29947827171486,NA
"2702","DCompL32.qTau1.1","qTau1","99","99","1",-0.539988188171999,NA
"2703","DCompR1.qTau1.1","qTau1","99","99","1",-1.02546323689976,NA
"2704","DCompR12.qTau1.1","qTau1","99","99","1",-1.03327348350054,NA
"2705","L1CompL2.qTau1.1","qTau1","99","99","1",0.640091074593602,NA
"2706","L1CompL22.qTau1.1","qTau1","99","99","1",0.682621699625932,NA
"2707","L1CompL3.qTau1.1","qTau1","99","99","1",0.641632694344604,NA
"2708","L1CompL32.qTau1.1","qTau1","99","99","1",0.759997115639296,NA
"2709","L1CompR1.qTau1.1","qTau1","99","99","1",0.684337176897739,NA
"2710","L1CompR12.qTau1.1","qTau1","99","99","1",0.683119971645027,NA
"2711","L12CompL2.qTau1.1","qTau1","99","99","1",-0.0649669663772524,NA
"2712","L12CompL22.qTau1.1","qTau1","99","99","1",0.0608807343088709,NA
"2713","L12CompL3.qTau1.1","qTau1","99","99","1",-0.0604053287138424,NA
"2714","L12CompL32.qTau1.1","qTau1","99","99","1",0.289833828403117,NA
"2715","L12CompR1.qTau1.1","qTau1","99","99","1",0.0659568146644275,NA
"2716","L12CompR12.qTau1.1","qTau1","99","99","1",0.0623551163070587,NA
"2717","L2CompL3.qTau1.1","qTau1","99","99","1",0.00428336071204869,NA
"2718","L2CompL32.qTau1.1","qTau1","99","99","1",0.333156619859592,NA
"2719","L2CompR1.qTau1.1","qTau1","99","99","1",0.122936940933529,NA
"2720","L2CompR12.qTau1.1","qTau1","99","99","1",0.119554959641076,NA
"2721","L22CompL3.qTau1.1","qTau1","99","99","1",-0.129148732704844,NA
"2722","L22CompL32.qTau1.1","qTau1","99","99","1",0.243795545953103,NA
"2723","L22CompR1.qTau1.1","qTau1","99","99","1",0.00540514984731029,NA
"2724","L22CompR12.qTau1.1","qTau1","99","99","1",0.00156996246595234,NA
"2725","L3CompR1.qTau1.1","qTau1","99","99","1",0.11916400262863,NA
"2726","L3CompR12.qTau1.1","qTau1","99","99","1",0.115767472773639,NA
"2727","L32CompR1.qTau1.1","qTau1","99","99","1",-0.315245956077122,NA
"2728","L32CompR12.qTau1.1","qTau1","99","99","1",-0.320317583678406,NA
"2729","DCompL1.qTau2.1","qTau2","99","99","1",-3.01739726783302,NA
"2730","DCompL12.qTau2.1","qTau2","99","99","1",-7.83976295637635,NA
"2731","DCompL2.qTau2.1","qTau2","99","99","1",-2.90838444093671,NA
"2732","DCompL22.qTau2.1","qTau2","99","99","1",-1.79583905147889,NA
"2733","DCompL3.qTau2.1","qTau2","99","99","1",-7.30922102910959,NA
"2734","DCompL32.qTau2.1","qTau2","99","99","1",-6.07874729408145,NA
"2735","DCompR1.qTau2.1","qTau2","99","99","1",-0.611025339157539,NA
"2736","DCompR12.qTau2.1","qTau2","99","99","1",-0.377882234377285,NA
"2737","L1CompL2.qTau2.1","qTau2","99","99","1",0.0271351871942506,NA
"2738","L1CompL22.qTau2.1","qTau2","99","99","1",0.304067070024428,NA
"2739","L1CompL3.qTau2.1","qTau2","99","99","1",-1.06830952359152,NA
"2740","L1CompL32.qTau2.1","qTau2","99","99","1",-0.762023226022581,NA
"2741","L1CompR1.qTau2.1","qTau2","99","99","1",0.598987794396913,NA
"2742","L1CompR12.qTau2.1","qTau2","99","99","1",0.657021165068768,NA
"2743","L12CompL2.qTau2.1","qTau2","99","99","1",0.557863207393193,NA
"2744","L12CompL22.qTau2.1","qTau2","99","99","1",0.683720133076399,NA
"2745","L12CompL3.qTau2.1","qTau2","99","99","1",0.0600176644877196,NA
"2746","L12CompL32.qTau2.1","qTau2","99","99","1",0.199215258484351,NA
"2747","L12CompR1.qTau2.1","qTau2","99","99","1",0.817752427626415,NA
"2748","L12CompR12.qTau2.1","qTau2","99","99","1",0.844126789238915,NA
"2749","L2CompL3.qTau2.1","qTau2","99","99","1",-1.1259989017657,NA
"2750","L2CompL32.qTau2.1","qTau2","99","99","1",-0.811169653613941,NA
"2751","L2CompR1.qTau2.1","qTau2","99","99","1",0.587802744713764,NA
"2752","L2CompR12.qTau2.1","qTau2","99","99","1",0.64745478465597,NA
"2753","L22CompL3.qTau2.1","qTau2","99","99","1",-1.97199548189812,NA
"2754","L22CompL32.qTau2.1","qTau2","99","99","1",-1.53188655131527,NA
"2755","L22CompR1.qTau2.1","qTau2","99","99","1",0.423777510259267,NA
"2756","L22CompR12.qTau2.1","qTau2","99","99","1",0.507166825769732,NA
"2757","L3CompR1.qTau2.1","qTau2","99","99","1",0.806115960387423,NA
"2758","L3CompR12.qTau2.1","qTau2","99","99","1",0.834174319162992,NA
"2759","L32CompR1.qTau2.1","qTau2","99","99","1",0.77241377997707,NA
"2760","L32CompR12.qTau2.1","qTau2","99","99","1",0.805349424533161,NA
"2761","DCompL1.qNPQ.1","qNPQ","99","99","1",0.891603746333208,NA
"2762","DCompL12.qNPQ.1","qNPQ","99","99","1",0.688684699417093,NA
"2763","DCompL2.qNPQ.1","qNPQ","99","99","1",0.631715220328678,NA
"2764","DCompL22.qNPQ.1","qNPQ","99","99","1",0.675884177751389,NA
"2765","DCompL3.qNPQ.1","qNPQ","99","99","1",0.710923258095924,NA
"2766","DCompL32.qNPQ.1","qNPQ","99","99","1",0.464376885055213,NA
"2767","DCompR1.qNPQ.1","qNPQ","99","99","1",0.356900683313212,NA
"2768","DCompR12.qNPQ.1","qNPQ","99","99","1",0.508067626110228,NA
"2769","L1CompL2.qNPQ.1","qNPQ","99","99","1",-2.39757848830664,NA
"2770","L1CompL22.qNPQ.1","qNPQ","99","99","1",-1.99010169894743,NA
"2771","L1CompL3.qNPQ.1","qNPQ","99","99","1",-1.66685177877727,NA
"2772","L1CompL32.qNPQ.1","qNPQ","99","99","1",-3.9413434212522,NA
"2773","L1CompR1.qNPQ.1","qNPQ","99","99","1",-4.93285556402773,NA
"2774","L1CompR12.qNPQ.1","qNPQ","99","99","1",-3.5382783744719,NA
"2775","L12CompL2.qNPQ.1","qNPQ","99","99","1",-0.182996078193861,NA
"2776","L12CompL22.qNPQ.1","qNPQ","99","99","1",-0.0411175475209103,NA
"2777","L12CompL3.qNPQ.1","qNPQ","99","99","1",0.0714341975392505,NA
"2778","L12CompL32.qNPQ.1","qNPQ","99","99","1",-0.720516511529904,NA
"2779","L12CompR1.qNPQ.1","qNPQ","99","99","1",-1.06574914719144,NA
"2780","L12CompR12.qNPQ.1","qNPQ","99","99","1",-0.58017409670735,NA
"2781","L2CompL3.qNPQ.1","qNPQ","99","99","1",0.215072797300869,NA
"2782","L2CompL32.qNPQ.1","qNPQ","99","99","1",-0.454372117747594,NA
"2783","L2CompR1.qNPQ.1","qNPQ","99","99","1",-0.746201179589138,NA
"2784","L2CompR12.qNPQ.1","qNPQ","99","99","1",-0.335739083023741,NA
"2785","L22CompL3.qNPQ.1","qNPQ","99","99","1",0.108106664159265,NA
"2786","L22CompL32.qNPQ.1","qNPQ","99","99","1",-0.652567009005627,NA
"2787","L22CompR1.qNPQ.1","qNPQ","99","99","1",-0.984165142649231,NA
"2788","L22CompR12.qNPQ.1","qNPQ","99","99","1",-0.517767230482313,NA
"2789","L3CompR1.qNPQ.1","qNPQ","99","99","1",-1.22466640675017,NA
"2790","L3CompR12.qNPQ.1","qNPQ","99","99","1",-0.701736260930354,NA
"2791","L32CompR1.qNPQ.1","qNPQ","99","99","1",-0.200656392047383,NA
"2792","L32CompR12.qNPQ.1","qNPQ","99","99","1",0.0815699319838322,NA
"2793","DCompL1.qqP.1","qqP","99","99","1",0.811046968288773,NA
"2794","DCompL12.qqP.1","qqP","99","99","1",0.632086655670923,NA
"2795","DCompL2.qqP.1","qqP","99","99","1",0.544117452748543,NA
"2796","DCompL22.qqP.1","qqP","99","99","1",0.528750723486913,NA
"2797","DCompL3.qqP.1","qqP","99","99","1",0.658734824620107,NA
"2798","DCompL32.qqP.1","qqP","99","99","1",0.488544433493805,NA
"2799","DCompR1.qqP.1","qqP","99","99","1",0.276641461044032,NA
"2800","DCompR12.qqP.1","qqP","99","99","1",0.318271622989381,NA
"2801","L1CompL2.qqP.1","qqP","99","99","1",-1.41267654253981,NA
"2802","L1CompL22.qqP.1","qqP","99","99","1",-1.49400219856376,NA
"2803","L1CompL3.qqP.1","qqP","99","99","1",-0.806084677706799,NA
"2804","L1CompL32.qqP.1","qqP","99","99","1",-1.70678677062903,NA
"2805","L1CompR1.qqP.1","qqP","99","99","1",-2.82824521207716,NA
"2806","L1CompR12.qqP.1","qqP","99","99","1",-2.60792505331426,NA
"2807","L12CompL2.qqP.1","qqP","99","99","1",-0.239103050428354,NA
"2808","L12CompL22.qqP.1","qqP","99","99","1",-0.28087030214262,NA
"2809","L12CompL3.qqP.1","qqP","99","99","1",0.0724305583364451,NA
"2810","L12CompL32.qqP.1","qqP","99","99","1",-0.390152258377254,NA
"2811","L12CompR1.qqP.1","qqP","99","99","1",-0.966111178367495,NA
"2812","L12CompR12.qqP.1","qqP","99","99","1",-0.852959093543648,NA
"2813","L2CompL3.qqP.1","qqP","99","99","1",0.251418644040221,NA
"2814","L2CompL32.qqP.1","qqP","99","99","1",-0.121902054794138,NA
"2815","L2CompR1.qqP.1","qqP","99","99","1",-0.586721280112915,NA
"2816","L2CompR12.qqP.1","qqP","99","99","1",-0.495403544445384,NA
"2817","L22CompL3.qqP.1","qqP","99","99","1",0.275828754783423,NA
"2818","L22CompL32.qqP.1","qqP","99","99","1",-0.0853185182385986,NA
"2819","L22CompR1.qqP.1","qqP","99","99","1",-0.534980688582298,NA
"2820","L22CompR12.qqP.1","qqP","99","99","1",-0.446640686761217,NA
"2821","L3CompR1.qqP.1","qqP","99","99","1",-1.1196377220463,NA
"2822","L3CompR12.qqP.1","qqP","99","99","1",-0.997649998279856,NA
"2823","L32CompR1.qqP.1","qqP","99","99","1",-0.414313552000819,NA
"2824","L32CompR12.qqP.1","qqP","99","99","1",-0.332918090358415,NA
"2825","DCompL1.qABQ.1","qABQ","99","99","1",0,NA
"2826","DCompL12.qABQ.1","qABQ","99","99","1",0,NA
"2827","DCompL2.qABQ.1","qABQ","99","99","1",1,NA
"2828","DCompL22.qABQ.1","qABQ","99","99","1",1,NA
"2829","DCompL3.qABQ.1","qABQ","99","99","1",0,NA
"2830","DCompL32.qABQ.1","qABQ","99","99","1",0,NA
"2831","DCompR1.qABQ.1","qABQ","99","99","1",1,NA
"2832","DCompR12.qABQ.1","qABQ","99","99","1",1,NA
"2833","L1CompL2.qABQ.1","qABQ","99","99","1",1.0921980820514,NA
"2834","L1CompL22.qABQ.1","qABQ","99","99","1",1.17811170639265,NA
"2835","L1CompL3.qABQ.1","qABQ","99","99","1",0.106431242302996,NA
"2836","L1CompL32.qABQ.1","qABQ","99","99","1",0.299951696380539,NA
"2837","L1CompR1.qABQ.1","qABQ","99","99","1",1.16393036688863,NA
"2838","L1CompR12.qABQ.1","qABQ","99","99","1",1.33292782654115,NA
"2839","L12CompL2.qABQ.1","qABQ","99","99","1",1.15556029340228,NA
"2840","L12CompL22.qABQ.1","qABQ","99","99","1",1.3005171982794,NA
"2841","L12CompL3.qABQ.1","qABQ","99","99","1",-0.507664964711107,NA
"2842","L12CompL32.qABQ.1","qABQ","99","99","1",-0.181149510746871,NA
"2843","L12CompR1.qABQ.1","qABQ","99","99","1",1.27658987479286,NA
"2844","L12CompR12.qABQ.1","qABQ","99","99","1",1.5617291512599,NA
"2845","L2CompL3.qABQ.1","qABQ","99","99","1",10.6918367260484,NA
"2846","L2CompL32.qABQ.1","qABQ","99","99","1",8.59287273708327,NA
"2847","L2CompR1.qABQ.1","qABQ","99","99","1",-0.778023612218261,NA
"2848","L2CompR12.qABQ.1","qABQ","99","99","1",-2.61100598985921,NA
"2849","L22CompL3.qABQ.1","qABQ","99","99","1",6.01690077420917,NA
"2850","L22CompL32.qABQ.1","qABQ","99","99","1",4.93038906761239,NA
"2851","L22CompR1.qABQ.1","qABQ","99","99","1",0.0796204797047799,NA
"2852","L22CompR12.qABQ.1","qABQ","99","99","1",-0.86920800032762,NA
"2853","L3CompR1.qABQ.1","qABQ","99","99","1",1.18345579506509,NA
"2854","L3CompR12.qABQ.1","qABQ","99","99","1",1.37258221448924,NA
"2855","L32CompR1.qABQ.1","qABQ","99","99","1",1.23417007946603,NA
"2856","L32CompR12.qABQ.1","qABQ","99","99","1",1.47557836340694,NA
"2857","DCompL1.qqm.1","qqm","99","99","1",0,NA
"2858","DCompL12.qqm.1","qqm","99","99","1",0,NA
"2859","DCompL2.qqm.1","qqm","99","99","1",0,NA
"2860","DCompL22.qqm.1","qqm","99","99","1",0,NA
"2861","DCompL3.qqm.1","qqm","99","99","1",0,NA
"2862","DCompL32.qqm.1","qqm","99","99","1",0,NA
"2863","DCompR1.qqm.1","qqm","99","99","1",0,NA
"2864","DCompR12.qqm.1","qqm","99","99","1",0,NA
"2865","L1CompL2.qqm.1","qqm","99","99","1",0.152305036794909,NA
"2866","L1CompL22.qqm.1","qqm","99","99","1",0.263285514410173,NA
"2867","L1CompL3.qqm.1","qqm","99","99","1",0.0034621088192436,NA
"2868","L1CompL32.qqm.1","qqm","99","99","1",0.0320194447053897,NA
"2869","L1CompR1.qqm.1","qqm","99","99","1",0.489095798832563,NA
"2870","L1CompR12.qqm.1","qqm","99","99","1",0.565591674748471,NA
"2871","L12CompL2.qqm.1","qqm","99","99","1",0.127053068294622,NA
"2872","L12CompL22.qqm.1","qqm","99","99","1",0.241339541163523,NA
"2873","L12CompL3.qqm.1","qqm","99","99","1",-0.0262237387199383,NA
"2874","L12CompL32.qqm.1","qqm","99","99","1",0.00318429108035181,NA
"2875","L12CompR1.qqm.1","qqm","99","99","1",0.473876483684382,NA
"2876","L12CompR12.qqm.1","qqm","99","99","1",0.552651093735652,NA
"2877","L2CompL3.qqm.1","qqm","99","99","1",-0.175585481141586,NA
"2878","L2CompL32.qqm.1","qqm","99","99","1",-0.141897259404167,NA
"2879","L2CompR1.qqm.1","qqm","99","99","1",0.397301832211278,NA
"2880","L2CompR12.qqm.1","qqm","99","99","1",0.487541693524929,NA
"2881","L22CompL3.qqm.1","qqm","99","99","1",-0.352678562283067,NA
"2882","L22CompL32.qqm.1","qqm","99","99","1",-0.313915464170122,NA
"2883","L22CompR1.qqm.1","qqm","99","99","1",0.306509901514427,NA
"2884","L22CompR12.qqm.1","qqm","99","99","1",0.410343716937052,NA
"2885","L3CompR1.qqm.1","qqm","99","99","1",0.487320847818353,NA
"2886","L3CompR12.qqm.1","qqm","99","99","1",0.564082480860997,NA
"2887","L32CompR1.qqm.1","qqm","99","99","1",0.472195801482871,NA
"2888","L32CompR12.qqm.1","qqm","99","99","1",0.551222054125545,NA
"2889","DCompL1.qQuant.2","qQuant","99","99","2",0.865857188250879,NA
"2890","DCompL12.qQuant.2","qQuant","99","99","2",0.846010855799719,NA
"2891","DCompL2.qQuant.2","qQuant","99","99","2",0.724473976653793,NA
"2892","DCompL22.qQuant.2","qQuant","99","99","2",0.62453098485002,NA
"2893","DCompL3.qQuant.2","qQuant","99","99","2",0.854067629503488,NA
"2894","DCompL32.qQuant.2","qQuant","99","99","2",0.82946677628875,NA
"2895","DCompR1.qQuant.2","qQuant","99","99","2",0.447768263575516,NA
"2896","DCompR12.qQuant.2","qQuant","99","99","2",0.359911310112044,NA
"2897","L1CompL2.qQuant.2","qQuant","99","99","2",-1.05397530999654,NA
"2898","L1CompL22.qQuant.2","qQuant","99","99","2",-1.7990244893047,NA
"2899","L1CompL3.qQuant.2","qQuant","99","99","2",-0.0878881141200518,NA
"2900","L1CompL32.qQuant.2","qQuant","99","99","2",-0.271281118142864,NA
"2901","L1CompR1.qQuant.2","qQuant","99","99","2",-3.11674490212185,NA
"2902","L1CompR12.qQuant.2","qQuant","99","99","2",-3.77169578855314,NA
"2903","L12CompL2.qQuant.2","qQuant","99","99","2",-0.789256150341699,NA
"2904","L12CompL22.qQuant.2","qQuant","99","99","2",-1.43828236788977,NA
"2905","L12CompL3.qQuant.2","qQuant","99","99","2",0.0523204005425863,NA
"2906","L12CompL32.qQuant.2","qQuant","99","99","2",-0.107436661180814,NA
"2907","L12CompR1.qQuant.2","qQuant","99","99","2",-2.58617316365005,NA
"2908","L12CompR12.qQuant.2","qQuant","99","99","2",-3.1567130800821,NA
"2909","L2CompL3.qQuant.2","qQuant","99","99","2",0.470349955607847,NA
"2910","L2CompL32.qQuant.2","qQuant","99","99","2",0.381063096544716,NA
"2911","L2CompR1.qQuant.2","qQuant","99","99","2",-1.00428159096459,NA
"2912","L2CompR12.qQuant.2","qQuant","99","99","2",-1.32315148353034,NA
"2913","L22CompL3.qQuant.2","qQuant","99","99","2",0.611333120422147,NA
"2914","L22CompL32.qQuant.2","qQuant","99","99","2",0.54581279192071,NA
"2915","L22CompR1.qQuant.2","qQuant","99","99","2",-0.470778450796791,NA
"2916","L22CompR12.qQuant.2","qQuant","99","99","2",-0.704771003893023,NA
"2917","L3CompR1.qQuant.2","qQuant","99","99","2",-2.78416203715188,NA
"2918","L3CompR12.qQuant.2","qQuant","99","99","2",-3.38620086626534,NA
"2919","L32CompR1.qQuant.2","qQuant","99","99","2",-2.2382648049833,NA
"2920","L32CompR12.qQuant.2","qQuant","99","99","2",-2.75345446451986,NA
"2921","DCompL1.qSigma.2","qSigma","99","99","2",0.428193442850724,NA
"2922","DCompL12.qSigma.2","qSigma","99","99","2",0.214346832433293,NA
"2923","DCompL2.qSigma.2","qSigma","99","99","2",0.113866617697945,NA
"2924","DCompL22.qSigma.2","qSigma","99","99","2",0.0425482339620832,NA
"2925","DCompL3.qSigma.2","qSigma","99","99","2",0.321663786930581,NA
"2926","DCompL32.qSigma.2","qSigma","99","99","2",0.318702941606903,NA
"2927","DCompR1.qSigma.2","qSigma","99","99","2",-0.0625646626332709,NA
"2928","DCompR12.qSigma.2","qSigma","99","99","2",-0.131904835940714,NA
"2929","L1CompL2.qSigma.2","qSigma","99","99","2",-0.549708325696448,NA
"2930","L1CompL22.qSigma.2","qSigma","99","99","2",-0.674432994982188,NA
"2931","L1CompL3.qSigma.2","qSigma","99","99","2",-0.186303662642911,NA
"2932","L1CompL32.qSigma.2","qSigma","99","99","2",-0.19148171680591,NA
"2933","L1CompR1.qSigma.2","qSigma","99","99","2",-0.858258967736665,NA
"2934","L1CompR12.qSigma.2","qSigma","99","99","2",-0.979524057198277,NA
"2935","L12CompL2.qSigma.2","qSigma","99","99","2",-0.127893858108599,NA
"2936","L12CompL22.qSigma.2","qSigma","99","99","2",-0.218669771297807,NA
"2937","L12CompL3.qSigma.2","qSigma","99","99","2",0.136595840158916,NA
"2938","L12CompL32.qSigma.2","qSigma","99","99","2",0.132827198414815,NA
"2939","L12CompR1.qSigma.2","qSigma","99","99","2",-0.352460228632696,NA
"2940","L12CompR12.qSigma.2","qSigma","99","99","2",-0.440718223597829,NA
"2941","L2CompL3.qSigma.2","qSigma","99","99","2",0.234498748588849,NA
"2942","L2CompL32.qSigma.2","qSigma","99","99","2",0.23115743972631,NA
"2943","L2CompR1.qSigma.2","qSigma","99","99","2",-0.19910239683429,NA
"2944","L2CompR12.qSigma.2","qSigma","99","99","2",-0.277352663320478,NA
"2945","L22CompL3.qSigma.2","qSigma","99","99","2",0.291519179209957,NA
"2946","L22CompL32.qSigma.2","qSigma","99","99","2",0.288426756772919,NA
"2947","L22CompR1.qSigma.2","qSigma","99","99","2",-0.109784012442034,NA
"2948","L22CompR12.qSigma.2","qSigma","99","99","2",-0.182205596240854,NA
"2949","L3CompR1.qSigma.2","qSigma","99","99","2",-0.566427742115148,NA
"2950","L3CompR12.qSigma.2","qSigma","99","99","2",-0.668648693866617,NA
"2951","L32CompR1.qSigma.2","qSigma","99","99","2",-0.55962021198129,NA
"2952","L32CompR12.qSigma.2","qSigma","99","99","2",-0.661396922233039,NA
"2953","DCompL1.qConnect.2","qConnect","99","99","2",-0.364976745420155,NA
"2954","DCompL12.qConnect.2","qConnect","99","99","2",0.0946033269968088,NA
"2955","DCompL2.qConnect.2","qConnect","99","99","2",0.509158384456372,NA
"2956","DCompL22.qConnect.2","qConnect","99","99","2",0.212825737001133,NA
"2957","DCompL3.qConnect.2","qConnect","99","99","2",-0.331794637440366,NA
"2958","DCompL32.qConnect.2","qConnect","99","99","2",-0.261204040085097,NA
"2959","DCompR1.qConnect.2","qConnect","99","99","2",0.250570045434554,NA
"2960","DCompR12.qConnect.2","qConnect","99","99","2",0.219899140783727,NA
"2961","L1CompL2.qConnect.2","qConnect","99","99","2",0.640402946650537,NA
"2962","L1CompL22.qConnect.2","qConnect","99","99","2",0.423305733493235,NA
"2963","L1CompL3.qConnect.2","qConnect","99","99","2",0.024309650762274,NA
"2964","L1CompL32.qConnect.2","qConnect","99","99","2",0.076025255143168,NA
"2965","L1CompR1.qConnect.2","qConnect","99","99","2",0.450957712591094,NA
"2966","L1CompR12.qConnect.2","qConnect","99","99","2",0.428487802569744,NA
"2967","L12CompL2.qConnect.2","qConnect","99","99","2",0.457871195930606,NA
"2968","L12CompL22.qConnect.2","qConnect","99","99","2",0.130575264444237,NA
"2969","L12CompL3.qConnect.2","qConnect","99","99","2",-0.470951547704298,NA
"2970","L12CompL32.qConnect.2","qConnect","99","99","2",-0.392985061345207,NA
"2971","L12CompR1.qConnect.2","qConnect","99","99","2",0.172263410158561,NA
"2972","L12CompR12.qConnect.2","qConnect","99","99","2",0.138387755911797,NA
"2973","L2CompL3.qConnect.2","qConnect","99","99","2",-1.71328794312876,NA
"2974","L2CompL32.qConnect.2","qConnect","99","99","2",-1.56947251444493,NA
"2975","L2CompR1.qConnect.2","qConnect","99","99","2",-0.526826436131379,NA
"2976","L2CompR12.qConnect.2","qConnect","99","99","2",-0.589312793603039,NA
"2977","L22CompL3.qConnect.2","qConnect","99","99","2",-0.691867608027071,NA
"2978","L22CompL32.qConnect.2","qConnect","99","99","2",-0.60219166119626,NA
"2979","L22CompR1.qConnect.2","qConnect","99","99","2",0.0479491139479435,NA
"2980","L22CompR12.qConnect.2","qConnect","99","99","2",0.00898581688335142,NA
"2981","L3CompR1.qConnect.2","qConnect","99","99","2",0.437278140715592,NA
"2982","L3CompR12.qConnect.2","qConnect","99","99","2",0.414248385385015,NA
"2983","L32CompR1.qConnect.2","qConnect","99","99","2",0.405782148846526,NA
"2984","L32CompR12.qConnect.2","qConnect","99","99","2",0.38146339971791,NA
"2985","DCompL1.qTau1.2","qTau1","99","99","2",-2.47913681892791,NA
"2986","DCompL12.qTau1.2","qTau1","99","99","2",-1.02574421898007,NA
"2987","DCompL2.qTau1.2","qTau1","99","99","2",-1.3368766411272,NA
"2988","DCompL22.qTau1.2","qTau1","99","99","2",-1.10182087421537,NA
"2989","DCompL3.qTau1.2","qTau1","99","99","2",-0.751039639794838,NA
"2990","DCompL32.qTau1.2","qTau1","99","99","2",-0.655890976979066,NA
"2991","DCompR1.qTau1.2","qTau1","99","99","2",-0.9789426268179,NA
"2992","DCompR12.qTau1.2","qTau1","99","99","2",-1.0231979892735,NA
"2993","L1CompL2.qTau1.2","qTau1","99","99","2",0.328317119230939,NA
"2994","L1CompL22.qTau1.2","qTau1","99","99","2",0.395878637833206,NA
"2995","L1CompL3.qTau1.2","qTau1","99","99","2",0.49670285161869,NA
"2996","L1CompL32.qTau1.2","qTau1","99","99","2",0.524051204893595,NA
"2997","L1CompR1.qTau1.2","qTau1","99","99","2",0.43119723948433,NA
"2998","L1CompR12.qTau1.2","qTau1","99","99","2",0.418477026178881,NA
"2999","L12CompL2.qTau1.2","qTau1","99","99","2",-0.153589194149978,NA
"3000","L12CompL22.qTau1.2","qTau1","99","99","2",-0.0375549166190392,NA
"3001","L12CompL3.qTau1.2","qTau1","99","99","2",0.135606744726906,NA
"3002","L12CompL32.qTau1.2","qTau1","99","99","2",0.18257647660336,NA
"3003","L12CompR1.qTau1.2","qTau1","99","99","2",0.0231034065029877,NA
"3004","L12CompR12.qTau1.2","qTau1","99","99","2",0.00125693544264628,NA
"3005","L2CompL3.qTau1.2","qTau1","99","99","2",0.250692309136944,NA
"3006","L2CompL32.qTau1.2","qTau1","99","99","2",0.291408477522228,NA
"3007","L2CompR1.qTau1.2","qTau1","99","99","2",0.153167697434234,NA
"3008","L2CompR12.qTau1.2","qTau1","99","99","2",0.134229871758397,NA
"3009","L22CompL3.qTau1.2","qTau1","99","99","2",0.166893972138079,NA
"3010","L22CompL32.qTau1.2","qTau1","99","99","2",0.212163606664519,NA
"3011","L22CompR1.qTau1.2","qTau1","99","99","2",0.0584627590794781,NA
"3012","L22CompR12.qTau1.2","qTau1","99","99","2",0.0374070340181676,NA
"3013","L3CompR1.qTau1.2","qTau1","99","99","2",-0.13015295704543,NA
"3014","L3CompR12.qTau1.2","qTau1","99","99","2",-0.155426720956787,NA
"3015","L32CompR1.qTau1.2","qTau1","99","99","2",-0.195092342630065,NA
"3016","L32CompR12.qTau1.2","qTau1","99","99","2",-0.221818354831871,NA
"3017","DCompL1.qTau2.2","qTau2","99","99","2",-2.49699685159655,NA
"3018","DCompL12.qTau2.2","qTau2","99","99","2",-8.2770162316934,NA
"3019","DCompL2.qTau2.2","qTau2","99","99","2",-4.29979529033529,NA
"3020","DCompL22.qTau2.2","qTau2","99","99","2",-2.1591962049179,NA
"3021","DCompL3.qTau2.2","qTau2","99","99","2",-6.63776306732502,NA
"3022","DCompL32.qTau2.2","qTau2","99","99","2",-8.91269996391095,NA
"3023","DCompR1.qTau2.2","qTau2","99","99","2",-0.749314264429481,NA
"3024","DCompR12.qTau2.2","qTau2","99","99","2",-0.36752880503394,NA
"3025","L1CompL2.qTau2.2","qTau2","99","99","2",-0.515527612761699,NA
"3026","L1CompL22.qTau2.2","qTau2","99","99","2",0.0965973551061171,NA
"3027","L1CompL3.qTau2.2","qTau2","99","99","2",-1.18409206283329,NA
"3028","L1CompL32.qTau2.2","qTau2","99","99","2",-1.83463222432852,NA
"3029","L1CompR1.qTau2.2","qTau2","99","99","2",0.499766703069568,NA
"3030","L1CompR12.qTau2.2","qTau2","99","99","2",0.608941939879186,NA
"3031","L12CompL2.qTau2.2","qTau2","99","99","2",0.428717687026415,NA
"3032","L12CompL22.qTau2.2","qTau2","99","99","2",0.659459881710131,NA
"3033","L12CompL3.qTau2.2","qTau2","99","99","2",0.176700473883849,NA
"3034","L12CompL32.qTau2.2","qTau2","99","99","2",-0.0685224339746047,NA
"3035","L12CompR1.qTau2.2","qTau2","99","99","2",0.811435679237766,NA
"3036","L12CompR12.qTau2.2","qTau2","99","99","2",0.852589585823726,NA
"3037","L2CompL3.qTau2.2","qTau2","99","99","2",-0.441143034572155,NA
"3038","L2CompL32.qTau2.2","qTau2","99","99","2",-0.87039299083641,NA
"3039","L2CompR1.qTau2.2","qTau2","99","99","2",0.669927955968501,NA
"3040","L2CompR12.qTau2.2","qTau2","99","99","2",0.741965730727795,NA
"3041","L22CompL3.qTau2.2","qTau2","99","99","2",-1.41762859028362,NA
"3042","L22CompL32.qTau2.2","qTau2","99","99","2",-2.13772849830596,NA
"3043","L22CompR1.qTau2.2","qTau2","99","99","2",0.446278688956915,NA
"3044","L22CompR12.qTau2.2","qTau2","99","99","2",0.567127612110601,NA
"3045","L3CompR1.qTau2.2","qTau2","99","99","2",0.770965104702817,NA
"3046","L3CompR12.qTau2.2","qTau2","99","99","2",0.820951659146859,NA
"3047","L32CompR1.qTau2.2","qTau2","99","99","2",0.82352797211676,NA
"3048","L32CompR12.qTau2.2","qTau2","99","99","2",0.862042752225661,NA
"3049","DCompL1.qNPQ.2","qNPQ","99","99","2",0.862652592400809,NA
"3050","DCompL12.qNPQ.2","qNPQ","99","99","2",0.643095948499203,NA
"3051","DCompL2.qNPQ.2","qNPQ","99","99","2",0.606842345893413,NA
"3052","DCompL22.qNPQ.2","qNPQ","99","99","2",0.64797313511076,NA
"3053","DCompL3.qNPQ.2","qNPQ","99","99","2",0.682051893464439,NA
"3054","DCompL32.qNPQ.2","qNPQ","99","99","2",0.439714928368478,NA
"3055","DCompR1.qNPQ.2","qNPQ","99","99","2",0.347133362200432,NA
"3056","DCompR12.qNPQ.2","qNPQ","99","99","2",0.504267826026336,NA
"3057","L1CompL2.qNPQ.2","qNPQ","99","99","2",-1.86250509550136,NA
"3058","L1CompL22.qNPQ.2","qNPQ","99","99","2",-1.563039747474,NA
"3059","L1CompL3.qNPQ.2","qNPQ","99","99","2",-1.31491887683385,NA
"3060","L1CompL32.qNPQ.2","qNPQ","99","99","2",-3.0793276074533,NA
"3061","L1CompR1.qNPQ.2","qNPQ","99","99","2",-3.7533961449405,NA
"3062","L1CompR12.qNPQ.2","qNPQ","99","99","2",-2.6093304026554,NA
"3063","L12CompL2.qNPQ.2","qNPQ","99","99","2",-0.1015780080202,NA
"3064","L12CompL22.qNPQ.2","qNPQ","99","99","2",0.013665259867599,NA
"3065","L12CompL3.qNPQ.2","qNPQ","99","99","2",0.109149629435207,NA
"3066","L12CompL32.qNPQ.2","qNPQ","99","99","2",-0.569847888460496,NA
"3067","L12CompR1.qNPQ.2","qNPQ","99","99","2",-0.829249724272491,NA
"3068","L12CompR12.qNPQ.2","qNPQ","99","99","2",-0.388978835877846,NA
"3069","L2CompL3.qNPQ.2","qNPQ","99","99","2",0.191296155080415,NA
"3070","L2CompL32.qNPQ.2","qNPQ","99","99","2",-0.425090077172011,NA
"3071","L2CompR1.qNPQ.2","qNPQ","99","99","2",-0.660572116504116,NA
"3072","L2CompR12.qNPQ.2","qNPQ","99","99","2",-0.260899206198002,NA
"3073","L22CompL3.qNPQ.2","qNPQ","99","99","2",0.0968072660147715,NA
"3074","L22CompL32.qNPQ.2","qNPQ","99","99","2",-0.591597481651886,NA
"3075","L22CompR1.qNPQ.2","qNPQ","99","99","2",-0.854593222608118,NA
"3076","L22CompR12.qNPQ.2","qNPQ","99","99","2",-0.408222563154772,NA
"3077","L3CompR1.qNPQ.2","qNPQ","99","99","2",-1.05337482557566,NA
"3078","L3CompR12.qNPQ.2","qNPQ","99","99","2",-0.559160642204417,NA
"3079","L32CompR1.qNPQ.2","qNPQ","99","99","2",-0.165240108751162,NA
"3080","L32CompR12.qNPQ.2","qNPQ","99","99","2",0.115214380904142,NA
"3081","DCompL1.qqP.2","qqP","99","99","2",0.77819359102902,NA
"3082","DCompL12.qqP.2","qqP","99","99","2",0.583519284490726,NA
"3083","DCompL2.qqP.2","qqP","99","99","2",0.508470757255514,NA
"3084","DCompL22.qqP.2","qqP","99","99","2",0.494980114753213,NA
"3085","DCompL3.qqP.2","qqP","99","99","2",0.615984446817118,NA
"3086","DCompL32.qqP.2","qqP","99","99","2",0.446220275461811,NA
"3087","DCompR1.qqP.2","qqP","99","99","2",0.262624913545505,NA
"3088","DCompR12.qqP.2","qqP","99","99","2",0.305219455365817,NA
"3089","L1CompL2.qqP.2","qqP","99","99","2",-1.21602813473616,NA
"3090","L1CompL22.qqP.2","qqP","99","99","2",-1.27684983310316,NA
"3091","L1CompL3.qqP.2","qqP","99","99","2",-0.731309545853228,NA
"3092","L1CompL32.qqP.2","qqP","99","99","2",-1.49668044808679,NA
"3093","L1CompR1.qqP.2","qqP","99","99","2",-2.3244083878161,NA
"3094","L1CompR12.qqP.2","qqP","99","99","2",-2.13237362192309,NA
"3095","L12CompL2.qqP.2","qqP","99","99","2",-0.1801968841305,NA
"3096","L12CompL22.qqP.2","qqP","99","99","2",-0.212588882126864,NA
"3097","L12CompL3.qqP.2","qqP","99","99","2",0.0779511778515188,NA
"3098","L12CompL32.qqP.2","qqP","99","99","2",-0.329664745367683,NA
"3099","L12CompR1.qqP.2","qqP","99","99","2",-0.770490346840743,NA
"3100","L12CompR12.qqP.2","qqP","99","99","2",-0.668217803997489,NA
"3101","L2CompL3.qqP.2","qqP","99","99","2",0.218733048233903,NA
"3102","L2CompL32.qqP.2","qqP","99","99","2",-0.126646547916708,NA
"3103","L2CompR1.qqP.2","qqP","99","99","2",-0.500165244161898,NA
"3104","L2CompR12.qqP.2","qqP","99","99","2",-0.413508056519344,NA
"3105","L22CompL3.qqP.2","qqP","99","99","2",0.239603103954557,NA
"3106","L22CompL32.qqP.2","qqP","99","99","2",-0.0965503353745659,NA
"3107","L22CompR1.qqP.2","qqP","99","99","2",-0.460091192437232,NA
"3108","L22CompR12.qqP.2","qqP","99","99","2",-0.375748886194188,NA
"3109","L3CompR1.qqP.2","qqP","99","99","2",-0.92016984818146,NA
"3110","L3CompR12.qqP.2","qqP","99","99","2",-0.809251054743877,NA
"3111","L32CompR1.qqP.2","qqP","99","99","2",-0.331531390155916,NA
"3112","L32CompR12.qqP.2","qqP","99","99","2",-0.25461535308751,NA
"3113","DCompL1.qABQ.2","qABQ","99","99","2",0,NA
"3114","DCompL12.qABQ.2","qABQ","99","99","2",0,NA
"3115","DCompL2.qABQ.2","qABQ","99","99","2",0,NA
"3116","DCompL22.qABQ.2","qABQ","99","99","2",0,NA
"3117","DCompL3.qABQ.2","qABQ","99","99","2",0,NA
"3118","DCompL32.qABQ.2","qABQ","99","99","2",0,NA
"3119","DCompR1.qABQ.2","qABQ","99","99","2",1,NA
"3120","DCompR12.qABQ.2","qABQ","99","99","2",1,NA
"3121","L1CompL2.qABQ.2","qABQ","99","99","2",0.734076689872053,NA
"3122","L1CompL22.qABQ.2","qABQ","99","99","2",0.900633149170113,NA
"3123","L1CompL3.qABQ.2","qABQ","99","99","2",0.248788620420982,NA
"3124","L1CompL32.qABQ.2","qABQ","99","99","2",0.25570335807779,NA
"3125","L1CompR1.qABQ.2","qABQ","99","99","2",1.14611307967899,NA
"3126","L1CompR12.qABQ.2","qABQ","99","99","2",1.30804964004715,NA
"3127","L12CompL2.qABQ.2","qABQ","99","99","2",0.468773965981594,NA
"3128","L12CompL22.qABQ.2","qABQ","99","99","2",0.801498191136905,NA
"3129","L12CompL3.qABQ.2","qABQ","99","99","2",-0.500669654312182,NA
"3130","L12CompL32.qABQ.2","qABQ","99","99","2",-0.486856315948064,NA
"3131","L12CompR1.qABQ.2","qABQ","99","99","2",1.29188517470974,NA
"3132","L12CompR12.qABQ.2","qABQ","99","99","2",1.61538038348089,NA
"3133","L2CompL3.qABQ.2","qABQ","99","99","2",-1.824917376433,NA
"3134","L2CompL32.qABQ.2","qABQ","99","99","2",-1.79891462528839,NA
"3135","L2CompR1.qABQ.2","qABQ","99","99","2",1.54945570438595,NA
"3136","L2CompR12.qABQ.2","qABQ","99","99","2",2.15841533372509,NA
"3137","L22CompL3.qABQ.2","qABQ","99","99","2",-6.55997974480515,NA
"3138","L22CompL32.qABQ.2","qABQ","99","99","2",-6.49039177256836,NA
"3139","L22CompR1.qABQ.2","qABQ","99","99","2",2.47044088102515,NA
"3140","L22CompR12.qABQ.2","qABQ","99","99","2",4.10012481501017,NA
"3141","L3CompR1.qABQ.2","qABQ","99","99","2",1.19450328316495,NA
"3142","L3CompR12.qABQ.2","qABQ","99","99","2",1.41007051865984,NA
"3143","L32CompR1.qABQ.2","qABQ","99","99","2",1.19631027664137,NA
"3144","L32CompR12.qABQ.2","qABQ","99","99","2",1.41388019600838,NA
"3145","DCompL1.qqm.2","qqm","99","99","2",0,NA
"3146","DCompL12.qqm.2","qqm","99","99","2",0,NA
"3147","DCompL2.qqm.2","qqm","99","99","2",0,NA
"3148","DCompL22.qqm.2","qqm","99","99","2",0,NA
"3149","DCompL3.qqm.2","qqm","99","99","2",0,NA
"3150","DCompL32.qqm.2","qqm","99","99","2",0,NA
"3151","DCompR1.qqm.2","qqm","99","99","2",0,NA
"3152","DCompR12.qqm.2","qqm","99","99","2",0,NA
"3153","L1CompL2.qqm.2","qqm","99","99","2",0.16328698717937,NA
"3154","L1CompL22.qqm.2","qqm","99","99","2",0.278713633928897,NA
"3155","L1CompL3.qqm.2","qqm","99","99","2",0.0136160545958013,NA
"3156","L1CompL32.qqm.2","qqm","99","99","2",0.042028191780265,NA
"3157","L1CompR1.qqm.2","qqm","99","99","2",0.482861296699455,NA
"3158","L1CompR12.qqm.2","qqm","99","99","2",0.584329477198079,NA
"3159","L12CompL2.qqm.2","qqm","99","99","2",0.143658770230602,NA
"3160","L12CompL22.qqm.2","qqm","99","99","2",0.261793178457904,NA
"3161","L12CompL3.qqm.2","qqm","99","99","2",-0.00952325097076098,NA
"3162","L12CompL32.qqm.2","qqm","99","99","2",0.0195553986069484,NA
"3163","L12CompR1.qqm.2","qqm","99","99","2",0.470729884249242,NA
"3164","L12CompR12.qqm.2","qqm","99","99","2",0.57457837846321,NA
"3165","L2CompL3.qqm.2","qqm","99","99","2",-0.178879652031484,NA
"3166","L2CompL32.qqm.2","qqm","99","99","2",-0.144922803328147,NA
"3167","L2CompR1.qqm.2","qqm","99","99","2",0.381940168998655,NA
"3168","L2CompR12.qqm.2","qqm","99","99","2",0.503210161151121,NA
"3169","L22CompL3.qqm.2","qqm","99","99","2",-0.367534438196997,NA
"3170","L22CompL32.qqm.2","qqm","99","99","2",-0.328143513148425,NA
"3171","L22CompR1.qqm.2","qqm","99","99","2",0.283032748674517,NA
"3172","L22CompR12.qqm.2","qqm","99","99","2",0.423709441416303,NA
"3173","L3CompR1.qqm.2","qqm","99","99","2",0.475722708474708,NA
"3174","L3CompR12.qqm.2","qqm","99","99","2",0.578591556828728,NA
"3175","L32CompR1.qqm.2","qqm","99","99","2",0.460173359107948,NA
"3176","L32CompR12.qqm.2","qqm","99","99","2",0.566093157193853,NA
"3177","DCompL1.qQuant.3","qQuant","99","99","3",0.869335554386386,NA
"3178","DCompL12.qQuant.3","qQuant","99","99","3",0.840001139321612,NA
"3179","DCompL2.qQuant.3","qQuant","99","99","3",0.72984962701013,NA
"3180","DCompL22.qQuant.3","qQuant","99","99","3",0.623612260892726,NA
"3181","DCompL3.qQuant.3","qQuant","99","99","3",0.848102347383466,NA
"3182","DCompL32.qQuant.3","qQuant","99","99","3",0.830898073090767,NA
"3183","DCompR1.qQuant.3","qQuant","99","99","3",0.43047803487328,NA
"3184","DCompR12.qQuant.3","qQuant","99","99","3",0.358971144608161,NA
"3185","L1CompL2.qQuant.3","qQuant","99","99","3",-1.06751248758769,NA
"3186","L1CompL22.qQuant.3","qQuant","99","99","3",-1.88056737500179,NA
"3187","L1CompL3.qQuant.3","qQuant","99","99","3",-0.162501795367564,NA
"3188","L1CompL32.qQuant.3","qQuant","99","99","3",-0.294169397919316,NA
"3189","L1CompR1.qQuant.3","qQuant","99","99","3",-3.35866055568662,NA
"3190","L1CompR12.qQuant.3","qQuant","99","99","3",-3.90591646703507,NA
"3191","L12CompL2.qQuant.3","qQuant","99","99","3",-0.688451854247242,NA
"3192","L12CompL22.qQuant.3","qQuant","99","99","3",-1.35244012058215,NA
"3193","L12CompL3.qQuant.3","qQuant","99","99","3",0.0506329109313971,NA
"3194","L12CompL32.qQuant.3","qQuant","99","99","3",-0.0568945690753547,NA
"3195","L12CompR1.qQuant.3","qQuant","99","99","3",-2.55953762865543,NA
"3196","L12CompR12.qQuant.3","qQuant","99","99","3",-3.0064588752314,NA
"3197","L2CompL3.qQuant.3","qQuant","99","99","3",0.437729250804219,NA
"3198","L2CompL32.qQuant.3","qQuant","99","99","3",0.374045184399678,NA
"3199","L2CompR1.qQuant.3","qQuant","99","99","3",-1.10816649565786,NA
"3200","L2CompR12.qQuant.3","qQuant","99","99","3",-1.37285941269411,NA
"3201","L22CompL3.qQuant.3","qQuant","99","99","3",0.596433048066845,NA
"3202","L22CompL32.qQuant.3","qQuant","99","99","3",0.550724135408042,NA
"3203","L22CompR1.qQuant.3","qQuant","99","99","3",-0.513125710411096,NA
"3204","L22CompR12.qQuant.3","qQuant","99","99","3",-0.703107696632861,NA
"3205","L3CompR1.qQuant.3","qQuant","99","99","3",-2.74937963369638,NA
"3206","L3CompR12.qQuant.3","qQuant","99","99","3",-3.22013667986113,NA
"3207","L32CompR1.qQuant.3","qQuant","99","99","3",-2.36792120312395,NA
"3208","L32CompR12.qQuant.3","qQuant","99","99","3",-2.79078386100189,NA
"3209","DCompL1.qSigma.3","qSigma","99","99","3",0.356928063892298,NA
"3210","DCompL12.qSigma.3","qSigma","99","99","3",0.182273080068152,NA
"3211","DCompL2.qSigma.3","qSigma","99","99","3",0.0722794842493674,NA
"3212","DCompL22.qSigma.3","qSigma","99","99","3",-0.0586096600659629,NA
"3213","DCompL3.qSigma.3","qSigma","99","99","3",0.25240332917931,NA
"3214","DCompL32.qSigma.3","qSigma","99","99","3",0.231582358919813,NA
"3215","DCompR1.qSigma.3","qSigma","99","99","3",-0.110810804177138,NA
"3216","DCompR12.qSigma.3","qSigma","99","99","3",-0.161166396974501,NA
"3217","L1CompL2.qSigma.3","qSigma","99","99","3",-0.442638783719613,NA
"3218","L1CompL22.qSigma.3","qSigma","99","99","3",-0.646176112851962,NA
"3219","L1CompL3.qSigma.3","qSigma","99","99","3",-0.162539723542658,NA
"3220","L1CompL32.qSigma.3","qSigma","99","99","3",-0.194917081487275,NA
"3221","L1CompR1.qSigma.3","qSigma","99","99","3",-0.727350770273854,NA
"3222","L1CompR12.qSigma.3","qSigma","99","99","3",-0.805655528995169,NA
"3223","L12CompL2.qSigma.3","qSigma","99","99","3",-0.134511403670008,NA
"3224","L12CompL22.qSigma.3","qSigma","99","99","3",-0.294576018304731,NA
"3225","L12CompL3.qSigma.3","qSigma","99","99","3",0.0857624316893008,NA
"3226","L12CompL32.qSigma.3","qSigma","99","99","3",0.0603004226102407,NA
"3227","L12CompR1.qSigma.3","qSigma","99","99","3",-0.358412909128291,NA
"3228","L12CompR12.qSigma.3","qSigma","99","99","3",-0.419992871301432,NA
"3229","L2CompL3.qSigma.3","qSigma","99","99","3",0.194157444911306,NA
"3230","L2CompL32.qSigma.3","qSigma","99","99","3",0.171714295378659,NA
"3231","L2CompR1.qSigma.3","qSigma","99","99","3",-0.197355006511163,NA
"3232","L2CompR12.qSigma.3","qSigma","99","99","3",-0.251633845819378,NA
"3233","L22CompL3.qSigma.3","qSigma","99","99","3",0.293793832587824,NA
"3234","L22CompL32.qSigma.3","qSigma","99","99","3",0.274125610158983,NA
"3235","L22CompR1.qSigma.3","qSigma","99","99","3",-0.0493110407739174,NA
"3236","L22CompR12.qSigma.3","qSigma","99","99","3",-0.0968787087226729,NA
"3237","L3CompR1.qSigma.3","qSigma","99","99","3",-0.48584236331299,NA
"3238","L3CompR12.qSigma.3","qSigma","99","99","3",-0.553198993917142,NA
"3239","L32CompR1.qSigma.3","qSigma","99","99","3",-0.445582122002873,NA
"3240","L32CompR12.qSigma.3","qSigma","99","99","3",-0.511113663843292,NA
"3241","DCompL1.qConnect.3","qConnect","99","99","3",-0.559752342056617,NA
"3242","DCompL12.qConnect.3","qConnect","99","99","3",0.303012579368637,NA
"3243","DCompL2.qConnect.3","qConnect","99","99","3",0.126432947729943,NA
"3244","DCompL22.qConnect.3","qConnect","99","99","3",0.341858938329511,NA
"3245","DCompL3.qConnect.3","qConnect","99","99","3",0.340519135577636,NA
"3246","DCompL32.qConnect.3","qConnect","99","99","3",0.0490624077131405,NA
"3247","DCompR1.qConnect.3","qConnect","99","99","3",0.304493481575144,NA
"3248","DCompR12.qConnect.3","qConnect","99","99","3",0.23530132562996,NA
"3249","L1CompL2.qConnect.3","qConnect","99","99","3",0.439932206725708,NA
"3250","L1CompL22.qConnect.3","qConnect","99","99","3",0.578047716983906,NA
"3251","L1CompL3.qConnect.3","qConnect","99","99","3",0.577188732697908,NA
"3252","L1CompL32.qConnect.3","qConnect","99","99","3",0.390327831767832,NA
"3253","L1CompR1.qConnect.3","qConnect","99","99","3",0.554091697975723,NA
"3254","L1CompR12.qConnect.3","qConnect","99","99","3",0.509730709324184,NA
"3255","L12CompL2.qConnect.3","qConnect","99","99","3",-0.253346942013301,NA
"3256","L12CompL22.qConnect.3","qConnect","99","99","3",0.0557346629379406,NA
"3257","L12CompL3.qConnect.3","qConnect","99","99","3",0.0538123861332019,NA
"3258","L12CompL32.qConnect.3","qConnect","99","99","3",-0.364354024388929,NA
"3259","L12CompR1.qConnect.3","qConnect","99","99","3",0.0021247187003259,NA
"3260","L12CompR12.qConnect.3","qConnect","99","99","3",-0.0971484588306356,NA
"3261","L2CompL3.qConnect.3","qConnect","99","99","3",0.245071271050537,NA
"3262","L2CompL32.qConnect.3","qConnect","99","99","3",-0.0885685189428177,NA
"3263","L2CompR1.qConnect.3","qConnect","99","99","3",0.203831558645089,NA
"3264","L2CompR12.qConnect.3","qConnect","99","99","3",0.124625096169906,NA
"3265","L22CompL3.qConnect.3","qConnect","99","99","3",-0.00203573797458195,NA
"3266","L22CompL32.qConnect.3","qConnect","99","99","3",-0.444884155796625,NA
"3267","L22CompR1.qConnect.3","qConnect","99","99","3",-0.056774237212195,NA
"3268","L22CompR12.qConnect.3","qConnect","99","99","3",-0.161906951116356,NA
"3269","L3CompR1.qConnect.3","qConnect","99","99","3",-0.0546272923840583,NA
"3270","L3CompR12.qConnect.3","qConnect","99","99","3",-0.159546418439049,NA
"3271","L32CompR1.qConnect.3","qConnect","99","99","3",0.268609713122952,NA
"3272","L32CompR12.qConnect.3","qConnect","99","99","3",0.195847676469434,NA
"3273","DCompL1.qTau1.3","qTau1","99","99","3",-4.03450450843823,NA
"3274","DCompL12.qTau1.3","qTau1","99","99","3",-0.325746799026447,NA
"3275","DCompL2.qTau1.3","qTau1","99","99","3",-1.64004611077332,NA
"3276","DCompL22.qTau1.3","qTau1","99","99","3",-1.13636764949735,NA
"3277","DCompL3.qTau1.3","qTau1","99","99","3",-0.766774332489813,NA
"3278","DCompL32.qTau1.3","qTau1","99","99","3",-0.892864970759252,NA
"3279","DCompR1.qTau1.3","qTau1","99","99","3",-0.647962752366472,NA
"3280","DCompR12.qTau1.3","qTau1","99","99","3",-0.911706439497181,NA
"3281","L1CompL2.qTau1.3","qTau1","99","99","3",0.475609544822457,NA
"3282","L1CompL22.qTau1.3","qTau1","99","99","3",0.57565483437017,NA
"3283","L1CompL3.qTau1.3","qTau1","99","99","3",0.649066888404101,NA
"3284","L1CompL32.qTau1.3","qTau1","99","99","3",0.624021595851854,NA
"3285","L1CompR1.qTau1.3","qTau1","99","99","3",0.672666346885904,NA
"3286","L1CompR12.qTau1.3","qTau1","99","99","3",0.620279128503509,NA
"3287","L12CompL2.qTau1.3","qTau1","99","99","3",-0.991365253690989,NA
"3288","L12CompL22.qTau1.3","qTau1","99","99","3",-0.611444697483845,NA
"3289","L12CompL3.qTau1.3","qTau1","99","99","3",-0.332663472231071,NA
"3290","L12CompL32.qTau1.3","qTau1","99","99","3",-0.427772612499811,NA
"3291","L12CompR1.qTau1.3","qTau1","99","99","3",-0.243044866166483,NA
"3292","L12CompR12.qTau1.3","qTau1","99","99","3",-0.44198457873029,NA
"3293","L2CompL3.qTau1.3","qTau1","99","99","3",0.330778987048718,NA
"3294","L2CompL32.qTau1.3","qTau1","99","99","3",0.283018215842905,NA
"3295","L2CompR1.qTau1.3","qTau1","99","99","3",0.375782587417099,NA
"3296","L2CompR12.qTau1.3","qTau1","99","99","3",0.275881420519126,NA
"3297","L22CompL3.qTau1.3","qTau1","99","99","3",0.173000802129959,NA
"3298","L22CompL32.qTau1.3","qTau1","99","99","3",0.113979763172031,NA
"3299","L22CompR1.qTau1.3","qTau1","99","99","3",0.22861462878161,NA
"3300","L22CompR12.qTau1.3","qTau1","99","99","3",0.105160368840554,NA
"3301","L3CompR1.qTau1.3","qTau1","99","99","3",0.0672477395321373,NA
"3302","L3CompR12.qTau1.3","qTau1","99","99","3",-0.0820320424301861,NA
"3303","L32CompR1.qTau1.3","qTau1","99","99","3",0.129381768998845,NA
"3304","L32CompR12.qTau1.3","qTau1","99","99","3",-0.00995394231970559,NA
"3305","DCompL1.qTau2.3","qTau2","99","99","3",-2.59398962819126,NA
"3306","DCompL12.qTau2.3","qTau2","99","99","3",-6.32525614750383,NA
"3307","DCompL2.qTau2.3","qTau2","99","99","3",-4.12169214633119,NA
"3308","DCompL22.qTau2.3","qTau2","99","99","3",-1.86309583634471,NA
"3309","DCompL3.qTau2.3","qTau2","99","99","3",-5.60817479727139,NA
"3310","DCompL32.qTau2.3","qTau2","99","99","3",-11.2035472694766,NA
"3311","DCompR1.qTau2.3","qTau2","99","99","3",-0.485961427939652,NA
"3312","DCompR12.qTau2.3","qTau2","99","99","3",-0.340025902227592,NA
"3313","L1CompL2.qTau2.3","qTau2","99","99","3",-0.425071487729577,NA
"3314","L1CompL22.qTau2.3","qTau2","99","99","3",0.203365581835134,NA
"3315","L1CompL3.qTau2.3","qTau2","99","99","3",-0.838673864119379,NA
"3316","L1CompL32.qTau2.3","qTau2","99","99","3",-2.39554326305005,NA
"3317","L1CompR1.qTau2.3","qTau2","99","99","3",0.586542649905339,NA
"3318","L1CompR12.qTau2.3","qTau2","99","99","3",0.627148088654339,NA
"3319","L12CompL2.qTau2.3","qTau2","99","99","3",0.300817330725497,NA
"3320","L12CompL22.qTau2.3","qTau2","99","99","3",0.60914734192328,NA
"3321","L12CompL3.qTau2.3","qTau2","99","99","3",0.0978916417109583,NA
"3322","L12CompL32.qTau2.3","qTau2","99","99","3",-0.665955022424039,NA
"3323","L12CompR1.qTau2.3","qTau2","99","99","3",0.797145465220897,NA
"3324","L12CompR12.qTau2.3","qTau2","99","99","3",0.817067707224924,NA
"3325","L2CompL3.qTau2.3","qTau2","99","99","3",-0.290232721622094,NA
"3326","L2CompL32.qTau2.3","qTau2","99","99","3",-1.38271784418326,NA
"3327","L2CompR1.qTau2.3","qTau2","99","99","3",0.709869046111237,NA
"3328","L2CompR12.qTau2.3","qTau2","99","99","3",0.738362661413086,NA
"3329","L22CompL3.qTau2.3","qTau2","99","99","3",-1.30805225357318,NA
"3330","L22CompL32.qTau2.3","qTau2","99","99","3",-3.26236073363746,NA
"3331","L22CompR1.qTau2.3","qTau2","99","99","3",0.480994869582582,NA
"3332","L22CompR12.qTau2.3","qTau2","99","99","3",0.531966102839787,NA
"3333","L3CompR1.qTau2.3","qTau2","99","99","3",0.775132850820891,NA
"3334","L3CompR12.qTau2.3","qTau2","99","99","3",0.797216940632244,NA
"3335","L32CompR1.qTau2.3","qTau2","99","99","3",0.878235287238463,NA
"3336","L32CompR12.qTau2.3","qTau2","99","99","3",0.890193738538691,NA
"3337","DCompL1.qNPQ.3","qNPQ","99","99","3",0.856835371085819,NA
"3338","DCompL12.qNPQ.3","qNPQ","99","99","3",0.65128156575904,NA
"3339","DCompL2.qNPQ.3","qNPQ","99","99","3",0.611248577962306,NA
"3340","DCompL22.qNPQ.3","qNPQ","99","99","3",0.643682300444536,NA
"3341","DCompL3.qNPQ.3","qNPQ","99","99","3",0.683443005966411,NA
"3342","DCompL32.qNPQ.3","qNPQ","99","99","3",0.44847656833277,NA
"3343","DCompR1.qNPQ.3","qNPQ","99","99","3",0.36103711135192,NA
"3344","DCompR12.qNPQ.3","qNPQ","99","99","3",0.499763017931694,NA
"3345","L1CompL2.qNPQ.3","qNPQ","99","99","3",-1.71541528788321,NA
"3346","L1CompL22.qNPQ.3","qNPQ","99","99","3",-1.48886685390045,NA
"3347","L1CompL3.qNPQ.3","qNPQ","99","99","3",-1.21113969584866,NA
"3348","L1CompL32.qNPQ.3","qNPQ","99","99","3",-2.8523721665764,NA
"3349","L1CompR1.qNPQ.3","qNPQ","99","99","3",-3.46313376072172,NA
"3350","L1CompR12.qNPQ.3","qNPQ","99","99","3",-2.49413808328431,NA
"3351","L12CompL2.qNPQ.3","qNPQ","99","99","3",-0.114800319873746,NA
"3352","L12CompL22.qNPQ.3","qNPQ","99","99","3",-0.0217919804871934,NA
"3353","L12CompL3.qNPQ.3","qNPQ","99","99","3",0.0922275310090092,NA
"3354","L12CompL32.qNPQ.3","qNPQ","99","99","3",-0.581572344655958,NA
"3355","L12CompR1.qNPQ.3","qNPQ","99","99","3",-0.832317497177577,NA
"3356","L12CompR12.qNPQ.3","qNPQ","99","99","3",-0.434501113074649,NA
"3357","L2CompL3.qNPQ.3","qNPQ","99","99","3",0.185708460243536,NA
"3358","L2CompL32.qNPQ.3","qNPQ","99","99","3",-0.418704602484394,NA
"3359","L2CompR1.qNPQ.3","qNPQ","99","99","3",-0.643628427900964,NA
"3360","L2CompR12.qNPQ.3","qNPQ","99","99","3",-0.286778526612829,NA
"3361","L22CompL3.qNPQ.3","qNPQ","99","99","3",0.111587792499446,NA
"3362","L22CompL32.qNPQ.3","qNPQ","99","99","3",-0.547841806217602,NA
"3363","L22CompR1.qNPQ.3","qNPQ","99","99","3",-0.793239262167553,NA
"3364","L22CompR12.qNPQ.3","qNPQ","99","99","3",-0.403907194878037,NA
"3365","L3CompR1.qNPQ.3","qNPQ","99","99","3",-1.01847661145115,NA
"3366","L3CompR12.qNPQ.3","qNPQ","99","99","3",-0.58024302573213,NA
"3367","L32CompR1.qNPQ.3","qNPQ","99","99","3",-0.158541690090164,NA
"3368","L32CompR12.qNPQ.3","qNPQ","99","99","3",0.0929905179982781,NA
"3369","DCompL1.qqP.3","qqP","99","99","3",0.772569329569297,NA
"3370","DCompL12.qqP.3","qqP","99","99","3",0.584580653789717,NA
"3371","DCompL2.qqP.3","qqP","99","99","3",0.511246118654758,NA
"3372","DCompL22.qqP.3","qqP","99","99","3",0.489517865240346,NA
"3373","DCompL3.qqP.3","qqP","99","99","3",0.612156323487924,NA
"3374","DCompL32.qqP.3","qqP","99","99","3",0.449254576801587,NA
"3375","DCompR1.qqP.3","qqP","99","99","3",0.261025637137442,NA
"3376","DCompR12.qqP.3","qqP","99","99","3",0.300751075686425,NA
"3377","L1CompL2.qqP.3","qqP","99","99","3",-1.14902361418383,NA
"3378","L1CompL22.qqP.3","qqP","99","99","3",-1.2445615351391,NA
"3379","L1CompL3.qqP.3","qqP","99","99","3",-0.705327059791831,NA
"3380","L1CompL32.qqP.3","qqP","99","99","3",-1.42159697351031,NA
"3381","L1CompR1.qqP.3","qqP","99","99","3",-2.2492291451417,NA
"3382","L1CompR12.qqP.3","qqP","99","99","3",-2.07455860280125,NA
"3383","L12CompL2.qqP.3","qqP","99","99","3",-0.176531343096951,NA
"3384","L12CompL22.qqP.3","qqP","99","99","3",-0.22883572808198,NA
"3385","L12CompL3.qqP.3","qqP","99","99","3",0.0663803213542405,NA
"3386","L12CompL32.qqP.3","qqP","99","99","3",-0.325757763143818,NA
"3387","L12CompR1.qqP.3","qqP","99","99","3",-0.778863622033848,NA
"3388","L12CompR12.qqP.3","qqP","99","99","3",-0.683236302527949,NA
"3389","L2CompL3.qqP.3","qqP","99","99","3",0.206464252632473,NA
"3390","L2CompL32.qqP.3","qqP","99","99","3",-0.126835907026551,NA
"3391","L2CompR1.qqP.3","qqP","99","99","3",-0.511955998852861,NA
"3392","L2CompR12.qqP.3","qqP","99","99","3",-0.430676974654337,NA
"3393","L22CompL3.qqP.3","qqP","99","99","3",0.240240450932368,NA
"3394","L22CompL32.qqP.3","qqP","99","99","3",-0.0788730607736471,NA
"3395","L22CompR1.qqP.3","qqP","99","99","3",-0.447600831732306,NA
"3396","L22CompR12.qqP.3","qqP","99","99","3",-0.369781382541032,NA
"3397","L3CompR1.qqP.3","qqP","99","99","3",-0.905340753543389,NA
"3398","L3CompR12.qqP.3","qqP","99","99","3",-0.80291433549208,NA
"3399","L32CompR1.qqP.3","qqP","99","99","3",-0.341771228113017,NA
"3400","L32CompR12.qqP.3","qqP","99","99","3",-0.26964091730938,NA
"3401","DCompL1.qABQ.3","qABQ","99","99","3",0,NA
"3402","DCompL12.qABQ.3","qABQ","99","99","3",0,NA
"3403","DCompL2.qABQ.3","qABQ","99","99","3",0,NA
"3404","DCompL22.qABQ.3","qABQ","99","99","3",1,NA
"3405","DCompL3.qABQ.3","qABQ","99","99","3",0,NA
"3406","DCompL32.qABQ.3","qABQ","99","99","3",0,NA
"3407","DCompR1.qABQ.3","qABQ","99","99","3",1,NA
"3408","DCompR12.qABQ.3","qABQ","99","99","3",1,NA
"3409","L1CompL2.qABQ.3","qABQ","99","99","3",0.797495653714755,NA
"3410","L1CompL22.qABQ.3","qABQ","99","99","3",1.16420580502084,NA
"3411","L1CompL3.qABQ.3","qABQ","99","99","3",0.292845380587748,NA
"3412","L1CompL32.qABQ.3","qABQ","99","99","3",0.351179180492534,NA
"3413","L1CompR1.qABQ.3","qABQ","99","99","3",1.31045696706711,NA
"3414","L1CompR12.qABQ.3","qABQ","99","99","3",1.45153747569464,NA
"3415","L12CompL2.qABQ.3","qABQ","99","99","3",0.603454968652844,NA
"3416","L12CompL22.qABQ.3","qABQ","99","99","3",1.32154863485079,NA
"3417","L12CompL3.qABQ.3","qABQ","99","99","3",-0.384753739196903,NA
"3418","L12CompL32.qABQ.3","qABQ","99","99","3",-0.270524198270119,NA
"3419","L12CompR1.qABQ.3","qABQ","99","99","3",1.60793839735251,NA
"3420","L12CompR12.qABQ.3","qABQ","99","99","3",1.8842029602739,NA
"3421","L2CompL3.qABQ.3","qABQ","99","99","3",-2.49204662706924,NA
"3422","L2CompL32.qABQ.3","qABQ","99","99","3",-2.20398466210471,NA
"3423","L2CompR1.qABQ.3","qABQ","99","99","3",2.53308792014668,NA
"3424","L2CompR12.qABQ.3","qABQ","99","99","3",3.2297668369972,NA
"3425","L22CompL3.qABQ.3","qABQ","99","99","3",5.30651412915954,NA
"3426","L22CompL32.qABQ.3","qABQ","99","99","3",4.95126603121694,NA
"3427","L22CompR1.qABQ.3","qABQ","99","99","3",-0.890657684286574,NA
"3428","L22CompR12.qABQ.3","qABQ","99","99","3",-1.74982650971041,NA
"3429","L3CompR1.qABQ.3","qABQ","99","99","3",1.439022751948,NA
"3430","L3CompR12.qABQ.3","qABQ","99","99","3",1.63852722346625,NA
"3431","L32CompR1.qABQ.3","qABQ","99","99","3",1.47849415082393,NA
"3432","L32CompR12.qABQ.3","qABQ","99","99","3",1.69593555280394,NA
"3433","DCompL1.qqm.3","qqm","99","99","3",0,NA
"3434","DCompL12.qqm.3","qqm","99","99","3",0,NA
"3435","DCompL2.qqm.3","qqm","99","99","3",0,NA
"3436","DCompL22.qqm.3","qqm","99","99","3",0,NA
"3437","DCompL3.qqm.3","qqm","99","99","3",0,NA
"3438","DCompL32.qqm.3","qqm","99","99","3",0,NA
"3439","DCompR1.qqm.3","qqm","99","99","3",0,NA
"3440","DCompR12.qqm.3","qqm","99","99","3",0,NA
"3441","L1CompL2.qqm.3","qqm","99","99","3",0.16045119364146,NA
"3442","L1CompL22.qqm.3","qqm","99","99","3",0.282656440604342,NA
"3443","L1CompL3.qqm.3","qqm","99","99","3",0.0244246389047165,NA
"3444","L1CompL32.qqm.3","qqm","99","99","3",0.0442147811643903,NA
"3445","L1CompR1.qqm.3","qqm","99","99","3",0.504819476551689,NA
"3446","L1CompR12.qqm.3","qqm","99","99","3",0.587074124833723,NA
"3447","L12CompL2.qqm.3","qqm","99","99","3",0.131132574892031,NA
"3448","L12CompL22.qqm.3","qqm","99","99","3",0.25760545825407,NA
"3449","L12CompL3.qqm.3","qqm","99","99","3",-0.00964428223085097,NA
"3450","L12CompL32.qqm.3","qqm","99","99","3",0.0108369689095859,NA
"3451","L12CompR1.qqm.3","qqm","99","99","3",0.487526844045791,NA
"3452","L12CompR12.qqm.3","qqm","99","99","3",0.572653978900475,NA
"3453","L2CompL3.qqm.3","qqm","99","99","3",-0.162023403173837,NA
"3454","L2CompL32.qqm.3","qqm","99","99","3",-0.138451048464036,NA
"3455","L2CompR1.qqm.3","qqm","99","99","3",0.410182565089803,NA
"3456","L2CompR12.qqm.3","qqm","99","99","3",0.508157391161923,NA
"3457","L22CompL3.qqm.3","qqm","99","99","3",-0.359983439339971,NA
"3458","L22CompL32.qqm.3","qqm","99","99","3",-0.332395344346344,NA
"3459","L22CompR1.qqm.3","qqm","99","99","3",0.309702419485738,NA
"3460","L22CompR12.qqm.3","qqm","99","99","3",0.424368045467424,NA
"3461","L3CompR1.qqm.3","qqm","99","99","3",0.492422068867781,NA
"3462","L3CompR12.qqm.3","qqm","99","99","3",0.576736055836134,NA
"3463","L32CompR1.qqm.3","qqm","99","99","3",0.481912344227747,NA
"3464","L32CompR12.qqm.3","qqm","99","99","3",0.567972106045617,NA
"3465","DCompL1.qQuant.4","qQuant","99","99","4",0.866740534245823,NA
"3466","DCompL12.qQuant.4","qQuant","99","99","4",0.816725290705715,NA
"3467","DCompL2.qQuant.4","qQuant","99","99","4",0.714958036046108,NA
"3468","DCompL22.qQuant.4","qQuant","99","99","4",0.609039830265963,NA
"3469","DCompL3.qQuant.4","qQuant","99","99","4",0.839448217891292,NA
"3470","DCompL32.qQuant.4","qQuant","99","99","4",0.813257328707105,NA
"3471","DCompR1.qQuant.4","qQuant","99","99","4",0.41773369534064,NA
"3472","DCompR12.qQuant.4","qQuant","99","99","4",0.33551566928652,NA
"3473","L1CompL2.qQuant.4","qQuant","99","99","4",-1.13899975015439,NA
"3474","L1CompL22.qQuant.4","qQuant","99","99","4",-1.93382663303814,NA
"3475","L1CompL3.qQuant.4","qQuant","99","99","4",-0.20480583649403,NA
"3476","L1CompL32.qQuant.4","qQuant","99","99","4",-0.401346390187232,NA
"3477","L1CompR1.qQuant.4","qQuant","99","99","4",-3.36941797240479,NA
"3478","L1CompR12.qQuant.4","qQuant","99","99","4",-3.98639497729378,NA
"3479","L12CompL2.qQuant.4","qQuant","99","99","4",-0.555271674152263,NA
"3480","L12CompL22.qQuant.4","qQuant","99","99","4",-1.13319214221899,NA
"3481","L12CompL3.qQuant.4","qQuant","99","99","4",0.123982884889426,NA
"3482","L12CompL32.qQuant.4","qQuant","99","99","4",-0.0189222070626303,NA
"3483","L12CompR1.qQuant.4","qQuant","99","99","4",-2.17701393117156,NA
"3484","L12CompR12.qQuant.4","qQuant","99","99","4",-2.6256193408907,NA
"3485","L2CompL3.qQuant.4","qQuant","99","99","4",0.436743348657676,NA
"3486","L2CompL32.qQuant.4","qQuant","99","99","4",0.344859021098023,NA
"3487","L2CompR1.qQuant.4","qQuant","99","99","4",-1.04273888862745,NA
"3488","L2CompR12.qQuant.4","qQuant","99","99","4",-1.33118071983593,NA
"3489","L22CompL3.qQuant.4","qQuant","99","99","4",0.589339798430288,NA
"3490","L22CompL32.qQuant.4","qQuant","99","99","4",0.522348602877034,NA
"3491","L22CompR1.qQuant.4","qQuant","99","99","4",-0.489323848655643,NA
"3492","L22CompR12.qQuant.4","qQuant","99","99","4",-0.699621552664854,NA
"3493","L3CompR1.qQuant.4","qQuant","99","99","4",-2.62665737503375,NA
"3494","L3CompR12.qQuant.4","qQuant","99","99","4",-3.13875400189306,NA
"3495","L32CompR1.qQuant.4","qQuant","99","99","4",-2.11801422046764,NA
"3496","L32CompR12.qQuant.4","qQuant","99","99","4",-2.5582886659647,NA
"3497","DCompL1.qSigma.4","qSigma","99","99","4",0.298850793518396,NA
"3498","DCompL12.qSigma.4","qSigma","99","99","4",0.0381866989398199,NA
"3499","DCompL2.qSigma.4","qSigma","99","99","4",-0.117456488339744,NA
"3500","DCompL22.qSigma.4","qSigma","99","99","4",-0.0233228395220599,NA
"3501","DCompL3.qSigma.4","qSigma","99","99","4",0.150572481385717,NA
"3502","DCompL32.qSigma.4","qSigma","99","99","4",0.0897473375498998,NA
"3503","DCompR1.qSigma.4","qSigma","99","99","4",-0.11560099210392,NA
"3504","DCompR12.qSigma.4","qSigma","99","99","4",-0.200428779942368,NA
"3505","L1CompL2.qSigma.4","qSigma","99","99","4",-0.593749915153135,NA
"3506","L1CompL22.qSigma.4","qSigma","99","99","4",-0.459493685598158,NA
"3507","L1CompL3.qSigma.4","qSigma","99","99","4",-0.211478970184885,NA
"3508","L1CompL32.qSigma.4","qSigma","99","99","4",-0.29822961223587,NA
"3509","L1CompR1.qSigma.4","qSigma","99","99","4",-0.591103550843411,NA
"3510","L1CompR12.qSigma.4","qSigma","99","99","4",-0.712087482728775,NA
"3511","L12CompL2.qSigma.4","qSigma","99","99","4",-0.161822660497627,NA
"3512","L12CompL22.qSigma.4","qSigma","99","99","4",-0.063951640504534,NA
"3513","L12CompL3.qSigma.4","qSigma","99","99","4",0.116847814770307,NA
"3514","L12CompL32.qSigma.4","qSigma","99","99","4",0.0536077412874683,NA
"3515","L12CompR1.qSigma.4","qSigma","99","99","4",-0.159893495831492,NA
"3516","L12CompR12.qSigma.4","qSigma","99","99","4",-0.248089185935741,NA
"3517","L2CompL3.qSigma.4","qSigma","99","99","4",0.239856291965054,NA
"3518","L2CompL32.qSigma.4","qSigma","99","99","4",0.185424513662716,NA
"3519","L2CompR1.qSigma.4","qSigma","99","99","4",0.00166046396900948,NA
"3520","L2CompR12.qSigma.4","qSigma","99","99","4",-0.0742510267454793,NA
"3521","L22CompL3.qSigma.4","qSigma","99","99","4",0.169932023591885,NA
"3522","L22CompL32.qSigma.4","qSigma","99","99","4",0.110493162768427,NA
"3523","L22CompR1.qSigma.4","qSigma","99","99","4",-0.0901750151740562,NA
"3524","L22CompR12.qSigma.4","qSigma","99","99","4",-0.173069468969367,NA
"3525","L3CompR1.qSigma.4","qSigma","99","99","4",-0.313356310758404,NA
"3526","L3CompR12.qSigma.4","qSigma","99","99","4",-0.413220967812171,NA
"3527","L32CompR1.qSigma.4","qSigma","99","99","4",-0.225594868463323,NA
"3528","L32CompR12.qSigma.4","qSigma","99","99","4",-0.318786343026132,NA
"3529","DCompL1.qConnect.4","qConnect","99","99","4",-0.0911675438574679,NA
"3530","DCompL12.qConnect.4","qConnect","99","99","4",0.297023265498146,NA
"3531","DCompL2.qConnect.4","qConnect","99","99","4",0.413366304163338,NA
"3532","DCompL22.qConnect.4","qConnect","99","99","4",0.426175003643344,NA
"3533","DCompL3.qConnect.4","qConnect","99","99","4",-0.0176614056081257,NA
"3534","DCompL32.qConnect.4","qConnect","99","99","4",0.341045208923968,NA
"3535","DCompR1.qConnect.4","qConnect","99","99","4",0.255159403491065,NA
"3536","DCompR12.qConnect.4","qConnect","99","99","4",0.195041429808306,NA
"3537","L1CompL2.qConnect.4","qConnect","99","99","4",0.462379815877945,NA
"3538","L1CompL22.qConnect.4","qConnect","99","99","4",0.474118342699156,NA
"3539","L1CompL3.qConnect.4","qConnect","99","99","4",0.0673646670148245,NA
"3540","L1CompL32.qConnect.4","qConnect","99","99","4",0.396101180991407,NA
"3541","L1CompR1.qConnect.4","qConnect","99","99","4",0.317391173608598,NA
"3542","L1CompR12.qConnect.4","qConnect","99","99","4",0.262296083930407,NA
"3543","L12CompL2.qConnect.4","qConnect","99","99","4",0.165500553510687,NA
"3544","L12CompL22.qConnect.4","qConnect","99","99","4",0.183721212675293,NA
"3545","L12CompL3.qConnect.4","qConnect","99","99","4",-0.447645925763481,NA
"3546","L12CompL32.qConnect.4","qConnect","99","99","4",0.0626221911270182,NA
"3547","L12CompR1.qConnect.4","qConnect","99","99","4",-0.0595522724329504,NA
"3548","L12CompR12.qConnect.4","qConnect","99","99","4",-0.145071423682472,NA
"3549","L2CompL3.qConnect.4","qConnect","99","99","4",-0.734747616494698,NA
"3550","L2CompL32.qConnect.4","qConnect","99","99","4",-0.123281522613911,NA
"3551","L2CompR1.qConnect.4","qConnect","99","99","4",-0.269686009847485,NA
"3552","L2CompR12.qConnect.4","qConnect","99","99","4",-0.372165588005739,NA
"3553","L22CompL3.qConnect.4","qConnect","99","99","4",-0.773469981387158,NA
"3554","L22CompL32.qConnect.4","qConnect","99","99","4",-0.148354978015743,NA
"3555","L22CompR1.qConnect.4","qConnect","99","99","4",-0.298027449550115,NA
"3556","L22CompR12.qConnect.4","qConnect","99","99","4",-0.402794537189136,NA
"3557","L3CompR1.qConnect.4","qConnect","99","99","4",0.268086032933676,NA
"3558","L3CompR12.qConnect.4","qConnect","99","99","4",0.209011400299029,NA
"3559","L32CompR1.qConnect.4","qConnect","99","99","4",-0.130336415481032,NA
"3560","L32CompR12.qConnect.4","qConnect","99","99","4",-0.221568734445722,NA
"3561","DCompL1.qTau1.4","qTau1","99","99","4",-2.10059108085784,NA
"3562","DCompL12.qTau1.4","qTau1","99","99","4",-0.843628358424947,NA
"3563","DCompL2.qTau1.4","qTau1","99","99","4",-1.470714469033,NA
"3564","DCompL22.qTau1.4","qTau1","99","99","4",-1.04759894796001,NA
"3565","DCompL3.qTau1.4","qTau1","99","99","4",-0.863786153185036,NA
"3566","DCompL32.qTau1.4","qTau1","99","99","4",-0.530557339613998,NA
"3567","DCompR1.qTau1.4","qTau1","99","99","4",-1.0040391794392,NA
"3568","DCompR12.qTau1.4","qTau1","99","99","4",-1.05377099962756,NA
"3569","L1CompL2.qTau1.4","qTau1","99","99","4",0.203147269471784,NA
"3570","L1CompL22.qTau1.4","qTau1","99","99","4",0.339610127694266,NA
"3571","L1CompL3.qTau1.4","qTau1","99","99","4",0.398893274030388,NA
"3572","L1CompL32.qTau1.4","qTau1","99","99","4",0.506365947750021,NA
"3573","L1CompR1.qTau1.4","qTau1","99","99","4",0.353658987213256,NA
"3574","L1CompR12.qTau1.4","qTau1","99","99","4",0.337619522836483,NA
"3575","L12CompL2.qTau1.4","qTau1","99","99","4",-0.340136941234615,NA
"3576","L12CompL22.qTau1.4","qTau1","99","99","4",-0.110635415539669,NA
"3577","L12CompL3.qTau1.4","qTau1","99","99","4",-0.0109337625817985,NA
"3578","L12CompL32.qTau1.4","qTau1","99","99","4",0.169812433932407,NA
"3579","L12CompR1.qTau1.4","qTau1","99","99","4",-0.0870082195694234,NA
"3580","L12CompR12.qTau1.4","qTau1","99","99","4",-0.113983189856194,NA
"3581","L2CompL3.qTau1.4","qTau1","99","99","4",0.245648909841657,NA
"3582","L2CompL32.qTau1.4","qTau1","99","99","4",0.38052034794088,NA
"3583","L2CompR1.qTau1.4","qTau1","99","99","4",0.188882728232231,NA
"3584","L2CompR12.qTau1.4","qTau1","99","99","4",0.168754210424253,NA
"3585","L22CompL3.qTau1.4","qTau1","99","99","4",0.0897699205003508,NA
"3586","L22CompL32.qTau1.4","qTau1","99","99","4",0.252511171126128,NA
"3587","L22CompR1.qTau1.4","qTau1","99","99","4",0.0212735841480118,NA
"3588","L22CompR12.qTau1.4","qTau1","99","99","4",-0.00301428737971475,NA
"3589","L3CompR1.qTau1.4","qTau1","99","99","4",-0.0752516730604983,NA
"3590","L3CompR12.qTau1.4","qTau1","99","99","4",-0.101934895330056,NA
"3591","L32CompR1.qTau1.4","qTau1","99","99","4",-0.309352565611565,NA
"3592","L32CompR12.qTau1.4","qTau1","99","99","4",-0.341845187025477,NA
"3593","DCompL1.qTau2.4","qTau2","99","99","4",-4.35111782110716,NA
"3594","DCompL12.qTau2.4","qTau2","99","99","4",-9.2201213176127,NA
"3595","DCompL2.qTau2.4","qTau2","99","99","4",-4.6922763193922,NA
"3596","DCompL22.qTau2.4","qTau2","99","99","4",-2.1873759332701,NA
"3597","DCompL3.qTau2.4","qTau2","99","99","4",-9.36436340827678,NA
"3598","DCompL32.qTau2.4","qTau2","99","99","4",-8.97356950389403,NA
"3599","DCompR1.qTau2.4","qTau2","99","99","4",-1.31987152155658,NA
"3600","DCompR12.qTau2.4","qTau2","99","99","4",-0.617301807803907,NA
"3601","L1CompL2.qTau2.4","qTau2","99","99","4",-0.0637546228078484,NA
"3602","L1CompL22.qTau2.4","qTau2","99","99","4",0.404353251072573,NA
"3603","L1CompL3.qTau2.4","qTau2","99","99","4",-0.93685950389565,NA
"3604","L1CompL32.qTau2.4","qTau2","99","99","4",-0.863829173140963,NA
"3605","L1CompR1.qTau2.4","qTau2","99","99","4",0.566469736023007,NA
"3606","L1CompR12.qTau2.4","qTau2","99","99","4",0.6977637454693,NA
"3607","L12CompL2.qTau2.4","qTau2","99","99","4",0.443032411994709,NA
"3608","L12CompL22.qTau2.4","qTau2","99","99","4",0.688127387707504,NA
"3609","L12CompL3.qTau2.4","qTau2","99","99","4",-0.0141135399650787,NA
"3610","L12CompL32.qTau2.4","qTau2","99","99","4",0.024124157243983,NA
"3611","L12CompR1.qTau2.4","qTau2","99","99","4",0.773009394951246,NA
"3612","L12CompR12.qTau2.4","qTau2","99","99","4",0.841753169307613,NA
"3613","L2CompL3.qTau2.4","qTau2","99","99","4",-0.82077657983115,NA
"3614","L2CompL32.qTau2.4","qTau2","99","99","4",-0.752123218248647,NA
"3615","L2CompR1.qTau2.4","qTau2","99","99","4",0.592452756790225,NA
"3616","L2CompR12.qTau2.4","qTau2","99","99","4",0.715877846215203,NA
"3617","L22CompL3.qTau2.4","qTau2","99","99","4",-2.25169155608307,NA
"3618","L22CompL32.qTau2.4","qTau2","99","99","4",-2.12908477465399,NA
"3619","L22CompR1.qTau2.4","qTau2","99","99","4",0.272168840411461,NA
"3620","L22CompR12.qTau2.4","qTau2","99","99","4",0.492591447741581,NA
"3621","L3CompR1.qTau2.4","qTau2","99","99","4",0.776168450470969,NA
"3622","L3CompR12.qTau2.4","qTau2","99","99","4",0.843955509461164,NA
"3623","L32CompR1.qTau2.4","qTau2","99","99","4",0.767398069402252,NA
"3624","L32CompR12.qTau2.4","qTau2","99","99","4",0.837841225533902,NA
"3625","DCompL1.qNPQ.4","qNPQ","99","99","4",0.82696915844536,NA
"3626","DCompL12.qNPQ.4","qNPQ","99","99","4",0.64504120413224,NA
"3627","DCompL2.qNPQ.4","qNPQ","99","99","4",0.597125522781179,NA
"3628","DCompL22.qNPQ.4","qNPQ","99","99","4",0.631156469717323,NA
"3629","DCompL3.qNPQ.4","qNPQ","99","99","4",0.670046716479503,NA
"3630","DCompL32.qNPQ.4","qNPQ","99","99","4",0.441289944961766,NA
"3631","DCompR1.qNPQ.4","qNPQ","99","99","4",0.354669558975926,NA
"3632","DCompR12.qNPQ.4","qNPQ","99","99","4",0.486436774789657,NA
"3633","L1CompL2.qNPQ.4","qNPQ","99","99","4",-1.32833911919454,NA
"3634","L1CompL22.qNPQ.4","qNPQ","99","99","4",-1.13166350558494,NA
"3635","L1CompL3.qNPQ.4","qNPQ","99","99","4",-0.906904460245042,NA
"3636","L1CompL32.qNPQ.4","qNPQ","99","99","4",-2.22896224752974,NA
"3637","L1CompR1.qNPQ.4","qNPQ","99","99","4",-2.72956887469272,NA
"3638","L1CompR12.qNPQ.4","qNPQ","99","99","4",-1.96804442835798,NA
"3639","L12CompL2.qNPQ.4","qNPQ","99","99","4",-0.134989418233524,NA
"3640","L12CompL22.qNPQ.4","qNPQ","99","99","4",-0.039116468098706,NA
"3641","L12CompL3.qNPQ.4","qNPQ","99","99","4",0.0704462395026241,NA
"3642","L12CompL32.qNPQ.4","qNPQ","99","99","4",-0.574013833555997,NA
"3643","L12CompR1.qNPQ.4","qNPQ","99","99","4",-0.818043244840428,NA
"3644","L12CompR12.qNPQ.4","qNPQ","99","99","4",-0.446824902464652,NA
"3645","L2CompL3.qNPQ.4","qNPQ","99","99","4",0.181002267013101,NA
"3646","L2CompL32.qNPQ.4","qNPQ","99","99","4",-0.386809258544245,NA
"3647","L2CompR1.qNPQ.4","qNPQ","99","99","4",-0.601815149668969,NA
"3648","L2CompR12.qNPQ.4","qNPQ","99","99","4",-0.274747481537285,NA
"3649","L22CompL3.qNPQ.4","qNPQ","99","99","4",0.105438332434284,NA
"3650","L22CompL32.qNPQ.4","qNPQ","99","99","4",-0.514761705620934,NA
"3651","L22CompR1.qNPQ.4","qNPQ","99","99","4",-0.749604881315125,NA
"3652","L22CompR12.qNPQ.4","qNPQ","99","99","4",-0.392360670707047,NA
"3653","L3CompR1.qNPQ.4","qNPQ","99","99","4",-0.955823667334366,NA
"3654","L3CompR12.qNPQ.4","qNPQ","99","99","4",-0.556472539781347,NA
"3655","L32CompR1.qNPQ.4","qNPQ","99","99","4",-0.155036382833512,NA
"3656","L32CompR12.qNPQ.4","qNPQ","99","99","4",0.080805472213672,NA
"3657","DCompL1.qqP.4","qqP","99","99","4",0.737317597292405,NA
"3658","DCompL12.qqP.4","qqP","99","99","4",0.562171954478648,NA
"3659","DCompL2.qqP.4","qqP","99","99","4",0.488439952910479,NA
"3660","DCompL22.qqP.4","qqP","99","99","4",0.469572341372157,NA
"3661","DCompL3.qqP.4","qqP","99","99","4",0.590158602126417,NA
"3662","DCompL32.qqP.4","qqP","99","99","4",0.428723387191909,NA
"3663","DCompR1.qqP.4","qqP","99","99","4",0.248710027179896,NA
"3664","DCompR12.qqP.4","qqP","99","99","4",0.281960899984054,NA
"3665","L1CompL2.qqP.4","qqP","99","99","4",-0.947446961869633,NA
"3666","L1CompL22.qqP.4","qqP","99","99","4",-1.01927366721359,NA
"3667","L1CompL3.qqP.4","qqP","99","99","4",-0.560216419711217,NA
"3668","L1CompL32.qqP.4","qqP","99","99","4",-1.17478067399897,NA
"3669","L1CompR1.qqP.4","qqP","99","99","4",-1.86006966997482,NA
"3670","L1CompR12.qqP.4","qqP","99","99","4",-1.733487636076,NA
"3671","L12CompL2.qqP.4","qqP","99","99","4",-0.168404016879209,NA
"3672","L12CompL22.qqP.4","qqP","99","99","4",-0.211497673695677,NA
"3673","L12CompL3.qqP.4","qqP","99","99","4",0.0639215507870057,NA
"3674","L12CompL32.qqP.4","qqP","99","99","4",-0.304796754460606,NA
"3675","L12CompR1.qqP.4","qqP","99","99","4",-0.715947574636274,NA
"3676","L12CompR12.qqP.4","qqP","99","99","4",-0.640002524646239,NA
"3677","L2CompL3.qqP.4","qqP","99","99","4",0.198840096670288,NA
"3678","L2CompL32.qqP.4","qqP","99","99","4",-0.116734225157579,NA
"3679","L2CompR1.qqP.4","qqP","99","99","4",-0.468625192867401,NA
"3680","L2CompR12.qqP.4","qqP","99","99","4",-0.403626229415629,NA
"3681","L22CompL3.qqP.4","qqP","99","99","4",0.22733780713133,NA
"3682","L22CompL32.qqP.4","qqP","99","99","4",-0.0770113577521945,NA
"3683","L22CompR1.qqP.4","qqP","99","99","4",-0.416385364902741,NA
"3684","L22CompR12.qqP.4","qqP","99","99","4",-0.353698451308954,NA
"3685","L3CompR1.qqP.4","qqP","99","99","4",-0.833123683254275,NA
"3686","L3CompR12.qqP.4","qqP","99","99","4",-0.751992609193244,NA
"3687","L32CompR1.qqP.4","qqP","99","99","4",-0.315107175711542,NA
"3688","L32CompR12.qqP.4","qqP","99","99","4",-0.256902670120608,NA
"3689","DCompL1.qABQ.4","qABQ","99","99","4",0,NA
"3690","DCompL12.qABQ.4","qABQ","99","99","4",0,NA
"3691","DCompL2.qABQ.4","qABQ","99","99","4",1,NA
"3692","DCompL22.qABQ.4","qABQ","99","99","4",1,NA
"3693","DCompL3.qABQ.4","qABQ","99","99","4",0,NA
"3694","DCompL32.qABQ.4","qABQ","99","99","4",0,NA
"3695","DCompR1.qABQ.4","qABQ","99","99","4",1,NA
"3696","DCompR12.qABQ.4","qABQ","99","99","4",1,NA
"3697","L1CompL2.qABQ.4","qABQ","99","99","4",1.39302719245587,NA
"3698","L1CompL22.qABQ.4","qABQ","99","99","4",1.0780417520311,NA
"3699","L1CompL3.qABQ.4","qABQ","99","99","4",0.496161681175363,NA
"3700","L1CompL32.qABQ.4","qABQ","99","99","4",0.699691821148282,NA
"3701","L1CompR1.qABQ.4","qABQ","99","99","4",1.38681842113565,NA
"3702","L1CompR12.qABQ.4","qABQ","99","99","4",1.6706650418515,NA
"3703","L12CompL2.qABQ.4","qABQ","99","99","4",4.07584817752504,NA
"3704","L12CompL22.qABQ.4","qABQ","99","99","4",1.61075820035704,NA
"3705","L12CompL3.qABQ.4","qABQ","99","99","4",-2.94306094965183,NA
"3706","L12CompL32.qABQ.4","qABQ","99","99","4",-1.35022507945333,NA
"3707","L12CompR1.qABQ.4","qABQ","99","99","4",4.02725805878375,NA
"3708","L12CompR12.qABQ.4","qABQ","99","99","4",6.24865425676698,NA
"3709","L2CompL3.qABQ.4","qABQ","99","99","4",2.28194264543466,NA
"3710","L2CompL32.qABQ.4","qABQ","99","99","4",1.76409007981155,NA
"3711","L2CompR1.qABQ.4","qABQ","99","99","4",0.0157973072586415,NA
"3712","L2CompR12.qABQ.4","qABQ","99","99","4",-0.706408754215648,NA
"3713","L22CompL3.qABQ.4","qABQ","99","99","4",7.45600983719379,NA
"3714","L22CompL32.qABQ.4","qABQ","99","99","4",4.84804506608249,NA
"3715","L22CompR1.qABQ.4","qABQ","99","99","4",-3.95655736920774,NA
"3716","L22CompR12.qABQ.4","qABQ","99","99","4",-7.59366972674078,NA
"3717","L3CompR1.qABQ.4","qABQ","99","99","4",1.76774315625303,NA
"3718","L3CompR12.qABQ.4","qABQ","99","99","4",2.33111162210932,NA
"3719","L32CompR1.qABQ.4","qABQ","99","99","4",2.2880715490824,NA
"3720","L32CompR12.qABQ.4","qABQ","99","99","4",3.23325599860752,NA
"3721","DCompL1.qqm.4","qqm","99","99","4",0,NA
"3722","DCompL12.qqm.4","qqm","99","99","4",0,NA
"3723","DCompL2.qqm.4","qqm","99","99","4",0,NA
"3724","DCompL22.qqm.4","qqm","99","99","4",0,NA
"3725","DCompL3.qqm.4","qqm","99","99","4",0,NA
"3726","DCompL32.qqm.4","qqm","99","99","4",0,NA
"3727","DCompR1.qqm.4","qqm","99","99","4",0,NA
"3728","DCompR12.qqm.4","qqm","99","99","4",0,NA
"3729","L1CompL2.qqm.4","qqm","99","99","4",0.175118726080794,NA
"3730","L1CompL22.qqm.4","qqm","99","99","4",0.29732162486677,NA
"3731","L1CompL3.qqm.4","qqm","99","99","4",0.0314884504372233,NA
"3732","L1CompL32.qqm.4","qqm","99","99","4",0.061706131680175,NA
"3733","L1CompR1.qqm.4","qqm","99","99","4",0.51804066057194,NA
"3734","L1CompR12.qqm.4","qqm","99","99","4",0.612899528717134,NA
"3735","L12CompL2.qqm.4","qqm","99","99","4",0.124604020247337,NA
"3736","L12CompL22.qqm.4","qqm","99","99","4",0.254290472945065,NA
"3737","L12CompL3.qqm.4","qqm","99","99","4",-0.0278219952830671,NA
"3738","L12CompL32.qqm.4","qqm","99","99","4",0.0042461792699151,NA
"3739","L12CompR1.qqm.4","qqm","99","99","4",0.488526068563781,NA
"3740","L12CompR12.qqm.4","qqm","99","99","4",0.589193976108406,NA
"3741","L2CompL3.qqm.4","qqm","99","99","4",-0.174122361829296,NA
"3742","L2CompL32.qqm.4","qqm","99","99","4",-0.137489597577805,NA
"3743","L2CompR1.qqm.4","qqm","99","99","4",0.415722777729991,NA
"3744","L2CompR12.qqm.4","qqm","99","99","4",0.530719773230322,NA
"3745","L22CompL3.qqm.4","qqm","99","99","4",-0.378314153155977,NA
"3746","L22CompL32.qqm.4","qqm","99","99","4",-0.335310579526403,NA
"3747","L22CompR1.qqm.4","qqm","99","99","4",0.3141110407209,NA
"3748","L22CompR12.qqm.4","qqm","99","99","4",0.449107180494248,NA
"3749","L3CompR1.qqm.4","qqm","99","99","4",0.502371097540721,NA
"3750","L3CompR12.qqm.4","qqm","99","99","4",0.60031403708338,NA
"3751","L32CompR1.qqm.4","qqm","99","99","4",0.486344997339596,NA
"3752","L32CompR12.qqm.4","qqm","99","99","4",0.587442181652497,NA
"3753","DCampL1.mQuant.1","mQuant","99","99","1",0.862335850819386,NA
"3754","DCampL2.mQuant.1","mQuant","99","99","1",0.675474765258719,NA
"3755","DCampL3.mQuant.1","mQuant","99","99","1",0.848212214858365,NA
"3756","DCampR1.mQuant.1","mQuant","99","99","1",0.405015745906383,NA
"3757","L1CampL2.mQuant.1","mQuant","99","99","1",-1.35736926914434,NA
"3758","L1CampL3.mQuant.1","mQuant","99","99","1",-0.102594873429907,NA
"3759","L1CampR1.mQuant.1","mQuant","99","99","1",-3.32199855688646,NA
"3760","L2CampL3.mQuant.1","mQuant","99","99","1",0.532277404366894,NA
"3761","L2CampR1.mQuant.1","mQuant","99","99","1",-0.833399040810962,NA
"3762","L3CampR1.mQuant.1","mQuant","99","99","1",-2.91984278272741,NA
"3763","DCampL1.mSigma.1","mSigma","99","99","1",0.282357374525194,NA
"3764","DCampL2.mSigma.1","mSigma","99","99","1",-0.0438823664289689,NA
"3765","DCampL3.mSigma.1","mSigma","99","99","1",0.271858010370879,NA
"3766","DCampR1.mSigma.1","mSigma","99","99","1",-0.108116445317127,NA
"3767","L1CampL2.mSigma.1","mSigma","99","99","1",-0.45459916868555,NA
"3768","L1CampL3.mSigma.1","mSigma","99","99","1",-0.0146303519072161,NA
"3769","L1CampR1.mSigma.1","mSigma","99","99","1",-0.544106224994614,NA
"3770","L2CampL3.mSigma.1","mSigma","99","99","1",0.3024673918767,NA
"3771","L2CampR1.mSigma.1","mSigma","99","99","1",-0.0615338288622474,NA
"3772","L3CampR1.mSigma.1","mSigma","99","99","1",-0.521841153373871,NA
"3773","DCampL1.mConnect.1","mConnect","99","99","1",-0.118520239829429,NA
"3774","DCampL2.mConnect.1","mConnect","99","99","1",0.193129728593092,NA
"3775","DCampL3.mConnect.1","mConnect","99","99","1",-0.0859158183156712,NA
"3776","DCampR1.mConnect.1","mConnect","99","99","1",0.206599282987994,NA
"3777","L1CampL2.mConnect.1","mConnect","99","99","1",0.278627026427387,NA
"3778","L1CampL3.mConnect.1","mConnect","99","99","1",0.0291496035143095,NA
"3779","L1CampR1.mConnect.1","mConnect","99","99","1",0.290669324738373,NA
"3780","L2CampL3.mConnect.1","mConnect","99","99","1",-0.345836941572036,NA
"3781","L2CampR1.mConnect.1","mConnect","99","99","1",0.0166935812016167,NA
"3782","L3CampR1.mConnect.1","mConnect","99","99","1",0.269371802463819,NA
"3783","DCampL1.mTau1.1","mTau1","99","99","1",-2.04257869544336,NA
"3784","DCampL2.mTau1.1","mTau1","99","99","1",-1.33950753447198,NA
"3785","DCampL3.mTau1.1","mTau1","99","99","1",-1.06005992741008,NA
"3786","DCampR1.mTau1.1","mTau1","99","99","1",-0.865108197743196,NA
"3787","L1CampL2.mTau1.1","mTau1","99","99","1",0.231077395639532,NA
"3788","L1CampL3.mTau1.1","mTau1","99","99","1",0.322923042057949,NA
"3789","L1CampR1.mTau1.1","mTau1","99","99","1",0.386997548975009,NA
"3790","L2CampL3.mTau1.1","mTau1","99","99","1",0.119447192601142,NA
"3791","L2CampR1.mTau1.1","mTau1","99","99","1",0.202777434882617,NA
"3792","L3CampR1.mTau1.1","mTau1","99","99","1",0.0946340089785543,NA
"3793","DCampL1.mTau2.1","mTau2","99","99","1",-6.39599826212636,NA
"3794","DCampL2.mTau2.1","mTau2","99","99","1",-2.8916161081418,NA
"3795","DCampL3.mTau2.1","mTau2","99","99","1",-8.21247279617825,NA
"3796","DCampR1.mTau2.1","mTau2","99","99","1",-0.440573356657193,NA
"3797","L1CampL2.mTau2.1","mTau2","99","99","1",0.473821386888353,NA
"3798","L1CampL3.mTau2.1","mTau2","99","99","1",-0.245602347333388,NA
"3799","L1CampR1.mTau2.1","mTau2","99","99","1",0.80522259394866,NA
"3800","L2CampL3.mTau2.1","mTau2","99","99","1",-1.36726145132982,NA
"3801","L2CampR1.mTau2.1","mTau2","99","99","1",0.629826448286275,NA
"3802","L3CampR1.mTau2.1","mTau2","99","99","1",0.843627939150626,NA
"3803","DCampL1.mNPQ.1","mNPQ","99","99","1",0.795210817067661,NA
"3804","DCampL2.mNPQ.1","mNPQ","99","99","1",0.656469127126705,NA
"3805","DCampL3.mNPQ.1","mNPQ","99","99","1",0.581671982685331,NA
"3806","DCampR1.mNPQ.1","mNPQ","99","99","1",0.46060285119633,NA
"3807","L1CampL2.mNPQ.1","mNPQ","99","99","1",-0.677485441146544,NA
"3808","L1CampL3.mNPQ.1","mNPQ","99","99","1",-1.04272516411612,NA
"3809","L1CampR1.mNPQ.1","mNPQ","99","99","1",-1.63391425797075,NA
"3810","L2CampL3.mNPQ.1","mNPQ","99","99","1",-0.217730487556385,NA
"3811","L2CampR1.mNPQ.1","mNPQ","99","99","1",-0.570156254930297,NA
"3812","L3CampR1.mNPQ.1","mNPQ","99","99","1",-0.289411960179402,NA
"3813","DCampL1.mqP.1","mqP","99","99","1",0.72942107666022,NA
"3814","DCampL2.mqP.1","mqP","99","99","1",0.534909233134259,NA
"3815","DCampL3.mqP.1","mqP","99","99","1",0.567124910324158,NA
"3816","DCampR1.mqP.1","mqP","99","99","1",0.309103771933576,NA
"3817","L1CampL2.mqP.1","mqP","99","99","1",-0.71887285648521,NA
"3818","L1CampL3.mqP.1","mqP","99","99","1",-0.599810821673858,NA
"3819","L1CampR1.mqP.1","mqP","99","99","1",-1.55340001925734,NA
"3820","L2CampL3.mqP.1","mqP","99","99","1",0.0692675053667513,NA
"3821","L2CampR1.mqP.1","mqP","99","99","1",-0.48550837231707,NA
"3822","L3CampR1.mqP.1","mqP","99","99","1",-0.596063724950775,NA
"3823","DCampL1.mABQ.1","mABQ","99","99","1",0,NA
"3824","DCampL2.mABQ.1","mABQ","99","99","1",1,NA
"3825","DCampL3.mABQ.1","mABQ","99","99","1",0,NA
"3826","DCampR1.mABQ.1","mABQ","99","99","1",1,NA
"3827","L1CampL2.mABQ.1","mABQ","99","99","1",1.15541427420751,NA
"3828","L1CampL3.mABQ.1","mABQ","99","99","1",0.0371846641936315,NA
"3829","L1CampR1.mABQ.1","mABQ","99","99","1",1.38290639831502,NA
"3830","L2CampL3.mABQ.1","mABQ","99","99","1",7.19515382815376,NA
"3831","L2CampR1.mABQ.1","mABQ","99","99","1",-1.46377882770135,NA
"3832","L3CampR1.mABQ.1","mABQ","99","99","1",1.39769453609122,NA
"3833","DCampL1.mqm.1","mqm","99","99","1",0,NA
"3834","DCampL2.mqm.1","mqm","99","99","1",0,NA
"3835","DCampL3.mqm.1","mqm","99","99","1",0,NA
"3836","DCampR1.mqm.1","mqm","99","99","1",0,NA
"3837","L1CampL2.mqm.1","mqm","99","99","1",0.21669177430477,NA
"3838","L1CampL3.mqm.1","mqm","99","99","1",0.0163783471922229,NA
"3839","L1CampR1.mqm.1","mqm","99","99","1",0.530327139337255,NA
"3840","L2CampL3.mqm.1","mqm","99","99","1",-0.255727465308765,NA
"3841","L2CampR1.mqm.1","mqm","99","99","1",0.400398406073313,NA
"3842","L3CampR1.mqm.1","mqm","99","99","1",0.522506586427769,NA
"3843","DCampL1.mQuant.2","mQuant","99","99","2",0.867036068491558,NA
"3844","DCampL2.mQuant.2","mQuant","99","99","2",0.668309994345647,NA
"3845","DCampL3.mQuant.2","mQuant","99","99","2",0.84557438219159,NA
"3846","DCampR1.mQuant.2","mQuant","99","99","2",0.396723946221785,NA
"3847","L1CampL2.mQuant.2","mQuant","99","99","2",-1.49458632797191,NA
"3848","L1CampL3.mQuant.2","mQuant","99","99","2",-0.161409835407926,NA
"3849","L1CampR1.mQuant.2","mQuant","99","99","2",-3.53714061350474,NA
"3850","L2CampL3.mQuant.2","mQuant","99","99","2",0.534427883940122,NA
"3851","L2CampR1.mQuant.2","mQuant","99","99","2",-0.818794788791057,NA
"3852","L3CampR1.mQuant.2","mQuant","99","99","2",-2.906580153862,NA
"3853","DCampL1.mSigma.2","mSigma","99","99","2",0.34265527432733,NA
"3854","DCampL2.mSigma.2","mSigma","99","99","2",0.0517531945879526,NA
"3855","DCampL3.mSigma.2","mSigma","99","99","2",0.315407184109451,NA
"3856","DCampR1.mSigma.2","mSigma","99","99","2",-0.0932937267995824,NA
"3857","L1CampL2.mSigma.2","mSigma","99","99","2",-0.44254113310439,NA
"3858","L1CampL3.mSigma.2","mSigma","99","99","2",-0.0414517514991789,NA
"3859","L1CampR1.mSigma.2","mSigma","99","99","2",-0.663196925602165,NA
"3860","L2CampL3.mSigma.2","mSigma","99","99","2",0.278043635914947,NA
"3861","L2CampR1.mSigma.2","mSigma","99","99","2",-0.152963258678743,NA
"3862","L3CampR1.mSigma.2","mSigma","99","99","2",-0.596998539018229,NA
"3863","DCampL1.mConnect.2","mConnect","99","99","2",-0.30230013348308,NA
"3864","DCampL2.mConnect.2","mConnect","99","99","2",0.341110685422804,NA
"3865","DCampL3.mConnect.2","mConnect","99","99","2",-0.162156503442199,NA
"3866","DCampR1.mConnect.2","mConnect","99","99","2",0.268436918438872,NA
"3867","L1CampL2.mConnect.2","mConnect","99","99","2",0.494057247145513,NA
"3868","L1CampL3.mConnect.2","mConnect","99","99","2",0.107612390137793,NA
"3869","L1CampR1.mConnect.2","mConnect","99","99","2",0.438253085635092,NA
"3870","L2CampL3.mConnect.2","mConnect","99","99","2",-0.763811428916472,NA
"3871","L2CampR1.mConnect.2","mConnect","99","99","2",-0.110297382847325,NA
"3872","L3CampR1.mConnect.2","mConnect","99","99","2",0.37051242290147,NA
"3873","DCampL1.mTau1.2","mTau1","99","99","2",-1.55181781979563,NA
"3874","DCampL2.mTau1.2","mTau1","99","99","2",-1.13661470250469,NA
"3875","DCampL3.mTau1.2","mTau1","99","99","2",-0.6179378810928,NA
"3876","DCampR1.mTau1.2","mTau1","99","99","2",-0.956267641765951,NA
"3877","L1CampL2.mTau1.2","mTau1","99","99","2",0.162708761601247,NA
"3878","L1CampL3.mTau1.2","mTau1","99","99","2",0.365966540188839,NA
"3879","L1CampR1.mTau1.2","mTau1","99","99","2",0.23338271776681,NA
"3880","L2CampL3.mTau1.2","mTau1","99","99","2",0.242756366322791,NA
"3881","L2CampR1.mTau1.2","mTau1","99","99","2",0.0844078534736861,NA
"3882","L3CampR1.mTau1.2","mTau1","99","99","2",-0.209111712277009,NA
"3883","DCampL1.mTau2.2","mTau2","99","99","2",-5.32292553994999,NA
"3884","DCampL2.mTau2.2","mTau2","99","99","2",-2.97547496603579,NA
"3885","DCampL3.mTau2.2","mTau2","99","99","2",-7.05214771660531,NA
"3886","DCampR1.mTau2.2","mTau2","99","99","2",-0.508392029757523,NA
"3887","L1CampL2.mTau2.2","mTau2","99","99","2",0.371260195787909,NA
"3888","L1CampL3.mTau2.2","mTau2","99","99","2",-0.273484507405571,NA
"3889","L1CampR1.mTau2.2","mTau2","99","99","2",0.761440804541017,NA
"3890","L2CampL3.mTau2.2","mTau2","99","99","2",-1.0254555205097,NA
"3891","L2CampR1.mTau2.2","mTau2","99","99","2",0.620575643754678,NA
"3892","L3CampR1.mTau2.2","mTau2","99","99","2",0.812672086647531,NA
"3893","DCampL1.mNPQ.2","mNPQ","99","99","2",0.753417941724266,NA
"3894","DCampL2.mNPQ.2","mNPQ","99","99","2",0.632552335708061,NA
"3895","DCampL3.mNPQ.2","mNPQ","99","99","2",0.553907783617478,NA
"3896","DCampR1.mNPQ.2","mNPQ","99","99","2",0.452019454887257,NA
"3897","L1CampL2.mNPQ.2","mNPQ","99","99","2",-0.490163829685653,NA
"3898","L1CampL3.mNPQ.2","mNPQ","99","99","2",-0.809102493108766,NA
"3899","L1CampR1.mNPQ.2","mNPQ","99","99","2",-1.22230501661227,NA
"3900","L2CampL3.mNPQ.2","mNPQ","99","99","2",-0.214029261125196,NA
"3901","L2CampR1.mNPQ.2","mNPQ","99","99","2",-0.491315902548153,NA
"3902","L3CampR1.mNPQ.2","mNPQ","99","99","2",-0.228401942442441,NA
"3903","DCampL1.mqP.2","mqP","99","99","2",0.682304285204862,NA
"3904","DCampL2.mqP.2","mqP","99","99","2",0.502679620574818,NA
"3905","DCampL3.mqP.2","mqP","99","99","2",0.524498668601054,NA
"3906","DCampR1.mqP.2","mqP","99","99","2",0.293533659314608,NA
"3907","L1CampL2.mqP.2","mqP","99","99","2",-0.565398449726878,NA
"3908","L1CampL3.mqP.2","mqP","99","99","2",-0.496719374089029,NA
"3909","L1CampR1.mqP.2","mqP","99","99","2",-1.22372008115044,NA
"3910","L2CampL3.mqP.2","mqP","99","99","2",0.043873223235804,NA
"3911","L2CampR1.mqP.2","mqP","99","99","2",-0.420545728493868,NA
"3912","L3CampR1.mqP.2","mqP","99","99","2",-0.485729469162445,NA
"3913","DCampL1.mABQ.2","mABQ","99","99","2",0,NA
"3914","DCampL2.mABQ.2","mABQ","99","99","2",0,NA
"3915","DCampL3.mABQ.2","mABQ","99","99","2",0,NA
"3916","DCampR1.mABQ.2","mABQ","99","99","2",1,NA
"3917","L1CampL2.mABQ.2","mABQ","99","99","2",0.848964255140824,NA
"3918","L1CampL3.mABQ.2","mABQ","99","99","2",0.0795204167552066,NA
"3919","L1CampR1.mABQ.2","mABQ","99","99","2",1.27226700940975,NA
"3920","L2CampL3.mABQ.2","mABQ","99","99","2",-5.09444859627791,NA
"3921","L2CampR1.mABQ.2","mABQ","99","99","2",2.80266604877946,NA
"3922","L3CampR1.mABQ.2","mABQ","99","99","2",1.29578821123873,NA
"3923","DCampL1.mqm.2","mqm","99","99","2",0,NA
"3924","DCampL2.mqm.2","mqm","99","99","2",0,NA
"3925","DCampL3.mqm.2","mqm","99","99","2",0,NA
"3926","DCampR1.mqm.2","mqm","99","99","2",0,NA
"3927","L1CampL2.mqm.2","mqm","99","99","2",0.229201623055485,NA
"3928","L1CampL3.mqm.2","mqm","99","99","2",0.024752933678188,NA
"3929","L1CampR1.mqm.2","mqm","99","99","2",0.542436629064356,NA
"3930","L2CampL3.mqm.2","mqm","99","99","2",-0.265242760613667,NA
"3931","L2CampR1.mqm.2","mqm","99","99","2",0.406377355451306,NA
"3932","L3CampR1.mqm.2","mqm","99","99","2",0.530823124993993,NA
"3933","DCampL1.mQuant.3","mQuant","99","99","3",0.860614989379483,NA
"3934","DCampL2.mQuant.3","mQuant","99","99","3",0.663264361389332,NA
"3935","DCampL3.mQuant.3","mQuant","99","99","3",0.838778732039663,NA
"3936","DCampR1.mQuant.3","mQuant","99","99","3",0.38902599051115,NA
"3937","L1CampL2.mQuant.3","mQuant","99","99","3",-1.41586693656357,NA
"3938","L1CampL3.mQuant.3","mQuant","99","99","3",-0.156661446181401,NA
"3939","L1CampR1.mQuant.3","mQuant","99","99","3",-3.38335518840157,NA
"3940","L2CampL3.mQuant.3","mQuant","99","99","3",0.521223032330297,NA
"3941","L2CampR1.mQuant.3","mQuant","99","99","3",-0.814402574107264,NA
"3942","L3CampR1.mQuant.3","mQuant","99","99","3",-2.78966135931371,NA
"3943","DCampL1.mSigma.3","mSigma","99","99","3",0.254011257757102,NA
"3944","DCampL2.mSigma.3","mSigma","99","99","3",-0.0192890776058899,NA
"3945","DCampL3.mSigma.3","mSigma","99","99","3",0.222141330118378,NA
"3946","DCampR1.mSigma.3","mSigma","99","99","3",-0.143179158282322,NA
"3947","L1CampL2.mSigma.3","mSigma","99","99","3",-0.36635986562114,NA
"3948","L1CampL3.mSigma.3","mSigma","99","99","3",-0.0427217273318409,NA
"3949","L1CampR1.mSigma.3","mSigma","99","99","3",-0.532434866034609,NA
"3950","L2CampL3.mSigma.3","mSigma","99","99","3",0.236861566584565,NA
"3951","L2CampR1.mSigma.3","mSigma","99","99","3",-0.121545578578577,NA
"3952","L3CampR1.mSigma.3","mSigma","99","99","3",-0.469648925371361,NA
"3953","DCampL1.mConnect.3","mConnect","99","99","3",-0.0729530536396615,NA
"3954","DCampL2.mConnect.3","mConnect","99","99","3",0.298756337900123,NA
"3955","DCampL3.mConnect.3","mConnect","99","99","3",0.050283356324265,NA
"3956","DCampR1.mConnect.3","mConnect","99","99","3",0.272204185649394,NA
"3957","L1CampL2.mConnect.3","mConnect","99","99","3",0.346435839181291,NA
"3958","L1CampL3.mConnect.3","mConnect","99","99","3",0.1148572246902,NA
"3959","L1CampR1.mConnect.3","mConnect","99","99","3",0.321689041396747,NA
"3960","L2CampL3.mConnect.3","mConnect","99","99","3",-0.354331874931753,NA
"3961","L2CampR1.mConnect.3","mConnect","99","99","3",-0.0378643739484488,NA
"3962","L3CampR1.mConnect.3","mConnect","99","99","3",0.233670569851464,NA
"3963","DCampL1.mTau1.3","mTau1","99","99","3",-1.94362051949177,NA
"3964","DCampL2.mTau1.3","mTau1","99","99","3",-1.35605975897403,NA
"3965","DCampL3.mTau1.3","mTau1","99","99","3",-0.76115423320158,NA
"3966","DCampR1.mTau1.3","mTau1","99","99","3",-0.812830067321976,NA
"3967","L1CampL2.mTau1.3","mTau1","99","99","3",0.199604791659484,NA
"3968","L1CampL3.mTau1.3","mTau1","99","99","3",0.401704730096917,NA
"3969","L1CampR1.mTau1.3","mTau1","99","99","3",0.384149534453248,NA
"3970","L2CampL3.mTau1.3","mTau1","99","99","3",0.252500185322765,NA
"3971","L2CampR1.mTau1.3","mTau1","99","99","3",0.230567025977563,NA
"3972","L3CampR1.mTau1.3","mTau1","99","99","3",-0.0293420264654817,NA
"3973","DCampL1.mTau2.3","mTau2","99","99","3",-5.31378721620168,NA
"3974","DCampL2.mTau2.3","mTau2","99","99","3",-2.72857242432715,NA
"3975","DCampL3.mTau2.3","mTau2","99","99","3",-7.57875056283787,NA
"3976","DCampR1.mTau2.3","mTau2","99","99","3",-0.457506103621178,NA
"3977","L1CampL2.mTau2.3","mTau2","99","99","3",0.409455482636579,NA
"3978","L1CampL3.mTau2.3","mTau2","99","99","3",-0.358732923533456,NA
"3979","L1CampR1.mTau2.3","mTau2","99","99","3",0.76915501683663,NA
"3980","L2CampL3.mTau2.3","mTau2","99","99","3",-1.30081371274046,NA
"3981","L2CampR1.mTau2.3","mTau2","99","99","3",0.609098084266341,NA
"3982","L3CampR1.mTau2.3","mTau2","99","99","3",0.830102752965575,NA
"3983","DCampL1.mNPQ.3","mNPQ","99","99","3",0.758213307325195,NA
"3984","DCampL2.mNPQ.3","mNPQ","99","99","3",0.632177840004635,NA
"3985","DCampL3.mNPQ.3","mNPQ","99","99","3",0.563314575977943,NA
"3986","DCampR1.mNPQ.3","mNPQ","99","99","3",0.454635489246951,NA
"3987","L1CampL2.mNPQ.3","mNPQ","99","99","3",-0.521267179455873,NA
"3988","L1CampL3.mNPQ.3","mNPQ","99","99","3",-0.806077163267974,NA
"3989","L1CampR1.mNPQ.3","mNPQ","99","99","3",-1.2555604889577,NA
"3990","L2CampL3.mNPQ.3","mNPQ","99","99","3",-0.187218910430955,NA
"3991","L2CampR1.mNPQ.3","mNPQ","99","99","3",-0.48268530302775,NA
"3992","L3CampR1.mNPQ.3","mNPQ","99","99","3",-0.248872714206971,NA
"3993","DCampL1.mqP.3","mqP","99","99","3",0.681280414429884,NA
"3994","DCampL2.mqP.3","mqP","99","99","3",0.498081446335102,NA
"3995","DCampL3.mqP.3","mqP","99","99","3",0.525394957989952,NA
"3996","DCampR1.mqP.3","mqP","99","99","3",0.29006264000198,NA
"3997","L1CampL2.mqP.3","mqP","99","99","3",-0.574796706537759,NA
"3998","L1CampL3.mqP.3","mqP","99","99","3",-0.489099081128288,NA
"3999","L1CampR1.mqP.3","mqP","99","99","3",-1.22746700278273,NA
"4000","L2CampL3.mqP.3","mqP","99","99","3",0.0544182147788971,NA
"4001","L2CampR1.mqP.3","mqP","99","99","3",-0.414447333764044,NA
"4002","L3CampR1.mqP.3","mqP","99","99","3",-0.495848752451706,NA
"4003","DCampL1.mABQ.3","mABQ","99","99","3",0,NA
"4004","DCampL2.mABQ.3","mABQ","99","99","3",1,NA
"4005","DCampL3.mABQ.3","mABQ","99","99","3",0,NA
"4006","DCampR1.mABQ.3","mABQ","99","99","3",1,NA
"4007","L1CampL2.mABQ.3","mABQ","99","99","3",1.0759378847072,NA
"4008","L1CampL3.mABQ.3","mABQ","99","99","3",0.125466595142799,NA
"4009","L1CampR1.mABQ.3","mABQ","99","99","3",1.5636724905289,NA
"4010","L2CampL3.mABQ.3","mABQ","99","99","3",12.5164309386442,NA
"4011","L2CampR1.mABQ.3","mABQ","99","99","3",-6.42281000718273,NA
"4012","L3CampR1.mABQ.3","mABQ","99","99","3",1.64454083445896,NA
"4013","DCampL1.mqm.3","mqm","99","99","3",0,NA
"4014","DCampL2.mqm.3","mqm","99","99","3",0,NA
"4015","DCampL3.mqm.3","mqm","99","99","3",0,NA
"4016","DCampR1.mqm.3","mqm","99","99","3",0,NA
"4017","L1CampL2.mqm.3","mqm","99","99","3",0.229313491428315,NA
"4018","L1CampL3.mqm.3","mqm","99","99","3",0.0253728526801099,NA
"4019","L1CampR1.mqm.3","mqm","99","99","3",0.547967447334792,NA
"4020","L2CampL3.mqm.3","mqm","99","99","3",-0.264622043437829,NA
"4021","L2CampR1.mqm.3","mqm","99","99","3",0.413467671176752,NA
"4022","L3CampR1.mqm.3","mqm","99","99","3",0.536199505720475,NA
"4023","DCampL1.mQuant.4","mQuant","99","99","4",0.850886477288303,NA
"4024","DCampL2.mQuant.4","mQuant","99","99","4",0.653663681015164,NA
"4025","DCampL3.mQuant.4","mQuant","99","99","4",0.829536336633317,NA
"4026","DCampR1.mQuant.4","mQuant","99","99","4",0.372483571826032,NA
"4027","L1CampL2.mQuant.4","mQuant","99","99","4",-1.32263521568368,NA
"4028","L1CampL3.mQuant.4","mQuant","99","99","4",-0.143180445788708,NA
"4029","L1CampR1.mQuant.4","mQuant","99","99","4",-3.20831334920063,NA
"4030","L2CampL3.mQuant.4","mQuant","99","99","4",0.507808872409519,NA
"4031","L2CampR1.mQuant.4","mQuant","99","99","4",-0.81187012096598,NA
"4032","L3CampR1.mQuant.4","mQuant","99","99","4",-2.68123279636507,NA
"4033","DCampL1.mSigma.4","mSigma","99","99","4",0.164512906599309,NA
"4034","DCampL2.mSigma.4","mSigma","99","99","4",-0.0468465040684406,NA
"4035","DCampL3.mSigma.4","mSigma","99","99","4",0.152682369531187,NA
"4036","DCampR1.mSigma.4","mSigma","99","99","4",-0.158974940186345,NA
"4037","L1CampL2.mSigma.4","mSigma","99","99","4",-0.252977469475263,NA
"4038","L1CampL3.mSigma.4","mSigma","99","99","4",-0.0141600476674841,NA
"4039","L1CampR1.mSigma.4","mSigma","99","99","4",-0.387184732524063,NA
"4040","L2CampL3.mSigma.4","mSigma","99","99","4",0.190599933060084,NA
"4041","L2CampR1.mSigma.4","mSigma","99","99","4",-0.107110675425796,NA
"4042","L3CampR1.mSigma.4","mSigma","99","99","4",-0.367816387279815,NA
"4043","DCampL1.mConnect.4","mConnect","99","99","4",0.0325729602152836,NA
"4044","DCampL2.mConnect.4","mConnect","99","99","4",0.470552677672416,NA
"4045","DCampL3.mConnect.4","mConnect","99","99","4",0.0866510057662928,NA
"4046","DCampR1.mConnect.4","mConnect","99","99","4",0.248938280729423,NA
"4047","L1CampL2.mConnect.4","mConnect","99","99","4",0.452726355007192,NA
"4048","L1CampL3.mConnect.4","mConnect","99","99","4",0.0558988361158928,NA
"4049","L1CampR1.mConnect.4","mConnect","99","99","4",0.223650271923645,NA
"4050","L2CampL3.mConnect.4","mConnect","99","99","4",-0.725098901659178,NA
"4051","L2CampR1.mConnect.4","mConnect","99","99","4",-0.41857685854132,NA
"4052","L3CampR1.mConnect.4","mConnect","99","99","4",0.177683750666729,NA
"4053","DCampL1.mTau1.4","mTau1","99","99","4",-1.29184712780151,NA
"4054","DCampL2.mTau1.4","mTau1","99","99","4",-1.27936883535726,NA
"4055","DCampL3.mTau1.4","mTau1","99","99","4",-0.80250915527925,NA
"4056","DCampR1.mTau1.4","mTau1","99","99","4",-1.03906114903538,NA
"4057","L1CampL2.mTau1.4","mTau1","99","99","4",0.00544464431893173,NA
"4058","L1CampL3.mTau1.4","mTau1","99","99","4",0.213512483702028,NA
"4059","L1CampR1.mTau1.4","mTau1","99","99","4",0.110297923321184,NA
"4060","L2CampL3.mTau1.4","mTau1","99","99","4",0.209206896523735,NA
"4061","L2CampR1.mTau1.4","mTau1","99","99","4",0.10542729311477,NA
"4062","L3CampR1.mTau1.4","mTau1","99","99","4",-0.131234836207799,NA
"4063","DCampL1.mTau2.4","mTau2","99","99","4",-5.84800892257501,NA
"4064","DCampL2.mTau2.4","mTau2","99","99","4",-3.44692972745829,NA
"4065","DCampL3.mTau2.4","mTau2","99","99","4",-9.40434689923578,NA
"4066","DCampR1.mTau2.4","mTau2","99","99","4",-0.915690284873304,NA
"4067","L1CampL2.mTau2.4","mTau2","99","99","4",0.35062442561974,NA
"4068","L1CampL3.mTau2.4","mTau2","99","99","4",-0.51932437835135,NA
"4069","L1CampR1.mTau2.4","mTau2","99","99","4",0.720255871957456,NA
"4070","L2CampL3.mTau2.4","mTau2","99","99","4",-1.33966973550143,NA
"4071","L2CampR1.mTau2.4","mTau2","99","99","4",0.569210578470678,NA
"4072","L3CampR1.mTau2.4","mTau2","99","99","4",0.815875969589786,NA
"4073","DCampL1.mNPQ.4","mNPQ","99","99","4",0.740384459805854,NA
"4074","DCampL2.mNPQ.4","mNPQ","99","99","4",0.616647366388149,NA
"4075","DCampL3.mNPQ.4","mNPQ","99","99","4",0.554838988471434,NA
"4076","DCampR1.mNPQ.4","mNPQ","99","99","4",0.443726690738465,NA
"4077","L1CampL2.mNPQ.4","mNPQ","99","99","4",-0.476616666803428,NA
"4078","L1CampL3.mNPQ.4","mNPQ","99","99","4",-0.714693239070609,NA
"4079","L1CampR1.mNPQ.4","mNPQ","99","99","4",-1.14268109237815,NA
"4080","L2CampL3.mNPQ.4","mNPQ","99","99","4",-0.161231128985268,NA
"4081","L2CampR1.mNPQ.4","mNPQ","99","99","4",-0.45107470377983,NA
"4082","L3CampR1.mNPQ.4","mNPQ","99","99","4",-0.249600245429038,NA
"4083","DCampL1.mqP.4","mqP","99","99","4",0.654452647135462,NA
"4084","DCampL2.mqP.4","mqP","99","99","4",0.477458228779902,NA
"4085","DCampL3.mqP.4","mqP","99","99","4",0.50668416181863,NA
"4086","DCampR1.mqP.4","mqP","99","99","4",0.274632130804294,NA
"4087","L1CampL2.mqP.4","mqP","99","99","4",-0.512214655642134,NA
"4088","L1CampL3.mqP.4","mqP","99","99","4",-0.427635992843968,NA
"4089","L1CampR1.mqP.4","mqP","99","99","4",-1.09918514259337,NA
"4090","L2CampL3.mqP.4","mqP","99","99","4",0.0559303287285301,NA
"4091","L2CampR1.mqP.4","mqP","99","99","4",-0.388152888719352,NA
"4092","L3CampR1.mqP.4","mqP","99","99","4",-0.470392420137586,NA
"4093","DCampL1.mABQ.4","mABQ","99","99","4",0,NA
"4094","DCampL2.mABQ.4","mABQ","99","99","4",1,NA
"4095","DCampL3.mABQ.4","mABQ","99","99","4",0,NA
"4096","DCampR1.mABQ.4","mABQ","99","99","4",1,NA
"4097","L1CampL2.mABQ.4","mABQ","99","99","4",1.28475883769132,NA
"4098","L1CampL3.mABQ.4","mABQ","99","99","4",0.071912516243706,NA
"4099","L1CampR1.mABQ.4","mABQ","99","99","4",1.96633719185053,NA
"4100","L2CampL3.mABQ.4","mABQ","99","99","4",4.2592051972144,NA
"4101","L2CampR1.mABQ.4","mABQ","99","99","4",-2.39352836134987,NA
"4102","L3CampR1.mABQ.4","mABQ","99","99","4",2.04121347261298,NA
"4103","DCampL1.mqm.4","mqm","99","99","4",0,NA
"4104","DCampL2.mqm.4","mqm","99","99","4",0,NA
"4105","DCampL3.mqm.4","mqm","99","99","4",0,NA
"4106","DCampR1.mqm.4","mqm","99","99","4",0,NA
"4107","L1CampL2.mqm.4","mqm","99","99","4",0.231785087126628,NA
"4108","L1CampL3.mqm.4","mqm","99","99","4",0.0250916440969028,NA
"4109","L1CampR1.mqm.4","mqm","99","99","4",0.562240578774852,NA
"4110","L2CampL3.mqm.4","mqm","99","99","4",-0.26905679591226,NA
"4111","L2CampR1.mqm.4","mqm","99","99","4",0.430160214427774,NA
"4112","L3CampR1.mqm.4","mqm","99","99","4",0.550973772483841,NA
"4113","secDer1TOJp.1","OJIP2","99","99","1",8.2054338992166,NA
"4114","secDer2TJ.1","OJIP2","99","99","1",70.1980548573574,NA
"4115","secDer3TJIp.1","OJIP2","99","99","1",167.799976162739,NA
"4116","secDer4TI.1","OJIP2","99","99","1",285.664218932604,NA
"4117","secDer5TIPp.1","OJIP2","99","99","1",599.173558856974,NA
"4118","secDer1FOJp.1","OJIP2","99","99","1",0.385857543192898,NA
"4119","secDer2FJ.1","OJIP2","99","99","1",0.542138687607531,NA
"4120","secDer3FJIp.1","OJIP2","99","99","1",0.600599851273836,NA
"4121","secDer4FI.1","OJIP2","99","99","1",0.590910865631474,NA
"4122","secDer5FIPp.1","OJIP2","99","99","1",0.623918815916859,NA
"4123","firDer1TOJ.1","OJIP2","99","99","1",29.0987545030257,NA
"4124","firDer2TJp.1","OJIP2","99","99","1",137.134569599201,NA
"4125","firDer3TJI.1","OJIP2","99","99","1",301.827643700911,NA
"4126","firDer4TIp.1","OJIP2","99","99","1",451.906832154432,NA
"4127","firDer5TIP.1","OJIP2","99","99","1",1318.75678004638,NA
"4128","firDer1FOJ.1","OJIP2","99","99","1",0.467251542343597,NA
"4129","firDer2FJp.1","OJIP2","99","99","1",0.595935685514757,NA
"4130","firDer3FJI.1","OJIP2","99","99","1",0.601014761046156,NA
"4131","firDer4FIp.1","OJIP2","99","99","1",0.617791149926796,NA
"4132","firDer5FIP.1","OJIP2","99","99","1",0.659690745665799,NA
"4133","MTFm.1","OJIP2","99","99","1",3201.20980392157,NA
"4134","MTFo.1","OJIP2","99","99","1",0,NA
"4135","secDer1TOJp.2","OJIP2","99","99","2",24.7831684668904,NA
"4136","secDer2TJ.2","OJIP2","99","99","2",121.7185448948,NA
"4137","secDer3TJIp.2","OJIP2","99","99","2",862.801961447196,NA
"4138","secDer4TI.2","OJIP2","99","99","2",0,NA
"4139","secDer5TIPp.2","OJIP2","99","99","2",0,NA
"4140","secDer1FOJp.2","OJIP2","99","99","2",0.49745318138509,NA
"4141","secDer2FJ.2","OJIP2","99","99","2",0.707394226477574,NA
"4142","secDer3FJIp.2","OJIP2","99","99","2",0.752282130252429,NA
"4143","secDer4FI.2","OJIP2","99","99","2",0,NA
"4144","secDer5FIPp.2","OJIP2","99","99","2",0,NA
"4145","firDer1TOJ.2","OJIP2","99","99","2",70.3592244303608,NA
"4146","firDer2TJp.2","OJIP2","99","99","2",542.907863191183,NA
"4147","firDer3TJI.2","OJIP2","99","99","2",6257.84999597905,NA
"4148","firDer4TIp.2","OJIP2","99","99","2",6286.61810987797,NA
"4149","firDer5TIP.2","OJIP2","99","99","2",6403.01916512231,NA
"4150","firDer1FOJ.2","OJIP2","99","99","2",0.614823648936974,NA
"4151","firDer2FJp.2","OJIP2","99","99","2",0.772023717876337,NA
"4152","firDer3FJI.2","OJIP2","99","99","2",0.866533239514598,NA
"4153","firDer4FIp.2","OJIP2","99","99","2",0.867280798228042,NA
"4154","firDer5FIP.2","OJIP2","99","99","2",0.871315640051822,NA
"4155","MTFm.2","OJIP2","99","99","2",3675.71058823529,NA
"4156","MTFo.2","OJIP2","99","99","2",0,NA
"4157","secDer1TOJp.3","OJIP2","99","99","3",27.3033746405047,NA
"4158","secDer2TJ.3","OJIP2","99","99","3",129.918422900925,NA
"4159","secDer3TJIp.3","OJIP2","99","99","3",990.053164016693,NA
"4160","secDer4TI.3","OJIP2","99","99","3",0,NA
"4161","secDer5TIPp.3","OJIP2","99","99","3",0,NA
"4162","secDer1FOJp.3","OJIP2","99","99","3",0.480944479694022,NA
"4163","secDer2FJ.3","OJIP2","99","99","3",0.702483194632624,NA
"4164","secDer3FJIp.3","OJIP2","99","99","3",0.77288012715899,NA
"4165","secDer4FI.3","OJIP2","99","99","3",0,NA
"4166","secDer5FIPp.3","OJIP2","99","99","3",0,NA
"4167","firDer1TOJ.3","OJIP2","99","99","3",76.2427995857534,NA
"4168","firDer2TJp.3","OJIP2","99","99","3",597.254314518707,NA
"4169","firDer3TJI.3","OJIP2","99","99","3",6468.42880277105,NA
"4170","firDer4TIp.3","OJIP2","99","99","3",0,NA
"4171","firDer5TIP.3","OJIP2","99","99","3",0,NA
"4172","firDer1FOJ.3","OJIP2","99","99","3",0.604721067192972,NA
"4173","firDer2FJp.3","OJIP2","99","99","3",0.787404699227369,NA
"4174","firDer3FJI.3","OJIP2","99","99","3",0.879760015125788,NA
"4175","firDer4FIp.3","OJIP2","99","99","3",0,NA
"4176","firDer5FIP.3","OJIP2","99","99","3",0,NA
"4177","MTFm.3","OJIP2","99","99","3",3016.38921568627,NA
"4178","MTFo.3","OJIP2","99","99","3",0,NA
"4179","secDer1TOJp.4","OJIP2","99","99","4",29.8625956406297,NA
"4180","secDer2TJ.4","OJIP2","99","99","4",140.796244360308,NA
"4181","secDer3TJIp.4","OJIP2","99","99","4",1063.13386318125,NA
"4182","secDer4TI.4","OJIP2","99","99","4",0,NA
"4183","secDer5TIPp.4","OJIP2","99","99","4",0,NA
"4184","secDer1FOJp.4","OJIP2","99","99","4",0.457505992158395,NA
"4185","secDer2FJ.4","OJIP2","99","99","4",0.688324314448977,NA
"4186","secDer3FJIp.4","OJIP2","99","99","4",0.768600220051835,NA
"4187","secDer4FI.4","OJIP2","99","99","4",0,NA
"4188","secDer5FIPp.4","OJIP2","99","99","4",0,NA
"4189","firDer1TOJ.4","OJIP2","99","99","4",82.6264636030564,NA
"4190","firDer2TJp.4","OJIP2","99","99","4",647.261277766216,NA
"4191","firDer3TJI.4","OJIP2","99","99","4",6468.42880277105,NA
"4192","firDer4TIp.4","OJIP2","99","99","4",0,NA
"4193","firDer5TIP.4","OJIP2","99","99","4",0,NA
"4194","firDer1FOJ.4","OJIP2","99","99","4",0.585527154124007,NA
"4195","firDer2FJp.4","OJIP2","99","99","4",0.782233253995545,NA
"4196","firDer3FJI.4","OJIP2","99","99","4",0.871405500333735,NA
"4197","firDer4FIp.4","OJIP2","99","99","4",0,NA
"4198","firDer5FIP.4","OJIP2","99","99","4",0,NA
"4199","MTFm.4","OJIP2","99","99","4",2654.51509803922,NA
"4200","MTFo.4","OJIP2","99","99","4",0,NA
