"","uni","metric","metrix","stage","col","ASnormalized.aglo5.005r","pval"
"1","Quant.1.0","Quant","1","1","1",0.383293810258448,1.36560286060237e-59
"2","Sigma.1.0","Sigma","2","1","1",4.30822197719358,2.42960768784432e-51
"3","Connect.1.0","Connect","3","1","1",0.337470522572595,7.70882583908219e-22
"4","Tau1.1.0","Tau1","4","1","1",820.375816624194,1.00762540740256e-29
"5","Tau2.1.0","Tau2","5","1","1",746474.324929755,8.58253315448821e-32
"6","NPQ.1.0","NPQ","6","1","1",0.75879900431935,1.20377618603803e-85
"7","qP.1.0","qP","7","1","1",1.54772010300496,2.73120572120473e-59
"8","ABQ.1.0","ABQ","8","1","1",0,2.42960768784432e-51
"9","qm.1.0","qm","9","1","1",0,1.36560286060237e-59
"10","nTau1.1.0","nTau1","10","1","1",1,1.00762540740256e-29
"11","nTau2.1.0","nTau2","11","1","1",1,8.58253315448821e-32
"12","nCon.1.0","nCon","12","1","1",1,7.70882583908219e-22
"13","Fm.1.0","Fm","13","1","1",1948.38848388839,1.20377618603803e-85
"14","Fo.1.0","Fo","14","1","1",1201.58323803513,2.73120572120473e-59
"15","Quant.3.0","Quant","1","3","1",0.0425672004785313,5.52230673703953e-80
"16","Sigma.3.0","Sigma","2","3","1",2.53652004594182,1.52166496792506e-27
"17","Connect.3.0","Connect","3","3","1",0.504074388434217,9.97765618808113e-13
"18","Tau1.3.0","Tau1","4","3","1",3283.97232847396,3.16036008055169e-05
"19","Tau2.3.0","Tau2","5","3","1",19825687.2048578,0.135090866336895
"20","NPQ.3.0","NPQ","6","3","1",0.0579312479827935,1.06162473169948e-90
"21","qP.3.0","qP","7","3","1",0.226417060314936,1.10446134739729e-79
"22","ABQ.3.0","ABQ","8","3","1",0.411237382992477,1.52166496792506e-27
"23","qm.3.0","qm","9","3","1",0.888943678871754,5.52230673703953e-80
"24","nTau1.3.0","nTau1","10","3","1",4.0030096718201,3.16036008055169e-05
"25","nTau2.3.0","nTau2","11","3","1",26.5591012882103,0.135090866336895
"26","nCon.3.0","nCon","12","3","1",1.4936842026722,9.97765618808113e-13
"27","Fm.3.0","Fm","13","3","1",3239.17431498907,1.06162473169948e-90
"28","Fo.3.0","Fo","14","3","1",3101.29173253802,1.10446134739729e-79
"29","Quant.4.0","Quant","1","4","1",0.0306343810781006,5.36914732646296e-88
"30","Sigma.4.0","Sigma","2","4","1",2.89321718408066,6.16838735898546e-28
"31","Connect.4.0","Connect","3","4","1",0.457828331712381,3.53958199597495e-11
"32","Tau1.4.0","Tau1","4","4","1",8382.1701302835,0.000357505446935053
"33","Tau2.4.0","Tau2","5","4","1",8182025.74946619,0.00198504827166562
"34","NPQ.4.0","NPQ","6","4","1",0.0248034115419007,1.0730720286907e-101
"35","qP.4.0","qP","7","4","1",0.128935527838446,1.07382946529258e-87
"36","ABQ.4.0","ABQ","8","4","1",0.328442870539988,6.16838735898546e-28
"37","qm.4.0","qm","9","4","1",0.920075982814738,5.36914732646296e-88
"38","nTau1.4.0","nTau1","10","4","1",10.2174758938845,0.000357505446935053
"39","nTau2.4.0","nTau2","11","4","1",10.9608937323278,0.00198504827166562
"40","nCon.4.0","nCon","12","4","1",1.35664688051056,3.53958199597495e-11
"41","Fm.4.0","Fm","13","4","1",3343.88399462318,1.0730720286907e-101
"42","Fo.4.0","Fo","14","4","1",3241.44617805093,1.07382946529258e-87
"43","Quant.5.0","Quant","1","5","1",0.0322357164392227,4.52110889207423e-82
"44","Sigma.5.0","Sigma","2","5","1",3.14126645131778,1.32096257956042e-25
"45","Connect.5.0","Connect","3","5","1",0.46858250099611,2.39318304750018e-11
"46","Tau1.5.0","Tau1","4","5","1",5936.97554489806,1.2066703473749e-06
"47","Tau2.5.0","Tau2","5","5","1",10807467.9009669,6.19315640089674e-05
"48","NPQ.5.0","NPQ","6","5","1",0.050527989947776,1.43479787377109e-99
"49","qP.5.0","qP","7","5","1",0.187775764450049,9.04221778414847e-82
"50","ABQ.5.0","ABQ","8","5","1",0.270867084391963,1.32096257956042e-25
"51","qm.5.0","qm","9","5","1",0.91589815547116,4.52110889207423e-82
"52","nTau1.5.0","nTau1","10","5","1",7.23689731534069,1.2066703473749e-06
"53","nTau2.5.0","nTau2","11","5","1",14.4780169123485,6.19315640089674e-05
"54","nCon.5.0","nCon","12","5","1",1.38851386907522,2.39318304750018e-11
"55","Fm.5.0","Fm","13","5","1",3262.00135387211,1.43479787377109e-99
"56","Fo.5.0","Fo","14","5","1",3156.84840320433,9.04221778414847e-82
"57","Quant.6.0","Quant","1","6","1",0.0320565004209754,4.84472370862203e-87
"58","Sigma.6.0","Sigma","2","6","1",3.0192796974766,9.3682326529794e-29
"59","Connect.6.0","Connect","3","6","1",0.362167867922146,1.43257805482234e-08
"60","Tau1.6.0","Tau1","4","6","1",3035.07460319639,0.000179193598431075
"61","Tau2.6.0","Tau2","5","6","1",8967638.15465166,0.00519333193756361
"62","NPQ.6.0","NPQ","6","6","1",0.0752165947939095,7.64452440330582e-103
"63","qP.6.0","qP","7","6","1",0.237794655012737,9.68944741724406e-87
"64","ABQ.6.0","ABQ","8","6","1",0.299181956394135,9.3682326529794e-29
"65","qm.6.0","qm","9","6","1",0.916365723726767,4.84472370862203e-87
"66","nTau1.6.0","nTau1","10","6","1",3.69961491025609,0.000179193598431075
"67","nTau2.6.0","nTau2","11","6","1",12.0133243102441,0.00519333193756361
"68","nCon.6.0","nCon","12","6","1",1.07318371145805,1.43257805482234e-08
"69","Fm.6.0","Fm","13","6","1",3187.10085212834,7.64452440330582e-103
"70","Fo.6.0","Fo","14","6","1",3084.93355232039,9.68944741724406e-87
"71","Quant.7.0","Quant","1","7","1",0.0356947573100576,9.00970579511623e-83
"72","Sigma.7.0","Sigma","2","7","1",3.51762989329104,5.53103815358587e-25
"73","Connect.7.0","Connect","3","7","1",0.269289595903251,0.000772109577531478
"74","Tau1.7.0","Tau1","4","7","1",2259.74021034219,1.44722830111949e-07
"75","Tau2.7.0","Tau2","5","7","1",7641929.75289635,1.45294668523314e-05
"76","NPQ.7.0","NPQ","6","7","1",0.09403616354571,5.01741240842964e-100
"77","qP.7.0","qP","7","7","1",0.282630520531984,1.80194115902325e-82
"78","ABQ.7.0","ABQ","8","7","1",0.183507741264887,5.53103815358587e-25
"79","qm.7.0","qm","9","7","1",0.906873640130037,9.00970579511623e-83
"80","nTau1.7.0","nTau1","10","7","1",2.75451831288849,1.44722830111949e-07
"81","nTau2.7.0","nTau2","11","7","1",10.2373644982572,1.45294668523314e-05
"82","nCon.7.0","nCon","12","7","1",0.797964793637118,0.000772109577531478
"83","Fm.7.0","Fm","13","7","1",3132.2764636811,5.01741240842964e-100
"84","Fo.7.0","Fo","14","7","1",3020.470615482,1.80194115902325e-82
"85","Quant.8.0","Quant","1","8","1",0.0398877155185679,6.35599114240536e-85
"86","Sigma.8.0","Sigma","2","8","1",3.32290425586068,1.16328564005377e-29
"87","Connect.8.0","Connect","3","8","1",0.328614713014893,1.43448579034696e-07
"88","Tau1.8.0","Tau1","4","8","1",2365.49146072485,1.38942438077156e-07
"89","Tau2.8.0","Tau2","5","8","1",9745436.09452582,0.000346724668445312
"90","NPQ.8.0","NPQ","6","8","1",0.107899785399597,1.02613004752778e-101
"91","qP.8.0","qP","7","8","1",0.317939482139839,1.27119822848107e-84
"92","ABQ.8.0","ABQ","8","8","1",0.228706349521652,1.16328564005377e-29
"93","qm.8.0","qm","9","8","1",0.895934360401823,6.35599114240536e-85
"94","nTau1.8.0","nTau1","10","8","1",2.88342417315364,1.38942438077156e-07
"95","nTau2.8.0","nTau2","11","8","1",13.0552863897133,0.000346724668445312
"96","nCon.8.0","nCon","12","8","1",0.973758272307185,1.43448579034696e-07
"97","Fm.8.0","Fm","13","8","1",3093.08095429788,1.02613004752778e-101
"98","Fo.8.0","Fo","14","8","1",2969.70502111694,1.27119822848107e-84
"99","Quant.9.0","Quant","1","9","1",0.0390821801792854,7.20910136764864e-81
"100","Sigma.9.0","Sigma","2","9","1",3.98437095840612,2.62048550536888e-25
"101","Connect.9.0","Connect","3","9","1",0.280404012724417,0.000283033463278178
"102","Tau1.9.0","Tau1","4","9","1",2146.16765518686,1.23497846021508e-12
"103","Tau2.9.0","Tau2","5","9","1",12557365.8918595,0.000140706877857344
"104","NPQ.9.0","NPQ","6","9","1",0.134296221680749,2.91750715800772e-100
"105","qP.9.0","qP","7","9","1",0.364313903262921,1.44182027352973e-80
"106","ABQ.9.0","ABQ","8","9","1",0.075170457906261,2.62048550536888e-25
"107","qm.9.0","qm","9","9","1",0.898035973623125,7.20910136764864e-81
"108","nTau1.9.0","nTau1","10","9","1",2.61607864553862,1.23497846021508e-12
"109","nTau2.9.0","nTau2","11","9","1",16.8222341646395,0.000140706877857344
"110","nCon.9.0","nCon","12","9","1",0.830899275548128,0.000283033463278178
"111","Fm.9.0","Fm","13","9","1",3021.10124321183,2.91750715800772e-100
"112","Fo.9.0","Fo","14","9","1",2903.03002008477,1.44182027352973e-80
"113","Quant.10.0","Quant","1","10","1",0.0767113198988793,2.01903977333593e-73
"114","Sigma.10.0","Sigma","2","10","1",5.00296844293246,1.32120846764335e-30
"115","Connect.10.0","Connect","3","10","1",0.312259865829379,3.3003317328869e-07
"116","Tau1.10.0","Tau1","4","10","1",2599.32754093111,5.60600548166722e-19
"117","Tau2.10.0","Tau2","5","10","1",7602383.90155782,5.44654547163973e-05
"118","NPQ.10.0","NPQ","6","10","1",0.179278121797306,2.06861710377453e-96
"119","qP.10.0","qP","7","10","1",0.517384063182799,4.03807954667185e-73
"120","ABQ.10.0","ABQ","8","10","1",-0.161260601105668,1.32120846764335e-30
"121","qm.10.0","qm","9","10","1",0.799862878434812,2.01903977333593e-73
"122","nTau1.10.0","nTau1","10","10","1",3.1684594892463,5.60600548166722e-19
"123","nTau2.10.0","nTau2","11","10","1",10.1843876576374,5.44654547163973e-05
"124","nCon.10.0","nCon","12","10","1",0.925295233044264,3.3003317328869e-07
"125","Fm.10.0","Fm","13","10","1",2905.86559875076,2.06861710377453e-96
"126","Fo.10.0","Fo","14","10","1",2682.95281322184,4.03807954667185e-73
"127","Quant.11.0","Quant","1","11","1",0.0861782671095501,1.47656473197887e-77
"128","Sigma.11.0","Sigma","2","11","1",4.70571168528973,6.61345263632608e-36
"129","Connect.11.0","Connect","3","11","1",0.177430935989603,0.000155025752579093
"130","Tau1.11.0","Tau1","4","11","1",2264.71433918626,4.67594515904574e-19
"131","Tau2.11.0","Tau2","5","11","1",4930334.60756383,7.94472924330066e-08
"132","NPQ.11.0","NPQ","6","11","1",0.177631287883466,5.21357985991433e-100
"133","qP.11.0","qP","7","11","1",0.533935037940815,2.95312946395775e-77
"134","ABQ.11.0","ABQ","8","11","1",-0.0922630519505132,6.61345263632608e-36
"135","qm.11.0","qm","9","11","1",0.775163947856498,1.47656473197887e-77
"136","nTau1.11.0","nTau1","10","11","1",2.76058154481619,4.67594515904574e-19
"137","nTau2.11.0","nTau2","11","11","1",6.60482811385079,7.94472924330066e-08
"138","nCon.11.0","nCon","12","11","1",0.52576721260576,0.000155025752579093
"139","Fm.11.0","Fm","13","11","1",2909.92924589254,5.21357985991433e-100
"140","Fo.11.0","Fo","14","11","1",2659.15658607012,2.95312946395775e-77
"141","Quant.12.0","Quant","1","12","1",0.0879679351293135,1.22663633583279e-76
"142","Sigma.12.0","Sigma","2","12","1",4.76324653171943,7.23312753844348e-36
"143","Connect.12.0","Connect","3","12","1",0.278949742288619,1.34173219308348e-08
"144","Tau1.12.0","Tau1","4","12","1",2345.75987751704,4.19665197940035e-22
"145","Tau2.12.0","Tau2","5","12","1",6292638.93707125,8.1471476783613e-08
"146","NPQ.12.0","NPQ","6","12","1",0.178978639859927,5.46635980877676e-99
"147","qP.12.0","qP","7","12","1",0.539666738360011,2.45327267166559e-76
"148","ABQ.12.0","ABQ","8","12","1",-0.105617713510264,7.23312753844348e-36
"149","qm.12.0","qm","9","12","1",0.770494767264835,1.22663633583279e-76
"150","nTau1.12.0","nTau1","10","12","1",2.85937229009227,4.19665197940035e-22
"151","nTau2.12.0","nTau2","11","12","1",8.4298129579519,8.1471476783613e-08
"152","nCon.12.0","nCon","12","12","1",0.826589949729944,1.34173219308348e-08
"153","Fm.12.0","Fm","13","12","1",2906.60374126654,5.46635980877676e-99
"154","Fo.12.0","Fo","14","12","1",2650.91581190818,2.45327267166559e-76
"155","Quant.13.0","Quant","1","13","1",0.0986625920712773,1.53524382428015e-76
"156","Sigma.13.0","Sigma","2","13","1",4.97261638766059,9.93157714240918e-38
"157","Connect.13.0","Connect","3","13","1",0.199966304368728,6.08862285658066e-06
"158","Tau1.13.0","Tau1","4","13","1",1866.84240439474,2.6534131757322e-16
"159","Tau2.13.0","Tau2","5","13","1",3758543.41872522,5.59217152946314e-08
"160","NPQ.13.0","NPQ","6","13","1",0.172339559086539,1.28802865928876e-99
"161","qP.13.0","qP","7","13","1",0.550968225598599,3.07048764856029e-76
"162","ABQ.13.0","ABQ","8","13","1",-0.154215454538814,9.93157714240918e-38
"163","qm.13.0","qm","9","13","1",0.742592785402011,1.53524382428015e-76
"164","nTau1.13.0","nTau1","10","13","1",2.2755941442505,2.6534131757322e-16
"165","nTau2.13.0","nTau2","11","13","1",5.03506054153826,5.59217152946314e-08
"166","nCon.13.0","nCon","12","13","1",0.592544506833813,6.08862285658066e-06
"167","Fm.13.0","Fm","13","13","1",2923.06414035905,1.28802865928876e-99
"168","Fo.13.0","Fo","14","13","1",2634.66705548062,3.07048764856029e-76
"169","Quant.14.0","Quant","1","14","1",0.101029250688236,1.73798444768271e-73
"170","Sigma.14.0","Sigma","2","14","1",4.68287061868872,1.37323128194578e-35
"171","Connect.14.0","Connect","3","14","1",0.244318884763333,8.44299889450813e-07
"172","Tau1.14.0","Tau1","4","14","1",2212.88347415687,1.24966843808477e-21
"173","Tau2.14.0","Tau2","5","14","1",4656615.19669175,8.08172068404281e-08
"174","NPQ.14.0","NPQ","6","14","1",0.178084308455968,8.2405816027336e-96
"175","qP.14.0","qP","7","14","1",0.564692212791591,3.47596889536542e-73
"176","ABQ.14.0","ABQ","8","14","1",-0.0869613133859908,1.37323128194578e-35
"177","qm.14.0","qm","9","14","1",0.736418256741183,1.73798444768271e-73
"178","nTau1.14.0","nTau1","10","14","1",2.69740212877407,1.24966843808477e-21
"179","nTau2.14.0","nTau2","11","14","1",6.23814515941985,8.08172068404281e-08
"180","nCon.14.0","nCon","12","14","1",0.723971038717245,8.44299889450813e-07
"181","Fm.14.0","Fm","13","14","1",2908.81026161998,8.2405816027336e-96
"182","Fo.14.0","Fo","14","14","1",2614.93534049426,3.47596889536542e-73
"183","Quant.15.0","Quant","1","15","1",0.102180377503939,4.49019725370805e-74
"184","Sigma.15.0","Sigma","2","15","1",4.9540733605449,4.91001939950101e-36
"185","Connect.15.0","Connect","3","15","1",0.17612716735587,0.000223772757959001
"186","Tau1.15.0","Tau1","4","15","1",2111.71235825061,4.46863531279539e-22
"187","Tau2.15.0","Tau2","5","15","1",3903129.55096149,6.03319259635251e-10
"188","NPQ.15.0","NPQ","6","15","1",0.178311091704852,3.01379069096984e-97
"189","qP.15.0","qP","7","15","1",0.567370729550025,8.98039450741611e-74
"190","ABQ.15.0","ABQ","8","15","1",-0.149911352472149,4.91001939950101e-36
"191","qm.15.0","qm","9","15","1",0.733415007575937,4.49019725370805e-74
"192","nTau1.15.0","nTau1","10","15","1",2.57407923961021,4.46863531279539e-22
"193","nTau2.15.0","nTau2","11","15","1",5.22875257809943,6.03319259635251e-10
"194","nCon.15.0","nCon","12","15","1",0.521903857004229,0.000223772757959001
"195","Fm.15.0","Fm","13","15","1",2908.25041842902,3.01379069096984e-97
"196","Fo.15.0","Fo","14","15","1",2611.08429279796,8.98039450741611e-74
"197","Quant.16.0","Quant","1","16","1",0.0339370573659813,9.32801260256688e-82
"198","Sigma.16.0","Sigma","2","16","1",3.22982790175133,9.96609178854624e-25
"199","Connect.16.0","Connect","3","16","1",0.469744022048083,5.34096576222979e-10
"200","Tau1.16.0","Tau1","4","16","1",3363.10345654866,2.22535732167966e-07
"201","Tau2.16.0","Tau2","5","16","1",26424515.0228859,0.20880660118945
"202","NPQ.16.0","NPQ","6","16","1",0.124061261453862,2.77727245358766e-98
"203","qP.16.0","qP","7","16","1",0.335019217853285,1.86560252051338e-81
"204","ABQ.16.0","ABQ","8","16","1",0.250310703847419,9.96609178854624e-25
"205","qm.16.0","qm","9","16","1",0.911459417142432,9.32801260256688e-82
"206","nTau1.16.0","nTau1","10","16","1",4.09946683995107,2.22535732167966e-07
"207","nTau2.16.0","nTau2","11","16","1",35.3990943029052,0.20880660118945
"208","nCon.16.0","nCon","12","16","1",1.39195571354542,5.34096576222979e-10
"209","Fm.16.0","Fm","13","16","1",3048.60939790589,2.77727245358766e-98
"210","Fo.16.0","Fo","14","16","1",2945.14856588269,1.86560252051338e-81
"211","Quant.17.0","Quant","1","17","1",0.0313501548900754,4.90338900635482e-82
"212","Sigma.17.0","Sigma","2","17","1",3.31334286685069,1.31425250308899e-22
"213","Connect.17.0","Connect","3","17","1",0.286664711986092,0.00135838581524971
"214","Tau1.17.0","Tau1","4","17","1",1382.04222550714,5.44477230154242e-07
"215","Tau2.17.0","Tau2","5","17","1",11875448.5686497,0.0010426331211847
"216","NPQ.17.0","NPQ","6","17","1",0.148809673601759,1.31166317916141e-98
"217","qP.17.0","qP","7","17","1",0.373780905078123,9.80677801270964e-82
"218","ABQ.17.0","ABQ","8","17","1",0.23092568479746,1.31425250308899e-22
"219","qm.17.0","qm","9","17","1",0.918208554244754,4.90338900635482e-82
"220","nTau1.17.0","nTau1","10","17","1",1.68464525343297,5.44477230154242e-07
"221","nTau2.17.0","nTau2","11","17","1",15.9087167127513,0.0010426331211847
"222","nCon.17.0","nCon","12","17","1",0.849451115910207,0.00135838581524971
"223","Fm.17.0","Fm","13","17","1",2982.93425293538,1.31166317916141e-98
"224","Fo.17.0","Fo","14","17","1",2889.41880207894,9.80677801270964e-82
"225","Quant.18.0","Quant","1","18","1",0.0311680339868882,1.40234351055923e-89
"226","Sigma.18.0","Sigma","2","18","1",2.6189120029539,4.49058362272005e-30
"227","Connect.18.0","Connect","3","18","1",0.626408597149163,1.24017154324293e-20
"228","Tau1.18.0","Tau1","4","18","1",1386.49051973686,1.38982413686167e-07
"229","Tau2.18.0","Tau2","5","18","1",8424995.20594442,2.08281445688105e-06
"230","NPQ.18.0","NPQ","6","18","1",0.173450768405909,3.4859979502244e-101
"231","qP.18.0","qP","7","18","1",0.415611829434912,2.80468702111496e-89
"232","ABQ.18.0","ABQ","8","18","1",0.39211303019723,4.49058362272005e-30
"233","qm.18.0","qm","9","18","1",0.918683701242469,1.40234351055923e-89
"234","nTau1.18.0","nTau1","10","18","1",1.69006751739976,1.38982413686167e-07
"235","nTau2.18.0","nTau2","11","18","1",11.2863831006341,2.08281445688105e-06
"236","nCon.18.0","nCon","12","18","1",1.85618759343466,1.24017154324293e-20
"237","Fm.18.0","Fm","13","18","1",2920.2961195768,3.4859979502244e-101
"238","Fo.18.0","Fo","14","18","1",2829.27623087006,2.80468702111496e-89
"239","Quant.19.0","Quant","1","19","1",0.0277594214438794,2.00613248735393e-80
"240","Sigma.19.0","Sigma","2","19","1",3.26627644975861,3.28291737115385e-19
"241","Connect.19.0","Connect","3","19","1",0.236334035930473,0.0343095258119449
"242","Tau1.19.0","Tau1","4","19","1",1655.08595290262,7.4009653253019e-07
"243","Tau2.19.0","Tau2","5","19","1",11230329.628321,0.000196808317867272
"244","NPQ.19.0","NPQ","6","19","1",0.199907654391372,4.96613452102011e-97
"245","qP.19.0","qP","7","19","1",0.452230283265359,4.01226497470787e-80
"246","ABQ.19.0","ABQ","8","19","1",0.241850474035627,3.28291737115385e-19
"247","qm.19.0","qm","9","19","1",0.927576650859137,2.00613248735393e-80
"248","nTau1.19.0","nTau1","10","19","1",2.0174728695846,7.4009653253019e-07
"249","nTau2.19.0","nTau2","11","19","1",15.0444955081044,0.000196808317867272
"250","nCon.19.0","nCon","12","19","1",0.700310160807109,0.0343095258119449
"251","Fm.19.0","Fm","13","19","1",2855.9062132397,4.96613452102011e-97
"252","Fo.19.0","Fo","14","19","1",2776.62790906219,4.01226497470787e-80
"253","Quant.20.0","Quant","1","20","1",0.0320870103731903,5.90403936056606e-85
"254","Sigma.20.0","Sigma","2","20","1",3.27797949368267,4.00041835444719e-23
"255","Connect.20.0","Connect","3","20","1",0.295910139420539,0.00181866131649894
"256","Tau1.20.0","Tau1","4","20","1",2521.54717237711,1.42259364520676e-05
"257","Tau2.20.0","Tau2","5","20","1",13656936.1949699,0.0239161834258881
"258","NPQ.20.0","NPQ","6","20","1",0.222933968623158,6.1147465927791e-99
"259","qP.20.0","qP","7","20","1",0.49702717655063,1.18080787211321e-84
"260","ABQ.20.0","ABQ","8","20","1",0.239134029993046,4.00041835444719e-23
"261","qm.20.0","qm","9","20","1",0.916286124340086,5.90403936056606e-85
"262","nTau1.20.0","nTau1","10","20","1",3.07364883420522,1.42259364520676e-05
"263","nTau2.20.0","nTau2","11","20","1",18.2952524137452,0.0239161834258881
"264","nCon.20.0","nCon","12","20","1",0.876847367778276,0.00181866131649894
"265","Fm.20.0","Fm","13","20","1",2802.13307783763,6.1147465927791e-99
"266","Fo.20.0","Fo","14","20","1",2712.22100470199,1.18080787211321e-84
"267","Quant.21.0","Quant","1","21","1",0.0357720038325388,5.68534443222228e-82
"268","Sigma.21.0","Sigma","2","21","1",3.2020408341031,7.83559955050397e-25
"269","Connect.21.0","Connect","3","21","1",0.239274780633257,0.00284170082672915
"270","Tau1.21.0","Tau1","4","21","1",2686.78056549476,1.49057951233378e-07
"271","Tau2.21.0","Tau2","5","21","1",34989562.7488439,0.237220068343591
"272","NPQ.21.0","NPQ","6","21","1",0.251964703807622,1.79550059817004e-98
"273","qP.21.0","qP","7","21","1",0.54778535888296,1.13706888644446e-81
"274","ABQ.21.0","ABQ","8","21","1",0.256760480064925,7.83559955050397e-25
"275","qm.21.0","qm","9","21","1",0.906672106683856,5.68534443222228e-82
"276","nTau1.21.0","nTau1","10","21","1",3.27506066250311,1.49057951233378e-07
"277","nTau2.21.0","nTau2","11","21","1",46.873096073514,0.237220068343591
"278","nCon.21.0","nCon","12","21","1",0.709024239537203,0.00284170082672915
"279","Fm.21.0","Fm","13","21","1",2737.15681845354,1.79550059817004e-98
"280","Fo.21.0","Fo","14","21","1",2639.24323425356,1.13706888644446e-81
"281","Quant.22.0","Quant","1","22","1",0.0311644985129964,6.9334201754015e-80
"282","Sigma.22.0","Sigma","2","22","1",2.8888205899834,2.7767881918179e-23
"283","Connect.22.0","Connect","3","22","1",0.526559643773702,3.50510726338381e-12
"284","Tau1.22.0","Tau1","4","22","1",2140.80352256783,1.59393326890002e-06
"285","Tau2.22.0","Tau2","5","22","1",21533558.6422737,0.0752257817690123
"286","NPQ.22.0","NPQ","6","22","1",0.28764785870917,2.35528219078141e-96
"287","qP.22.0","qP","7","22","1",0.590126709990868,1.3866840350803e-79
"288","ABQ.22.0","ABQ","8","22","1",0.329463382974242,2.7767881918179e-23
"289","qm.22.0","qm","9","22","1",0.91869292516886,6.9334201754015e-80
"290","nTau1.22.0","nTau1","10","22","1",2.60954001713158,1.59393326890002e-06
"291","nTau2.22.0","nTau2","11","22","1",28.847018474882,0.0752257817690123
"292","nCon.22.0","nCon","12","22","1",1.56031300085011,3.50510726338381e-12
"293","Fm.22.0","Fm","13","22","1",2661.30503173864,2.35528219078141e-96
"294","Fo.22.0","Fo","14","22","1",2578.36679503439,1.3866840350803e-79
"295","Quant.23.0","Quant","1","23","1",0.185690827926172,8.20789515094207e-66
"296","Sigma.23.0","Sigma","2","23","1",5.17420315020331,4.74174703449234e-40
"297","Connect.23.0","Connect","3","23","1",0.186246174645409,9.60049265098854e-06
"298","Tau1.23.0","Tau1","4","23","1",2104.52088356744,2.66672934786487e-17
"299","Tau2.23.0","Tau2","5","23","1",1846750.54602238,6.04848097364575e-13
"300","NPQ.23.0","NPQ","6","23","1",0.402913985269061,2.64589391147982e-90
"301","qP.23.0","qP","7","23","1",1,1.64157903018841e-65
"302","ABQ.23.0","ABQ","8","23","1",-0.201006628162145,4.74174703449234e-40
"303","qm.23.0","qm","9","23","1",0.515539194851689,8.20789515094207e-66
"304","nTau1.23.0","nTau1","10","23","1",2.56531316613822,2.66672934786487e-17
"305","nTau2.23.0","nTau2","11","23","1",2.47396391857974,6.04848097364575e-13
"306","nCon.23.0","nCon","12","23","1",0.551888719718755,9.60049265098854e-06
"307","Fm.23.0","Fm","13","23","1",2442.64706280833,2.64589391147982e-90
"308","Fo.23.0","Fo","14","23","1",1989.06990738402,1.64157903018841e-65
"309","Quant.24.0","Quant","1","24","1",0.194162532292227,3.42802251362155e-67
"310","Sigma.24.0","Sigma","2","24","1",5.59076497619833,2.17594414552564e-42
"311","Connect.24.0","Connect","3","24","1",0.173439046109136,5.04961335431574e-06
"312","Tau1.24.0","Tau1","4","24","1",1947.6347824599,3.94021066184798e-21
"313","Tau2.24.0","Tau2","5","24","1",1739485.72200415,8.72930347750983e-15
"314","NPQ.24.0","NPQ","6","24","1",0.359984694491792,1.31343803262193e-92
"315","qP.24.0","qP","7","24","1",0.971176978166011,6.85604502724311e-67
"316","ABQ.24.0","ABQ","8","24","1",-0.297696591724879,2.17594414552564e-42
"317","qm.24.0","qm","9","24","1",0.493436817669175,3.42802251362155e-67
"318","nTau1.24.0","nTau1","10","24","1",2.37407629892641,3.94021066184798e-21
"319","nTau2.24.0","nTau2","11","24","1",2.33026865614948,8.72930347750983e-15
"320","nCon.24.0","nCon","12","24","1",0.513938357599296,5.04961335431574e-06
"321","Fm.24.0","Fm","13","24","1",2519.75168497816,1.31343803262193e-92
"322","Fo.24.0","Fo","14","24","1",2030.51031707519,6.85604502724311e-67
"323","Quant.25.0","Quant","1","25","1",0.199364452477578,1.73424622107034e-67
"324","Sigma.25.0","Sigma","2","25","1",5.74355797202087,1.92403493728726e-43
"325","Connect.25.0","Connect","3","25","1",0.20422843614046,5.75439678546129e-08
"326","Tau1.25.0","Tau1","4","25","1",2024.5636500504,8.52587510294546e-21
"327","Tau2.25.0","Tau2","5","25","1",1655668.42861166,2.10283214362189e-14
"328","NPQ.25.0","NPQ","6","25","1",0.345588881077698,4.63130311149712e-93
"329","qP.25.0","qP","7","25","1",0.965281892089711,3.46849244214068e-67
"330","ABQ.25.0","ABQ","8","25","1",-0.333162033531587,1.92403493728726e-43
"331","qm.25.0","qm","9","25","1",0.479865191814211,1.73424622107034e-67
"332","nTau1.25.0","nTau1","10","25","1",2.46784901385974,8.52587510294546e-21
"333","nTau2.25.0","nTau2","11","25","1",2.21798442802097,2.10283214362189e-14
"334","nCon.25.0","nCon","12","25","1",0.605174148496265,5.75439678546129e-08
"335","Fm.25.0","Fm","13","25","1",2546.70930599962,4.63130311149712e-93
"336","Fo.25.0","Fo","14","25","1",2038.98599958946,3.46849244214068e-67
"337","Quant.26.0","Quant","1","26","1",0.204694346947147,1.44000089777326e-66
"338","Sigma.26.0","Sigma","2","26","1",5.78054176444476,2.67133984636015e-43
"339","Connect.26.0","Connect","3","26","1",0.248815572382384,2.19926786241337e-10
"340","Tau1.26.0","Tau1","4","26","1",2004.25586816984,6.56830206875608e-19
"341","Tau2.26.0","Tau2","5","26","1",1554516.25546903,2.54778316557053e-13
"342","NPQ.26.0","NPQ","6","26","1",0.341367809589594,2.12558402172485e-92
"343","qP.26.0","qP","7","26","1",0.97028973199747,2.88000179554652e-66
"344","ABQ.26.0","ABQ","8","26","1",-0.341746501235358,2.67133984636015e-43
"345","qm.26.0","qm","9","26","1",0.465959685576125,1.44000089777326e-66
"346","nTau1.26.0","nTau1","10","26","1",2.44309477139057,6.56830206875608e-19
"347","nTau2.26.0","nTau2","11","26","1",2.08247786099718,2.54778316557053e-13
"348","nCon.26.0","nCon","12","26","1",0.737295721373294,2.19926786241337e-10
"349","Fm.26.0","Fm","13","26","1",2554.72339576918,2.12558402172485e-92
"350","Fo.26.0","Fo","14","26","1",2031.78595864161,2.88000179554652e-66
"351","Quant.27.0","Quant","1","27","1",0.211201208649062,1.31645194874356e-65
"352","Sigma.27.0","Sigma","2","27","1",5.66940101642,7.41369217988517e-43
"353","Connect.27.0","Connect","3","27","1",0.21911827316464,1.54548420147716e-08
"354","Tau1.27.0","Tau1","4","27","1",2086.71358329085,4.34824122821096e-19
"355","Tau2.27.0","Tau2","5","27","1",1615371.02971909,4.43611655711783e-12
"356","NPQ.27.0","NPQ","6","27","1",0.336324438563318,1.8460133906539e-91
"357","qP.27.0","qP","7","27","1",0.976561934530175,2.63290389748712e-65
"358","ABQ.27.0","ABQ","8","27","1",-0.315949142461111,7.41369217988517e-43
"359","qm.27.0","qm","9","27","1",0.448983513439332,1.31645194874356e-65
"360","nTau1.27.0","nTau1","10","27","1",2.54360689455422,4.34824122821096e-19
"361","nTau2.27.0","nTau2","11","27","1",2.16400079114724,4.43611655711783e-12
"362","nCon.27.0","nCon","12","27","1",0.649296037752464,1.54548420147716e-08
"363","Fm.27.0","Fm","13","27","1",2564.36507976639,1.8460133906539e-91
"364","Fo.27.0","Fo","14","27","1",2022.76807550228,2.63290389748712e-65
"365","Quant.1.1","Quant","1","1","2",0.374003104419321,3.90436452207835e-63
"366","Sigma.1.1","Sigma","2","1","2",4.23734368644023,7.15961212166557e-54
"367","Connect.1.1","Connect","3","1","2",0.31867814948291,7.16956018870886e-23
"368","Tau1.1.1","Tau1","4","1","2",824.774516913624,1.58371639932664e-29
"369","Tau2.1.1","Tau2","5","1","2",698249.440758455,1.1600758543812e-33
"370","NPQ.1.1","NPQ","6","1","2",0.870065220918241,3.39744890221314e-89
"371","qP.1.1","qP","7","1","2",1.49692234219173,7.80872904415671e-63
"372","ABQ.1.1","ABQ","8","1","2",0,7.15961212166557e-54
"373","qm.1.1","qm","9","1","2",0,3.90436452207835e-63
"374","nTau1.1.1","nTau1","10","1","2",1,1.58371639932664e-29
"375","nTau2.1.1","nTau2","11","1","2",1,1.1600758543812e-33
"376","nCon.1.1","nCon","12","1","2",1,7.16956018870886e-23
"377","Fm.1.1","Fm","13","1","2",2021.2013939902,3.39744890221314e-89
"378","Fo.1.1","Fo","14","1","2",1265.26579798121,7.80872904415671e-63
"379","Quant.3.1","Quant","1","3","2",0.033049556343343,2.05570583780654e-82
"380","Sigma.3.1","Sigma","2","3","2",2.84629071496509,2.20991910540003e-25
"381","Connect.3.1","Connect","3","3","2",0.479494720674941,1.91040695847799e-10
"382","Tau1.3.1","Tau1","4","3","2",4467.15050442982,3.50558192870975e-06
"383","Tau2.3.1","Tau2","5","3","2",6663261.67371254,3.83446861981514e-07
"384","NPQ.3.1","NPQ","6","3","2",0.077552745398047,5.52026849698801e-96
"385","qP.3.1","qP","7","3","2",0.230960344358941,4.11141167561302e-82
"386","ABQ.3.1","ABQ","8","3","2",0.328284197462338,2.20991910540003e-25
"387","qm.3.1","qm","9","3","2",0.91163293578898,2.05570583780654e-82
"388","nTau1.3.1","nTau1","10","3","2",5.41620820335996,3.50558192870975e-06
"389","nTau2.3.1","nTau2","11","3","2",9.54280989681101,3.83446861981514e-07
"390","nCon.3.1","nCon","12","3","2",1.50463632807261,1.91040695847799e-10
"391","Fm.3.1","Fm","13","3","2",3507.74330770816,5.52026849698801e-96
"392","Fo.3.1","Fo","14","3","2",3391.81394762207,4.11141167561302e-82
"393","Quant.4.1","Quant","1","4","2",0.0350691890975918,3.705712371977e-88
"394","Sigma.4.1","Sigma","2","4","2",2.89607638252158,8.13905958042484e-29
"395","Connect.4.1","Connect","3","4","2",0.582498641234309,1.03615348187218e-15
"396","Tau1.4.1","Tau1","4","4","2",4841.61322509426,3.00998340338505e-07
"397","Tau2.4.1","Tau2","5","4","2",5631378.87972847,3.19419925124818e-10
"398","NPQ.4.1","NPQ","6","4","2",0.0748852084714883,4.33760858009017e-100
"399","qP.4.1","qP","7","4","2",0.230177202683258,7.41142474394966e-88
"400","ABQ.4.1","ABQ","8","4","2",0.316534933951851,8.13905958042484e-29
"401","qm.4.1","qm","9","4","2",0.906232893034296,3.705712371977e-88
"402","nTau1.4.1","nTau1","10","4","2",5.87022649925216,3.00998340338505e-07
"403","nTau2.4.1","nTau2","11","4","2",8.06499590405906,3.19419925124818e-10
"404","nCon.4.1","nCon","12","4","2",1.8278587414276,1.03615348187218e-15
"405","Fm.4.1","Fm","13","4","2",3516.44845568903,4.33760858009017e-100
"406","Fo.4.1","Fo","14","4","2",3393.12945984454,7.41142474394966e-88
"407","Quant.5.1","Quant","1","5","2",0.0318744371487849,3.15739241831004e-83
"408","Sigma.5.1","Sigma","2","5","2",2.77167208515598,2.86784212270534e-24
"409","Connect.5.1","Connect","3","5","2",0.615492673427451,6.99843028348079e-15
"410","Tau1.5.1","Tau1","4","5","2",3049.38931630967,1.21390310377515e-09
"411","Tau2.5.1","Tau2","5","5","2",6646096.75435285,3.79172284894937e-11
"412","NPQ.5.1","NPQ","6","5","2",0.1055528476774,7.14011283774345e-97
"413","qP.5.1","qP","7","5","2",0.279708232923518,6.31478483662001e-83
"414","ABQ.5.1","ABQ","8","5","2",0.34589396323326,2.86784212270534e-24
"415","qm.5.1","qm","9","5","2",0.914774939640479,3.15739241831004e-83
"416","nTau1.5.1","nTau1","10","5","2",3.69723997744346,1.21390310377515e-09
"417","nTau2.5.1","nTau2","11","5","2",9.51822710682547,3.79172284894937e-11
"418","nCon.5.1","nCon","12","5","2",1.93139276861672,6.99843028348079e-15
"419","Fm.5.1","Fm","13","5","2",3418.90343759983,7.14011283774345e-97
"420","Fo.5.1","Fo","14","5","2",3309.92781486029,6.31478483662001e-83
"421","Quant.6.1","Quant","1","6","2",0.0362998886944971,6.55954816833149e-85
"422","Sigma.6.1","Sigma","2","6","2",3.25799314167901,3.24922560036683e-26
"423","Connect.6.1","Connect","3","6","2",0.400482203223857,2.21336567498187e-07
"424","Tau1.6.1","Tau1","4","6","2",3208.7843649834,9.10971570532798e-12
"425","Tau2.6.1","Tau2","5","6","2",7959312.11592573,5.71013361072596e-07
"426","NPQ.6.1","NPQ","6","6","2",0.128976370167383,6.16352345579113e-100
"427","qP.6.1","qP","7","6","2",0.32941048057383,1.3119096336663e-84
"428","ABQ.6.1","ABQ","8","6","2",0.231123698531985,3.24922560036683e-26
"429","qm.6.1","qm","9","6","2",0.90294227971488,6.55954816833149e-85
"430","nTau1.6.1","nTau1","10","6","2",3.89049891719611,9.10971570532798e-12
"431","nTau2.6.1","nTau2","11","6","2",11.398952367624,5.71013361072596e-07
"432","nCon.6.1","nCon","12","6","2",1.25669803177181,2.21336567498187e-07
"433","Fm.6.1","Fm","13","6","2",3347.96948036402,6.16352345579113e-100
"434","Fo.6.1","Fo","14","6","2",3226.43856087423,1.3119096336663e-84
"435","Quant.7.1","Quant","1","7","2",0.0391554202101976,1.07117957560691e-85
"436","Sigma.7.1","Sigma","2","7","2",4.09530769055012,1.13057894584956e-29
"437","Connect.7.1","Connect","3","7","2",0.198281545358957,0.00154207621101204
"438","Tau1.7.1","Tau1","4","7","2",1494.5003344046,3.61032263020539e-10
"439","Tau2.7.1","Tau2","5","7","2",8856888.23743039,4.62831713671917e-07
"440","NPQ.7.1","NPQ","6","7","2",0.146410846950546,2.11258636916081e-106
"441","qP.7.1","qP","7","7","2",0.364225657555737,2.14235915121382e-85
"442","ABQ.7.1","ABQ","8","7","2",0.0335200555821402,1.13057894584956e-29
"443","qm.7.1","qm","9","7","2",0.895307232085706,1.07117957560691e-85
"444","nTau1.7.1","nTau1","10","7","2",1.8120108026581,3.61032263020539e-10
"445","nTau2.7.1","nTau2","11","7","2",12.6844186624909,4.62831713671917e-07
"446","nCon.7.1","nCon","12","7","2",0.622200002355638,0.00154207621101204
"447","Fm.7.1","Fm","13","7","2",3297.05396754293,2.11258636916081e-106
"448","Fo.7.1","Fo","14","7","2",3167.95643398809,2.14235915121382e-85
"449","Quant.8.1","Quant","1","8","2",0.0410062865144392,1.43045380178917e-87
"450","Sigma.8.1","Sigma","2","8","2",3.162234043689,4.50124174081854e-30
"451","Connect.8.1","Connect","3","8","2",0.348555622724343,1.60597090308153e-07
"452","Tau1.8.1","Tau1","4","8","2",2075.61847711653,9.34270737520466e-13
"453","Tau2.8.1","Tau2","5","8","2",13183143.582173,8.35598391844637e-06
"454","NPQ.8.1","NPQ","6","8","2",0.165762110019265,7.46944871527118e-102
"455","qP.8.1","qP","7","8","2",0.399103940004928,2.86090760357834e-87
"456","ABQ.8.1","ABQ","8","8","2",0.253722549386693,4.50124174081854e-30
"457","qm.8.1","qm","9","8","2",0.890358432777969,1.43045380178917e-87
"458","nTau1.8.1","nTau1","10","8","2",2.51658900045029,9.34270737520466e-13
"459","nTau2.8.1","nTau2","11","8","2",18.8802780391104,8.35598391844637e-06
"460","nCon.8.1","nCon","12","8","2",1.09375438287787,1.60597090308153e-07
"461","Fm.8.1","Fm","13","8","2",3242.32396891857,7.46944871527118e-102
"462","Fo.8.1","Fo","14","8","2",3109.36830327646,2.86090760357834e-87
"463","Quant.9.1","Quant","1","9","2",0.0398626642716299,7.42024562060503e-82
"464","Sigma.9.1","Sigma","2","9","2",3.56289231755696,2.51009378253671e-27
"465","Connect.9.1","Connect","3","9","2",0.27640831259084,5.09596924940199e-05
"466","Tau1.9.1","Tau1","4","9","2",2224.72799064743,1.5484105315738e-11
"467","Tau2.9.1","Tau2","5","9","2",15256979.5758438,0.00220472425716442
"468","NPQ.9.1","NPQ","6","9","2",0.190175366276733,3.68482025701819e-101
"469","qP.9.1","qP","7","9","2",0.434911082474158,1.48404912412101e-81
"470","ABQ.9.1","ABQ","8","9","2",0.159168436358268,2.51009378253671e-27
"471","qm.9.1","qm","9","9","2",0.893416220879982,7.42024562060503e-82
"472","nTau1.9.1","nTau1","10","9","2",2.69737721646948,1.5484105315738e-11
"473","nTau2.9.1","nTau2","11","9","2",21.8503283859007,0.00220472425716442
"474","nCon.9.1","nCon","12","9","2",0.867358847913927,5.09596924940199e-05
"475","Fm.9.1","Fm","13","9","2",3175.81638678757,3.68482025701819e-101
"476","Fo.9.1","Fo","14","9","2",3049.21988437272,1.48404912412101e-81
"477","Quant.10.1","Quant","1","10","2",0.080606631379724,1.9284590579257e-78
"478","Sigma.10.1","Sigma","2","10","2",4.68416955870019,3.41164895595982e-35
"479","Connect.10.1","Connect","3","10","2",0.212984200373621,1.1574709058679e-05
"480","Tau1.10.1","Tau1","4","10","2",2116.14416299574,2.13326752536131e-18
"481","Tau2.10.1","Tau2","5","10","2",4276841.00318222,5.69542308321179e-11
"482","NPQ.10.1","NPQ","6","10","2",0.230554552332996,3.20187503071064e-101
"483","qP.10.1","qP","7","10","2",0.568979126943866,3.8569181158514e-78
"484","ABQ.10.1","ABQ","8","10","2",-0.10544952341011,3.41164895595982e-35
"485","qm.10.1","qm","9","10","2",0.784476036623081,1.9284590579257e-78
"486","nTau1.10.1","nTau1","10","10","2",2.56572447329548,2.13326752536131e-18
"487","nTau2.10.1","nTau2","11","10","2",6.125090481328,5.69542308321179e-11
"488","nCon.10.1","nCon","12","10","2",0.668336378629069,1.1574709058679e-05
"489","Fm.10.1","Fm","13","10","2",3071.60574409847,3.20187503071064e-101
"490","Fo.10.1","Fo","14","10","2",2824.01395214008,3.8569181158514e-78
"491","Quant.11.1","Quant","1","11","2",0.0874475160955884,5.37231622054054e-78
"492","Sigma.11.1","Sigma","2","11","2",4.53181948107955,2.39476644258062e-36
"493","Connect.11.1","Connect","3","11","2",0.174929387855237,0.000126776186485653
"494","Tau1.11.1","Tau1","4","11","2",2267.04919278393,1.52621374601961e-17
"495","Tau2.11.1","Tau2","5","11","2",4655326.80156024,1.12649029691232e-06
"496","NPQ.11.1","NPQ","6","11","2",0.23756518768507,1.16624255940676e-100
"497","qP.11.1","qP","7","11","2",0.590940891865689,1.07446324410811e-77
"498","ABQ.11.1","ABQ","8","11","2",-0.0694953764505026,2.39476644258062e-36
"499","qm.11.1","qm","9","11","2",0.766185052845057,5.37231622054054e-78
"500","nTau1.11.1","nTau1","10","11","2",2.74868966765295,1.52621374601961e-17
"501","nTau2.11.1","nTau2","11","11","2",6.66714003594978,1.12649029691232e-06
"502","nCon.11.1","nCon","12","11","2",0.548921813871075,0.000126776186485653
"503","Fm.11.1","Fm","13","11","2",3054.2055230584,1.16624255940676e-100
"504","Fo.11.1","Fo","14","11","2",2787.12283642152,1.07446324410811e-77
"505","Quant.12.1","Quant","1","12","2",0.0969049771061775,1.1501701847363e-81
"506","Sigma.12.1","Sigma","2","12","2",4.83266069659276,3.15214600903054e-42
"507","Connect.12.1","Connect","3","12","2",0.239020639986059,1.58919965058205e-10
"508","Tau1.12.1","Tau1","4","12","2",2308.0745072074,2.82080134536852e-21
"509","Tau2.12.1","Tau2","5","12","2",5141051.86135329,5.47174724239652e-07
"510","NPQ.12.1","NPQ","6","12","2",0.232319341977431,5.47336433227252e-105
"511","qP.12.1","qP","7","12","2",0.601146653869484,2.3003403694726e-81
"512","ABQ.12.1","ABQ","8","12","2",-0.140492972533143,3.15214600903054e-42
"513","qm.12.1","qm","9","12","2",0.740897933837655,1.1501701847363e-81
"514","nTau1.12.1","nTau1","10","12","2",2.79843091642114,2.82080134536852e-21
"515","nTau2.12.1","nTau2","11","12","2",7.36277261571303,5.47174724239652e-07
"516","nCon.12.1","nCon","12","12","2",0.75003774301406,1.58919965058205e-10
"517","Fm.12.1","Fm","13","12","2",3067.20693461433,5.47336433227252e-105
"518","Fo.12.1","Fo","14","12","2",2769.97931683562,2.3003403694726e-81
"519","Quant.13.1","Quant","1","13","2",0.09873298322887,9.27052206771798e-80
"520","Sigma.13.1","Sigma","2","13","2",4.46431453012128,1.63944458024681e-40
"521","Connect.13.1","Connect","3","13","2",0.258819814274301,1.52960140381764e-10
"522","Tau1.13.1","Tau1","4","13","2",2113.19696915888,6.3112171075403e-20
"523","Tau2.13.1","Tau2","5","13","2",3857611.33900017,5.85429536709934e-09
"524","NPQ.13.1","NPQ","6","13","2",0.235630035249593,4.75529762820952e-102
"525","qP.13.1","qP","7","13","2",0.608893827805771,1.8541044135436e-79
"526","ABQ.13.1","ABQ","8","13","2",-0.0535644168792302,1.63944458024681e-40
"527","qm.13.1","qm","9","13","2",0.73601025750264,9.27052206771798e-80
"528","nTau1.13.1","nTau1","10","13","2",2.56215114049188,6.3112171075403e-20
"529","nTau2.13.1","nTau2","11","13","2",5.52468947889159,5.85429536709934e-09
"530","nCon.13.1","nCon","12","13","2",0.81216680432676,1.52960140381764e-10
"531","Fm.13.1","Fm","13","13","2",3058.98879401151,4.75529762820952e-102
"532","Fo.13.1","Fo","14","13","2",2756.96570471507,1.8541044135436e-79
"533","Quant.14.1","Quant","1","14","2",0.103591615961247,2.75702013579069e-75
"534","Sigma.14.1","Sigma","2","14","2",4.74061934737626,4.7489306711554e-37
"535","Connect.14.1","Connect","3","14","2",0.172135339009476,0.00011920933872306
"536","Tau1.14.1","Tau1","4","14","2",2215.97482987306,4.62908912147262e-18
"537","Tau2.14.1","Tau2","5","14","2",4091756.12583019,9.54896089304937e-07
"538","NPQ.14.1","NPQ","6","14","2",0.234561531843716,1.06002391777951e-98
"539","qP.14.1","qP","7","14","2",0.616328832621055,5.51404027158138e-75
"540","ABQ.14.1","ABQ","8","14","2",-0.118771498886566,4.7489306711554e-37
"541","qm.14.1","qm","9","14","2",0.723019368724001,2.75702013579069e-75
"542","nTau1.14.1","nTau1","10","14","2",2.68676442400939,4.62908912147262e-18
"543","nTau2.14.1","nTau2","11","14","2",5.86002062727844,9.54896089304937e-07
"544","nCon.14.1","nCon","12","14","2",0.540154194094526,0.00011920933872306
"545","Fm.14.1","Fm","13","14","2",3061.63632502607,1.06002391777951e-98
"546","Fo.14.1","Fo","14","14","2",2744.47647063097,5.51404027158138e-75
"547","Quant.15.1","Quant","1","15","2",0.104878661285176,3.60571270594211e-76
"548","Sigma.15.1","Sigma","2","15","2",4.72266310423699,3.57360449471315e-38
"549","Connect.15.1","Connect","3","15","2",0.195005946873964,5.23216067485287e-06
"550","Tau1.15.1","Tau1","4","15","2",2317.6035774697,6.34312816301423e-22
"551","Tau2.15.1","Tau2","5","15","2",5156488.2491924,6.05262807867626e-07
"552","NPQ.15.1","NPQ","6","15","2",0.23887020426339,1.79860518469538e-99
"553","qP.15.1","qP","7","15","2",0.624348764416178,7.21142541188422e-76
"554","ABQ.15.1","ABQ","8","15","2",-0.114533881060868,3.57360449471315e-38
"555","qm.15.1","qm","9","15","2",0.719578099630989,3.60571270594211e-76
"556","nTau1.15.1","nTau1","10","15","2",2.80998446235023,6.34312816301423e-22
"557","nTau2.15.1","nTau2","11","15","2",7.38487988417334,6.05262807867626e-07
"558","nCon.15.1","nCon","12","15","2",0.611921297994175,5.23216067485287e-06
"559","Fm.15.1","Fm","13","15","2",3050.98824587515,1.79860518469538e-99
"560","Fo.15.1","Fo","14","15","2",2731.00468305096,7.21142541188422e-76
"561","Quant.16.1","Quant","1","16","2",0.0344019142892533,7.3466166421225e-78
"562","Sigma.16.1","Sigma","2","16","2",3.33144999192173,3.29070283348987e-20
"563","Connect.16.1","Connect","3","16","2",0.373537067915323,0.000191504519811948
"564","Tau1.16.1","Tau1","4","16","2",2176.78427486194,1.71233784986468e-10
"565","Tau2.16.1","Tau2","5","16","2",22388630.0364706,0.0441226791142203
"566","NPQ.16.1","NPQ","6","16","2",0.176216626635158,8.95397837245786e-95
"567","qP.16.1","qP","7","16","2",0.402922088743646,1.4693233284245e-77
"568","ABQ.16.1","ABQ","8","16","2",0.213788109144277,3.29070283348987e-20
"569","qm.16.1","qm","9","16","2",0.908017035466414,7.3466166421225e-78
"570","nTau1.16.1","nTau1","10","16","2",2.63924773404452,1.71233784986468e-10
"571","nTau2.16.1","nTau2","11","16","2",32.0639426680407,0.0441226791142203
"572","nCon.16.1","nCon","12","16","2",1.17214521460422,0.000191504519811948
"573","Fm.16.1","Fm","13","16","2",3213.50535758493,8.95397837245786e-95
"574","Fo.16.1","Fo","14","16","2",3102.95462170523,1.4693233284245e-77
"575","Quant.17.1","Quant","1","17","2",0.0308028001386346,8.66535297110703e-85
"576","Sigma.17.1","Sigma","2","17","2",3.37117652926899,7.02544832878738e-25
"577","Connect.17.1","Connect","3","17","2",0.389433180100352,6.29766610086571e-07
"578","Tau1.17.1","Tau1","4","17","2",1632.75732994083,7.94537814223543e-10
"579","Tau2.17.1","Tau2","5","17","2",10006772.1190912,1.24060193128804e-05
"580","NPQ.17.1","NPQ","6","17","2",0.215717555185271,7.23110376730006e-102
"581","qP.17.1","qP","7","17","2",0.456280478151734,1.73307059422141e-84
"582","ABQ.17.1","ABQ","8","17","2",0.20441276924103,7.02544832878738e-25
"583","qm.17.1","qm","9","17","2",0.91764025545601,8.66535297110703e-85
"584","nTau1.17.1","nTau1","10","17","2",1.97964085511607,7.94537814223543e-10
"585","nTau2.17.1","nTau2","11","17","2",14.3312282616677,1.24060193128804e-05
"586","nCon.17.1","nCon","12","17","2",1.2220266144141,6.29766610086571e-07
"587","Fm.17.1","Fm","13","17","2",3109.09258096263,7.23110376730006e-102
"588","Fo.17.1","Fo","14","17","2",3013.32382357872,1.73307059422141e-84
"589","Quant.18.1","Quant","1","18","2",0.0337585105829296,1.94843368359141e-84
"590","Sigma.18.1","Sigma","2","18","2",3.60352191106202,2.39930222827964e-22
"591","Connect.18.1","Connect","3","18","2",0.428854675627456,1.79493959281913e-05
"592","Tau1.18.1","Tau1","4","18","2",2005.33279690099,1.62826953527911e-10
"593","Tau2.18.1","Tau2","5","18","2",22241186.279755,0.00377293970805341
"594","NPQ.18.1","NPQ","6","18","2",0.231774766542795,2.3315503628488e-98
"595","qP.18.1","qP","7","18","2",0.485064446202374,3.8968673671828e-84
"596","ABQ.18.1","ABQ","8","18","2",0.149579977995761,2.39930222827964e-22
"597","qm.18.1","qm","9","18","2",0.90973735195235,1.94843368359141e-84
"598","nTau1.18.1","nTau1","10","18","2",2.4313709453647,1.62826953527911e-10
"599","nTau2.18.1","nTau2","11","18","2",31.852780656145,0.00377293970805341
"600","nCon.18.1","nCon","12","18","2",1.34572977884841,1.79493959281913e-05
"601","Fm.18.1","Fm","13","18","2",3068.56296624845,2.3315503628488e-98
"602","Fo.18.1","Fo","14","18","2",2964.97285087796,3.8968673671828e-84
"603","Quant.19.1","Quant","1","19","2",0.0336470969575942,1.67584626997074e-87
"604","Sigma.19.1","Sigma","2","19","2",2.89419813652916,5.16232259598991e-28
"605","Connect.19.1","Connect","3","19","2",0.548982054577556,4.08704054570028e-14
"606","Tau1.19.1","Tau1","4","19","2",1607.11830237901,9.09622192636978e-10
"607","Tau2.19.1","Tau2","5","19","2",12072852.3262437,0.000277649744438847
"608","NPQ.19.1","NPQ","6","19","2",0.262826530522174,3.65978169197462e-100
"609","qP.19.1","qP","7","19","2",0.528267825899595,3.35169253994111e-87
"610","ABQ.19.1","ABQ","8","19","2",0.316978194194921,5.16232259598991e-28
"611","qm.19.1","qm","9","19","2",0.910035246873593,1.67584626997074e-87
"612","nTau1.19.1","nTau1","10","19","2",1.94855474971873,9.09622192636978e-10
"613","nTau2.19.1","nTau2","11","19","2",17.2901711358764,0.000277649744438847
"614","nCon.19.1","nCon","12","19","2",1.72268495806298,4.08704054570028e-14
"615","Fm.19.1","Fm","13","19","2",2993.1097740001,3.65978169197462e-100
"616","Fo.19.1","Fo","14","19","2",2892.40031922959,3.35169253994111e-87
"617","Quant.20.1","Quant","1","20","2",0.0299767591926552,2.01881924773004e-85
"618","Sigma.20.1","Sigma","2","20","2",2.79575502105748,8.93441417907698e-26
"619","Connect.20.1","Connect","3","20","2",0.489243453951273,2.95864156133976e-11
"620","Tau1.20.1","Tau1","4","20","2",1467.46795626847,7.46831876667811e-10
"621","Tau2.20.1","Tau2","5","20","2",8190577.09668832,1.105116346262e-07
"622","NPQ.20.1","NPQ","6","20","2",0.293389806087401,5.37917055209925e-100
"623","qP.20.1","qP","7","20","2",0.5625711684475,4.03763849546007e-85
"624","ABQ.20.1","ABQ","8","20","2",0.340210464871171,8.93441417907698e-26
"625","qm.20.1","qm","9","20","2",0.919848902753903,2.01881924773004e-85
"626","nTau1.20.1","nTau1","10","20","2",1.77923532574679,7.46831876667811e-10
"627","nTau2.20.1","nTau2","11","20","2",11.7301591932412,1.105116346262e-07
"628","nCon.20.1","nCon","12","20","2",1.53522748498798,2.95864156133976e-11
"629","Fm.20.1","Fm","13","20","2",2922.38149209375,5.37917055209925e-100
"630","Fo.20.1","Fo","14","20","2",2834.77796583619,4.03763849546007e-85
"631","Quant.21.1","Quant","1","21","2",0.0328576597643395,6.59727042489742e-85
"632","Sigma.21.1","Sigma","2","21","2",3.20429722618318,5.14452467843719e-24
"633","Connect.21.1","Connect","3","21","2",0.354966002326563,5.25168708975579e-05
"634","Tau1.21.1","Tau1","4","21","2",1418.07646053066,2.20026361331063e-08
"635","Tau2.21.1","Tau2","5","21","2",8121733.56387452,1.43452926490505e-06
"636","NPQ.21.1","NPQ","6","21","2",0.321388883916518,1.42424593557002e-99
"637","qP.21.1","qP","7","21","2",0.603235322249172,1.31945408497948e-84
"638","ABQ.21.1","ABQ","8","21","2",0.243795768458164,5.14452467843719e-24
"639","qm.21.1","qm","9","21","2",0.912146023987276,6.59727042489742e-85
"640","nTau1.21.1","nTau1","10","21","2",1.71935047876748,2.20026361331063e-08
"641","nTau2.21.1","nTau2","11","21","2",11.6315647242803,1.43452926490505e-06
"642","nCon.21.1","nCon","12","21","2",1.11386991201792,5.25168708975579e-05
"643","Fm.21.1","Fm","13","21","2",2860.45877741117,1.42424593557002e-99
"644","Fo.21.1","Fo","14","21","2",2766.47079613307,1.31945408497948e-84
"645","Quant.22.1","Quant","1","22","2",0.0354375110515589,6.01306972702354e-90
"646","Sigma.22.1","Sigma","2","22","2",3.14770393200333,1.58967681727227e-31
"647","Connect.22.1","Connect","3","22","2",0.347693094198019,5.58052342270106e-09
"648","Tau1.22.1","Tau1","4","22","2",1514.93368678777,4.98646668937621e-10
"649","Tau2.22.1","Tau2","5","22","2",12385095.0476376,0.000495784790643775
"650","NPQ.22.1","NPQ","6","22","2",0.355763079335733,1.09494665038118e-105
"651","qP.22.1","qP","7","22","2",0.64927321908671,1.20261394540471e-89
"652","ABQ.22.1","ABQ","8","22","2",0.257151610789517,1.58967681727227e-31
"653","qm.22.1","qm","9","22","2",0.90524808315006,6.01306972702354e-90
"654","nTau1.22.1","nTau1","10","22","2",1.83678527369732,4.98646668937621e-10
"655","nTau2.22.1","nTau2","11","22","2",17.7373504720385,0.000495784790643775
"656","nCon.22.1","nCon","12","22","2",1.09104780093078,5.58052342270106e-09
"657","Fm.22.1","Fm","13","22","2",2787.93432937006,1.09494665038118e-105
"658","Fo.22.1","Fo","14","22","2",2689.13687576198,1.20261394540471e-89
"659","Quant.23.1","Quant","1","23","2",0.180269842614645,2.55397283045902e-72
"660","Sigma.23.1","Sigma","2","23","2",5.23259282358855,3.23062785359417e-46
"661","Connect.23.1","Connect","3","23","2",0.27710844580873,5.41649082907191e-14
"662","Tau1.23.1","Tau1","4","23","2",2230.84222348508,5.70710993585782e-20
"663","Tau2.23.1","Tau2","5","23","2",1895535.22281309,1.59897043045015e-12
"664","NPQ.23.1","NPQ","6","23","2",0.475434726647153,1.29688979300602e-96
"665","qP.23.1","qP","7","23","2",1,5.10794566091805e-72
"666","ABQ.23.1","ABQ","8","23","2",-0.234875717146378,3.23062785359417e-46
"667","qm.23.1","qm","9","23","2",0.517999074113215,2.55397283045902e-72
"668","nTau1.23.1","nTau1","10","23","2",2.7047904339153,5.70710993585782e-20
"669","nTau2.23.1","nTau2","11","23","2",2.71469637090452,1.59897043045015e-12
"670","nCon.23.1","nCon","12","23","2",0.869555839515099,5.41649082907191e-14
"671","Fm.23.1","Fm","13","23","2",2561.80660730542,1.29688979300602e-96
"672","Fo.23.1","Fo","14","23","2",2099.99013339732,5.10794566091805e-72
"673","Quant.24.1","Quant","1","24","2",0.189119577060255,4.99742171811373e-67
"674","Sigma.24.1","Sigma","2","24","2",5.5569261024259,3.2830555965258e-42
"675","Connect.24.1","Connect","3","24","2",0.239656458376839,2.89816525032982e-09
"676","Tau1.24.1","Tau1","4","24","2",2124.84667173537,2.28984134204103e-22
"677","Tau2.24.1","Tau2","5","24","2",1851496.64018945,1.5367454648795e-13
"678","NPQ.24.1","NPQ","6","24","2",0.431979660234929,8.23572383418542e-93
"679","qP.24.1","qP","7","24","2",0.975968807518605,9.99484343622746e-67
"680","ABQ.24.1","ABQ","8","24","2",-0.311417367490963,3.2830555965258e-42
"681","qm.24.1","qm","9","24","2",0.494336878957508,4.99742171811373e-67
"682","nTau1.24.1","nTau1","10","24","2",2.5762758525648,2.28984134204103e-22
"683","nTau2.24.1","nTau2","11","24","2",2.65162638466035,1.5367454648795e-13
"684","nCon.24.1","nCon","12","24","2",0.752032917116243,2.89816525032982e-09
"685","Fm.24.1","Fm","13","24","2",2639.54756923883,8.23572383418542e-93
"686","Fo.24.1","Fo","14","24","2",2140.35744931396,9.99484343622746e-67
"687","Quant.25.1","Quant","1","25","2",0.196230639364923,4.54186718086715e-67
"688","Sigma.25.1","Sigma","2","25","2",5.57154448372723,5.68177006904399e-43
"689","Connect.25.1","Connect","3","25","2",0.226748629190663,6.8471476873026e-09
"690","Tau1.25.1","Tau1","4","25","2",2178.49521456227,4.19187653101611e-19
"691","Tau2.25.1","Tau2","5","25","2",1650529.80707411,5.76009793073287e-12
"692","NPQ.25.1","NPQ","6","25","2",0.412271011075733,7.28348240646336e-93
"693","qP.25.1","qP","7","25","2",0.969517174570459,9.08373436173429e-67
"694","ABQ.25.1","ABQ","8","25","2",-0.314867260249984,5.68177006904399e-43
"695","qm.25.1","qm","9","25","2",0.475323501205715,4.54186718086715e-67
"696","nTau1.25.1","nTau1","10","25","2",2.64132216731717,4.19187653101611e-19
"697","nTau2.25.1","nTau2","11","25","2",2.36381114073112,5.76009793073287e-12
"698","nCon.25.1","nCon","12","25","2",0.711528636521165,6.8471476873026e-09
"699","Fm.25.1","Fm","13","25","2",2676.38321662743,7.28348240646336e-93
"700","Fo.25.1","Fo","14","25","2",2151.19482684308,9.08373436173429e-67
"701","Quant.26.1","Quant","1","26","2",0.197460511105005,8.53072049400795e-67
"702","Sigma.26.1","Sigma","2","26","2",5.71848843210711,3.95284905204204e-43
"703","Connect.26.1","Connect","3","26","2",0.259870017485191,1.01916325528248e-10
"704","Tau1.26.1","Tau1","4","26","2",1965.53905606192,1.12775890111487e-19
"705","Tau2.26.1","Tau2","5","26","2",1498064.12733831,3.5752546821439e-13
"706","NPQ.26.1","NPQ","6","26","2",0.41212265295705,7.73192164105522e-93
"707","qP.26.1","qP","7","26","2",0.971342373969309,1.70614409880159e-66
"708","ABQ.26.1","ABQ","8","26","2",-0.349545577434901,3.95284905204204e-43
"709","qm.26.1","qm","9","26","2",0.472035101388843,8.53072049400795e-67
"710","nTau1.26.1","nTau1","10","26","2",2.38312292117988,1.12775890111487e-19
"711","nTau2.26.1","nTau2","11","26","2",2.14545696694161,3.5752546821439e-13
"712","nCon.26.1","nCon","12","26","2",0.815462302347551,1.01916325528248e-10
"713","Fm.26.1","Fm","13","26","2",2676.66439842001,7.73192164105522e-93
"714","Fo.26.1","Fo","14","26","2",2148.12887825142,1.70614409880159e-66
"715","Quant.27.1","Quant","1","27","2",0.205829995961633,5.86363128117589e-67
"716","Sigma.27.1","Sigma","2","27","2",5.71749117648182,4.26396152999134e-44
"717","Connect.27.1","Connect","3","27","2",0.236480810163153,7.37455448570148e-10
"718","Tau1.27.1","Tau1","4","27","2",2093.49455667736,5.2823695668879e-20
"719","Tau2.27.1","Tau2","5","27","2",1521485.34561055,1.54966386131309e-12
"720","NPQ.27.1","NPQ","6","27","2",0.405322449030167,5.87498108513471e-93
"721","qP.27.1","qP","7","27","2",0.978555271141653,1.17272625623518e-66
"722","ABQ.27.1","ABQ","8","27","2",-0.349310228192761,4.26396152999134e-44
"723","qm.27.1","qm","9","27","2",0.449656985384639,5.86363128117589e-67
"724","nTau1.27.1","nTau1","10","27","2",2.53826289943025,5.2823695668879e-20
"725","nTau2.27.1","nTau2","11","27","2",2.17899973390294,1.54966386131309e-12
"726","nCon.27.1","nCon","12","27","2",0.742067852932084,7.37455448570148e-10
"727","Fm.27.1","Fm","13","27","2",2689.61648907055,5.87498108513471e-93
"728","Fo.27.1","Fo","14","27","2",2136.01273798682,1.17272625623518e-66
"729","Quant.1.2","Quant","1","1","3",0.385248767190842,1.95974605228249e-69
"730","Sigma.1.2","Sigma","2","1","3",4.02764419036763,6.46364506899833e-60
"731","Connect.1.2","Connect","3","1","3",0.348461917621107,2.28558194664685e-26
"732","Tau1.1.2","Tau1","4","1","3",851.543118126653,4.72965799994131e-30
"733","Tau2.1.2","Tau2","5","1","3",692259.261211484,2.74810283970106e-32
"734","NPQ.1.2","NPQ","6","1","3",0.857161399211015,3.62186899740037e-102
"735","qP.1.2","qP","7","1","3",1.46440631203979,3.91949210456499e-69
"736","ABQ.1.2","ABQ","8","1","3",0,6.46364506899833e-60
"737","qm.1.2","qm","9","1","3",0,1.95974605228249e-69
"738","nTau1.1.2","nTau1","10","1","3",1,4.72965799994131e-30
"739","nTau2.1.2","nTau2","11","1","3",1,2.74810283970106e-32
"740","nCon.1.2","nCon","12","1","3",1,2.28558194664685e-26
"741","Fm.1.2","Fm","13","1","3",2059.60284528086,3.62186899740037e-102
"742","Fo.1.2","Fo","14","1","3",1266.14338823366,3.91949210456499e-69
"743","Quant.3.2","Quant","1","3","3",0.0296012665912074,6.4757852309748e-86
"744","Sigma.3.2","Sigma","2","3","3",2.42828200997969,7.73567759045058e-22
"745","Connect.3.2","Connect","3","3","3",0.562801291069769,2.5964168939699e-12
"746","Tau1.3.2","Tau1","4","3","3",4835.96534391731,0.000103748378124632
"747","Tau2.3.2","Tau2","5","3","3",5890810.32412899,1.1363710345499e-09
"748","NPQ.3.2","NPQ","6","3","3",0.08527240662889,1.59515077139953e-104
"749","qP.3.2","qP","7","3","3",0.231701044352201,1.29515704619496e-85
"750","ABQ.3.2","ABQ","8","3","3",0.397096194398929,7.73567759045058e-22
"751","qm.3.2","qm","9","3","3",0.923163241229676,6.4757852309748e-86
"752","nTau1.3.2","nTau1","10","3","3",5.67906103751523,0.000103748378124632
"753","nTau2.3.2","nTau2","11","3","3",8.50954353982901,1.1363710345499e-09
"754","nCon.3.2","nCon","12","3","3",1.61510128542,2.5964168939699e-12
"755","Fm.3.2","Fm","13","3","3",3524.47448087451,1.59515077139953e-104
"756","Fo.3.2","Fo","14","3","3",3420.14557217223,1.29515704619496e-85
"757","Quant.4.2","Quant","1","4","3",0.0375124572950338,1.13320519233538e-90
"758","Sigma.4.2","Sigma","2","4","3",2.60506632896292,2.15978786141826e-27
"759","Connect.4.2","Connect","3","4","3",0.443609422071605,6.80804764014278e-10
"760","Tau1.4.2","Tau1","4","4","3",3057.96094095796,7.63000805033205e-06
"761","Tau2.4.2","Tau2","5","4","3",4021398.00457781,8.45912892288579e-11
"762","NPQ.4.2","NPQ","6","4","3",0.092901443048004,1.7644331100384e-109
"763","qP.4.2","qP","7","4","3",0.261209596529029,2.26641038467077e-90
"764","ABQ.4.2","ABQ","8","4","3",0.353203459433406,2.15978786141826e-27
"765","qm.4.2","qm","9","4","3",0.902627962787351,1.13320519233538e-90
"766","nTau1.4.2","nTau1","10","4","3",3.59108173839195,7.63000805033205e-06
"767","nTau2.4.2","nTau2","11","4","3",5.80909238764128,8.45912892288579e-11
"768","nCon.4.2","nCon","12","4","3",1.27304993641789,6.80804764014278e-10
"769","Fm.4.2","Fm","13","4","3",3499.87176455103,1.7644331100384e-109
"770","Fo.4.2","Fo","14","4","3",3368.58297444521,2.26641038467077e-90
"771","Quant.5.2","Quant","1","5","3",0.0350715586183471,8.81990119886152e-96
"772","Sigma.5.2","Sigma","2","5","3",2.66714378492592,6.03062138825594e-31
"773","Connect.5.2","Connect","3","5","3",0.428325399398202,1.18258819887224e-11
"774","Tau1.5.2","Tau1","4","5","3",3348.0645136958,1.71117290381627e-06
"775","Tau2.5.2","Tau2","5","5","3",4968233.05793405,1.51496009029355e-10
"776","NPQ.5.2","NPQ","6","5","3",0.124323920540694,5.85114143212808e-115
"777","qP.5.2","qP","7","5","3",0.310335024554911,1.7639802397723e-95
"778","ABQ.5.2","ABQ","8","5","3",0.337790614348564,6.03062138825594e-31
"779","qm.5.2","qm","9","5","3",0.908963865415892,8.81990119886152e-96
"780","nTau1.5.2","nTau1","10","5","3",3.93176157780636,1.71117290381627e-06
"781","nTau2.5.2","nTau2","11","5","3",7.17683870236625,1.51496009029355e-10
"782","nCon.5.2","nCon","12","5","3",1.2291885504227,1.18258819887224e-11
"783","Fm.5.2","Fm","13","5","3",3402.05774517482,5.85114143212808e-115
"784","Fo.5.2","Fo","14","5","3",3282.74227754192,1.7639802397723e-95
"785","Quant.6.2","Quant","1","6","3",0.0401058888506487,1.10677258683643e-88
"786","Sigma.6.2","Sigma","2","6","3",3.19134114001255,1.41128506731275e-23
"787","Connect.6.2","Connect","3","6","3",0.249166348584354,0.0118262091364134
"788","Tau1.6.2","Tau1","4","6","3",3118.19854742001,2.70705229725612e-09
"789","Tau2.6.2","Tau2","5","6","3",8231454.18516465,0.000178900513554137
"790","NPQ.6.2","NPQ","6","6","3",0.145436099970951,7.74161722644909e-109
"791","qP.6.2","qP","7","6","3",0.354582734673734,2.21354517367286e-88
"792","ABQ.6.2","ABQ","8","6","3",0.207640747500773,1.41128506731275e-23
"793","qm.6.2","qm","9","6","3",0.895896126694725,1.10677258683643e-88
"794","nTau1.6.2","nTau1","10","6","3",3.66182108814392,2.70705229725612e-09
"795","nTau2.6.2","nTau2","11","6","3",11.8907100943066,0.000178900513554137
"796","nCon.6.2","nCon","12","6","3",0.715046138428476,0.0118262091364134
"797","Fm.6.2","Fm","13","6","3",3339.35249819504,7.74161722644909e-109
"798","Fo.6.2","Fo","14","6","3",3205.4247980693,2.21354517367286e-88
"799","Quant.7.2","Quant","1","7","3",0.0405148990750019,2.37346655246453e-87
"800","Sigma.7.2","Sigma","2","7","3",3.52861334418455,3.50580340841197e-22
"801","Connect.7.2","Connect","3","7","3",0.232098449601706,0.0329096223220751
"802","Tau1.7.2","Tau1","4","7","3",2034.19816362253,6.5109491967001e-09
"803","Tau2.7.2","Tau2","5","7","3",6749776.53875356,1.16890971140972e-06
"804","NPQ.7.2","NPQ","6","7","3",0.169319805905797,7.51165574061524e-109
"805","qP.7.2","qP","7","7","3",0.392816983983384,4.74693310492907e-87
"806","ABQ.7.2","ABQ","8","7","3",0.123901422915297,3.50580340841197e-22
"807","qm.7.2","qm","9","7","3",0.894834448477464,2.37346655246453e-87
"808","nTau1.7.2","nTau1","10","7","3",2.38883753543525,6.5109491967001e-09
"809","nTau2.7.2","nTau2","11","7","3",9.75035931905215,1.16890971140972e-06
"810","nCon.7.2","nCon","12","7","3",0.666065466166876,0.0329096223220751
"811","Fm.7.2","Fm","13","7","3",3271.14522703033,7.51165574061524e-109
"812","Fo.7.2","Fo","14","7","3",3138.61510829752,4.74693310492907e-87
"813","Quant.8.2","Quant","1","8","3",0.0445092439033318,1.68694980048394e-85
"814","Sigma.8.2","Sigma","2","8","3",3.37663055569536,2.01044533964445e-24
"815","Connect.8.2","Connect","3","8","3",0.281906433473409,0.00156945413965671
"816","Tau1.8.2","Tau1","4","8","3",1867.30885344205,8.34513821931098e-13
"817","Tau2.8.2","Tau2","5","8","3",9992535.73264404,9.11223886721737e-08
"818","NPQ.8.2","NPQ","6","8","3",0.179271491962863,6.06251667911632e-108
"819","qP.8.2","qP","7","8","3",0.415389143490575,3.37389960096789e-85
"820","ABQ.8.2","ABQ","8","8","3",0.161636332283078,2.01044533964445e-24
"821","qm.8.2","qm","9","8","3",0.884466226257168,1.68694980048394e-85
"822","nTau1.8.2","nTau1","10","8","3",2.19285296738705,8.34513821931098e-13
"823","nTau2.8.2","nTau2","11","8","3",14.434672517283,9.11223886721737e-08
"824","nCon.8.2","nCon","12","8","3",0.809002129695948,0.00156945413965671
"825","Fm.8.2","Fm","13","8","3",3243.54054857559,6.06251667911632e-108
"826","Fo.8.2","Fo","14","8","3",3099.1730111887,3.37389960096789e-85
"827","Quant.9.2","Quant","1","9","3",0.0458511316278398,1.25891380882191e-84
"828","Sigma.9.2","Sigma","2","9","3",3.70369775663331,9.83270376567783e-23
"829","Connect.9.2","Connect","3","9","3",0.1234405044559,0.259091676387217
"830","Tau1.9.2","Tau1","4","9","3",2483.82008810274,2.15241367867574e-08
"831","Tau2.9.2","Tau2","5","9","3",15091377.4423527,0.0126611799012085
"832","NPQ.9.2","NPQ","6","9","3",0.205540818897252,2.38904345836064e-108
"833","qP.9.2","qP","7","9","3",0.456473627765257,2.51782761764381e-84
"834","ABQ.9.2","ABQ","8","9","3",0.0804307477083144,9.83270376567783e-23
"835","qm.9.2","qm","9","9","3",0.880983054242646,1.25891380882191e-84
"836","nTau1.9.2","nTau1","10","9","3",2.91684594147975,2.15241367867574e-08
"837","nTau2.9.2","nTau2","11","9","3",21.800181359715,0.0126611799012085
"838","nCon.9.2","nCon","12","9","3",0.354243887821682,0.259091676387217
"839","Fm.9.2","Fm","13","9","3",3172.86220590992,2.38904345836064e-108
"840","Fo.9.2","Fo","14","9","3",3027.38288326975,2.51782761764381e-84
"841","Quant.10.2","Quant","1","10","3",0.0827400588597322,4.7378438378121e-78
"842","Sigma.10.2","Sigma","2","10","3",4.41505786766889,9.48341754865001e-30
"843","Connect.10.2","Connect","3","10","3",0.227879756786592,0.00145909584573267
"844","Tau1.10.2","Tau1","4","10","3",2017.68022036346,1.95338606582036e-16
"845","Tau2.10.2","Tau2","5","10","3",4096031.87618087,6.08582831338627e-08
"846","NPQ.10.2","NPQ","6","10","3",0.252564059059301,2.20212538099675e-105
"847","qP.10.2","qP","7","10","3",0.585983227118052,9.4756876756242e-78
"848","ABQ.10.2","ABQ","8","10","3",-0.096188654953133,9.48341754865001e-30
"849","qm.10.2","qm","9","10","3",0.785229529835861,4.7378438378121e-78
"850","nTau1.10.2","nTau1","10","10","3",2.36943987616533,1.95338606582036e-16
"851","nTau2.10.2","nTau2","11","10","3",5.91690441094661,6.08582831338627e-08
"852","nCon.10.2","nCon","12","10","3",0.653958855367297,0.00145909584573267
"853","Fm.10.2","Fm","13","10","3",3053.74792953379,2.20212538099675e-105
"854","Fo.10.2","Fo","14","10","3",2801.08064610138,9.4756876756242e-78
"855","Quant.11.2","Quant","1","11","3",0.095933497320031,3.9876676360517e-85
"856","Sigma.11.2","Sigma","2","11","3",4.6866816182249,2.27357387577376e-39
"857","Connect.11.2","Connect","3","11","3",0.154399859784642,0.00099251891664437
"858","Tau1.11.2","Tau1","4","11","3",2058.25727806066,1.41883607356004e-16
"859","Tau2.11.2","Tau2","5","11","3",4069180.95210283,4.00048710567473e-07
"860","NPQ.11.2","NPQ","6","11","3",0.24503030624891,1.30209982721281e-113
"861","qP.11.2","qP","7","11","3",0.599479861176176,7.97533527210339e-85
"862","ABQ.11.2","ABQ","8","11","3",-0.163628512526853,2.27357387577376e-39
"863","qm.11.2","qm","9","11","3",0.750982986864412,3.9876676360517e-85
"864","nTau1.11.2","nTau1","10","11","3",2.41709108352459,1.41883607356004e-16
"865","nTau2.11.2","nTau2","11","11","3",5.87811702942274,4.00048710567473e-07
"866","nCon.11.2","nCon","12","11","3",0.443089623218242,0.00099251891664437
"867","Fm.11.2","Fm","13","11","3",3072.2263408069,1.30209982721281e-113
"868","Fo.11.2","Fo","14","11","3",2777.49692337457,7.97533527210339e-85
"869","Quant.12.2","Quant","1","12","3",0.098852845189024,1.11214825966299e-74
"870","Sigma.12.2","Sigma","2","12","3",4.32905805084713,8.53531855687544e-31
"871","Connect.12.2","Connect","3","12","3",0.277201382372951,4.35205189939631e-05
"872","Tau1.12.2","Tau1","4","12","3",2039.12514475878,6.30957768345716e-18
"873","Tau2.12.2","Tau2","5","12","3",4341666.32429929,2.79107110533426e-06
"874","NPQ.12.2","NPQ","6","12","3",0.252957063927638,4.82712415220885e-102
"875","qP.12.2","qP","7","12","3",0.614636182468303,2.22429651932598e-74
"876","ABQ.12.2","ABQ","8","12","3",-0.0748362681093708,8.53531855687544e-31
"877","qm.12.2","qm","9","12","3",0.743405161527604,1.11214825966299e-74
"878","nTau1.12.2","nTau1","10","12","3",2.39462347983592,6.30957768345716e-18
"879","nTau2.12.2","nTau2","11","12","3",6.27173454740234,2.79107110533426e-06
"880","nCon.12.2","nCon","12","12","3",0.795499790236361,4.35205189939631e-05
"881","Fm.12.2","Fm","13","12","3",3052.79008521691,4.82712415220885e-102
"882","Fo.12.2","Fo","14","12","3",2751.01309952838,2.22429651932598e-74
"883","Quant.13.2","Quant","1","13","3",0.109646734528237,1.03483686999349e-76
"884","Sigma.13.2","Sigma","2","13","3",4.87123053395328,1.15966840630419e-33
"885","Connect.13.2","Connect","3","13","3",0.142606348368294,0.0208051119209291
"886","Tau1.13.2","Tau1","4","13","3",1922.41172546512,8.2012301050569e-17
"887","Tau2.13.2","Tau2","5","13","3",3980160.59251171,3.5818616093229e-06
"888","NPQ.13.2","NPQ","6","13","3",0.23982618699969,5.52731692802142e-106
"889","qP.13.2","qP","7","13","3",0.61701961377806,2.06967373998698e-76
"890","ABQ.13.2","ABQ","8","13","3",-0.209449073382187,1.15966840630419e-33
"891","qm.13.2","qm","9","13","3",0.715387189094053,1.03483686999349e-76
"892","nTau1.13.2","nTau1","10","13","3",2.25756240000426,8.2012301050569e-17
"893","nTau2.13.2","nTau2","11","13","3",5.74952306964626,3.5818616093229e-06
"894","nCon.13.2","nCon","12","13","3",0.409245146045927,0.0208051119209291
"895","Fm.13.2","Fm","13","13","3",3085.12188407401,5.52731692802142e-106
"896","Fo.13.2","Fo","14","13","3",2746.8483438637,2.06967373998698e-76
"897","Quant.14.2","Quant","1","14","3",0.106909740939104,2.1933330889598e-81
"898","Sigma.14.2","Sigma","2","14","3",4.74645457720131,9.3999450524761e-39
"899","Connect.14.2","Connect","3","14","3",0.22182198688561,6.15913778597401e-06
"900","Tau1.14.2","Tau1","4","14","3",2012.86299580985,1.14954563114456e-18
"901","Tau2.14.2","Tau2","5","14","3",4030240.90888443,7.65742745269659e-07
"902","NPQ.14.2","NPQ","6","14","3",0.251714675438608,4.58231289894521e-110
"903","qP.14.2","qP","7","14","3",0.62716347018916,4.38666617791961e-81
"904","ABQ.14.2","ABQ","8","14","3",-0.178469187658821,9.3999450524761e-39
"905","qm.14.2","qm","9","14","3",0.722491672799712,2.1933330889598e-81
"906","nTau1.14.2","nTau1","10","14","3",2.3637828231623,1.14954563114456e-18
"907","nTau2.14.2","nTau2","11","14","3",5.82186636525647,7.65742745269659e-07
"908","nCon.14.2","nCon","12","14","3",0.636574545648926,6.15913778597401e-06
"909","Fm.14.2","Fm","13","14","3",3055.82012979154,4.58231289894521e-110
"910","Fo.14.2","Fo","14","14","3",2729.12319135903,4.38666617791961e-81
"911","Quant.15.2","Quant","1","15","3",0.113849715889941,4.1123525077108e-86
"912","Sigma.15.2","Sigma","2","15","3",4.62840361036989,7.99550094971288e-44
"913","Connect.15.2","Connect","3","15","3",0.198426468353486,5.11172695342574e-07
"914","Tau1.15.2","Tau1","4","15","3",1904.44464702036,8.96512593904138e-15
"915","Tau2.15.2","Tau2","5","15","3",3370319.21888454,4.99881011289098e-07
"916","NPQ.15.2","NPQ","6","15","3",0.247733597669044,1.96080627878584e-114
"917","qP.15.2","qP","7","15","3",0.634355566074784,8.22470501542161e-86
"918","ABQ.15.2","ABQ","8","15","3",-0.149159009983806,7.99550094971288e-44
"919","qm.15.2","qm","9","15","3",0.704477403730294,4.1123525077108e-86
"920","nTau1.15.2","nTau1","10","15","3",2.23646296526949,8.96512593904138e-15
"921","nTau2.15.2","nTau2","11","15","3",4.8685794582023,4.99881011289098e-07
"922","nCon.15.2","nCon","12","15","3",0.569435161546809,5.11172695342574e-07
"923","Fm.15.2","Fm","13","15","3",3065.57017387886,1.96080627878584e-114
"924","Fo.15.2","Fo","14","15","3",2716.55588054207,8.22470501542161e-86
"925","Quant.16.2","Quant","1","16","3",0.0375559687157459,1.36375739219365e-86
"926","Sigma.16.2","Sigma","2","16","3",3.36243476634608,5.04726946509414e-21
"927","Connect.16.2","Connect","3","16","3",0.523920236679043,1.62961037345484e-07
"928","Tau1.16.2","Tau1","4","16","3",1750.41809628329,7.78004202887878e-11
"929","Tau2.16.2","Tau2","5","16","3",10680483.7456634,2.24192131932459e-05
"930","NPQ.16.2","NPQ","6","16","3",0.192697840699916,1.08468282277256e-105
"931","qP.16.2","qP","7","16","3",0.422593327103022,2.72751478438729e-86
"932","ABQ.16.2","ABQ","8","16","3",0.165160921019895,5.04726946509414e-21
"933","qm.16.2","qm","9","16","3",0.902515019088584,1.36375739219365e-86
"934","nTau1.16.2","nTau1","10","16","3",2.05558363284541,7.78004202887878e-11
"935","nTau2.16.2","nTau2","11","16","3",15.4284447231115,2.24192131932459e-05
"936","nCon.16.2","nCon","12","16","3",1.50352222204297,1.62961037345484e-07
"937","Fm.16.2","Fm","13","16","3",3207.02760702253,1.08468282277256e-105
"938","Fo.16.2","Fo","14","16","3",3086.58457854265,2.72751478438729e-86
"939","Quant.17.2","Quant","1","17","3",0.0335899122951751,4.62346492906728e-89
"940","Sigma.17.2","Sigma","2","17","3",2.80642197265427,3.62900879296419e-23
"941","Connect.17.2","Connect","3","17","3",0.534811018524756,2.49181066915118e-10
"942","Tau1.17.2","Tau1","4","17","3",1747.4671966125,4.87216469843972e-11
"943","Tau2.17.2","Tau2","5","17","3",9506716.40913632,1.13920401147758e-09
"944","NPQ.17.2","NPQ","6","17","3",0.231563182689452,8.89686831182646e-108
"945","qP.17.2","qP","7","17","3",0.471287854220497,9.24692985813456e-89
"946","ABQ.17.2","ABQ","8","17","3",0.303210055305777,3.62900879296419e-23
"947","qm.17.2","qm","9","17","3",0.912809812371092,4.62346492906728e-89
"948","nTau1.17.2","nTau1","10","17","3",2.05211827729502,4.87216469843972e-11
"949","nTau2.17.2","nTau2","11","17","3",13.7328844001294,1.13920401147758e-09
"950","nCon.17.2","nCon","12","17","3",1.53477608737225,2.49181066915118e-10
"951","Fm.17.2","Fm","13","17","3",3105.82108634315,8.89686831182646e-108
"952","Fo.17.2","Fo","14","17","3",3001.49682844838,9.24692985813456e-89
"953","Quant.18.2","Quant","1","18","3",0.03636468435942,4.57250268996845e-89
"954","Sigma.18.2","Sigma","2","18","3",3.55694919841288,7.33784534043337e-21
"955","Connect.18.2","Connect","3","18","3",0.302050500525413,0.00977723898002038
"956","Tau1.18.2","Tau1","4","18","3",2027.92263053683,2.56541375193516e-08
"957","Tau2.18.2","Tau2","5","18","3",10588338.1286785,0.000565974472668049
"958","NPQ.18.2","NPQ","6","18","3",0.253518921653152,2.50817296150721e-109
"959","qP.18.2","qP","7","18","3",0.506219656938521,9.1450053799369e-89
"960","ABQ.18.2","ABQ","8","18","3",0.11686608094142,7.33784534043337e-21
"961","qm.18.2","qm","9","18","3",0.905607266119022,4.57250268996845e-89
"962","nTau1.18.2","nTau1","10","18","3",2.3814679343521,2.56541375193516e-08
"963","nTau2.18.2","nTau2","11","18","3",15.2953361868332,0.000565974472668049
"964","nCon.18.2","nCon","12","18","3",0.866810647738677,0.00977723898002038
"965","Fm.18.2","Fm","13","18","3",3051.42175031257,2.50817296150721e-109
"966","Fo.18.2","Fo","14","18","3",2940.45776151498,9.1450053799369e-89
"967","Quant.19.2","Quant","1","19","3",0.0397708257525863,8.45249665640417e-92
"968","Sigma.19.2","Sigma","2","19","3",3.55735683403963,1.04042324117917e-24
"969","Connect.19.2","Connect","3","19","3",0.169421171505247,0.0903740627243819
"970","Tau1.19.2","Tau1","4","19","3",1626.31297549092,4.98242040342373e-10
"971","Tau2.19.2","Tau2","5","19","3",9727747.07770494,4.51769768932293e-05
"972","NPQ.19.2","NPQ","6","19","3",0.270001488099122,4.53074155728136e-113
"973","qP.19.2","qP","7","19","3",0.533930357297707,1.69049933128083e-91
"974","ABQ.19.2","ABQ","8","19","3",0.116764871498014,1.04042324117917e-24
"975","qm.19.2","qm","9","19","3",0.896765858479996,8.45249665640417e-92
"976","nTau1.19.2","nTau1","10","19","3",1.90984219221772,4.98242040342373e-10
"977","nTau2.19.2","nTau2","11","19","3",14.0521732575754,4.51769768932293e-05
"978","nCon.19.2","nCon","12","19","3",0.486197093392178,0.0903740627243819
"979","Fm.19.2","Fm","13","19","3",3011.8192284057,4.53074155728136e-113
"980","Fo.19.2","Fo","14","19","3",2892.03669067449,1.69049933128083e-91
"981","Quant.20.2","Quant","1","20","3",0.0364487733703092,2.89387005423392e-91
"982","Sigma.20.2","Sigma","2","20","3",2.86892527371217,4.97405612649259e-26
"983","Connect.20.2","Connect","3","20","3",0.330697678135807,4.01458501139809e-05
"984","Tau1.20.2","Tau1","4","20","3",1715.55069450588,8.66677217075262e-09
"985","Tau2.20.2","Tau2","5","20","3",10549161.9110869,7.29120253135314e-05
"986","NPQ.20.2","NPQ","6","20","3",0.302860392755967,9.89791640478704e-111
"987","qP.20.2","qP","7","20","3",0.57009069727987,5.78774010846784e-91
"988","ABQ.20.2","ABQ","8","20","3",0.287691479656173,4.97405612649259e-26
"989","qm.20.2","qm","9","20","3",0.905388994139848,2.89387005423392e-91
"990","nTau1.20.2","nTau1","10","20","3",2.01463749513941,8.66677217075262e-09
"991","nTau2.20.2","nTau2","11","20","3",15.2387443580392,7.29120253135314e-05
"992","nCon.20.2","nCon","12","20","3",0.949021001759464,4.01458501139809e-05
"993","Fm.20.2","Fm","13","20","3",2935.85937774166,9.89791640478704e-111
"994","Fo.20.2","Fo","14","20","3",2828.85090463526,5.78774010846784e-91
"995","Quant.21.2","Quant","1","21","3",0.042967283105726,2.93658315477483e-90
"996","Sigma.21.2","Sigma","2","21","3",3.2251118303574,4.26863788806778e-24
"997","Connect.21.2","Connect","3","21","3",0.169322138449692,0.107551515941147
"998","Tau1.21.2","Tau1","4","21","3",2229.88186310058,3.8317724941488e-09
"999","Tau2.21.2","Tau2","5","21","3",16538827.4829594,0.0352828759225168
"1000","NPQ.21.2","NPQ","6","21","3",0.328576524707078,1.69771962782295e-109
"1001","qP.21.2","qP","7","21","3",0.612166693960067,5.87316630954965e-90
"1002","ABQ.21.2","ABQ","8","21","3",0.1992560221505,4.26863788806778e-24
"1003","qm.21.2","qm","9","21","3",0.888468733024028,2.93658315477483e-90
"1004","nTau1.21.2","nTau1","10","21","3",2.61863646788221,3.8317724941488e-09
"1005","nTau2.21.2","nTau2","11","21","3",23.8910888010595,0.0352828759225168
"1006","nCon.21.2","nCon","12","21","3",0.485912892879734,0.107551515941147
"1007","Fm.21.2","Fm","13","21","3",2879.03243119858,1.69771962782295e-109
"1008","Fo.21.2","Fo","14","21","3",2755.32822965671,5.87316630954965e-90
"1009","Quant.22.2","Quant","1","22","3",0.0406107072077301,9.58825835268228e-86
"1010","Sigma.22.2","Sigma","2","22","3",2.91797477764814,1.07262285080083e-21
"1011","Connect.22.2","Connect","3","22","3",0.319964205251722,0.00224062190994859
"1012","Tau1.22.2","Tau1","4","22","3",2084.74002631541,1.18946515075473e-12
"1013","Tau2.22.2","Tau2","5","22","3",51807094.1587018,0.230920247654708
"1014","NPQ.22.2","NPQ","6","22","3",0.371808051455752,2.49892486499436e-104
"1015","qP.22.2","qP","7","22","3",0.658099115728724,1.91765167053646e-85
"1016","ABQ.22.2","ABQ","8","22","3",0.275513267873397,1.07262285080083e-21
"1017","qm.22.2","qm","9","22","3",0.894585756876381,9.58825835268228e-86
"1018","nTau1.22.2","nTau1","10","22","3",2.4481907984903,1.18946515075473e-12
"1019","nTau2.22.2","nTau2","11","22","3",74.8377046889009,0.230920247654708
"1020","nCon.22.2","nCon","12","22","3",0.918218574460203,0.00224062190994859
"1021","Fm.22.2","Fm","13","22","3",2788.30183122319,2.49892486499436e-104
"1022","Fo.22.2","Fo","14","22","3",2675.0669219486,1.91765167053646e-85
"1023","Quant.23.2","Quant","1","23","3",0.186908785688143,3.20904351822675e-73
"1024","Sigma.23.2","Sigma","2","23","3",5.16743609439478,7.01685672684827e-44
"1025","Connect.23.2","Connect","3","23","3",0.223353616190175,1.09208891172042e-07
"1026","Tau1.23.2","Tau1","4","23","3",2035.74407793263,6.97172503870045e-21
"1027","Tau2.23.2","Tau2","5","23","3",1800705.53919113,2.08692654482639e-13
"1028","NPQ.23.2","NPQ","6","23","3",0.49693440302339,2.90675086543411e-104
"1029","qP.23.2","qP","7","23","3",1,6.41808703645349e-73
"1030","ABQ.23.2","ABQ","8","23","3",-0.282992203420809,7.01685672684827e-44
"1031","qm.23.2","qm","9","23","3",0.514836122511059,3.20904351822675e-73
"1032","nTau1.23.2","nTau1","10","23","3",2.39065296236689,6.97172503870045e-21
"1033","nTau2.23.2","nTau2","11","23","3",2.60120108186031,2.08692654482639e-13
"1034","nCon.23.2","nCon","12","23","3",0.640969945051597,1.09208891172042e-07
"1035","Fm.23.2","Fm","13","23","3",2555.23214259444,2.90675086543411e-104
"1036","Fo.23.2","Fo","14","23","3",2077.6368056708,6.41808703645349e-73
"1037","Quant.24.2","Quant","1","24","3",0.194093105264788,2.31752230889693e-73
"1038","Sigma.24.2","Sigma","2","24","3",5.16761468528094,2.59933293139715e-45
"1039","Connect.24.2","Connect","3","24","3",0.267847228419796,8.98309160100996e-11
"1040","Tau1.24.2","Tau1","4","24","3",2018.22713636524,4.91207706506744e-21
"1041","Tau2.24.2","Tau2","5","24","3",1675320.28420504,1.01754619604938e-13
"1042","NPQ.24.2","NPQ","6","24","3",0.453275258050247,2.36469009872999e-104
"1043","qP.24.2","qP","7","24","3",0.975101525800489,4.63504461779385e-73
"1044","ABQ.24.2","ABQ","8","24","3",-0.283036544697674,2.59933293139715e-45
"1045","qm.24.2","qm","9","24","3",0.496187601896623,2.31752230889693e-73
"1046","nTau1.24.2","nTau1","10","24","3",2.37008214076725,4.91207706506744e-21
"1047","nTau2.24.2","nTau2","11","24","3",2.42007637611544,1.01754619604938e-13
"1048","nCon.24.2","nCon","12","24","3",0.768655669027898,8.98309160100996e-11
"1049","Fm.24.2","Fm","13","24","3",2631.99616230481,2.36469009872999e-104
"1050","Fo.24.2","Fo","14","24","3",2121.14385411807,4.63504461779385e-73
"1051","Quant.25.2","Quant","1","25","3",0.199161423390406,7.88707555952522e-68
"1052","Sigma.25.2","Sigma","2","25","3",5.41247632974469,1.71991947806426e-40
"1053","Connect.25.2","Connect","3","25","3",0.218391151432924,4.61601507937829e-06
"1054","Tau1.25.2","Tau1","4","25","3",1993.79271456878,2.86134639586291e-19
"1055","Tau2.25.2","Tau2","5","25","3",1528938.09459475,1.88580161078574e-12
"1056","NPQ.25.2","NPQ","6","25","3",0.433150117416778,3.13976886499223e-100
"1057","qP.25.2","qP","7","25","3",0.965796592853572,1.57741511190504e-67
"1058","ABQ.25.2","ABQ","8","25","3",-0.343831796932058,1.71991947806426e-40
"1059","qm.25.2","qm","9","25","3",0.483031639938393,7.88707555952522e-68
"1060","nTau1.25.2","nTau1","10","25","3",2.34138785473953,2.86134639586291e-19
"1061","nTau2.25.2","nTau2","11","25","3",2.20862064296408,1.88580161078574e-12
"1062","nCon.25.2","nCon","12","25","3",0.626728891707435,4.61601507937829e-06
"1063","Fm.25.2","Fm","13","25","3",2668.95620736179,3.13976886499223e-100
"1064","Fo.25.2","Fo","14","25","3",2137.40309013696,1.57741511190504e-67
"1065","Quant.26.2","Quant","1","26","3",0.203629919292311,1.52246072498216e-71
"1066","Sigma.26.2","Sigma","2","26","3",5.48286809473524,3.36532869156569e-45
"1067","Connect.26.2","Connect","3","26","3",0.287763025421259,1.15807438145744e-11
"1068","Tau1.26.2","Tau1","4","26","3",2078.87315425455,1.07262188518082e-20
"1069","Tau2.26.2","Tau2","5","26","3",1502327.55464798,2.97247695523023e-13
"1070","NPQ.26.2","NPQ","6","26","3",0.431860528822996,1.65921623539189e-103
"1071","qP.26.2","qP","7","26","3",0.971526282256061,3.04492144996432e-71
"1072","ABQ.26.2","ABQ","8","26","3",-0.361308952724244,3.36532869156569e-45
"1073","qm.26.2","qm","9","26","3",0.471432651745676,1.52246072498216e-71
"1074","nTau1.26.2","nTau1","10","26","3",2.4413011038454,1.07262188518082e-20
"1075","nTau2.26.2","nTau2","11","26","3",2.17018050725509,2.97247695523023e-13
"1076","nCon.26.2","nCon","12","26","3",0.825809108168176,1.15807438145744e-11
"1077","Fm.26.2","Fm","13","26","3",2671.35997184376,1.65921623539189e-103
"1078","Fo.26.2","Fo","14","26","3",2127.3911563765,3.04492144996432e-71
"1079","Quant.27.2","Quant","1","27","3",0.211844612599744,1.65382153925139e-72
"1080","Sigma.27.2","Sigma","2","27","3",5.48213989084569,1.09237664822181e-46
"1081","Connect.27.2","Connect","3","27","3",0.27208338153768,7.89505147863654e-12
"1082","Tau1.27.2","Tau1","4","27","3",1935.0524478796,3.40549147977322e-17
"1083","Tau2.27.2","Tau2","5","27","3",1356172.66149979,8.80040169538231e-12
"1084","NPQ.27.2","NPQ","6","27","3",0.422687383535721,1.05818459581251e-104
"1085","qP.27.2","qP","7","27","3",0.976315737832745,3.30764307850278e-72
"1086","ABQ.27.2","ABQ","8","27","3",-0.361128151279248,1.09237664822181e-46
"1087","qm.27.2","qm","9","27","3",0.450109563894331,1.65382153925139e-72
"1088","nTau1.27.2","nTau1","10","27","3",2.27240688896249,3.40549147977322e-17
"1089","nTau2.27.2","nTau2","11","27","3",1.95905311418503,8.80040169538231e-12
"1090","nCon.27.2","nCon","12","27","3",0.780812386602096,7.89505147863654e-12
"1091","Fm.27.2","Fm","13","27","3",2688.58425696775,1.05818459581251e-104
"1092","Fo.27.2","Fo","14","27","3",2119.02216660865,3.30764307850278e-72
"1093","Quant.1.3","Quant","1","1","4",0.383151480850127,1.13040787648815e-71
"1094","Sigma.1.3","Sigma","2","1","4",3.63055302644094,2.4548976135935e-61
"1095","Connect.1.3","Connect","3","1","4",0.381068151452582,7.17266906807283e-31
"1096","Tau1.1.3","Tau1","4","1","4",805.140507012122,8.11770912355809e-26
"1097","Tau2.1.3","Tau2","5","1","4",758811.964902814,6.3133632776795e-26
"1098","NPQ.1.3","NPQ","6","1","4",0.842887063394943,4.08455714352268e-102
"1099","qP.1.3","qP","7","1","4",1.45835998797315,2.2608157529763e-71
"1100","ABQ.1.3","ABQ","8","1","4",0,2.4548976135935e-61
"1101","qm.1.3","qm","9","1","4",0,1.13040787648815e-71
"1102","nTau1.1.3","nTau1","10","1","4",1,8.11770912355809e-26
"1103","nTau2.1.3","nTau2","11","1","4",1,6.3133632776795e-26
"1104","nCon.1.3","nCon","12","1","4",1,7.17266906807283e-31
"1105","Fm.1.3","Fm","13","1","4",1702.99957316503,4.08455714352268e-102
"1106","Fo.1.3","Fo","14","1","4",1050.49276481971,2.2608157529763e-71
"1107","Quant.3.3","Quant","1","3","4",0.0328765897421858,1.94265866053299e-86
"1108","Sigma.3.3","Sigma","2","3","4",2.16047775410785,3.55587421096218e-24
"1109","Connect.3.3","Connect","3","3","4",0.663601917455589,1.66533290150072e-19
"1110","Tau1.3.3","Tau1","4","3","4",5182.15030598706,0.000163762172214256
"1111","Tau2.3.3","Tau2","5","3","4",5424858.58956502,1.04953397250652e-06
"1112","NPQ.3.3","NPQ","6","3","4",0.0744940776535948,3.47385484287599e-102
"1113","qP.3.3","qP","7","3","4",0.21904884345895,3.88531732106598e-86
"1114","ABQ.3.3","ABQ","8","3","4",0.404917725103223,3.55587421096218e-24
"1115","qm.3.3","qm","9","3","4",0.914194277236669,1.94265866053299e-86
"1116","nTau1.3.3","nTau1","10","3","4",6.43633038066615,0.000163762172214256
"1117","nTau2.3.3","nTau2","11","3","4",7.14914740473263,1.04953397250652e-06
"1118","nCon.3.3","nCon","12","3","4",1.74142581825856,1.66533290150072e-19
"1119","Fm.3.3","Fm","13","3","4",2920.84986564695,3.47385484287599e-102
"1120","Fo.3.3","Fo","14","3","4",2824.82228291555,3.88531732106598e-86
"1121","Quant.4.3","Quant","1","4","4",0.0384238824081569,1.09301207049483e-85
"1122","Sigma.4.3","Sigma","2","4","4",2.46861648864414,1.02604275259566e-23
"1123","Connect.4.3","Connect","3","4","4",0.63009765973243,8.14688074675617e-16
"1124","Tau1.4.3","Tau1","4","4","4",3299.73644423344,0.000395222585441907
"1125","Tau2.4.3","Tau2","5","4","4",5185624.12248977,2.00645295487841e-06
"1126","NPQ.4.3","NPQ","6","4","4",0.0905155127369055,2.11464719838697e-102
"1127","qP.4.3","qP","7","4","4",0.259186942620779,2.18602414098967e-85
"1128","ABQ.4.3","ABQ","8","4","4",0.320043951798676,1.02604275259566e-23
"1129","qm.4.3","qm","9","4","4",0.899716210614917,1.09301207049483e-85
"1130","nTau1.4.3","nTau1","10","4","4",4.09833614815725,0.000395222585441907
"1131","nTau2.4.3","nTau2","11","4","4",6.83387237199657,2.00645295487841e-06
"1132","nCon.4.3","nCon","12","4","4",1.65350386100381,8.14688074675617e-16
"1133","Fm.4.3","Fm","13","4","4",2877.93786121969,2.11464719838697e-102
"1134","Fo.4.3","Fo","14","4","4",2767.3563152622,2.18602414098967e-85
"1135","Quant.5.3","Quant","1","5","4",0.0395380492396637,3.10900006981288e-93
"1136","Sigma.5.3","Sigma","2","5","4",2.72662262564847,1.0202275584524e-30
"1137","Connect.5.3","Connect","3","5","4",0.438738551880937,9.03283376055627e-12
"1138","Tau1.5.3","Tau1","4","5","4",3165.56353888068,1.64685450227099e-08
"1139","Tau2.5.3","Tau2","5","5","4",4907531.10600363,4.15540532690068e-09
"1140","NPQ.5.3","NPQ","6","5","4",0.119657539594071,1.34674456591888e-111
"1141","qP.5.3","qP","7","5","4",0.311677289779163,6.21800013962576e-93
"1142","ABQ.5.3","ABQ","8","5","4",0.248978707709056,1.0202275584524e-30
"1143","qm.5.3","qm","9","5","4",0.896808308943665,3.10900006981288e-93
"1144","nTau1.5.3","nTau1","10","5","4",3.93169081832449,1.64685450227099e-08
"1145","nTau2.5.3","nTau2","11","5","4",6.46738761773764,4.15540532690068e-09
"1146","nCon.5.3","nCon","12","5","4",1.15133880962899,9.03283376055627e-12
"1147","Fm.5.3","Fm","13","5","4",2803.03197305381,1.34674456591888e-111
"1148","Fo.5.3","Fo","14","5","4",2692.20555688285,6.21800013962576e-93
"1149","Quant.6.3","Quant","1","6","4",0.0399306498285782,3.83074138462149e-87
"1150","Sigma.6.3","Sigma","2","6","4",3.09149849975356,1.18016759069633e-24
"1151","Connect.6.3","Connect","3","6","4",0.372229856926565,7.0490402902842e-06
"1152","Tau1.6.3","Tau1","4","6","4",2142.59443511966,5.49202641219703e-09
"1153","Tau2.6.3","Tau2","5","6","4",7122659.21670961,4.9097572011184e-06
"1154","NPQ.6.3","NPQ","6","6","4",0.145409775167222,2.80732560803633e-107
"1155","qP.6.3","qP","7","6","4",0.354706059299899,7.66148276924299e-87
"1156","ABQ.6.3","ABQ","8","6","4",0.148477249267949,1.18016759069633e-24
"1157","qm.6.3","qm","9","6","4",0.895783647397157,3.83074138462149e-87
"1158","nTau1.6.3","nTau1","10","6","4",2.66114351030583,5.49202641219703e-09
"1159","nTau2.6.3","nTau2","11","6","4",9.38659318270219,4.9097572011184e-06
"1160","nCon.6.3","nCon","12","6","4",0.976806525309642,7.0490402902842e-06
"1161","Fm.6.3","Fm","13","6","4",2740.01143555349,2.80732560803633e-107
"1162","Fo.6.3","Fo","14","6","4",2630.6009983941,7.66148276924299e-87
"1163","Quant.7.3","Quant","1","7","4",0.0426740597031961,8.34508093484283e-82
"1164","Sigma.7.3","Sigma","2","7","4",3.05943211174582,1.5585779912174e-22
"1165","Connect.7.3","Connect","3","7","4",0.476339504885078,1.62280324642119e-08
"1166","Tau1.7.3","Tau1","4","7","4",1064.35460908675,1.69449983879515e-08
"1167","Tau2.7.3","Tau2","5","7","4",6452518.21899762,3.48810753318668e-06
"1168","NPQ.7.3","NPQ","6","7","4",0.167330559017697,7.30381136590006e-103
"1169","qP.7.3","qP","7","7","4",0.394361336346195,1.66901618696857e-81
"1170","ABQ.7.3","ABQ","8","7","4",0.157309619370852,1.5585779912174e-22
"1171","qm.7.3","qm","9","7","4",0.888623529240936,8.34508093484283e-82
"1172","nTau1.7.3","nTau1","10","7","4",1.32194890185885,1.69449983879515e-08
"1173","nTau2.7.3","nTau2","11","7","4",8.50344817615526,3.48810753318668e-06
"1174","nCon.7.3","nCon","12","7","4",1.25001132492793,1.62280324642119e-08
"1175","Fm.7.3","Fm","13","7","4",2688.55797366765,7.30381136590006e-103
"1176","Fo.7.3","Fo","14","7","4",2573.82629018385,1.66901618696857e-81
"1177","Quant.8.3","Quant","1","8","4",0.0451358797487559,3.15854054939147e-86
"1178","Sigma.8.3","Sigma","2","8","4",3.07754920409902,6.0088865208805e-28
"1179","Connect.8.3","Connect","3","8","4",0.499247713819132,4.84188196666348e-13
"1180","Tau1.8.3","Tau1","4","8","4",1877.23861839663,3.13970337116361e-10
"1181","Tau2.8.3","Tau2","5","8","4",12325189.9490331,0.000118341846466222
"1182","NPQ.8.3","NPQ","6","8","4",0.188028967341569,1.20701154068295e-107
"1183","qP.8.3","qP","7","8","4",0.43022474212238,6.31708109878293e-86
"1184","ABQ.8.3","ABQ","8","8","4",0.152319445085764,6.0088865208805e-28
"1185","qm.8.3","qm","9","8","4",0.882198341897023,3.15854054939147e-86
"1186","nTau1.8.3","nTau1","10","8","4",2.33156648069175,3.13970337116361e-10
"1187","nTau2.8.3","nTau2","11","8","4",16.2427459227158,0.000118341846466222
"1188","nCon.8.3","nCon","12","8","4",1.31012710434096,4.84188196666348e-13
"1189","Fm.8.3","Fm","13","8","4",2641.71663202435,1.20701154068295e-107
"1190","Fo.8.3","Fo","14","8","4",2522.48042779101,6.31708109878293e-86
"1191","Quant.9.3","Quant","1","9","4",0.0527889496162477,1.1769925270725e-85
"1192","Sigma.9.3","Sigma","2","9","4",3.41295770372269,1.2706494875256e-24
"1193","Connect.9.3","Connect","3","9","4",0.17984292656044,0.0722326951215282
"1194","Tau1.9.3","Tau1","4","9","4",1200.7437351708,1.29004442937844e-08
"1195","Tau2.9.3","Tau2","5","9","4",8868451.24185444,0.000714879654083493
"1196","NPQ.9.3","NPQ","6","9","4",0.194546116310241,1.55822431899232e-105
"1197","qP.9.3","qP","7","9","4",0.453881111974079,2.35398505414501e-85
"1198","ABQ.9.3","ABQ","8","9","4",0.0599344841222613,1.2706494875256e-24
"1199","qm.9.3","qm","9","9","4",0.862224336183901,1.1769925270725e-85
"1200","nTau1.9.3","nTau1","10","9","4",1.49134682047828,1.29004442937844e-08
"1201","nTau2.9.3","nTau2","11","9","4",11.6872844025203,0.000714879654083493
"1202","nCon.9.3","nCon","12","9","4",0.471944259510804,0.0722326951215282
"1203","Fm.9.3","Fm","13","9","4",2627.30407767518,1.55822431899232e-105
"1204","Fo.9.3","Fo","14","9","4",2488.61145509222,2.35398505414501e-85
"1205","Quant.10.3","Quant","1","10","4",0.0845156763769689,4.86349543876298e-81
"1206","Sigma.10.3","Sigma","2","10","4",4.09144413200061,4.83806686052942e-34
"1207","Connect.10.3","Connect","3","10","4",0.325297915788132,3.43132581842953e-08
"1208","Tau1.10.3","Tau1","4","10","4",1822.97515923803,1.08152798965534e-14
"1209","Tau2.10.3","Tau2","5","10","4",4704986.91528667,2.66437640974126e-06
"1210","NPQ.10.3","NPQ","6","10","4",0.255135158602659,2.73814179202968e-106
"1211","qP.10.3","qP","7","10","4",0.593200528760185,9.72699087752596e-81
"1212","ABQ.10.3","ABQ","8","10","4",-0.126947906339076,4.83806686052942e-34
"1213","qm.10.3","qm","9","10","4",0.77941967968009,4.86349543876298e-81
"1214","nTau1.10.3","nTau1","10","10","4",2.2641702204291,1.08152798965534e-14
"1215","nTau2.10.3","nTau2","11","10","4",6.20046484887632,2.66437640974126e-06
"1216","nCon.10.3","nCon","12","10","4",0.853647607516239,3.43132581842953e-08
"1217","Fm.10.3","Fm","13","10","4",2500.47643143624,2.73814179202968e-106
"1218","Fo.10.3","Fo","14","10","4",2289.14697456874,9.72699087752596e-81
"1219","Quant.11.3","Quant","1","11","4",0.0973922506901716,2.22749152237596e-82
"1220","Sigma.11.3","Sigma","2","11","4",4.23401319073283,2.15072141325905e-37
"1221","Connect.11.3","Connect","3","11","4",0.316909640725556,1.18107852131121e-09
"1222","Tau1.11.3","Tau1","4","11","4",1453.98731012587,7.44138329796932e-17
"1223","Tau2.11.3","Tau2","5","11","4",4012980.21457711,4.30315559548812e-08
"1224","NPQ.11.3","NPQ","6","11","4",0.244508638738894,5.45508637698606e-108
"1225","qP.11.3","qP","7","11","4",0.602228983509868,4.45498304475193e-82
"1226","ABQ.11.3","ABQ","8","11","4",-0.166217146505493,2.15072141325905e-37
"1227","qm.11.3","qm","9","11","4",0.745812673164984,2.22749152237596e-82
"1228","nTau1.11.3","nTau1","10","11","4",1.80588021278624,7.44138329796932e-17
"1229","nTau2.11.3","nTau2","11","11","4",5.28850413566038,4.30315559548812e-08
"1230","nCon.11.3","nCon","12","11","4",0.831635075031956,1.18107852131121e-09
"1231","Fm.11.3","Fm","13","11","4",2521.82731775428,5.45508637698606e-108
"1232","Fo.11.3","Fo","14","11","4",2276.22087942624,4.45498304475193e-82
"1233","Quant.12.3","Quant","1","12","4",0.101588360130888,3.28342284675414e-83
"1234","Sigma.12.3","Sigma","2","12","4",4.36818844539753,3.79430682272199e-39
"1235","Connect.12.3","Connect","3","12","4",0.332780654413832,1.90487606968938e-11
"1236","Tau1.12.3","Tau1","4","12","4",1341.95449591716,3.87589951127152e-18
"1237","Tau2.12.3","Tau2","5","12","4",3351043.23667621,2.99264243164174e-11
"1238","NPQ.12.3","NPQ","6","12","4",0.249567361483256,2.94797636606456e-109
"1239","qP.12.3","qP","7","12","4",0.616026527260727,6.56684569350828e-83
"1240","ABQ.12.3","ABQ","8","12","4",-0.203174396182749,3.79430682272199e-39
"1241","qm.12.3","qm","9","12","4",0.73486110531144,3.28342284675414e-83
"1242","nTau1.12.3","nTau1","10","12","4",1.66673330211288,3.87589951127152e-18
"1243","nTau2.12.3","nTau2","11","12","4",4.4161707928596,2.99264243164174e-11
"1244","nCon.12.3","nCon","12","12","4",0.873283829008843,1.90487606968938e-11
"1245","Fm.12.3","Fm","13","12","4",2511.61800403267,2.94797636606456e-109
"1246","Fo.12.3","Fo","14","12","4",2256.46684972778,6.56684569350828e-83
"1247","Quant.13.3","Quant","1","13","4",0.108974137614084,9.6308287474435e-77
"1248","Sigma.13.3","Sigma","2","13","4",4.17842019810808,5.92727126068952e-34
"1249","Connect.13.3","Connect","3","13","4",0.268956185151454,5.70450658442781e-06
"1250","Tau1.13.3","Tau1","4","13","4",1819.6892651981,6.77943177514812e-12
"1251","Tau2.13.3","Tau2","5","13","4",3629537.99414546,7.7376506691707e-05
"1252","NPQ.13.3","NPQ","6","13","4",0.245379606440169,1.8963362041549e-102
"1253","qP.13.3","qP","7","13","4",0.623727100328912,1.9261657494887e-76
"1254","ABQ.13.3","ABQ","8","13","4",-0.150904605352705,5.92727126068952e-34
"1255","qm.13.3","qm","9","13","4",0.715584715026299,9.6308287474435e-77
"1256","nTau1.13.3","nTau1","10","13","4",2.2600890768134,6.77943177514812e-12
"1257","nTau2.13.3","nTau2","11","13","4",4.7831849812889,7.7376506691707e-05
"1258","nCon.13.3","nCon","12","13","4",0.705795496491188,5.70450658442781e-06
"1259","Fm.13.3","Fm","13","13","4",2520.06365458637,1.8963362041549e-102
"1260","Fo.13.3","Fo","14","13","4",2245.44189109522,1.9261657494887e-76
"1261","Quant.14.3","Quant","1","14","4",0.109822257638517,8.14312381824587e-83
"1262","Sigma.14.3","Sigma","2","14","4",4.32343115065205,3.40695762820832e-40
"1263","Connect.14.3","Connect","3","14","4",0.30510850742716,1.22230188325207e-10
"1264","Tau1.14.3","Tau1","4","14","4",1952.35378954387,1.82696120022584e-17
"1265","Tau2.14.3","Tau2","5","14","4",4179594.8416583,5.02613543742618e-06
"1266","NPQ.14.3","NPQ","6","14","4",0.252211451900709,6.69609771514816e-109
"1267","qP.14.3","qP","7","14","4",0.633768539787719,1.62862476364917e-82
"1268","ABQ.14.3","ABQ","8","14","4",-0.190846441069707,3.40695762820832e-40
"1269","qm.14.3","qm","9","14","4",0.713371177908941,8.14312381824587e-83
"1270","nTau1.14.3","nTau1","10","14","4",2.42486096841539,1.82696120022584e-17
"1271","nTau2.14.3","nTau2","11","14","4",5.50807714555951,5.02613543742618e-06
"1272","nCon.14.3","nCon","12","14","4",0.800666511394685,1.22230188325207e-10
"1273","Fm.14.3","Fm","13","14","4",2506.31463047967,6.69609771514816e-109
"1274","Fo.14.3","Fo","14","14","4",2231.06549940795,1.62862476364917e-82
"1275","Quant.15.3","Quant","1","15","4",0.111603212515183,5.4719493312298e-82
"1276","Sigma.15.3","Sigma","2","15","4",4.10524186653684,1.64288342884065e-40
"1277","Connect.15.3","Connect","3","15","4",0.358478252428924,1.23123336821353e-13
"1278","Tau1.15.3","Tau1","4","15","4",1732.48162384625,1.11705107186362e-17
"1279","Tau2.15.3","Tau2","5","15","4",3663374.73102682,7.77033079614792e-08
"1280","NPQ.15.3","NPQ","6","15","4",0.252613995072992,2.43153309329848e-107
"1281","qP.15.3","qP","7","15","4",0.637386027382631,1.09438986624596e-81
"1282","ABQ.15.3","ABQ","8","15","4",-0.130748356142657,1.64288342884065e-40
"1283","qm.15.3","qm","9","15","4",0.70872300358187,5.4719493312298e-82
"1284","nTau1.15.3","nTau1","10","15","4",2.15177550844572,1.11705107186362e-17
"1285","nTau2.15.3","nTau2","11","15","4",4.82777670947243,7.77033079614792e-08
"1286","nCon.15.3","nCon","12","15","4",0.940719530253189,1.23123336821353e-13
"1287","Fm.15.3","Fm","13","15","4",2505.50919492965,2.43153309329848e-107
"1288","Fo.15.3","Fo","14","15","4",2225.88631978917,1.09438986624596e-81
"1289","Quant.16.3","Quant","1","16","4",0.0375559291594168,3.57184070703922e-82
"1290","Sigma.16.3","Sigma","2","16","4",2.94378033180145,4.21292584460107e-21
"1291","Connect.16.3","Connect","3","16","4",0.532004027899664,5.76970880730455e-10
"1292","Tau1.16.3","Tau1","4","16","4",1114.98008698587,4.93857219898168e-05
"1293","Tau2.16.3","Tau2","5","16","4",6324277.08781819,1.93800966456082e-05
"1294","NPQ.16.3","NPQ","6","16","4",0.188207706027347,5.36720266640151e-103
"1295","qP.16.3","qP","7","16","4",0.41650571296593,7.14368141407844e-82
"1296","ABQ.16.3","ABQ","8","16","4",0.189164760750717,4.21292584460107e-21
"1297","qm.16.3","qm","9","16","4",0.901981511134738,3.57184070703922e-82
"1298","nTau1.16.3","nTau1","10","16","4",1.38482671940524,4.93857219898168e-05
"1299","nTau2.16.3","nTau2","11","16","4",8.3344456602344,1.93800966456082e-05
"1300","nCon.16.3","nCon","12","16","4",1.39608630601045,5.76970880730455e-10
"1301","Fm.16.3","Fm","13","16","4",2641.3192461493,5.36720266640151e-103
"1302","Fo.16.3","Fo","14","16","4",2542.12204765351,7.14368141407844e-82
"1303","Quant.17.3","Quant","1","17","4",0.0375840775412838,6.07214706955841e-92
"1304","Sigma.17.3","Sigma","2","17","4",2.70274565390096,4.22640943862435e-27
"1305","Connect.17.3","Connect","3","17","4",0.377582819999882,9.26130620268519e-07
"1306","Tau1.17.3","Tau1","4","17","4",1665.98437959493,3.25631931795879e-07
"1307","Tau2.17.3","Tau2","5","17","4",10566131.9563914,3.11952997849605e-05
"1308","NPQ.17.3","NPQ","6","17","4",0.215371977996491,8.31952235680061e-109
"1309","qP.17.3","qP","7","17","4",0.456241934063713,1.21442941391168e-91
"1310","ABQ.17.3","ABQ","8","17","4",0.255555383927147,4.22640943862435e-27
"1311","qm.17.3","qm","9","17","4",0.901908045721517,6.07214706955841e-92
"1312","nTau1.17.3","nTau1","10","17","4",2.06918465172918,3.25631931795879e-07
"1313","nTau2.17.3","nTau2","11","17","4",13.9245721537148,3.11952997849605e-05
"1314","nCon.17.3","nCon","12","17","4",0.990853784449279,9.26130620268519e-07
"1315","Fm.17.3","Fm","13","17","4",2582.28422176276,8.31952235680061e-109
"1316","Fo.17.3","Fo","14","17","4",2485.2314513384,1.21442941391168e-91
"1317","Quant.18.3","Quant","1","18","4",0.033988681401758,9.90526797444006e-92
"1318","Sigma.18.3","Sigma","2","18","4",2.75486152499743,3.0087344996246e-26
"1319","Connect.18.3","Connect","3","18","4",0.351627591590785,4.76956236253489e-06
"1320","Tau1.18.3","Tau1","4","18","4",1951.73177907848,5.80622152696616e-08
"1321","Tau2.18.3","Tau2","5","18","4",15293646.1933186,0.00113281937158006
"1322","NPQ.18.3","NPQ","6","18","4",0.243241434561783,2.51470393311315e-110
"1323","qP.18.3","qP","7","18","4",0.488814712366854,1.98105359488801e-91
"1324","ABQ.18.3","ABQ","8","18","4",0.24120058158246,3.0087344996246e-26
"1325","qm.18.3","qm","9","18","4",0.911291791626788,9.90526797444006e-92
"1326","nTau1.18.3","nTau1","10","18","4",2.42408841945036,5.80622152696616e-08
"1327","nTau2.18.3","nTau2","11","18","4",20.1547246230855,0.00113281937158006
"1328","nCon.18.3","nCon","12","18","4",0.922742008878011,4.76956236253489e-06
"1329","Fm.18.3","Fm","13","18","4",2524.39775180046,2.51470393311315e-110
"1330","Fo.18.3","Fo","14","18","4",2438.5968008832,1.98105359488801e-91
"1331","Quant.19.3","Quant","1","19","4",0.0373501408105175,2.15135316381299e-88
"1332","Sigma.19.3","Sigma","2","19","4",2.94108632350261,4.59722305196227e-25
"1333","Connect.19.3","Connect","3","19","4",0.408261033484969,2.74624372823445e-07
"1334","Tau1.19.3","Tau1","4","19","4",1830.14643085016,1.29113104830423e-08
"1335","Tau2.19.3","Tau2","5","19","4",12752687.982326,0.00126069600604198
"1336","NPQ.19.3","NPQ","6","19","4",0.27433594528216,4.45140716040356e-108
"1337","qP.19.3","qP","7","19","4",0.536158036496662,4.30270632762599e-88
"1338","ABQ.19.3","ABQ","8","19","4",0.189906798748569,4.59722305196227e-25
"1339","qm.19.3","qm","9","19","4",0.902518605101967,2.15135316381299e-88
"1340","nTau1.19.3","nTau1","10","19","4",2.27307707774118,1.29113104830423e-08
"1341","nTau2.19.3","nTau2","11","19","4",16.806124009865,0.00126069600604198
"1342","nCon.19.3","nCon","12","19","4",1.07135962931757,2.74624372823445e-07
"1343","Fm.19.3","Fm","13","19","4",2462.80103293958,4.45140716040356e-108
"1344","Fo.19.3","Fo","14","19","4",2370.815067571,4.30270632762599e-88
"1345","Quant.20.3","Quant","1","20","4",0.0373156009389762,2.00351047631046e-93
"1346","Sigma.20.3","Sigma","2","20","4",2.58336849507169,2.71358823479619e-29
"1347","Connect.20.3","Connect","3","20","4",0.612198800700646,8.26686861550815e-19
"1348","Tau1.20.3","Tau1","4","20","4",2874.15564260184,6.81611732724607e-06
"1349","Tau2.20.3","Tau2","5","20","4",14593050.6045858,0.0258621764795475
"1350","NPQ.20.3","NPQ","6","20","4",0.299697777654245,2.25257924823049e-109
"1351","qP.20.3","qP","7","20","4",0.568413132605315,4.00702095262092e-93
"1352","ABQ.20.3","ABQ","8","20","4",0.288436644153856,2.71358823479619e-29
"1353","qm.20.3","qm","9","20","4",0.902608751880115,2.00351047631046e-93
"1354","nTau1.20.3","nTau1","10","20","4",3.5697566046799,6.81611732724607e-06
"1355","nTau2.20.3","nTau2","11","20","4",19.2314450477264,0.0258621764795475
"1356","nCon.20.3","nCon","12","20","4",1.60653363018406,8.26686861550815e-19
"1357","Fm.20.3","Fm","13","20","4",2414.74282430284,2.25257924823049e-109
"1358","Fo.20.3","Fo","14","20","4",2324.6352447009,4.00702095262092e-93
"1359","Quant.21.3","Quant","1","21","4",0.0365113118983228,1.55543484542628e-89
"1360","Sigma.21.3","Sigma","2","21","4",2.42362700716843,3.33215777232027e-26
"1361","Connect.21.3","Connect","3","21","4",0.566086645309452,1.39995038125364e-14
"1362","Tau1.21.3","Tau1","4","21","4",1470.1503005787,1.50580744070057e-06
"1363","Tau2.21.3","Tau2","5","21","4",33348089.635607,0.177611343600087
"1364","NPQ.21.3","NPQ","6","21","4",0.331059414907694,6.56275117100977e-106
"1365","qP.21.3","qP","7","21","4",0.60534479624478,3.11086969085256e-89
"1366","ABQ.21.3","ABQ","8","21","4",0.332435860455032,3.33215777232027e-26
"1367","qm.21.3","qm","9","21","4",0.904707893031465,1.55543484542628e-89
"1368","nTau1.21.3","nTau1","10","21","4",1.8259549578923,1.50580744070057e-06
"1369","nTau2.21.3","nTau2","11","21","4",43.9477646347843,0.177611343600087
"1370","nCon.21.3","nCon","12","21","4",1.48552599620725,1.39995038125364e-14
"1371","Fm.21.3","Fm","13","21","4",2357.84807740576,6.56275117100977e-106
"1372","Fo.21.3","Fo","14","21","4",2271.75995084274,3.11086969085256e-89
"1373","Quant.22.3","Quant","1","22","4",0.0397919340313756,1.26732330449214e-74
"1374","Sigma.22.3","Sigma","2","22","4",3.28965941904618,1.64581606817449e-14
"1375","Connect.22.3","Connect","3","22","4",0.322852139407207,0.026411438932763
"1376","Tau1.22.3","Tau1","4","22","4",1787.04145120674,1.07422851775157e-06
"1377","Tau2.22.3","Tau2","5","22","4",9579172.27380975,0.00055049668774742
"1378","NPQ.22.3","NPQ","6","22","4",0.37038844612841,2.61726925467001e-96
"1379","qP.22.3","qP","7","22","4",0.656130963246514,2.53464660898429e-74
"1380","ABQ.22.3","ABQ","8","22","4",0.0938957797646981,1.64581606817449e-14
"1381","qm.22.3","qm","9","22","4",0.896145686444729,1.26732330449214e-74
"1382","nTau1.22.3","nTau1","10","22","4",2.21953986371702,1.07422851775157e-06
"1383","nTau2.22.3","nTau2","11","22","4",12.6239077885871,0.00055049668774742
"1384","nCon.22.3","nCon","12","22","4",0.847229394995454,0.026411438932763
"1385","Fm.22.3","Fm","13","22","4",2290.17975977511,2.61726925467001e-96
"1386","Fo.22.3","Fo","14","22","4",2199.04907785414,2.53464660898429e-74
"1387","Quant.23.3","Quant","1","23","4",0.1877991512983,5.71687296568535e-75
"1388","Sigma.23.3","Sigma","2","23","4",4.67423193180385,2.48152830987165e-45
"1389","Connect.23.3","Connect","3","23","4",0.286296492077917,3.64080709379477e-12
"1390","Tau1.23.3","Tau1","4","23","4",1518.30401396958,3.71143279817388e-17
"1391","Tau2.23.3","Tau2","5","23","4",1416490.88947473,7.96600446982461e-15
"1392","NPQ.23.3","NPQ","6","23","4",0.49352319612793,1.65014172127219e-103
"1393","qP.23.3","qP","7","23","4",1,1.14337459313707e-74
"1394","ABQ.23.3","ABQ","8","23","4",-0.287471054068595,2.48152830987165e-45
"1395","qm.23.3","qm","9","23","4",0.509856647606801,5.71687296568535e-75
"1396","nTau1.23.3","nTau1","10","23","4",1.88576279636459,3.71143279817388e-17
"1397","nTau2.23.3","nTau2","11","23","4",1.86672186917367,7.96600446982461e-15
"1398","nCon.23.3","nCon","12","23","4",0.75129997347349,3.64080709379477e-12
"1399","Fm.23.3","Fm","13","23","4",2101.36400324385,1.65014172127219e-103
"1400","Fo.23.3","Fo","14","23","4",1706.72962686586,1.14337459313707e-74
"1401","Quant.24.3","Quant","1","24","4",0.205903907475295,2.29721398541658e-74
"1402","Sigma.24.3","Sigma","2","24","4",4.90002479541022,5.5571224158709e-47
"1403","Connect.24.3","Connect","3","24","4",0.261324015580634,1.45804217097228e-11
"1404","Tau1.24.3","Tau1","4","24","4",1511.02519824566,9.46970805580731e-20
"1405","Tau2.24.3","Tau2","5","24","4",1478690.003475,4.03541329231239e-15
"1406","NPQ.24.3","NPQ","6","24","4",0.437334142331773,6.57686420801179e-104
"1407","qP.24.3","qP","7","24","4",0.981009747588805,4.59442797083315e-74
"1408","ABQ.24.3","ABQ","8","24","4",-0.349663469924237,5.5571224158709e-47
"1409","qm.24.3","qm","9","24","4",0.462604432538167,2.29721398541658e-74
"1410","nTau1.24.3","nTau1","10","24","4",1.87672236719661,9.46970805580731e-20
"1411","nTau2.24.3","nTau2","11","24","4",1.94869094303802,4.03541329231239e-15
"1412","nCon.24.3","nCon","12","24","4",0.685767137937142,1.45804217097228e-11
"1413","Fm.24.3","Fm","13","24","4",2183.51167617955,6.57686420801179e-104
"1414","Fo.24.3","Fo","14","24","4",1733.91809003625,4.59442797083315e-74
"1415","Quant.25.3","Quant","1","25","4",0.212138575533632,9.59453842470763e-79
"1416","Sigma.25.3","Sigma","2","25","4",4.87554576967923,6.17217839454463e-52
"1417","Connect.25.3","Connect","3","25","4",0.278821164241558,4.64764566782317e-16
"1418","Tau1.25.3","Tau1","4","25","4",1460.96332690974,1.82983365954053e-20
"1419","Tau2.25.3","Tau2","5","25","4",1394113.31096322,1.04558656117083e-15
"1420","NPQ.25.3","NPQ","6","25","4",0.42715005841802,5.8969545044232e-108
"1421","qP.25.3","qP","7","25","4",0.981943911098199,1.91890768494153e-78
"1422","ABQ.25.3","ABQ","8","25","4",-0.342920963878269,6.17217839454463e-52
"1423","qm.25.3","qm","9","25","4",0.446332361647292,9.59453842470763e-79
"1424","nTau1.25.3","nTau1","10","25","4",1.81454455984506,1.82983365954053e-20
"1425","nTau2.25.3","nTau2","11","25","4",1.83723158759335,1.04558656117083e-15
"1426","nCon.25.3","nCon","12","25","4",0.731683199392886,4.64764566782317e-16
"1427","Fm.25.3","Fm","13","25","4",2199.09312538015,5.8969545044232e-108
"1428","Fo.25.3","Fo","14","25","4",1732.5806422962,1.91890768494153e-78
"1429","Quant.26.3","Quant","1","26","4",0.211505671288138,5.57680499209884e-69
"1430","Sigma.26.3","Sigma","2","26","4",4.88156086400586,8.91887782176006e-43
"1431","Connect.26.3","Connect","3","26","4",0.262106647295438,3.42856856366526e-09
"1432","Tau1.26.3","Tau1","4","26","4",1435.06661902399,2.91681876059557e-20
"1433","Tau2.26.3","Tau2","5","26","4",1342432.95105326,7.57751981559377e-16
"1434","NPQ.26.3","NPQ","6","26","4",0.41672673847567,5.3868197836395e-99
"1435","qP.26.3","qP","7","26","4",0.972061146862198,1.11536099841977e-68
"1436","ABQ.26.3","ABQ","8","26","4",-0.344577762245576,8.91887782176006e-43
"1437","qm.26.3","qm","9","26","4",0.447984199829127,5.57680499209884e-69
"1438","nTau1.26.3","nTau1","10","26","4",1.782380350418,2.91681876059557e-20
"1439","nTau2.26.3","nTau2","11","26","4",1.76912464898361,7.57751981559377e-16
"1440","nCon.26.3","nCon","12","26","4",0.687820922048514,3.42856856366526e-09
"1441","Fm.26.3","Fm","13","26","4",2215.27256959218,5.3868197836395e-99
"1442","Fo.26.3","Fo","14","26","4",1746.72985767439,1.11536099841977e-68
"1443","Quant.27.3","Quant","1","27","4",0.218350333319846,1.47091333529072e-73
"1444","Sigma.27.3","Sigma","2","27","4",4.93125422305267,2.28383172845222e-48
"1445","Connect.27.3","Connect","3","27","4",0.298552607189702,2.25390734616076e-14
"1446","Tau1.27.3","Tau1","4","27","4",1567.23071488797,1.4022813201581e-21
"1447","Tau2.27.3","Tau2","5","27","4",1385241.72105929,1.21685677075809e-15
"1448","NPQ.27.3","NPQ","6","27","4",0.415655815997078,4.95066574241901e-103
"1449","qP.27.3","qP","7","27","4",0.981736935714718,2.94182667058145e-73
"1450","ABQ.27.3","ABQ","8","27","4",-0.35826530755476,2.28383172845222e-48
"1451","qm.27.3","qm","9","27","4",0.430120085049977,1.47091333529072e-73
"1452","nTau1.27.3","nTau1","10","27","4",1.94653070021773,1.4022813201581e-21
"1453","nTau2.27.3","nTau2","11","27","4",1.82554016690645,1.21685677075809e-15
"1454","nCon.27.3","nCon","12","27","4",0.783462501528031,2.25390734616076e-14
"1455","Fm.27.3","Fm","13","27","4",2216.94839020067,4.95066574241901e-103
"1456","Fo.27.3","Fo","14","27","4",1732.87697024746,2.94182667058145e-73
"1457","MTQuant.2.0","MTQuant","15","2","1",0.56856980106547,NA
"1458","PQpool.2.0","PQpool","16","2","1",0.649359484382802,NA
"1459","MTTau1.2.0","MTTau1","17","2","1",20012.9146550195,NA
"1460","MTTau2.2.0","MTTau2","18","2","1",2500841.91417696,NA
"1461","MTQuant.2.1","MTQuant","15","2","2",0.534740707871664,NA
"1462","PQpool.2.1","PQpool","16","2","2",0.665253976931724,NA
"1463","MTTau1.2.1","MTTau1","17","2","2",18366.463518424,NA
"1464","MTTau2.2.1","MTTau2","18","2","2",3740444.5172593,NA
"1465","MTQuant.2.2","MTQuant","15","2","3",0.538456162412612,NA
"1466","PQpool.2.2","PQpool","16","2","3",0.668983410343159,NA
"1467","MTTau1.2.2","MTTau1","17","2","3",18516.8188793299,NA
"1468","MTTau2.2.2","MTTau2","18","2","3",3149751.52811875,NA
"1469","MTQuant.2.3","MTQuant","15","2","4",0.542626848851938,NA
"1470","PQpool.2.3","PQpool","16","2","4",0.66528143183472,NA
"1471","MTTau1.2.3","MTTau1","17","2","4",NA,NA
"1472","MTTau2.2.3","MTTau2","18","2","4",NA,NA
"1473","Ratio12","Ratio12","Ratio12","Ratio12","Ratio12",1.01723724151142,NA
"1474","Ratio32","Ratio32","Ratio32","Ratio32","Ratio32",1.07530132428281,NA
"1475","Ratio42","Ratio42","Ratio42","Ratio42","Ratio42",0.889121754940916,NA
"1476","mean.1.rQuant.All","rQuant","1","All","1",0.0925589827993123,NA
"1477","min.1.rQuant.All","rQuant","1","All","1",0.0277594214438794,NA
"1478","max.1.rQuant.All","rQuant","1","All","1",0.383293810258448,NA
"1479","range.1.rQuant.All","rQuant","1","All","1",0.355534388814569,NA
"1480","slope.1.rQuant.All","rQuant","1","All","1",0.00220922945392864,NA
"1481","mean.1.rSigma.All","rSigma","2","All","1",4.06002178879904,NA
"1482","min.1.rSigma.All","rSigma","2","All","1",2.53652004594182,NA
"1483","max.1.rSigma.All","rSigma","2","All","1",5.78054176444476,NA
"1484","range.1.rSigma.All","rSigma","2","All","1",3.24402171850294,NA
"1485","slope.1.rSigma.All","rSigma","2","All","1",0.0638104245683285,NA
"1486","mean.1.rConnect.All","rConnect","3","All","1",0.311931856433034,NA
"1487","min.1.rConnect.All","rConnect","3","All","1",0.173439046109136,NA
"1488","max.1.rConnect.All","rConnect","3","All","1",0.626408597149163,NA
"1489","range.1.rConnect.All","rConnect","3","All","1",0.452969551040027,NA
"1490","slope.1.rConnect.All","rConnect","3","All","1",-0.00560894645473952,NA
"1491","mean.1.rTau1.All","rTau1","4","All","1",2574.41345872462,NA
"1492","min.1.rTau1.All","rTau1","4","All","1",820.375816624194,NA
"1493","max.1.rTau1.All","rTau1","4","All","1",8382.1701302835,NA
"1494","range.1.rTau1.All","rTau1","4","All","1",7561.79431365931,NA
"1495","slope.1.rTau1.All","rTau1","4","All","1",-76.5718198167403,NA
"1496","mean.1.rTau2.All","rTau2","5","All","1",9467877.25694001,NA
"1497","min.1.rTau2.All","rTau2","5","All","1",746474.324929755,NA
"1498","max.1.rTau2.All","rTau2","5","All","1",34989562.7488439,NA
"1499","range.1.rTau2.All","rTau2","5","All","1",34243088.4239141,NA
"1500","slope.1.rTau2.All","rTau2","5","All","1",-37137.6732771365,NA
"1501","mean.1.rNPQ.All","rNPQ","6","All","1",0.213964966384006,NA
"1502","min.1.rNPQ.All","rNPQ","6","All","1",0.0248034115419007,NA
"1503","max.1.rNPQ.All","rNPQ","6","All","1",0.75879900431935,NA
"1504","range.1.rNPQ.All","rNPQ","6","All","1",0.733995592777449,NA
"1505","slope.1.rNPQ.All","rNPQ","6","All","1",0.0062707432804517,NA
"1506","mean.1.rqP.All","rqP","7","All","1",0.563939847762278,NA
"1507","min.1.rqP.All","rqP","7","All","1",0.128935527838446,NA
"1508","max.1.rqP.All","rqP","7","All","1",1.54772010300496,NA
"1509","range.1.rqP.All","rqP","7","All","1",1.41878457516651,NA
"1510","slope.1.rqP.All","rqP","7","All","1",0.0176151630525941,NA
"1511","mean.1.rABQ.All","rABQ","8","All","1",0.0576108171093397,NA
"1512","min.1.rABQ.All","rABQ","8","All","1",-0.341746501235358,NA
"1513","max.1.rABQ.All","rABQ","8","All","1",0.411237382992477,NA
"1514","range.1.rABQ.All","rABQ","8","All","1",0.752983884227835,NA
"1515","slope.1.rABQ.All","rABQ","8","All","1",-0.0148113130906721,NA
"1516","mean.1.rqm.All","rqm","9","All","1",0.758516886205646,NA
"1517","min.1.rqm.All","rqm","9","All","1",0,NA
"1518","max.1.rqm.All","rqm","9","All","1",0.927576650859137,NA
"1519","range.1.rqm.All","rqm","9","All","1",0.927576650859137,NA
"1520","slope.1.rqm.All","rqm","9","All","1",-0.00576380154023095,NA
"1521","mean.2.rQuant.All","rQuant","1","All","2",0.0923952211476928,NA
"1522","min.2.rQuant.All","rQuant","1","All","2",0.0299767591926552,NA
"1523","max.2.rQuant.All","rQuant","1","All","2",0.374003104419321,NA
"1524","range.2.rQuant.All","rQuant","1","All","2",0.344026345226666,NA
"1525","slope.2.rQuant.All","rQuant","1","All","2",0.00209690476209387,NA
"1526","mean.2.rSigma.All","rSigma","2","All","2",4.03658471334698,NA
"1527","min.2.rSigma.All","rSigma","2","All","2",2.77167208515598,NA
"1528","max.2.rSigma.All","rSigma","2","All","2",5.71848843210711,NA
"1529","range.2.rSigma.All","rSigma","2","All","2",2.94681634695113,NA
"1530","slope.2.rSigma.All","rSigma","2","All","2",0.0637900346051317,NA
"1531","mean.2.rConnect.All","rConnect","3","All","2",0.332513887954284,NA
"1532","min.2.rConnect.All","rConnect","3","All","2",0.172135339009476,NA
"1533","max.2.rConnect.All","rConnect","3","All","2",0.615492673427451,NA
"1534","range.2.rConnect.All","rConnect","3","All","2",0.443357334417975,NA
"1535","slope.2.rConnect.All","rConnect","3","All","2",-0.0044345737391428,NA
"1536","mean.2.rTau1.All","rTau1","4","All","2",2228.4727115223,NA
"1537","min.2.rTau1.All","rTau1","4","All","2",824.774516913624,NA
"1538","max.2.rTau1.All","rTau1","4","All","2",4841.61322509426,NA
"1539","range.2.rTau1.All","rTau1","4","All","2",4016.83870818064,NA
"1540","slope.2.rTau1.All","rTau1","4","All","2",-46.7587896133932,NA
"1541","mean.2.rTau2.All","rTau2","5","All","2",7534551.66357039,NA
"1542","min.2.rTau2.All","rTau2","5","All","2",698249.440758455,NA
"1543","max.2.rTau2.All","rTau2","5","All","2",22388630.0364706,NA
"1544","range.2.rTau2.All","rTau2","5","All","2",21690380.5957121,NA
"1545","slope.2.rTau2.All","rTau2","5","All","2",-60021.5807921468,NA
"1546","mean.2.rNPQ.All","rNPQ","6","All","2",0.275503435284669,NA
"1547","min.2.rNPQ.All","rNPQ","6","All","2",0.0748852084714883,NA
"1548","max.2.rNPQ.All","rNPQ","6","All","2",0.870065220918241,NA
"1549","range.2.rNPQ.All","rNPQ","6","All","2",0.795180012446753,NA
"1550","slope.2.rNPQ.All","rNPQ","6","All","2",0.00683799432686317,NA
"1551","mean.2.rqP.All","rqP","7","All","2",0.613809829087265,NA
"1552","min.2.rqP.All","rqP","7","All","2",0.230177202683258,NA
"1553","max.2.rqP.All","rqP","7","All","2",1.49692234219173,NA
"1554","range.2.rqP.All","rqP","7","All","2",1.26674513950847,NA
"1555","slope.2.rqP.All","rqP","7","All","2",0.0162417419366307,NA
"1556","mean.2.rABQ.All","rABQ","8","All","2",0.0473784965179219,NA
"1557","min.2.rABQ.All","rABQ","8","All","2",-0.349545577434901,NA
"1558","max.2.rABQ.All","rABQ","8","All","2",0.34589396323326,NA
"1559","range.2.rABQ.All","rABQ","8","All","2",0.695439540668161,NA
"1560","slope.2.rABQ.All","rABQ","8","All","2",-0.0150542508055846,NA
"1561","mean.2.rqm.All","rqm","9","All","2",0.752956004760586,NA
"1562","min.2.rqm.All","rqm","9","All","2",0,NA
"1563","max.2.rqm.All","rqm","9","All","2",0.919848902753903,NA
"1564","range.2.rqm.All","rqm","9","All","2",0.919848902753903,NA
"1565","slope.2.rqm.All","rqm","9","All","2",-0.00560665068636138,NA
"1566","mean.3.rQuant.All","rQuant","1","All","3",0.0972805310354002,NA
"1567","min.3.rQuant.All","rQuant","1","All","3",0.0296012665912074,NA
"1568","max.3.rQuant.All","rQuant","1","All","3",0.385248767190842,NA
"1569","range.3.rQuant.All","rQuant","1","All","3",0.355647500599635,NA
"1570","slope.3.rQuant.All","rQuant","1","All","3",0.00219754402168364,NA
"1571","mean.3.rSigma.All","rSigma","2","All","3",3.93126981219997,NA
"1572","min.3.rSigma.All","rSigma","2","All","3",2.42828200997969,NA
"1573","max.3.rSigma.All","rSigma","2","All","3",5.48286809473524,NA
"1574","range.3.rSigma.All","rSigma","2","All","3",3.05458608475555,NA
"1575","slope.3.rSigma.All","rSigma","2","All","3",0.0666078416497293,NA
"1576","mean.3.rConnect.All","rConnect","3","All","3",0.288914266188505,NA
"1577","min.3.rConnect.All","rConnect","3","All","3",0.1234405044559,NA
"1578","max.3.rConnect.All","rConnect","3","All","3",0.562801291069769,NA
"1579","range.3.rConnect.All","rConnect","3","All","3",0.439360786613869,NA
"1580","slope.3.rConnect.All","rConnect","3","All","3",-0.0038703328722706,NA
"1581","mean.3.rTau1.All","rTau1","4","All","3",2184.45479210037,NA
"1582","min.3.rTau1.All","rTau1","4","All","3",851.543118126653,NA
"1583","max.3.rTau1.All","rTau1","4","All","3",4835.96534391731,NA
"1584","range.3.rTau1.All","rTau1","4","All","3",3984.42222579066,NA
"1585","slope.3.rTau1.All","rTau1","4","All","3",-36.4377758005507,NA
"1586","mean.3.rTau2.All","rTau2","5","All","3",7953356.8256808,NA
"1587","min.3.rTau2.All","rTau2","5","All","3",692259.261211484,NA
"1588","max.3.rTau2.All","rTau2","5","All","3",51807094.1587018,NA
"1589","range.3.rTau2.All","rTau2","5","All","3",51114834.8974903,NA
"1590","slope.3.rTau2.All","rTau2","5","All","3",187622.657914334,NA
"1591","mean.3.rNPQ.All","rNPQ","6","All","3",0.289922591093009,NA
"1592","min.3.rNPQ.All","rNPQ","6","All","3",0.08527240662889,NA
"1593","max.3.rNPQ.All","rNPQ","6","All","3",0.857161399211015,NA
"1594","range.3.rNPQ.All","rNPQ","6","All","3",0.771888992582125,NA
"1595","slope.3.rNPQ.All","rNPQ","6","All","3",0.0071747885465814,NA
"1596","mean.3.rqP.All","rqP","7","All","3",0.624180008825565,NA
"1597","min.3.rqP.All","rqP","7","All","3",0.231701044352201,NA
"1598","max.3.rqP.All","rqP","7","All","3",1.46440631203979,NA
"1599","range.3.rqP.All","rqP","7","All","3",1.23270526768759,NA
"1600","slope.3.rqP.All","rqP","7","All","3",0.0157562854291862,NA
"1601","mean.3.rABQ.All","rABQ","8","All","3",0.0239282254371282,NA
"1602","min.3.rABQ.All","rABQ","8","All","3",-0.361308952724244,NA
"1603","max.3.rABQ.All","rABQ","8","All","3",0.397096194398929,NA
"1604","range.3.rABQ.All","rABQ","8","All","3",0.758405147123173,NA
"1605","slope.3.rABQ.All","rABQ","8","All","3",-0.0165376678031854,NA
"1606","mean.3.rqm.All","rqm","9","All","3",0.747486457270842,NA
"1607","min.3.rqm.All","rqm","9","All","3",0,NA
"1608","max.3.rqm.All","rqm","9","All","3",0.923163241229676,NA
"1609","range.3.rqm.All","rqm","9","All","3",0.923163241229676,NA
"1610","slope.3.rqm.All","rqm","9","All","3",-0.00570422077585786,NA
"1611","mean.4.rQuant.All","rQuant","1","All","4",0.0993927211845994,NA
"1612","min.4.rQuant.All","rQuant","1","All","4",0.0328765897421858,NA
"1613","max.4.rQuant.All","rQuant","1","All","4",0.383151480850127,NA
"1614","range.4.rQuant.All","rQuant","1","All","4",0.350274891107941,NA
"1615","slope.4.rQuant.All","rQuant","1","All","4",0.00235722552535144,NA
"1616","mean.4.rSigma.All","rSigma","2","All","4",3.57039202834735,NA
"1617","min.4.rSigma.All","rSigma","2","All","4",2.16047775410785,NA
"1618","max.4.rSigma.All","rSigma","2","All","4",4.93125422305267,NA
"1619","range.4.rSigma.All","rSigma","2","All","4",2.77077646894482,NA
"1620","slope.4.rSigma.All","rSigma","2","All","4",0.0559635148745999,NA
"1621","mean.4.rConnect.All","rConnect","3","All","4",0.388708131670218,NA
"1622","min.4.rConnect.All","rConnect","3","All","4",0.17984292656044,NA
"1623","max.4.rConnect.All","rConnect","3","All","4",0.663601917455589,NA
"1624","range.4.rConnect.All","rConnect","3","All","4",0.483758990895149,NA
"1625","slope.4.rConnect.All","rConnect","3","All","4",-0.00608407443860739,NA
"1626","mean.4.rTau1.All","rTau1","4","All","4",1886.45168391116,NA
"1627","min.4.rTau1.All","rTau1","4","All","4",805.140507012122,NA
"1628","max.4.rTau1.All","rTau1","4","All","4",5182.15030598706,NA
"1629","range.4.rTau1.All","rTau1","4","All","4",4377.00979897494,NA
"1630","slope.4.rTau1.All","rTau1","4","All","4",-39.9207024659044,NA
"1631","mean.4.rTau2.All","rTau2","5","All","4",7079276.42126188,NA
"1632","min.4.rTau2.All","rTau2","5","All","4",758811.964902814,NA
"1633","max.4.rTau2.All","rTau2","5","All","4",33348089.635607,NA
"1634","range.4.rTau2.All","rTau2","5","All","4",32589277.6707042,NA
"1635","slope.4.rTau2.All","rTau2","5","All","4",90978.7786048185,NA
"1636","mean.4.rNPQ.All","rNPQ","6","All","4",0.285960710667828,NA
"1637","min.4.rNPQ.All","rNPQ","6","All","4",0.0744940776535948,NA
"1638","max.4.rNPQ.All","rNPQ","6","All","4",0.842887063394943,NA
"1639","range.4.rNPQ.All","rNPQ","6","All","4",0.768392985741348,NA
"1640","slope.4.rNPQ.All","rNPQ","6","All","4",0.00704875631957116,NA
"1641","mean.4.rqP.All","rqP","7","All","4",0.624313271148397,NA
"1642","min.4.rqP.All","rqP","7","All","4",0.21904884345895,NA
"1643","max.4.rqP.All","rqP","7","All","4",1.45835998797315,NA
"1644","range.4.rqP.All","rqP","7","All","4",1.2393111445142,NA
"1645","slope.4.rqP.All","rqP","7","All","4",0.0159021672406102,NA
"1646","mean.4.rABQ.All","rABQ","8","All","4",0.0165707531760168,NA
"1647","min.4.rABQ.All","rABQ","8","All","4",-0.35826530755476,NA
"1648","max.4.rABQ.All","rABQ","8","All","4",0.404917725103223,NA
"1649","range.4.rABQ.All","rABQ","8","All","4",0.763183032657983,NA
"1650","slope.4.rABQ.All","rABQ","8","All","4",-0.0154145978497004,NA
"1651","mean.4.rqm.All","rqm","9","All","4",0.740591577607714,NA
"1652","min.4.rqm.All","rqm","9","All","4",0,NA
"1653","max.4.rqm.All","rqm","9","All","4",0.914194277236669,NA
"1654","range.4.rqm.All","rqm","9","All","4",0.914194277236669,NA
"1655","slope.4.rqm.All","rqm","9","All","4",-0.00615220257043321,NA
"1656","mean.1.rQuant.L1","rQuant","1","L1","1",0.0360226359178201,NA
"1657","min.1.rQuant.L1","rQuant","1","L1","1",0.0306343810781006,NA
"1658","max.1.rQuant.L1","rQuant","1","L1","1",0.0425672004785313,NA
"1659","range.1.rQuant.L1","rQuant","1","L1","1",0.0119328194004307,NA
"1660","slope.1.rQuant.L1","rQuant","1","L1","1",0.000411094601929709,NA
"1661","mean.1.rSigma.L1","rSigma","2","L1","1",3.20216978376781,NA
"1662","min.1.rSigma.L1","rSigma","2","L1","1",2.53652004594182,NA
"1663","max.1.rSigma.L1","rSigma","2","L1","1",3.98437095840612,NA
"1664","range.1.rSigma.L1","rSigma","2","L1","1",1.4478509124643,NA
"1665","slope.1.rSigma.L1","rSigma","2","L1","1",0.199260368675936,NA
"1666","mean.1.rConnect.L1","rConnect","3","L1","1",0.381565915815345,NA
"1667","min.1.rConnect.L1","rConnect","3","L1","1",0.269289595903251,NA
"1668","max.1.rConnect.L1","rConnect","3","L1","1",0.504074388434217,NA
"1669","range.1.rConnect.L1","rConnect","3","L1","1",0.234784792530966,NA
"1670","slope.1.rConnect.L1","rConnect","3","L1","1",-0.0403118310577584,NA
"1671","mean.1.rTau1.L1","rTau1","4","L1","1",3915.65599044369,NA
"1672","min.1.rTau1.L1","rTau1","4","L1","1",2146.16765518686,NA
"1673","max.1.rTau1.L1","rTau1","4","L1","1",8382.1701302835,NA
"1674","range.1.rTau1.L1","rTau1","4","L1","1",6236.00247509664,NA
"1675","slope.1.rTau1.L1","rTau1","4","L1","1",-683.000239054802,NA
"1676","mean.1.rTau2.L1","rTau2","5","L1","1",11103935.8213177,NA
"1677","min.1.rTau2.L1","rTau2","5","L1","1",7641929.75289635,NA
"1678","max.1.rTau2.L1","rTau2","5","L1","1",19825687.2048578,NA
"1679","range.1.rTau2.L1","rTau2","5","L1","1",12183757.4519615,NA
"1680","slope.1.rTau2.L1","rTau2","5","L1","1",-780131.478462364,NA
"1681","mean.1.rNPQ.L1","rNPQ","6","L1","1",0.0778159164132051,NA
"1682","min.1.rNPQ.L1","rNPQ","6","L1","1",0.0248034115419007,NA
"1683","max.1.rNPQ.L1","rNPQ","6","L1","1",0.134296221680749,NA
"1684","range.1.rNPQ.L1","rNPQ","6","L1","1",0.109492810138848,NA
"1685","slope.1.rNPQ.L1","rNPQ","6","L1","1",0.0156712800859712,NA
"1686","mean.1.rqP.L1","rqP","7","L1","1",0.24940098765013,NA
"1687","min.1.rqP.L1","rqP","7","L1","1",0.128935527838446,NA
"1688","max.1.rqP.L1","rqP","7","L1","1",0.364313903262921,NA
"1689","range.1.rqP.L1","rqP","7","L1","1",0.235378375424475,NA
"1690","slope.1.rqP.L1","rqP","7","L1","1",0.0316626140545956,NA
"1691","mean.1.rABQ.L1","rABQ","8","L1","1",0.256730549001623,NA
"1692","min.1.rABQ.L1","rABQ","8","L1","1",0.075170457906261,NA
"1693","max.1.rABQ.L1","rABQ","8","L1","1",0.411237382992477,NA
"1694","range.1.rABQ.L1","rABQ","8","L1","1",0.336066925086216,NA
"1695","slope.1.rABQ.L1","rABQ","8","L1","1",-0.0462511843007998,NA
"1696","mean.1.rqm.L1","rqm","9","L1","1",0.906018216434201,NA
"1697","min.1.rqm.L1","rqm","9","L1","1",0.888943678871754,NA
"1698","max.1.rqm.L1","rqm","9","L1","1",0.920075982814738,NA
"1699","range.1.rqm.L1","rqm","9","L1","1",0.0311323039429841,NA
"1700","slope.1.rqm.L1","rqm","9","L1","1",-0.00107253128260139,NA
"1701","mean.2.rQuant.L1","rQuant","1","L1","2",0.0366167774686405,NA
"1702","min.2.rQuant.L1","rQuant","1","L1","2",0.0318744371487849,NA
"1703","max.2.rQuant.L1","rQuant","1","L1","2",0.0410062865144392,NA
"1704","range.2.rQuant.L1","rQuant","1","L1","2",0.0091318493656543,NA
"1705","slope.2.rQuant.L1","rQuant","1","L1","2",0.00141408934571315,NA
"1706","mean.2.rSigma.L1","rSigma","2","L1","2",3.22749519658825,NA
"1707","min.2.rSigma.L1","rSigma","2","L1","2",2.77167208515598,NA
"1708","max.2.rSigma.L1","rSigma","2","L1","2",4.09530769055012,NA
"1709","range.2.rSigma.L1","rSigma","2","L1","2",1.32363560539414,NA
"1710","slope.2.rSigma.L1","rSigma","2","L1","2",0.14306270483945,NA
"1711","mean.2.rConnect.L1","rConnect","3","L1","2",0.414459102747814,NA
"1712","min.2.rConnect.L1","rConnect","3","L1","2",0.198281545358957,NA
"1713","max.2.rConnect.L1","rConnect","3","L1","2",0.615492673427451,NA
"1714","range.2.rConnect.L1","rConnect","3","L1","2",0.417211128068494,NA
"1715","slope.2.rConnect.L1","rConnect","3","L1","2",-0.0533698710478831,NA
"1716","mean.2.rTau1.L1","rTau1","4","L1","2",3051.68345899796,NA
"1717","min.2.rTau1.L1","rTau1","4","L1","2",1494.5003344046,NA
"1718","max.2.rTau1.L1","rTau1","4","L1","2",4841.61322509426,NA
"1719","range.2.rTau1.L1","rTau1","4","L1","2",3347.11289068966,NA
"1720","slope.2.rTau1.L1","rTau1","4","L1","2",-493.362357828846,NA
"1721","mean.2.rTau2.L1","rTau2","5","L1","2",9171008.6884524,NA
"1722","min.2.rTau2.L1","rTau2","5","L1","2",5631378.87972847,NA
"1723","max.2.rTau2.L1","rTau2","5","L1","2",15256979.5758438,NA
"1724","range.2.rTau2.L1","rTau2","5","L1","2",9625600.69611533,NA
"1725","slope.2.rTau2.L1","rTau2","5","L1","2",1539124.09265573,NA
"1726","mean.2.rNPQ.L1","rNPQ","6","L1","2",0.127045070708695,NA
"1727","min.2.rNPQ.L1","rNPQ","6","L1","2",0.0748852084714883,NA
"1728","max.2.rNPQ.L1","rNPQ","6","L1","2",0.190175366276733,NA
"1729","range.2.rNPQ.L1","rNPQ","6","L1","2",0.115290157805245,NA
"1730","slope.2.rNPQ.L1","rNPQ","6","L1","2",0.0200171308930271,NA
"1731","mean.2.rqP.L1","rqP","7","L1","2",0.324070991510624,NA
"1732","min.2.rqP.L1","rqP","7","L1","2",0.230177202683258,NA
"1733","max.2.rqP.L1","rqP","7","L1","2",0.434911082474158,NA
"1734","range.2.rqP.L1","rqP","7","L1","2",0.2047338797909,NA
"1735","slope.2.rqP.L1","rqP","7","L1","2",0.0369365397721861,NA
"1736","mean.2.rABQ.L1","rABQ","8","L1","2",0.238321119215219,NA
"1737","min.2.rABQ.L1","rABQ","8","L1","2",0.0335200555821402,NA
"1738","max.2.rABQ.L1","rABQ","8","L1","2",0.34589396323326,NA
"1739","range.2.rABQ.L1","rABQ","8","L1","2",0.31237390765112,NA
"1740","slope.2.rABQ.L1","rABQ","8","L1","2",-0.0337623557176302,NA
"1741","mean.2.rqm.L1","rqm","9","L1","2",0.902094990560327,NA
"1742","min.2.rqm.L1","rqm","9","L1","2",0.890358432777969,NA
"1743","max.2.rqm.L1","rqm","9","L1","2",0.914774939640479,NA
"1744","range.2.rqm.L1","rqm","9","L1","2",0.02441650686251,NA
"1745","slope.2.rqm.L1","rqm","9","L1","2",-0.00378095617122931,NA
"1746","mean.3.rQuant.L1","rQuant","1","L1","3",0.0390237779944872,NA
"1747","min.3.rQuant.L1","rQuant","1","L1","3",0.0296012665912074,NA
"1748","max.3.rQuant.L1","rQuant","1","L1","3",0.0458511316278398,NA
"1749","range.3.rQuant.L1","rQuant","1","L1","3",0.0162498650366324,NA
"1750","slope.3.rQuant.L1","rQuant","1","L1","3",0.002435232456541,NA
"1751","mean.3.rSigma.L1","rSigma","2","L1","3",3.07153927434204,NA
"1752","min.3.rSigma.L1","rSigma","2","L1","3",2.42828200997969,NA
"1753","max.3.rSigma.L1","rSigma","2","L1","3",3.70369775663331,NA
"1754","range.3.rSigma.L1","rSigma","2","L1","3",1.27541574665362,NA
"1755","slope.3.rSigma.L1","rSigma","2","L1","3",0.22253018759587,NA
"1756","mean.3.rConnect.L1","rConnect","3","L1","3",0.331621121236421,NA
"1757","min.3.rConnect.L1","rConnect","3","L1","3",0.1234405044559,NA
"1758","max.3.rConnect.L1","rConnect","3","L1","3",0.562801291069769,NA
"1759","range.3.rConnect.L1","rConnect","3","L1","3",0.439360786613869,NA
"1760","slope.3.rConnect.L1","rConnect","3","L1","3",-0.0656326888155176,NA
"1761","mean.3.rTau1.L1","rTau1","4","L1","3",2963.64520730834,NA
"1762","min.3.rTau1.L1","rTau1","4","L1","3",1867.30885344205,NA
"1763","max.3.rTau1.L1","rTau1","4","L1","3",4835.96534391731,NA
"1764","range.3.rTau1.L1","rTau1","4","L1","3",2968.65649047526,NA
"1765","slope.3.rTau1.L1","rTau1","4","L1","3",-383.9859390196,NA
"1766","mean.3.rTau2.L1","rTau2","5","L1","3",7849369.32650797,NA
"1767","min.3.rTau2.L1","rTau2","5","L1","3",4021398.00457781,NA
"1768","max.3.rTau2.L1","rTau2","5","L1","3",15091377.4423527,NA
"1769","range.3.rTau2.L1","rTau2","5","L1","3",11069979.4377749,NA
"1770","slope.3.rTau2.L1","rTau2","5","L1","3",1475911.43898654,NA
"1771","mean.3.rNPQ.L1","rNPQ","6","L1","3",0.143152283850636,NA
"1772","min.3.rNPQ.L1","rNPQ","6","L1","3",0.08527240662889,NA
"1773","max.3.rNPQ.L1","rNPQ","6","L1","3",0.205540818897252,NA
"1774","range.3.rNPQ.L1","rNPQ","6","L1","3",0.120268412268362,NA
"1775","slope.3.rNPQ.L1","rNPQ","6","L1","3",0.0206621864285681,NA
"1776","mean.3.rqP.L1","rqP","7","L1","3",0.346072593621299,NA
"1777","min.3.rqP.L1","rqP","7","L1","3",0.231701044352201,NA
"1778","max.3.rqP.L1","rqP","7","L1","3",0.456473627765257,NA
"1779","range.3.rqP.L1","rqP","7","L1","3",0.224772583413056,NA
"1780","slope.3.rqP.L1","rqP","7","L1","3",0.0380413858425262,NA
"1781","mean.3.rABQ.L1","rABQ","8","L1","3",0.237385645512623,NA
"1782","min.3.rABQ.L1","rABQ","8","L1","3",0.0804307477083144,NA
"1783","max.3.rABQ.L1","rABQ","8","L1","3",0.397096194398929,NA
"1784","range.3.rABQ.L1","rABQ","8","L1","3",0.316665446690615,NA
"1785","slope.3.rABQ.L1","rABQ","8","L1","3",-0.0552507066359202,NA
"1786","mean.3.rqm.L1","rqm","9","L1","3",0.898704989300703,NA
"1787","min.3.rqm.L1","rqm","9","L1","3",0.880983054242646,NA
"1788","max.3.rqm.L1","rqm","9","L1","3",0.923163241229676,NA
"1789","range.3.rqm.L1","rqm","9","L1","3",0.04218018698703,NA
"1790","slope.3.rqm.L1","rqm","9","L1","3",-0.00632119467713865,NA
"1791","mean.4.rQuant.L1","rQuant","1","L1","4",0.0416240086123978,NA
"1792","min.4.rQuant.L1","rQuant","1","L1","4",0.0328765897421858,NA
"1793","max.4.rQuant.L1","rQuant","1","L1","4",0.0527889496162477,NA
"1794","range.4.rQuant.L1","rQuant","1","L1","4",0.0199123598740619,NA
"1795","slope.4.rQuant.L1","rQuant","1","L1","4",0.00272489588453272,NA
"1796","mean.4.rSigma.L1","rSigma","2","L1","4",2.85673634110308,NA
"1797","min.4.rSigma.L1","rSigma","2","L1","4",2.16047775410785,NA
"1798","max.4.rSigma.L1","rSigma","2","L1","4",3.41295770372269,NA
"1799","range.4.rSigma.L1","rSigma","2","L1","4",1.25247994961484,NA
"1800","slope.4.rSigma.L1","rSigma","2","L1","4",0.189575527351844,NA
"1801","mean.4.rConnect.L1","rConnect","3","L1","4",0.465728304465739,NA
"1802","min.4.rConnect.L1","rConnect","3","L1","4",0.17984292656044,NA
"1803","max.4.rConnect.L1","rConnect","3","L1","4",0.663601917455589,NA
"1804","range.4.rConnect.L1","rConnect","3","L1","4",0.483758990895149,NA
"1805","slope.4.rConnect.L1","rConnect","3","L1","4",-0.059834853982425,NA
"1806","mean.4.rTau1.L1","rTau1","4","L1","4",2561.76881241072,NA
"1807","min.4.rTau1.L1","rTau1","4","L1","4",1064.35460908675,NA
"1808","max.4.rTau1.L1","rTau1","4","L1","4",5182.15030598706,NA
"1809","range.4.rTau1.L1","rTau1","4","L1","4",4117.79569690031,NA
"1810","slope.4.rTau1.L1","rTau1","4","L1","4",-603.22943906844,NA
"1811","mean.4.rTau2.L1","rTau2","5","L1","4",7183833.20637903,NA
"1812","min.4.rTau2.L1","rTau2","5","L1","4",4907531.10600363,NA
"1813","max.4.rTau2.L1","rTau2","5","L1","4",12325189.9490331,NA
"1814","range.4.rTau2.L1","rTau2","5","L1","4",7417658.84302947,NA
"1815","slope.4.rTau2.L1","rTau2","5","L1","4",934103.454391032,NA
"1816","mean.4.rNPQ.L1","rNPQ","6","L1","4",0.139997506831614,NA
"1817","min.4.rNPQ.L1","rNPQ","6","L1","4",0.0744940776535948,NA
"1818","max.4.rNPQ.L1","rNPQ","6","L1","4",0.194546116310241,NA
"1819","range.4.rNPQ.L1","rNPQ","6","L1","4",0.120052038656646,NA
"1820","slope.4.rNPQ.L1","rNPQ","6","L1","4",0.0215305730215318,NA
"1821","mean.4.rqP.L1","rqP","7","L1","4",0.346155189371635,NA
"1822","min.4.rqP.L1","rqP","7","L1","4",0.21904884345895,NA
"1823","max.4.rqP.L1","rqP","7","L1","4",0.453881111974079,NA
"1824","range.4.rqP.L1","rqP","7","L1","4",0.234832268515129,NA
"1825","slope.4.rqP.L1","rqP","7","L1","4",0.0403305875398436,NA
"1826","mean.4.rABQ.L1","rABQ","8","L1","4",0.21314016892254,NA
"1827","min.4.rABQ.L1","rABQ","8","L1","4",0.0599344841222613,NA
"1828","max.4.rABQ.L1","rABQ","8","L1","4",0.404917725103223,NA
"1829","range.4.rABQ.L1","rABQ","8","L1","4",0.344983240980962,NA
"1830","slope.4.rABQ.L1","rABQ","8","L1","4",-0.0522167080252469,NA
"1831","mean.4.rqm.L1","rqm","9","L1","4",0.891364093073467,NA
"1832","min.4.rqm.L1","rqm","9","L1","4",0.862224336183901,NA
"1833","max.4.rqm.L1","rqm","9","L1","4",0.914194277236669,NA
"1834","range.4.rqm.L1","rqm","9","L1","4",0.051969941052768,NA
"1835","slope.4.rqm.L1","rqm","9","L1","4",-0.00711179786774363,NA
"1836","mean.1.rQuant.L2","rQuant","1","L2","1",0.0921216237335325,NA
"1837","min.1.rQuant.L2","rQuant","1","L2","1",0.0767113198988793,NA
"1838","max.1.rQuant.L2","rQuant","1","L2","1",0.102180377503939,NA
"1839","range.1.rQuant.L2","rQuant","1","L2","1",0.0254690576050597,NA
"1840","slope.1.rQuant.L2","rQuant","1","L2","1",0.00521693987723771,NA
"1841","mean.1.rSigma.L2","rSigma","2","L2","1",4.84691450447264,NA
"1842","min.1.rSigma.L2","rSigma","2","L2","1",4.68287061868872,NA
"1843","max.1.rSigma.L2","rSigma","2","L2","1",5.00296844293246,NA
"1844","range.1.rSigma.L2","rSigma","2","L2","1",0.32009782424374,NA
"1845","slope.1.rSigma.L2","rSigma","2","L2","1",-0.00296082159427654,NA
"1846","mean.1.rConnect.L2","rConnect","3","L2","1",0.231508816765922,NA
"1847","min.1.rConnect.L2","rConnect","3","L2","1",0.17612716735587,NA
"1848","max.1.rConnect.L2","rConnect","3","L2","1",0.312259865829379,NA
"1849","range.1.rConnect.L2","rConnect","3","L2","1",0.136132698473509,NA
"1850","slope.1.rConnect.L2","rConnect","3","L2","1",-0.0159709452561785,NA
"1851","mean.1.rTau1.L2","rTau1","4","L2","1",2233.53999907277,NA
"1852","min.1.rTau1.L2","rTau1","4","L2","1",1866.84240439474,NA
"1853","max.1.rTau1.L2","rTau1","4","L2","1",2599.32754093111,NA
"1854","range.1.rTau1.L2","rTau1","4","L2","1",732.48513653637,NA
"1855","slope.1.rTau1.L2","rTau1","4","L2","1",-87.7853137603707,NA
"1856","mean.1.rTau2.L2","rTau2","5","L2","1",5190607.60209523,NA
"1857","min.1.rTau2.L2","rTau2","5","L2","1",3758543.41872522,NA
"1858","max.1.rTau2.L2","rTau2","5","L2","1",7602383.90155782,NA
"1859","range.1.rTau2.L2","rTau2","5","L2","1",3843840.4828326,NA
"1860","slope.1.rTau2.L2","rTau2","5","L2","1",-624329.300112684,NA
"1861","mean.1.rNPQ.L2","rNPQ","6","L2","1",0.177437168131343,NA
"1862","min.1.rNPQ.L2","rNPQ","6","L2","1",0.172339559086539,NA
"1863","max.1.rNPQ.L2","rNPQ","6","L2","1",0.179278121797306,NA
"1864","range.1.rNPQ.L2","rNPQ","6","L2","1",0.00693856271076701,NA
"1865","slope.1.rNPQ.L2","rNPQ","6","L2","1",-0.000289004843375794,NA
"1866","mean.1.rqP.L2","rqP","7","L2","1",0.545669501237307,NA
"1867","min.1.rqP.L2","rqP","7","L2","1",0.517384063182799,NA
"1868","max.1.rqP.L2","rqP","7","L2","1",0.567370729550025,NA
"1869","range.1.rqP.L2","rqP","7","L2","1",0.049986666367226,NA
"1870","slope.1.rqP.L2","rqP","7","L2","1",0.010100181246487,NA
"1871","mean.1.rABQ.L2","rABQ","8","L2","1",-0.125038247827233,NA
"1872","min.1.rABQ.L2","rABQ","8","L2","1",-0.161260601105668,NA
"1873","max.1.rABQ.L2","rABQ","8","L2","1",-0.0869613133859908,NA
"1874","range.1.rABQ.L2","rABQ","8","L2","1",0.0742992877196772,NA
"1875","slope.1.rABQ.L2","rABQ","8","L2","1",0.000687249080931779,NA
"1876","mean.1.rqm.L2","rqm","9","L2","1",0.759657940545879,NA
"1877","min.1.rqm.L2","rqm","9","L2","1",0.733415007575937,NA
"1878","max.1.rqm.L2","rqm","9","L2","1",0.799862878434812,NA
"1879","range.1.rqm.L2","rqm","9","L2","1",0.0664478708588749,NA
"1880","slope.1.rqm.L2","rqm","9","L2","1",-0.0136108117000899,NA
"1881","mean.2.rQuant.L2","rQuant","1","L2","2",0.0953603975094638,NA
"1882","min.2.rQuant.L2","rQuant","1","L2","2",0.080606631379724,NA
"1883","max.2.rQuant.L2","rQuant","1","L2","2",0.104878661285176,NA
"1884","range.2.rQuant.L2","rQuant","1","L2","2",0.024272029905452,NA
"1885","slope.2.rQuant.L2","rQuant","1","L2","2",0.00490344157848366,NA
"1886","mean.2.rSigma.L2","rSigma","2","L2","2",4.66270778635117,NA
"1887","min.2.rSigma.L2","rSigma","2","L2","2",4.46431453012128,NA
"1888","max.2.rSigma.L2","rSigma","2","L2","2",4.83266069659276,NA
"1889","range.2.rSigma.L2","rSigma","2","L2","2",0.36834616647148,NA
"1890","slope.2.rSigma.L2","rSigma","2","L2","2",0.0128720331457895,NA
"1891","mean.2.rConnect.L2","rConnect","3","L2","2",0.20881588806211,NA
"1892","min.2.rConnect.L2","rConnect","3","L2","2",0.172135339009476,NA
"1893","max.2.rConnect.L2","rConnect","3","L2","2",0.258819814274301,NA
"1894","range.2.rConnect.L2","rConnect","3","L2","2",0.086684475264825,NA
"1895","slope.2.rConnect.L2","rConnect","3","L2","2",-0.00224212113563791,NA
"1896","mean.2.rTau1.L2","rTau1","4","L2","2",2223.00720658145,NA
"1897","min.2.rTau1.L2","rTau1","4","L2","2",2113.19696915888,NA
"1898","max.2.rTau1.L2","rTau1","4","L2","2",2317.6035774697,NA
"1899","range.2.rTau1.L2","rTau1","4","L2","2",204.40660831082,NA
"1900","slope.2.rTau1.L2","rTau1","4","L2","2",18.8341841596763,NA
"1901","mean.2.rTau2.L2","rTau2","5","L2","2",4529845.89668642,NA
"1902","min.2.rTau2.L2","rTau2","5","L2","2",3857611.33900017,NA
"1903","max.2.rTau2.L2","rTau2","5","L2","2",5156488.2491924,NA
"1904","range.2.rTau2.L2","rTau2","5","L2","2",1298876.91019223,NA
"1905","slope.2.rTau2.L2","rTau2","5","L2","2",40688.1051573606,NA
"1906","mean.2.rNPQ.L2","rNPQ","6","L2","2",0.234916808892033,NA
"1907","min.2.rNPQ.L2","rNPQ","6","L2","2",0.230554552332996,NA
"1908","max.2.rNPQ.L2","rNPQ","6","L2","2",0.23887020426339,NA
"1909","range.2.rNPQ.L2","rNPQ","6","L2","2",0.00831565193039402,NA
"1910","slope.2.rNPQ.L2","rNPQ","6","L2","2",0.00102508529714484,NA
"1911","mean.2.rqP.L2","rqP","7","L2","2",0.601773016253674,NA
"1912","min.2.rqP.L2","rqP","7","L2","2",0.568979126943866,NA
"1913","max.2.rqP.L2","rqP","7","L2","2",0.624348764416178,NA
"1914","range.2.rqP.L2","rqP","7","L2","2",0.055369637472312,NA
"1915","slope.2.rqP.L2","rqP","7","L2","2",0.0103074052446841,NA
"1916","mean.2.rABQ.L2","rABQ","8","L2","2",-0.100384611536737,NA
"1917","min.2.rABQ.L2","rABQ","8","L2","2",-0.140492972533143,NA
"1918","max.2.rABQ.L2","rABQ","8","L2","2",-0.0535644168792302,NA
"1919","range.2.rABQ.L2","rABQ","8","L2","2",0.0869285556539128,NA
"1920","slope.2.rABQ.L2","rABQ","8","L2","2",-0.00303775999737335,NA
"1921","mean.2.rqm.L2","rqm","9","L2","2",0.745027791527237,NA
"1922","min.2.rqm.L2","rqm","9","L2","2",0.719578099630989,NA
"1923","max.2.rqm.L2","rqm","9","L2","2",0.784476036623081,NA
"1924","range.2.rqm.L2","rqm","9","L2","2",0.064897936992092,NA
"1925","slope.2.rqm.L2","rqm","9","L2","2",-0.0131106975331041,NA
"1926","mean.3.rQuant.L2","rQuant","1","L2","3",0.101322098787678,NA
"1927","min.3.rQuant.L2","rQuant","1","L2","3",0.0827400588597322,NA
"1928","max.3.rQuant.L2","rQuant","1","L2","3",0.113849715889941,NA
"1929","range.3.rQuant.L2","rQuant","1","L2","3",0.0311096570302088,NA
"1930","slope.3.rQuant.L2","rQuant","1","L2","3",0.00569345443849931,NA
"1931","mean.3.rSigma.L2","rSigma","2","L2","3",4.61281437637757,NA
"1932","min.3.rSigma.L2","rSigma","2","L2","3",4.32905805084713,NA
"1933","max.3.rSigma.L2","rSigma","2","L2","3",4.87123053395328,NA
"1934","range.3.rSigma.L2","rSigma","2","L2","3",0.542172483106151,NA
"1935","slope.3.rSigma.L2","rSigma","2","L2","3",0.0510920021011538,NA
"1936","mean.3.rConnect.L2","rConnect","3","L2","3",0.203722633758596,NA
"1937","min.3.rConnect.L2","rConnect","3","L2","3",0.142606348368294,NA
"1938","max.3.rConnect.L2","rConnect","3","L2","3",0.277201382372951,NA
"1939","range.3.rConnect.L2","rConnect","3","L2","3",0.134595034004657,NA
"1940","slope.3.rConnect.L2","rConnect","3","L2","3",-0.00227414556763667,NA
"1941","mean.3.rTau1.L2","rTau1","4","L2","3",1992.4636685797,NA
"1942","min.3.rTau1.L2","rTau1","4","L2","3",1904.44464702036,NA
"1943","max.3.rTau1.L2","rTau1","4","L2","3",2058.25727806066,NA
"1944","range.3.rTau1.L2","rTau1","4","L2","3",153.8126310403,NA
"1945","slope.3.rTau1.L2","rTau1","4","L2","3",-23.4021180789027,NA
"1946","mean.3.rTau2.L2","rTau2","5","L2","3",3981266.64547728,NA
"1947","min.3.rTau2.L2","rTau2","5","L2","3",3370319.21888454,NA
"1948","max.3.rTau2.L2","rTau2","5","L2","3",4341666.32429929,NA
"1949","range.3.rTau2.L2","rTau2","5","L2","3",971347.10541475,NA
"1950","slope.3.rTau2.L2","rTau2","5","L2","3",-117339.689940698,NA
"1951","mean.3.rNPQ.L2","rNPQ","6","L2","3",0.248304314890532,NA
"1952","min.3.rNPQ.L2","rNPQ","6","L2","3",0.23982618699969,NA
"1953","max.3.rNPQ.L2","rNPQ","6","L2","3",0.252957063927638,NA
"1954","range.3.rNPQ.L2","rNPQ","6","L2","3",0.013130876927948,NA
"1955","slope.3.rNPQ.L2","rNPQ","6","L2","3",-0.000492287894575408,NA
"1956","mean.3.rqP.L2","rqP","7","L2","3",0.613106320134089,NA
"1957","min.3.rqP.L2","rqP","7","L2","3",0.585983227118052,NA
"1958","max.3.rqP.L2","rqP","7","L2","3",0.634355566074784,NA
"1959","range.3.rqP.L2","rqP","7","L2","3",0.0483723389567321,NA
"1960","slope.3.rqP.L2","rqP","7","L2","3",0.00935131294663905,NA
"1961","mean.3.rABQ.L2","rABQ","8","L2","3",-0.145288451102362,NA
"1962","min.3.rABQ.L2","rABQ","8","L2","3",-0.209449073382187,NA
"1963","max.3.rABQ.L2","rABQ","8","L2","3",-0.0748362681093708,NA
"1964","range.3.rABQ.L2","rABQ","8","L2","3",0.134612805272816,NA
"1965","slope.3.rABQ.L2","rABQ","8","L2","3",-0.0126853315949167,NA
"1966","mean.3.rqm.L2","rqm","9","L2","3",0.736995657308656,NA
"1967","min.3.rqm.L2","rqm","9","L2","3",0.704477403730294,NA
"1968","max.3.rqm.L2","rqm","9","L2","3",0.785229529835861,NA
"1969","range.3.rqm.L2","rqm","9","L2","3",0.080752126105567,NA
"1970","slope.3.rqm.L2","rqm","9","L2","3",-0.0147786441472997,NA
"1971","mean.4.rQuant.L2","rQuant","1","L2","4",0.102315982494302,NA
"1972","min.4.rQuant.L2","rQuant","1","L2","4",0.0845156763769689,NA
"1973","max.4.rQuant.L2","rQuant","1","L2","4",0.111603212515183,NA
"1974","range.4.rQuant.L2","rQuant","1","L2","4",0.0270875361382141,NA
"1975","slope.4.rQuant.L2","rQuant","1","L2","4",0.0051460994005515,NA
"1976","mean.4.rSigma.L2","rSigma","2","L2","4",4.21678983057132,NA
"1977","min.4.rSigma.L2","rSigma","2","L2","4",4.09144413200061,NA
"1978","max.4.rSigma.L2","rSigma","2","L2","4",4.36818844539753,NA
"1979","range.4.rSigma.L2","rSigma","2","L2","4",0.276744313396921,NA
"1980","slope.4.rSigma.L2","rSigma","2","L2","4",0.00421355157569604,NA
"1981","mean.4.rConnect.L2","rConnect","3","L2","4",0.31792185932251,NA
"1982","min.4.rConnect.L2","rConnect","3","L2","4",0.268956185151454,NA
"1983","max.4.rConnect.L2","rConnect","3","L2","4",0.358478252428924,NA
"1984","range.4.rConnect.L2","rConnect","3","L2","4",0.08952206727747,NA
"1985","slope.4.rConnect.L2","rConnect","3","L2","4",0.00190496611561123,NA
"1986","mean.4.rTau1.L2","rTau1","4","L2","4",1687.24027397821,NA
"1987","min.4.rTau1.L2","rTau1","4","L2","4",1341.95449591716,NA
"1988","max.4.rTau1.L2","rTau1","4","L2","4",1952.35378954387,NA
"1989","range.4.rTau1.L2","rTau1","4","L2","4",610.39929362671,NA
"1990","slope.4.rTau1.L2","rTau1","4","L2","4",43.4390437307441,NA
"1991","mean.4.rTau2.L2","rTau2","5","L2","4",3923586.32222843,NA
"1992","min.4.rTau2.L2","rTau2","5","L2","4",3351043.23667621,NA
"1993","max.4.rTau2.L2","rTau2","5","L2","4",4704986.91528667,NA
"1994","range.4.rTau2.L2","rTau2","5","L2","4",1353943.67861046,NA
"1995","slope.4.rTau2.L2","rTau2","5","L2","4",-126563.493788184,NA
"1996","mean.4.rNPQ.L2","rNPQ","6","L2","4",0.24990270203978,NA
"1997","min.4.rNPQ.L2","rNPQ","6","L2","4",0.244508638738894,NA
"1998","max.4.rNPQ.L2","rNPQ","6","L2","4",0.255135158602659,NA
"1999","range.4.rNPQ.L2","rNPQ","6","L2","4",0.010626519863765,NA
"2000","slope.4.rNPQ.L2","rNPQ","6","L2","4",0.000180424765543502,NA
"2001","mean.4.rqP.L2","rqP","7","L2","4",0.617722951171674,NA
"2002","min.4.rqP.L2","rqP","7","L2","4",0.593200528760185,NA
"2003","max.4.rqP.L2","rqP","7","L2","4",0.637386027382631,NA
"2004","range.4.rqP.L2","rqP","7","L2","4",0.0441854986224459,NA
"2005","slope.4.rqP.L2","rqP","7","L2","4",0.00923562100039907,NA
"2006","mean.4.rABQ.L2","rABQ","8","L2","4",-0.161473141932064,NA
"2007","min.4.rABQ.L2","rABQ","8","L2","4",-0.203174396182749,NA
"2008","max.4.rABQ.L2","rABQ","8","L2","4",-0.126947906339076,NA
"2009","range.4.rABQ.L2","rABQ","8","L2","4",0.076226489843673,NA
"2010","slope.4.rABQ.L2","rABQ","8","L2","4",-0.00116058119658579,NA
"2011","mean.4.rqm.L2","rqm","9","L2","4",0.732962059112271,NA
"2012","min.4.rqm.L2","rqm","9","L2","4",0.70872300358187,NA
"2013","max.4.rqm.L2","rqm","9","L2","4",0.77941967968009,NA
"2014","range.4.rqm.L2","rqm","9","L2","4",0.0706966760982199,NA
"2015","slope.4.rqm.L2","rqm","9","L2","4",-0.0134309787584106,NA
"2016","mean.1.rQuant.L3","rQuant","1","L3","1",0.0318911686293643,NA
"2017","min.1.rQuant.L3","rQuant","1","L3","1",0.0277594214438794,NA
"2018","max.1.rQuant.L3","rQuant","1","L3","1",0.0357720038325388,NA
"2019","range.1.rQuant.L3","rQuant","1","L3","1",0.0080125823886594,NA
"2020","slope.1.rQuant.L3","rQuant","1","L3","1",5.16070611526503e-05,NA
"2021","mean.1.rSigma.L3","rSigma","2","L3","1",3.11388573415481,NA
"2022","min.1.rSigma.L3","rSigma","2","L3","1",2.6189120029539,NA
"2023","max.1.rSigma.L3","rSigma","2","L3","1",3.31334286685069,NA
"2024","range.1.rSigma.L3","rSigma","2","L3","1",0.69443086389679,NA
"2025","slope.1.rSigma.L3","rSigma","2","L3","1",-0.0209485182167927,NA
"2026","mean.1.rConnect.L3","rConnect","3","L3","1",0.382985132991616,NA
"2027","min.1.rConnect.L3","rConnect","3","L3","1",0.236334035930473,NA
"2028","max.1.rConnect.L3","rConnect","3","L3","1",0.626408597149163,NA
"2029","range.1.rConnect.L3","rConnect","3","L3","1",0.39007456121869,NA
"2030","slope.1.rConnect.L3","rConnect","3","L3","1",-0.00910112340205133,NA
"2031","mean.1.rTau1.L3","rTau1","4","L3","1",2162.26477359071,NA
"2032","min.1.rTau1.L3","rTau1","4","L3","1",1382.04222550714,NA
"2033","max.1.rTau1.L3","rTau1","4","L3","1",3363.10345654866,NA
"2034","range.1.rTau1.L3","rTau1","4","L3","1",1981.06123104152,NA
"2035","slope.1.rTau1.L3","rTau1","4","L3","1",2.77262609546427,NA
"2036","mean.1.rTau2.L3","rTau2","5","L3","1",18305049.4302698,NA
"2037","min.1.rTau2.L3","rTau2","5","L3","1",8424995.20594442,NA
"2038","max.1.rTau2.L3","rTau2","5","L3","1",34989562.7488439,NA
"2039","range.1.rTau2.L3","rTau2","5","L3","1",26564567.5428995,NA
"2040","slope.1.rTau2.L3","rTau2","5","L3","1",1313832.15027062,NA
"2041","mean.1.rNPQ.L3","rNPQ","6","L3","1",0.20125369842755,NA
"2042","min.1.rNPQ.L3","rNPQ","6","L3","1",0.124061261453862,NA
"2043","max.1.rNPQ.L3","rNPQ","6","L3","1",0.28764785870917,NA
"2044","range.1.rNPQ.L3","rNPQ","6","L3","1",0.163586597255308,NA
"2045","slope.1.rNPQ.L3","rNPQ","6","L3","1",0.0266626090141035,NA
"2046","mean.1.rqP.L3","rqP","7","L3","1",0.458797354436591,NA
"2047","min.1.rqP.L3","rqP","7","L3","1",0.335019217853285,NA
"2048","max.1.rqP.L3","rqP","7","L3","1",0.590126709990868,NA
"2049","range.1.rqP.L3","rqP","7","L3","1",0.255107492137583,NA
"2050","slope.1.rqP.L3","rqP","7","L3","1",0.0426695261120765,NA
"2051","mean.1.rABQ.L3","rABQ","8","L3","1",0.277222540844278,NA
"2052","min.1.rABQ.L3","rABQ","8","L3","1",0.23092568479746,NA
"2053","max.1.rABQ.L3","rABQ","8","L3","1",0.39211303019723,NA
"2054","range.1.rABQ.L3","rABQ","8","L3","1",0.16118734539977,NA
"2055","slope.1.rABQ.L3","rABQ","8","L3","1",0.00486245098968626,NA
"2056","mean.1.rqm.L3","rqm","9","L3","1",0.916797068525942,NA
"2057","min.1.rqm.L3","rqm","9","L3","1",0.906672106683856,NA
"2058","max.1.rqm.L3","rqm","9","L3","1",0.927576650859137,NA
"2059","range.1.rqm.L3","rqm","9","L3","1",0.020904544175281,NA
"2060","slope.1.rqm.L3","rqm","9","L3","1",-0.000134640998031932,NA
"2061","mean.2.rQuant.L3","rQuant","1","L3","2",0.0329831788538522,NA
"2062","min.2.rQuant.L3","rQuant","1","L3","2",0.0299767591926552,NA
"2063","max.2.rQuant.L3","rQuant","1","L3","2",0.0354375110515589,NA
"2064","range.2.rQuant.L3","rQuant","1","L3","2",0.0054607518589037,NA
"2065","slope.2.rQuant.L3","rQuant","1","L3","2",0.000122669933859009,NA
"2066","mean.2.rSigma.L3","rSigma","2","L3","2",3.19258610686084,NA
"2067","min.2.rSigma.L3","rSigma","2","L3","2",2.79575502105748,NA
"2068","max.2.rSigma.L3","rSigma","2","L3","2",3.60352191106202,NA
"2069","range.2.rSigma.L3","rSigma","2","L3","2",0.80776689000454,NA
"2070","slope.2.rSigma.L3","rSigma","2","L3","2",-0.0604558455689768,NA
"2071","mean.2.rConnect.L3","rConnect","3","L3","2",0.418958504099506,NA
"2072","min.2.rConnect.L3","rConnect","3","L3","2",0.347693094198019,NA
"2073","max.2.rConnect.L3","rConnect","3","L3","2",0.548982054577556,NA
"2074","range.2.rConnect.L3","rConnect","3","L3","2",0.201288960379537,NA
"2075","slope.2.rConnect.L3","rConnect","3","L3","2",-0.00307419637055974,NA
"2076","mean.2.rTau1.L3","rTau1","4","L3","2",1688.92440109567,NA
"2077","min.2.rTau1.L3","rTau1","4","L3","2",1418.07646053066,NA
"2078","max.2.rTau1.L3","rTau1","4","L3","2",2176.78427486194,NA
"2079","range.2.rTau1.L3","rTau1","4","L3","2",758.70781433128,NA
"2080","slope.2.rTau1.L3","rTau1","4","L3","2",-105.456369416977,NA
"2081","mean.2.rTau2.L3","rTau2","5","L3","2",13629549.4956801,NA
"2082","min.2.rTau2.L3","rTau2","5","L3","2",8121733.56387452,NA
"2083","max.2.rTau2.L3","rTau2","5","L3","2",22388630.0364706,NA
"2084","range.2.rTau2.L3","rTau2","5","L3","2",14266896.4725961,NA
"2085","slope.2.rTau2.L3","rTau2","5","L3","2",-1708260.40214282,NA
"2086","mean.2.rNPQ.L3","rNPQ","6","L3","2",0.265296749746436,NA
"2087","min.2.rNPQ.L3","rNPQ","6","L3","2",0.176216626635158,NA
"2088","max.2.rNPQ.L3","rNPQ","6","L3","2",0.355763079335733,NA
"2089","range.2.rNPQ.L3","rNPQ","6","L3","2",0.179546452700575,NA
"2090","slope.2.rNPQ.L3","rNPQ","6","L3","2",0.0289856091110295,NA
"2091","mean.2.rqP.L3","rqP","7","L3","2",0.526802078397247,NA
"2092","min.2.rqP.L3","rqP","7","L3","2",0.402922088743646,NA
"2093","max.2.rqP.L3","rqP","7","L3","2",0.64927321908671,NA
"2094","range.2.rqP.L3","rqP","7","L3","2",0.246351130343064,NA
"2095","slope.2.rqP.L3","rqP","7","L3","2",0.0396596357667569,NA
"2096","mean.2.rABQ.L3","rABQ","8","L3","2",0.246559556384977,NA
"2097","min.2.rABQ.L3","rABQ","8","L3","2",0.149579977995761,NA
"2098","max.2.rABQ.L3","rABQ","8","L3","2",0.340210464871171,NA
"2099","range.2.rABQ.L3","rABQ","8","L3","2",0.19063048687541,NA
"2100","slope.2.rABQ.L3","rABQ","8","L3","2",0.0142673925087642,NA
"2101","mean.2.rqm.L3","rqm","9","L3","2",0.911810414234229,NA
"2102","min.2.rqm.L3","rqm","9","L3","2",0.90524808315006,NA
"2103","max.2.rqm.L3","rqm","9","L3","2",0.919848902753903,NA
"2104","range.2.rqm.L3","rqm","9","L3","2",0.014600819603843,NA
"2105","slope.2.rqm.L3","rqm","9","L3","2",-0.000327991753034883,NA
"2106","mean.3.rQuant.L3","rQuant","1","L3","3",0.0381868792580989,NA
"2107","min.3.rQuant.L3","rQuant","1","L3","3",0.0335899122951751,NA
"2108","max.3.rQuant.L3","rQuant","1","L3","3",0.042967283105726,NA
"2109","range.3.rQuant.L3","rQuant","1","L3","3",0.0093773708105509,NA
"2110","slope.3.rQuant.L3","rQuant","1","L3","3",0.00100010878956942,NA
"2111","mean.3.rSigma.L3","rSigma","2","L3","3",3.18502495045294,NA
"2112","min.3.rSigma.L3","rSigma","2","L3","3",2.80642197265427,NA
"2113","max.3.rSigma.L3","rSigma","2","L3","3",3.55735683403963,NA
"2114","range.3.rSigma.L3","rSigma","2","L3","3",0.75093486138536,NA
"2115","slope.3.rSigma.L3","rSigma","2","L3","3",-0.0422865776924379,NA
"2116","mean.3.rConnect.L3","rConnect","3","L3","3",0.335740992724526,NA
"2117","min.3.rConnect.L3","rConnect","3","L3","3",0.169322138449692,NA
"2118","max.3.rConnect.L3","rConnect","3","L3","3",0.534811018524756,NA
"2119","range.3.rConnect.L3","rConnect","3","L3","3",0.365488880075064,NA
"2120","slope.3.rConnect.L3","rConnect","3","L3","3",-0.0469356670293463,NA
"2121","mean.3.rTau1.L3","rTau1","4","L3","3",1883.18478326363,NA
"2122","min.3.rTau1.L3","rTau1","4","L3","3",1626.31297549092,NA
"2123","max.3.rTau1.L3","rTau1","4","L3","3",2229.88186310058,NA
"2124","range.3.rTau1.L3","rTau1","4","L3","3",603.56888760966,NA
"2125","slope.3.rTau1.L3","rTau1","4","L3","3",59.1222566800561,NA
"2126","mean.3.rTau2.L3","rTau2","5","L3","3",17056909.8448473,NA
"2127","min.3.rTau2.L3","rTau2","5","L3","3",9506716.40913632,NA
"2128","max.3.rTau2.L3","rTau2","5","L3","3",51807094.1587018,NA
"2129","range.3.rTau2.L3","rTau2","5","L3","3",42300377.7495655,NA
"2130","slope.3.rTau2.L3","rTau2","5","L3","3",4907317.04175606,NA
"2131","mean.3.rNPQ.L3","rNPQ","6","L3","3",0.278718057437206,NA
"2132","min.3.rNPQ.L3","rNPQ","6","L3","3",0.192697840699916,NA
"2133","max.3.rNPQ.L3","rNPQ","6","L3","3",0.371808051455752,NA
"2134","range.3.rNPQ.L3","rNPQ","6","L3","3",0.179110210755836,NA
"2135","slope.3.rNPQ.L3","rNPQ","6","L3","3",0.0278820995501991,NA
"2136","mean.3.rqP.L3","rqP","7","L3","3",0.539198243218344,NA
"2137","min.3.rqP.L3","rqP","7","L3","3",0.422593327103022,NA
"2138","max.3.rqP.L3","rqP","7","L3","3",0.658099115728724,NA
"2139","range.3.rqP.L3","rqP","7","L3","3",0.235505788625702,NA
"2140","slope.3.rqP.L3","rqP","7","L3","3",0.0375766459177712,NA
"2141","mean.3.rABQ.L3","rABQ","8","L3","3",0.209208956920739,NA
"2142","min.3.rABQ.L3","rABQ","8","L3","3",0.116764871498014,NA
"2143","max.3.rABQ.L3","rABQ","8","L3","3",0.303210055305777,NA
"2144","range.3.rABQ.L3","rABQ","8","L3","3",0.186445183807763,NA
"2145","slope.3.rABQ.L3","rABQ","8","L3","3",0.0104990847487395,NA
"2146","mean.3.rqm.L3","rqm","9","L3","3",0.900877348585564,NA
"2147","min.3.rqm.L3","rqm","9","L3","3",0.888468733024028,NA
"2148","max.3.rqm.L3","rqm","9","L3","3",0.912809812371092,NA
"2149","range.3.rqm.L3","rqm","9","L3","3",0.0243410793470641,NA
"2150","slope.3.rqm.L3","rqm","9","L3","3",-0.0025960077610682,NA
"2151","mean.4.rQuant.L3","rQuant","1","L3","4",0.0371568108259501,NA
"2152","min.4.rQuant.L3","rQuant","1","L3","4",0.033988681401758,NA
"2153","max.4.rQuant.L3","rQuant","1","L3","4",0.0397919340313756,NA
"2154","range.4.rQuant.L3","rQuant","1","L3","4",0.0058032526296176,NA
"2155","slope.4.rQuant.L3","rQuant","1","L3","4",0.000281764388113309,NA
"2156","mean.4.rSigma.L3","rSigma","2","L3","4",2.80558982221268,NA
"2157","min.4.rSigma.L3","rSigma","2","L3","4",2.42362700716843,NA
"2158","max.4.rSigma.L3","rSigma","2","L3","4",3.28965941904618,NA
"2159","range.4.rSigma.L3","rSigma","2","L3","4",0.86603241187775,NA
"2160","slope.4.rSigma.L3","rSigma","2","L3","4",0.010996676369407,NA
"2161","mean.4.rConnect.L3","rConnect","3","L3","4",0.452944722627515,NA
"2162","min.4.rConnect.L3","rConnect","3","L3","4",0.322852139407207,NA
"2163","max.4.rConnect.L3","rConnect","3","L3","4",0.612198800700646,NA
"2164","range.4.rConnect.L3","rConnect","3","L3","4",0.289346661293439,NA
"2165","slope.4.rConnect.L3","rConnect","3","L3","4",0.000361542651843944,NA
"2166","mean.4.rTau1.L3","rTau1","4","L3","4",1813.45572441382,NA
"2167","min.4.rTau1.L3","rTau1","4","L3","4",1114.98008698587,NA
"2168","max.4.rTau1.L3","rTau1","4","L3","4",2874.15564260184,NA
"2169","range.4.rTau1.L3","rTau1","4","L3","4",1759.17555561597,NA
"2170","slope.4.rTau1.L3","rTau1","4","L3","4",90.9621356483397,NA
"2171","mean.4.rTau2.L3","rTau2","5","L3","4",14636722.2476938,NA
"2172","min.4.rTau2.L3","rTau2","5","L3","4",6324277.08781819,NA
"2173","max.4.rTau2.L3","rTau2","5","L3","4",33348089.635607,NA
"2174","range.4.rTau2.L3","rTau2","5","L3","4",27023812.5477888,NA
"2175","slope.4.rTau2.L3","rTau2","5","L3","4",1951000.19027404,NA
"2176","mean.4.rNPQ.L3","rNPQ","6","L3","4",0.274614671794019,NA
"2177","min.4.rNPQ.L3","rNPQ","6","L3","4",0.188207706027347,NA
"2178","max.4.rNPQ.L3","rNPQ","6","L3","4",0.37038844612841,NA
"2179","range.4.rNPQ.L3","rNPQ","6","L3","4",0.182180740101063,NA
"2180","slope.4.rNPQ.L3","rNPQ","6","L3","4",0.0297990513292163,NA
"2181","mean.4.rqP.L3","rqP","7","L3","4",0.532515612569967,NA
"2182","min.4.rqP.L3","rqP","7","L3","4",0.41650571296593,NA
"2183","max.4.rqP.L3","rqP","7","L3","4",0.656130963246514,NA
"2184","range.4.rqP.L3","rqP","7","L3","4",0.239625250280584,NA
"2185","slope.4.rqP.L3","rqP","7","L3","4",0.039167139122941,NA
"2186","mean.4.rABQ.L3","rABQ","8","L3","4",0.227227972768926,NA
"2187","min.4.rABQ.L3","rABQ","8","L3","4",0.0938957797646981,NA
"2188","max.4.rABQ.L3","rABQ","8","L3","4",0.332435860455032,NA
"2189","range.4.rABQ.L3","rABQ","8","L3","4",0.238540080690334,NA
"2190","slope.4.rABQ.L3","rABQ","8","L3","4",-0.00302892597610323,NA
"2191","mean.4.rqm.L3","rqm","9","L3","4",0.903023183563046,NA
"2192","min.4.rqm.L3","rqm","9","L3","4",0.896145686444729,NA
"2193","max.4.rqm.L3","rqm","9","L3","4",0.911291791626788,NA
"2194","range.4.rqm.L3","rqm","9","L3","4",0.0151461051820589,NA
"2195","slope.4.rqm.L3","rqm","9","L3","4",-0.000735386399885808,NA
"2196","mean.1.rQuant.R1","rQuant","1","R1","1",0.199022673658437,NA
"2197","min.1.rQuant.R1","rQuant","1","R1","1",0.185690827926172,NA
"2198","max.1.rQuant.R1","rQuant","1","R1","1",0.211201208649062,NA
"2199","range.1.rQuant.R1","rQuant","1","R1","1",0.02551038072289,NA
"2200","slope.1.rQuant.R1","rQuant","1","R1","1",0.00615525761007,NA
"2201","mean.1.rSigma.R1","rSigma","2","R1","1",5.59169377585745,NA
"2202","min.1.rSigma.R1","rSigma","2","R1","1",5.17420315020331,NA
"2203","max.1.rSigma.R1","rSigma","2","R1","1",5.78054176444476,NA
"2204","range.1.rSigma.R1","rSigma","2","R1","1",0.606338614241451,NA
"2205","slope.1.rSigma.R1","rSigma","2","R1","1",0.118017252067981,NA
"2206","mean.1.rConnect.R1","rConnect","3","R1","1",0.206369500488406,NA
"2207","min.1.rConnect.R1","rConnect","3","R1","1",0.173439046109136,NA
"2208","max.1.rConnect.R1","rConnect","3","R1","1",0.248815572382384,NA
"2209","range.1.rConnect.R1","rConnect","3","R1","1",0.075376526273248,NA
"2210","slope.1.rConnect.R1","rConnect","3","R1","1",0.014112072331171,NA
"2211","mean.1.rTau1.R1","rTau1","4","R1","1",2033.53775350769,NA
"2212","min.1.rTau1.R1","rTau1","4","R1","1",1947.6347824599,NA
"2213","max.1.rTau1.R1","rTau1","4","R1","1",2104.52088356744,NA
"2214","range.1.rTau1.R1","rTau1","4","R1","1",156.88610110754,NA
"2215","slope.1.rTau1.R1","rTau1","4","R1","1",2.10064851567603,NA
"2216","mean.1.rTau2.R1","rTau2","5","R1","1",1682358.39636526,NA
"2217","min.1.rTau2.R1","rTau2","5","R1","1",1554516.25546903,NA
"2218","max.1.rTau2.R1","rTau2","5","R1","1",1846750.54602238,NA
"2219","range.1.rTau2.R1","rTau2","5","R1","1",292234.29055335,NA
"2220","slope.1.rTau2.R1","rTau2","5","R1","1",-64772.8499141701,NA
"2221","mean.1.rNPQ.R1","rNPQ","6","R1","1",0.357235961798293,NA
"2222","min.1.rNPQ.R1","rNPQ","6","R1","1",0.336324438563318,NA
"2223","max.1.rNPQ.R1","rNPQ","6","R1","1",0.402913985269061,NA
"2224","range.1.rNPQ.R1","rNPQ","6","R1","1",0.066589546705743,NA
"2225","slope.1.rNPQ.R1","rNPQ","6","R1","1",-0.0151795978313684,NA
"2226","mean.1.rqP.R1","rqP","7","R1","1",0.976662107356673,NA
"2227","min.1.rqP.R1","rqP","7","R1","1",0.965281892089711,NA
"2228","max.1.rqP.R1","rqP","7","R1","1",1,NA
"2229","range.1.rqP.R1","rqP","7","R1","1",0.034718107910289,NA
"2230","slope.1.rqP.R1","rqP","7","R1","1",-0.00477633771081908,NA
"2231","mean.1.rABQ.R1","rABQ","8","R1","1",-0.297912179423016,NA
"2232","min.1.rABQ.R1","rABQ","8","R1","1",-0.341746501235358,NA
"2233","max.1.rABQ.R1","rABQ","8","R1","1",-0.201006628162145,NA
"2234","range.1.rABQ.R1","rABQ","8","R1","1",0.140739873073213,NA
"2235","slope.1.rABQ.R1","rABQ","8","R1","1",-0.0273934938108411,NA
"2236","mean.1.rqm.R1","rqm","9","R1","1",0.480756880670106,NA
"2237","min.1.rqm.R1","rqm","9","R1","1",0.448983513439332,NA
"2238","max.1.rqm.R1","rqm","9","R1","1",0.515539194851689,NA
"2239","range.1.rqm.R1","rqm","9","R1","1",0.066555681412357,NA
"2240","slope.1.rqm.R1","rqm","9","R1","1",-0.0160588494917764,NA
"2241","mean.2.rQuant.R1","rQuant","1","R1","2",0.193782113221292,NA
"2242","min.2.rQuant.R1","rQuant","1","R1","2",0.180269842614645,NA
"2243","max.2.rQuant.R1","rQuant","1","R1","2",0.205829995961633,NA
"2244","range.2.rQuant.R1","rQuant","1","R1","2",0.025560153346988,NA
"2245","slope.2.rQuant.R1","rQuant","1","R1","2",0.00594612407387261,NA
"2246","mean.2.rSigma.R1","rSigma","2","R1","2",5.55940860366612,NA
"2247","min.2.rSigma.R1","rSigma","2","R1","2",5.23259282358855,NA
"2248","max.2.rSigma.R1","rSigma","2","R1","2",5.71848843210711,NA
"2249","range.2.rSigma.R1","rSigma","2","R1","2",0.48589560851856,NA
"2250","slope.2.rSigma.R1","rSigma","2","R1","2",0.113135903546775,NA
"2251","mean.2.rConnect.R1","rConnect","3","R1","2",0.247972872204915,NA
"2252","min.2.rConnect.R1","rConnect","3","R1","2",0.226748629190663,NA
"2253","max.2.rConnect.R1","rConnect","3","R1","2",0.27710844580873,NA
"2254","range.2.rConnect.R1","rConnect","3","R1","2",0.050359816618067,NA
"2255","slope.2.rConnect.R1","rConnect","3","R1","2",-0.0061041712182802,NA
"2256","mean.2.rTau1.R1","rTau1","4","R1","2",2118.6435445044,NA
"2257","min.2.rTau1.R1","rTau1","4","R1","2",1965.53905606192,NA
"2258","max.2.rTau1.R1","rTau1","4","R1","2",2230.84222348508,NA
"2259","range.2.rTau1.R1","rTau1","4","R1","2",265.30316742316,NA
"2260","slope.2.rTau1.R1","rTau1","4","R1","2",-43.4002949288891,NA
"2261","mean.2.rTau2.R1","rTau2","5","R1","2",1683422.2286051,NA
"2262","min.2.rTau2.R1","rTau2","5","R1","2",1498064.12733831,NA
"2263","max.2.rTau2.R1","rTau2","5","R1","2",1895535.22281309,NA
"2264","range.2.rTau2.R1","rTau2","5","R1","2",397471.09547478,NA
"2265","slope.2.rTau2.R1","rTau2","5","R1","2",-110153.226725622,NA
"2266","mean.2.rNPQ.R1","rNPQ","6","R1","2",0.427426099989006,NA
"2267","min.2.rNPQ.R1","rNPQ","6","R1","2",0.405322449030167,NA
"2268","max.2.rNPQ.R1","rNPQ","6","R1","2",0.475434726647153,NA
"2269","range.2.rNPQ.R1","rNPQ","6","R1","2",0.070112277616986,NA
"2270","slope.2.rNPQ.R1","rNPQ","6","R1","2",-0.0160081562511851,NA
"2271","mean.2.rqP.R1","rqP","7","R1","2",0.979076725440005,NA
"2272","min.2.rqP.R1","rqP","7","R1","2",0.969517174570459,NA
"2273","max.2.rqP.R1","rqP","7","R1","2",1,NA
"2274","range.2.rqP.R1","rqP","7","R1","2",0.0304828254295409,NA
"2275","slope.2.rqP.R1","rqP","7","R1","2",-0.00475158912659902,NA
"2276","mean.2.rABQ.R1","rABQ","8","R1","2",-0.312003230102997,NA
"2277","min.2.rABQ.R1","rABQ","8","R1","2",-0.349545577434901,NA
"2278","max.2.rABQ.R1","rABQ","8","R1","2",-0.234875717146378,NA
"2279","range.2.rABQ.R1","rABQ","8","R1","2",0.114669860288523,NA
"2280","slope.2.rABQ.R1","rABQ","8","R1","2",-0.0266997232036704,NA
"2281","mean.2.rqm.R1","rqm","9","R1","2",0.481870308209984,NA
"2282","min.2.rqm.R1","rqm","9","R1","2",0.449656985384639,NA
"2283","max.2.rqm.R1","rqm","9","R1","2",0.517999074113215,NA
"2284","range.2.rqm.R1","rqm","9","R1","2",0.068342088728576,NA
"2285","slope.2.rqm.R1","rqm","9","R1","2",-0.0158985955025817,NA
"2286","mean.3.rQuant.R1","rQuant","1","R1","3",0.199127569247078,NA
"2287","min.3.rQuant.R1","rQuant","1","R1","3",0.186908785688143,NA
"2288","max.3.rQuant.R1","rQuant","1","R1","3",0.211844612599744,NA
"2289","range.3.rQuant.R1","rQuant","1","R1","3",0.024935826911601,NA
"2290","slope.3.rQuant.R1","rQuant","1","R1","3",0.00594084678507251,NA
"2291","mean.3.rSigma.R1","rSigma","2","R1","3",5.34250701900027,NA
"2292","min.3.rSigma.R1","rSigma","2","R1","3",5.16743609439478,NA
"2293","max.3.rSigma.R1","rSigma","2","R1","3",5.48286809473524,NA
"2294","range.3.rSigma.R1","rSigma","2","R1","3",0.31543200034046,NA
"2295","slope.3.rSigma.R1","rSigma","2","R1","3",0.0944661002356116,NA
"2296","mean.3.rConnect.R1","rConnect","3","R1","3",0.253887680600367,NA
"2297","min.3.rConnect.R1","rConnect","3","R1","3",0.218391151432924,NA
"2298","max.3.rConnect.R1","rConnect","3","R1","3",0.287763025421259,NA
"2299","range.3.rConnect.R1","rConnect","3","R1","3",0.069371873988335,NA
"2300","slope.3.rConnect.R1","rConnect","3","R1","3",0.0117375327696473,NA
"2301","mean.3.rTau1.R1","rTau1","4","R1","3",2012.33790620016,NA
"2302","min.3.rTau1.R1","rTau1","4","R1","3",1935.0524478796,NA
"2303","max.3.rTau1.R1","rTau1","4","R1","3",2078.87315425455,NA
"2304","range.3.rTau1.R1","rTau1","4","R1","3",143.82070637495,NA
"2305","slope.3.rTau1.R1","rTau1","4","R1","3",-14.0737242216751,NA
"2306","mean.3.rTau2.R1","rTau2","5","R1","3",1572692.82682774,NA
"2307","min.3.rTau2.R1","rTau2","5","R1","3",1356172.66149979,NA
"2308","max.3.rTau2.R1","rTau2","5","R1","3",1800705.53919113,NA
"2309","range.3.rTau2.R1","rTau2","5","R1","3",444532.87769134,NA
"2310","slope.3.rTau2.R1","rTau2","5","R1","3",-106205.848493974,NA
"2311","mean.3.rNPQ.R1","rNPQ","6","R1","3",0.447581538169826,NA
"2312","min.3.rNPQ.R1","rNPQ","6","R1","3",0.422687383535721,NA
"2313","max.3.rNPQ.R1","rNPQ","6","R1","3",0.49693440302339,NA
"2314","range.3.rNPQ.R1","rNPQ","6","R1","3",0.074247019487669,NA
"2315","slope.3.rNPQ.R1","rNPQ","6","R1","3",-0.0169908768202589,NA
"2316","mean.3.rqP.R1","rqP","7","R1","3",0.977748027748573,NA
"2317","min.3.rqP.R1","rqP","7","R1","3",0.965796592853572,NA
"2318","max.3.rqP.R1","rqP","7","R1","3",1,NA
"2319","range.3.rqP.R1","rqP","7","R1","3",0.034203407146428,NA
"2320","slope.3.rqP.R1","rqP","7","R1","3",-0.00509437678789385,NA
"2321","mean.3.rABQ.R1","rABQ","8","R1","3",-0.326459529810807,NA
"2322","min.3.rABQ.R1","rABQ","8","R1","3",-0.361308952724244,NA
"2323","max.3.rABQ.R1","rABQ","8","R1","3",-0.282992203420809,NA
"2324","range.3.rABQ.R1","rABQ","8","R1","3",0.078316749303435,NA
"2325","slope.3.rABQ.R1","rABQ","8","R1","3",-0.0234544303743449,NA
"2326","mean.3.rqm.R1","rqm","9","R1","3",0.483119515997216,NA
"2327","min.3.rqm.R1","rqm","9","R1","3",0.450109563894331,NA
"2328","max.3.rqm.R1","rqm","9","R1","3",0.514836122511059,NA
"2329","range.3.rqm.R1","rqm","9","R1","3",0.064726558616728,NA
"2330","slope.3.rqm.R1","rqm","9","R1","3",-0.0154208067384403,NA
"2331","mean.4.rQuant.R1","rQuant","1","R1","4",0.207139527783042,NA
"2332","min.4.rQuant.R1","rQuant","1","R1","4",0.1877991512983,NA
"2333","max.4.rQuant.R1","rQuant","1","R1","4",0.218350333319846,NA
"2334","range.4.rQuant.R1","rQuant","1","R1","4",0.030551182021546,NA
"2335","slope.4.rQuant.R1","rQuant","1","R1","4",0.00667041278559349,NA
"2336","mean.4.rSigma.R1","rSigma","2","R1","4",4.85252351679037,NA
"2337","min.4.rSigma.R1","rSigma","2","R1","4",4.67423193180385,NA
"2338","max.4.rSigma.R1","rSigma","2","R1","4",4.93125422305267,NA
"2339","range.4.rSigma.R1","rSigma","2","R1","4",0.25702229124882,NA
"2340","slope.4.rSigma.R1","rSigma","2","R1","4",0.0495580651093284,NA
"2341","mean.4.rConnect.R1","rConnect","3","R1","4",0.27742018527705,NA
"2342","min.4.rConnect.R1","rConnect","3","R1","4",0.261324015580634,NA
"2343","max.4.rConnect.R1","rConnect","3","R1","4",0.298552607189702,NA
"2344","range.4.rConnect.R1","rConnect","3","R1","4",0.037228591609068,NA
"2345","slope.4.rConnect.R1","rConnect","3","R1","4",0.0025294861938374,NA
"2346","mean.4.rTau1.R1","rTau1","4","R1","4",1498.51797460739,NA
"2347","min.4.rTau1.R1","rTau1","4","R1","4",1435.06661902399,NA
"2348","max.4.rTau1.R1","rTau1","4","R1","4",1567.23071488797,NA
"2349","range.4.rTau1.R1","rTau1","4","R1","4",132.16409586398,NA
"2350","slope.4.rTau1.R1","rTau1","4","R1","4",2.18948226151107,NA
"2351","mean.4.rTau2.R1","rTau2","5","R1","4",1403393.7752051,NA
"2352","min.4.rTau2.R1","rTau2","5","R1","4",1342432.95105326,NA
"2353","max.4.rTau2.R1","rTau2","5","R1","4",1478690.003475,NA
"2354","range.4.rTau2.R1","rTau2","5","R1","4",136257.05242174,NA
"2355","slope.4.rTau2.R1","rTau2","5","R1","4",-19875.538925262,NA
"2356","mean.4.rNPQ.R1","rNPQ","6","R1","4",0.438077990270094,NA
"2357","min.4.rNPQ.R1","rNPQ","6","R1","4",0.415655815997078,NA
"2358","max.4.rNPQ.R1","rNPQ","6","R1","4",0.49352319612793,NA
"2359","range.4.rNPQ.R1","rNPQ","6","R1","4",0.077867380130852,NA
"2360","slope.4.rNPQ.R1","rNPQ","6","R1","4",-0.0176342164117807,NA
"2361","mean.4.rqP.R1","rqP","7","R1","4",0.983350348252784,NA
"2362","min.4.rqP.R1","rqP","7","R1","4",0.972061146862198,NA
"2363","max.4.rqP.R1","rqP","7","R1","4",1,NA
"2364","range.4.rqP.R1","rqP","7","R1","4",0.027938853137802,NA
"2365","slope.4.rqP.R1","rqP","7","R1","4",-0.00454747292971709,NA
"2366","mean.4.rABQ.R1","rABQ","8","R1","4",-0.336579711534287,NA
"2367","min.4.rABQ.R1","rABQ","8","R1","4",-0.35826530755476,NA
"2368","max.4.rABQ.R1","rABQ","8","R1","4",-0.287471054068595,NA
"2369","range.4.rABQ.R1","rABQ","8","R1","4",0.070794253486165,NA
"2370","slope.4.rABQ.R1","rABQ","8","R1","4",-0.0136502799293669,NA
"2371","mean.4.rqm.R1","rqm","9","R1","4",0.459379545334273,NA
"2372","min.4.rqm.R1","rqm","9","R1","4",0.430120085049977,NA
"2373","max.4.rqm.R1","rqm","9","R1","4",0.509856647606801,NA
"2374","range.4.rqm.R1","rqm","9","R1","4",0.079736562556824,NA
"2375","slope.4.rqm.R1","rqm","9","R1","4",-0.0174093357822688,NA
"2376","mean.All.rQuant.All","rQuant","1","All","All",0.0954068640417512,NA
"2377","min.All.rQuant.All","rQuant","1","All","All",0.0277594214438794,NA
"2378","max.All.rQuant.All","rQuant","1","All","All",0.385248767190842,NA
"2379","range.All.rQuant.All","rQuant","1","All","All",0.357489345746963,NA
"2380","slope.All.rQuant.All","rQuant","1","All","All",0.0022152259407644,NA
"2381","mean.All.rSigma.All","rSigma","2","All","All",3.89956708567333,NA
"2382","min.All.rSigma.All","rSigma","2","All","All",2.16047775410785,NA
"2383","max.All.rSigma.All","rSigma","2","All","All",5.78054176444476,NA
"2384","range.All.rSigma.All","rSigma","2","All","All",3.62006401033691,NA
"2385","slope.All.rSigma.All","rSigma","2","All","All",0.0625429539244474,NA
"2386","mean.All.rConnect.All","rConnect","3","All","All",0.33051703556151,NA
"2387","min.All.rConnect.All","rConnect","3","All","All",0.1234405044559,NA
"2388","max.All.rConnect.All","rConnect","3","All","All",0.663601917455589,NA
"2389","range.All.rConnect.All","rConnect","3","All","All",0.540161412999689,NA
"2390","slope.All.rConnect.All","rConnect","3","All","All",-0.00499948187619008,NA
"2391","mean.All.rTau1.All","rTau1","4","All","All",2218.44816156461,NA
"2392","min.All.rTau1.All","rTau1","4","All","All",805.140507012122,NA
"2393","max.All.rTau1.All","rTau1","4","All","All",8382.1701302835,NA
"2394","range.All.rTau1.All","rTau1","4","All","All",7577.02962327138,NA
"2395","slope.All.rTau1.All","rTau1","4","All","All",-49.9222719241472,NA
"2396","mean.All.rTau2.All","rTau2","5","All","All",8008765.54186327,NA
"2397","min.All.rTau2.All","rTau2","5","All","All",692259.261211484,NA
"2398","max.All.rTau2.All","rTau2","5","All","All",51807094.1587018,NA
"2399","range.All.rTau2.All","rTau2","5","All","All",51114834.8974903,NA
"2400","slope.All.rTau2.All","rTau2","5","All","All",45360.5456124673,NA
"2401","mean.All.rNPQ.All","rNPQ","6","All","All",0.266337925857378,NA
"2402","min.All.rNPQ.All","rNPQ","6","All","All",0.0248034115419007,NA
"2403","max.All.rNPQ.All","rNPQ","6","All","All",0.870065220918241,NA
"2404","range.All.rNPQ.All","rNPQ","6","All","All",0.84526180937634,NA
"2405","slope.All.rNPQ.All","rNPQ","6","All","All",0.00683307061836686,NA
"2406","mean.All.rqP.All","rqP","7","All","All",0.606560739205876,NA
"2407","min.All.rqP.All","rqP","7","All","All",0.128935527838446,NA
"2408","max.All.rqP.All","rqP","7","All","All",1.54772010300496,NA
"2409","range.All.rqP.All","rqP","7","All","All",1.41878457516651,NA
"2410","slope.All.rqP.All","rqP","7","All","All",0.0163788394147553,NA
"2411","mean.All.rABQ.All","rABQ","8","All","All",0.0363720730601017,NA
"2412","min.All.rABQ.All","rABQ","8","All","All",-0.361308952724244,NA
"2413","max.All.rABQ.All","rABQ","8","All","All",0.411237382992477,NA
"2414","range.All.rABQ.All","rABQ","8","All","All",0.772546335716721,NA
"2415","slope.All.rABQ.All","rABQ","8","All","All",-0.0154544573872856,NA
"2416","mean.All.rqm.All","rqm","9","All","All",0.749887731461197,NA
"2417","min.All.rqm.All","rqm","9","All","All",0,NA
"2418","max.All.rqm.All","rqm","9","All","All",0.927576650859137,NA
"2419","range.All.rqm.All","rqm","9","All","All",0.927576650859137,NA
"2420","slope.All.rqm.All","rqm","9","All","All",-0.00580671889322086,NA
"2421","mean.All.rQuant.L1","rQuant","1","L1","All",0.0383217999983364,NA
"2422","min.All.rQuant.L1","rQuant","1","L1","All",0.0296012665912074,NA
"2423","max.All.rQuant.L1","rQuant","1","L1","All",0.0527889496162477,NA
"2424","range.All.rQuant.L1","rQuant","1","L1","All",0.0231876830250403,NA
"2425","slope.All.rQuant.L1","rQuant","1","L1","All",0.00174632807217914,NA
"2426","mean.All.rSigma.L1","rSigma","2","L1","All",3.0894851489503,NA
"2427","min.All.rSigma.L1","rSigma","2","L1","All",2.16047775410785,NA
"2428","max.All.rSigma.L1","rSigma","2","L1","All",4.09530769055012,NA
"2429","range.All.rSigma.L1","rSigma","2","L1","All",1.93482993644227,NA
"2430","slope.All.rSigma.L1","rSigma","2","L1","All",0.188607197115775,NA
"2431","mean.All.rConnect.L1","rConnect","3","L1","All",0.39834361106633,NA
"2432","min.All.rConnect.L1","rConnect","3","L1","All",0.1234405044559,NA
"2433","max.All.rConnect.L1","rConnect","3","L1","All",0.663601917455589,NA
"2434","range.All.rConnect.L1","rConnect","3","L1","All",0.540161412999689,NA
"2435","slope.All.rConnect.L1","rConnect","3","L1","All",-0.0547873112258961,NA
"2436","mean.All.rTau1.L1","rTau1","4","L1","All",3123.18836729018,NA
"2437","min.All.rTau1.L1","rTau1","4","L1","All",1064.35460908675,NA
"2438","max.All.rTau1.L1","rTau1","4","L1","All",8382.1701302835,NA
"2439","range.All.rTau1.L1","rTau1","4","L1","All",7317.81552119675,NA
"2440","slope.All.rTau1.L1","rTau1","4","L1","All",-540.894493742922,NA
"2441","mean.All.rTau2.L1","rTau2","5","L1","All",8827036.76066429,NA
"2442","min.All.rTau2.L1","rTau2","5","L1","All",4021398.00457781,NA
"2443","max.All.rTau2.L1","rTau2","5","L1","All",19825687.2048578,NA
"2444","range.All.rTau2.L1","rTau2","5","L1","All",15804289.20028,NA
"2445","slope.All.rTau2.L1","rTau2","5","L1","All",792251.876892734,NA
"2446","mean.All.rNPQ.L1","rNPQ","6","L1","All",0.122002694451037,NA
"2447","min.All.rNPQ.L1","rNPQ","6","L1","All",0.0248034115419007,NA
"2448","max.All.rNPQ.L1","rNPQ","6","L1","All",0.205540818897252,NA
"2449","range.All.rNPQ.L1","rNPQ","6","L1","All",0.180737407355351,NA
"2450","slope.All.rNPQ.L1","rNPQ","6","L1","All",0.0194702926072746,NA
"2451","mean.All.rqP.L1","rqP","7","L1","All",0.316424940538422,NA
"2452","min.All.rqP.L1","rqP","7","L1","All",0.128935527838446,NA
"2453","max.All.rqP.L1","rqP","7","L1","All",0.456473627765257,NA
"2454","range.All.rqP.L1","rqP","7","L1","All",0.327538099926811,NA
"2455","slope.All.rqP.L1","rqP","7","L1","All",0.0367427818022879,NA
"2456","mean.All.rABQ.L1","rABQ","8","L1","All",0.236394370663001,NA
"2457","min.All.rABQ.L1","rABQ","8","L1","All",0.0335200555821402,NA
"2458","max.All.rABQ.L1","rABQ","8","L1","All",0.411237382992477,NA
"2459","range.All.rABQ.L1","rABQ","8","L1","All",0.377717327410337,NA
"2460","slope.All.rABQ.L1","rABQ","8","L1","All",-0.0468702386698993,NA
"2461","mean.All.rqm.L1","rqm","9","L1","All",0.899545572342174,NA
"2462","min.All.rqm.L1","rqm","9","L1","All",0.862224336183901,NA
"2463","max.All.rqm.L1","rqm","9","L1","All",0.923163241229676,NA
"2464","range.All.rqm.L1","rqm","9","L1","All",0.0609389050457749,NA
"2465","slope.All.rqm.L1","rqm","9","L1","All",-0.00457161999967823,NA
"2466","mean.All.rQuant.L2","rQuant","1","L2","All",0.0977800256312442,NA
"2467","min.All.rQuant.L2","rQuant","1","L2","All",0.0767113198988793,NA
"2468","max.All.rQuant.L2","rQuant","1","L2","All",0.113849715889941,NA
"2469","range.All.rQuant.L2","rQuant","1","L2","All",0.0371383959910617,NA
"2470","slope.All.rQuant.L2","rQuant","1","L2","All",0.00523998382369305,NA
"2471","mean.All.rSigma.L2","rSigma","2","L2","All",4.58480662444317,NA
"2472","min.All.rSigma.L2","rSigma","2","L2","All",4.09144413200061,NA
"2473","max.All.rSigma.L2","rSigma","2","L2","All",5.00296844293246,NA
"2474","range.All.rSigma.L2","rSigma","2","L2","All",0.91152431093185,NA
"2475","slope.All.rSigma.L2","rSigma","2","L2","All",0.0163041913070912,NA
"2476","mean.All.rConnect.L2","rConnect","3","L2","All",0.240492299477284,NA
"2477","min.All.rConnect.L2","rConnect","3","L2","All",0.142606348368294,NA
"2478","max.All.rConnect.L2","rConnect","3","L2","All",0.358478252428924,NA
"2479","range.All.rConnect.L2","rConnect","3","L2","All",0.21587190406063,NA
"2480","slope.All.rConnect.L2","rConnect","3","L2","All",-0.00464556146096044,NA
"2481","mean.All.rTau1.L2","rTau1","4","L2","All",2034.06278705304,NA
"2482","min.All.rTau1.L2","rTau1","4","L2","All",1341.95449591716,NA
"2483","max.All.rTau1.L2","rTau1","4","L2","All",2599.32754093111,NA
"2484","range.All.rTau1.L2","rTau1","4","L2","All",1257.37304501395,NA
"2485","slope.All.rTau1.L2","rTau1","4","L2","All",-12.2285509872131,NA
"2486","mean.All.rTau2.L2","rTau2","5","L2","All",4406326.61662184,NA
"2487","min.All.rTau2.L2","rTau2","5","L2","All",3351043.23667621,NA
"2488","max.All.rTau2.L2","rTau2","5","L2","All",7602383.90155782,NA
"2489","range.All.rTau2.L2","rTau2","5","L2","All",4251340.66488161,NA
"2490","slope.All.rTau2.L2","rTau2","5","L2","All",-206886.094671051,NA
"2491","mean.All.rNPQ.L2","rNPQ","6","L2","All",0.227640248488422,NA
"2492","min.All.rNPQ.L2","rNPQ","6","L2","All",0.172339559086539,NA
"2493","max.All.rNPQ.L2","rNPQ","6","L2","All",0.255135158602659,NA
"2494","range.All.rNPQ.L2","rNPQ","6","L2","All",0.08279559951612,NA
"2495","slope.All.rNPQ.L2","rNPQ","6","L2","All",0.000106054331184284,NA
"2496","mean.All.rqP.L2","rqP","7","L2","All",0.594567947199186,NA
"2497","min.All.rqP.L2","rqP","7","L2","All",0.517384063182799,NA
"2498","max.All.rqP.L2","rqP","7","L2","All",0.637386027382631,NA
"2499","range.All.rqP.L2","rqP","7","L2","All",0.120001964199832,NA
"2500","slope.All.rqP.L2","rqP","7","L2","All",0.00974863010955231,NA
"2501","mean.All.rABQ.L2","rABQ","8","L2","All",-0.133046113099599,NA
"2502","min.All.rABQ.L2","rABQ","8","L2","All",-0.209449073382187,NA
"2503","max.All.rABQ.L2","rABQ","8","L2","All",-0.0535644168792302,NA
"2504","range.All.rABQ.L2","rABQ","8","L2","All",0.155884656502957,NA
"2505","slope.All.rABQ.L2","rABQ","8","L2","All",-0.00404910592698603,NA
"2506","mean.All.rqm.L2","rqm","9","L2","All",0.743660862123511,NA
"2507","min.All.rqm.L2","rqm","9","L2","All",0.704477403730294,NA
"2508","max.All.rqm.L2","rqm","9","L2","All",0.799862878434812,NA
"2509","range.All.rqm.L2","rqm","9","L2","All",0.095385474704518,NA
"2510","slope.All.rqm.L2","rqm","9","L2","All",-0.0137327830347261,NA
"2511","mean.All.rQuant.L3","rQuant","1","L3","All",0.0350545093918164,NA
"2512","min.All.rQuant.L3","rQuant","1","L3","All",0.0277594214438794,NA
"2513","max.All.rQuant.L3","rQuant","1","L3","All",0.042967283105726,NA
"2514","range.All.rQuant.L3","rQuant","1","L3","All",0.0152078616618466,NA
"2515","slope.All.rQuant.L3","rQuant","1","L3","All",0.000364037543173594,NA
"2516","mean.All.rSigma.L3","rSigma","2","L3","All",3.07427165342032,NA
"2517","min.All.rSigma.L3","rSigma","2","L3","All",2.42362700716843,NA
"2518","max.All.rSigma.L3","rSigma","2","L3","All",3.60352191106202,NA
"2519","range.All.rSigma.L3","rSigma","2","L3","All",1.17989490389359,NA
"2520","slope.All.rSigma.L3","rSigma","2","L3","All",-0.0281735662772003,NA
"2521","mean.All.rConnect.L3","rConnect","3","L3","All",0.397657338110791,NA
"2522","min.All.rConnect.L3","rConnect","3","L3","All",0.169322138449692,NA
"2523","max.All.rConnect.L3","rConnect","3","L3","All",0.626408597149163,NA
"2524","range.All.rConnect.L3","rConnect","3","L3","All",0.457086458699471,NA
"2525","slope.All.rConnect.L3","rConnect","3","L3","All",-0.0146873610375284,NA
"2526","mean.All.rTau1.L3","rTau1","4","L3","All",1886.95742059096,NA
"2527","min.All.rTau1.L3","rTau1","4","L3","All",1114.98008698587,NA
"2528","max.All.rTau1.L3","rTau1","4","L3","All",3363.10345654866,NA
"2529","range.All.rTau1.L3","rTau1","4","L3","All",2248.12336956279,NA
"2530","slope.All.rTau1.L3","rTau1","4","L3","All",11.8501622517204,NA
"2531","mean.All.rTau2.L3","rTau2","5","L3","All",15907057.7546228,NA
"2532","min.All.rTau2.L3","rTau2","5","L3","All",6324277.08781819,NA
"2533","max.All.rTau2.L3","rTau2","5","L3","All",51807094.1587018,NA
"2534","range.All.rTau2.L3","rTau2","5","L3","All",45482817.0708836,NA
"2535","slope.All.rTau2.L3","rTau2","5","L3","All",1615972.24503947,NA
"2536","mean.All.rNPQ.L3","rNPQ","6","L3","All",0.254970794351303,NA
"2537","min.All.rNPQ.L3","rNPQ","6","L3","All",0.124061261453862,NA
"2538","max.All.rNPQ.L3","rNPQ","6","L3","All",0.371808051455752,NA
"2539","range.All.rNPQ.L3","rNPQ","6","L3","All",0.24774679000189,NA
"2540","slope.All.rNPQ.L3","rNPQ","6","L3","All",0.0283323422511371,NA
"2541","mean.All.rqP.L3","rqP","7","L3","All",0.514328322155537,NA
"2542","min.All.rqP.L3","rqP","7","L3","All",0.335019217853285,NA
"2543","max.All.rqP.L3","rqP","7","L3","All",0.658099115728724,NA
"2544","range.All.rqP.L3","rqP","7","L3","All",0.323079897875439,NA
"2545","slope.All.rqP.L3","rqP","7","L3","All",0.0397682367298864,NA
"2546","mean.All.rABQ.L3","rABQ","8","L3","All",0.24005475672973,NA
"2547","min.All.rABQ.L3","rABQ","8","L3","All",0.0938957797646981,NA
"2548","max.All.rABQ.L3","rABQ","8","L3","All",0.39211303019723,NA
"2549","range.All.rABQ.L3","rABQ","8","L3","All",0.298217250432532,NA
"2550","slope.All.rABQ.L3","rABQ","8","L3","All",0.00665000056777168,NA
"2551","mean.All.rqm.L3","rqm","9","L3","All",0.908127003727195,NA
"2552","min.All.rqm.L3","rqm","9","L3","All",0.888468733024028,NA
"2553","max.All.rqm.L3","rqm","9","L3","All",0.927576650859137,NA
"2554","range.All.rqm.L3","rqm","9","L3","All",0.039107917835109,NA
"2555","slope.All.rqm.L3","rqm","9","L3","All",-0.000948506728005222,NA
"2556","mean.All.rQuant.R1","rQuant","1","R1","All",0.199767970977462,NA
"2557","min.All.rQuant.R1","rQuant","1","R1","All",0.180269842614645,NA
"2558","max.All.rQuant.R1","rQuant","1","R1","All",0.218350333319846,NA
"2559","range.All.rQuant.R1","rQuant","1","R1","All",0.038080490705201,NA
"2560","slope.All.rQuant.R1","rQuant","1","R1","All",0.00617816031365215,NA
"2561","mean.All.rSigma.R1","rSigma","2","R1","All",5.33653322882855,NA
"2562","min.All.rSigma.R1","rSigma","2","R1","All",4.67423193180385,NA
"2563","max.All.rSigma.R1","rSigma","2","R1","All",5.78054176444476,NA
"2564","range.All.rSigma.R1","rSigma","2","R1","All",1.10630983264091,NA
"2565","slope.All.rSigma.R1","rSigma","2","R1","All",0.0937943302399241,NA
"2566","mean.All.rConnect.R1","rConnect","3","R1","All",0.246412559642684,NA
"2567","min.All.rConnect.R1","rConnect","3","R1","All",0.173439046109136,NA
"2568","max.All.rConnect.R1","rConnect","3","R1","All",0.298552607189702,NA
"2569","range.All.rConnect.R1","rConnect","3","R1","All",0.125113561080566,NA
"2570","slope.All.rConnect.R1","rConnect","3","R1","All",0.00556873001909387,NA
"2571","mean.All.rTau1.R1","rTau1","4","R1","All",1915.75929470491,NA
"2572","min.All.rTau1.R1","rTau1","4","R1","All",1435.06661902399,NA
"2573","max.All.rTau1.R1","rTau1","4","R1","All",2230.84222348508,NA
"2574","range.All.rTau1.R1","rTau1","4","R1","All",795.77560446109,NA
"2575","slope.All.rTau1.R1","rTau1","4","R1","All",-13.2959720933442,NA
"2576","mean.All.rTau2.R1","rTau2","5","R1","All",1585466.8067508,NA
"2577","min.All.rTau2.R1","rTau2","5","R1","All",1342432.95105326,NA
"2578","max.All.rTau2.R1","rTau2","5","R1","All",1895535.22281309,NA
"2579","range.All.rTau2.R1","rTau2","5","R1","All",553102.27175983,NA
"2580","slope.All.rTau2.R1","rTau2","5","R1","All",-75251.866014757,NA
"2581","mean.All.rNPQ.R1","rNPQ","6","R1","All",0.417580397556805,NA
"2582","min.All.rNPQ.R1","rNPQ","6","R1","All",0.336324438563318,NA
"2583","max.All.rNPQ.R1","rNPQ","6","R1","All",0.49693440302339,NA
"2584","range.All.rNPQ.R1","rNPQ","6","R1","All",0.160609964460072,NA
"2585","slope.All.rNPQ.R1","rNPQ","6","R1","All",-0.0164532118286483,NA
"2586","mean.All.rqP.R1","rqP","7","R1","All",0.979209302199509,NA
"2587","min.All.rqP.R1","rqP","7","R1","All",0.965281892089711,NA
"2588","max.All.rqP.R1","rqP","7","R1","All",1,NA
"2589","range.All.rqP.R1","rqP","7","R1","All",0.034718107910289,NA
"2590","slope.All.rqP.R1","rqP","7","R1","All",-0.00479244413875724,NA
"2591","mean.All.rABQ.R1","rABQ","8","R1","All",-0.318238662717777,NA
"2592","min.All.rABQ.R1","rABQ","8","R1","All",-0.361308952724244,NA
"2593","max.All.rABQ.R1","rABQ","8","R1","All",-0.201006628162145,NA
"2594","range.All.rABQ.R1","rABQ","8","R1","All",0.160302324562099,NA
"2595","slope.All.rABQ.R1","rABQ","8","R1","All",-0.0227994818295558,NA
"2596","mean.All.rqm.R1","rqm","9","R1","All",0.476281562552895,NA
"2597","min.All.rqm.R1","rqm","9","R1","All",0.430120085049977,NA
"2598","max.All.rqm.R1","rqm","9","R1","All",0.517999074113215,NA
"2599","range.All.rqm.R1","rqm","9","R1","All",0.087878989063238,NA
"2600","slope.All.rqm.R1","rqm","9","R1","All",-0.0161968968787668,NA
"2601","DCompL1.qQuant.1","qQuant","99","99","1",0.888943678871754,NA
"2602","DCompL12.qQuant.1","qQuant","99","99","1",0.898035973623125,NA
"2603","DCompL2.qQuant.1","qQuant","99","99","1",0.799862878434812,NA
"2604","DCompL22.qQuant.1","qQuant","99","99","1",0.733415007575936,NA
"2605","DCompL3.qQuant.1","qQuant","99","99","1",0.911459417142431,NA
"2606","DCompL32.qQuant.1","qQuant","99","99","1",0.91869292516886,NA
"2607","DCompR1.qQuant.1","qQuant","99","99","1",0.515539194851688,NA
"2608","DCompR12.qQuant.1","qQuant","99","99","1",0.44898351343933,NA
"2609","L1CompL2.qQuant.1","qQuant","99","99","1",-0.802122738552387,NA
"2610","L1CompL22.qQuant.1","qQuant","99","99","1",-1.40044861666375,NA
"2611","L1CompL3.qQuant.1","qQuant","99","99","1",0.202741618324245,NA
"2612","L1CompL32.qQuant.1","qQuant","99","99","1",0.267875308626082,NA
"2613","L1CompR1.qQuant.1","qQuant","99","99","1",-3.36229833859581,NA
"2614","L1CompR12.qQuant.1","qQuant","99","99","1",-3.96159499038658,NA
"2615","L12CompL2.qQuant.1","qQuant","99","99","1",-0.962820895532802,NA
"2616","L12CompL22.qQuant.1","qQuant","99","99","1",-1.61450044586042,NA
"2617","L12CompL3.qQuant.1","qQuant","99","99","1",0.131648817688813,NA
"2618","L12CompL32.qQuant.1","qQuant","99","99","1",0.202590582970742,NA
"2619","L12CompR1.qQuant.1","qQuant","99","99","1",-3.75129143446795,NA
"2620","L12CompR12.qQuant.1","qQuant","99","99","1",-4.40402832391127,NA
"2621","L2CompL3.qQuant.1","qQuant","99","99","1",0.557600398341248,NA
"2622","L2CompL32.qQuant.1","qQuant","99","99","1",0.593743158714028,NA
"2623","L2CompR1.qQuant.1","qQuant","99","99","1",-1.42064441298819,NA
"2624","L2CompR12.qQuant.1","qQuant","99","99","1",-1.7531948208878,NA
"2625","L22CompL3.qQuant.1","qQuant","99","99","1",0.667871090369841,NA
"2626","L22CompL32.qQuant.1","qQuant","99","99","1",0.695005056016797,NA
"2627","L22CompR1.qQuant.1","qQuant","99","99","1",-0.817284614347933,NA
"2628","L22CompR12.qQuant.1","qQuant","99","99","1",-1.06694488519501,NA
"2629","L3CompR1.qQuant.1","qQuant","99","99","1",-4.47162430506746,NA
"2630","L3CompR12.qQuant.1","qQuant","99","99","1",-5.22332120229055,NA
"2631","L32CompR1.qQuant.1","qQuant","99","99","1",-4.95840898414374,NA
"2632","L32CompR12.qQuant.1","qQuant","99","99","1",-5.77698081876677,NA
"2633","DCompL1.qSigma.1","qSigma","99","99","1",0.411237382992476,NA
"2634","DCompL12.qSigma.1","qSigma","99","99","1",0.0751704579062613,NA
"2635","DCompL2.qSigma.1","qSigma","99","99","1",-0.161260601105667,NA
"2636","DCompL22.qSigma.1","qSigma","99","99","1",-0.149911352472148,NA
"2637","DCompL3.qSigma.1","qSigma","99","99","1",0.25031070384742,NA
"2638","DCompL32.qSigma.1","qSigma","99","99","1",0.329463382974243,NA
"2639","DCompR1.qSigma.1","qSigma","99","99","1",-0.201006628162145,NA
"2640","DCompR12.qSigma.1","qSigma","99","99","1",-0.31594914246111,NA
"2641","L1CompL2.qSigma.1","qSigma","99","99","1",-0.972374888555173,NA
"2642","L1CompL22.qSigma.1","qSigma","99","99","1",-0.953098446223961,NA
"2643","L1CompL3.qSigma.1","qSigma","99","99","1",-0.273330327871342,NA
"2644","L1CompL32.qSigma.1","qSigma","99","99","1",-0.138891291084108,NA
"2645","L1CompR1.qSigma.1","qSigma","99","99","1",-1.03988261732113,NA
"2646","L1CompR12.qSigma.1","qSigma","99","99","1",-1.23510988036167,NA
"2647","L12CompL2.qSigma.1","qSigma","99","99","1",-0.255648255435988,NA
"2648","L12CompL22.qSigma.1","qSigma","99","99","1",-0.243376536035865,NA
"2649","L12CompL3.qSigma.1","qSigma","99","99","1",0.189375704353751,NA
"2650","L12CompL32.qSigma.1","qSigma","99","99","1",0.274961940004948,NA
"2651","L12CompR1.qSigma.1","qSigma","99","99","1",-0.298624853011468,NA
"2652","L12CompR12.qSigma.1","qSigma","99","99","1",-0.422909933739691,NA
"2653","L2CompL3.qSigma.1","qSigma","99","99","1",0.354417694496153,NA
"2654","L2CompL32.qSigma.1","qSigma","99","99","1",0.4225786904444,NA
"2655","L2CompR1.qSigma.1","qSigma","99","99","1",-0.0342266214996315,NA
"2656","L2CompR12.qSigma.1","qSigma","99","99","1",-0.133207430966108,NA
"2657","L22CompL3.qSigma.1","qSigma","99","99","1",0.34804600846765,NA
"2658","L22CompL32.qSigma.1","qSigma","99","99","1",0.416879731133885,NA
"2659","L22CompR1.qSigma.1","qSigma","99","99","1",-0.0444340997070333,NA
"2660","L22CompR12.qSigma.1","qSigma","99","99","1",-0.144391817362273,NA
"2661","L3CompR1.qSigma.1","qSigma","99","99","1",-0.602005836718938,NA
"2662","L3CompR12.qSigma.1","qSigma","99","99","1",-0.75532603868641,NA
"2663","L32CompR1.qSigma.1","qSigma","99","99","1",-0.7911126665824,NA
"2664","L32CompR12.qSigma.1","qSigma","99","99","1",-0.962531365249158,NA
"2665","DCompL1.qConnect.1","qConnect","99","99","1",-0.493684202672199,NA
"2666","DCompL12.qConnect.1","qConnect","99","99","1",0.169100724451873,NA
"2667","DCompL2.qConnect.1","qConnect","99","99","1",0.0747047669557357,NA
"2668","DCompL22.qConnect.1","qConnect","99","99","1",0.478096142995771,NA
"2669","DCompL3.qConnect.1","qConnect","99","99","1",-0.391955713545422,NA
"2670","DCompL32.qConnect.1","qConnect","99","99","1",-0.560313000850114,NA
"2671","DCompR1.qConnect.1","qConnect","99","99","1",0.448111280281244,NA
"2672","DCompR12.qConnect.1","qConnect","99","99","1",0.350703962247534,NA
"2673","L1CompL2.qConnect.1","qConnect","99","99","1",0.380528205768721,NA
"2674","L1CompL22.qConnect.1","qConnect","99","99","1",0.650592905735668,NA
"2675","L1CompL3.qConnect.1","qConnect","99","99","1",0.068105754178015,NA
"2676","L1CompL32.qConnect.1","qConnect","99","99","1",-0.044607018042178,NA
"2677","L1CompR1.qConnect.1","qConnect","99","99","1",0.630518473227857,NA
"2678","L1CompR12.qConnect.1","qConnect","99","99","1",0.565305680684795,NA
"2679","L12CompL2.qConnect.1","qConnect","99","99","1",-0.113606980140723,NA
"2680","L12CompL22.qConnect.1","qConnect","99","99","1",0.371880717238633,NA
"2681","L12CompL3.qConnect.1","qConnect","99","99","1",-0.675240013450702,NA
"2682","L12CompL32.qConnect.1","qConnect","99","99","1",-0.877860586436074,NA
"2683","L12CompR1.qConnect.1","qConnect","99","99","1",0.335793475864224,NA
"2684","L12CompR12.qConnect.1","qConnect","99","99","1",0.218562277209667,NA
"2685","L2CompL3.qConnect.1","qConnect","99","99","1",-0.504336847133453,NA
"2686","L2CompL32.qConnect.1","qConnect","99","99","1",-0.686286652225163,NA
"2687","L2CompR1.qConnect.1","qConnect","99","99","1",0.403553914459262,NA
"2688","L2CompR12.qConnect.1","qConnect","99","99","1",0.298282305404026,NA
"2689","L22CompL3.qConnect.1","qConnect","99","99","1",-1.66707305352247,NA
"2690","L22CompL32.qConnect.1","qConnect","99","99","1",-1.98965600638869,NA
"2691","L22CompR1.qConnect.1","qConnect","99","99","1",-0.0574528475160975,NA
"2692","L22CompR12.qConnect.1","qConnect","99","99","1",-0.24409128048886,NA
"2693","L3CompR1.qConnect.1","qConnect","99","99","1",0.603515604449044,NA
"2694","L3CompR12.qConnect.1","qConnect","99","99","1",0.533536856500515,NA
"2695","L32CompR1.qConnect.1","qConnect","99","99","1",0.646296147363979,NA
"2696","L32CompR12.qConnect.1","qConnect","99","99","1",0.583868084545405,NA
"2697","DCompL1.qTau1.1","qTau1","99","99","1",-3.0030096718201,NA
"2698","DCompL12.qTau1.1","qTau1","99","99","1",-1.61607864553862,NA
"2699","DCompL2.qTau1.1","qTau1","99","99","1",-2.1684594892463,NA
"2700","DCompL22.qTau1.1","qTau1","99","99","1",-1.57407923961021,NA
"2701","DCompL3.qTau1.1","qTau1","99","99","1",-3.09946683995107,NA
"2702","DCompL32.qTau1.1","qTau1","99","99","1",-1.60954001713158,NA
"2703","DCompR1.qTau1.1","qTau1","99","99","1",-1.56531316613822,NA
"2704","DCompR12.qTau1.1","qTau1","99","99","1",-1.54360689455422,NA
"2705","L1CompL2.qTau1.1","qTau1","99","99","1",0.208480681035762,NA
"2706","L1CompL22.qTau1.1","qTau1","99","99","1",0.356964021913087,NA
"2707","L1CompL3.qTau1.1","qTau1","99","99","1",-0.0240961616480708,NA
"2708","L1CompL32.qTau1.1","qTau1","99","99","1",0.348105492849068,NA
"2709","L1CompR1.qTau1.1","qTau1","99","99","1",0.359153892583073,NA
"2710","L1CompR12.qTau1.1","qTau1","99","99","1",0.364576380501802,NA
"2711","L12CompL2.qTau1.1","qTau1","99","99","1",-0.211148408955401,NA
"2712","L12CompL22.qTau1.1","qTau1","99","99","1",0.016054336133982,NA
"2713","L12CompL3.qTau1.1","qTau1","99","99","1",-0.567027370122138,NA
"2714","L12CompL32.qTau1.1","qTau1","99","99","1",0.00249940055058884,NA
"2715","L12CompR1.qTau1.1","qTau1","99","99","1",0.0194051809134148,NA
"2716","L12CompR12.qTau1.1","qTau1","99","99","1",0.0277024358988551,NA
"2717","L2CompL3.qTau1.1","qTau1","99","99","1",-0.293835964721843,NA
"2718","L2CompL32.qTau1.1","qTau1","99","99","1",0.176401015702327,NA
"2719","L2CompR1.qTau1.1","qTau1","99","99","1",0.190359487048879,NA
"2720","L2CompR12.qTau1.1","qTau1","99","99","1",0.197210220554442,NA
"2721","L22CompL3.qTau1.1","qTau1","99","99","1",-0.592595432521279,NA
"2722","L22CompL32.qTau1.1","qTau1","99","99","1",-0.0137761017515281,NA
"2723","L22CompR1.qTau1.1","qTau1","99","99","1",0.00340551811191175,NA
"2724","L22CompR12.qTau1.1","qTau1","99","99","1",0.0118381534597211,NA
"2725","L3CompR1.qTau1.1","qTau1","99","99","1",0.374232487713246,NA
"2726","L3CompR12.qTau1.1","qTau1","99","99","1",0.379527388838549,NA
"2727","L32CompR1.qTau1.1","qTau1","99","99","1",0.0169481405546597,NA
"2728","L32CompR12.qTau1.1","qTau1","99","99","1",0.0252661856666327,NA
"2729","DCompL1.qTau2.1","qTau2","99","99","1",-25.5591012882103,NA
"2730","DCompL12.qTau2.1","qTau2","99","99","1",-15.8222341646395,NA
"2731","DCompL2.qTau2.1","qTau2","99","99","1",-9.18438765763742,NA
"2732","DCompL22.qTau2.1","qTau2","99","99","1",-4.22875257809943,NA
"2733","DCompL3.qTau2.1","qTau2","99","99","1",-34.3990943029052,NA
"2734","DCompL32.qTau2.1","qTau2","99","99","1",-27.847018474882,NA
"2735","DCompR1.qTau2.1","qTau2","99","99","1",-1.47396391857974,NA
"2736","DCompR12.qTau2.1","qTau2","99","99","1",-1.16400079114724,NA
"2737","L1CompL2.qTau2.1","qTau2","99","99","1",0.61653869432102,NA
"2738","L1CompL22.qTau2.1","qTau2","99","99","1",0.803127654006106,NA
"2739","L1CompL3.qTau2.1","qTau2","99","99","1",-0.332842324699404,NA
"2740","L1CompL32.qTau2.1","qTau2","99","99","1",-0.0861443752122463,NA
"2741","L1CompR1.qTau2.1","qTau2","99","99","1",0.906850616226313,NA
"2742","L1CompR12.qTau2.1","qTau2","99","99","1",0.918521309600644,NA
"2743","L12CompL2.qTau2.1","qTau2","99","99","1",0.394587689247298,NA
"2744","L12CompL22.qTau2.1","qTau2","99","99","1",0.689176091182327,NA
"2745","L12CompL3.qTau2.1","qTau2","99","99","1",-1.10430397986699,NA
"2746","L12CompL32.qTau2.1","qTau2","99","99","1",-0.714814940307915,NA
"2747","L12CompR1.qTau2.1","qTau2","99","99","1",0.852934878068691,NA
"2748","L12CompR12.qTau2.1","qTau2","99","99","1",0.871360678375528,NA
"2749","L2CompL3.qTau2.1","qTau2","99","99","1",-2.4758196067251,NA
"2750","L2CompL32.qTau2.1","qTau2","99","99","1",-1.83247451340378,NA
"2751","L2CompR1.qTau2.1","qTau2","99","99","1",0.757082703276276,NA
"2752","L2CompR12.qTau2.1","qTau2","99","99","1",0.78751782984965,NA
"2753","L22CompL3.qTau2.1","qTau2","99","99","1",-5.77008402561901,NA
"2754","L22CompL32.qTau2.1","qTau2","99","99","1",-4.51699818341135,NA
"2755","L22CompR1.qTau2.1","qTau2","99","99","1",0.526853894570972,NA
"2756","L22CompR12.qTau2.1","qTau2","99","99","1",0.586134406089298,NA
"2757","L3CompR1.qTau2.1","qTau2","99","99","1",0.930112225544237,NA
"2758","L3CompR12.qTau2.1","qTau2","99","99","1",0.93886847011875,NA
"2759","L32CompR1.qTau2.1","qTau2","99","99","1",0.914238488087291,NA
"2760","L32CompR12.qTau2.1","qTau2","99","99","1",0.924983554434525,NA
"2761","DCompL1.qNPQ.1","qNPQ","99","99","1",0.923654027413019,NA
"2762","DCompL12.qNPQ.1","qNPQ","99","99","1",0.823014762913119,NA
"2763","DCompL2.qNPQ.1","qNPQ","99","99","1",0.763734373955696,NA
"2764","DCompL22.qNPQ.1","qNPQ","99","99","1",0.765008795886865,NA
"2765","DCompL3.qNPQ.1","qNPQ","99","99","1",0.836503130937624,NA
"2766","DCompL32.qNPQ.1","qNPQ","99","99","1",0.620916926522337,NA
"2767","DCompR1.qNPQ.1","qNPQ","99","99","1",0.469010919920119,NA
"2768","DCompR12.qNPQ.1","qNPQ","99","99","1",0.556767422401925,NA
"2769","L1CompL2.qNPQ.1","qNPQ","99","99","1",-2.09467045920631,NA
"2770","L1CompL22.qNPQ.1","qNPQ","99","99","1",-2.07797773936811,NA
"2771","L1CompL3.qNPQ.1","qNPQ","99","99","1",-1.14152578744221,NA
"2772","L1CompL32.qNPQ.1","qNPQ","99","99","1",-3.96533164268455,NA
"2773","L1CompR1.qNPQ.1","qNPQ","99","99","1",-5.9550372087398,NA
"2774","L1CompR12.qNPQ.1","qNPQ","99","99","1",-4.80557903159987,NA
"2775","L12CompL2.qNPQ.1","qNPQ","99","99","1",-0.334945388288649,NA
"2776","L12CompL22.qNPQ.1","qNPQ","99","99","1",-0.327744663798031,NA
"2777","L12CompL3.qNPQ.1","qNPQ","99","99","1",0.0762118256105351,NA
"2778","L12CompL32.qNPQ.1","qNPQ","99","99","1",-1.14189092670806,NA
"2779","L12CompR1.qNPQ.1","qNPQ","99","99","1",-2.00018854012791,NA
"2780","L12CompR12.qNPQ.1","qNPQ","99","99","1",-1.50434773483675,NA
"2781","L2CompL3.qNPQ.1","qNPQ","99","99","1",0.307995531132755,NA
"2782","L2CompL32.qNPQ.1","qNPQ","99","99","1",-0.604478314617709,NA
"2783","L2CompR1.qNPQ.1","qNPQ","99","99","1",-1.24742417663545,NA
"2784","L2CompR12.qNPQ.1","qNPQ","99","99","1",-0.875992648693467,NA
"2785","L22CompL3.qNPQ.1","qNPQ","99","99","1",0.30424260057129,NA
"2786","L22CompL32.qNPQ.1","qNPQ","99","99","1",-0.613179841808701,NA
"2787","L22CompR1.qNPQ.1","qNPQ","99","99","1",-1.25961257607004,NA
"2788","L22CompR12.qNPQ.1","qNPQ","99","99","1",-0.886166672794625,NA
"2789","L3CompR1.qNPQ.1","qNPQ","99","99","1",-2.24770182527044,NA
"2790","L3CompR12.qNPQ.1","qNPQ","99","99","1",-1.71095452860921,NA
"2791","L32CompR1.qNPQ.1","qNPQ","99","99","1",-0.400719571065649,NA
"2792","L32CompR12.qNPQ.1","qNPQ","99","99","1",-0.16922281317367,NA
"2793","DCompL1.qqP.1","qqP","99","99","1",0.853709298034355,NA
"2794","DCompL12.qqP.1","qqP","99","99","1",0.764612540371097,NA
"2795","DCompL2.qqP.1","qqP","99","99","1",0.665712125740128,NA
"2796","DCompL22.qqP.1","qqP","99","99","1",0.633415157916181,NA
"2797","DCompL3.qqP.1","qqP","99","99","1",0.783540178096264,NA
"2798","DCompL32.qqP.1","qqP","99","99","1",0.618712253691663,NA
"2799","DCompR1.qqP.1","qqP","99","99","1",0.353888343209822,NA
"2800","DCompR12.qqP.1","qqP","99","99","1",0.369031950522487,NA
"2801","L1CompL2.qqP.1","qqP","99","99","1",-1.28509310412891,NA
"2802","L1CompL22.qqP.1","qqP","99","99","1",-1.50586563027025,NA
"2803","L1CompL3.qqP.1","qqP","99","99","1",-0.479655364252536,NA
"2804","L1CompL32.qqP.1","qqP","99","99","1",-1.60637033786247,NA
"2805","L1CompR1.qqP.1","qqP","99","99","1",-3.41662831682844,NA
"2806","L1CompR12.qqP.1","qqP","99","99","1",-3.31311109318274,NA
"2807","L12CompL2.qqP.1","qqP","99","99","1",-0.420160083238462,NA
"2808","L12CompL22.qqP.1","qqP","99","99","1",-0.557367765732949,NA
"2809","L12CompL3.qqP.1","qqP","99","99","1",0.0804105611871046,NA
"2810","L12CompL32.qqP.1","qqP","99","99","1",-0.619830329574275,NA
"2811","L12CompR1.qqP.1","qqP","99","99","1",-1.74488563583123,NA
"2812","L12CompR12.qqP.1","qqP","99","99","1",-1.68055082659144,NA
"2813","L2CompL3.qqP.1","qqP","99","99","1",0.352474802195602,NA
"2814","L2CompL32.qqP.1","qqP","99","99","1",-0.140596999375236,NA
"2815","L2CompR1.qqP.1","qqP","99","99","1",-0.93280015980447,NA
"2816","L2CompR12.qqP.1","qqP","99","99","1",-0.887499063118885,NA
"2817","L22CompL3.qqP.1","qqP","99","99","1",0.409523261591262,NA
"2818","L22CompL32.qqP.1","qqP","99","99","1",-0.0401077800733403,NA
"2819","L22CompR1.qqP.1","qqP","99","99","1",-0.762516019804349,NA
"2820","L22CompR12.qqP.1","qqP","99","99","1",-0.72120605394056,NA
"2821","L3CompR1.qqP.1","qqP","99","99","1",-1.98490339272994,NA
"2822","L3CompR12.qqP.1","qqP","99","99","1",-1.91494303159003,NA
"2823","L32CompR1.qqP.1","qqP","99","99","1",-0.694551327824959,NA
"2824","L32CompR12.qqP.1","qqP","99","99","1",-0.654834322861419,NA
"2825","DCompL1.qABQ.1","qABQ","99","99","1",0,NA
"2826","DCompL12.qABQ.1","qABQ","99","99","1",0,NA
"2827","DCompL2.qABQ.1","qABQ","99","99","1",1,NA
"2828","DCompL22.qABQ.1","qABQ","99","99","1",1,NA
"2829","DCompL3.qABQ.1","qABQ","99","99","1",0,NA
"2830","DCompL32.qABQ.1","qABQ","99","99","1",0,NA
"2831","DCompR1.qABQ.1","qABQ","99","99","1",1,NA
"2832","DCompR12.qABQ.1","qABQ","99","99","1",1,NA
"2833","L1CompL2.qABQ.1","qABQ","99","99","1",1.39213507277041,NA
"2834","L1CompL22.qABQ.1","qABQ","99","99","1",1.36453726891578,NA
"2835","L1CompL3.qABQ.1","qABQ","99","99","1",0.391323079565463,NA
"2836","L1CompL32.qABQ.1","qABQ","99","99","1",0.198848653843639,NA
"2837","L1CompR1.qABQ.1","qABQ","99","99","1",1.48878491225547,NA
"2838","L1CompR12.qABQ.1","qABQ","99","99","1",1.76828896284191,NA
"2839","L12CompL2.qABQ.1","qABQ","99","99","1",3.1452656481987,NA
"2840","L12CompL22.qABQ.1","qABQ","99","99","1",2.99428547660427,NA
"2841","L12CompL3.qABQ.1","qABQ","99","99","1",-2.32990792951616,NA
"2842","L12CompL32.qABQ.1","qABQ","99","99","1",-3.38288381035392,NA
"2843","L12CompR1.qABQ.1","qABQ","99","99","1",3.67401095803892,NA
"2844","L12CompR12.qABQ.1","qABQ","99","99","1",5.20310253870085,NA
"2845","L2CompL3.qABQ.1","qABQ","99","99","1",2.5522123949135,NA
"2846","L2CompL32.qABQ.1","qABQ","99","99","1",3.04304945358821,NA
"2847","L2CompR1.qABQ.1","qABQ","99","99","1",-0.246470785696954,NA
"2848","L2CompR12.qABQ.1","qABQ","99","99","1",-0.959245719629195,NA
"2849","L22CompL3.qABQ.1","qABQ","99","99","1",2.66972480549078,NA
"2850","L22CompL32.qABQ.1","qABQ","99","99","1",3.19772137027081,NA
"2851","L22CompR1.qABQ.1","qABQ","99","99","1",-0.340836600079961,NA
"2852","L22CompR12.qABQ.1","qABQ","99","99","1",-1.10757315740854,NA
"2853","L3CompR1.qABQ.1","qABQ","99","99","1",1.80302849647481,NA
"2854","L3CompR12.qABQ.1","qABQ","99","99","1",2.26222785364266,NA
"2855","L32CompR1.qABQ.1","qABQ","99","99","1",1.61010309050903,NA
"2856","L32CompR12.qABQ.1","qABQ","99","99","1",1.95898105461332,NA
"2857","DCompL1.qqm.1","qqm","99","99","1",0,NA
"2858","DCompL12.qqm.1","qqm","99","99","1",0,NA
"2859","DCompL2.qqm.1","qqm","99","99","1",0,NA
"2860","DCompL22.qqm.1","qqm","99","99","1",0,NA
"2861","DCompL3.qqm.1","qqm","99","99","1",0,NA
"2862","DCompL32.qqm.1","qqm","99","99","1",0,NA
"2863","DCompR1.qqm.1","qqm","99","99","1",0,NA
"2864","DCompR12.qqm.1","qqm","99","99","1",0,NA
"2865","L1CompL2.qqm.1","qqm","99","99","1",0.100209723691385,NA
"2866","L1CompL22.qqm.1","qqm","99","99","1",0.174958970958896,NA
"2867","L1CompL3.qqm.1","qqm","99","99","1",-0.0253286443290254,NA
"2868","L1CompL32.qqm.1","qqm","99","99","1",-0.0334658392923878,NA
"2869","L1CompR1.qqm.1","qqm","99","99","1",0.420054152917752,NA
"2870","L1CompR12.qqm.1","qqm","99","99","1",0.494924679582422,NA
"2871","L12CompL2.qqm.1","qqm","99","99","1",0.109319780133343,NA
"2872","L12CompL22.qqm.1","qqm","99","99","1",0.183312217864753,NA
"2873","L12CompL3.qqm.1","qqm","99","99","1",-0.014947556571871,NA
"2874","L12CompL32.qqm.1","qqm","99","99","1",-0.0230023653310842,NA
"2875","L12CompR1.qqm.1","qqm","99","99","1",0.425925898300325,NA
"2876","L12CompR12.qqm.1","qqm","99","99","1",0.500038387518143,NA
"2877","L2CompL3.qqm.1","qqm","99","99","1",-0.139519587314759,NA
"2878","L2CompL32.qqm.1","qqm","99","99","1",-0.148563022410263,NA
"2879","L2CompR1.qqm.1","qqm","99","99","1",0.355465531966546,NA
"2880","L2CompR12.qqm.1","qqm","99","99","1",0.438674395894066,NA
"2881","L22CompL3.qqm.1","qqm","99","99","1",-0.242760793994334,NA
"2882","L22CompL32.qqm.1","qqm","99","99","1",-0.252623570119322,NA
"2883","L22CompR1.qqm.1","qqm","99","99","1",0.297070295090313,NA
"2884","L22CompR12.qqm.1","qqm","99","99","1",0.38781793554607,NA
"2885","L3CompR1.qqm.1","qqm","99","99","1",0.434380527365678,NA
"2886","L3CompR12.qqm.1","qqm","99","99","1",0.507401531000727,NA
"2887","L32CompR1.qqm.1","qqm","99","99","1",0.438834042662372,NA
"2888","L32CompR12.qqm.1","qqm","99","99","1",0.511280101175475,NA
"2889","DCompL1.qQuant.2","qQuant","99","99","2",0.91163293578898,NA
"2890","DCompL12.qQuant.2","qQuant","99","99","2",0.893416220879982,NA
"2891","DCompL2.qQuant.2","qQuant","99","99","2",0.78447603662308,NA
"2892","DCompL22.qQuant.2","qQuant","99","99","2",0.719578099630988,NA
"2893","DCompL3.qQuant.2","qQuant","99","99","2",0.908017035466414,NA
"2894","DCompL32.qQuant.2","qQuant","99","99","2",0.90524808315006,NA
"2895","DCompR1.qQuant.2","qQuant","99","99","2",0.517999074113214,NA
"2896","DCompR12.qQuant.2","qQuant","99","99","2",0.449656985384638,NA
"2897","L1CompL2.qQuant.2","qQuant","99","99","2",-1.43896258522575,NA
"2898","L1CompL22.qQuant.2","qQuant","99","99","2",-2.17337576927265,NA
"2899","L1CompL3.qQuant.2","qQuant","99","99","2",-0.0409190953083005,NA
"2900","L1CompL32.qQuant.2","qQuant","99","99","2",-0.0722537598813151,NA
"2901","L1CompR1.qQuant.2","qQuant","99","99","2",-4.45453139345865,NA
"2902","L1CompR12.qQuant.2","qQuant","99","99","2",-5.22792009137189,NA
"2903","L12CompL2.qQuant.2","qQuant","99","99","2",-1.02210847800987,NA
"2904","L12CompL22.qQuant.2","qQuant","99","99","2",-1.63099978893829,NA
"2905","L12CompL3.qQuant.2","qQuant","99","99","2",0.136989086960326,NA
"2906","L12CompL32.qQuant.2","qQuant","99","99","2",0.111009971383683,NA
"2907","L12CompR1.qQuant.2","qQuant","99","99","2",-3.52227280610901,NA
"2908","L12CompR12.qQuant.2","qQuant","99","99","2",-4.16347814985667,NA
"2909","L2CompL3.qQuant.2","qQuant","99","99","2",0.573212356100185,NA
"2910","L2CompL32.qQuant.2","qQuant","99","99","2",0.560364818067897,NA
"2911","L2CompR1.qQuant.2","qQuant","99","99","2",-1.23641454219101,NA
"2912","L2CompR12.qQuant.2","qQuant","99","99","2",-1.5535119436018,NA
"2913","L22CompL3.qQuant.2","qQuant","99","99","2",0.671983663142773,NA
"2914","L22CompL32.qQuant.2","qQuant","99","99","2",0.662109426099551,NA
"2915","L22CompR1.qQuant.2","qQuant","99","99","2",-0.718841949407349,NA
"2916","L22CompR12.qQuant.2","qQuant","99","99","2",-0.962553616144659,NA
"2917","L3CompR1.qQuant.2","qQuant","99","99","2",-4.24011080019925,NA
"2918","L3CompR12.qQuant.2","qQuant","99","99","2",-4.98309716811112,NA
"2919","L32CompR1.qQuant.2","qQuant","99","99","2",-4.08697809934693,NA
"2920","L32CompR12.qQuant.2","qQuant","99","99","2",-4.80825204293174,NA
"2921","DCompL1.qSigma.2","qSigma","99","99","2",0.328284197462339,NA
"2922","DCompL12.qSigma.2","qSigma","99","99","2",0.159168436358268,NA
"2923","DCompL2.qSigma.2","qSigma","99","99","2",-0.10544952341011,NA
"2924","DCompL22.qSigma.2","qSigma","99","99","2",-0.114533881060867,NA
"2925","DCompL3.qSigma.2","qSigma","99","99","2",0.213788109144278,NA
"2926","DCompL32.qSigma.2","qSigma","99","99","2",0.257151610789518,NA
"2927","DCompR1.qSigma.2","qSigma","99","99","2",-0.234875717146376,NA
"2928","DCompR12.qSigma.2","qSigma","99","99","2",-0.349310228192761,NA
"2929","L1CompL2.qSigma.2","qSigma","99","99","2",-0.645710163783337,NA
"2930","L1CompL22.qSigma.2","qSigma","99","99","2",-0.65923427266456,NA
"2931","L1CompL3.qSigma.2","qSigma","99","99","2",-0.170453170649714,NA
"2932","L1CompL32.qSigma.2","qSigma","99","99","2",-0.105896848643564,NA
"2933","L1CompR1.qSigma.2","qSigma","99","99","2",-0.838390153218319,NA
"2934","L1CompR12.qSigma.2","qSigma","99","99","2",-1.00875165225417,NA
"2935","L12CompL2.qSigma.2","qSigma","99","99","2",-0.314709831565181,NA
"2936","L12CompL22.qSigma.2","qSigma","99","99","2",-0.325513847545994,NA
"2937","L12CompL3.qSigma.2","qSigma","99","99","2",0.0649591132728725,NA
"2938","L12CompL32.qSigma.2","qSigma","99","99","2",0.116531275309022,NA
"2939","L12CompR1.qSigma.2","qSigma","99","99","2",-0.468636253137307,NA
"2940","L12CompR12.qSigma.2","qSigma","99","99","2",-0.60473308393509,NA
"2941","L2CompL3.qSigma.2","qSigma","99","99","2",0.28878535454934,NA
"2942","L2CompL32.qSigma.2","qSigma","99","99","2",0.328012384573716,NA
"2943","L2CompR1.qSigma.2","qSigma","99","99","2",-0.117080147935666,NA
"2944","L2CompR12.qSigma.2","qSigma","99","99","2",-0.220598679196482,NA
"2945","L22CompL3.qSigma.2","qSigma","99","99","2",0.294582332385115,NA
"2946","L22CompL32.qSigma.2","qSigma","99","99","2",0.333489630208995,NA
"2947","L22CompR1.qSigma.2","qSigma","99","99","2",-0.107975036138841,NA
"2948","L22CompR12.qSigma.2","qSigma","99","99","2",-0.210649807171786,NA
"2949","L3CompR1.qSigma.2","qSigma","99","99","2",-0.570665276764414,NA
"2950","L3CompR12.qSigma.2","qSigma","99","99","2",-0.716217019719907,NA
"2951","L32CompR1.qSigma.2","qSigma","99","99","2",-0.662352284910833,NA
"2952","L32CompR12.qSigma.2","qSigma","99","99","2",-0.816400557355777,NA
"2953","DCompL1.qConnect.2","qConnect","99","99","2",-0.504636328072613,NA
"2954","DCompL12.qConnect.2","qConnect","99","99","2",0.13264115208607,NA
"2955","DCompL2.qConnect.2","qConnect","99","99","2",0.331663621370932,NA
"2956","DCompL22.qConnect.2","qConnect","99","99","2",0.388078702005825,NA
"2957","DCompL3.qConnect.2","qConnect","99","99","2",-0.172145214604225,NA
"2958","DCompL32.qConnect.2","qConnect","99","99","2",-0.091047800930779,NA
"2959","DCompR1.qConnect.2","qConnect","99","99","2",0.130444160484901,NA
"2960","DCompR12.qConnect.2","qConnect","99","99","2",0.257932147067915,NA
"2961","L1CompL2.qConnect.2","qConnect","99","99","2",0.55581533812547,NA
"2962","L1CompL22.qConnect.2","qConnect","99","99","2",0.593309501719911,NA
"2963","L1CompL3.qConnect.2","qConnect","99","99","2",0.220977725490848,NA
"2964","L1CompL32.qConnect.2","qConnect","99","99","2",0.274876074321312,NA
"2965","L1CompR1.qConnect.2","qConnect","99","99","2",0.422082384100768,NA
"2966","L1CompR12.qConnect.2","qConnect","99","99","2",0.506812484128542,NA
"2967","L12CompL2.qConnect.2","qConnect","99","99","2",0.22945804929935,NA
"2968","L12CompL22.qConnect.2","qConnect","99","99","2",0.294500425670532,NA
"2969","L12CompL3.qConnect.2","qConnect","99","99","2",-0.351395927329654,NA
"2970","L12CompL32.qConnect.2","qConnect","99","99","2",-0.257896663595281,NA
"2971","L12CompR1.qConnect.2","qConnect","99","99","2",-0.0025329673023489,NA
"2972","L12CompR12.qConnect.2","qConnect","99","99","2",0.144451163763626,NA
"2973","L2CompL3.qConnect.2","qConnect","99","99","2",-0.753825247412987,NA
"2974","L2CompL32.qConnect.2","qConnect","99","99","2",-0.63248303671394,NA
"2975","L2CompR1.qConnect.2","qConnect","99","99","2",-0.301075128214304,NA
"2976","L2CompR12.qConnect.2","qConnect","99","99","2",-0.110320905251722,NA
"2977","L22CompL3.qConnect.2","qConnect","99","99","2",-0.915516290160869,NA
"2978","L22CompL32.qConnect.2","qConnect","99","99","2",-0.782987133324399,NA
"2979","L22CompR1.qConnect.2","qConnect","99","99","2",-0.421025616146109,NA
"2980","L22CompR12.qConnect.2","qConnect","99","99","2",-0.212685120397867,NA
"2981","L3CompR1.qConnect.2","qConnect","99","99","2",0.25815007502402,NA
"2982","L3CompR12.qConnect.2","qConnect","99","99","2",0.366914744277104,NA
"2983","L32CompR1.qConnect.2","qConnect","99","99","2",0.203008485262263,NA
"2984","L32CompR12.qConnect.2","qConnect","99","99","2",0.319857615496752,NA
"2985","DCompL1.qTau1.2","qTau1","99","99","2",-4.41620820335996,NA
"2986","DCompL12.qTau1.2","qTau1","99","99","2",-1.69737721646948,NA
"2987","DCompL2.qTau1.2","qTau1","99","99","2",-1.56572447329548,NA
"2988","DCompL22.qTau1.2","qTau1","99","99","2",-1.80998446235023,NA
"2989","DCompL3.qTau1.2","qTau1","99","99","2",-1.63924773404451,NA
"2990","DCompL32.qTau1.2","qTau1","99","99","2",-0.836785273697325,NA
"2991","DCompR1.qTau1.2","qTau1","99","99","2",-1.7047904339153,NA
"2992","DCompR12.qTau1.2","qTau1","99","99","2",-1.53826289943025,NA
"2993","L1CompL2.qTau1.2","qTau1","99","99","2",0.526287694829785,NA
"2994","L1CompL22.qTau1.2","qTau1","99","99","2",0.48118972594018,NA
"2995","L1CompL3.qTau1.2","qTau1","99","99","2",0.512713020816436,NA
"2996","L1CompL32.qTau1.2","qTau1","99","99","2",0.660872476697283,NA
"2997","L1CompR1.qTau1.2","qTau1","99","99","2",0.500611805831731,NA
"2998","L1CompR12.qTau1.2","qTau1","99","99","2",0.531357952994563,NA
"2999","L12CompL2.qTau1.2","qTau1","99","99","2",0.0488076871007006,NA
"3000","L12CompL22.qTau1.2","qTau1","99","99","2",-0.0417469403957299,NA
"3001","L12CompL3.qTau1.2","qTau1","99","99","2",0.0215503719947074,NA
"3002","L12CompL32.qTau1.2","qTau1","99","99","2",0.319047679915736,NA
"3003","L12CompR1.qTau1.2","qTau1","99","99","2",-0.00274830579889034,NA
"3004","L12CompR12.qTau1.2","qTau1","99","99","2",0.058988530068289,NA
"3005","L2CompL3.qTau1.2","qTau1","99","99","2",-0.0286559455289447,NA
"3006","L2CompL32.qTau1.2","qTau1","99","99","2",0.284106577765884,NA
"3007","L2CompR1.qTau1.2","qTau1","99","99","2",-0.0542014398144627,NA
"3008","L2CompR12.qTau1.2","qTau1","99","99","2",0.0107032435286998,NA
"3009","L22CompL3.qTau1.2","qTau1","99","99","2",0.0607607375034789,NA
"3010","L22CompL32.qTau1.2","qTau1","99","99","2",0.346336145872826,NA
"3011","L22CompR1.qTau1.2","qTau1","99","99","2",0.0374358043058183,NA
"3012","L22CompR12.qTau1.2","qTau1","99","99","2",0.0966985997825464,NA
"3013","L3CompR1.qTau1.2","qTau1","99","99","2",-0.0248338566423026,NA
"3014","L3CompR12.qTau1.2","qTau1","99","99","2",0.0382627342297678,NA
"3015","L32CompR1.qTau1.2","qTau1","99","99","2",-0.472567573710309,NA
"3016","L32CompR12.qTau1.2","qTau1","99","99","2",-0.381905079367769,NA
"3017","DCompL1.qTau2.2","qTau2","99","99","2",-8.54280989681101,NA
"3018","DCompL12.qTau2.2","qTau2","99","99","2",-20.8503283859008,NA
"3019","DCompL2.qTau2.2","qTau2","99","99","2",-5.12509048132801,NA
"3020","DCompL22.qTau2.2","qTau2","99","99","2",-6.38487988417334,NA
"3021","DCompL3.qTau2.2","qTau2","99","99","2",-31.0639426680407,NA
"3022","DCompL32.qTau2.2","qTau2","99","99","2",-16.7373504720385,NA
"3023","DCompR1.qTau2.2","qTau2","99","99","2",-1.71469637090452,NA
"3024","DCompR12.qTau2.2","qTau2","99","99","2",-1.17899973390294,NA
"3025","L1CompL2.qTau2.2","qTau2","99","99","2",0.358146023282422,NA
"3026","L1CompL22.qTau2.2","qTau2","99","99","2",0.226131510107815,NA
"3027","L1CompL3.qTau2.2","qTau2","99","99","2",-2.36001062734738,NA
"3028","L1CompL32.qTau2.2","qTau2","99","99","2",-0.858713593148902,NA
"3029","L1CompR1.qTau2.2","qTau2","99","99","2",0.715524420976707,NA
"3030","L1CompR12.qTau2.2","qTau2","99","99","2",0.771660574037935,NA
"3031","L12CompL2.qTau2.2","qTau2","99","99","2",0.719679705807977,NA
"3032","L12CompL22.qTau2.2","qTau2","99","99","2",0.662024306740463,NA
"3033","L12CompL3.qTau2.2","qTau2","99","99","2",-0.467435276109189,NA
"3034","L12CompL32.qTau2.2","qTau2","99","99","2",0.188234146472426,NA
"3035","L12CompR1.qTau2.2","qTau2","99","99","2",0.875759470385982,NA
"3036","L12CompR12.qTau2.2","qTau2","99","99","2",0.900276110481297,NA
"3037","L2CompL3.qTau2.2","qTau2","99","99","2",-4.23485208353833,NA
"3038","L2CompL32.qTau2.2","qTau2","99","99","2",-1.8958511757679,NA
"3039","L2CompR1.qTau2.2","qTau2","99","99","2",0.556790813265515,NA
"3040","L2CompR12.qTau2.2","qTau2","99","99","2",0.644250196703951,NA
"3041","L22CompL3.qTau2.2","qTau2","99","99","2",-3.34183672191575,NA
"3042","L22CompL32.qTau2.2","qTau2","99","99","2",-1.40184684791579,NA
"3043","L22CompR1.qTau2.2","qTau2","99","99","2",0.632398033078042,NA
"3044","L22CompR12.qTau2.2","qTau2","99","99","2",0.704937687805486,NA
"3045","L3CompR1.qTau2.2","qTau2","99","99","2",0.915334916887487,NA
"3046","L3CompR12.qTau2.2","qTau2","99","99","2",0.932042052455551,NA
"3047","L32CompR1.qTau2.2","qTau2","99","99","2",0.846950288591071,NA
"3048","L32CompR12.qTau2.2","qTau2","99","99","2",0.877151903981491,NA
"3049","DCompL1.qNPQ.2","qNPQ","99","99","2",0.910865595436397,NA
"3050","DCompL12.qNPQ.2","qNPQ","99","99","2",0.781424010862051,NA
"3051","DCompL2.qNPQ.2","qNPQ","99","99","2",0.735014632478154,NA
"3052","DCompL22.qNPQ.2","qNPQ","99","99","2",0.725457128361833,NA
"3053","DCompL3.qNPQ.2","qNPQ","99","99","2",0.797467336472564,NA
"3054","DCompL32.qNPQ.2","qNPQ","99","99","2",0.591107573567564,NA
"3055","DCompR1.qNPQ.2","qNPQ","99","99","2",0.453564267118512,NA
"3056","DCompR12.qNPQ.2","qNPQ","99","99","2",0.5341470509505,NA
"3057","L1CompL2.qNPQ.2","qNPQ","99","99","2",-1.97287415357964,NA
"3058","L1CompL22.qNPQ.2","qNPQ","99","99","2",-2.08009991183891,NA
"3059","L1CompL3.qNPQ.2","qNPQ","99","99","2",-1.27221648609226,NA
"3060","L1CompL32.qNPQ.2","qNPQ","99","99","2",-3.58736924798399,NA
"3061","L1CompR1.qNPQ.2","qNPQ","99","99","2",-5.13046932390257,NA
"3062","L1CompR12.qNPQ.2","qNPQ","99","99","2",-4.22641006388375,NA
"3063","L12CompL2.qNPQ.2","qNPQ","99","99","2",-0.212326059083306,NA
"3064","L12CompL22.qNPQ.2","qNPQ","99","99","2",-0.256052289736615,NA
"3065","L12CompL3.qNPQ.2","qNPQ","99","99","2",0.0733993046253057,NA
"3066","L12CompL32.qNPQ.2","qNPQ","99","99","2",-0.870710630408597,NA
"3067","L12CompR1.qNPQ.2","qNPQ","99","99","2",-1.49998060187946,NA
"3068","L12CompR12.qNPQ.2","qNPQ","99","99","2",-1.13130889118606,NA
"3069","L2CompL3.qNPQ.2","qNPQ","99","99","2",0.235683594828162,NA
"3070","L2CompL32.qNPQ.2","qNPQ","99","99","2",-0.543075492267422,NA
"3071","L2CompR1.qNPQ.2","qNPQ","99","99","2",-1.06213549824195,NA
"3072","L2CompR12.qNPQ.2","qNPQ","99","99","2",-0.758032729905715,NA
"3073","L22CompL3.qNPQ.2","qNPQ","99","99","2",0.262291305110398,NA
"3074","L22CompL32.qNPQ.2","qNPQ","99","99","2",-0.489357286869697,NA
"3075","L22CompR1.qNPQ.2","qNPQ","99","99","2",-0.990347553447542,NA
"3076","L22CompR12.qNPQ.2","qNPQ","99","99","2",-0.696831341020827,NA
"3077","L3CompR1.qNPQ.2","qNPQ","99","99","2",-1.69801287043987,NA
"3078","L3CompR12.qNPQ.2","qNPQ","99","99","2",-1.30013737505799,NA
"3079","L32CompR1.qNPQ.2","qNPQ","99","99","2",-0.336380176197222,NA
"3080","L32CompR12.qNPQ.2","qNPQ","99","99","2",-0.13930442075937,NA
"3081","DCompL1.qqP.2","qqP","99","99","2",0.845709868942982,NA
"3082","DCompL12.qqP.2","qqP","99","99","2",0.709463163040656,NA
"3083","DCompL2.qqP.2","qqP","99","99","2",0.619900704995297,NA
"3084","DCompL22.qqP.2","qqP","99","99","2",0.582911720388893,NA
"3085","DCompL3.qqP.2","qqP","99","99","2",0.73083300490144,NA
"3086","DCompL32.qqP.2","qqP","99","99","2",0.56626125431726,NA
"3087","DCompR1.qqP.2","qqP","99","99","2",0.331962673136508,NA
"3088","DCompR12.qqP.2","qqP","99","99","2",0.346288552478351,NA
"3089","L1CompL2.qqP.2","qqP","99","99","2",-1.46353601750611,NA
"3090","L1CompL22.qqP.2","qqP","99","99","2",-1.70327257325986,NA
"3091","L1CompL3.qqP.2","qqP","99","99","2",-0.744550952510943,NA
"3092","L1CompL32.qqP.2","qqP","99","99","2",-1.81118917140883,NA
"3093","L1CompR1.qqP.2","qqP","99","99","2",-3.32974761436048,NA
"3094","L1CompR12.qqP.2","qqP","99","99","2",-3.23689735074545,NA
"3095","L12CompL2.qqP.2","qqP","99","99","2",-0.308265413028821,NA
"3096","L12CompL22.qqP.2","qqP","99","99","2",-0.435577959670127,NA
"3097","L12CompL3.qqP.2","qqP","99","99","2",0.0735529514413162,NA
"3098","L12CompL32.qqP.2","qqP","99","99","2",-0.492887271101649,NA
"3099","L12CompR1.qqP.2","qqP","99","99","2",-1.29932057447494,NA
"3100","L12CompR12.qqP.2","qqP","99","99","2",-1.25001226819691,NA
"3101","L2CompL3.qqP.2","qqP","99","99","2",0.291850843619089,NA
"3102","L2CompL32.qqP.2","qqP","99","99","2",-0.141119574234866,NA
"3103","L2CompR1.qqP.2","qqP","99","99","2",-0.757533717223088,NA
"3104","L2CompR12.qqP.2","qqP","99","99","2",-0.719843883197836,NA
"3105","L22CompL3.qqP.2","qqP","99","99","2",0.354652220509455,NA
"3106","L22CompL32.qqP.2","qqP","99","99","2",-0.0399207239463964,NA
"3107","L22CompR1.qqP.2","qqP","99","99","2",-0.601668902052028,NA
"3108","L22CompR12.qqP.2","qqP","99","99","2",-0.567321546726676,NA
"3109","L3CompR1.qqP.2","qqP","99","99","2",-1.48186939345546,NA
"3110","L3CompR12.qqP.2","qqP","99","99","2",-1.42864637725098,NA
"3111","L32CompR1.qqP.2","qqP","99","99","2",-0.540183655513521,NA
"3112","L32CompR12.qqP.2","qqP","99","99","2",-0.507154834628975,NA
"3113","DCompL1.qABQ.2","qABQ","99","99","2",0,NA
"3114","DCompL12.qABQ.2","qABQ","99","99","2",0,NA
"3115","DCompL2.qABQ.2","qABQ","99","99","2",1,NA
"3116","DCompL22.qABQ.2","qABQ","99","99","2",1,NA
"3117","DCompL3.qABQ.2","qABQ","99","99","2",0,NA
"3118","DCompL32.qABQ.2","qABQ","99","99","2",0,NA
"3119","DCompR1.qABQ.2","qABQ","99","99","2",1,NA
"3120","DCompR12.qABQ.2","qABQ","99","99","2",1,NA
"3121","L1CompL2.qABQ.2","qABQ","99","99","2",1.32121413161292,NA
"3122","L1CompL22.qABQ.2","qABQ","99","99","2",1.34888636719715,NA
"3123","L1CompL3.qABQ.2","qABQ","99","99","2",0.348771245168438,NA
"3124","L1CompL32.qABQ.2","qABQ","99","99","2",0.216679898766622,NA
"3125","L1CompR1.qABQ.2","qABQ","99","99","2",1.71546458514295,NA
"3126","L1CompR12.qABQ.2","qABQ","99","99","2",2.06404825725075,NA
"3127","L12CompL2.qABQ.2","qABQ","99","99","2",1.66250272869903,NA
"3128","L12CompL22.qABQ.2","qABQ","99","99","2",1.71957659245371,NA
"3129","L12CompL3.qABQ.2","qABQ","99","99","2",-0.343156432491848,NA
"3130","L12CompL32.qABQ.2","qABQ","99","99","2",-0.615594251429984,NA
"3131","L12CompR1.qABQ.2","qABQ","99","99","2",2.47564254898944,NA
"3132","L12CompR12.qABQ.2","qABQ","99","99","2",3.19459483415737,NA
"3133","L2CompL3.qABQ.2","qABQ","99","99","2",3.02739758540986,NA
"3134","L2CompL32.qABQ.2","qABQ","99","99","2",3.43862278816959,NA
"3135","L2CompR1.qABQ.2","qABQ","99","99","2",-1.22737580551131,NA
"3136","L2CompR12.qABQ.2","qABQ","99","99","2",-2.31258233225235,NA
"3137","L22CompL3.qABQ.2","qABQ","99","99","2",2.86659272491309,NA
"3138","L22CompL32.qABQ.2","qABQ","99","99","2",3.24520123135316,NA
"3139","L22CompR1.qABQ.2","qABQ","99","99","2",-1.05070949286662,NA
"3140","L22CompR12.qABQ.2","qABQ","99","99","2",-2.0498418892059,NA
"3141","L3CompR1.qABQ.2","qABQ","99","99","2",2.09863789004219,NA
"3142","L3CompR12.qABQ.2","qABQ","99","99","2",2.63390859103874,NA
"3143","L32CompR1.qABQ.2","qABQ","99","99","2",1.91337447362376,NA
"3144","L32CompR12.qABQ.2","qABQ","99","99","2",2.358382423195,NA
"3145","DCompL1.qqm.2","qqm","99","99","2",0,NA
"3146","DCompL12.qqm.2","qqm","99","99","2",0,NA
"3147","DCompL2.qqm.2","qqm","99","99","2",0,NA
"3148","DCompL22.qqm.2","qqm","99","99","2",0,NA
"3149","DCompL3.qqm.2","qqm","99","99","2",0,NA
"3150","DCompL32.qqm.2","qqm","99","99","2",0,NA
"3151","DCompR1.qqm.2","qqm","99","99","2",0,NA
"3152","DCompR12.qqm.2","qqm","99","99","2",0,NA
"3153","L1CompL2.qqm.2","qqm","99","99","2",0.139482563841169,NA
"3154","L1CompL22.qqm.2","qqm","99","99","2",0.21067123468041,NA
"3155","L1CompL3.qqm.2","qqm","99","99","2",0.00396639939235693,NA
"3156","L1CompL32.qqm.2","qqm","99","99","2",0.00700375380074892,NA
"3157","L1CompR1.qqm.2","qqm","99","99","2",0.431789864343911,NA
"3158","L1CompR12.qqm.2","qqm","99","99","2",0.506756537931048,NA
"3159","L12CompL2.qqm.2","qqm","99","99","2",0.12193665361213,NA
"3160","L12CompL22.qqm.2","qqm","99","99","2",0.194576858116331,NA
"3161","L12CompL3.qqm.2","qqm","99","99","2",-0.0163426790841684,NA
"3162","L12CompL32.qqm.2","qqm","99","99","2",-0.0132433931616152,NA
"3163","L12CompR1.qqm.2","qqm","99","99","2",0.42020408628466,NA
"3164","L12CompR12.qqm.2","qqm","99","99","2",0.49669932683588,NA
"3165","L2CompL3.qqm.2","qqm","99","99","2",-0.157482183108024,NA
"3166","L2CompL32.qqm.2","qqm","99","99","2",-0.153952499361057,NA
"3167","L2CompR1.qqm.2","qqm","99","99","2",0.339687829926538,NA
"3168","L2CompR12.qqm.2","qqm","99","99","2",0.426805964245551,NA
"3169","L22CompL3.qqm.2","qqm","99","99","2",-0.261874195354277,NA
"3170","L22CompL32.qqm.2","qqm","99","99","2",-0.258026173412289,NA
"3171","L22CompR1.qqm.2","qqm","99","99","2",0.280135020258603,NA
"3172","L22CompR12.qqm.2","qqm","99","99","2",0.375110240826909,NA
"3173","L3CompR1.qqm.2","qqm","99","99","2",0.429527141143185,NA
"3174","L3CompR12.qqm.2","qqm","99","99","2",0.504792346595494,NA
"3175","L32CompR1.qqm.2","qqm","99","99","2",0.427782191694133,NA
"3176","L32CompR12.qqm.2","qqm","99","99","2",0.503277616650749,NA
"3177","DCompL1.qQuant.3","qQuant","99","99","3",0.923163241229676,NA
"3178","DCompL12.qQuant.3","qQuant","99","99","3",0.880983054242646,NA
"3179","DCompL2.qQuant.3","qQuant","99","99","3",0.785229529835861,NA
"3180","DCompL22.qQuant.3","qQuant","99","99","3",0.704477403730294,NA
"3181","DCompL3.qQuant.3","qQuant","99","99","3",0.902515019088584,NA
"3182","DCompL32.qQuant.3","qQuant","99","99","3",0.894585756876381,NA
"3183","DCompR1.qQuant.3","qQuant","99","99","3",0.51483612251106,NA
"3184","DCompR12.qQuant.3","qQuant","99","99","3",0.45010956389433,NA
"3185","L1CompL2.qQuant.3","qQuant","99","99","3",-1.79515265351209,NA
"3186","L1CompL22.qQuant.3","qQuant","99","99","3",-2.84610960950429,NA
"3187","L1CompL3.qQuant.3","qQuant","99","99","3",-0.268728437684532,NA
"3188","L1CompL32.qQuant.3","qQuant","99","99","3",-0.37192464662282,NA
"3189","L1CompR1.qQuant.3","qQuant","99","99","3",-5.31421581614556,NA
"3190","L1CompR12.qQuant.3","qQuant","99","99","3",-6.15660635490068,NA
"3191","L12CompL2.qQuant.3","qQuant","99","99","3",-0.804536898485058,NA
"3192","L12CompL22.qQuant.3","qQuant","99","99","3",-1.48302957523548,NA
"3193","L12CompL3.qQuant.3","qQuant","99","99","3",0.180915118506197,NA
"3194","L12CompL32.qQuant.3","qQuant","99","99","3",0.114292150140256,NA
"3195","L12CompR1.qQuant.3","qQuant","99","99","3",-3.07642688527792,NA
"3196","L12CompR12.qQuant.3","qQuant","99","99","3",-3.62027010192954,NA
"3197","L2CompL3.qQuant.3","qQuant","99","99","3",0.546096905981009,NA
"3198","L2CompL32.qQuant.3","qQuant","99","99","3",0.50917720186087,NA
"3199","L2CompR1.qQuant.3","qQuant","99","99","3",-1.25898782601794,NA
"3200","L2CompR12.qQuant.3","qQuant","99","99","3",-1.56036332967663,NA
"3201","L22CompL3.qQuant.3","qQuant","99","99","3",0.670126812156023,NA
"3202","L22CompL32.qQuant.3","qQuant","99","99","3",0.643295489230833,NA
"3203","L22CompR1.qQuant.3","qQuant","99","99","3",-0.641714994430276,NA
"3204","L22CompR12.qQuant.3","qQuant","99","99","3",-0.860739053618149,NA
"3205","L3CompR1.qQuant.3","qQuant","99","99","3",-3.97680640600222,NA
"3206","L3CompR12.qQuant.3","qQuant","99","99","3",-4.64077082402417,NA
"3207","L32CompR1.qQuant.3","qQuant","99","99","3",-3.60245089385111,NA
"3208","L32CompR12.qQuant.3","qQuant","99","99","3",-4.21647189043337,NA
"3209","DCompL1.qSigma.3","qSigma","99","99","3",0.397096194398929,NA
"3210","DCompL12.qSigma.3","qSigma","99","99","3",0.0804307477083151,NA
"3211","DCompL2.qSigma.3","qSigma","99","99","3",-0.0961886549531323,NA
"3212","DCompL22.qSigma.3","qSigma","99","99","3",-0.149159009983805,NA
"3213","DCompL3.qSigma.3","qSigma","99","99","3",0.165160921019896,NA
"3214","DCompL32.qSigma.3","qSigma","99","99","3",0.275513267873397,NA
"3215","DCompR1.qSigma.3","qSigma","99","99","3",-0.282992203420808,NA
"3216","DCompR12.qSigma.3","qSigma","99","99","3",-0.361128151279247,NA
"3217","L1CompL2.qSigma.3","qSigma","99","99","3",-0.818181681338494,NA
"3218","L1CompL22.qSigma.3","qSigma","99","99","3",-0.906040398663828,NA
"3219","L1CompL3.qSigma.3","qSigma","99","99","3",-0.384696980221916,NA
"3220","L1CompL32.qSigma.3","qSigma","99","99","3",-0.201662231015971,NA
"3221","L1CompR1.qSigma.3","qSigma","99","99","3",-1.12802140491005,NA
"3222","L1CompR12.qSigma.3","qSigma","99","99","3",-1.25762076575757,NA
"3223","L12CompL2.qSigma.3","qSigma","99","99","3",-0.192067538384183,NA
"3224","L12CompL22.qSigma.3","qSigma","99","99","3",-0.24967098140782,NA
"3225","L12CompL3.qSigma.3","qSigma","99","99","3",0.0921411553294351,NA
"3226","L12CompL32.qSigma.3","qSigma","99","99","3",0.212145544970008,NA
"3227","L12CompR1.qSigma.3","qSigma","99","99","3",-0.395209985787831,NA
"3228","L12CompR12.qSigma.3","qSigma","99","99","3",-0.48018014726693,NA
"3229","L2CompL3.qSigma.3","qSigma","99","99","3",0.238416603558264,NA
"3230","L2CompL32.qSigma.3","qSigma","99","99","3",0.339085723198277,NA
"3231","L2CompR1.qSigma.3","qSigma","99","99","3",-0.170411860790205,NA
"3232","L2CompR12.qSigma.3","qSigma","99","99","3",-0.241691514621123,NA
"3233","L22CompL3.qSigma.3","qSigma","99","99","3",0.273521704370686,NA
"3234","L22CompL32.qSigma.3","qSigma","99","99","3",0.369550492288432,NA
"3235","L22CompR1.qSigma.3","qSigma","99","99","3",-0.116461857997257,NA
"3236","L22CompR12.qSigma.3","qSigma","99","99","3",-0.184455884219564,NA
"3237","L3CompR1.qSigma.3","qSigma","99","99","3",-0.536813783308033,NA
"3238","L3CompR12.qSigma.3","qSigma","99","99","3",-0.630407806187143,NA
"3239","L32CompR1.qSigma.3","qSigma","99","99","3",-0.770898135918668,NA
"3240","L32CompR12.qSigma.3","qSigma","99","99","3",-0.878748210176183,NA
"3241","DCompL1.qConnect.3","qConnect","99","99","3",-0.615101285420003,NA
"3242","DCompL12.qConnect.3","qConnect","99","99","3",0.645756112178317,NA
"3243","DCompL2.qConnect.3","qConnect","99","99","3",0.346041144632704,NA
"3244","DCompL22.qConnect.3","qConnect","99","99","3",0.430564838453191,NA
"3245","DCompL3.qConnect.3","qConnect","99","99","3",-0.503522222042975,NA
"3246","DCompL32.qConnect.3","qConnect","99","99","3",0.0817814255397958,NA
"3247","DCompR1.qConnect.3","qConnect","99","99","3",0.359030054948403,NA
"3248","DCompR12.qConnect.3","qConnect","99","99","3",0.219187613397903,NA
"3249","L1CompL2.qConnect.3","qConnect","99","99","3",0.595097309827702,NA
"3250","L1CompL22.qConnect.3","qConnect","99","99","3",0.64743068023828,NA
"3251","L1CompL3.qConnect.3","qConnect","99","99","3",0.0690848706420363,NA
"3252","L1CompL32.qConnect.3","qConnect","99","99","3",0.431479262168116,NA
"3253","L1CompR1.qConnect.3","qConnect","99","99","3",0.60313947438602,NA
"3254","L1CompR12.qConnect.3","qConnect","99","99","3",0.516555157468623,NA
"3255","L12CompL2.qConnect.3","qConnect","99","99","3",-0.84606955221901,NA
"3256","L12CompL22.qConnect.3","qConnect","99","99","3",-0.607466440842157,NA
"3257","L12CompL3.qConnect.3","qConnect","99","99","3",-3.24431380111718,NA
"3258","L12CompL32.qConnect.3","qConnect","99","99","3",-1.59205199024467,NA
"3259","L12CompR1.qConnect.3","qConnect","99","99","3",-0.809402976556772,NA
"3260","L12CompR12.qConnect.3","qConnect","99","99","3",-1.20416615062428,NA
"3261","L2CompL3.qConnect.3","qConnect","99","99","3",-1.29910828441726,NA
"3262","L2CompL32.qConnect.3","qConnect","99","99","3",-0.404092271133002,NA
"3263","L2CompR1.qConnect.3","qConnect","99","99","3",0.0198619686989385,NA
"3264","L2CompR12.qConnect.3","qConnect","99","99","3",-0.193977847679048,NA
"3265","L22CompL3.qConnect.3","qConnect","99","99","3",-1.64037474953043,NA
"3266","L22CompL32.qConnect.3","qConnect","99","99","3",-0.612507685626512,NA
"3267","L22CompR1.qConnect.3","qConnect","99","99","3",-0.125624106720897,NA
"3268","L22CompR12.qConnect.3","qConnect","99","99","3",-0.371205080629557,NA
"3269","L3CompR1.qConnect.3","qConnect","99","99","3",0.573687747574059,NA
"3270","L3CompR12.qConnect.3","qConnect","99","99","3",0.480677854204818,NA
"3271","L32CompR1.qConnect.3","qConnect","99","99","3",0.301941865608191,NA
"3272","L32CompR12.qConnect.3","qConnect","99","99","3",0.149644313108003,NA
"3273","DCompL1.qTau1.3","qTau1","99","99","3",-4.67906103751524,NA
"3274","DCompL12.qTau1.3","qTau1","99","99","3",-1.91684594147975,NA
"3275","DCompL2.qTau1.3","qTau1","99","99","3",-1.36943987616534,NA
"3276","DCompL22.qTau1.3","qTau1","99","99","3",-1.23646296526949,NA
"3277","DCompL3.qTau1.3","qTau1","99","99","3",-1.05558363284541,NA
"3278","DCompL32.qTau1.3","qTau1","99","99","3",-1.4481907984903,NA
"3279","DCompR1.qTau1.3","qTau1","99","99","3",-1.3906529623669,NA
"3280","DCompR12.qTau1.3","qTau1","99","99","3",-1.27240688896248,NA
"3281","L1CompL2.qTau1.3","qTau1","99","99","3",0.582776120821192,NA
"3282","L1CompL22.qTau1.3","qTau1","99","99","3",0.606191419585797,NA
"3283","L1CompL3.qTau1.3","qTau1","99","99","3",0.638041637646355,NA
"3284","L1CompL32.qTau1.3","qTau1","99","99","3",0.568909229480397,NA
"3285","L1CompR1.qTau1.3","qTau1","99","99","3",0.579040805060112,NA
"3286","L1CompR12.qTau1.3","qTau1","99","99","3",0.599862217723807,NA
"3287","L12CompL2.qTau1.3","qTau1","99","99","3",0.187670544244346,NA
"3288","L12CompL22.qTau1.3","qTau1","99","99","3",0.233259825805232,NA
"3289","L12CompL3.qTau1.3","qTau1","99","99","3",0.295271785316648,NA
"3290","L12CompL32.qTau1.3","qTau1","99","99","3",0.160671887508635,NA
"3291","L12CompR1.qTau1.3","qTau1","99","99","3",0.180397933133866,NA
"3292","L12CompR12.qTau1.3","qTau1","99","99","3",0.220936952258211,NA
"3293","L2CompL3.qTau1.3","qTau1","99","99","3",0.132460100159988,NA
"3294","L2CompL32.qTau1.3","qTau1","99","99","3",-0.0332360922584006,NA
"3295","L2CompR1.qTau1.3","qTau1","99","99","3",-0.00895278517718536,NA
"3296","L2CompR12.qTau1.3","qTau1","99","99","3",0.0409518672235264,NA
"3297","L22CompL3.qTau1.3","qTau1","99","99","3",0.0808774101038093,NA
"3298","L22CompL32.qTau1.3","qTau1","99","99","3",-0.09467084253519,NA
"3299","L22CompR1.qTau1.3","qTau1","99","99","3",-0.0689436845107036,NA
"3300","L22CompR12.qTau1.3","qTau1","99","99","3",-0.0160717723705586,NA
"3301","L3CompR1.qTau1.3","qTau1","99","99","3",-0.163004474333978,NA
"3302","L3CompR12.qTau1.3","qTau1","99","99","3",-0.105480143280254,NA
"3303","L32CompR1.qTau1.3","qTau1","99","99","3",0.0235021862507125,NA
"3304","L32CompR12.qTau1.3","qTau1","99","99","3",0.0718015563313998,NA
"3305","DCompL1.qTau2.3","qTau2","99","99","3",-7.50954353982902,NA
"3306","DCompL12.qTau2.3","qTau2","99","99","3",-20.800181359715,NA
"3307","DCompL2.qTau2.3","qTau2","99","99","3",-4.91690441094661,NA
"3308","DCompL22.qTau2.3","qTau2","99","99","3",-3.86857945820231,NA
"3309","DCompL3.qTau2.3","qTau2","99","99","3",-14.4284447231115,NA
"3310","DCompL32.qTau2.3","qTau2","99","99","3",-73.837704688901,NA
"3311","DCompR1.qTau2.3","qTau2","99","99","3",-1.60120108186031,NA
"3312","DCompR12.qTau2.3","qTau2","99","99","3",-0.959053114185036,NA
"3313","L1CompL2.qTau2.3","qTau2","99","99","3",0.304674289137547,NA
"3314","L1CompL22.qTau2.3","qTau2","99","99","3",0.427868318034349,NA
"3315","L1CompL3.qTau2.3","qTau2","99","99","3",-0.813075478243752,NA
"3316","L1CompL32.qTau2.3","qTau2","99","99","3",-7.79456158119672,NA
"3317","L1CompR1.qTau2.3","qTau2","99","99","3",0.694319551961235,NA
"3318","L1CompR12.qTau2.3","qTau2","99","99","3",0.769781645159266,NA
"3319","L12CompL2.qTau2.3","qTau2","99","99","3",0.728584624443512,NA
"3320","L12CompL22.qTau2.3","qTau2","99","99","3",0.776672524972703,NA
"3321","L12CompL3.qTau2.3","qTau2","99","99","3",0.292279065548416,NA
"3322","L12CompL32.qTau2.3","qTau2","99","99","3",-2.43289367432488,NA
"3323","L12CompR1.qTau2.3","qTau2","99","99","3",0.880679842110529,NA
"3324","L12CompR12.qTau2.3","qTau2","99","99","3",0.91013592585036,NA
"3325","L2CompL3.qTau2.3","qTau2","99","99","3",-1.60751968454451,NA
"3326","L2CompL32.qTau2.3","qTau2","99","99","3",-11.6481179162616,NA
"3327","L2CompR1.qTau2.3","qTau2","99","99","3",0.56037804547798,NA
"3328","L2CompR12.qTau2.3","qTau2","99","99","3",0.668905735478728,NA
"3329","L22CompL3.qTau2.3","qTau2","99","99","3",-2.16898283278884,NA
"3330","L22CompL32.qTau2.3","qTau2","99","99","3",-14.3715689209547,NA
"3331","L22CompR1.qTau2.3","qTau2","99","99","3",0.465716621410389,NA
"3332","L22CompR12.qTau2.3","qTau2","99","99","3",0.597612993481182,NA
"3333","L3CompR1.qTau2.3","qTau2","99","99","3",0.831402248992489,NA
"3334","L3CompR12.qTau2.3","qTau2","99","99","3",0.87302329240935,NA
"3335","L32CompR1.qTau2.3","qTau2","99","99","3",0.96524210499676,NA
"3336","L32CompR12.qTau2.3","qTau2","99","99","3",0.973822645652632,NA
"3337","DCompL1.qNPQ.3","qNPQ","99","99","3",0.900517677642297,NA
"3338","DCompL12.qNPQ.3","qNPQ","99","99","3",0.760207565242153,NA
"3339","DCompL2.qNPQ.3","qNPQ","99","99","3",0.705348305124593,NA
"3340","DCompL22.qNPQ.3","qNPQ","99","99","3",0.710983721505572,NA
"3341","DCompL3.qNPQ.3","qNPQ","99","99","3",0.775190715684016,NA
"3342","DCompL32.qNPQ.3","qNPQ","99","99","3",0.566233323388119,NA
"3343","DCompR1.qNPQ.3","qNPQ","99","99","3",0.420255737739941,NA
"3344","DCompR12.qNPQ.3","qNPQ","99","99","3",0.506875386683548,NA
"3345","L1CompL2.qNPQ.3","qNPQ","99","99","3",-1.96184978287845,NA
"3346","L1CompL22.qNPQ.3","qNPQ","99","99","3",-1.90520236806724,NA
"3347","L1CompL3.qNPQ.3","qNPQ","99","99","3",-1.25979127736534,NA
"3348","L1CompL32.qNPQ.3","qNPQ","99","99","3",-3.36023874726417,NA
"3349","L1CompR1.qNPQ.3","qNPQ","99","99","3",-4.82761086110862,NA
"3350","L1CompR12.qNPQ.3","qNPQ","99","99","3",-3.95690693210148,NA
"3351","L12CompL2.qNPQ.3","qNPQ","99","99","3",-0.228778110422706,NA
"3352","L12CompL22.qNPQ.3","qNPQ","99","99","3",-0.205276883677708,NA
"3353","L12CompL3.qNPQ.3","qNPQ","99","99","3",0.0624838329741019,NA
"3354","L12CompL32.qNPQ.3","qNPQ","99","99","3",-0.808925611226719,NA
"3355","L12CompR1.qNPQ.3","qNPQ","99","99","3",-1.41769204622953,NA
"3356","L12CompR12.qNPQ.3","qNPQ","99","99","3",-1.05646443272671,NA
"3357","L2CompL3.qNPQ.3","qNPQ","99","99","3",0.237033798800837,NA
"3358","L2CompL32.qNPQ.3","qNPQ","99","99","3",-0.4721336552817,NA
"3359","L2CompR1.qNPQ.3","qNPQ","99","99","3",-0.967557873730212,NA
"3360","L2CompR12.qNPQ.3","qNPQ","99","99","3",-0.673584852532306,NA
"3361","L22CompL3.qNPQ.3","qNPQ","99","99","3",0.222157016597531,NA
"3362","L22CompL32.qNPQ.3","qNPQ","99","99","3",-0.500838218772665,NA
"3363","L22CompR1.qNPQ.3","qNPQ","99","99","3",-1.00592252201198,NA
"3364","L22CompR12.qNPQ.3","qNPQ","99","99","3",-0.706217434828537,NA
"3365","L3CompR1.qNPQ.3","qNPQ","99","99","3",-1.57882704455031,NA
"3366","L3CompR12.qNPQ.3","qNPQ","99","99","3",-1.19352423462784,NA
"3367","L32CompR1.qNPQ.3","qNPQ","99","99","3",-0.336534808963191,NA
"3368","L32CompR12.qNPQ.3","qNPQ","99","99","3",-0.136843007785225,NA
"3369","DCompL1.qqP.3","qqP","99","99","3",0.841778171503876,NA
"3370","DCompL12.qqP.3","qqP","99","99","3",0.688287585206165,NA
"3371","DCompL2.qqP.3","qqP","99","99","3",0.599849288889073,NA
"3372","DCompL22.qqP.3","qqP","99","99","3",0.56681724132206,NA
"3373","DCompL3.qqP.3","qqP","99","99","3",0.711423446055496,NA
"3374","DCompL32.qqP.3","qqP","99","99","3",0.55060346959851,NA
"3375","DCompR1.qqP.3","qqP","99","99","3",0.317129411572197,NA
"3376","DCompR12.qqP.3","qqP","99","99","3",0.333302697614829,NA
"3377","L1CompL2.qqP.3","qqP","99","99","3",-1.52904870910862,NA
"3378","L1CompL22.qqP.3","qqP","99","99","3",-1.73781919217646,NA
"3379","L1CompL3.qqP.3","qqP","99","99","3",-0.823873208187409,NA
"3380","L1CompL32.qqP.3","qqP","99","99","3",-1.84029412801597,NA
"3381","L1CompR1.qqP.3","qqP","99","99","3",-3.31590631279129,NA
"3382","L1CompR12.qqP.3","qqP","99","99","3",-3.21368725618983,NA
"3383","L12CompL2.qqP.3","qqP","99","99","3",-0.283717593909709,NA
"3384","L12CompL22.qqP.3","qqP","99","99","3",-0.389687218471695,NA
"3385","L12CompL3.qqP.3","qqP","99","99","3",0.074221813926254,NA
"3386","L12CompL32.qqP.3","qqP","99","99","3",-0.4417023803775,NA
"3387","L12CompR1.qqP.3","qqP","99","99","3",-1.19070706208301,NA
"3388","L12CompR12.qqP.3","qqP","99","99","3",-1.13882178169298,NA
"3389","L2CompL3.qqP.3","qqP","99","99","3",0.278830335841871,NA
"3390","L2CompL32.qqP.3","qqP","99","99","3",-0.123068178871515,NA
"3391","L2CompR1.qqP.3","qqP","99","99","3",-0.706533487175291,NA
"3392","L2CompR12.qqP.3","qqP","99","99","3",-0.666115500667832,NA
"3393","L22CompL3.qqP.3","qqP","99","99","3",0.33382262298428,NA
"3394","L22CompL32.qqP.3","qqP","99","99","3",-0.0374294022528382,NA
"3395","L22CompR1.qqP.3","qqP","99","99","3",-0.576402972528045,NA
"3396","L22CompR12.qqP.3","qqP","99","99","3",-0.53906703124545,NA
"3397","L3CompR1.qqP.3","qqP","99","99","3",-1.36634119818038,NA
"3398","L3CompR12.qqP.3","qqP","99","99","3",-1.3102961528655,NA
"3399","L32CompR1.qqP.3","qqP","99","99","3",-0.519527949665581,NA
"3400","L32CompR12.qqP.3","qqP","99","99","3",-0.48353905133523,NA
"3401","DCompL1.qABQ.3","qABQ","99","99","3",0,NA
"3402","DCompL12.qABQ.3","qABQ","99","99","3",0,NA
"3403","DCompL2.qABQ.3","qABQ","99","99","3",1,NA
"3404","DCompL22.qABQ.3","qABQ","99","99","3",1,NA
"3405","DCompL3.qABQ.3","qABQ","99","99","3",0,NA
"3406","DCompL32.qABQ.3","qABQ","99","99","3",0,NA
"3407","DCompR1.qABQ.3","qABQ","99","99","3",1,NA
"3408","DCompR12.qABQ.3","qABQ","99","99","3",1,NA
"3409","L1CompL2.qABQ.3","qABQ","99","99","3",1.24223011026014,NA
"3410","L1CompL22.qABQ.3","qABQ","99","99","3",1.37562437537228,NA
"3411","L1CompL3.qABQ.3","qABQ","99","99","3",0.584078308103926,NA
"3412","L1CompL32.qABQ.3","qABQ","99","99","3",0.306180034562074,NA
"3413","L1CompR1.qABQ.3","qABQ","99","99","3",1.71265403046525,NA
"3414","L1CompR12.qABQ.3","qABQ","99","99","3",1.90942234242732,NA
"3415","L12CompL2.qABQ.3","qABQ","99","99","3",2.1959189451025,NA
"3416","L12CompL22.qABQ.3","qABQ","99","99","3",2.85450234187475,NA
"3417","L12CompL3.qABQ.3","qABQ","99","99","3",-1.05345499980751,NA
"3418","L12CompL32.qABQ.3","qABQ","99","99","3",-2.42547192116823,NA
"3419","L12CompR1.qABQ.3","qABQ","99","99","3",4.51845794654418,NA
"3420","L12CompR12.qABQ.3","qABQ","99","99","3",5.4899265712274,NA
"3421","L2CompL3.qABQ.3","qABQ","99","99","3",2.71705198602026,NA
"3422","L2CompL32.qABQ.3","qABQ","99","99","3",3.86430107591834,NA
"3423","L2CompR1.qABQ.3","qABQ","99","99","3",-1.9420538582091,NA
"3424","L2CompR12.qABQ.3","qABQ","99","99","3",-2.75437364682149,NA
"3425","L22CompL3.qABQ.3","qABQ","99","99","3",2.1072808879452,NA
"3426","L22CompL32.qABQ.3","qABQ","99","99","3",2.84711113263161,NA
"3427","L22CompR1.qABQ.3","qABQ","99","99","3",-0.897251821740659,NA
"3428","L22CompR12.qABQ.3","qABQ","99","99","3",-1.42109512069338,NA
"3429","L3CompR1.qABQ.3","qABQ","99","99","3",2.71343318790721,NA
"3430","L3CompR12.qABQ.3","qABQ","99","99","3",3.186522992541,NA
"3431","L32CompR1.qABQ.3","qABQ","99","99","3",2.02714546419176,NA
"3432","L32CompR12.qABQ.3","qABQ","99","99","3",2.31074686190863,NA
"3433","DCompL1.qqm.3","qqm","99","99","3",0,NA
"3434","DCompL12.qqm.3","qqm","99","99","3",0,NA
"3435","DCompL2.qqm.3","qqm","99","99","3",0,NA
"3436","DCompL22.qqm.3","qqm","99","99","3",0,NA
"3437","DCompL3.qqm.3","qqm","99","99","3",0,NA
"3438","DCompL32.qqm.3","qqm","99","99","3",0,NA
"3439","DCompR1.qqm.3","qqm","99","99","3",0,NA
"3440","DCompR12.qqm.3","qqm","99","99","3",0,NA
"3441","L1CompL2.qqm.3","qqm","99","99","3",0.149414215420974,NA
"3442","L1CompL22.qqm.3","qqm","99","99","3",0.236887505624777,NA
"3443","L1CompL3.qqm.3","qqm","99","99","3",0.0223668157687778,NA
"3444","L1CompL32.qqm.3","qqm","99","99","3",0.0309560466415767,NA
"3445","L1CompR1.qqm.3","qqm","99","99","3",0.442313017332357,NA
"3446","L1CompR12.qqm.3","qqm","99","99","3",0.512426899391299,NA
"3447","L12CompL2.qqm.3","qqm","99","99","3",0.108689405483629,NA
"3448","L12CompL22.qqm.3","qqm","99","99","3",0.200350789566649,NA
"3449","L12CompL3.qqm.3","qqm","99","99","3",-0.0244408388359392,NA
"3450","L12CompL32.qqm.3","qqm","99","99","3",-0.0154403680845244,NA
"3451","L12CompR1.qqm.3","qqm","99","99","3",0.415611775922696,NA
"3452","L12CompR12.qqm.3","qqm","99","99","3",0.489082608653266,NA
"3453","L2CompL3.qqm.3","qqm","99","99","3",-0.149364593149266,NA
"3454","L2CompL32.qqm.3","qqm","99","99","3",-0.13926657478531,NA
"3455","L2CompR1.qqm.3","qqm","99","99","3",0.344349514442386,NA
"3456","L2CompR12.qqm.3","qqm","99","99","3",0.426779627113083,NA
"3457","L22CompL3.qqm.3","qqm","99","99","3",-0.281112799799762,NA
"3458","L22CompL32.qqm.3","qqm","99","99","3",-0.26985727596008,NA
"3459","L22CompR1.qqm.3","qqm","99","99","3",0.269194271122198,NA
"3460","L22CompR12.qqm.3","qqm","99","99","3",0.361073099703488,NA
"3461","L3CompR1.qqm.3","qqm","99","99","3",0.429553955754695,NA
"3462","L3CompR12.qqm.3","qqm","99","99","3",0.501271940771823,NA
"3463","L32CompR1.qqm.3","qqm","99","99","3",0.424497742610268,NA
"3464","L32CompR12.qqm.3","qqm","99","99","3",0.496851408113208,NA
"3465","DCompL1.qQuant.4","qQuant","99","99","4",0.914194277236669,NA
"3466","DCompL12.qQuant.4","qQuant","99","99","4",0.862224336183901,NA
"3467","DCompL2.qQuant.4","qQuant","99","99","4",0.77941967968009,NA
"3468","DCompL22.qQuant.4","qQuant","99","99","4",0.708723003581872,NA
"3469","DCompL3.qQuant.4","qQuant","99","99","4",0.901981511134738,NA
"3470","DCompL32.qQuant.4","qQuant","99","99","4",0.896145686444729,NA
"3471","DCompR1.qQuant.4","qQuant","99","99","4",0.509856647606801,NA
"3472","DCompR12.qQuant.4","qQuant","99","99","4",0.430120085049976,NA
"3473","L1CompL2.qQuant.4","qQuant","99","99","4",-1.57069474175182,NA
"3474","L1CompL22.qQuant.4","qQuant","99","99","4",-2.39461037140293,NA
"3475","L1CompL3.qQuant.4","qQuant","99","99","4",-0.142330437978081,NA
"3476","L1CompL32.qQuant.4","qQuant","99","99","4",-0.210342506428407,NA
"3477","L1CompR1.qQuant.4","qQuant","99","99","4",-4.71224548443126,NA
"3478","L1CompR12.qQuant.4","qQuant","99","99","4",-5.641514069194,NA
"3479","L12CompL2.qQuant.4","qQuant","99","99","4",-0.601010760611084,NA
"3480","L12CompL22.qQuant.4","qQuant","99","99","4",-1.11413966988336,NA
"3481","L12CompL3.qQuant.4","qQuant","99","99","4",0.288564568296362,NA
"3482","L12CompL32.qQuant.4","qQuant","99","99","4",0.246207126289776,NA
"3483","L12CompR1.qQuant.4","qQuant","99","99","4",-2.5575466582214,NA
"3484","L12CompR12.qQuant.4","qQuant","99","99","4",-3.13628865334803,NA
"3485","L2CompL3.qQuant.4","qQuant","99","99","4",0.555633572736205,NA
"3486","L2CompL32.qQuant.4","qQuant","99","99","4",0.529176884843352,NA
"3487","L2CompR1.qQuant.4","qQuant","99","99","4",-1.22206292783662,NA
"3488","L2CompR12.qQuant.4","qQuant","99","99","4",-1.58354831529631,NA
"3489","L22CompL3.qQuant.4","qQuant","99","99","4",0.663487024136447,NA
"3490","L22CompL32.qQuant.4","qQuant","99","99","4",0.643451714922972,NA
"3491","L22CompR1.qQuant.4","qQuant","99","99","4",-0.682739654763531,NA
"3492","L22CompR12.qQuant.4","qQuant","99","99","4",-0.956487885957052,NA
"3493","L3CompR1.qQuant.4","qQuant","99","99","4",-4.00051937208458,NA
"3494","L3CompR12.qQuant.4","qQuant","99","99","4",-4.81400429191875,NA
"3495","L32CompR1.qQuant.4","qQuant","99","99","4",-3.71952811216017,NA
"3496","L32CompR12.qQuant.4","qQuant","99","99","4",-4.48730134975793,NA
"3497","DCompL1.qSigma.4","qSigma","99","99","4",0.404917725103224,NA
"3498","DCompL12.qSigma.4","qSigma","99","99","4",0.0599344841222607,NA
"3499","DCompL2.qSigma.4","qSigma","99","99","4",-0.126947906339075,NA
"3500","DCompL22.qSigma.4","qSigma","99","99","4",-0.130748356142657,NA
"3501","DCompL3.qSigma.4","qSigma","99","99","4",0.189164760750716,NA
"3502","DCompL32.qSigma.4","qSigma","99","99","4",0.0938957797646991,NA
"3503","DCompR1.qSigma.4","qSigma","99","99","4",-0.287471054068596,NA
"3504","DCompR12.qSigma.4","qSigma","99","99","4",-0.35826530755476,NA
"3505","L1CompL2.qSigma.4","qSigma","99","99","4",-0.893768229837726,NA
"3506","L1CompL22.qSigma.4","qSigma","99","99","4",-0.900154657335068,NA
"3507","L1CompL3.qSigma.4","qSigma","99","99","4",-0.36255989037807,NA
"3508","L1CompL32.qSigma.4","qSigma","99","99","4",-0.522653687496364,NA
"3509","L1CompR1.qSigma.4","qSigma","99","99","4",-1.16351773255542,NA
"3510","L1CompR12.qSigma.4","qSigma","99","99","4",-1.28248322098044,NA
"3511","L12CompL2.qSigma.4","qSigma","99","99","4",-0.198797197966403,NA
"3512","L12CompL22.qSigma.4","qSigma","99","99","4",-0.202839947901798,NA
"3513","L12CompL3.qSigma.4","qSigma","99","99","4",0.137469436380499,NA
"3514","L12CompL32.qSigma.4","qSigma","99","99","4",0.0361265199806087,NA
"3515","L12CompR1.qSigma.4","qSigma","99","99","4",-0.369554602656055,NA
"3516","L12CompR12.qSigma.4","qSigma","99","99","4",-0.444862389496915,NA
"3517","L2CompL3.qSigma.4","qSigma","99","99","4",0.280503353625895,NA
"3518","L2CompL32.qSigma.4","qSigma","99","99","4",0.195966188731111,NA
"3519","L2CompR1.qSigma.4","qSigma","99","99","4",-0.142440610454645,NA
"3520","L2CompR12.qSigma.4","qSigma","99","99","4",-0.205260065629056,NA
"3521","L22CompL3.qSigma.4","qSigma","99","99","4",0.282921584767719,NA
"3522","L22CompL32.qSigma.4","qSigma","99","99","4",0.198668549626451,NA
"3523","L22CompR1.qSigma.4","qSigma","99","99","4",-0.138600862936976,NA
"3524","L22CompR12.qSigma.4","qSigma","99","99","4",-0.20120918166818,NA
"3525","L3CompR1.qSigma.4","qSigma","99","99","4",-0.587833127801166,NA
"3526","L3CompR12.qSigma.4","qSigma","99","99","4",-0.675143409914347,NA
"3527","L32CompR1.qSigma.4","qSigma","99","99","4",-0.420886279212187,NA
"3528","L32CompR12.qSigma.4","qSigma","99","99","4",-0.499016644246553,NA
"3529","DCompL1.qConnect.4","qConnect","99","99","4",-0.741425818258559,NA
"3530","DCompL12.qConnect.4","qConnect","99","99","4",0.528055740489195,NA
"3531","DCompL2.qConnect.4","qConnect","99","99","4",0.146352392483762,NA
"3532","DCompL22.qConnect.4","qConnect","99","99","4",0.059280469746811,NA
"3533","DCompL3.qConnect.4","qConnect","99","99","4",-0.396086306010445,NA
"3534","DCompL32.qConnect.4","qConnect","99","99","4",0.152770605004546,NA
"3535","DCompR1.qConnect.4","qConnect","99","99","4",0.248700026526509,NA
"3536","DCompR12.qConnect.4","qConnect","99","99","4",0.21653749847197,NA
"3537","L1CompL2.qConnect.4","qConnect","99","99","4",0.509799614450478,NA
"3538","L1CompL22.qConnect.4","qConnect","99","99","4",0.459799251630531,NA
"3539","L1CompL3.qConnect.4","qConnect","99","99","4",0.198308482984051,NA
"3540","L1CompL32.qConnect.4","qConnect","99","99","4",0.513485222217108,NA
"3541","L1CompR1.qConnect.4","qConnect","99","99","4",0.568571933644123,NA
"3542","L1CompR12.qConnect.4","qConnect","99","99","4",0.550102856341306,NA
"3543","L12CompL2.qConnect.4","qConnect","99","99","4",-0.808789047251235,NA
"3544","L12CompL22.qConnect.4","qConnect","99","99","4",-0.993285247771198,NA
"3545","L12CompL3.qConnect.4","qConnect","99","99","4",-1.95815931198647,NA
"3546","L12CompL32.qConnect.4","qConnect","99","99","4",-0.79518953334373,NA
"3547","L12CompR1.qConnect.4","qConnect","99","99","4",-0.591925229162133,NA
"3548","L12CompR12.qConnect.4","qConnect","99","99","4",-0.660074226435406,NA
"3549","L2CompL3.qConnect.4","qConnect","99","99","4",-0.635436324916882,NA
"3550","L2CompL32.qConnect.4","qConnect","99","99","4",0.00751857378181903,NA
"3551","L2CompR1.qConnect.4","qConnect","99","99","4",0.119894477699687,NA
"3552","L2CompR12.qConnect.4","qConnect","99","99","4",0.0822178910480611,NA
"3553","L22CompL3.qConnect.4","qConnect","99","99","4",-0.484062211012773,NA
"3554","L22CompL32.qConnect.4","qConnect","99","99","4",0.0993815183496541,NA
"3555","L22CompR1.qConnect.4","qConnect","99","99","4",0.201356037254501,NA
"3556","L22CompR12.qConnect.4","qConnect","99","99","4",0.167166752329288,NA
"3557","L3CompR1.qConnect.4","qConnect","99","99","4",0.46185277354345,NA
"3558","L3CompR12.qConnect.4","qConnect","99","99","4",0.438815137606422,NA
"3559","L32CompR1.qConnect.4","qConnect","99","99","4",0.11322721105832,NA
"3560","L32CompR12.qConnect.4","qConnect","99","99","4",0.075265204257657,NA
"3561","DCompL1.qTau1.4","qTau1","99","99","4",-5.43633038066614,NA
"3562","DCompL12.qTau1.4","qTau1","99","99","4",-0.491346820478282,NA
"3563","DCompL2.qTau1.4","qTau1","99","99","4",-1.2641702204291,NA
"3564","DCompL22.qTau1.4","qTau1","99","99","4",-1.15177550844572,NA
"3565","DCompL3.qTau1.4","qTau1","99","99","4",-0.384826719405242,NA
"3566","DCompL32.qTau1.4","qTau1","99","99","4",-1.21953986371702,NA
"3567","DCompR1.qTau1.4","qTau1","99","99","4",-0.885762796364586,NA
"3568","DCompR12.qTau1.4","qTau1","99","99","4",-0.946530700217737,NA
"3569","L1CompL2.qTau1.4","qTau1","99","99","4",0.64822032330249,NA
"3570","L1CompL22.qTau1.4","qTau1","99","99","4",0.665682868780422,NA
"3571","L1CompL3.qTau1.4","qTau1","99","99","4",0.784842194619923,NA
"3572","L1CompL32.qTau1.4","qTau1","99","99","4",0.655154454099463,NA
"3573","L1CompR1.qTau1.4","qTau1","99","99","4",0.707012740982166,NA
"3574","L1CompR12.qTau1.4","qTau1","99","99","4",0.697571351205828,NA
"3575","L12CompL2.qTau1.4","qTau1","99","99","4",-0.518205013977209,NA
"3576","L12CompL22.qTau1.4","qTau1","99","99","4",-0.442840443885233,NA
"3577","L12CompL3.qTau1.4","qTau1","99","99","4",0.0714254388116632,NA
"3578","L12CompL32.qTau1.4","qTau1","99","99","4",-0.488278804929631,NA
"3579","L12CompR1.qTau1.4","qTau1","99","99","4",-0.264469652846957,NA
"3580","L12CompR12.qTau1.4","qTau1","99","99","4",-0.305216649466873,NA
"3581","L2CompL3.qTau1.4","qTau1","99","99","4",0.388373406332146,NA
"3582","L2CompL32.qTau1.4","qTau1","99","99","4",0.019711573056382,NA
"3583","L2CompR1.qTau1.4","qTau1","99","99","4",0.16712852269243,NA
"3584","L2CompR12.qTau1.4","qTau1","99","99","4",0.140289593664544,NA
"3585","L22CompL3.qTau1.4","qTau1","99","99","4",0.356426024011427,NA
"3586","L22CompL32.qTau1.4","qTau1","99","99","4",-0.0314922978746308,NA
"3587","L22CompR1.qTau1.4","qTau1","99","99","4",0.123624751298186,NA
"3588","L22CompR12.qTau1.4","qTau1","99","99","4",0.0953839317449206,NA
"3589","L3CompR1.qTau1.4","qTau1","99","99","4",-0.361731955297979,NA
"3590","L3CompR12.qTau1.4","qTau1","99","99","4",-0.405613188236097,NA
"3591","L32CompR1.qTau1.4","qTau1","99","99","4",0.15038119963904,NA
"3592","L32CompR12.qTau1.4","qTau1","99","99","4",0.123002595250568,NA
"3593","DCompL1.qTau2.4","qTau2","99","99","4",-6.14914740473263,NA
"3594","DCompL12.qTau2.4","qTau2","99","99","4",-10.6872844025203,NA
"3595","DCompL2.qTau2.4","qTau2","99","99","4",-5.20046484887632,NA
"3596","DCompL22.qTau2.4","qTau2","99","99","4",-3.82777670947243,NA
"3597","DCompL3.qTau2.4","qTau2","99","99","4",-7.33444566023439,NA
"3598","DCompL32.qTau2.4","qTau2","99","99","4",-11.6239077885871,NA
"3599","DCompR1.qTau2.4","qTau2","99","99","4",-0.866721869173675,NA
"3600","DCompR12.qTau2.4","qTau2","99","99","4",-0.825540166906444,NA
"3601","L1CompL2.qTau2.4","qTau2","99","99","4",0.132698698480926,NA
"3602","L1CompL22.qTau2.4","qTau2","99","99","4",0.324705949372856,NA
"3603","L1CompL3.qTau2.4","qTau2","99","99","4",-0.165795749954339,NA
"3604","L1CompL32.qTau2.4","qTau2","99","99","4",-0.765792069167619,NA
"3605","L1CompR1.qTau2.4","qTau2","99","99","4",0.738888882338902,NA
"3606","L1CompR12.qTau2.4","qTau2","99","99","4",0.74464924786724,NA
"3607","L12CompL2.qTau2.4","qTau2","99","99","4",0.469469156792383,NA
"3608","L12CompL22.qTau2.4","qTau2","99","99","4",0.586920575969611,NA
"3609","L12CompL3.qTau2.4","qTau2","99","99","4",0.286879195098811,NA
"3610","L12CompL32.qTau2.4","qTau2","99","99","4",-0.0801403776795974,NA
"3611","L12CompR1.qTau2.4","qTau2","99","99","4",0.840277535406674,NA
"3612","L12CompR12.qTau2.4","qTau2","99","99","4",0.843801168515008,NA
"3613","L2CompL3.qTau2.4","qTau2","99","99","4",-0.344164649485079,NA
"3614","L2CompL32.qTau2.4","qTau2","99","99","4",-1.03596151196227,NA
"3615","L2CompR1.qTau2.4","qTau2","99","99","4",0.698938399834333,NA
"3616","L2CompR12.qTau2.4","qTau2","99","99","4",0.70558011191092,NA
"3617","L22CompL3.qTau2.4","qTau2","99","99","4",-0.726352762728572,NA
"3618","L22CompL32.qTau2.4","qTau2","99","99","4",-1.61484914242578,NA
"3619","L22CompR1.qTau2.4","qTau2","99","99","4",0.613337156726607,NA
"3620","L22CompR12.qTau2.4","qTau2","99","99","4",0.621867315585535,NA
"3621","L3CompR1.qTau2.4","qTau2","99","99","4",0.776023271939939,NA
"3622","L3CompR12.qTau2.4","qTau2","99","99","4",0.780964416671822,NA
"3623","L32CompR1.qTau2.4","qTau2","99","99","4",0.85212804937776,NA
"3624","L32CompR12.qTau2.4","qTau2","99","99","4",0.855390248607737,NA
"3625","DCompL1.qNPQ.4","qNPQ","99","99","4",0.91162033338897,NA
"3626","DCompL12.qNPQ.4","qNPQ","99","99","4",0.769190767353034,NA
"3627","DCompL2.qNPQ.4","qNPQ","99","99","4",0.697308014700051,NA
"3628","DCompL22.qNPQ.4","qNPQ","99","99","4",0.700299119486394,NA
"3629","DCompL3.qNPQ.4","qNPQ","99","99","4",0.776710648198476,NA
"3630","DCompL32.qNPQ.4","qNPQ","99","99","4",0.560571680105546,NA
"3631","DCompR1.qNPQ.4","qNPQ","99","99","4",0.414484789765145,NA
"3632","DCompR12.qNPQ.4","qNPQ","99","99","4",0.506866537584623,NA
"3633","L1CompL2.qNPQ.4","qNPQ","99","99","4",-2.42490526279235,NA
"3634","L1CompL22.qNPQ.4","qNPQ","99","99","4",-2.39106145118909,NA
"3635","L1CompL3.qNPQ.4","qNPQ","99","99","4",-1.52647877462867,NA
"3636","L1CompL32.qNPQ.4","qNPQ","99","99","4",-3.97205224623029,NA
"3637","L1CompR1.qNPQ.4","qNPQ","99","99","4",-5.62499908278433,NA
"3638","L1CompR12.qNPQ.4","qNPQ","99","99","4",-4.5797162551622,NA
"3639","L12CompL2.qNPQ.4","qNPQ","99","99","4",-0.311437943052007,NA
"3640","L12CompL22.qNPQ.4","qNPQ","99","99","4",-0.298478735345971,NA
"3641","L12CompL3.qNPQ.4","qNPQ","99","99","4",0.0325805027779953,NA
"3642","L12CompL32.qNPQ.4","qNPQ","99","99","4",-0.903859368427354,NA
"3643","L12CompR1.qNPQ.4","qNPQ","99","99","4",-1.53679284628285,NA
"3644","L12CompR12.qNPQ.4","qNPQ","99","99","4",-1.13654131925325,NA
"3645","L2CompL3.qNPQ.4","qNPQ","99","99","4",0.262321559058597,NA
"3646","L2CompL32.qNPQ.4","qNPQ","99","99","4",-0.451734242183546,NA
"3647","L2CompR1.qNPQ.4","qNPQ","99","99","4",-0.934359806899567,NA
"3648","L2CompR12.qNPQ.4","qNPQ","99","99","4",-0.62915929844232,NA
"3649","L22CompL3.qNPQ.4","qNPQ","99","99","4",0.254959306696507,NA
"3650","L22CompL32.qNPQ.4","qNPQ","99","99","4",-0.466222985869755,NA
"3651","L22CompR1.qNPQ.4","qNPQ","99","99","4",-0.953665298651914,NA
"3652","L22CompR12.qNPQ.4","qNPQ","99","99","4",-0.645418797469933,NA
"3653","L3CompR1.qNPQ.4","qNPQ","99","99","4",-1.6222262974515,NA
"3654","L3CompR12.qNPQ.4","qNPQ","99","99","4",-1.20849520336156,NA
"3655","L32CompR1.qNPQ.4","qNPQ","99","99","4",-0.33244760004428,NA
"3656","L32CompR12.qNPQ.4","qNPQ","99","99","4",-0.122215933952147,NA
"3657","DCompL1.qqP.4","qqP","99","99","4",0.849797824086365,NA
"3658","DCompL12.qqP.4","qqP","99","99","4",0.688772925946158,NA
"3659","DCompL2.qqP.4","qqP","99","99","4",0.593241357653659,NA
"3660","DCompL22.qqP.4","qqP","99","99","4",0.562943283798893,NA
"3661","DCompL3.qqP.4","qqP","99","99","4",0.714401302558502,NA
"3662","DCompL32.qqP.4","qqP","99","99","4",0.550089848420475,NA
"3663","DCompR1.qqP.4","qqP","99","99","4",0.314298247177081,NA
"3664","DCompR12.qqP.4","qqP","99","99","4",0.326821262369416,NA
"3665","L1CompL2.qqP.4","qqP","99","99","4",-1.70807423309382,NA
"3666","L1CompL22.qqP.4","qqP","99","99","4",-1.90978951231978,NA
"3667","L1CompL3.qqP.4","qqP","99","99","4",-0.901428495987396,NA
"3668","L1CompL32.qqP.4","qqP","99","99","4",-1.99536374118987,NA
"3669","L1CompR1.qqP.4","qqP","99","99","4",-3.56519187323352,NA
"3670","L1CompR12.qqP.4","qqP","99","99","4",-3.48181748057801,NA
"3671","L12CompL2.qqP.4","qqP","99","99","4",-0.306951342787013,NA
"3672","L12CompL22.qqP.4","qqP","99","99","4",-0.404301722559964,NA
"3673","L12CompL3.qqP.4","qqP","99","99","4",0.0823462312533585,NA
"3674","L12CompL32.qqP.4","qqP","99","99","4",-0.445600942486422,NA
"3675","L12CompR1.qqP.4","qqP","99","99","4",-1.20322012443009,NA
"3676","L12CompR12.qqP.4","qqP","99","99","4",-1.162982573663,NA
"3677","L2CompL3.qqP.4","qqP","99","99","4",0.297866922275937,NA
"3678","L2CompL32.qqP.4","qqP","99","99","4",-0.106086275104738,NA
"3679","L2CompR1.qqP.4","qqP","99","99","4",-0.685770580970391,NA
"3680","L2CompR12.qqP.4","qqP","99","99","4",-0.654983244479891,NA
"3681","L22CompL3.qqP.4","qqP","99","99","4",0.346540879353327,NA
"3682","L22CompL32.qqP.4","qqP","99","99","4",-0.0294090787349975,NA
"3683","L22CompR1.qqP.4","qqP","99","99","4",-0.568907941246235,NA
"3684","L22CompR12.qqP.4","qqP","99","99","4",-0.540254874657566,NA
"3685","L3CompR1.qqP.4","qqP","99","99","4",-1.40092745158048,NA
"3686","L3CompR12.qqP.4","qqP","99","99","4",-1.35707915918796,NA
"3687","L32CompR1.qqP.4","qqP","99","99","4",-0.524085976756886,NA
"3688","L32CompR12.qqP.4","qqP","99","99","4",-0.496251496587079,NA
"3689","DCompL1.qABQ.4","qABQ","99","99","4",0,NA
"3690","DCompL12.qABQ.4","qABQ","99","99","4",0,NA
"3691","DCompL2.qABQ.4","qABQ","99","99","4",1,NA
"3692","DCompL22.qABQ.4","qABQ","99","99","4",1,NA
"3693","DCompL3.qABQ.4","qABQ","99","99","4",0,NA
"3694","DCompL32.qABQ.4","qABQ","99","99","4",0,NA
"3695","DCompR1.qABQ.4","qABQ","99","99","4",1,NA
"3696","DCompR12.qABQ.4","qABQ","99","99","4",1,NA
"3697","L1CompL2.qABQ.4","qABQ","99","99","4",1.31351531056516,NA
"3698","L1CompL22.qABQ.4","qABQ","99","99","4",1.32290104393263,NA
"3699","L1CompL3.qABQ.4","qABQ","99","99","4",0.532831612391148,NA
"3700","L1CompL32.qABQ.4","qABQ","99","99","4",0.768111460814016,NA
"3701","L1CompR1.qABQ.4","qABQ","99","99","4",1.70994929647822,NA
"3702","L1CompR12.qABQ.4","qABQ","99","99","4",1.8847854399642,NA
"3703","L12CompL2.qABQ.4","qABQ","99","99","4",3.11811127096903,NA
"3704","L12CompL22.qABQ.4","qABQ","99","99","4",3.18152134046806,NA
"3705","L12CompL3.qABQ.4","qABQ","99","99","4",-2.15619235772242,NA
"3706","L12CompL32.qABQ.4","qABQ","99","99","4",-0.566640326346325,NA
"3707","L12CompR1.qABQ.4","qABQ","99","99","4",5.79642159732581,NA
"3708","L12CompR12.qABQ.4","qABQ","99","99","4",6.97761560479822,NA
"3709","L2CompL3.qABQ.4","qABQ","99","99","4",2.49009752272291,NA
"3710","L2CompL32.qABQ.4","qABQ","99","99","4",1.73964023883863,NA
"3711","L2CompR1.qABQ.4","qABQ","99","99","4",-1.26448046571768,NA
"3712","L2CompR12.qABQ.4","qABQ","99","99","4",-1.82214427859754,NA
"3713","L22CompL3.qABQ.4","qABQ","99","99","4",2.44678500236227,NA
"3714","L22CompL32.qABQ.4","qABQ","99","99","4",1.71814118765861,NA
"3715","L22CompR1.qABQ.4","qABQ","99","99","4",-1.19865903136052,NA
"3716","L22CompR12.qABQ.4","qABQ","99","99","4",-1.74011328420729,NA
"3717","L3CompR1.qABQ.4","qABQ","99","99","4",2.51968608174028,NA
"3718","L3CompR12.qABQ.4","qABQ","99","99","4",2.8939326021028,NA
"3719","L32CompR1.qABQ.4","qABQ","99","99","4",4.0615971749635,NA
"3720","L32CompR12.qABQ.4","qABQ","99","99","4",4.81556347316748,NA
"3721","DCompL1.qqm.4","qqm","99","99","4",0,NA
"3722","DCompL12.qqm.4","qqm","99","99","4",0,NA
"3723","DCompL2.qqm.4","qqm","99","99","4",0,NA
"3724","DCompL22.qqm.4","qqm","99","99","4",0,NA
"3725","DCompL3.qqm.4","qqm","99","99","4",0,NA
"3726","DCompL32.qqm.4","qqm","99","99","4",0,NA
"3727","DCompR1.qqm.4","qqm","99","99","4",0,NA
"3728","DCompR12.qqm.4","qqm","99","99","4",0,NA
"3729","L1CompL2.qqm.4","qqm","99","99","4",0.147424459890475,NA
"3730","L1CompL22.qqm.4","qqm","99","99","4",0.2247566833123,NA
"3731","L1CompL3.qqm.4","qqm","99","99","4",0.0133590489527527,NA
"3732","L1CompL32.qqm.4","qqm","99","99","4",0.0197426206238081,NA
"3733","L1CompR1.qqm.4","qqm","99","99","4",0.442288515360277,NA
"3734","L1CompR12.qqm.4","qqm","99","99","4",0.529509103524363,NA
"3735","L12CompL2.qqm.4","qqm","99","99","4",0.0960360929619481,NA
"3736","L12CompL22.qqm.4","qqm","99","99","4",0.178029459573606,NA
"3737","L12CompL3.qqm.4","qqm","99","99","4",-0.0461100125366414,NA
"3738","L12CompL32.qqm.4","qqm","99","99","4",-0.0393416757533889,NA
"3739","L12CompR1.qqm.4","qqm","99","99","4",0.408672863650122,NA
"3740","L12CompR12.qqm.4","qqm","99","99","4",0.501150608954468,NA
"3741","L2CompL3.qqm.4","qqm","99","99","4",-0.157247545385245,NA
"3742","L2CompL32.qqm.4","qqm","99","99","4",-0.14976014823304,NA
"3743","L2CompR1.qqm.4","qqm","99","99","4",0.345850944107455,NA
"3744","L2CompR12.qqm.4","qqm","99","99","4",0.448153419443401,NA
"3745","L22CompL3.qqm.4","qqm","99","99","4",-0.272685529573816,NA
"3746","L22CompL32.qqm.4","qqm","99","99","4",-0.264451248111927,NA
"3747","L22CompR1.qqm.4","qqm","99","99","4",0.280598139146046,NA
"3748","L22CompR12.qqm.4","qqm","99","99","4",0.393105511072507,NA
"3749","L3CompR1.qqm.4","qqm","99","99","4",0.434737141157832,NA
"3750","L3CompR12.qqm.4","qqm","99","99","4",0.523138689939593,NA
"3751","L32CompR1.qqm.4","qqm","99","99","4",0.431056071218118,NA
"3752","L32CompR12.qqm.4","qqm","99","99","4",0.520033303115715,NA
"3753","DCampL1.mQuant.1","mQuant","99","99","1",0.9060182164342,NA
"3754","DCampL2.mQuant.1","mQuant","99","99","1",0.759657940545879,NA
"3755","DCampL3.mQuant.1","mQuant","99","99","1",0.916797068525942,NA
"3756","DCampR1.mQuant.1","mQuant","99","99","1",0.480756880670106,NA
"3757","L1CampL2.mQuant.1","mQuant","99","99","1",-1.55732600867114,NA
"3758","L1CampL3.mQuant.1","mQuant","99","99","1",0.114690865429203,NA
"3759","L1CampR1.mQuant.1","mQuant","99","99","1",-4.52493365872713,NA
"3760","L2CampL3.mQuant.1","mQuant","99","99","1",0.653814518927593,NA
"3761","L2CampR1.mQuant.1","mQuant","99","99","1",-1.16043384378593,NA
"3762","L3CampR1.mQuant.1","mQuant","99","99","1",-5.2406829919423,NA
"3763","DCampL1.mSigma.1","mSigma","99","99","1",0.256730549001623,NA
"3764","DCampL2.mSigma.1","mSigma","99","99","1",-0.125038247827232,NA
"3765","DCampL3.mSigma.1","mSigma","99","99","1",0.277222540844279,NA
"3766","DCampR1.mSigma.1","mSigma","99","99","1",-0.297912179423016,NA
"3767","L1CampL2.mSigma.1","mSigma","99","99","1",-0.513634451565383,NA
"3768","L1CampL3.mSigma.1","mSigma","99","99","1",0.0275700714123663,NA
"3769","L1CampR1.mSigma.1","mSigma","99","99","1",-0.746220267333239,NA
"3770","L2CampL3.mSigma.1","mSigma","99","99","1",0.357552989374708,NA
"3771","L2CampR1.mSigma.1","mSigma","99","99","1",-0.153660492814047,NA
"3772","L3CampR1.mSigma.1","mSigma","99","99","1",-0.79572863401013,NA
"3773","DCampL1.mConnect.1","mConnect","99","99","1",-0.130664429315495,NA
"3774","DCampL2.mConnect.1","mConnect","99","99","1",0.313988033677457,NA
"3775","DCampL3.mConnect.1","mConnect","99","99","1",-0.134869884551856,NA
"3776","DCampR1.mConnect.1","mConnect","99","99","1",0.388481403011984,NA
"3777","L1CampL2.mConnect.1","mConnect","99","99","1",0.393266517866972,NA
"3778","L1CampL3.mConnect.1","mConnect","99","99","1",-0.00371945479783734,NA
"3779","L1CampR1.mConnect.1","mConnect","99","99","1",0.459151114041653,NA
"3780","L2CampL3.mConnect.1","mConnect","99","99","1",-0.654300420786354,NA
"3781","L2CampR1.mConnect.1","mConnect","99","99","1",0.108589023211736,NA
"3782","L3CampR1.mConnect.1","mConnect","99","99","1",0.461155322462808,NA
"3783","DCampL1.mTau1.1","mTau1","99","99","1",-3.77300270326887,NA
"3784","DCampL2.mTau1.1","mTau1","99","99","1",-1.72258147279826,NA
"3785","DCampL3.mTau1.1","mTau1","99","99","1",-1.6357002848869,NA
"3786","DCampR1.mTau1.1","mTau1","99","99","1",-1.47878802897383,NA
"3787","L1CampL2.mTau1.1","mTau1","99","99","1",0.429587276174461,NA
"3788","L1CampL3.mTau1.1","mTau1","99","99","1",0.447789903181535,NA
"3789","L1CampR1.mTau1.1","mTau1","99","99","1",0.480664859612128,NA
"3790","L2CampL3.mTau1.1","mTau1","99","99","1",0.0319113270913659,NA
"3791","L2CampR1.mTau1.1","mTau1","99","99","1",0.0895449580701999,NA
"3792","L3CampR1.mTau1.1","mTau1","99","99","1",0.0595334214640411,NA
"3793","DCampL1.mTau2.1","mTau2","99","99","1",-13.8751744708201,NA
"3794","DCampL2.mTau2.1","mTau2","99","99","1",-5.95349783474961,NA
"3795","DCampL3.mTau2.1","mTau2","99","99","1",-23.5220080837909,NA
"3796","DCampR1.mTau2.1","mTau2","99","99","1",-1.25373913097892,NA
"3797","L1CampL2.mTau2.1","mTau2","99","99","1",0.532543443548178,NA
"3798","L1CampL3.mTau2.1","mTau2","99","99","1",-0.648519022878994,NA
"3799","L1CampR1.mTau2.1","mTau2","99","99","1",0.848489902730219,NA
"3800","L2CampL3.mTau2.1","mTau2","99","99","1",-2.52657161425202,NA
"3801","L2CampR1.mTau2.1","mTau2","99","99","1",0.675884111199975,NA
"3802","L3CampR1.mTau2.1","mTau2","99","99","1",0.908093206589037,NA
"3803","DCampL1.mNPQ.1","mNPQ","99","99","1",0.897448578648299,NA
"3804","DCampL2.mNPQ.1","mNPQ","99","99","1",0.766160515338965,NA
"3805","DCampL3.mNPQ.1","mNPQ","99","99","1",0.734773375713537,NA
"3806","DCampR1.mNPQ.1","mNPQ","99","99","1",0.529208710389998,NA
"3807","L1CampL2.mNPQ.1","mNPQ","99","99","1",-1.28021690561537,NA
"3808","L1CampL3.mNPQ.1","mNPQ","99","99","1",-1.58627935908236,NA
"3809","L1CampR1.mNPQ.1","mNPQ","99","99","1",-3.59078268642828,NA
"3810","L2CampL3.mNPQ.1","mNPQ","99","99","1",-0.134225148806352,NA
"3811","L2CampR1.mNPQ.1","mNPQ","99","99","1",-1.01330964397413,NA
"3812","L3CampR1.mNPQ.1","mNPQ","99","99","1",-0.775052903819776,NA
"3813","DCampL1.mqP.1","mqP","99","99","1",0.838859114664268,NA
"3814","DCampL2.mqP.1","mqP","99","99","1",0.647436574495694,NA
"3815","DCampL3.mqP.1","mqP","99","99","1",0.703565681194024,NA
"3816","DCampR1.mqP.1","mqP","99","99","1",0.368967227691593,NA
"3817","L1CampL2.mqP.1","mqP","99","99","1",-1.18792037023844,NA
"3818","L1CampL3.mqP.1","mqP","99","99","1",-0.839597183473108,NA
"3819","L1CampR1.mqP.1","mqP","99","99","1",-2.91603143419293,NA
"3820","L2CampL3.mqP.1","mqP","99","99","1",0.159202862911951,NA
"3821","L2CampR1.mqP.1","mqP","99","99","1",-0.789841845919719,NA
"3822","L3CampR1.mqP.1","mqP","99","99","1",-1.12874398231007,NA
"3823","DCampL1.mABQ.1","mABQ","99","99","1",0,NA
"3824","DCampL2.mABQ.1","mABQ","99","99","1",1,NA
"3825","DCampL3.mABQ.1","mABQ","99","99","1",0,NA
"3826","DCampR1.mABQ.1","mABQ","99","99","1",1,NA
"3827","L1CampL2.mABQ.1","mABQ","99","99","1",1.48704078386263,NA
"3828","L1CampL3.mABQ.1","mABQ","99","99","1",-0.0798190629138007,NA
"3829","L1CampR1.mABQ.1","mABQ","99","99","1",2.16040798643379,NA
"3830","L2CampL3.mABQ.1","mABQ","99","99","1",3.21710193210097,NA
"3831","L2CampR1.mABQ.1","mABQ","99","99","1",-1.38256841086453,NA
"3832","L3CampR1.mABQ.1","mABQ","99","99","1",2.07463187703182,NA
"3833","DCampL1.mqm.1","mqm","99","99","1",0,NA
"3834","DCampL2.mqm.1","mqm","99","99","1",0,NA
"3835","DCampL3.mqm.1","mqm","99","99","1",0,NA
"3836","DCampR1.mqm.1","mqm","99","99","1",0,NA
"3837","L1CampL2.mqm.1","mqm","99","99","1",0.161542310334939,NA
"3838","L1CampL3.mqm.1","mqm","99","99","1",-0.0118969485339529,NA
"3839","L1CampR1.mqm.1","mqm","99","99","1",0.46937393536941,NA
"3840","L2CampL3.mqm.1","mqm","99","99","1",-0.20685511148234,NA
"3841","L2CampR1.mqm.1","mqm","99","99","1",0.367140320649263,NA
"3842","L3CampR1.mqm.1","mqm","99","99","1",0.475612545922421,NA
"3843","DCampL1.mQuant.2","mQuant","99","99","2",0.902094990560327,NA
"3844","DCampL2.mQuant.2","mQuant","99","99","2",0.745027791527237,NA
"3845","DCampL3.mQuant.2","mQuant","99","99","2",0.911810414234229,NA
"3846","DCampR1.mQuant.2","mQuant","99","99","2",0.481870308209983,NA
"3847","L1CampL2.mQuant.2","mQuant","99","99","2",-1.6042815370941,NA
"3848","L1CampL3.mQuant.2","mQuant","99","99","2",0.0992331621181087,NA
"3849","L1CampR1.mQuant.2","mQuant","99","99","2",-4.29216732376987,NA
"3850","L2CampL3.mQuant.2","mQuant","99","99","2",0.654120791069701,NA
"3851","L2CampR1.mQuant.2","mQuant","99","99","2",-1.03210261578514,NA
"3852","L3CampR1.mQuant.2","mQuant","99","99","2",-4.87518001463525,NA
"3853","DCampL1.mSigma.2","mSigma","99","99","2",0.23832111921522,NA
"3854","DCampL2.mSigma.2","mSigma","99","99","2",-0.100384611536736,NA
"3855","DCampL3.mSigma.2","mSigma","99","99","2",0.246559556384978,NA
"3856","DCampR1.mSigma.2","mSigma","99","99","2",-0.312003230102997,NA
"3857","L1CampL2.mSigma.2","mSigma","99","99","2",-0.444683106354448,NA
"3858","L1CampL3.mSigma.2","mSigma","99","99","2",0.0108161554397693,NA
"3859","L1CampR1.mSigma.2","mSigma","99","99","2",-0.722514911731833,NA
"3860","L2CampL3.mSigma.2","mSigma","99","99","2",0.31529354762349,NA
"3861","L2CampR1.mSigma.2","mSigma","99","99","2",-0.192313320585905,NA
"3862","L3CampR1.mSigma.2","mSigma","99","99","2",-0.741349619895607,NA
"3863","DCampL1.mConnect.2","mConnect","99","99","2",-0.300557014719456,NA
"3864","DCampL2.mConnect.2","mConnect","99","99","2",0.344743628011722,NA
"3865","DCampL3.mConnect.2","mConnect","99","99","2",-0.314675966266629,NA
"3866","DCampR1.mConnect.2","mConnect","99","99","2",0.221870490313571,NA
"3867","L1CampL2.mConnect.2","mConnect","99","99","2",0.496172513336816,NA
"3868","L1CampL3.mConnect.2","mConnect","99","99","2",-0.0108560804235244,NA
"3869","L1CampR1.mConnect.2","mConnect","99","99","2",0.401695196073907,NA
"3870","L2CampL3.mConnect.2","mConnect","99","99","2",-1.00635357772629,NA
"3871","L2CampR1.mConnect.2","mConnect","99","99","2",-0.187519180203179,NA
"3872","L3CampR1.mConnect.2","mConnect","99","99","2",0.408120685512999,NA
"3873","DCampL1.mTau1.2","mTau1","99","99","2",-2.70002151668994,NA
"3874","DCampL2.mTau1.2","mTau1","99","99","2",-1.69529084737018,NA
"3875","DCampL3.mTau1.2","mTau1","99","99","2",-1.04774076606509,NA
"3876","DCampR1.mTau1.2","mTau1","99","99","2",-1.56875485488148,NA
"3877","L1CampL2.mTau1.2","mTau1","99","99","2",0.271547250411289,NA
"3878","L1CampL3.mTau1.2","mTau1","99","99","2",0.446559768145076,NA
"3879","L1CampR1.mTau1.2","mTau1","99","99","2",0.305745968423582,NA
"3880","L2CampL3.mTau1.2","mTau1","99","99","2",0.240252395001049,NA
"3881","L2CampR1.mTau1.2","mTau1","99","99","2",0.0469470642146691,NA
"3882","L3CampR1.mTau1.2","mTau1","99","99","2",-0.25443361652538,NA
"3883","DCampL1.mTau2.2","mTau2","99","99","2",-12.1342871946888,NA
"3884","DCampL2.mTau2.2","mTau2","99","99","2",-5.48743218722237,NA
"3885","DCampL3.mTau2.2","mTau2","99","99","2",-18.5195995873271,NA
"3886","DCampR1.mTau2.2","mTau2","99","99","2",-1.41091811942811,NA
"3887","L1CampL2.mTau2.2","mTau2","99","99","2",0.506068955927374,NA
"3888","L1CampL3.mTau2.2","mTau2","99","99","2",-0.486155989890368,NA
"3889","L1CampR1.mTau2.2","mTau2","99","99","2",0.816440886079983,NA
"3890","L2CampL3.mTau2.2","mTau2","99","99","2",-2.0088329286544,NA
"3891","L2CampR1.mTau2.2","mTau2","99","99","2",0.628370971772677,NA
"3892","L3CampR1.mTau2.2","mTau2","99","99","2",0.876487316830343,NA
"3893","DCampL1.mNPQ.2","mNPQ","99","99","2",0.853982129552753,NA
"3894","DCampL2.mNPQ.2","mNPQ","99","99","2",0.730000920340077,NA
"3895","DCampL3.mNPQ.2","mNPQ","99","99","2",0.695084065690559,NA
"3896","DCampR1.mNPQ.2","mNPQ","99","99","2",0.50874246009062,NA
"3897","L1CampL2.mNPQ.2","mNPQ","99","99","2",-0.849082436505391,NA
"3898","L1CampL3.mNPQ.2","mNPQ","99","99","2",-1.08820970594556,NA
"3899","L1CampR1.mNPQ.2","mNPQ","99","99","2",-2.36436587114084,NA
"3900","L2CampL3.mNPQ.2","mNPQ","99","99","2",-0.129322124703156,NA
"3901","L2CampR1.mNPQ.2","mNPQ","99","99","2",-0.819478572031219,NA
"3902","L3CampR1.mNPQ.2","mNPQ","99","99","2",-0.611124525262862,NA
"3903","DCampL1.mqP.2","mqP","99","99","2",0.783508481117241,NA
"3904","DCampL2.mqP.2","mqP","99","99","2",0.597993162843315,NA
"3905","DCampL3.mqP.2","mqP","99","99","2",0.648076547761371,NA
"3906","DCampR1.mqP.2","mqP","99","99","2",0.345940201542798,NA
"3907","L1CampL2.mqP.2","mqP","99","99","2",-0.856917255841288,NA
"3908","L1CampL3.mqP.2","mqP","99","99","2",-0.625576161388628,NA
"3909","L1CampR1.mqP.2","mqP","99","99","2",-2.02117977569093,NA
"3910","L2CampL3.mqP.2","mqP","99","99","2",0.124583415725678,NA
"3911","L2CampR1.mqP.2","mqP","99","99","2",-0.626986752472266,NA
"3912","L3CampR1.mqP.2","mqP","99","99","2",-0.858528592785296,NA
"3913","DCampL1.mABQ.2","mABQ","99","99","2",0,NA
"3914","DCampL2.mABQ.2","mABQ","99","99","2",1,NA
"3915","DCampL3.mABQ.2","mABQ","99","99","2",0,NA
"3916","DCampR1.mABQ.2","mABQ","99","99","2",1,NA
"3917","L1CampL2.mABQ.2","mABQ","99","99","2",1.42121576076555,NA
"3918","L1CampL3.mABQ.2","mABQ","99","99","2",-0.0345686408191048,NA
"3919","L1CampR1.mABQ.2","mABQ","99","99","2",2.30917155445732,NA
"3920","L2CampL3.mABQ.2","mABQ","99","99","2",3.45614893169902,NA
"3921","L2CampR1.mABQ.2","mABQ","99","99","2",-2.1080782734196,NA
"3922","L3CampR1.mABQ.2","mABQ","99","99","2",2.26542744754065,NA
"3923","DCampL1.mqm.2","mqm","99","99","2",0,NA
"3924","DCampL2.mqm.2","mqm","99","99","2",0,NA
"3925","DCampL3.mqm.2","mqm","99","99","2",0,NA
"3926","DCampR1.mqm.2","mqm","99","99","2",0,NA
"3927","L1CampL2.mqm.2","mqm","99","99","2",0.174113813596869,NA
"3928","L1CampL3.mqm.2","mqm","99","99","2",-0.0107698454991612,NA
"3929","L1CampR1.mqm.2","mqm","99","99","2",0.465831965311463,NA
"3930","L2CampL3.mqm.2","mqm","99","99","2",-0.223860941301402,NA
"3931","L2CampR1.mqm.2","mqm","99","99","2",0.353218344751684,NA
"3932","L3CampR1.mqm.2","mqm","99","99","2",0.471523574761234,NA
"3933","DCampL1.mQuant.3","mQuant","99","99","3",0.898704989300703,NA
"3934","DCampL2.mQuant.3","mQuant","99","99","3",0.736995657308656,NA
"3935","DCampL3.mQuant.3","mQuant","99","99","3",0.900877348585564,NA
"3936","DCampR1.mQuant.3","mQuant","99","99","3",0.483119515997216,NA
"3937","L1CampL2.mQuant.3","mQuant","99","99","3",-1.59641951637773,NA
"3938","L1CampL3.mQuant.3","mQuant","99","99","3",0.0214458665818182,NA
"3939","L1CampR1.mQuant.3","mQuant","99","99","3",-4.10272401803866,NA
"3940","L2CampL3.mQuant.3","mQuant","99","99","3",0.623114012490799,NA
"3941","L2CampR1.mQuant.3","mQuant","99","99","3",-0.965292583055873,NA
"3942","L3CampR1.mQuant.3","mQuant","99","99","3",-4.21455466159482,NA
"3943","DCampL1.mSigma.3","mSigma","99","99","3",0.237385645512623,NA
"3944","DCampL2.mSigma.3","mSigma","99","99","3",-0.145288451102361,NA
"3945","DCampL3.mSigma.3","mSigma","99","99","3",0.20920895692074,NA
"3946","DCampR1.mSigma.3","mSigma","99","99","3",-0.326459529810806,NA
"3947","L1CampL2.mSigma.3","mSigma","99","99","3",-0.501792412329053,NA
"3948","L1CampL3.mSigma.3","mSigma","99","99","3",-0.0369474930888538,NA
"3949","L1CampR1.mSigma.3","mSigma","99","99","3",-0.739358198551666,NA
"3950","L2CampL3.mSigma.3","mSigma","99","99","3",0.309526746455787,NA
"3951","L2CampR1.mSigma.3","mSigma","99","99","3",-0.158188165203328,NA
"3952","L3CampR1.mSigma.3","mSigma","99","99","3",-0.677383098126285,NA
"3953","DCampL1.mConnect.3","mConnect","99","99","3",0.0483289436609191,NA
"3954","DCampL2.mConnect.3","mConnect","99","99","3",0.41536614632274,NA
"3955","DCampL3.mConnect.3","mConnect","99","99","3",0.03650592576493,NA
"3956","DCampR1.mConnect.3","mConnect","99","99","3",0.271404799888559,NA
"3957","L1CampL2.mConnect.3","mConnect","99","99","3",0.385676542558467,NA
"3958","L1CampL3.mConnect.3","mConnect","99","99","3",-0.0124234291010912,NA
"3959","L1CampR1.mConnect.3","mConnect","99","99","3",0.234404371911631,NA
"3960","L2CampL3.mConnect.3","mConnect","99","99","3",-0.648029904828184,NA
"3961","L2CampR1.mConnect.3","mConnect","99","99","3",-0.246241892303507,NA
"3962","L3CampR1.mConnect.3","mConnect","99","99","3",0.243798981649284,NA
"3963","DCampL1.mTau1.3","mTau1","99","99","3",-2.48032312659422,NA
"3964","DCampL2.mTau1.3","mTau1","99","99","3",-1.33982710466032,NA
"3965","DCampL3.mTau1.3","mTau1","99","99","3",-1.21149668546031,NA
"3966","DCampR1.mTau1.3","mTau1","99","99","3",-1.36316619013631,NA
"3967","L1CampL2.mTau1.3","mTau1","99","99","3",0.327698314337258,NA
"3968","L1CampL3.mTau1.3","mTau1","99","99","3",0.364571447817134,NA
"3969","L1CampR1.mTau1.3","mTau1","99","99","3",0.320992303249478,NA
"3970","L2CampL3.mTau1.3","mTau1","99","99","3",0.0548461118962198,NA
"3971","L2CampR1.mTau1.3","mTau1","99","99","3",-0.00997470515215067,NA
"3972","L3CampR1.mTau1.3","mTau1","99","99","3",-0.0685822889417696,NA
"3973","DCampL1.mTau2.3","mTau2","99","99","3",-10.3387711314562,NA
"3974","DCampL2.mTau2.3","mTau2","99","99","3",-4.75112081347946,NA
"3975","DCampL3.mTau2.3","mTau2","99","99","3",-23.6394823450928,NA
"3976","DCampR1.mTau2.3","mTau2","99","99","3",-1.27182634447599,NA
"3977","L1CampL2.mTau2.3","mTau2","99","99","3",0.492791525042374,NA
"3978","L1CampL3.mTau2.3","mTau2","99","99","3",-1.17302933972602,NA
"3979","L1CampR1.mTau2.3","mTau2","99","99","3",0.799640867767984,NA
"3980","L2CampL3.mTau2.3","mTau2","99","99","3",-3.28429225262367,NA
"3981","L2CampR1.mTau2.3","mTau2","99","99","3",0.604976765719945,NA
"3982","L3CampR1.mTau2.3","mTau2","99","99","3",0.907797318439669,NA
"3983","DCampL1.mNPQ.3","mNPQ","99","99","3",0.832992614946961,NA
"3984","DCampL2.mNPQ.3","mNPQ","99","99","3",0.710317899150514,NA
"3985","DCampL3.mNPQ.3","mNPQ","99","99","3",0.674835967072531,NA
"3986","DCampR1.mNPQ.3","mNPQ","99","99","3",0.47783283453757,NA
"3987","L1CampL2.mNPQ.3","mNPQ","99","99","3",-0.734546653475755,NA
"3988","L1CampL3.mNPQ.3","mNPQ","99","99","3",-0.947003917366894,NA
"3989","L1CampR1.mNPQ.3","mNPQ","99","99","3",-2.12661122917766,NA
"3990","L2CampL3.mNPQ.3","mNPQ","99","99","3",-0.122485759299358,NA
"3991","L2CampR1.mNPQ.3","mNPQ","99","99","3",-0.802552397718696,NA
"3992","L3CampR1.mNPQ.3","mNPQ","99","99","3",-0.6058576982249,NA
"3993","DCampL1.mqP.3","mqP","99","99","3",0.763677204355088,NA
"3994","DCampL2.mqP.3","mqP","99","99","3",0.58132772640123,NA
"3995","DCampL3.mqP.3","mqP","99","99","3",0.631797378374252,NA
"3996","DCampR1.mqP.3","mqP","99","99","3",0.332324628957208,NA
"3997","L1CampL2.mqP.3","mqP","99","99","3",-0.771611885583176,NA
"3998","L1CampL3.mqP.3","mqP","99","99","3",-0.55804953398991,NA
"3999","L1CampR1.mqP.3","mqP","99","99","3",-1.82526858748747,NA
"4000","L2CampL3.mqP.3","mqP","99","99","3",0.120546917375735,NA
"4001","L2CampR1.mqP.3","mqP","99","99","3",-0.594744656252663,NA
"4002","L3CampR1.mqP.3","mqP","99","99","3",-0.813336820076845,NA
"4003","DCampL1.mABQ.3","mABQ","99","99","3",0,NA
"4004","DCampL2.mABQ.3","mABQ","99","99","3",1,NA
"4005","DCampL3.mABQ.3","mABQ","99","99","3",0,NA
"4006","DCampR1.mABQ.3","mABQ","99","99","3",1,NA
"4007","L1CampL2.mABQ.3","mABQ","99","99","3",1.61203553731574,NA
"4008","L1CampL3.mABQ.3","mABQ","99","99","3",0.118695839973969,NA
"4009","L1CampR1.mABQ.3","mABQ","99","99","3",2.37522860367497,NA
"4010","L2CampL3.mABQ.3","mABQ","99","99","3",2.43995586251617,NA
"4011","L2CampR1.mABQ.3","mABQ","99","99","3",-1.24697508531358,NA
"4012","L3CampR1.mABQ.3","mABQ","99","99","3",2.56044719411554,NA
"4013","DCampL1.mqm.3","mqm","99","99","3",0,NA
"4014","DCampL2.mqm.3","mqm","99","99","3",0,NA
"4015","DCampL3.mqm.3","mqm","99","99","3",0,NA
"4016","DCampR1.mqm.3","mqm","99","99","3",0,NA
"4017","L1CampL2.mqm.3","mqm","99","99","3",0.179935945518535,NA
"4018","L1CampL3.mqm.3","mqm","99","99","3",-0.00241721066503894,NA
"4019","L1CampR1.mqm.3","mqm","99","99","3",0.462427023607447,NA
"4020","L2CampL3.mqm.3","mqm","99","99","3",-0.222364527730554,NA
"4021","L2CampR1.mqm.3","mqm","99","99","3",0.344474406048115,NA
"4022","L3CampR1.mqm.3","mqm","99","99","3",0.463723317324223,NA
"4023","DCampL1.mQuant.4","mQuant","99","99","4",0.891364093073467,NA
"4024","DCampL2.mQuant.4","mQuant","99","99","4",0.732962059112271,NA
"4025","DCampL3.mQuant.4","mQuant","99","99","4",0.903023183563045,NA
"4026","DCampR1.mQuant.4","mQuant","99","99","4",0.459379545334273,NA
"4027","L1CampL2.mQuant.4","mQuant","99","99","4",-1.45810016635032,NA
"4028","L1CampL3.mQuant.4","mQuant","99","99","4",0.107322623057432,NA
"4029","L1CampR1.mQuant.4","mQuant","99","99","4",-3.97644351633508,NA
"4030","L2CampL3.mQuant.4","mQuant","99","99","4",0.636842554602656,NA
"4031","L2CampR1.mQuant.4","mQuant","99","99","4",-1.02450802634454,NA
"4032","L3CampR1.mQuant.4","mQuant","99","99","4",-4.57473914414574,NA
"4033","DCampL1.mSigma.4","mSigma","99","99","4",0.21314016892254,NA
"4034","DCampL2.mSigma.4","mSigma","99","99","4",-0.161473141932064,NA
"4035","DCampL3.mSigma.4","mSigma","99","99","4",0.227227972768925,NA
"4036","DCampR1.mSigma.4","mSigma","99","99","4",-0.336579711534287,NA
"4037","L1CampL2.mSigma.4","mSigma","99","99","4",-0.476086459187579,NA
"4038","L1CampL3.mSigma.4","mSigma","99","99","4",0.0179038289794186,NA
"4039","L1CampR1.mSigma.4","mSigma","99","99","4",-0.69862491227197,NA
"4040","L2CampL3.mSigma.4","mSigma","99","99","4",0.334662163650552,NA
"4041","L2CampR1.mSigma.4","mSigma","99","99","4",-0.150762478511505,NA
"4042","L3CampR1.mSigma.4","mSigma","99","99","4",-0.729591217636845,NA
"4043","DCampL1.mConnect.4","mConnect","99","99","4",-0.222165386140099,NA
"4044","DCampL2.mConnect.4","mConnect","99","99","4",0.165708658383984,NA
"4045","DCampL3.mConnect.4","mConnect","99","99","4",-0.188618678577438,NA
"4046","DCampR1.mConnect.4","mConnect","99","99","4",0.271993253123988,NA
"4047","L1CampL2.mConnect.4","mConnect","99","99","4",0.317366249218599,NA
"4048","L1CampL3.mConnect.4","mConnect","99","99","4",0.0274485826084554,NA
"4049","L1CampR1.mConnect.4","mConnect","99","99","4",0.404330416217041,NA
"4050","L2CampL3.mConnect.4","mConnect","99","99","4",-0.424704559770563,NA
"4051","L2CampR1.mConnect.4","mConnect","99","99","4",0.127395059061899,NA
"4052","L3CampR1.mConnect.4","mConnect","99","99","4",0.387518671886172,NA
"4053","DCampL1.mTau1.4","mTau1","99","99","4",-2.18176615149751,NA
"4054","DCampL2.mTau1.4","mTau1","99","99","4",-1.09558488150045,NA
"4055","DCampL3.mTau1.4","mTau1","99","99","4",-1.25234689923074,NA
"4056","DCampR1.mTau1.4","mTau1","99","99","4",-0.861188154808396,NA
"4057","L1CampL2.mTau1.4","mTau1","99","99","4",0.341376838610796,NA
"4058","L1CampL3.mTau1.4","mTau1","99","99","4",0.292107970231986,NA
"4059","L1CampR1.mTau1.4","mTau1","99","99","4",0.415045585945272,NA
"4060","L2CampL3.mTau1.4","mTau1","99","99","4",-0.0748058544963546,NA
"4061","L2CampR1.mTau1.4","mTau1","99","99","4",0.111852652097885,NA
"4062","L3CampR1.mTau1.4","mTau1","99","99","4",0.173667184462543,NA
"4063","DCampL1.mTau2.4","mTau2","99","99","4",-8.46721129693719,NA
"4064","DCampL2.mTau2.4","mTau2","99","99","4",-4.17069643561952,NA
"4065","DCampL3.mTau2.4","mTau2","99","99","4",-18.2889977025711,NA
"4066","DCampR1.mTau2.4","mTau2","99","99","4",-0.84946184313902,NA
"4067","L1CampL2.mTau2.4","mTau2","99","99","4",0.453831094137263,NA
"4068","L1CampL3.mTau2.4","mTau2","99","99","4",-1.03745296239574,NA
"4069","L1CampR1.mTau2.4","mTau2","99","99","4",0.804645551352873,NA
"4070","L2CampL3.mTau2.4","mTau2","99","99","4",-2.73044481391218,NA
"4071","L2CampR1.mTau2.4","mTau2","99","99","4",0.642318618745711,NA
"4072","L3CampR1.mTau2.4","mTau2","99","99","4",0.904118302482223,NA
"4073","DCampL1.mNPQ.4","mNPQ","99","99","4",0.833907159201449,NA
"4074","DCampL2.mNPQ.4","mNPQ","99","99","4",0.70351579364235,NA
"4075","DCampL3.mNPQ.4","mNPQ","99","99","4",0.674197548259979,NA
"4076","DCampR1.mNPQ.4","mNPQ","99","99","4",0.480264902268611,NA
"4077","L1CampL2.mNPQ.4","mNPQ","99","99","4",-0.785051089090871,NA
"4078","L1CampL3.mNPQ.4","mNPQ","99","99","4",-0.961568302243543,NA
"4079","L1CampR1.mNPQ.4","mNPQ","99","99","4",-2.12918422752345,NA
"4080","L2CampL3.mNPQ.4","mNPQ","99","99","4",-0.0988863647833029,NA
"4081","L2CampR1.mNPQ.4","mNPQ","99","99","4",-0.752994212124847,NA
"4082","L3CampR1.mNPQ.4","mNPQ","99","99","4",-0.595246122168903,NA
"4083","DCampL1.mqP.4","mqP","99","99","4",0.76264077989912,NA
"4084","DCampL2.mqP.4","mqP","99","99","4",0.576426289622637,NA
"4085","DCampL3.mqP.4","mqP","99","99","4",0.634853111055203,NA
"4086","DCampR1.mqP.4","mqP","99","99","4",0.325714942564038,NA
"4087","L1CampL2.mqP.4","mqP","99","99","4",-0.784526045364241,NA
"4088","L1CampL3.mqP.4","mqP","99","99","4",-0.538372466802032,NA
"4089","L1CampR1.mqP.4","mqP","99","99","4",-1.84077887157442,NA
"4090","L2CampL3.mqP.4","mqP","99","99","4",0.137937789813522,NA
"4091","L2CampR1.mqP.4","mqP","99","99","4",-0.591895438541829,NA
"4092","L3CampR1.mqP.4","mqP","99","99","4",-0.846613179108589,NA
"4093","DCampL1.mABQ.4","mABQ","99","99","4",0,NA
"4094","DCampL2.mABQ.4","mABQ","99","99","4",1,NA
"4095","DCampL3.mABQ.4","mABQ","99","99","4",0,NA
"4096","DCampR1.mABQ.4","mABQ","99","99","4",1,NA
"4097","L1CampL2.mABQ.4","mABQ","99","99","4",1.75759132006106,NA
"4098","L1CampL3.mABQ.4","mABQ","99","99","4",-0.0660964280811152,NA
"4099","L1CampR1.mABQ.4","mABQ","99","99","4",2.57914724960459,NA
"4100","L2CampL3.mABQ.4","mABQ","99","99","4",2.40721837731086,NA
"4101","L2CampR1.mABQ.4","mABQ","99","99","4",-1.08443155008338,NA
"4102","L3CampR1.mABQ.4","mABQ","99","99","4",2.4812424167361,NA
"4103","DCampL1.mqm.4","mqm","99","99","4",0,NA
"4104","DCampL2.mqm.4","mqm","99","99","4",0,NA
"4105","DCampL3.mqm.4","mqm","99","99","4",0,NA
"4106","DCampR1.mqm.4","mqm","99","99","4",0,NA
"4107","L1CampL2.mqm.4","mqm","99","99","4",0.177707443223361,NA
"4108","L1CampL3.mqm.4","mqm","99","99","4",-0.0130800540207735,NA
"4109","L1CampR1.mqm.4","mqm","99","99","4",0.484633104582091,NA
"4110","L2CampL3.mqm.4","mqm","99","99","4",-0.232019000624323,NA
"4111","L2CampR1.mqm.4","mqm","99","99","4",0.373256037439848,NA
"4112","L3CampR1.mqm.4","mqm","99","99","4",0.491287096836533,NA
"4113","secDer1TOJp.1","OJIP2","99","99","1",20.1613658976511,NA
"4114","secDer2TJ.1","OJIP2","99","99","1",77.2957510079683,NA
"4115","secDer3TJIp.1","OJIP2","99","99","1",177.70147287605,NA
"4116","secDer4TI.1","OJIP2","99","99","1",261.224074381172,NA
"4117","secDer5TIPp.1","OJIP2","99","99","1",729.803020271236,NA
"4118","secDer1FOJp.1","OJIP2","99","99","1",0.438574256598938,NA
"4119","secDer2FJ.1","OJIP2","99","99","1",0.575176152490001,NA
"4120","secDer3FJIp.1","OJIP2","99","99","1",0.649738417949007,NA
"4121","secDer4FI.1","OJIP2","99","99","1",0.641768800811368,NA
"4122","secDer5FIPp.1","OJIP2","99","99","1",0.669814388610261,NA
"4123","firDer1TOJ.1","OJIP2","99","99","1",55.42946051396,NA
"4124","firDer2TJp.1","OJIP2","99","99","1",191.232594509109,NA
"4125","firDer3TJI.1","OJIP2","99","99","1",283.055752042102,NA
"4126","firDer4TIp.1","OJIP2","99","99","1",494.187270233498,NA
"4127","firDer5TIP.1","OJIP2","99","99","1",5670.20343148842,NA
"4128","firDer1FOJ.1","OJIP2","99","99","1",0.529638071313269,NA
"4129","firDer2FJp.1","OJIP2","99","99","1",0.647628056357145,NA
"4130","firDer3FJI.1","OJIP2","99","99","1",0.6484149637601,NA
"4131","firDer4FIp.1","OJIP2","99","99","1",0.67128835258256,NA
"4132","firDer5FIP.1","OJIP2","99","99","1",0.817787651262882,NA
"4133","MTFm.1","OJIP2","99","99","1",3426.62254901961,NA
"4134","MTFo.1","OJIP2","99","99","1",0,NA
"4135","secDer1TOJp.2","OJIP2","99","99","2",24.5568675509787,NA
"4136","secDer2TJ.2","OJIP2","99","99","2",125.689866849967,NA
"4137","secDer3TJIp.2","OJIP2","99","99","2",952.220730033977,NA
"4138","secDer4TI.2","OJIP2","99","99","2",0,NA
"4139","secDer5TIPp.2","OJIP2","99","99","2",0,NA
"4140","secDer1FOJp.2","OJIP2","99","99","2",0.447486639842861,NA
"4141","secDer2FJ.2","OJIP2","99","99","2",0.677400077755553,NA
"4142","secDer3FJIp.2","OJIP2","99","99","2",0.723783640063235,NA
"4143","secDer4FI.2","OJIP2","99","99","2",0,NA
"4144","secDer5FIPp.2","OJIP2","99","99","2",0,NA
"4145","firDer1TOJ.2","OJIP2","99","99","2",70.5207640368546,NA
"4146","firDer2TJp.2","OJIP2","99","99","2",563.198613142063,NA
"4147","firDer3TJI.2","OJIP2","99","99","2",5949.95816176939,NA
"4148","firDer4TIp.2","OJIP2","99","99","2",0,NA
"4149","firDer5TIP.2","OJIP2","99","99","2",0,NA
"4150","firDer1FOJ.2","OJIP2","99","99","2",0.574045309998233,NA
"4151","firDer2FJp.2","OJIP2","99","99","2",0.749563269064566,NA
"4152","firDer3FJI.2","OJIP2","99","99","2",0.85902242971477,NA
"4153","firDer4FIp.2","OJIP2","99","99","2",0,NA
"4154","firDer5FIP.2","OJIP2","99","99","2",0,NA
"4155","MTFm.2","OJIP2","99","99","2",3778.86823529412,NA
"4156","MTFo.2","OJIP2","99","99","2",0,NA
"4157","secDer1TOJp.3","OJIP2","99","99","3",25.3681717272562,NA
"4158","secDer2TJ.3","OJIP2","99","99","3",125.51767440556,NA
"4159","secDer3TJIp.3","OJIP2","99","99","3",992.330271146682,NA
"4160","secDer4TI.3","OJIP2","99","99","3",0,NA
"4161","secDer5TIPp.3","OJIP2","99","99","3",0,NA
"4162","secDer1FOJp.3","OJIP2","99","99","3",0.447514712173852,NA
"4163","secDer2FJ.3","OJIP2","99","99","3",0.68456546796046,NA
"4164","secDer3FJIp.3","OJIP2","99","99","3",0.743639972284715,NA
"4165","secDer4FI.3","OJIP2","99","99","3",0,NA
"4166","secDer5FIPp.3","OJIP2","99","99","3",0,NA
"4167","firDer1TOJ.3","OJIP2","99","99","3",72.485128458575,NA
"4168","firDer2TJp.3","OJIP2","99","99","3",587.726441244289,NA
"4169","firDer3TJI.3","OJIP2","99","99","3",5674.51240496589,NA
"4170","firDer4TIp.3","OJIP2","99","99","3",0,NA
"4171","firDer5TIP.3","OJIP2","99","99","3",0,NA
"4172","firDer1FOJ.3","OJIP2","99","99","3",0.580301304481369,NA
"4173","firDer2FJp.3","OJIP2","99","99","3",0.765981251638876,NA
"4174","firDer3FJI.3","OJIP2","99","99","3",0.858306619970271,NA
"4175","firDer4FIp.3","OJIP2","99","99","3",0,NA
"4176","firDer5FIP.3","OJIP2","99","99","3",0,NA
"4177","MTFm.3","OJIP2","99","99","3",3822.87411764706,NA
"4178","MTFo.3","OJIP2","99","99","3",0,NA
"4179","secDer1TOJp.4","OJIP2","99","99","4",27.7460007932229,NA
"4180","secDer2TJ.4","OJIP2","99","99","4",132.024583492903,NA
"4181","secDer3TJIp.4","OJIP2","99","99","4",1050.99181298382,NA
"4182","secDer4TI.4","OJIP2","99","99","4",0,NA
"4183","secDer5TIPp.4","OJIP2","99","99","4",0,NA
"4184","secDer1FOJp.4","OJIP2","99","99","4",0.422528825553179,NA
"4185","secDer2FJ.4","OJIP2","99","99","4",0.661388947796404,NA
"4186","secDer3FJIp.4","OJIP2","99","99","4",0.731852736600638,NA
"4187","secDer4FI.4","OJIP2","99","99","4",0,NA
"4188","secDer5FIPp.4","OJIP2","99","99","4",0,NA
"4189","firDer1TOJ.4","OJIP2","99","99","4",77.4788027354534,NA
"4190","firDer2TJp.4","OJIP2","99","99","4",611.134122391477,NA
"4191","firDer3TJI.4","OJIP2","99","99","4",6350.63295112752,NA
"4192","firDer4TIp.4","OJIP2","99","99","4",6379.87926278196,NA
"4193","firDer5TIP.4","OJIP2","99","99","4",6468.42880277105,NA
"4194","firDer1FOJ.4","OJIP2","99","99","4",0.556034646562643,NA
"4195","firDer2FJp.4","OJIP2","99","99","4",0.750289828912931,NA
"4196","firDer3FJI.4","OJIP2","99","99","4",0.856207558958679,NA
"4197","firDer4FIp.4","OJIP2","99","99","4",0.85635705359087,NA
"4198","firDer5FIP.4","OJIP2","99","99","4",0.857253864508613,NA
"4199","MTFm.4","OJIP2","99","99","4",3138.88450980392,NA
"4200","MTFo.4","OJIP2","99","99","4",0,NA
