"","uni","metric","metrix","stage","col","ASnormalized.t1_aglo8.002r","pval"
"1","Quant.1.0","Quant","1","1","1",0.353198312205411,2.43109687278304e-59
"2","Sigma.1.0","Sigma","2","1","1",4.89594777768547,6.38337407775201e-49
"3","Connect.1.0","Connect","3","1","1",0.321258277471469,6.75570633244681e-19
"4","Tau1.1.0","Tau1","4","1","1",733.26762737927,3.16245661467815e-27
"5","Tau2.1.0","Tau2","5","1","1",1188516.86407516,1.40040358824831e-23
"6","NPQ.1.0","NPQ","6","1","1",0.693778844759974,3.67180373632441e-86
"7","qP.1.0","qP","7","1","1",1.38549037561388,4.86219374556609e-59
"8","ABQ.1.0","ABQ","8","1","1",0,6.38337407775201e-49
"9","qm.1.0","qm","9","1","1",0,2.43109687278304e-59
"10","nTau1.1.0","nTau1","10","1","1",1,3.16245661467815e-27
"11","nTau2.1.0","nTau2","11","1","1",1,1.40040358824831e-23
"12","nCon.1.0","nCon","12","1","1",1,6.75570633244681e-19
"13","Fm.1.0","Fm","13","1","1",1952.77756807858,3.67180373632441e-86
"14","Fo.1.0","Fo","14","1","1",1263.05982692064,4.86219374556609e-59
"15","Quant.3.0","Quant","1","3","1",0.042809919058805,2.52868272936563e-80
"16","Sigma.3.0","Sigma","2","3","1",3.30743573998337,6.56872515083846e-26
"17","Connect.3.0","Connect","3","3","1",0.463750913018794,3.17069947318192e-09
"18","Tau1.3.0","Tau1","4","3","1",5724.29820286041,2.60821053618404e-05
"19","Tau2.3.0","Tau2","5","3","1",6334476.58512598,2.89666767768218e-05
"20","NPQ.3.0","NPQ","6","3","1",0.0728176466016452,2.67218380894022e-93
"21","qP.3.0","qP","7","3","1",0.241578613893251,5.05736545873099e-80
"22","ABQ.3.0","ABQ","8","3","1",0.324454448828508,6.56872515083846e-26
"23","qm.3.0","qm","9","3","1",0.878793534455205,2.52868272936563e-80
"24","nTau1.3.0","nTau1","10","3","1",7.80656064596673,2.60821053618404e-05
"25","nTau2.3.0","nTau2","11","3","1",5.32973218689256,2.89666767768218e-05
"26","nCon.3.0","nCon","12","3","1",1.44354541358076,3.17069947318192e-09
"27","Fm.3.0","Fm","13","3","1",3083.07133445344,2.67218380894022e-93
"28","Fo.3.0","Fo","14","3","1",2951.08530017297,5.05736545873099e-80
"29","Quant.4.0","Quant","1","4","1",0.0416743754092798,2.64975201675102e-78
"30","Sigma.4.0","Sigma","2","4","1",3.00575152081842,2.17899143039608e-24
"31","Connect.4.0","Connect","3","4","1",0.532207448119665,1.21964813757364e-11
"32","Tau1.4.0","Tau1","4","4","1",1681.74059756659,0.000115919357838997
"33","Tau2.4.0","Tau2","5","4","1",4616501.82496408,4.20789251555537e-08
"34","NPQ.4.0","NPQ","6","4","1",0.0976936078804454,1.82464178071589e-92
"35","qP.4.0","qP","7","4","1",0.284580338531654,5.29950403350201e-78
"36","ABQ.4.0","ABQ","8","4","1",0.386073614894771,2.17899143039608e-24
"37","qm.4.0","qm","9","4","1",0.882008565813749,2.64975201675102e-78
"38","nTau1.4.0","nTau1","10","4","1",2.29348812735291,0.000115919357838997
"39","nTau2.4.0","nTau2","11","4","1",3.8842543715662,4.20789251555537e-08
"40","nCon.4.0","nCon","12","4","1",1.65663419572724,1.21964813757364e-11
"41","Fm.4.0","Fm","13","4","1",3013.20269115895,1.82464178071589e-92
"42","Fo.4.0","Fo","14","4","1",2887.62935102334,5.29950403350201e-78
"43","Quant.5.0","Quant","1","5","1",0.042689454123433,4.9193101649193e-79
"44","Sigma.5.0","Sigma","2","5","1",3.39556013650196,3.22473758282546e-24
"45","Connect.5.0","Connect","3","5","1",0.504530957978043,9.73873011277766e-10
"46","Tau1.5.0","Tau1","4","5","1",3031.97236810074,4.79743375244923e-10
"47","Tau2.5.0","Tau2","5","5","1",10635125.5237047,6.88711218877959e-06
"48","NPQ.5.0","NPQ","6","5","1",0.111404865324177,7.21511784584126e-94
"49","qP.5.0","qP","7","5","1",0.310768754124725,9.8386203298386e-79
"50","ABQ.5.0","ABQ","8","5","1",0.306454992845697,3.22473758282546e-24
"51","qm.5.0","qm","9","5","1",0.879134603285969,4.9193101649193e-79
"52","nTau1.5.0","nTau1","10","5","1",4.13487825575655,4.79743375244923e-10
"53","nTau2.5.0","nTau2","11","5","1",8.94823274718988,6.88711218877959e-06
"54","nCon.5.0","nCon","12","5","1",1.57048391701861,9.73873011277766e-10
"55","Fm.5.0","Fm","13","5","1",2976.0292009956,7.21511784584126e-94
"56","Fo.5.0","Fo","14","5","1",2848.9841389497,9.8386203298386e-79
"57","Quant.6.0","Quant","1","6","1",0.0411528693349337,4.00025781092605e-83
"58","Sigma.6.0","Sigma","2","6","1",3.63539477310552,2.31695611302567e-25
"59","Connect.6.0","Connect","3","6","1",0.194338169468187,0.0235594874384925
"60","Tau1.6.0","Tau1","4","6","1",2267.93349695569,8.47008063671453e-09
"61","Tau2.6.0","Tau2","5","6","1",10484166.4959763,0.000252503702818328
"62","NPQ.6.0","NPQ","6","6","1",0.145193572364668,4.13224735548952e-99
"63","qP.6.0","qP","7","6","1",0.364724731883786,8.00051562185211e-83
"64","ABQ.6.0","ABQ","8","6","1",0.257468637701823,2.31695611302567e-25
"65","qm.6.0","qm","9","6","1",0.883485090633728,4.00025781092605e-83
"66","nTau1.6.0","nTau1","10","6","1",3.09291370882058,8.47008063671453e-09
"67","nTau2.6.0","nTau2","11","6","1",8.82121811888177,0.000252503702818328
"68","nCon.6.0","nCon","12","6","1",0.604928131339578,0.0235594874384925
"69","Fm.6.0","Fm","13","6","1",2888.22205533659,4.13224735548952e-99
"70","Fo.6.0","Fo","14","6","1",2769.36343048305,8.00051562185211e-83
"71","Quant.7.0","Quant","1","7","1",0.0435367424350361,3.12451259308155e-78
"72","Sigma.7.0","Sigma","2","7","1",3.89582317442453,7.6570233010787e-26
"73","Connect.7.0","Connect","3","7","1",0.375636128394612,2.02832158459784e-07
"74","Tau1.7.0","Tau1","4","7","1",1810.19644070234,1.03717652715602e-10
"75","Tau2.7.0","Tau2","5","7","1",15510356.1558592,0.00955430295439709
"76","NPQ.7.0","NPQ","6","7","1",0.186029845976014,1.23463827380833e-97
"77","qP.7.0","qP","7","7","1",0.433846475253055,6.24902518616309e-78
"78","ABQ.7.0","ABQ","8","7","1",0.20427599489914,7.6570233010787e-26
"79","qm.7.0","qm","9","7","1",0.876735700793167,3.12451259308155e-78
"80","nTau1.7.0","nTau1","10","7","1",2.468670882379,1.03717652715602e-10
"81","nTau2.7.0","nTau2","11","7","1",13.0501775992287,0.00955430295439709
"82","nCon.7.0","nCon","12","7","1",1.16926521349469,2.02832158459784e-07
"83","Fm.7.0","Fm","13","7","1",2788.77748697078,1.23463827380833e-97
"84","Fo.7.0","Fo","14","7","1",2667.36319981191,6.24902518616309e-78
"85","Quant.8.0","Quant","1","8","1",0.0505987138903781,7.10054268865033e-83
"86","Sigma.8.0","Sigma","2","8","1",3.49897953065458,5.64538894348951e-31
"87","Connect.8.0","Connect","3","8","1",0.338352965924501,2.55904669670311e-08
"88","Tau1.8.0","Tau1","4","8","1",1966.90034930679,3.53628585533056e-12
"89","Tau2.8.0","Tau2","5","8","1",16529579.755212,0.00260846858888194
"90","NPQ.8.0","NPQ","6","8","1",0.220051154545975,2.08029090089165e-99
"91","qP.8.0","qP","7","8","1",0.497224810921587,1.42010853773007e-82
"92","ABQ.8.0","ABQ","8","8","1",0.285331525266247,5.64538894348951e-31
"93","qm.8.0","qm","9","8","1",0.85674134857997,7.10054268865033e-83
"94","nTau1.8.0","nTau1","10","8","1",2.68237717835244,3.53628585533056e-12
"95","nTau2.8.0","nTau2","11","8","1",13.9077368229642,0.00260846858888194
"96","nCon.8.0","nCon","12","8","1",1.05321166691044,2.55904669670311e-08
"97","Fm.8.0","Fm","13","8","1",2711.01201044656,2.08029090089165e-99
"98","Fo.8.0","Fo","14","8","1",2573.8382893766,1.42010853773007e-82
"99","Quant.9.0","Quant","1","9","1",0.0597813755596301,1.37426532733112e-80
"100","Sigma.9.0","Sigma","2","9","1",4.06588882202317,1.95136169357586e-30
"101","Connect.9.0","Connect","3","9","1",0.239596476696022,0.000151257485577097
"102","Tau1.9.0","Tau1","4","9","1",1347.98102720507,3.59974746083806e-14
"103","Tau2.9.0","Tau2","5","9","1",8764425.2942222,5.71416573547058e-05
"104","NPQ.9.0","NPQ","6","9","1",0.244075937952498,5.66398979392352e-99
"105","qP.9.0","qP","7","9","1",0.547451707495749,2.74853065466224e-80
"106","ABQ.9.0","ABQ","8","9","1",0.169539993756775,1.95136169357586e-30
"107","qm.9.0","qm","9","9","1",0.83074274849631,1.37426532733112e-80
"108","nTau1.9.0","nTau1","10","9","1",1.83832065793333,3.59974746083806e-14
"109","nTau2.9.0","nTau2","11","9","1",7.37425404648526,5.71416573547058e-05
"110","nCon.9.0","nCon","12","9","1",0.745806391610566,0.000151257485577097
"111","Fm.9.0","Fm","13","9","1",2658.65871401463,5.66398979392352e-99
"112","Fo.9.0","Fo","14","9","1",2499.72043894724,2.74853065466224e-80
"113","Quant.10.0","Quant","1","10","1",0.0950587313387153,4.09997528064714e-80
"114","Sigma.10.0","Sigma","2","10","1",4.85601242644999,1.19545588859281e-40
"115","Connect.10.0","Connect","3","10","1",0.280939083522708,1.14971461578417e-11
"116","Tau1.10.0","Tau1","4","10","1",1446.6539188777,1.16439953158466e-15
"117","Tau2.10.0","Tau2","5","10","1",3751565.747755,4.74607958715877e-08
"118","NPQ.10.0","NPQ","6","10","1",0.280276952272289,2.62596410724429e-102
"119","qP.10.0","qP","7","10","1",0.657111305386252,8.19995056129429e-80
"120","ABQ.10.0","ABQ","8","10","1",0.00815681723924755,1.19545588859281e-40
"121","qm.10.0","qm","9","10","1",0.730863007965249,4.09997528064714e-80
"122","nTau1.10.0","nTau1","10","10","1",1.97288665810613,1.16439953158466e-15
"123","nTau2.10.0","nTau2","11","10","1",3.15651032067961,4.74607958715877e-08
"124","nCon.10.0","nCon","12","10","1",0.874496015274372,1.14971461578417e-11
"125","Fm.10.0","Fm","13","10","1",2583.48268119872,2.62596410724429e-102
"126","Fo.10.0","Fo","14","10","1",2337.90009508842,8.19995056129429e-80
"127","Quant.11.0","Quant","1","11","1",0.105298184972807,8.82750971446567e-79
"128","Sigma.11.0","Sigma","2","11","1",4.6288394720914,7.1254816356231e-41
"129","Connect.11.0","Connect","3","11","1",0.269989003971932,3.19040575938756e-11
"130","Tau1.11.0","Tau1","4","11","1",1708.9752023104,2.09261078948572e-18
"131","Tau2.11.0","Tau2","5","11","1",3641152.60904966,1.15206328483637e-08
"132","NPQ.11.0","NPQ","6","11","1",0.25646594220992,1.73193644879722e-100
"133","qP.11.0","qP","7","11","1",0.645353678388174,1.76550194289313e-78
"134","ABQ.11.0","ABQ","8","11","1",0.0545570168888395,7.1254816356231e-41
"135","qm.11.0","qm","9","11","1",0.701872343853195,8.82750971446567e-79
"136","nTau1.11.0","nTau1","10","11","1",2.33062955256643,2.09261078948572e-18
"137","nTau2.11.0","nTau2","11","11","1",3.06361038628006,1.15206328483637e-08
"138","nCon.11.0","nCon","12","11","1",0.840411042781333,3.19040575938756e-11
"139","Fm.11.0","Fm","13","11","1",2632.44169397528,1.73193644879722e-100
"140","Fo.11.0","Fo","14","11","1",2355.25036155295,1.76550194289313e-78
"141","Quant.12.0","Quant","1","12","1",0.111394213683672,7.808006981177e-73
"142","Sigma.12.0","Sigma","2","12","1",4.83617166512847,1.48944681982895e-36
"143","Connect.12.0","Connect","3","12","1",0.255212001939106,8.29623507577643e-08
"144","Tau1.12.0","Tau1","4","12","1",1734.84928168713,1.8872502174889e-15
"145","Tau2.12.0","Tau2","5","12","1",3481427.73983042,5.55820370250391e-07
"146","NPQ.12.0","NPQ","6","12","1",0.249077873522436,2.05881030381795e-95
"147","qP.12.0","qP","7","12","1",0.646852315617419,1.5616013962354e-72
"148","ABQ.12.0","ABQ","8","12","1",0.0122093035447478,1.48944681982895e-36
"149","qm.12.0","qm","9","12","1",0.684612836941056,7.808006981177e-73
"150","nTau1.12.0","nTau1","10","12","1",2.36591554967121,1.8872502174889e-15
"151","nTau2.12.0","nTau2","11","12","1",2.92922031235921,5.55820370250391e-07
"152","nCon.12.0","nCon","12","12","1",0.794413778059841,8.29623507577643e-08
"153","Fm.12.0","Fm","13","12","1",2648.01210832907,2.05881030381795e-95
"154","Fo.12.0","Fo","14","12","1",2353.03888169691,1.5616013962354e-72
"155","Quant.13.0","Quant","1","13","1",0.118807974515418,5.90781303182884e-73
"156","Sigma.13.0","Sigma","2","13","1",5.14918470263836,1.25220769783544e-37
"157","Connect.13.0","Connect","3","13","1",0.216067067744061,1.44697702309971e-06
"158","Tau1.13.0","Tau1","4","13","1",1867.59293113321,7.50253389985975e-19
"159","Tau2.13.0","Tau2","5","13","1",3796571.087231,3.88376434700721e-07
"160","NPQ.13.0","NPQ","6","13","1",0.242388000198633,1.86623858216437e-96
"161","qP.13.0","qP","7","13","1",0.651641395295113,1.18156260636577e-72
"162","ABQ.13.0","ABQ","8","13","1",-0.0517237798383163,1.25220769783544e-37
"163","qm.13.0","qm","9","13","1",0.663622473806382,5.90781303182884e-73
"164","nTau1.13.0","nTau1","10","13","1",2.54694583723554,7.50253389985975e-19
"165","nTau2.13.0","nTau2","11","13","1",3.19437712832564,3.88376434700721e-07
"166","nCon.13.0","nCon","12","13","1",0.672564982433022,1.44697702309971e-06
"167","Fm.13.0","Fm","13","13","1",2662.27083069421,1.86623858216437e-96
"168","Fo.13.0","Fo","14","13","1",2345.97182568795,1.18156260636577e-72
"169","Quant.14.0","Quant","1","14","1",0.123237759249595,6.76476925435082e-70
"170","Sigma.14.0","Sigma","2","14","1",5.12270800139423,8.03213788610155e-36
"171","Connect.14.0","Connect","3","14","1",0.293664594734916,5.58461933668879e-09
"172","Tau1.14.0","Tau1","4","14","1",1831.45083160108,2.33728405403739e-16
"173","Tau2.14.0","Tau2","5","14","1",3723976.12176319,1.1316880941465e-05
"174","NPQ.14.0","NPQ","6","14","1",0.234470343514361,2.72280402610263e-93
"175","qP.14.0","qP","7","14","1",0.649487994897536,1.35295385087016e-69
"176","ABQ.14.0","ABQ","8","14","1",-0.0463158991895871,8.03213788610155e-36
"177","qm.14.0","qm","9","14","1",0.651080554490524,6.76476925435082e-70
"178","nTau1.14.0","nTau1","10","14","1",2.49765673980012,2.33728405403739e-16
"179","nTau2.14.0","nTau2","11","14","1",3.13329682928899,1.1316880941465e-05
"180","nCon.14.0","nCon","12","14","1",0.91410748089128,5.58461933668879e-09
"181","Fm.14.0","Fm","13","14","1",2679.34612662881,2.72280402610263e-93
"182","Fo.14.0","Fo","14","14","1",2349.14951372899,1.35295385087016e-69
"183","Quant.15.0","Quant","1","15","1",0.130071275492986,1.22447554698474e-73
"184","Sigma.15.0","Sigma","2","15","1",4.95903288945575,3.76815245411311e-40
"185","Connect.15.0","Connect","3","15","1",0.239393523082297,8.1698673282849e-09
"186","Tau1.15.0","Tau1","4","15","1",1581.55647542445,1.64892926662124e-15
"187","Tau2.15.0","Tau2","5","15","1",2956613.83569331,3.36462889744373e-07
"188","NPQ.15.0","NPQ","6","15","1",0.226142220230992,1.53884735674985e-96
"189","qP.15.0","qP","7","15","1",0.651167225686092,2.44895109396948e-73
"190","ABQ.15.0","ABQ","8","15","1",-0.0128851684361939,3.76815245411311e-40
"191","qm.15.0","qm","9","15","1",0.631733020804076,1.22447554698474e-73
"192","nTau1.15.0","nTau1","10","15","1",2.15686117369861,1.64892926662124e-15
"193","nTau2.15.0","nTau2","11","15","1",2.4876498811769,3.36462889744373e-07
"194","nCon.15.0","nCon","12","15","1",0.745174645666703,8.1698673282849e-09
"195","Fm.15.0","Fm","13","15","1",2697.54460678323,1.53884735674985e-96
"196","Fo.15.0","Fo","14","15","1",2346.67153907971,2.44895109396948e-73
"197","Quant.16.0","Quant","1","16","1",0.0445846860866467,1.75248707561872e-81
"198","Sigma.16.0","Sigma","2","16","1",3.37441122807814,8.31006790627287e-29
"199","Connect.16.0","Connect","3","16","1",0.338218617874706,1.28081294934726e-07
"200","Tau1.16.0","Tau1","4","16","1",1530.22834420987,4.18891532648317e-12
"201","Tau2.16.0","Tau2","5","16","1",8672897.61712646,8.76487296079578e-07
"202","NPQ.16.0","NPQ","6","16","1",0.199645272885187,1.22509840985173e-98
"203","qP.16.0","qP","7","16","1",0.456319576387737,3.50497415123744e-81
"204","ABQ.16.0","ABQ","8","16","1",0.31077466890928,8.31006790627287e-29
"205","qm.16.0","qm","9","16","1",0.873768688733945,1.75248707561872e-81
"206","nTau1.16.0","nTau1","10","16","1",2.08686199563858,4.18891532648317e-12
"207","nTau2.16.0","nTau2","11","16","1",7.29724405204403,8.76487296079578e-07
"208","nCon.16.0","nCon","12","16","1",1.05279347363974,1.28081294934726e-07
"209","Fm.16.0","Fm","13","16","1",2757.12613394333,1.22509840985173e-98
"210","Fo.16.0","Fo","14","16","1",2634.20053076018,3.50497415123744e-81
"211","Quant.17.0","Quant","1","17","1",0.0430298505801937,1.21901674404682e-79
"212","Sigma.17.0","Sigma","2","17","1",3.30805001222249,2.09641430851896e-26
"213","Connect.17.0","Connect","3","17","1",0.322575863591811,7.34493557441084e-06
"214","Tau1.17.0","Tau1","4","17","1",1870.95364209289,1.04611263061894e-13
"215","Tau2.17.0","Tau2","5","17","1",13018963.8562274,5.35041724300896e-05
"216","NPQ.17.0","NPQ","6","17","1",0.250447033612924,1.63973676494212e-96
"217","qP.17.0","qP","7","17","1",0.526055553995114,2.43803348809363e-79
"218","ABQ.17.0","ABQ","8","17","1",0.324328983389126,2.09641430851896e-26
"219","qm.17.0","qm","9","17","1",0.878170848803013,1.21901674404682e-79
"220","nTau1.17.0","nTau1","10","17","1",2.55152903555794,1.04611263061894e-13
"221","nTau2.17.0","nTau2","11","17","1",10.9539580377415,5.35041724300896e-05
"222","nCon.17.0","nCon","12","17","1",1.00410132971736,7.34493557441084e-06
"223","Fm.17.0","Fm","13","17","1",2645.11270323601,1.63973676494212e-96
"224","Fo.17.0","Fo","14","17","1",2531.29389884799,2.43803348809363e-79
"225","Quant.18.0","Quant","1","18","1",0.0498140993942108,5.43024763340257e-80
"226","Sigma.18.0","Sigma","2","18","1",3.67264118235679,4.03576319326654e-28
"227","Connect.18.0","Connect","3","18","1",0.294541411465659,1.5665294829355e-05
"228","Tau1.18.0","Tau1","4","18","1",1774.58012198807,1.89033609158043e-14
"229","Tau2.18.0","Tau2","5","18","1",13012779.5057355,3.41562270130781e-05
"230","NPQ.18.0","NPQ","6","18","1",0.272340490225011,1.20032310374548e-97
"231","qP.18.0","qP","7","18","1",0.567523678431465,1.08604952668051e-79
"232","ABQ.18.0","ABQ","8","18","1",0.249861038327289,4.03576319326654e-28
"233","qm.18.0","qm","9","18","1",0.858962804541262,5.43024763340257e-80
"234","nTau1.18.0","nTau1","10","18","1",2.42009882303204,1.89033609158043e-14
"235","nTau2.18.0","nTau2","11","18","1",10.9487546193645,3.41562270130781e-05
"236","nCon.18.0","nCon","12","18","1",0.916836801167925,1.5665294829355e-05
"237","Fm.18.0","Fm","13","18","1",2599.59763816712,1.20032310374548e-97
"238","Fo.18.0","Fo","14","18","1",2470.10102303451,1.08604952668051e-79
"239","Quant.19.0","Quant","1","19","1",0.0508383951023233,1.79696527958185e-77
"240","Sigma.19.0","Sigma","2","19","1",3.47150287249298,1.60006503668149e-26
"241","Connect.19.0","Connect","3","19","1",0.261720174109798,0.000343505974467532
"242","Tau1.19.0","Tau1","4","19","1",1307.87186619569,3.85662448858549e-15
"243","Tau2.19.0","Tau2","5","19","1",12273519.3467948,2.99063389356207e-05
"244","NPQ.19.0","NPQ","6","19","1",0.302761085766563,6.69296567778376e-95
"245","qP.19.0","qP","7","19","1",0.608372889282134,3.5939305591637e-77
"246","ABQ.19.0","ABQ","8","19","1",0.290943647659961,1.60006503668149e-26
"247","qm.19.0","qm","9","19","1",0.856062746209396,1.79696527958185e-77
"248","nTau1.19.0","nTau1","10","19","1",1.78362144646979,3.85662448858549e-15
"249","nTau2.19.0","nTau2","11","19","1",10.3267523732996,2.99063389356207e-05
"250","nCon.19.0","nCon","12","19","1",0.814672157772003,0.000343505974467532
"251","Fm.19.0","Fm","13","19","1",2538.89479005056,6.69296567778376e-95
"252","Fo.19.0","Fo","14","19","1",2409.82145359074,3.5939305591637e-77
"253","Quant.20.0","Quant","1","20","1",0.0583031957240009,9.29780599912536e-79
"254","Sigma.20.0","Sigma","2","20","1",3.58336662832712,2.73886729580674e-29
"255","Connect.20.0","Connect","3","20","1",0.285463009340411,1.21601016903018e-05
"256","Tau1.20.0","Tau1","4","20","1",1033.7307259487,7.3099293426828e-12
"257","Tau2.20.0","Tau2","5","20","1",8307290.1666248,5.34251746249165e-05
"258","NPQ.20.0","NPQ","6","20","1",0.323694827357651,6.62814364459931e-96
"259","qP.20.0","qP","7","20","1",0.646839086050005,1.85956119982507e-78
"260","ABQ.20.0","ABQ","8","20","1",0.268095414608132,2.73886729580674e-29
"261","qm.20.0","qm","9","20","1",0.834927875617669,9.29780599912536e-79
"262","nTau1.20.0","nTau1","10","20","1",1.40975912115921,7.3099293426828e-12
"263","nTau2.20.0","nTau2","11","20","1",6.98962750780075,5.34251746249165e-05
"264","nCon.20.0","nCon","12","20","1",0.888577911788634,1.21601016903018e-05
"265","Fm.20.0","Fm","13","20","1",2498.74311281845,6.62814364459931e-96
"266","Fo.20.0","Fo","14","20","1",2353.05840404779,1.85956119982507e-78
"267","Quant.21.0","Quant","1","21","1",0.0563280021874733,2.52564107919833e-81
"268","Sigma.21.0","Sigma","2","21","1",3.62026522360377,4.54034343035472e-32
"269","Connect.21.0","Connect","3","21","1",0.281711513064933,5.37289205294125e-07
"270","Tau1.21.0","Tau1","4","21","1",1090.35594276737,3.79960700292235e-14
"271","Tau2.21.0","Tau2","5","21","1",7719667.18974581,5.36322867957333e-06
"272","NPQ.21.0","NPQ","6","21","1",0.357810310297746,2.30035560619808e-99
"273","qP.21.0","qP","7","21","1",0.683642917098578,5.05128215839667e-81
"274","ABQ.21.0","ABQ","8","21","1",0.260558856427338,4.54034343035472e-32
"275","qm.21.0","qm","9","21","1",0.840520183021955,2.52564107919833e-81
"276","nTau1.21.0","nTau1","10","21","1",1.4869822450288,3.79960700292235e-14
"277","nTau2.21.0","nTau2","11","21","1",6.4952104787784,5.36322867957333e-06
"278","nCon.21.0","nCon","12","21","1",0.876900403258722,5.37289205294125e-07
"279","Fm.21.0","Fm","13","21","1",2435.96127400744,2.30035560619808e-99
"280","Fo.21.0","Fo","14","21","1",2298.74844203655,5.05128215839667e-81
"281","Quant.22.0","Quant","1","22","1",0.0607415416374184,7.09538799944415e-78
"282","Sigma.22.0","Sigma","2","22","1",3.68630434315338,4.54019185149942e-29
"283","Connect.22.0","Connect","3","22","1",0.250965144132601,0.000142283035185553
"284","Tau1.22.0","Tau1","4","22","1",1284.24078487981,1.32751230383141e-13
"285","Tau2.22.0","Tau2","5","22","1",9504270.39887186,0.000513646828732949
"286","NPQ.22.0","NPQ","6","22","1",0.379185204737751,1.22302531318217e-95
"287","qP.22.0","qP","7","22","1",0.714958425220071,1.41907759988883e-77
"288","ABQ.22.0","ABQ","8","22","1",0.247070330293421,4.54019185149942e-29
"289","qm.22.0","qm","9","22","1",0.828024258501856,7.09538799944415e-78
"290","nTau1.22.0","nTau1","10","22","1",1.75139435715953,1.32751230383141e-13
"291","nTau2.22.0","nTau2","11","22","1",7.99674845696666,0.000513646828732949
"292","nCon.22.0","nCon","12","22","1",0.78119432784075,0.000142283035185553
"293","Fm.22.0","Fm","13","22","1",2398.20824786346,1.22302531318217e-95
"294","Fo.22.0","Fo","14","22","1",2252.53738172066,1.41907759988883e-77
"295","Quant.23.0","Quant","1","23","1",0.20391547706704,3.58621572114635e-67
"296","Sigma.23.0","Sigma","2","23","1",5.12294642871958,4.07613874049032e-43
"297","Connect.23.0","Connect","3","23","1",0.250339166544562,7.61785549956137e-11
"298","Tau1.23.0","Tau1","4","23","1",1494.81158932409,7.54203120687922e-19
"299","Tau2.23.0","Tau2","5","23","1",1739646.99192847,5.82970117271054e-13
"300","NPQ.23.0","NPQ","6","23","1",0.43735443107808,1.4197732040832e-91
"301","qP.23.0","qP","7","23","1",1,7.1724314422927e-67
"302","ABQ.23.0","ABQ","8","23","1",-0.0463645981006406,4.07613874049032e-43
"303","qm.23.0","qm","9","23","1",0.422660103345998,3.58621572114635e-67
"304","nTau1.23.0","nTau1","10","23","1",2.03856209317001,7.54203120687922e-19
"305","nTau2.23.0","nTau2","11","23","1",1.46371250127963,5.82970117271054e-13
"306","nCon.23.0","nCon","12","23","1",0.779245809679705,7.61785549956137e-11
"307","Fm.23.0","Fm","13","23","1",2301.1536068056,1.4197732040832e-91
"308","Fo.23.0","Fo","14","23","1",1831.9127712693,7.1724314422927e-67
"309","Quant.24.0","Quant","1","24","1",0.212145217987582,1.82663929029036e-66
"310","Sigma.24.0","Sigma","2","24","1",5.38292284142679,1.22956371424347e-43
"311","Connect.24.0","Connect","3","24","1",0.261674280673455,1.60985619059955e-11
"312","Tau1.24.0","Tau1","4","24","1",1425.49137261321,1.13569136138509e-16
"313","Tau2.24.0","Tau2","5","24","1",1730015.85211933,6.49204157184378e-10
"314","NPQ.24.0","NPQ","6","24","1",0.371081352720346,2.32926516442056e-91
"315","qP.24.0","qP","7","24","1",0.953448167359625,3.65327858058073e-66
"316","ABQ.24.0","ABQ","8","24","1",-0.0994649219832036,1.22956371424347e-43
"317","qm.24.0","qm","9","24","1",0.399359479769531,1.82663929029036e-66
"318","nTau1.24.0","nTau1","10","24","1",1.94402605459071,1.13569136138509e-16
"319","nTau2.24.0","nTau2","11","24","1",1.45560900683184,6.49204157184378e-10
"320","nCon.24.0","nCon","12","24","1",0.814529302507061,1.60985619059955e-11
"321","Fm.24.0","Fm","13","24","1",2412.38299009086,2.32926516442056e-91
"322","Fo.24.0","Fo","14","24","1",1900.6074747885,3.65327858058073e-66
"323","Quant.25.0","Quant","1","25","1",0.217743049621818,7.63687466728048e-66
"324","Sigma.25.0","Sigma","2","25","1",5.40624053551651,1.39581405409856e-43
"325","Connect.25.0","Connect","3","25","1",0.243734278674669,2.34692564033408e-10
"326","Tau1.25.0","Tau1","4","25","1",1548.59775304114,1.83515190042823e-17
"327","Tau2.25.0","Tau2","5","25","1",1675126.59800752,1.98067120426887e-10
"328","NPQ.25.0","NPQ","6","25","1",0.349028706135273,7.7032668709434e-91
"329","qP.25.0","qP","7","25","1",0.941694469223723,1.5273749334561e-65
"330","ABQ.25.0","ABQ","8","25","1",-0.104227573700201,1.39581405409856e-43
"331","qm.25.0","qm","9","25","1",0.383510503597242,7.63687466728048e-66
"332","nTau1.25.0","nTau1","10","25","1",2.11191343408394,1.83515190042823e-17
"333","nTau2.25.0","nTau2","11","25","1",1.40942602384613,1.98067120426887e-10
"334","nCon.25.0","nCon","12","25","1",0.758686377182344,2.34692564033408e-10
"335","Fm.25.0","Fm","13","25","1",2451.81834774216,7.7032668709434e-91
"336","Fo.25.0","Fo","14","25","1",1917.95194358606,1.5273749334561e-65
"337","Quant.26.0","Quant","1","26","1",0.222193560302612,1.57254456141354e-64
"338","Sigma.26.0","Sigma","2","26","1",5.38433372169594,8.79198511084602e-43
"339","Connect.26.0","Connect","3","26","1",0.234340408135348,2.50648050879702e-09
"340","Tau1.26.0","Tau1","4","26","1",1630.5325725099,5.26115186918726e-18
"341","Tau2.26.0","Tau2","5","26","1",1653750.80641847,2.83030551126815e-10
"342","NPQ.26.0","NPQ","6","26","1",0.338966459113824,1.2204188075259e-89
"343","qP.26.0","qP","7","26","1",0.939377242401181,3.14508912282708e-64
"344","ABQ.26.0","ABQ","8","26","1",-0.0997530950465648,8.79198511084602e-43
"345","qm.26.0","qm","9","26","1",0.370909903517914,1.57254456141354e-64
"346","nTau1.26.0","nTau1","10","26","1",2.22365274509321,5.26115186918726e-18
"347","nTau2.26.0","nTau2","11","26","1",1.39144075814636,2.83030551126815e-10
"348","nCon.26.0","nCon","12","26","1",0.729445510259764,2.50648050879702e-09
"349","Fm.26.0","Fm","13","26","1",2470.24360529718,1.2204188075259e-89
"350","Fo.26.0","Fo","14","26","1",1921.37138382144,3.14508912282708e-64
"351","Quant.27.0","Quant","1","27","1",0.230048265958235,4.08336905020393e-66
"352","Sigma.27.0","Sigma","2","27","1",5.40813029394898,6.2093538662816e-45
"353","Connect.27.0","Connect","3","27","1",0.205933633701085,8.82094136074048e-09
"354","Tau1.27.0","Tau1","4","27","1",1618.20928432098,1.50322246994708e-16
"355","Tau2.27.0","Tau2","5","27","1",1588431.76329127,2.32227337836541e-09
"356","NPQ.27.0","NPQ","6","27","1",0.328751669055074,4.43089696622778e-91
"357","qP.27.0","qP","7","27","1",0.942617579821069,8.16673810040785e-66
"358","ABQ.27.0","ABQ","8","27","1",-0.104613557889224,6.2093538662816e-45
"359","qm.27.0","qm","9","27","1",0.348671106263823,4.08336905020393e-66
"360","nTau1.27.0","nTau1","10","27","1",2.20684675539888,1.50322246994708e-16
"361","nTau2.27.0","nTau2","11","27","1",1.3364823094263,2.32227337836541e-09
"362","nCon.27.0","nCon","12","27","1",0.641022031624927,8.82094136074048e-09
"363","Fm.27.0","Fm","13","27","1",2489.2336245835,4.43089696622778e-91
"364","Fo.27.0","Fo","14","27","1",1916.58974568313,8.16673810040785e-66
"365","Quant.1.1","Quant","1","1","2",0.336477920478343,9.33476792301542e-60
"366","Sigma.1.1","Sigma","2","1","2",4.82606018575382,1.26285563881233e-48
"367","Connect.1.1","Connect","3","1","2",0.336021186893357,4.10437240764469e-19
"368","Tau1.1.1","Tau1","4","1","2",798.097102201655,1.75284381840606e-26
"369","Tau2.1.1","Tau2","5","1","2",888924.083420827,8.17243703441103e-25
"370","NPQ.1.1","NPQ","6","1","2",0.74050102933491,5.18215657305271e-87
"371","qP.1.1","qP","7","1","2",1.38675989428735,1.86695358460308e-59
"372","ABQ.1.1","ABQ","8","1","2",0,1.26285563881233e-48
"373","qm.1.1","qm","9","1","2",0,9.33476792301542e-60
"374","nTau1.1.1","nTau1","10","1","2",1,1.75284381840606e-26
"375","nTau2.1.1","nTau2","11","1","2",1,8.17243703441103e-25
"376","nCon.1.1","nCon","12","1","2",1,4.10437240764469e-19
"377","Fm.1.1","Fm","13","1","2",2146.81466674152,5.18215657305271e-87
"378","Fo.1.1","Fo","14","1","2",1424.45893202393,1.86695358460308e-59
"379","Quant.3.1","Quant","1","3","2",0.0374952757621024,9.56542473316134e-84
"380","Sigma.3.1","Sigma","2","3","2",2.63738127854015,4.13653149556612e-28
"381","Connect.3.1","Connect","3","3","2",0.470866332825635,1.55201577777364e-11
"382","Tau1.3.1","Tau1","4","3","2",4292.76043591127,1.63881450314349e-06
"383","Tau2.3.1","Tau2","5","3","2",4439377.20834686,1.59228083708183e-11
"384","NPQ.3.1","NPQ","6","3","2",0.0821423100731679,9.61303779860422e-96
"385","qP.3.1","qP","7","3","2",0.247771646038522,1.91308494663131e-83
"386","ABQ.3.1","ABQ","8","3","2",0.453512559514797,4.13653149556612e-28
"387","qm.3.1","qm","9","3","2",0.888565419957427,9.56542473316134e-84
"388","nTau1.3.1","nTau1","10","3","2",5.37874454633293,1.63881450314349e-06
"389","nTau2.3.1","nTau2","11","3","2",4.99410162368749,1.59228083708183e-11
"390","nCon.3.1","nCon","12","3","2",1.40129953464831,1.55201577777364e-11
"391","Fm.3.1","Fm","13","3","2",3452.90365460552,9.61303779860422e-96
"392","Fo.3.1","Fo","14","3","2",3323.43607989612,1.91308494663131e-83
"393","Quant.4.1","Quant","1","4","2",0.0363748088452496,4.99769450339789e-82
"394","Sigma.4.1","Sigma","2","4","2",2.42864578943617,5.89915193211582e-25
"395","Connect.4.1","Connect","3","4","2",0.563970579851653,9.94585246263965e-13
"396","Tau1.4.1","Tau1","4","4","2",2418.50220021987,5.30861613762674e-12
"397","Tau2.4.1","Tau2","5","4","2",4871459.70504335,3.31075415269769e-17
"398","NPQ.4.1","NPQ","6","4","2",0.112500431708059,2.94240454543177e-93
"399","qP.4.1","qP","7","4","2",0.29990978179153,9.99538900676635e-82
"400","ABQ.4.1","ABQ","8","4","2",0.496764297178605,5.89915193211582e-25
"401","qm.4.1","qm","9","4","2",0.891895406410208,4.99769450339789e-82
"402","nTau1.4.1","nTau1","10","4","2",3.03033577436645,5.30861613762674e-12
"403","nTau2.4.1","nTau2","11","4","2",5.48017518694804,3.31075415269769e-17
"404","nCon.4.1","nCon","12","4","2",1.67837803641423,9.94585246263965e-13
"405","Fm.4.1","Fm","13","4","2",3358.68016834661,2.94240454543177e-93
"406","Fo.4.1","Fo","14","4","2",3236.50881925067,9.99538900676635e-82
"407","Quant.5.1","Quant","1","5","2",0.0322980948623373,3.20262784599675e-79
"408","Sigma.5.1","Sigma","2","5","2",2.59494813115432,4.55238519759579e-23
"409","Connect.5.1","Connect","3","5","2",0.53885597697192,2.01807342077327e-12
"410","Tau1.5.1","Tau1","4","5","2",2482.23756330484,1.22255602612949e-07
"411","Tau2.5.1","Tau2","5","5","2",7216895.47015119,9.56209535098363e-07
"412","NPQ.5.1","NPQ","6","5","2",0.138826929001302,3.75048870599802e-95
"413","qP.5.1","qP","7","5","2",0.336762819138249,6.4052556919935e-79
"414","ABQ.5.1","ABQ","8","5","2",0.462305062250484,4.55238519759579e-23
"415","qm.5.1","qm","9","5","2",0.904011250377375,3.20262784599675e-79
"416","nTau1.5.1","nTau1","10","5","2",3.11019493299407,1.22255602612949e-07
"417","nTau2.5.1","nTau2","11","5","2",8.11868595389897,9.56209535098363e-07
"418","nCon.5.1","nCon","12","5","2",1.6036369074041,2.01807342077327e-12
"419","Fm.5.1","Fm","13","5","2",3281.03686530461,3.75048870599802e-95
"420","Fo.5.1","Fo","14","5","2",3175.06562538217,6.4052556919935e-79
"421","Quant.6.1","Quant","1","6","2",0.0373828799515658,1.80997385016735e-80
"422","Sigma.6.1","Sigma","2","6","2",2.76628234509625,2.67966047550498e-24
"423","Connect.6.1","Connect","3","6","2",0.679296464063697,1.32775978833888e-17
"424","Tau1.6.1","Tau1","4","6","2",1755.30965951787,1.07782841202356e-11
"425","Tau2.6.1","Tau2","5","6","2",8421778.75490781,1.25597428165175e-06
"426","NPQ.6.1","NPQ","6","6","2",0.168155380387792,1.41882942587865e-93
"427","qP.6.1","qP","7","6","2",0.394330532780179,3.61994770033455e-80
"428","ABQ.6.1","ABQ","8","6","2",0.42680318134819,2.67966047550498e-24
"429","qm.6.1","qm","9","6","2",0.888899456171087,1.80997385016735e-80
"430","nTau1.6.1","nTau1","10","6","2",2.19936854134117,1.07782841202356e-11
"431","nTau2.6.1","nTau2","11","6","2",9.47412598216314,1.25597428165175e-06
"432","nCon.6.1","nCon","12","6","2",2.0215881931257,1.32775978833888e-17
"433","Fm.6.1","Fm","13","6","2",3198.66106854252,1.41882942587865e-93
"434","Fo.6.1","Fo","14","6","2",3079.08590581144,3.61994770033455e-80
"435","Quant.7.1","Quant","1","7","2",0.0419817334256942,1.07373864719505e-79
"436","Sigma.7.1","Sigma","2","7","2",3.57310904349114,1.1345589322091e-25
"437","Connect.7.1","Connect","3","7","2",0.321978370730594,1.67847133861813e-05
"438","Tau1.7.1","Tau1","4","7","2",1180.3233995396,2.16414759801204e-12
"439","Tau2.7.1","Tau2","5","7","2",8323014.55750506,3.43147930688562e-06
"440","NPQ.7.1","NPQ","6","7","2",0.209540260182411,8.49245003897087e-99
"441","qP.7.1","qP","7","7","2",0.466040844767148,2.14747729439009e-79
"442","ABQ.7.1","ABQ","8","7","2",0.259621947103207,1.1345589322091e-25
"443","qm.7.1","qm","9","7","2",0.875231832846529,1.07373864719505e-79
"444","nTau1.7.1","nTau1","10","7","2",1.47892204630681,2.16414759801204e-12
"445","nTau2.7.1","nTau2","11","7","2",9.36302065917236,3.43147930688562e-06
"446","nCon.7.1","nCon","12","7","2",0.958208539489445,1.67847133861813e-05
"447","Fm.7.1","Fm","13","7","2",3089.21766414902,8.49245003897087e-99
"448","Fo.7.1","Fo","14","7","2",2959.52695167877,2.14747729439009e-79
"449","Quant.8.1","Quant","1","8","2",0.0453373935909002,6.85664880673224e-82
"450","Sigma.8.1","Sigma","2","8","2",3.40400230144289,1.38813698227313e-29
"451","Connect.8.1","Connect","3","8","2",0.502167023299565,1.19055513578736e-14
"452","Tau1.8.1","Tau1","4","8","2",1345.79551372876,2.09841847157843e-15
"453","Tau2.8.1","Tau2","5","8","2",13267818.0053179,0.00013727544069932
"454","NPQ.8.1","NPQ","6","8","2",0.246441988971802,6.41757299966749e-100
"455","qP.8.1","qP","7","8","2",0.524627284123485,1.37132976134645e-81
"456","ABQ.8.1","ABQ","8","8","2",0.294662277215011,1.38813698227313e-29
"457","qm.8.1","qm","9","8","2",0.865258934296646,6.85664880673224e-82
"458","nTau1.8.1","nTau1","10","8","2",1.68625535666802,2.09841847157843e-15
"459","nTau2.8.1","nTau2","11","8","2",14.9257042899093,0.00013727544069932
"460","nCon.8.1","nCon","12","8","2",1.49445047778769,1.19055513578736e-14
"461","Fm.8.1","Fm","13","8","2",2997.75935848983,6.41757299966749e-100
"462","Fo.8.1","Fo","14","8","2",2861.84876256318,1.37132976134645e-81
"463","Quant.9.1","Quant","1","9","2",0.0511040757525692,1.79377582233426e-78
"464","Sigma.9.1","Sigma","2","9","2",3.81200903422621,1.9407617492404e-27
"465","Connect.9.1","Connect","3","9","2",0.270539343001408,0.000109382987676148
"466","Tau1.9.1","Tau1","4","9","2",1673.28966959484,1.88646781511188e-13
"467","Tau2.9.1","Tau2","5","9","2",8061374.5676853,3.5845473629433e-05
"468","NPQ.9.1","NPQ","6","9","2",0.273731425809321,1.75417607962922e-98
"469","qP.9.1","qP","7","9","2",0.571549654336697,3.58755164466852e-78
"470","ABQ.9.1","ABQ","8","9","2",0.210119872628405,1.9407617492404e-27
"471","qm.9.1","qm","9","9","2",0.848120567079353,1.79377582233426e-78
"472","nTau1.9.1","nTau1","10","9","2",2.09659910426795,1.88646781511188e-13
"473","nTau2.9.1","nTau2","11","9","2",9.06868732441458,3.5845473629433e-05
"474","nCon.9.1","nCon","12","9","2",0.805125847874791,0.000109382987676148
"475","Fm.9.1","Fm","13","9","2",2933.53297370419,1.75417607962922e-98
"476","Fo.9.1","Fo","14","9","2",2783.61748239336,3.58755164466852e-78
"477","Quant.10.1","Quant","1","10","2",0.0921534765219529,5.44143877517688e-74
"478","Sigma.10.1","Sigma","2","10","2",4.26705608698821,2.03648591123282e-33
"479","Connect.10.1","Connect","3","10","2",0.19074084364674,0.000367316786930268
"480","Tau1.10.1","Tau1","4","10","2",1958.1510714472,2.92842410722907e-16
"481","Tau2.10.1","Tau2","5","10","2",4747878.9250772,1.2424522466409e-06
"482","NPQ.10.1","NPQ","6","10","2",0.300189257026863,3.4363234873149e-96
"483","qP.10.1","qP","7","10","2",0.676281306641997,1.08828775503538e-73
"484","ABQ.10.1","ABQ","8","10","2",0.115830320644518,2.03648591123282e-33
"485","qm.10.1","qm","9","10","2",0.726123258278148,5.44143877517688e-74
"486","nTau1.10.1","nTau1","10","10","2",2.45352484809853,2.92842410722907e-16
"487","nTau2.10.1","nTau2","11","10","2",5.34115231393668,1.2424522466409e-06
"488","nCon.10.1","nCon","12","10","2",0.56764528870995,0.000367316786930268
"489","Fm.10.1","Fm","13","10","2",2873.83787941704,3.4363234873149e-96
"490","Fo.10.1","Fo","14","10","2",2609.00372786829,1.08828775503538e-73
"491","Quant.11.1","Quant","1","11","2",0.101072240015059,2.97402734741432e-76
"492","Sigma.11.1","Sigma","2","11","2",4.37523045376636,3.66972956712155e-38
"493","Connect.11.1","Connect","3","11","2",0.268439286154993,2.09602967512787e-09
"494","Tau1.11.1","Tau1","4","11","2",1751.83977403283,5.86309248731139e-17
"495","Tau2.11.1","Tau2","5","11","2",3454172.61599173,2.77161012208836e-08
"496","NPQ.11.1","NPQ","6","11","2",0.277610709724195,1.00130620618713e-98
"497","qP.11.1","qP","7","11","2",0.664271394005978,5.94805469482864e-76
"498","ABQ.11.1","ABQ","8","11","2",0.0934156878768879,3.66972956712155e-38
"499","qm.11.1","qm","9","11","2",0.699617021314881,2.97402734741432e-76
"500","nTau1.11.1","nTau1","10","11","2",2.19502084295276,5.86309248731139e-17
"501","nTau2.11.1","nTau2","11","11","2",3.88579033959696,2.77161012208836e-08
"502","nCon.11.1","nCon","12","11","2",0.798876072776289,2.09602967512787e-09
"503","Fm.11.1","Fm","13","11","2",2924.62571643715,1.00130620618713e-98
"504","Fo.11.1","Fo","14","11","2",2629.0272440712,5.94805469482864e-76
"505","Quant.12.1","Quant","1","12","2",0.106622793404757,6.68088608694171e-75
"506","Sigma.12.1","Sigma","2","12","2",4.50707371801296,1.63593775423606e-37
"507","Connect.12.1","Connect","3","12","2",0.228065243795999,3.73668346225607e-07
"508","Tau1.12.1","Tau1","4","12","2",1669.14940912606,1.64219723891085e-19
"509","Tau2.12.1","Tau2","5","12","2",3332487.38105676,1.76276998528857e-09
"510","NPQ.12.1","NPQ","6","12","2",0.267464570985322,5.96226896065146e-98
"511","qP.12.1","qP","7","12","2",0.661462995861954,1.33617721738834e-74
"512","ABQ.12.1","ABQ","8","12","2",0.0660966617620066,1.63593775423606e-37
"513","qm.12.1","qm","9","12","2",0.683120980856099,6.68088608694171e-75
"514","nTau1.12.1","nTau1","10","12","2",2.0914114391864,1.64219723891085e-19
"515","nTau2.12.1","nTau2","11","12","2",3.74889987031561,1.76276998528857e-09
"516","nCon.12.1","nCon","12","12","2",0.678722808834016,3.73668346225607e-07
"517","Fm.12.1","Fm","13","12","2",2948.03754108104,5.96226896065146e-98
"518","Fo.12.1","Fo","14","12","2",2633.70954338889,1.33617721738834e-74
"519","Quant.13.1","Quant","1","13","2",0.112431090739641,4.817035173794e-70
"520","Sigma.13.1","Sigma","2","13","2",4.48911547656814,2.70541655724867e-34
"521","Connect.13.1","Connect","3","13","2",0.267476027752392,4.08769817003142e-07
"522","Tau1.13.1","Tau1","4","13","2",1667.17434675956,3.46500997997308e-17
"523","Tau2.13.1","Tau2","5","13","2",3014869.05356716,1.44377687304891e-08
"524","NPQ.13.1","NPQ","6","13","2",0.259149195778015,3.8617971139619e-93
"525","qP.13.1","qP","7","13","2",0.661368971124515,9.634070347588e-70
"526","ABQ.13.1","ABQ","8","13","2",0.0698177594594263,2.70541655724867e-34
"527","qm.13.1","qm","9","13","2",0.66585893487511,4.817035173794e-70
"528","nTau1.13.1","nTau1","10","13","2",2.08893672481762,3.46500997997308e-17
"529","nTau2.13.1","nTau2","11","13","2",3.39159339902807,1.44377687304891e-08
"530","nCon.13.1","nCon","12","13","2",0.796009413053114,4.08769817003142e-07
"531","Fm.13.1","Fm","13","13","2",2967.50627311177,3.8617971139619e-93
"532","Fo.13.1","Fo","14","13","2",2633.86630604909,9.634070347588e-70
"533","Quant.14.1","Quant","1","14","2",0.120637127366971,1.2807234896629e-67
"534","Sigma.14.1","Sigma","2","14","2",4.42908926695163,5.89009418557652e-33
"535","Connect.14.1","Connect","3","14","2",0.22577870136914,4.74132987158305e-05
"536","Tau1.14.1","Tau1","4","14","2",1743.83428545003,9.12016163790207e-19
"537","Tau2.14.1","Tau2","5","14","2",2945110.89344987,2.4472837612007e-09
"538","NPQ.14.1","NPQ","6","14","2",0.246265729328354,8.00940917981349e-91
"539","qP.14.1","qP","7","14","2",0.659794640284298,2.56144697932579e-67
"540","ABQ.14.1","ABQ","8","14","2",0.0822556917077031,5.89009418557652e-33
"541","qm.14.1","qm","9","14","2",0.641470895934356,1.2807234896629e-67
"542","nTau1.14.1","nTau1","10","14","2",2.18499012293045,9.12016163790207e-19
"543","nTau2.14.1","nTau2","11","14","2",3.31311857601637,2.4472837612007e-09
"544","nCon.14.1","nCon","12","14","2",0.671918052122097,4.74132987158305e-05
"545","Fm.14.1","Fm","13","14","2",2998.18333227266,8.00940917981349e-91
"546","Fo.14.1","Fo","14","14","2",2636.49110774775,2.56144697932579e-67
"547","Quant.15.1","Quant","1","15","2",0.126390918234284,4.47065284394928e-73
"548","Sigma.15.1","Sigma","2","15","2",4.49840944617082,4.25945931309527e-39
"549","Connect.15.1","Connect","3","15","2",0.238013511195295,3.43343247918677e-08
"550","Tau1.15.1","Tau1","4","15","2",1820.6578542934,2.92359137349136e-18
"551","Tau2.15.1","Tau2","5","15","2",2694915.70703008,1.51581033682988e-09
"552","NPQ.15.1","NPQ","6","15","2",0.239933690645257,3.99906614494894e-96
"553","qP.15.1","qP","7","15","2",0.662118887797926,8.94130568789857e-73
"554","ABQ.15.1","ABQ","8","15","2",0.0678919712916544,4.25945931309527e-39
"555","qm.15.1","qm","9","15","2",0.624370841169595,4.47065284394928e-73
"556","nTau1.15.1","nTau1","10","15","2",2.28124854641231,2.92359137349136e-18
"557","nTau2.15.1","nTau2","11","15","2",3.03166013531694,1.51581033682988e-09
"558","nCon.15.1","nCon","12","15","2",0.708328880675114,3.43343247918677e-08
"559","Fm.15.1","Fm","13","15","2",3013.49432267658,3.99906614494894e-96
"560","Fo.15.1","Fo","14","15","2",2632.61600813969,8.94130568789857e-73
"561","Quant.16.1","Quant","1","16","2",0.0453380003689777,4.34295968969893e-80
"562","Sigma.16.1","Sigma","2","16","2",3.02134022772071,1.69188959482842e-27
"563","Connect.16.1","Connect","3","16","2",0.580692789947783,3.56987479884273e-16
"564","Tau1.16.1","Tau1","4","16","2",1443.82971756226,9.55690719432669e-13
"565","Tau2.16.1","Tau2","5","16","2",7589885.94290142,2.55135839274512e-07
"566","NPQ.16.1","NPQ","6","16","2",0.214414326004303,1.05318337859718e-95
"567","qP.16.1","qP","7","16","2",0.479359023344529,8.68591937939785e-80
"568","ABQ.16.1","ABQ","8","16","2",0.373953056648673,1.69188959482842e-27
"569","qm.16.1","qm","9","16","2",0.865257130974525,4.34295968969893e-80
"570","nTau1.16.1","nTau1","10","16","2",1.80909028936362,9.55690719432669e-13
"571","nTau2.16.1","nTau2","11","16","2",8.5382836222565,2.55135839274512e-07
"572","nCon.16.1","nCon","12","16","2",1.72814338082817,3.56987479884273e-16
"573","Fm.16.1","Fm","13","16","2",3076.81905363299,1.05318337859718e-95
"574","Fo.16.1","Fo","14","16","2",2937.3222302441,8.68591937939785e-80
"575","Quant.17.1","Quant","1","17","2",0.0453730808772009,8.38443565484778e-81
"576","Sigma.17.1","Sigma","2","17","2",3.24956955560566,3.82542323497173e-28
"577","Connect.17.1","Connect","3","17","2",0.333878934193117,4.92824063342269e-07
"578","Tau1.17.1","Tau1","4","17","2",1292.70565337349,5.74881839777743e-12
"579","Tau2.17.1","Tau2","5","17","2",8384836.97161532,6.55171292016826e-06
"580","NPQ.17.1","NPQ","6","17","2",0.269434393015943,1.06211965200377e-98
"581","qP.17.1","qP","7","17","2",0.555780258851302,1.67688713096956e-80
"582","ABQ.17.1","ABQ","8","17","2",0.326662032687003,3.82542323497173e-28
"583","qm.17.1","qm","9","17","2",0.865152872994764,8.38443565484778e-81
"584","nTau1.17.1","nTau1","10","17","2",1.6197348039573,5.74881839777743e-12
"585","nTau2.17.1","nTau2","11","17","2",9.43256812139473,6.55171292016826e-06
"586","nCon.17.1","nCon","12","17","2",0.993624649921493,4.92824063342269e-07
"587","Fm.17.1","Fm","13","17","2",2943.4629767495,1.06211965200377e-98
"588","Fo.17.1","Fo","14","17","2",2809.9089930464,1.67688713096956e-80
"589","Quant.18.1","Quant","1","18","2",0.0456606324230172,2.99286676755061e-80
"590","Sigma.18.1","Sigma","2","18","2",3.06848936542633,5.55639644744467e-28
"591","Connect.18.1","Connect","3","18","2",0.439741200507627,9.19354119797518e-11
"592","Tau1.18.1","Tau1","4","18","2",1472.24715549068,1.60119488000344e-13
"593","Tau2.18.1","Tau2","5","18","2",16257575.2713598,0.00225301623011154
"594","NPQ.18.1","NPQ","6","18","2",0.300203492947015,4.24612284639916e-97
"595","qP.18.1","qP","7","18","2",0.59615958609632,5.98573353510122e-80
"596","ABQ.18.1","ABQ","8","18","2",0.364183361309026,5.55639644744467e-28
"597","qm.18.1","qm","9","18","2",0.864298280380165,2.99286676755061e-80
"598","nTau1.18.1","nTau1","10","18","2",1.84469678116772,1.60119488000344e-13
"599","nTau2.18.1","nTau2","11","18","2",18.2890480464835,0.00225301623011154
"600","nCon.18.1","nCon","12","18","2",1.30867105307615,9.19354119797518e-11
"601","Fm.18.1","Fm","13","18","2",2873.80641378355,4.24612284639916e-97
"602","Fo.18.1","Fo","14","18","2",2742.58659546887,5.98573353510122e-80
"603","Quant.19.1","Quant","1","19","2",0.048324628100177,8.80658073843045e-78
"604","Sigma.19.1","Sigma","2","19","2",3.20749116196548,1.40797011763751e-26
"605","Connect.19.1","Connect","3","19","2",0.40794905897667,9.74289262233872e-09
"606","Tau1.19.1","Tau1","4","19","2",1266.10744499156,3.53778226553928e-11
"607","Tau2.19.1","Tau2","5","19","2",8259784.71284824,6.12641332080823e-05
"608","NPQ.19.1","NPQ","6","19","2",0.328408021318774,2.25437750995462e-95
"609","qP.19.1","qP","7","19","2",0.635579839943073,1.76131614768609e-77
"610","ABQ.19.1","ABQ","8","19","2",0.335381027482051,1.40797011763751e-26
"611","qm.19.1","qm","9","19","2",0.856380983241106,8.80658073843045e-78
"612","nTau1.19.1","nTau1","10","19","2",1.58640777105798,3.53778226553928e-11
"613","nTau2.19.1","nTau2","11","19","2",9.29188990027393,6.12641332080823e-05
"614","nCon.19.1","nCon","12","19","2",1.21405755020483,9.74289262233872e-09
"615","Fm.19.1","Fm","13","19","2",2812.79025516984,2.25437750995462e-95
"616","Fo.19.1","Fo","14","19","2",2676.86321216496,1.76131614768609e-77
"617","Quant.20.1","Quant","1","20","2",0.0515213573714324,4.54464160260466e-90
"618","Sigma.20.1","Sigma","2","20","2",2.98209414785972,1.67707775906145e-38
"619","Connect.20.1","Connect","3","20","2",0.38585729394931,8.73253159184865e-16
"620","Tau1.20.1","Tau1","4","20","2",1034.40459188776,3.76700800105403e-13
"621","Tau2.20.1","Tau2","5","20","2",5983490.95689565,1.13594831790691e-08
"622","NPQ.20.1","NPQ","6","20","2",0.355362607953178,1.18832439339722e-105
"623","qP.20.1","qP","7","20","2",0.672796026772909,9.08928320520932e-90
"624","ABQ.20.1","ABQ","8","20","2",0.382085172360127,1.67707775906145e-38
"625","qm.20.1","qm","9","20","2",0.846880421460675,4.54464160260466e-90
"626","nTau1.20.1","nTau1","10","20","2",1.29608864514634,3.76700800105403e-13
"627","nTau2.20.1","nTau2","11","20","2",6.73116081394657,1.13594831790691e-08
"628","nCon.20.1","nCon","12","20","2",1.1483123951698,8.73253159184865e-16
"629","Fm.20.1","Fm","13","20","2",2756.85127753206,1.18832439339722e-105
"630","Fo.20.1","Fo","14","20","2",2614.81455764244,9.08928320520932e-90
"631","Quant.21.1","Quant","1","21","2",0.0493720231654464,2.81074288312317e-77
"632","Sigma.21.1","Sigma","2","21","2",3.13211257159182,3.99013198152233e-27
"633","Connect.21.1","Connect","3","21","2",0.458246438944284,2.99667967672441e-11
"634","Tau1.21.1","Tau1","4","21","2",1440.10407370693,3.48758198742673e-10
"635","Tau2.21.1","Tau2","5","21","2",6629080.33038467,2.02468304380718e-05
"636","NPQ.21.1","NPQ","6","21","2",0.39034229313667,5.76282526604285e-95
"637","qP.21.1","qP","7","21","2",0.708789400988425,5.62148576624633e-77
"638","ABQ.21.1","ABQ","8","21","2",0.351000101317097,3.99013198152233e-27
"639","qm.21.1","qm","9","21","2",0.853268163642778,2.81074288312317e-77
"640","nTau1.21.1","nTau1","10","21","2",1.80442213075855,3.48758198742673e-10
"641","nTau2.21.1","nTau2","11","21","2",7.45742010372149,2.02468304380718e-05
"642","nCon.21.1","nCon","12","21","2",1.36374269486083,2.99667967672441e-11
"643","Fm.21.1","Fm","13","21","2",2687.49153046703,5.76282526604285e-95
"644","Fo.21.1","Fo","14","21","2",2554.80463636787,5.62148576624633e-77
"645","Quant.22.1","Quant","1","22","2",0.0551630994045637,3.61534051491314e-77
"646","Sigma.22.1","Sigma","2","22","2",3.36853257358997,4.96878177657072e-27
"647","Connect.22.1","Connect","3","22","2",0.358179740274364,8.69681521571348e-07
"648","Tau1.22.1","Tau1","4","22","2",1346.66280879934,3.6229855457732e-15
"649","Tau2.22.1","Tau2","5","22","2",9372724.56039654,5.75717383619446e-05
"650","NPQ.22.1","NPQ","6","22","2",0.415870463008819,1.11436472855479e-94
"651","qP.22.1","qP","7","22","2",0.745584161700065,7.23068102982629e-77
"652","ABQ.22.1","ABQ","8","22","2",0.302011901232886,4.96878177657072e-27
"653","qm.22.1","qm","9","22","2",0.836057298124813,3.61534051491314e-77
"654","nTau1.22.1","nTau1","10","22","2",1.68734206036382,3.6229855457732e-15
"655","nTau2.22.1","nTau2","11","22","2",10.5438976569604,5.75717383619446e-05
"656","nCon.22.1","nCon","12","22","2",1.06594391736387,8.69681521571348e-07
"657","Fm.22.1","Fm","13","22","2",2639.03600991472,1.11436472855479e-94
"658","Fo.22.1","Fo","14","22","2",2493.45860416757,7.23068102982629e-77
"659","Quant.23.1","Quant","1","23","2",0.189233863899305,8.86338438026379e-66
"660","Sigma.23.1","Sigma","2","23","2",4.91697901446322,2.04088518741961e-40
"661","Connect.23.1","Connect","3","23","2",0.243161516819303,8.54490623244508e-09
"662","Tau1.23.1","Tau1","4","23","2",1753.81303008856,2.19333289014941e-17
"663","Tau2.23.1","Tau2","5","23","2",1880314.36176127,4.45668078866617e-10
"664","NPQ.23.1","NPQ","6","23","2",0.464010981681069,6.81687233174696e-91
"665","qP.23.1","qP","7","23","2",1,1.77267687605276e-65
"666","ABQ.23.1","ABQ","8","23","2",-0.0188391410819511,2.04088518741961e-40
"667","qm.23.1","qm","9","23","2",0.437603918764455,8.86338438026379e-66
"668","nTau1.23.1","nTau1","10","23","2",2.1974932940496,2.19333289014941e-17
"669","nTau2.23.1","nTau2","11","23","2",2.1152699053054,4.45668078866617e-10
"670","nCon.23.1","nCon","12","23","2",0.723649359932993,8.54490623244508e-09
"671","Fm.23.1","Fm","13","23","2",2552.25758823502,6.81687233174696e-91
"672","Fo.23.1","Fo","14","23","2",2069.28402314698,1.77267687605276e-65
"673","Quant.24.1","Quant","1","24","2",0.200625077964328,1.46150935880718e-65
"674","Sigma.24.1","Sigma","2","24","2",5.14960330075281,6.62454545395328e-42
"675","Connect.24.1","Connect","3","24","2",0.252186965207735,8.81189269094315e-10
"676","Tau1.24.1","Tau1","4","24","2",1710.87007175505,2.24555194951805e-18
"677","Tau2.24.1","Tau2","5","24","2",1811698.0898952,5.00077469245753e-10
"678","NPQ.24.1","NPQ","6","24","2",0.387789500342837,4.57657398029273e-91
"679","qP.24.1","qP","7","24","2",0.950228757077361,2.92301871761435e-65
"680","ABQ.24.1","ABQ","8","24","2",-0.0670408371520248,6.62454545395328e-42
"681","qm.24.1","qm","9","24","2",0.403749649667604,1.46150935880718e-65
"682","nTau1.24.1","nTau1","10","24","2",2.1436866103578,2.24555194951805e-18
"683","nTau2.24.1","nTau2","11","24","2",2.03807965571513,5.00077469245753e-10
"684","nCon.24.1","nCon","12","24","2",0.750509119794792,8.81189269094315e-10
"685","Fm.24.1","Fm","13","24","2",2692.43508207249,4.57657398029273e-91
"686","Fo.24.1","Fo","14","24","2",2152.2650838178,2.92301871761435e-65
"687","Quant.25.1","Quant","1","25","2",0.205161546920356,5.21073261008891e-66
"688","Sigma.25.1","Sigma","2","25","2",5.16174715793149,9.8509797156322e-43
"689","Connect.25.1","Connect","3","25","2",0.26539532749393,3.93380450410182e-11
"690","Tau1.25.1","Tau1","4","25","2",1882.50663133614,5.32371360344722e-19
"691","Tau2.25.1","Tau2","5","25","2",1668042.45835835,1.14129343730529e-10
"692","NPQ.25.1","NPQ","6","25","2",0.368226095122971,1.10065718221292e-91
"693","qP.25.1","qP","7","25","2",0.939201553450201,1.04214652201778e-65
"694","ABQ.25.1","ABQ","8","25","2",-0.0695571458409487,9.8509797156322e-43
"695","qm.25.1","qm","9","25","2",0.390267430835596,5.21073261008891e-66
"696","nTau1.25.1","nTau1","10","25","2",2.35874384976841,5.32371360344722e-19
"697","nTau2.25.1","nTau2","11","25","2",1.87647346884703,1.14129343730529e-10
"698","nCon.25.1","nCon","12","25","2",0.789817243214958,3.93380450410182e-11
"699","Fm.25.1","Fm","13","25","2",2730.93251954026,1.10065718221292e-91
"700","Fo.25.1","Fo","14","25","2",2170.65017929627,1.04214652201778e-65
"701","Quant.26.1","Quant","1","26","2",0.212802219467689,1.12333944224956e-61
"702","Sigma.26.1","Sigma","2","26","2",5.38953015257471,9.27273431168935e-40
"703","Connect.26.1","Connect","3","26","2",0.251287039016649,1.96812374811908e-08
"704","Tau1.26.1","Tau1","4","26","2",1914.29417335028,2.05588689548156e-18
"705","Tau2.26.1","Tau2","5","26","2",1701920.59849588,1.30877562635405e-09
"706","NPQ.26.1","NPQ","6","26","2",0.356470241521023,3.16739010441699e-88
"707","qP.26.1","qP","7","26","2",0.940542115683364,2.24667888449912e-61
"708","ABQ.26.1","ABQ","8","26","2",-0.116755685825099,9.27273431168935e-40
"709","qm.26.1","qm","9","26","2",0.367559633139775,1.12333944224956e-61
"710","nTau1.26.1","nTau1","10","26","2",2.39857301582658,2.05588689548156e-18
"711","nTau2.26.1","nTau2","11","26","2",1.91458486752481,1.30877562635405e-09
"712","nCon.26.1","nCon","12","26","2",0.747830936911724,1.96812374811908e-08
"713","Fm.26.1","Fm","13","26","2",2754.60015478489,3.16739010441699e-88
"714","Fo.26.1","Fo","14","26","2",2168.41512810062,2.24667888449912e-61
"715","Quant.27.1","Quant","1","27","2",0.21936540325621,4.93308334975015e-65
"716","Sigma.27.1","Sigma","2","27","2",5.32900447345197,1.70299213495657e-43
"717","Connect.27.1","Connect","3","27","2",0.257625731950353,7.34266187592889e-11
"718","Tau1.27.1","Tau1","4","27","2",1960.13565347353,1.9974028326244e-19
"719","Tau2.27.1","Tau2","5","27","2",1628382.97211254,2.5649958095845e-10
"720","NPQ.27.1","NPQ","6","27","2",0.341307406412306,4.43417169306558e-91
"721","qP.27.1","qP","7","27","2",0.936805679922579,9.8661666995003e-65
"722","ABQ.27.1","ABQ","8","27","2",-0.104214259321259,1.70299213495657e-43
"723","qm.27.1","qm","9","27","2",0.348054092392284,4.93308334975015e-65
"724","nTau1.27.1","nTau1","10","27","2",2.45601149041418,1.9974028326244e-19
"725","nTau2.27.1","nTau2","11","27","2",1.8318583133062,2.5649958095845e-10
"726","nCon.27.1","nCon","12","27","2",0.766694904961797,7.34266187592889e-11
"727","Fm.27.1","Fm","13","27","2",2785.73958467081,4.43417169306558e-91
"728","Fo.27.1","Fo","14","27","2",2174.64469731271,9.8661666995003e-65
"729","Quant.1.2","Quant","1","1","3",0.336553926284602,4.94446608529509e-71
"730","Sigma.1.2","Sigma","2","1","3",4.30265100076434,2.82812235960468e-57
"731","Connect.1.2","Connect","3","1","3",0.322928318825981,8.74019452222429e-23
"732","Tau1.1.2","Tau1","4","1","3",698.316990739763,5.45278452039946e-25
"733","Tau2.1.2","Tau2","5","1","3",1091983.06892018,1.03591108863998e-19
"734","NPQ.1.2","NPQ","6","1","3",0.788136608589211,5.59824109430553e-102
"735","qP.1.2","qP","7","1","3",1.37784116677569,9.88893217059018e-71
"736","ABQ.1.2","ABQ","8","1","3",0,2.82812235960468e-57
"737","qm.1.2","qm","9","1","3",0,4.94446608529509e-71
"738","nTau1.1.2","nTau1","10","1","3",1,5.45278452039946e-25
"739","nTau2.1.2","nTau2","11","1","3",1,1.03591108863998e-19
"740","nCon.1.2","nCon","12","1","3",1,8.74019452222429e-23
"741","Fm.1.2","Fm","13","1","3",1740.33200685056,5.59824109430553e-102
"742","Fo.1.2","Fo","14","1","3",1154.61643690625,9.88893217059018e-71
"743","Quant.3.2","Quant","1","3","3",0.0416551581783048,6.17435877131601e-95
"744","Sigma.3.2","Sigma","2","3","3",2.74104827767608,4.05971060702144e-31
"745","Connect.3.2","Connect","3","3","3",0.556357672776198,3.75905473260563e-15
"746","Tau1.3.2","Tau1","4","3","3",2702.78019149144,9.2295435893771e-06
"747","Tau2.3.2","Tau2","5","3","3",4403865.90330468,1.86675768020059e-10
"748","NPQ.3.2","NPQ","6","3","3",0.0969805034515434,1.21407390182497e-108
"749","qP.3.2","qP","7","3","3",0.276848937529957,1.23487175426319e-94
"750","ABQ.3.2","ABQ","8","3","3",0.362939667384328,4.05971060702144e-31
"751","qm.3.2","qm","9","3","3",0.876230360352178,6.17435877131601e-95
"752","nTau1.3.2","nTau1","10","3","3",3.87042020648566,9.2295435893771e-06
"753","nTau2.3.2","nTau2","11","3","3",4.03290676261079,1.86675768020059e-10
"754","nCon.3.2","nCon","12","3","3",1.72285191586436,3.75905473260563e-15
"755","Fm.3.2","Fm","13","3","3",2836.83380220302,1.21407390182497e-108
"756","Fo.3.2","Fo","14","3","3",2718.66504144669,1.23487175426319e-94
"757","Quant.4.2","Quant","1","4","3",0.0422777622850873,1.75416573891469e-90
"758","Sigma.4.2","Sigma","2","4","3",2.72701994221742,3.42153046026195e-28
"759","Connect.4.2","Connect","3","4","3",0.469313033657261,9.73869400989006e-11
"760","Tau1.4.2","Tau1","4","4","3",2411.64529621109,8.47761354042043e-07
"761","Tau2.4.2","Tau2","5","4","3",5511119.11948304,4.71325302430585e-07
"762","NPQ.4.2","NPQ","6","4","3",0.127452688294952,3.29343968295119e-108
"763","qP.4.2","qP","7","4","3",0.329782987812097,3.50833147782937e-90
"764","ABQ.4.2","ABQ","8","4","3",0.366200060908268,3.42153046026195e-28
"765","qm.4.2","qm","9","4","3",0.874380421729694,1.75416573891469e-90
"766","nTau1.4.2","nTau1","10","4","3",3.45351083847511,8.47761354042043e-07
"767","nTau2.4.2","nTau2","11","4","3",5.04689063076113,4.71325302430585e-07
"768","nCon.4.2","nCon","12","4","3",1.45330405014793,9.73869400989006e-11
"769","Fm.4.2","Fm","13","4","3",2760.16138402688,3.29343968295119e-108
"770","Fo.4.2","Fo","14","4","3",2643.46793716451,3.50833147782937e-90
"771","Quant.5.2","Quant","1","5","3",0.043097213693439,2.05030766281755e-96
"772","Sigma.5.2","Sigma","2","5","3",2.8196936285156,4.95040598301933e-32
"773","Connect.5.2","Connect","3","5","3",0.31499206918098,1.96308380895062e-06
"774","Tau1.5.2","Tau1","4","5","3",1672.00439051062,9.71093173242131e-09
"775","Tau2.5.2","Tau2","5","5","3",10295520.2466974,3.89984218156724e-06
"776","NPQ.5.2","NPQ","6","5","3",0.143063058843044,9.5866437118912e-114
"777","qP.5.2","qP","7","5","3",0.356766138039875,4.10061532563509e-96
"778","ABQ.5.2","ABQ","8","5","3",0.34466131972714,4.95040598301933e-32
"779","qm.5.2","qm","9","5","3",0.871945592288249,2.05030766281755e-96
"780","nTau1.5.2","nTau1","10","5","3",2.39433439638835,9.71093173242131e-09
"781","nTau2.5.2","nTau2","11","5","3",9.42827827621742,3.89984218156724e-06
"782","nCon.5.2","nCon","12","5","3",0.975424113704698,1.96308380895062e-06
"783","Fm.5.2","Fm","13","5","3",2722.4669264518,9.5866437118912e-114
"784","Fo.5.2","Fo","14","5","3",2605.13618754919,4.10061532563509e-96
"785","Quant.6.2","Quant","1","6","3",0.0397249882613039,3.17871920056443e-91
"786","Sigma.6.2","Sigma","2","6","3",3.00065155724624,1.19220735343836e-25
"787","Connect.6.2","Connect","3","6","3",0.440762854230981,2.45706782336107e-07
"788","Tau1.6.2","Tau1","4","6","3",1113.0004127108,9.54170499569938e-11
"789","Tau2.6.2","Tau2","5","6","3",7989881.51644272,1.54676722773109e-07
"790","NPQ.6.2","NPQ","6","6","3",0.181584726011613,1.29399625782054e-108
"791","qP.6.2","qP","7","6","3",0.410300852984548,6.35743840112886e-91
"792","ABQ.6.2","ABQ","8","6","3",0.30260400931584,1.19220735343836e-25
"793","qm.6.2","qm","9","6","3",0.881965458849792,3.17871920056443e-91
"794","nTau1.6.2","nTau1","10","6","3",1.59383263971815,9.54170499569938e-11
"795","nTau2.6.2","nTau2","11","6","3",7.31685476070943,1.54676722773109e-07
"796","nCon.6.2","nCon","12","6","3",1.36489378148498,2.45706782336107e-07
"797","Fm.6.2","Fm","13","6","3",2633.70988473529,1.29399625782054e-108
"798","Fo.6.2","Fo","14","6","3",2529.0857904805,6.35743840112886e-91
"799","Quant.7.2","Quant","1","7","3",0.0424455820390644,7.14246729911446e-89
"800","Sigma.7.2","Sigma","2","7","3",3.37875599001626,5.93099284167256e-28
"801","Connect.7.2","Connect","3","7","3",0.340440515949241,1.87893148065325e-06
"802","Tau1.7.2","Tau1","4","7","3",1519.0314577315,2.53986324762693e-11
"803","Tau2.7.2","Tau2","5","7","3",9756286.51135155,6.73969856342364e-05
"804","NPQ.7.2","NPQ","6","7","3",0.224420348790731,6.16690067780834e-112
"805","qP.7.2","qP","7","7","3",0.477451657864637,1.42849345982289e-88
"806","ABQ.7.2","ABQ","8","7","3",0.214726923142026,5.93099284167256e-28
"807","qm.7.2","qm","9","7","3",0.873881780231644,7.14246729911446e-89
"808","nTau1.7.2","nTau1","10","7","3",2.17527495088199,2.53986324762693e-11
"809","nTau2.7.2","nTau2","11","7","3",8.93446683289619,6.73969856342364e-05
"810","nCon.7.2","nCon","12","7","3",1.05422936330554,1.87893148065325e-06
"811","Fm.7.2","Fm","13","7","3",2541.5710998453,6.16690067780834e-112
"812","Fo.7.2","Fo","14","7","3",2433.6926352187,1.42849345982289e-88
"813","Quant.8.2","Quant","1","8","3",0.0467834143080599,2.21876268546509e-88
"814","Sigma.8.2","Sigma","2","8","3",3.45096877739456,1.06173320857983e-28
"815","Connect.8.2","Connect","3","8","3",0.321458356152851,5.68553400846424e-06
"816","Tau1.8.2","Tau1","4","8","3",1436.87978112497,1.39636520649868e-11
"817","Tau2.8.2","Tau2","5","8","3",16817803.3598757,0.018771012309116
"818","NPQ.8.2","NPQ","6","8","3",0.261793651282424,2.40291620403704e-111
"819","qP.8.2","qP","7","8","3",0.535725251739057,4.43752537093017e-88
"820","ABQ.8.2","ABQ","8","8","3",0.197943598776309,1.06173320857983e-28
"821","qm.8.2","qm","9","8","3",0.860992813768281,2.21876268546509e-88
"822","nTau1.8.2","nTau1","10","8","3",2.0576325654096,1.39636520649868e-11
"823","nTau2.8.2","nTau2","11","8","3",15.4011576173119,0.018771012309116
"824","nCon.8.2","nCon","12","8","3",0.995448021782439,5.68553400846424e-06
"825","Fm.8.2","Fm","13","8","3",2466.29182940189,2.40291620403704e-111
"826","Fo.8.2","Fo","14","8","3",2350.9102769424,4.43752537093017e-88
"827","Quant.9.2","Quant","1","9","3",0.0526355343757648,1.04447136185926e-93
"828","Sigma.9.2","Sigma","2","9","3",3.31243585663322,1.2776522512655e-34
"829","Connect.9.2","Connect","3","9","3",0.320587404894234,2.98028350165108e-08
"830","Tau1.9.2","Tau1","4","9","3",1592.19845357156,1.18308880143705e-12
"831","Tau2.9.2","Tau2","5","9","3",7979749.59511482,6.65948426080177e-05
"832","NPQ.9.2","NPQ","6","9","3",0.292177174866285,6.72348997684655e-115
"833","qP.9.2","qP","7","9","3",0.584558540749552,2.08894272371852e-93
"834","ABQ.9.2","ABQ","8","9","3",0.230140707195451,1.2776522512655e-34
"835","qm.9.2","qm","9","9","3",0.843604456032243,1.04447136185926e-93
"836","nTau1.9.2","nTau1","10","9","3",2.28005114394376,1.18308880143705e-12
"837","nTau2.9.2","nTau2","11","9","3",7.3075763006158,6.65948426080177e-05
"838","nCon.9.2","nCon","12","9","3",0.992750979721266,2.98028350165108e-08
"839","Fm.9.2","Fm","13","9","3",2408.30083759299,6.72348997684655e-115
"840","Fo.9.2","Fo","14","9","3",2281.53863606868,2.08894272371852e-93
"841","Quant.10.2","Quant","1","10","3",0.0958662270628913,2.74030685927495e-87
"842","Sigma.10.2","Sigma","2","10","3",4.13918847907066,3.03504899937399e-41
"843","Connect.10.2","Connect","3","10","3",0.234235266110799,1.193173960018e-07
"844","Tau1.10.2","Tau1","4","10","3",1510.68299580265,1.65723141095522e-17
"845","Tau2.10.2","Tau2","5","10","3",4830557.31156666,1.14086551508815e-06
"846","NPQ.10.2","NPQ","6","10","3",0.318791457974157,2.28734398830474e-113
"847","qP.10.2","qP","7","10","3",0.688779803188261,5.48061371854991e-87
"848","ABQ.10.2","ABQ","8","10","3",0.0379911179560334,3.03504899937399e-41
"849","qm.10.2","qm","9","10","3",0.715153443249913,2.74030685927495e-87
"850","nTau1.10.2","nTau1","10","10","3",2.16331983302069,1.65723141095522e-17
"851","nTau2.10.2","nTau2","11","10","3",4.4236558688986,1.14086551508815e-06
"852","nCon.10.2","nCon","12","10","3",0.725347553792654,1.193173960018e-07
"853","Fm.10.2","Fm","13","10","3",2359.69937000456,2.28734398830474e-113
"854","Fo.10.2","Fo","14","10","3",2133.48389439955,5.48061371854991e-87
"855","Quant.11.2","Quant","1","11","3",0.106175933313244,1.91697143404668e-86
"856","Sigma.11.2","Sigma","2","11","3",4.22399474950023,1.5883835249642e-42
"857","Connect.11.2","Connect","3","11","3",0.162475385976998,7.96452737505301e-05
"858","Tau1.11.2","Tau1","4","11","3",1475.33125266319,2.48966329012424e-18
"859","Tau2.11.2","Tau2","5","11","3",5012247.59082498,2.52708797620057e-06
"860","NPQ.11.2","NPQ","6","11","3",0.298638532246264,3.23997901743417e-113
"861","qP.11.2","qP","7","11","3",0.682864520957101,3.83394286809335e-86
"862","ABQ.11.2","ABQ","8","11","3",0.0182808810777679,1.5883835249642e-42
"863","qm.11.2","qm","9","11","3",0.684520295200901,1.91697143404668e-86
"864","nTau1.11.2","nTau1","10","11","3",2.11269562709665,2.48966329012424e-18
"865","nTau2.11.2","nTau2","11","11","3",4.59004148826355,2.52708797620057e-06
"866","nCon.11.2","nCon","12","11","3",0.503131427332493,7.96452737505301e-05
"867","Fm.11.2","Fm","13","11","3",2396.31837133791,3.23997901743417e-113
"868","Fo.11.2","Fo","14","11","3",2141.88703174543,3.83394286809335e-86
"869","Quant.12.2","Quant","1","12","3",0.110812298636927,7.94632275190152e-82
"870","Sigma.12.2","Sigma","2","12","3",4.25744447256876,8.56419104341975e-40
"871","Connect.12.2","Connect","3","12","3",0.263945406927919,3.33218560980427e-08
"872","Tau1.12.2","Tau1","4","12","3",1508.76745962487,9.37967968054991e-16
"873","Tau2.12.2","Tau2","5","12","3",4282090.35733126,3.20071616896294e-05
"874","NPQ.12.2","NPQ","6","12","3",0.28779833573961,1.34266013044433e-108
"875","qP.12.2","qP","7","12","3",0.678059542210005,1.5892645503803e-81
"876","ABQ.12.2","ABQ","8","12","3",0.0105066686067613,8.56419104341975e-40
"877","qm.12.2","qm","9","12","3",0.670744299850418,7.94632275190152e-82
"878","nTau1.12.2","nTau1","10","12","3",2.16057675759335,9.37967968054991e-16
"879","nTau2.12.2","nTau2","11","12","3",3.92138896582494,3.20071616896294e-05
"880","nCon.12.2","nCon","12","12","3",0.817349831341838,3.33218560980427e-08
"881","Fm.12.2","Fm","13","12","3",2416.48966781881,1.34266013044433e-108
"882","Fo.12.2","Fo","14","12","3",2148.71289309542,1.5892645503803e-81
"883","Quant.13.2","Quant","1","13","3",0.117269246332788,1.21500616024799e-83
"884","Sigma.13.2","Sigma","2","13","3",4.2576024554348,2.25716948929501e-42
"885","Connect.13.2","Connect","3","13","3",0.242832833737505,1.42857984209912e-08
"886","Tau1.13.2","Tau1","4","13","3",1656.99858451467,1.78746539855767e-18
"887","Tau2.13.2","Tau2","5","13","3",3639078.46431551,1.08609950621299e-07
"888","NPQ.13.2","NPQ","6","13","3",0.280811473795195,1.4147891483322e-110
"889","qP.13.2","qP","7","13","3",0.68085204397067,2.43001232049597e-83
"890","ABQ.13.2","ABQ","8","13","3",0.0104699510421697,2.25716948929501e-42
"891","qm.13.2","qm","9","13","3",0.651558822601223,1.21500616024799e-83
"892","nTau1.13.2","nTau1","10","13","3",2.37284586582853,1.78746539855767e-18
"893","nTau2.13.2","nTau2","11","13","3",3.33254110607599,1.08609950621299e-07
"894","nCon.13.2","nCon","12","13","3",0.751971318651564,1.42857984209912e-08
"895","Fm.13.2","Fm","13","13","3",2429.6716856603,1.4147891483322e-110
"896","Fo.13.2","Fo","14","13","3",2144.7459182468,2.43001232049597e-83
"897","Quant.14.2","Quant","1","14","3",0.123969494941107,1.36700734856806e-82
"898","Sigma.14.2","Sigma","2","14","3",4.42114242384366,1.06227728946098e-42
"899","Connect.14.2","Connect","3","14","3",0.230291327079468,5.49740192640994e-08
"900","Tau1.14.2","Tau1","4","14","3",1459.55032590391,1.81772790807222e-19
"901","Tau2.14.2","Tau2","5","14","3",2977998.8286883,5.22154346102364e-10
"902","NPQ.14.2","NPQ","6","14","3",0.266394933617662,3.68930300236114e-110
"903","qP.14.2","qP","7","14","3",0.675255114962658,2.73401469713612e-82
"904","ABQ.14.2","ABQ","8","14","3",-0.0275391666807896,1.06227728946098e-42
"905","qm.14.2","qm","9","14","3",0.631650427289106,1.36700734856806e-82
"906","nTau1.14.2","nTau1","10","14","3",2.09009711242702,1.81772790807222e-19
"907","nTau2.14.2","nTau2","11","14","3",2.72714743794803,5.22154346102364e-10
"908","nCon.14.2","nCon","12","14","3",0.713134505876417,5.49740192640994e-08
"909","Fm.14.2","Fm","13","14","3",2457.33087675835,3.68930300236114e-110
"910","Fo.14.2","Fo","14","14","3",2152.69680906343,2.73401469713612e-82
"911","Quant.15.2","Quant","1","15","3",0.125585617345501,2.03381715329884e-86
"912","Sigma.15.2","Sigma","2","15","3",4.18299993995795,2.7573542207832e-47
"913","Connect.15.2","Connect","3","15","3",0.28529151529421,1.24142063283463e-13
"914","Tau1.15.2","Tau1","4","15","3",1526.88499075984,5.87526614046219e-19
"915","Tau2.15.2","Tau2","5","15","3",3426765.77967284,1.69988889443342e-07
"916","NPQ.15.2","NPQ","6","15","3",0.26320830318331,1.20645100148325e-112
"917","qP.15.2","qP","7","15","3",0.67423501723674,4.06763430659768e-86
"918","ABQ.15.2","ABQ","8","15","3",0.0278086837127014,2.7573542207832e-47
"919","qm.15.2","qm","9","15","3",0.62684845566383,2.03381715329884e-86
"920","nTau1.15.2","nTau1","10","15","3",2.18652132342123,5.87526614046219e-19
"921","nTau2.15.2","nTau2","11","15","3",3.13811255614195,1.69988889443342e-07
"922","nCon.15.2","nCon","12","15","3",0.883451523642767,1.24142063283463e-13
"923","Fm.15.2","Fm","13","15","3",2463.52985862018,1.20645100148325e-112
"924","Fo.15.2","Fo","14","15","3",2154.14594047629,4.06763430659768e-86
"925","Quant.16.2","Quant","1","16","3",0.0473880633133058,2.79792695790435e-92
"926","Sigma.16.2","Sigma","2","16","3",3.03211999146306,4.1476449276228e-30
"927","Connect.16.2","Connect","3","16","3",0.320069241536458,7.20142837502077e-06
"928","Tau1.16.2","Tau1","4","16","3",1284.22739794045,2.14314773425584e-10
"929","Tau2.16.2","Tau2","5","16","3",7929645.13213011,3.44403667425985e-05
"930","NPQ.16.2","NPQ","6","16","3",0.231738365176994,5.06899368324141e-111
"931","qP.16.2","qP","7","16","3",0.496420034827462,5.59585391580871e-92
"932","ABQ.16.2","ABQ","8","16","3",0.295290277802122,4.1476449276228e-30
"933","qm.16.2","qm","9","16","3",0.859196224995953,2.79792695790435e-92
"934","nTau1.16.2","nTau1","10","16","3",1.83903215154482,2.14314773425584e-10
"935","nTau2.16.2","nTau2","11","16","3",7.26169238134015,3.44403667425985e-05
"936","nCon.16.2","nCon","12","16","3",0.991146402706592,7.20142837502077e-06
"937","Fm.16.2","Fm","13","16","3",2526.47109201786,5.06899368324141e-111
"938","Fo.16.2","Fo","14","16","3",2406.74651995008,5.59585391580871e-92
"939","Quant.17.2","Quant","1","17","3",0.0509327712348241,1.42274376101982e-92
"940","Sigma.17.2","Sigma","2","17","3",3.3973584415205,5.74655949752133e-31
"941","Connect.17.2","Connect","3","17","3",0.41614581535363,4.19642351482652e-09
"942","Tau1.17.2","Tau1","4","17","3",1367.694407083,9.39708515971394e-12
"943","Tau2.17.2","Tau2","5","17","3",10920592.5760677,0.000111328198437362
"944","NPQ.17.2","NPQ","6","17","3",0.281401303933089,1.4826714461284e-111
"945","qP.17.2","qP","7","17","3",0.568141511234694,2.84548752203965e-92
"946","ABQ.17.2","ABQ","8","17","3",0.210403437109591,5.74655949752133e-31
"947","qm.17.2","qm","9","17","3",0.848663862587794,1.42274376101982e-92
"948","nTau1.17.2","nTau1","10","17","3",1.958558112175,9.39708515971394e-12
"949","nTau2.17.2","nTau2","11","17","3",10.0006977094129,0.000111328198437362
"950","nCon.17.2","nCon","12","17","3",1.28866312148326,4.19642351482652e-09
"951","Fm.17.2","Fm","13","17","3",2428.55330566412,1.4826714461284e-111
"952","Fo.17.2","Fo","14","17","3",2304.86035571516,2.84548752203965e-92
"953","Quant.18.2","Quant","1","18","3",0.051939114983607,1.24672915777612e-88
"954","Sigma.18.2","Sigma","2","18","3",3.53869636119379,7.58129697885088e-28
"955","Connect.18.2","Connect","3","18","3",0.257930086257298,0.00147891541466681
"956","Tau1.18.2","Tau1","4","18","3",1598.50493617959,2.43034853032723e-12
"957","Tau2.18.2","Tau2","5","18","3",10797214.4827619,3.60925980802954e-05
"958","NPQ.18.2","NPQ","6","18","3",0.308824412825691,6.92100448773128e-110
"959","qP.18.2","qP","7","18","3",0.603820771550344,2.49345831555224e-88
"960","ABQ.18.2","ABQ","8","18","3",0.177554405280567,7.58129697885088e-28
"961","qm.18.2","qm","9","18","3",0.84567372142411,1.24672915777612e-88
"962","nTau1.18.2","nTau1","10","18","3",2.28908211797369,2.43034853032723e-12
"963","nTau2.18.2","nTau2","11","18","3",9.88771235568587,3.60925980802954e-05
"964","nCon.18.2","nCon","12","18","3",0.798722413676861,0.00147891541466681
"965","Fm.18.2","Fm","13","18","3",2377.66910676006,6.92100448773128e-110
"966","Fo.18.2","Fo","14","18","3",2254.17507763108,2.49345831555224e-88
"967","Quant.19.2","Quant","1","19","3",0.0512562174944708,3.90123492574987e-88
"968","Sigma.19.2","Sigma","2","19","3",3.23373994972844,6.67152554864458e-31
"969","Connect.19.2","Connect","3","19","3",0.305499139331729,2.10012015151721e-06
"970","Tau1.19.2","Tau1","4","19","3",902.167036362085,2.26259190152305e-12
"971","Tau2.19.2","Tau2","5","19","3",9153126.7525047,7.59343089406812e-06
"972","NPQ.19.2","NPQ","6","19","3",0.343702600987465,1.0991871724303e-110
"973","qP.19.2","qP","7","19","3",0.643895615590571,7.80246985149975e-88
"974","ABQ.19.2","ABQ","8","19","3",0.248430804833117,6.67152554864458e-31
"975","qm.19.2","qm","9","19","3",0.847702809293252,3.90123492574987e-88
"976","nTau1.19.2","nTau1","10","19","3",1.29191620471152,2.26259190152305e-12
"977","nTau2.19.2","nTau2","11","19","3",8.38211416735231,7.59343089406812e-06
"978","nCon.19.2","nCon","12","19","3",0.946027714269172,2.10012015151721e-06
"979","Fm.19.2","Fm","13","19","3",2315.95248104908,1.0991871724303e-110
"980","Fo.19.2","Fo","14","19","3",2197.24551697357,7.80246985149975e-88
"981","Quant.20.2","Quant","1","20","3",0.056214659975136,3.96481292475317e-95
"982","Sigma.20.2","Sigma","2","20","3",3.14564549622531,1.79250781069342e-36
"983","Connect.20.2","Connect","3","20","3",0.239187627819167,9.20736398678821e-06
"984","Tau1.20.2","Tau1","4","20","3",1473.30768441896,5.05511345808489e-14
"985","Tau2.20.2","Tau2","5","20","3",18163635.0087878,0.00640725467892939
"986","NPQ.20.2","NPQ","6","20","3",0.367478262298502,1.88784967948706e-115
"987","qP.20.2","qP","7","20","3",0.67873084861529,7.92962584950633e-95
"988","ABQ.20.2","ABQ","8","20","3",0.268905264297172,1.79250781069342e-36
"989","qm.20.2","qm","9","20","3",0.832969828652069,3.96481292475317e-95
"990","nTau1.20.2","nTau1","10","20","3",2.10979784819242,5.05511345808489e-14
"991","nTau2.20.2","nTau2","11","20","3",16.6336232912009,0.00640725467892939
"992","nCon.20.2","nCon","12","20","3",0.740683346349876,9.20736398678821e-06
"993","Fm.20.2","Fm","13","20","3",2275.68617238445,1.88784967948706e-115
"994","Fo.20.2","Fo","14","20","3",2147.75924799374,7.92962584950633e-95
"995","Quant.21.2","Quant","1","21","3",0.0507824385573715,2.87789664610528e-93
"996","Sigma.21.2","Sigma","2","21","3",2.70308095968441,4.21972221245961e-34
"997","Connect.21.2","Connect","3","21","3",0.437830627339534,3.40487237149501e-13
"998","Tau1.21.2","Tau1","4","21","3",964.125389545099,7.62985443695228e-10
"999","Tau2.21.2","Tau2","5","21","3",9575204.41407301,0.00129053775874241
"1000","NPQ.21.2","NPQ","6","21","3",0.408188533158816,6.5914644831529e-111
"1001","qP.21.2","qP","7","21","3",0.713988515126628,5.75579329221057e-93
"1002","ABQ.21.2","ABQ","8","21","3",0.371763836015465,4.21972221245961e-34
"1003","qm.21.2","qm","9","21","3",0.849110544874678,2.87789664610528e-93
"1004","nTau1.21.2","nTau1","10","21","3",1.38064145986732,7.62985443695228e-10
"1005","nTau2.21.2","nTau2","11","21","3",8.76863816537151,0.00129053775874241
"1006","nCon.21.2","nCon","12","21","3",1.35581366456582,3.40487237149501e-13
"1007","Fm.21.2","Fm","13","21","3",2209.89682792571,6.5914644831529e-111
"1008","Fo.21.2","Fo","14","21","3",2097.67287804344,5.75579329221057e-93
"1009","Quant.22.2","Quant","1","22","3",0.0555464170498332,1.25982528289809e-90
"1010","Sigma.22.2","Sigma","2","22","3",3.17546854183726,7.96288432665914e-31
"1011","Connect.22.2","Connect","3","22","3",0.363623058858431,3.28236233228715e-07
"1012","Tau1.22.2","Tau1","4","22","3",1358.17255510509,6.84069638054174e-09
"1013","Tau2.22.2","Tau2","5","22","3",9703662.21132194,0.00348221766304757
"1014","NPQ.22.2","NPQ","6","22","3",0.43206826245656,3.7586495827978e-109
"1015","qP.22.2","qP","7","22","3",0.745898720494642,2.51965056579618e-90
"1016","ABQ.22.2","ABQ","8","22","3",0.261973945534239,7.96288432665914e-31
"1017","qm.22.2","qm","9","22","3",0.834955373532439,1.25982528289809e-90
"1018","nTau1.22.2","nTau1","10","22","3",1.94492268284395,6.84069638054174e-09
"1019","nTau2.22.2","nTau2","11","22","3",8.88627533476093,0.00348221766304757
"1020","nCon.22.2","nCon","12","22","3",1.12601787350332,3.28236233228715e-07
"1021","Fm.22.2","Fm","13","22","3",2173.04681217556,3.7586495827978e-109
"1022","Fo.22.2","Fo","14","22","3",2052.34184767764,2.51965056579618e-90
"1023","Quant.23.2","Quant","1","23","3",0.19649379278309,1.94894820118785e-78
"1024","Sigma.23.2","Sigma","2","23","3",4.42220946995048,2.35551712960058e-49
"1025","Connect.23.2","Connect","3","23","3",0.230743367365115,3.92498114702646e-11
"1026","Tau1.23.2","Tau1","4","23","3",1501.07955803716,1.03009666847562e-18
"1027","Tau2.23.2","Tau2","5","23","3",1879710.41056245,2.24357833730106e-11
"1028","NPQ.23.2","NPQ","6","23","3",0.478370577293296,6.78778907246113e-107
"1029","qP.23.2","qP","7","23","3",1,3.8978964023757e-78
"1030","ABQ.23.2","ABQ","8","23","3",-0.0277871640448875,2.35551712960058e-49
"1031","qm.23.2","qm","9","23","3",0.416159558878751,1.94894820118785e-78
"1032","nTau1.23.2","nTau1","10","23","3",2.1495675716654,1.03009666847562e-18
"1033","nTau2.23.2","nTau2","11","23","3",1.72137321911156,2.24357833730106e-11
"1034","nCon.23.2","nCon","12","23","3",0.714534322056337,3.92498114702646e-11
"1035","Fm.23.2","Fm","13","23","3",2104.98735590815,6.78778907246113e-107
"1036","Fo.23.2","Fo","14","23","3",1691.37040658531,3.8978964023757e-78
"1037","Quant.24.2","Quant","1","24","3",0.206864069180176,2.01427178955253e-78
"1038","Sigma.24.2","Sigma","2","24","3",4.82025116669152,5.61822505384251e-51
"1039","Connect.24.2","Connect","3","24","3",0.249306417591732,2.86858042016151e-13
"1040","Tau1.24.2","Tau1","4","24","3",1495.14968129566,5.73691319334306e-18
"1041","Tau2.24.2","Tau2","5","24","3",1836013.37211693,6.78163577983818e-10
"1042","NPQ.24.2","NPQ","6","24","3",0.409991469783799,3.47456983836254e-108
"1043","qP.24.2","qP","7","24","3",0.958371288185757,4.02854357910505e-78
"1044","ABQ.24.2","ABQ","8","24","3",-0.120297966494432,5.61822505384251e-51
"1045","qm.24.2","qm","9","24","3",0.385346439235283,2.01427178955253e-78
"1046","nTau1.24.2","nTau1","10","24","3",2.14107590266674,5.73691319334306e-18
"1047","nTau2.24.2","nTau2","11","24","3",1.68135699570186,6.78163577983818e-10
"1048","nCon.24.2","nCon","12","24","3",0.772017822710921,2.86858042016151e-13
"1049","Fm.24.2","Fm","13","24","3",2207.07106336338,3.47456983836254e-108
"1050","Fo.24.2","Fo","14","24","3",1750.50736222621,4.02854357910505e-78
"1051","Quant.25.2","Quant","1","25","3",0.212200517886716,1.33088130325638e-73
"1052","Sigma.25.2","Sigma","2","25","3",4.70037146869605,4.97476689052534e-47
"1053","Connect.25.2","Connect","3","25","3",0.241109890921829,3.33222890750596e-10
"1054","Tau1.25.2","Tau1","4","25","3",1534.06225738003,1.60295468238354e-18
"1055","Tau2.25.2","Tau2","5","25","3",1601870.59362268,1.75137119669382e-11
"1056","NPQ.25.2","NPQ","6","25","3",0.391822101771619,2.29956108162446e-103
"1057","qP.25.2","qP","7","25","3",0.950684218363271,2.66176260651277e-73
"1058","ABQ.25.2","ABQ","8","25","3",-0.0924361441030326,4.97476689052534e-47
"1059","qm.25.2","qm","9","25","3",0.369490291706559,1.33088130325638e-73
"1060","nTau1.25.2","nTau1","10","25","3",2.1967992727127,1.60295468238354e-18
"1061","nTau2.25.2","nTau2","11","25","3",1.46693720737512,1.75137119669382e-11
"1062","nCon.25.2","nCon","12","25","3",0.746635946325159,3.33222890750596e-10
"1063","Fm.25.2","Fm","13","25","3",2235.88299725079,2.29956108162446e-103
"1064","Fo.25.2","Fo","14","25","3",1761.42746730007,2.66176260651277e-73
"1065","Quant.26.2","Quant","1","26","3",0.218255990496745,5.93561787202756e-77
"1066","Sigma.26.2","Sigma","2","26","3",4.71416046378937,8.70927251941669e-51
"1067","Connect.26.2","Connect","3","26","3",0.209398345443099,3.83382478095985e-10
"1068","Tau1.26.2","Tau1","4","26","3",1477.90565128275,9.29214928508484e-19
"1069","Tau2.26.2","Tau2","5","26","3",1524663.98627809,6.3093543468357e-12
"1070","NPQ.26.2","NPQ","6","26","3",0.378899231262934,2.037918338964e-106
"1071","qP.26.2","qP","7","26","3",0.948683867764436,1.18712357440551e-76
"1072","ABQ.26.2","ABQ","8","26","3",-0.0956409113711347,8.70927251941669e-51
"1073","qm.26.2","qm","9","26","3",0.351497714181531,5.93561787202756e-77
"1074","nTau1.26.2","nTau1","10","26","3",2.11638220304096,9.29214928508484e-19
"1075","nTau2.26.2","nTau2","11","26","3",1.39623408977007,6.3093543468357e-12
"1076","nCon.26.2","nCon","12","26","3",0.648435994106603,3.83382478095985e-10
"1077","Fm.26.2","Fm","13","26","3",2256.83741204119,2.037918338964e-106
"1078","Fo.26.2","Fo","14","26","3",1764.26912728603,1.18712357440551e-76
"1079","Quant.27.2","Quant","1","27","3",0.223861486386783,1.36438578841129e-73
"1080","Sigma.27.2","Sigma","2","27","3",4.74889331603474,5.39279852661492e-48
"1081","Connect.27.2","Connect","3","27","3",0.218673483397175,1.80643867835741e-09
"1082","Tau1.27.2","Tau1","4","27","3",1487.2577967616,1.80344397395818e-17
"1083","Tau2.27.2","Tau2","5","27","3",1435947.09172152,3.00685993265883e-11
"1084","NPQ.27.2","NPQ","6","27","3",0.366853856487692,7.3901676710169e-104
"1085","qP.27.2","qP","7","27","3",0.946723111667745,2.72877157682259e-73
"1086","ABQ.27.2","ABQ","8","27","3",-0.103713342121202,5.39279852661492e-48
"1087","qm.27.2","qm","9","27","3",0.334842148899853,1.36438578841129e-73
"1088","nTau1.27.2","nTau1","10","27","3",2.12977461021831,1.80344397395818e-17
"1089","nTau2.27.2","nTau2","11","27","3",1.31499025267989,3.00685993265883e-11
"1090","nCon.27.2","nCon","12","27","3",0.677157965557717,1.80643867835741e-09
"1091","Fm.27.2","Fm","13","27","3",2276.72575072918,7.3901676710169e-104
"1092","Fo.27.2","Fo","14","27","3",1767.05454007588,2.72877157682259e-73
"1093","Quant.1.3","Quant","1","1","4",0.333934069006829,4.16601915481216e-76
"1094","Sigma.1.3","Sigma","2","1","4",3.76715227539445,1.3992285428106e-61
"1095","Connect.1.3","Connect","3","1","4",0.380425288826599,1.68029080835154e-31
"1096","Tau1.1.3","Tau1","4","1","4",557.74824109879,9.3287504823506e-26
"1097","Tau2.1.3","Tau2","5","1","4",1223965.08675388,8.74186357053234e-21
"1098","NPQ.1.3","NPQ","6","1","4",0.826062566823507,3.98413537599174e-104
"1099","qP.1.3","qP","7","1","4",1.35079891547646,8.33203830962431e-76
"1100","ABQ.1.3","ABQ","8","1","4",0,1.3992285428106e-61
"1101","qm.1.3","qm","9","1","4",0,4.16601915481216e-76
"1102","nTau1.1.3","nTau1","10","1","4",1,9.3287504823506e-26
"1103","nTau2.1.3","nTau2","11","1","4",1,8.74186357053234e-21
"1104","nCon.1.3","nCon","12","1","4",1,1.68029080835154e-31
"1105","Fm.1.3","Fm","13","1","4",1524.54604851297,3.98413537599174e-104
"1106","Fo.1.3","Fo","14","1","4",1015.44818314475,8.33203830962431e-76
"1107","Quant.3.3","Quant","1","3","4",0.0418022203716357,1.7838744885327e-94
"1108","Sigma.3.3","Sigma","2","3","4",2.34149544686914,9.45274012355307e-33
"1109","Connect.3.3","Connect","3","3","4",0.520430778352749,7.86271056814885e-16
"1110","Tau1.3.3","Tau1","4","3","4",1775.01357979783,1.95746372626903e-09
"1111","Tau2.3.3","Tau2","5","3","4",6472428.9623289,3.08792350144862e-11
"1112","NPQ.3.3","NPQ","6","3","4",0.127980154925469,2.39179842884203e-106
"1113","qP.3.3","qP","7","3","4",0.320066907402451,3.56774897706302e-94
"1114","ABQ.3.3","ABQ","8","3","4",0.378444173291622,9.45274012355307e-33
"1115","qm.3.3","qm","9","3","4",0.874818941068331,1.7838744885327e-94
"1116","nTau1.3.3","nTau1","10","3","4",3.18246378742668,1.95746372626903e-09
"1117","nTau2.3.3","nTau2","11","3","4",5.28808299548368,3.08792350144862e-11
"1118","nCon.3.3","nCon","12","3","4",1.36802361367192,7.86271056814885e-16
"1119","Fm.3.3","Fm","13","3","4",2468.05447634155,2.39179842884203e-106
"1120","Fo.3.3","Fo","14","3","4",2364.88431923232,3.56774897706302e-94
"1121","Quant.4.3","Quant","1","4","4",0.0383542827666893,3.14993203515098e-88
"1122","Sigma.4.3","Sigma","2","4","4",2.64434140317382,9.27560947183947e-26
"1123","Connect.4.3","Connect","3","4","4",0.428120127066464,2.23166839723375e-08
"1124","Tau1.4.3","Tau1","4","4","4",1630.17837063234,6.20933776580961e-06
"1125","Tau2.4.3","Tau2","5","4","4",4437325.61217527,2.27570378939474e-09
"1126","NPQ.4.3","NPQ","6","4","4",0.155703870159952,3.59247230984073e-106
"1127","qP.4.3","qP","7","4","4",0.357054863568166,6.29986407030195e-88
"1128","ABQ.4.3","ABQ","8","4","4",0.298052956222232,9.27560947183947e-26
"1129","qm.4.3","qm","9","4","4",0.885144145726847,3.14993203515098e-88
"1130","nTau1.4.3","nTau1","10","4","4",2.92278531873237,6.20933776580961e-06
"1131","nTau2.4.3","nTau2","11","4","4",3.62536943267202,2.27570378939474e-09
"1132","nCon.4.3","nCon","12","4","4",1.12537241776691,2.23166839723375e-08
"1133","Fm.4.3","Fm","13","4","4",2408.84931033668,3.59247230984073e-106
"1134","Fo.4.3","Fo","14","4","4",2316.45962274569,6.29986407030195e-88
"1135","Quant.5.3","Quant","1","5","4",0.0429140147367699,7.73783097591488e-94
"1136","Sigma.5.3","Sigma","2","5","4",2.97510675964896,1.09060052317925e-28
"1137","Connect.5.3","Connect","3","5","4",0.282719270279863,0.000329593967704091
"1138","Tau1.5.3","Tau1","4","5","4",1634.43489776724,2.37100298595758e-08
"1139","Tau2.5.3","Tau2","5","5","4",5829930.78355455,1.27118343303927e-07
"1140","NPQ.5.3","NPQ","6","5","4",0.172020033082553,1.59320822854843e-110
"1141","qP.5.3","qP","7","5","4",0.389959774051159,1.54756619518298e-93
"1142","ABQ.5.3","ABQ","8","5","4",0.210250464500416,1.09060052317925e-28
"1143","qm.5.3","qm","9","5","4",0.87148955821009,7.73783097591488e-94
"1144","nTau1.5.3","nTau1","10","5","4",2.9304169468062,2.37100298595758e-08
"1145","nTau2.5.3","nTau2","11","5","4",4.76315120966098,1.27118343303927e-07
"1146","nCon.5.3","nCon","12","5","4",0.743166341942975,0.000329593967704091
"1147","Fm.5.3","Fm","13","5","4",2375.31474890084,1.59320822854843e-110
"1148","Fo.5.3","Fo","14","5","4",2273.38045676204,1.54756619518298e-93
"1149","Quant.6.3","Quant","1","6","4",0.0394203085444901,4.74468621143444e-97
"1150","Sigma.6.3","Sigma","2","6","4",3.08609923094962,1.38353097306249e-30
"1151","Connect.6.3","Connect","3","6","4",0.339928247263403,1.58677693614675e-06
"1152","Tau1.6.3","Tau1","4","6","4",1014.54039895914,2.7835097133544e-10
"1153","Tau2.6.3","Tau2","5","6","4",8124284.27967741,1.14681715822102e-05
"1154","NPQ.6.3","NPQ","6","6","4",0.211934994970908,2.35597050743667e-114
"1155","qP.6.3","qP","7","6","4",0.441020070623215,9.48937242286888e-97
"1156","ABQ.6.3","ABQ","8","6","4",0.180787235199701,1.38353097306249e-30
"1157","qm.6.3","qm","9","6","4",0.881951821622358,4.74468621143444e-97
"1158","nTau1.6.3","nTau1","10","6","4",1.81899345296088,2.7835097133544e-10
"1159","nTau2.6.3","nTau2","11","6","4",6.63767648897903,1.14681715822102e-05
"1160","nCon.6.3","nCon","12","6","4",0.893547977086101,1.58677693614675e-06
"1161","Fm.6.3","Fm","13","6","4",2297.08398729344,2.35597050743667e-114
"1162","Fo.6.3","Fo","14","6","4",2206.53222776173,9.48937242286888e-97
"1163","Quant.7.3","Quant","1","7","4",0.0463935002903549,5.82822329878808e-89
"1164","Sigma.7.3","Sigma","2","7","4",3.25883076851934,4.16656999465666e-28
"1165","Connect.7.3","Connect","3","7","4",0.304566204304452,4.51483683715302e-05
"1166","Tau1.7.3","Tau1","4","7","4",1388.19088931914,6.51104895351398e-11
"1167","Tau2.7.3","Tau2","5","7","4",21555334.9966992,0.0106637044656171
"1168","NPQ.7.3","NPQ","6","7","4",0.248774034170894,2.43522155961586e-109
"1169","qP.7.3","qP","7","7","4",0.502613738138366,1.16564465975762e-88
"1170","ABQ.7.3","ABQ","8","7","4",0.134935216236216,4.16656999465666e-28
"1171","qm.7.3","qm","9","7","4",0.861069879966616,5.82822329878808e-89
"1172","nTau1.7.3","nTau1","10","7","4",2.48892024578032,6.51104895351398e-11
"1173","nTau2.7.3","nTau2","11","7","4",17.6110701440569,0.0106637044656171
"1174","nCon.7.3","nCon","12","7","4",0.800594001633986,4.51483683715302e-05
"1175","Fm.7.3","Fm","13","7","4",2229.3196322236,2.43522155961586e-109
"1176","Fo.7.3","Fo","14","7","4",2125.89369121874,1.16564465975762e-88
"1177","Quant.8.3","Quant","1","8","4",0.0507979704423939,1.6586424040536e-86
"1178","Sigma.8.3","Sigma","2","8","4",3.82085864000874,4.87463522027014e-27
"1179","Connect.8.3","Connect","3","8","4",0.154980119635248,0.0637018648287099
"1180","Tau1.8.3","Tau1","4","8","4",1000.83830218058,1.12828004923391e-08
"1181","Tau2.8.3","Tau2","5","8","4",5244136.47312085,9.88956551394598e-08
"1182","NPQ.8.3","NPQ","6","8","4",0.288150908242047,5.17187769431307e-110
"1183","qP.8.3","qP","7","8","4",0.559521893663811,3.31728480810719e-86
"1184","ABQ.8.3","ABQ","8","8","4",-0.0142564889041217,4.87463522027014e-27
"1185","qm.8.3","qm","9","8","4",0.847880239972295,1.6586424040536e-86
"1186","nTau1.8.3","nTau1","10","8","4",1.794426639892,1.12828004923391e-08
"1187","nTau2.8.3","nTau2","11","8","4",4.28454743511435,9.88956551394598e-08
"1188","nCon.8.3","nCon","12","8","4",0.407386480833793,0.0637018648287099
"1189","Fm.8.3","Fm","13","8","4",2161.17261787866,5.17187769431307e-110
"1190","Fo.8.3","Fo","14","8","4",2051.38943511475,3.31728480810719e-86
"1191","Quant.9.3","Quant","1","9","4",0.0574827469169407,9.67654228526444e-88
"1192","Sigma.9.3","Sigma","2","9","4",3.52286218429336,5.55381065771098e-29
"1193","Connect.9.3","Connect","3","9","4",0.16191158185366,0.0396074410128531
"1194","Tau1.9.3","Tau1","4","9","4",934.998985011617,1.20019990652334e-11
"1195","Tau2.9.3","Tau2","5","9","4",8186772.2629362,0.000321508475550601
"1196","NPQ.9.3","NPQ","6","9","4",0.312754540704845,7.4335559247762e-109
"1197","qP.9.3","qP","7","9","4",0.599716853627682,1.93530845705289e-87
"1198","ABQ.9.3","ABQ","8","9","4",0.0648474160964223,5.55381065771098e-29
"1199","qm.9.3","qm","9","9","4",0.827861987583647,9.67654228526444e-88
"1200","nTau1.9.3","nTau1","10","9","4",1.67638177248148,1.20019990652334e-11
"1201","nTau2.9.3","nTau2","11","9","4",6.68873021913446,0.000321508475550601
"1202","nCon.9.3","nCon","12","9","4",0.425606779068413,0.0396074410128531
"1203","Fm.9.3","Fm","13","9","4",2120.66794230511,7.4335559247762e-109
"1204","Fo.9.3","Fo","14","9","4",1998.76612368272,1.93530845705289e-87
"1205","Quant.10.3","Quant","1","10","4",0.100192522030948,1.20039156294244e-83
"1206","Sigma.10.3","Sigma","2","10","4",4.16350746129414,7.07212679063697e-39
"1207","Connect.10.3","Connect","3","10","4",0.297422576339739,1.52117762996892e-09
"1208","Tau1.10.3","Tau1","4","10","4",1302.13417626519,4.69284433642688e-15
"1209","Tau2.10.3","Tau2","5","10","4",5777341.77060249,3.46275442537449e-05
"1210","NPQ.10.3","NPQ","6","10","4",0.341246056279101,7.70455481558322e-109
"1211","qP.10.3","qP","7","10","4",0.699860453447452,2.40078312588487e-83
"1212","ABQ.10.3","ABQ","8","10","4",-0.105213476101969,7.07212679063697e-39
"1213","qm.10.3","qm","9","10","4",0.69996316240228,1.20039156294244e-83
"1214","nTau1.10.3","nTau1","10","10","4",2.33462713158885,4.69284433642688e-15
"1215","nTau2.10.3","nTau2","11","10","4",4.72018510423755,3.46275442537449e-05
"1216","nCon.10.3","nCon","12","10","4",0.781815996662901,1.52117762996892e-09
"1217","Fm.10.3","Fm","13","10","4",2075.61950139962,7.70455481558322e-109
"1218","Fo.10.3","Fo","14","10","4",1867.65794877777,2.40078312588487e-83
"1219","Quant.11.3","Quant","1","11","4",0.105604279955851,5.96005050877657e-84
"1220","Sigma.11.3","Sigma","2","11","4",3.90332827425201,1.19202606041416e-40
"1221","Connect.11.3","Connect","3","11","4",0.335727732472223,1.44398783138682e-12
"1222","Tau1.11.3","Tau1","4","11","4",1099.99451001215,7.83259107183473e-17
"1223","Tau2.11.3","Tau2","5","11","4",4113487.66208251,6.01933094123245e-07
"1224","NPQ.11.3","NPQ","6","11","4",0.33627212226839,3.01230011493381e-108
"1225","qP.11.3","qP","7","11","4",0.703162219912111,1.19201010175531e-83
"1226","ABQ.11.3","ABQ","8","11","4",-0.0361482597204832,1.19202606041416e-40
"1227","qm.11.3","qm","9","11","4",0.683757095315448,5.96005050877657e-84
"1228","nTau1.11.3","nTau1","10","11","4",1.97220614778651,7.83259107183473e-17
"1229","nTau2.11.3","nTau2","11","11","4",3.36078839715276,6.01933094123245e-07
"1230","nCon.11.3","nCon","12","11","4",0.882506348375937,1.44398783138682e-12
"1231","Fm.11.3","Fm","13","11","4",2083.34546848317,3.01230011493381e-108
"1232","Fo.11.3","Fo","14","11","4",1863.33527038472,1.19201010175531e-83
"1233","Quant.12.3","Quant","1","12","4",0.118425579710164,9.99478151611489e-90
"1234","Sigma.12.3","Sigma","2","12","4",4.24229143514493,1.89866486526574e-48
"1235","Connect.12.3","Connect","3","12","4",0.286716261716011,4.60198210147026e-15
"1236","Tau1.12.3","Tau1","4","12","4",1213.48076504534,3.32232593593977e-17
"1237","Tau2.12.3","Tau2","5","12","4",3578969.25954839,4.8327473984083e-08
"1238","NPQ.12.3","NPQ","6","12","4",0.311193041621576,2.28403997624555e-115
"1239","qP.12.3","qP","7","12","4",0.696732531142686,1.99895630322298e-89
"1240","ABQ.12.3","ABQ","8","12","4",-0.126126879142611,1.89866486526574e-48
"1241","qm.12.3","qm","9","12","4",0.64536239125771,9.99478151611489e-90
"1242","nTau1.12.3","nTau1","10","12","4",2.17567833590068,3.32232593593977e-17
"1243","nTau2.12.3","nTau2","11","12","4",2.92407789918281,4.8327473984083e-08
"1244","nCon.12.3","nCon","12","12","4",0.753672981626357,4.60198210147026e-15
"1245","Fm.12.3","Fm","13","12","4",2123.19344460928,2.28403997624555e-115
"1246","Fo.12.3","Fo","14","12","4",1871.75303009461,1.99895630322298e-89
"1247","Quant.13.3","Quant","1","13","4",0.125440582428544,2.51996720095818e-89
"1248","Sigma.13.3","Sigma","2","13","4",3.9275812263587,1.89554985481687e-48
"1249","Connect.13.3","Connect","3","13","4",0.205470661046259,9.3768231077709e-10
"1250","Tau1.13.3","Tau1","4","13","4",1307.47282581301,3.39616457565064e-18
"1251","Tau2.13.3","Tau2","5","13","4",4541684.90304664,1.52101592502411e-05
"1252","NPQ.13.3","NPQ","6","13","4",0.298534978169175,3.88259728909474e-114
"1253","qP.13.3","qP","7","13","4",0.69428342605999,5.03993440191635e-89
"1254","ABQ.13.3","ABQ","8","13","4",-0.042586266557928,1.89554985481687e-48
"1255","qm.13.3","qm","9","13","4",0.624355242333842,2.51996720095818e-89
"1256","nTau1.13.3","nTau1","10","13","4",2.3441989225053,3.39616457565064e-18
"1257","nTau2.13.3","nTau2","11","13","4",3.71063272326811,1.52101592502411e-05
"1258","nCon.13.3","nCon","12","13","4",0.540107787471286,9.3768231077709e-10
"1259","Fm.13.3","Fm","13","13","4",2143.89024353685,3.88259728909474e-114
"1260","Fo.13.3","Fo","14","13","4",1874.95940272472,5.03993440191635e-89
"1261","Quant.14.3","Quant","1","14","4",0.127879199720023,1.12086618680313e-82
"1262","Sigma.14.3","Sigma","2","14","4",4.17926342722827,3.73792992636929e-43
"1263","Connect.14.3","Connect","3","14","4",0.257163749673064,1.11376917454219e-09
"1264","Tau1.14.3","Tau1","4","14","4",1284.78706147728,5.43736810254358e-17
"1265","Tau2.14.3","Tau2","5","14","4",3356461.57577266,2.2390015320177e-07
"1266","NPQ.14.3","NPQ","6","14","4",0.295822288874583,1.8653453439198e-108
"1267","qP.14.3","qP","7","14","4",0.695287099374318,2.24173237360626e-82
"1268","ABQ.14.3","ABQ","8","14","4",-0.109395936693498,3.73792992636929e-43
"1269","qm.14.3","qm","9","14","4",0.617052551420237,1.12086618680313e-82
"1270","nTau1.14.3","nTau1","10","14","4",2.30352507960615,5.43736810254358e-17
"1271","nTau2.14.3","nTau2","11","14","4",2.7422853904064,2.2390015320177e-07
"1272","nCon.14.3","nCon","12","14","4",0.675990154246242,1.11376917454219e-09
"1273","Fm.14.3","Fm","13","14","4",2148.37828804909,1.8653453439198e-108
"1274","Fo.14.3","Fo","14","14","4",1873.6453918775,2.24173237360626e-82
"1275","Quant.15.3","Quant","1","15","4",0.131139308185608,6.08878177257858e-84
"1276","Sigma.15.3","Sigma","2","15","4",3.9915029346602,6.73667281949006e-45
"1277","Connect.15.3","Connect","3","15","4",0.263786669940425,3.98520646124254e-11
"1278","Tau1.15.3","Tau1","4","15","4",1135.55898776846,4.65751745821248e-17
"1279","Tau2.15.3","Tau2","5","15","4",3313567.65202486,2.15527486148673e-07
"1280","NPQ.15.3","NPQ","6","15","4",0.289364139641428,4.79838994471445e-109
"1281","qP.15.3","qP","7","15","4",0.693495426256935,1.21775635451572e-83
"1282","ABQ.15.3","ABQ","8","15","4",-0.0595544440109623,6.73667281949006e-45
"1283","qm.15.3","qm","9","15","4",0.607289820485714,6.08878177257858e-84
"1284","nTau1.15.3","nTau1","10","15","4",2.03597054027702,4.65751745821248e-17
"1285","nTau2.15.3","nTau2","11","15","4",2.70724033543545,2.15527486148673e-07
"1286","nCon.15.3","nCon","12","15","4",0.693399407684123,3.98520646124254e-11
"1287","Fm.15.3","Fm","13","15","4",2159.13905544359,4.79838994471445e-109
"1288","Fo.15.3","Fo","14","15","4",1875.99105343619,1.21775635451572e-83
"1289","Quant.16.3","Quant","1","16","4",0.0475736515169939,1.30697063671017e-93
"1290","Sigma.16.3","Sigma","2","16","4",2.9952236439421,1.57056656022186e-32
"1291","Connect.16.3","Connect","3","16","4",0.361915091097969,1.02735888725977e-08
"1292","Tau1.16.3","Tau1","4","16","4",1058.56519947808,2.36084577655015e-10
"1293","Tau2.16.3","Tau2","5","16","4",11047078.3330153,8.37305565444878e-05
"1294","NPQ.16.3","NPQ","6","16","4",0.256761268037342,8.0345139282066e-112
"1295","qP.16.3","qP","7","16","4",0.51493051135624,2.61394127342034e-93
"1296","ABQ.16.3","ABQ","8","16","4",0.204910387215902,1.57056656022186e-32
"1297","qm.16.3","qm","9","16","4",0.857535795438647,1.30697063671017e-93
"1298","nTau1.16.3","nTau1","10","16","4",1.89792655803389,2.36084577655015e-10
"1299","nTau2.16.3","nTau2","11","16","4",9.02564824157983,8.37305565444878e-05
"1300","nCon.16.3","nCon","12","16","4",0.951343408883978,1.02735888725977e-08
"1301","Fm.16.3","Fm","13","16","4",2215.15139063429,8.0345139282066e-112
"1302","Fo.16.3","Fo","14","16","4",2109.76855031887,2.61394127342034e-93
"1303","Quant.17.3","Quant","1","17","4",0.0505699511075683,4.99353063963153e-90
"1304","Sigma.17.3","Sigma","2","17","4",3.49361227572742,4.0881676815622e-30
"1305","Connect.17.3","Connect","3","17","4",0.281997525492479,5.30754009751658e-05
"1306","Tau1.17.3","Tau1","4","17","4",1260.45233486807,1.15804276266352e-10
"1307","Tau2.17.3","Tau2","5","17","4",14560398.655007,0.00060184846403311
"1308","NPQ.17.3","NPQ","6","17","4",0.312431122937705,3.72410404105869e-111
"1309","qP.17.3","qP","7","17","4",0.588140405586955,9.98706127926306e-90
"1310","ABQ.17.3","ABQ","8","17","4",0.0726118775324485,4.0881676815622e-30
"1311","qm.17.3","qm","9","17","4",0.848563067380423,4.99353063963153e-90
"1312","nTau1.17.3","nTau1","10","17","4",2.25989477328502,1.15804276266352e-10
"1313","nTau2.17.3","nTau2","11","17","4",11.8960898579412,0.00060184846403311
"1314","nCon.17.3","nCon","12","17","4",0.741269136871223,5.30754009751658e-05
"1315","Fm.17.3","Fm","13","17","4",2121.19053101758,3.72410404105869e-111
"1316","Fo.17.3","Fo","14","17","4",2013.92202957419,9.98706127926306e-90
"1317","Quant.18.3","Quant","1","18","4",0.0484445698081593,3.56346853988663e-86
"1318","Sigma.18.3","Sigma","2","18","4",3.30722537354737,7.76055874979076e-27
"1319","Connect.18.3","Connect","3","18","4",0.238140086612226,0.00276735242378376
"1320","Tau1.18.3","Tau1","4","18","4",1030.3115297093,1.55764444505865e-12
"1321","Tau2.18.3","Tau2","5","18","4",8548268.13992826,4.59615215478249e-06
"1322","NPQ.18.3","NPQ","6","18","4",0.343280783569521,1.02049146621677e-107
"1323","qP.18.3","qP","7","18","4",0.620103962348836,7.12693707977326e-86
"1324","ABQ.18.3","ABQ","8","18","4",0.122088747208637,7.76055874979076e-27
"1325","qm.18.3","qm","9","18","4",0.854927740819495,3.56346853988663e-86
"1326","nTau1.18.3","nTau1","10","18","4",1.84726988592476,1.55764444505865e-12
"1327","nTau2.18.3","nTau2","11","18","4",6.98407841239935,4.59615215478249e-06
"1328","nCon.18.3","nCon","12","18","4",0.625983849146192,0.00276735242378376
"1329","Fm.18.3","Fm","13","18","4",2072.47546800341,1.02049146621677e-107
"1330","Fo.18.3","Fo","14","18","4",1972.07528551802,7.12693707977326e-86
"1331","Quant.19.3","Quant","1","19","4",0.0604461025191301,7.18006474139944e-88
"1332","Sigma.19.3","Sigma","2","19","4",3.57680315446419,3.53409535813445e-31
"1333","Connect.19.3","Connect","3","19","4",0.252166860883219,0.000196663602280677
"1334","Tau1.19.3","Tau1","4","19","4",1058.11587844395,3.97778617812313e-11
"1335","Tau2.19.3","Tau2","5","19","4",9464995.46092544,0.00026567647886812
"1336","NPQ.19.3","NPQ","6","19","4",0.3606827849022,1.92953262520658e-109
"1337","qP.19.3","qP","7","19","4",0.658124062854644,1.43601294827989e-87
"1338","ABQ.19.3","ABQ","8","19","4",0.0505286505601427,3.53409535813445e-31
"1339","qm.19.3","qm","9","19","4",0.818987913695341,7.18006474139944e-88
"1340","nTau1.19.3","nTau1","10","19","4",1.89712095973518,3.97778617812313e-11
"1341","nTau2.19.3","nTau2","11","19","4",7.7330600058437,0.00026567647886812
"1342","nCon.19.3","nCon","12","19","4",0.662855147356301,0.000196663602280677
"1343","Fm.19.3","Fm","13","19","4",2045.97023015054,1.92953262520658e-109
"1344","Fo.19.3","Fo","14","19","4",1922.29930386777,1.43601294827989e-87
"1345","Quant.20.3","Quant","1","20","4",0.061274275824042,3.63518317672223e-92
"1346","Sigma.20.3","Sigma","2","20","4",3.08898495440764,2.08124012805181e-35
"1347","Connect.20.3","Connect","3","20","4",0.3776159305081,1.07628681815898e-10
"1348","Tau1.20.3","Tau1","4","20","4",870.941206068254,2.21420032267415e-11
"1349","Tau2.20.3","Tau2","5","20","4",8715055.23385995,0.000110806853658691
"1350","NPQ.20.3","NPQ","6","20","4",0.388930432452664,3.93605465579014e-110
"1351","qP.20.3","qP","7","20","4",0.689253795365796,7.27036635344445e-92
"1352","ABQ.20.3","ABQ","8","20","4",0.180021212685328,2.08124012805181e-35
"1353","qm.20.3","qm","9","20","4",0.816507863344758,3.63518317672223e-92
"1354","nTau1.20.3","nTau1","10","20","4",1.56153106705,2.21420032267415e-11
"1355","nTau2.20.3","nTau2","11","20","4",7.12034626491957,0.000110806853658691
"1356","nCon.20.3","nCon","12","20","4",0.992615216703485,1.07628681815898e-10
"1357","Fm.20.3","Fm","13","20","4",2004.35990568096,3.93605465579014e-110
"1358","Fo.20.3","Fo","14","20","4",1881.54420396961,7.27036635344445e-92
"1359","Quant.21.3","Quant","1","21","4",0.058943665244531,1.06271130140747e-93
"1360","Sigma.21.3","Sigma","2","21","4",2.94716893578369,7.59041497994895e-37
"1361","Connect.21.3","Connect","3","21","4",0.40054246131634,4.8249400663156e-13
"1362","Tau1.21.3","Tau1","4","21","4",1092.732013987,2.46394679778216e-08
"1363","Tau2.21.3","Tau2","5","21","4",13147227.4062474,0.0310257221780407
"1364","NPQ.21.3","NPQ","6","21","4",0.426997455883181,2.16812005508376e-111
"1365","qP.21.3","qP","7","21","4",0.724119228195787,2.12542260281494e-93
"1366","ABQ.21.3","ABQ","8","21","4",0.217666629768743,7.59041497994895e-37
"1367","qm.21.3","qm","9","21","4",0.823487117023314,1.06271130140747e-93
"1368","nTau1.21.3","nTau1","10","21","4",1.95918504706401,2.46394679778216e-08
"1369","nTau2.21.3","nTau2","11","21","4",10.7415052508692,0.0310257221780407
"1370","nCon.21.3","nCon","12","21","4",1.05288074447362,4.8249400663156e-13
"1371","Fm.21.3","Fm","13","21","4",1950.89098380014,2.16812005508376e-111
"1372","Fo.21.3","Fo","14","21","4",1835.89831872245,2.12542260281494e-93
"1373","Quant.22.3","Quant","1","22","4",0.0575205830844313,4.97787276489495e-88
"1374","Sigma.22.3","Sigma","2","22","4",3.1214799454801,3.77222063995757e-30
"1375","Connect.22.3","Connect","3","22","4",0.306461049640252,1.57891522415011e-05
"1376","Tau1.22.3","Tau1","4","22","4",1333.71365428248,8.55313270683613e-10
"1377","Tau2.22.3","Tau2","5","22","4",10250638.0144764,0.000107919580767924
"1378","NPQ.22.3","NPQ","6","22","4",0.460702540464488,9.6581096889688e-107
"1379","qP.22.3","qP","7","22","4",0.754405125595519,9.9557455297899e-88
"1380","ABQ.22.3","ABQ","8","22","4",0.171395335976097,3.77222063995757e-30
"1381","qm.22.3","qm","9","22","4",0.827748683278989,4.97787276489495e-88
"1382","nTau1.22.3","nTau1","10","22","4",2.39124672388927,8.55313270683613e-10
"1383","nTau2.22.3","nTau2","11","22","4",8.37494314618275,0.000107919580767924
"1384","nCon.22.3","nCon","12","22","4",0.805574862243029,1.57891522415011e-05
"1385","Fm.22.3","Fm","13","22","4",1905.87501114565,9.6581096889688e-107
"1386","Fo.22.3","Fo","14","22","4",1796.24796921851,9.9557455297899e-88
"1387","Quant.23.3","Quant","1","23","4",0.200720856415359,2.01827679024521e-80
"1388","Sigma.23.3","Sigma","2","23","4",4.11081823309865,1.54796239736181e-51
"1389","Connect.23.3","Connect","3","23","4",0.282138971391755,1.78523293568153e-16
"1390","Tau1.23.3","Tau1","4","23","4",1234.53492062003,1.80777002043558e-18
"1391","Tau2.23.3","Tau2","5","23","4",1952514.80499171,2.93181125431354e-11
"1392","NPQ.23.3","NPQ","6","23","4",0.508852066654004,4.90229400665034e-107
"1393","qP.23.3","qP","7","23","4",1,4.03655358049042e-80
"1394","ABQ.23.3","ABQ","8","23","4",-0.0912269886059283,1.54796239736181e-51
"1395","qm.23.3","qm","9","23","4",0.398920700088092,2.01827679024521e-80
"1396","nTau1.23.3","nTau1","10","23","4",2.21342682890032,1.80777002043558e-18
"1397","nTau2.23.3","nTau2","11","23","4",1.59523733652407,2.93181125431354e-11
"1398","nCon.23.3","nCon","12","23","4",0.741640946799298,1.78523293568153e-16
"1399","Fm.23.3","Fm","13","23","4",1845.0559416085,4.90229400665034e-107
"1400","Fo.23.3","Fo","14","23","4",1474.71473287459,4.03655358049042e-80
"1401","Quant.24.3","Quant","1","24","4",0.209069758738387,3.77677724648248e-79
"1402","Sigma.24.3","Sigma","2","24","4",4.38438968591668,2.69640966694912e-51
"1403","Connect.24.3","Connect","3","24","4",0.304350737178111,5.47851366032644e-18
"1404","Tau1.24.3","Tau1","4","24","4",1041.20363097831,3.14962301221178e-17
"1405","Tau2.24.3","Tau2","5","24","4",1766985.53643659,3.52186400681721e-12
"1406","NPQ.24.3","NPQ","6","24","4",0.443673775446705,4.90220020457665e-107
"1407","qP.24.3","qP","7","24","4",0.961442106965328,7.55355449296496e-79
"1408","ABQ.24.3","ABQ","8","24","4",-0.163847215456032,2.69640966694912e-51
"1409","qm.24.3","qm","9","24","4",0.37391905126604,3.77677724648248e-79
"1410","nTau1.24.3","nTau1","10","24","4",1.86679859164969,3.14962301221178e-17
"1411","nTau2.24.3","nTau2","11","24","4",1.44365681305736,3.52186400681721e-12
"1412","nCon.24.3","nCon","12","24","4",0.800027616767707,5.47851366032644e-18
"1413","Fm.24.3","Fm","13","24","4",1928.35564234505,4.90220020457665e-107
"1414","Fo.24.3","Fo","14","24","4",1525.19479343816,7.55355449296496e-79
"1415","Quant.25.3","Quant","1","25","4",0.215619377764632,1.51928998276524e-76
"1416","Sigma.25.3","Sigma","2","25","4",4.37858114649529,2.38492944586294e-49
"1417","Connect.25.3","Connect","3","25","4",0.274558694967201,1.63374181064037e-14
"1418","Tau1.25.3","Tau1","4","25","4",1202.4739142838,4.90455417662522e-18
"1419","Tau2.25.3","Tau2","5","25","4",1586403.74428244,2.59563617840317e-12
"1420","NPQ.25.3","NPQ","6","25","4",0.425262038985313,9.90446534088107e-105
"1421","qP.25.3","qP","7","25","4",0.956164439783793,3.03857996553049e-76
"1422","ABQ.25.3","ABQ","8","25","4",-0.162305324128905,2.38492944586294e-49
"1423","qm.25.3","qm","9","25","4",0.354305541791777,1.51928998276524e-76
"1424","nTau1.25.3","nTau1","10","25","4",2.15594389309928,4.90455417662522e-18
"1425","nTau2.25.3","nTau2","11","25","4",1.29611846077227,2.59563617840317e-12
"1426","nCon.25.3","nCon","12","25","4",0.721715151519137,1.63374181064037e-14
"1427","Fm.25.3","Fm","13","25","4",1953.26641308021,9.90446534088107e-105
"1428","Fo.25.3","Fo","14","25","4",1532.1043244833,3.03857996553049e-76
"1429","Quant.26.3","Quant","1","26","4",0.225043926688888,1.60299033678772e-79
"1430","Sigma.26.3","Sigma","2","26","4",4.52277094172943,2.92145151758779e-53
"1431","Connect.26.3","Connect","3","26","4",0.23993793534438,1.2583039351469e-14
"1432","Tau1.26.3","Tau1","4","26","4",1171.75523840421,2.44375168497366e-17
"1433","Tau2.26.3","Tau2","5","26","4",1580471.02524201,3.21842704087629e-11
"1434","NPQ.26.3","NPQ","6","26","4",0.407890658052514,3.78433778052283e-108
"1435","qP.26.3","qP","7","26","4",0.955959574207982,3.20598067357544e-79
"1436","ABQ.26.3","ABQ","8","26","4",-0.200580866154626,2.92145151758779e-53
"1437","qm.26.3","qm","9","26","4",0.326082758317521,1.60299033678772e-79
"1438","nTau1.26.3","nTau1","10","26","4",2.10086765329066,2.44375168497366e-17
"1439","nTau2.26.3","nTau2","11","26","4",1.29127132983313,3.21842704087629e-11
"1440","nCon.26.3","nCon","12","26","4",0.630709740891452,1.2583039351469e-14
"1441","Fm.26.3","Fm","13","26","4",1977.36696004442,3.78433778052283e-108
"1442","Fo.26.3","Fo","14","26","4",1532.37253485115,3.20598067357544e-79
"1443","Quant.27.3","Quant","1","27","4",0.228152929417051,9.60440073968069e-76
"1444","Sigma.27.3","Sigma","2","27","4",4.53545415245213,2.13342288209454e-50
"1445","Connect.27.3","Connect","3","27","4",0.251834812041141,3.80259087360998e-13
"1446","Tau1.27.3","Tau1","4","27","4",1206.18000945775,1.29741336906271e-18
"1447","Tau2.27.3","Tau2","5","27","4",1434244.15602002,2.05175820492185e-13
"1448","NPQ.27.3","NPQ","6","27","4",0.400830796122709,2.35796239140984e-104
"1449","qP.27.3","qP","7","27","4",0.954780092271901,1.92088014793614e-75
"1450","ABQ.27.3","ABQ","8","27","4",-0.203947656184733,2.13342288209454e-50
"1451","qm.27.3","qm","9","27","4",0.316772529093503,9.60440073968069e-76
"1452","nTau1.27.3","nTau1","10","27","4",2.16258863870467,1.29741336906271e-18
"1453","nTau2.27.3","nTau2","11","27","4",1.17180152566592,2.05175820492185e-13
"1454","nCon.27.3","nCon","12","27","4",0.661982311475434,3.80259087360998e-13
"1455","Fm.27.3","Fm","13","27","4",1987.33243036468,2.35796239140984e-104
"1456","Fo.27.3","Fo","14","27","4",1533.91671465147,1.92088014793614e-75
"1457","MTQuant.2.0","MTQuant","15","2","1",0.590395849548889,NA
"1458","PQpool.2.0","PQpool","16","2","1",0.618130968044859,NA
"1459","MTTau1.2.0","MTTau1","17","2","1",17717.1280849833,NA
"1460","MTTau2.2.0","MTTau2","18","2","1",5e+06,NA
"1461","MTQuant.2.1","MTQuant","15","2","2",0.574547204020974,NA
"1462","PQpool.2.1","PQpool","16","2","2",0.618775244404649,NA
"1463","MTTau1.2.1","MTTau1","17","2","2",17000,NA
"1464","MTTau2.2.1","MTTau2","18","2","2",4081123.56890219,NA
"1465","MTQuant.2.2","MTQuant","15","2","3",0.559241388603397,NA
"1466","PQpool.2.2","PQpool","16","2","3",0.628973496471929,NA
"1467","MTTau1.2.2","MTTau1","17","2","3",17000,NA
"1468","MTTau2.2.2","MTTau2","18","2","3",8342599.93820368,NA
"1469","MTQuant.2.3","MTQuant","15","2","4",0.547626361860936,NA
"1470","PQpool.2.3","PQpool","16","2","4",0.635244737450692,NA
"1471","MTTau1.2.3","MTTau1","17","2","4",17000,NA
"1472","MTTau2.2.3","MTTau2","18","2","4",6755008.72873789,NA
"1473","Ratio12","Ratio12","Ratio12","Ratio12","Ratio12",1.01261126387675,NA
"1474","Ratio32","Ratio32","Ratio32","Ratio32","Ratio32",0.902447786081491,NA
"1475","Ratio42","Ratio42","Ratio42","Ratio42","Ratio42",0.790552148006295,NA
"1476","mean.1.rQuant.All","rQuant","1","All","1",0.108038278573833,NA
"1477","min.1.rQuant.All","rQuant","1","All","1",0.0411528693349337,NA
"1478","max.1.rQuant.All","rQuant","1","All","1",0.353198312205411,NA
"1479","range.1.rQuant.All","rQuant","1","All","1",0.312045442870477,NA
"1480","slope.1.rQuant.All","rQuant","1","All","1",0.00309483357762255,NA
"1481","mean.1.rSigma.All","rSigma","2","All","1",4.2566863824576,NA
"1482","min.1.rSigma.All","rSigma","2","All","1",3.00575152081842,NA
"1483","max.1.rSigma.All","rSigma","2","All","1",5.40813029394898,NA
"1484","range.1.rSigma.All","rSigma","2","All","1",2.40237877313056,NA
"1485","slope.1.rSigma.All","rSigma","2","All","1",0.0448774921910269,NA
"1486","mean.1.rConnect.All","rConnect","3","All","1",0.298313619745206,NA
"1487","min.1.rConnect.All","rConnect","3","All","1",0.194338169468187,NA
"1488","max.1.rConnect.All","rConnect","3","All","1",0.532207448119665,NA
"1489","range.1.rConnect.All","rConnect","3","All","1",0.337869278651478,NA
"1490","slope.1.rConnect.All","rConnect","3","All","1",-0.00650994843849618,NA
"1491","mean.1.rTau1.All","rTau1","4","All","1",1782.49895196164,NA
"1492","min.1.rTau1.All","rTau1","4","All","1",733.26762737927,NA
"1493","max.1.rTau1.All","rTau1","4","All","1",5724.29820286041,NA
"1494","range.1.rTau1.All","rTau1","4","All","1",4991.03057548114,NA
"1495","slope.1.rTau1.All","rTau1","4","All","1",-47.1994904339621,NA
"1496","mean.1.rTau2.All","rTau2","5","All","1",6781185.22051361,NA
"1497","min.1.rTau2.All","rTau2","5","All","1",1188516.86407516,NA
"1498","max.1.rTau2.All","rTau2","5","All","1",16529579.755212,NA
"1499","range.1.rTau2.All","rTau2","5","All","1",15341062.8911368,NA
"1500","slope.1.rTau2.All","rTau2","5","All","1",-158518.253301811,NA
"1501","mean.1.rNPQ.All","rNPQ","6","All","1",0.275805140397671,NA
"1502","min.1.rNPQ.All","rNPQ","6","All","1",0.0728176466016452,NA
"1503","max.1.rNPQ.All","rNPQ","6","All","1",0.693778844759974,NA
"1504","range.1.rNPQ.All","rNPQ","6","All","1",0.620961198158329,NA
"1505","slope.1.rNPQ.All","rNPQ","6","All","1",0.00573954922225883,NA
"1506","mean.1.rqP.All","rqP","7","All","1",0.65185112724073,NA
"1507","min.1.rqP.All","rqP","7","All","1",0.241578613893251,NA
"1508","max.1.rqP.All","rqP","7","All","1",1.38549037561388,NA
"1509","range.1.rqP.All","rqP","7","All","1",1.14391176172063,NA
"1510","slope.1.rqP.All","rqP","7","All","1",0.0154125263057637,NA
"1511","mean.1.rABQ.All","rABQ","8","All","1",0.130569488126785,NA
"1512","min.1.rABQ.All","rABQ","8","All","1",-0.104613557889224,NA
"1513","max.1.rABQ.All","rABQ","8","All","1",0.386073614894771,NA
"1514","range.1.rABQ.All","rABQ","8","All","1",0.490687172783995,NA
"1515","slope.1.rABQ.All","rABQ","8","All","1",-0.00916625222098315,NA
"1516","mean.1.rqm.All","rqm","9","All","1",0.694114397378546,NA
"1517","min.1.rqm.All","rqm","9","All","1",0,NA
"1518","max.1.rqm.All","rqm","9","All","1",0.883485090633728,NA
"1519","range.1.rqm.All","rqm","9","All","1",0.883485090633728,NA
"1520","slope.1.rqm.All","rqm","9","All","1",-0.00876231134372657,NA
"1521","mean.2.rQuant.All","rQuant","1","All","2",0.101757721621928,NA
"1522","min.2.rQuant.All","rQuant","1","All","2",0.0322980948623373,NA
"1523","max.2.rQuant.All","rQuant","1","All","2",0.336477920478343,NA
"1524","range.2.rQuant.All","rQuant","1","All","2",0.304179825616006,NA
"1525","slope.2.rQuant.All","rQuant","1","All","2",0.00299962507998543,NA
"1526","mean.2.rSigma.All","rSigma","2","All","2",3.86865024078973,NA
"1527","min.2.rSigma.All","rSigma","2","All","2",2.42864578943617,NA
"1528","max.2.rSigma.All","rSigma","2","All","2",5.38953015257471,NA
"1529","range.2.rSigma.All","rSigma","2","All","2",2.96088436313854,NA
"1530","slope.2.rSigma.All","rSigma","2","All","2",0.0575817888828183,NA
"1531","mean.2.rConnect.All","rConnect","3","All","2",0.359092728032058,NA
"1532","min.2.rConnect.All","rConnect","3","All","2",0.19074084364674,NA
"1533","max.2.rConnect.All","rConnect","3","All","2",0.679296464063697,NA
"1534","range.2.rConnect.All","rConnect","3","All","2",0.488555620416957,NA
"1535","slope.2.rConnect.All","rConnect","3","All","2",-0.0067921343141285,NA
"1536","mean.2.rTau1.All","rTau1","4","All","2",1733.6462804209,NA
"1537","min.2.rTau1.All","rTau1","4","All","2",798.097102201655,NA
"1538","max.2.rTau1.All","rTau1","4","All","2",4292.76043591127,NA
"1539","range.2.rTau1.All","rTau1","4","All","2",3494.66333370962,NA
"1540","slope.2.rTau1.All","rTau1","4","All","2",-21.3937665646268,NA
"1541","mean.2.rTau2.All","rTau2","5","All","2",5647992.85213754,NA
"1542","min.2.rTau2.All","rTau2","5","All","2",888924.083420827,NA
"1543","max.2.rTau2.All","rTau2","5","All","2",16257575.2713598,NA
"1544","range.2.rTau2.All","rTau2","5","All","2",15368651.187939,NA
"1545","slope.2.rTau2.All","rTau2","5","All","2",-83838.0362035097,NA
"1546","mean.2.rNPQ.All","rNPQ","6","All","2",0.298242028131603,NA
"1547","min.2.rNPQ.All","rNPQ","6","All","2",0.0821423100731679,NA
"1548","max.2.rNPQ.All","rNPQ","6","All","2",0.74050102933491,NA
"1549","range.2.rNPQ.All","rNPQ","6","All","2",0.658358719261742,NA
"1550","slope.2.rNPQ.All","rNPQ","6","All","2",0.0056166341045522,NA
"1551","mean.2.rqP.All","rqP","7","All","2",0.668226040646537,NA
"1552","min.2.rqP.All","rqP","7","All","2",0.247771646038522,NA
"1553","max.2.rqP.All","rqP","7","All","2",1.38675989428735,NA
"1554","range.2.rqP.All","rqP","7","All","2",1.13898824824883,NA
"1555","slope.2.rqP.All","rqP","7","All","2",0.0149183938549209,NA
"1556","mean.2.rABQ.All","rABQ","8","All","2",0.198383341299864,NA
"1557","min.2.rABQ.All","rABQ","8","All","2",-0.116755685825099,NA
"1558","max.2.rABQ.All","rABQ","8","All","2",0.496764297178605,NA
"1559","range.2.rABQ.All","rABQ","8","All","2",0.613519983003704,NA
"1560","slope.2.rABQ.All","rABQ","8","All","2",-0.0119314278451801,NA
"1561","mean.2.rqm.All","rqm","9","All","2",0.697579795199437,NA
"1562","min.2.rqm.All","rqm","9","All","2",0,NA
"1563","max.2.rqm.All","rqm","9","All","2",0.904011250377375,NA
"1564","range.2.rqm.All","rqm","9","All","2",0.904011250377375,NA
"1565","slope.2.rqm.All","rqm","9","All","2",-0.00891477537581401,NA
"1566","mean.3.rQuant.All","rQuant","1","All","3",0.105637997553852,NA
"1567","min.3.rQuant.All","rQuant","1","All","3",0.0397249882613039,NA
"1568","max.3.rQuant.All","rQuant","1","All","3",0.336553926284602,NA
"1569","range.3.rQuant.All","rQuant","1","All","3",0.296828938023298,NA
"1570","slope.3.rQuant.All","rQuant","1","All","3",0.0030659144342121,NA
"1571","mean.3.rSigma.All","rSigma","2","All","3",3.7249074299098,NA
"1572","min.3.rSigma.All","rSigma","2","All","3",2.70308095968441,NA
"1573","max.3.rSigma.All","rSigma","2","All","3",4.82025116669152,NA
"1574","range.3.rSigma.All","rSigma","2","All","3",2.11717020700711,NA
"1575","slope.3.rSigma.All","rSigma","2","All","3",0.0413957347244332,NA
"1576","mean.3.rConnect.All","rConnect","3","All","3",0.307516502384993,NA
"1577","min.3.rConnect.All","rConnect","3","All","3",0.162475385976998,NA
"1578","max.3.rConnect.All","rConnect","3","All","3",0.556357672776198,NA
"1579","range.3.rConnect.All","rConnect","3","All","3",0.3938822867992,NA
"1580","slope.3.rConnect.All","rConnect","3","All","3",-0.00567882808149904,NA
"1581","mean.3.rTau1.All","rTau1","4","All","3",1489.52795902894,NA
"1582","min.3.rTau1.All","rTau1","4","All","3",698.316990739763,NA
"1583","max.3.rTau1.All","rTau1","4","All","3",2702.78019149144,NA
"1584","range.3.rTau1.All","rTau1","4","All","3",2004.46320075168,NA
"1585","slope.3.rTau1.All","rTau1","4","All","3",-12.8641453832208,NA
"1586","mean.3.rTau2.All","rTau2","5","All","3",6636008.98790533,NA
"1587","min.3.rTau2.All","rTau2","5","All","3",1091983.06892018,NA
"1588","max.3.rTau2.All","rTau2","5","All","3",18163635.0087878,NA
"1589","range.3.rTau2.All","rTau2","5","All","3",17071651.9398676,NA
"1590","slope.3.rTau2.All","rTau2","5","All","3",-84060.5496557478,NA
"1591","mean.3.rNPQ.All","rNPQ","6","All","3",0.316561183620095,NA
"1592","min.3.rNPQ.All","rNPQ","6","All","3",0.0969805034515434,NA
"1593","max.3.rNPQ.All","rNPQ","6","All","3",0.788136608589211,NA
"1594","range.3.rNPQ.All","rNPQ","6","All","3",0.691156105137668,NA
"1595","slope.3.rNPQ.All","rNPQ","6","All","3",0.00558863702116337,NA
"1596","mean.3.rqP.All","rqP","7","All","3",0.68018000305545,NA
"1597","min.3.rqP.All","rqP","7","All","3",0.276848937529957,NA
"1598","max.3.rqP.All","rqP","7","All","3",1.37784116677569,NA
"1599","range.3.rqP.All","rqP","7","All","3",1.10099222924573,NA
"1600","slope.3.rqP.All","rqP","7","All","3",0.0144753798825584,NA
"1601","mean.3.rABQ.All","rABQ","8","All","3",0.1342761871116,NA
"1602","min.3.rABQ.All","rABQ","8","All","3",-0.120297966494432,NA
"1603","max.3.rABQ.All","rABQ","8","All","3",0.371763836015465,NA
"1604","range.3.rABQ.All","rABQ","8","All","3",0.492061802509897,NA
"1605","slope.3.rABQ.All","rABQ","8","All","3",-0.00962098360222094,NA
"1606","mean.3.rqm.All","rqm","9","All","3",0.686118659437298,NA
"1607","min.3.rqm.All","rqm","9","All","3",0,NA
"1608","max.3.rqm.All","rqm","9","All","3",0.881965458849792,NA
"1609","range.3.rqm.All","rqm","9","All","3",0.881965458849792,NA
"1610","slope.3.rqm.All","rqm","9","All","3",-0.00910972713365248,NA
"1611","mean.4.rQuant.All","rQuant","1","All","4",0.108583085893708,NA
"1612","min.4.rQuant.All","rQuant","1","All","4",0.0383542827666893,NA
"1613","max.4.rQuant.All","rQuant","1","All","4",0.333934069006829,NA
"1614","range.4.rQuant.All","rQuant","1","All","4",0.29557978624014,NA
"1615","slope.4.rQuant.All","rQuant","1","All","4",0.00326780924503028,NA
"1616","mean.4.rSigma.All","rSigma","2","All","4",3.62641284272463,NA
"1617","min.4.rSigma.All","rSigma","2","All","4",2.34149544686914,NA
"1618","max.4.rSigma.All","rSigma","2","All","4",4.53545415245213,NA
"1619","range.4.rSigma.All","rSigma","2","All","4",2.19395870558299,NA
"1620","slope.4.rSigma.All","rSigma","2","All","4",0.038744323778399,NA
"1621","mean.4.rConnect.All","rConnect","3","All","4",0.299654977893974,NA
"1622","min.4.rConnect.All","rConnect","3","All","4",0.154980119635248,NA
"1623","max.4.rConnect.All","rConnect","3","All","4",0.520430778352749,NA
"1624","range.4.rConnect.All","rConnect","3","All","4",0.365450658717501,NA
"1625","slope.4.rConnect.All","rConnect","3","All","4",-0.00291187211535994,NA
"1626","mean.4.rTau1.All","rTau1","4","All","4",1186.16736622036,NA
"1627","min.4.rTau1.All","rTau1","4","All","4",557.74824109879,NA
"1628","max.4.rTau1.All","rTau1","4","All","4",1775.01357979783,NA
"1629","range.4.rTau1.All","rTau1","4","All","4",1217.26533869904,NA
"1630","slope.4.rTau1.All","rTau1","4","All","4",-5.57381035206819,NA
"1631","mean.4.rTau2.All","rTau2","5","All","4",6531152.76118294,NA
"1632","min.4.rTau2.All","rTau2","5","All","4",1223965.08675388,NA
"1633","max.4.rTau2.All","rTau2","5","All","4",21555334.9966992,NA
"1634","range.4.rTau2.All","rTau2","5","All","4",20331369.9099453,NA
"1635","slope.4.rTau2.All","rTau2","5","All","4",-87686.3303952737,NA
"1636","mean.4.rNPQ.All","rNPQ","6","All","4",0.344311902055491,NA
"1637","min.4.rNPQ.All","rNPQ","6","All","4",0.127980154925469,NA
"1638","max.4.rNPQ.All","rNPQ","6","All","4",0.826062566823507,NA
"1639","range.4.rNPQ.All","rNPQ","6","All","4",0.698082411898038,NA
"1640","slope.4.rNPQ.All","rNPQ","6","All","4",0.00558753056446289,NA
"1641","mean.4.rqP.All","rqP","7","All","4",0.695422979895292,NA
"1642","min.4.rqP.All","rqP","7","All","4",0.320066907402451,NA
"1643","max.4.rqP.All","rqP","7","All","4",1.35079891547646,NA
"1644","range.4.rqP.All","rqP","7","All","4",1.03073200807401,NA
"1645","slope.4.rqP.All","rqP","7","All","4",0.0138458832163588,NA
"1646","mean.4.rABQ.All","rABQ","8","All","4",0.0373596346473888,NA
"1647","min.4.rABQ.All","rABQ","8","All","4",-0.203947656184733,NA
"1648","max.4.rABQ.All","rABQ","8","All","4",0.378444173291622,NA
"1649","range.4.rABQ.All","rABQ","8","All","4",0.582391829476355,NA
"1650","slope.4.rABQ.All","rABQ","8","All","4",-0.0102847777169671,NA
"1651","mean.4.rqm.All","rqm","9","All","4",0.674836753803974,NA
"1652","min.4.rqm.All","rqm","9","All","4",0,NA
"1653","max.4.rqm.All","rqm","9","All","4",0.885144145726847,NA
"1654","range.4.rqm.All","rqm","9","All","4",0.885144145726847,NA
"1655","slope.4.rqm.All","rqm","9","All","4",-0.00978579171256544,NA
"1656","mean.1.rQuant.L1","rQuant","1","L1","1",0.0460347785444994,NA
"1657","min.1.rQuant.L1","rQuant","1","L1","1",0.0411528693349337,NA
"1658","max.1.rQuant.L1","rQuant","1","L1","1",0.0597813755596301,NA
"1659","range.1.rQuant.L1","rQuant","1","L1","1",0.0186285062246964,NA
"1660","slope.1.rQuant.L1","rQuant","1","L1","1",0.00248608338486697,NA
"1661","mean.1.rSigma.L1","rSigma","2","L1","1",3.54354767107308,NA
"1662","min.1.rSigma.L1","rSigma","2","L1","1",3.00575152081842,NA
"1663","max.1.rSigma.L1","rSigma","2","L1","1",4.06588882202317,NA
"1664","range.1.rSigma.L1","rSigma","2","L1","1",1.06013730120475,NA
"1665","slope.1.rSigma.L1","rSigma","2","L1","1",0.134359939418368,NA
"1666","mean.1.rConnect.L1","rConnect","3","L1","1",0.378344722799975,NA
"1667","min.1.rConnect.L1","rConnect","3","L1","1",0.194338169468187,NA
"1668","max.1.rConnect.L1","rConnect","3","L1","1",0.532207448119665,NA
"1669","range.1.rConnect.L1","rConnect","3","L1","1",0.337869278651478,NA
"1670","slope.1.rConnect.L1","rConnect","3","L1","1",-0.0424666822479312,NA
"1671","mean.1.rTau1.L1","rTau1","4","L1","1",2547.28892609966,NA
"1672","min.1.rTau1.L1","rTau1","4","L1","1",1347.98102720507,NA
"1673","max.1.rTau1.L1","rTau1","4","L1","1",5724.29820286041,NA
"1674","range.1.rTau1.L1","rTau1","4","L1","1",4376.31717565534,NA
"1675","slope.1.rTau1.L1","rTau1","4","L1","1",-492.157426817286,NA
"1676","mean.1.rTau2.L1","rTau2","5","L1","1",10410661.6621521,NA
"1677","min.1.rTau2.L1","rTau2","5","L1","1",4616501.82496408,NA
"1678","max.1.rTau2.L1","rTau2","5","L1","1",16529579.755212,NA
"1679","range.1.rTau2.L1","rTau2","5","L1","1",11913077.9302479,NA
"1680","slope.1.rTau2.L1","rTau2","5","L1","1",1285401.16499782,NA
"1681","mean.1.rNPQ.L1","rNPQ","6","L1","1",0.153895232949346,NA
"1682","min.1.rNPQ.L1","rNPQ","6","L1","1",0.0728176466016452,NA
"1683","max.1.rNPQ.L1","rNPQ","6","L1","1",0.244075937952498,NA
"1684","range.1.rNPQ.L1","rNPQ","6","L1","1",0.171258291350853,NA
"1685","slope.1.rNPQ.L1","rNPQ","6","L1","1",0.0297541052869805,NA
"1686","mean.1.rqP.L1","rqP","7","L1","1",0.382882204586258,NA
"1687","min.1.rqP.L1","rqP","7","L1","1",0.241578613893251,NA
"1688","max.1.rqP.L1","rqP","7","L1","1",0.547451707495749,NA
"1689","range.1.rqP.L1","rqP","7","L1","1",0.305873093602498,NA
"1690","slope.1.rqP.L1","rqP","7","L1","1",0.0523566409541318,NA
"1691","mean.1.rABQ.L1","rABQ","8","L1","1",0.27622845831328,NA
"1692","min.1.rABQ.L1","rABQ","8","L1","1",0.169539993756775,NA
"1693","max.1.rABQ.L1","rABQ","8","L1","1",0.386073614894771,NA
"1694","range.1.rABQ.L1","rABQ","8","L1","1",0.216533621137996,NA
"1695","slope.1.rABQ.L1","rABQ","8","L1","1",-0.0274430908006715,NA
"1696","mean.1.rqm.L1","rqm","9","L1","1",0.869663084579728,NA
"1697","min.1.rqm.L1","rqm","9","L1","1",0.83074274849631,NA
"1698","max.1.rqm.L1","rqm","9","L1","1",0.883485090633728,NA
"1699","range.1.rqm.L1","rqm","9","L1","1",0.052742342137418,NA
"1700","slope.1.rqm.L1","rqm","9","L1","1",-0.00703877481560872,NA
"1701","mean.2.rQuant.L1","rQuant","1","L1","2",0.0402820374557741,NA
"1702","min.2.rQuant.L1","rQuant","1","L1","2",0.0322980948623373,NA
"1703","max.2.rQuant.L1","rQuant","1","L1","2",0.0511040757525692,NA
"1704","range.2.rQuant.L1","rQuant","1","L1","2",0.0188059808902319,NA
"1705","slope.2.rQuant.L1","rQuant","1","L1","2",0.00244411457235923,NA
"1706","mean.2.rSigma.L1","rSigma","2","L1","2",3.03091113191245,NA
"1707","min.2.rSigma.L1","rSigma","2","L1","2",2.42864578943617,NA
"1708","max.2.rSigma.L1","rSigma","2","L1","2",3.81200903422621,NA
"1709","range.2.rSigma.L1","rSigma","2","L1","2",1.38336324479004,NA
"1710","slope.2.rSigma.L1","rSigma","2","L1","2",0.230455614407444,NA
"1711","mean.2.rConnect.L1","rConnect","3","L1","2",0.478239155820639,NA
"1712","min.2.rConnect.L1","rConnect","3","L1","2",0.270539343001408,NA
"1713","max.2.rConnect.L1","rConnect","3","L1","2",0.679296464063697,NA
"1714","range.2.rConnect.L1","rConnect","3","L1","2",0.408757121062289,NA
"1715","slope.2.rConnect.L1","rConnect","3","L1","2",-0.0336237746006494,NA
"1716","mean.2.rTau1.L1","rTau1","4","L1","2",2164.03120597386,NA
"1717","min.2.rTau1.L1","rTau1","4","L1","2",1180.3233995396,NA
"1718","max.2.rTau1.L1","rTau1","4","L1","2",4292.76043591127,NA
"1719","range.2.rTau1.L1","rTau1","4","L1","2",3112.43703637167,NA
"1720","slope.2.rTau1.L1","rTau1","4","L1","2",-403.776422703455,NA
"1721","mean.2.rTau2.L1","rTau2","5","L1","2",7800245.46699392,NA
"1722","min.2.rTau2.L1","rTau2","5","L1","2",4439377.20834686,NA
"1723","max.2.rTau2.L1","rTau2","5","L1","2",13267818.0053179,NA
"1724","range.2.rTau2.L1","rTau2","5","L1","2",8828440.79697104,NA
"1725","slope.2.rTau2.L1","rTau2","5","L1","2",1027315.27735422,NA
"1726","mean.2.rNPQ.L1","rNPQ","6","L1","2",0.175905532304836,NA
"1727","min.2.rNPQ.L1","rNPQ","6","L1","2",0.0821423100731679,NA
"1728","max.2.rNPQ.L1","rNPQ","6","L1","2",0.273731425809321,NA
"1729","range.2.rNPQ.L1","rNPQ","6","L1","2",0.191589115736153,NA
"1730","slope.2.rNPQ.L1","rNPQ","6","L1","2",0.0326201354613234,NA
"1731","mean.2.rqP.L1","rqP","7","L1","2",0.405856080425116,NA
"1732","min.2.rqP.L1","rqP","7","L1","2",0.247771646038522,NA
"1733","max.2.rqP.L1","rqP","7","L1","2",0.571549654336697,NA
"1734","range.2.rqP.L1","rqP","7","L1","2",0.323778008298175,NA
"1735","slope.2.rqP.L1","rqP","7","L1","2",0.0553588233995476,NA
"1736","mean.2.rABQ.L1","rABQ","8","L1","2",0.371969885319814,NA
"1737","min.2.rABQ.L1","rABQ","8","L1","2",0.210119872628405,NA
"1738","max.2.rABQ.L1","rABQ","8","L1","2",0.496764297178605,NA
"1739","range.2.rABQ.L1","rABQ","8","L1","2",0.2866444245502,NA
"1740","slope.2.rABQ.L1","rABQ","8","L1","2",-0.0477523291333442,NA
"1741","mean.2.rqm.L1","rqm","9","L1","2",0.880283266734089,NA
"1742","min.2.rqm.L1","rqm","9","L1","2",0.848120567079353,NA
"1743","max.2.rqm.L1","rqm","9","L1","2",0.904011250377375,NA
"1744","range.2.rqm.L1","rqm","9","L1","2",0.0558906832980219,NA
"1745","slope.2.rqm.L1","rqm","9","L1","2",-0.00726381858543535,NA
"1746","mean.3.rQuant.L1","rQuant","1","L1","3",0.0440885218772892,NA
"1747","min.3.rQuant.L1","rQuant","1","L1","3",0.0397249882613039,NA
"1748","max.3.rQuant.L1","rQuant","1","L1","3",0.0526355343757648,NA
"1749","range.3.rQuant.L1","rQuant","1","L1","3",0.0129105461144609,NA
"1750","slope.3.rQuant.L1","rQuant","1","L1","3",0.00147502860656966,NA
"1751","mean.3.rSigma.L1","rSigma","2","L1","3",3.06151057567134,NA
"1752","min.3.rSigma.L1","rSigma","2","L1","3",2.72701994221742,NA
"1753","max.3.rSigma.L1","rSigma","2","L1","3",3.45096877739456,NA
"1754","range.3.rSigma.L1","rSigma","2","L1","3",0.72394883517714,NA
"1755","slope.3.rSigma.L1","rSigma","2","L1","3",0.132897241740227,NA
"1756","mean.3.rConnect.L1","rConnect","3","L1","3",0.394844558120249,NA
"1757","min.3.rConnect.L1","rConnect","3","L1","3",0.31499206918098,NA
"1758","max.3.rConnect.L1","rConnect","3","L1","3",0.556357672776198,NA
"1759","range.3.rConnect.L1","rConnect","3","L1","3",0.241365603595218,NA
"1760","slope.3.rConnect.L1","rConnect","3","L1","3",-0.034913275424516,NA
"1761","mean.3.rTau1.L1","rTau1","4","L1","3",1778.21999762171,NA
"1762","min.3.rTau1.L1","rTau1","4","L1","3",1113.0004127108,NA
"1763","max.3.rTau1.L1","rTau1","4","L1","3",2702.78019149144,NA
"1764","range.3.rTau1.L1","rTau1","4","L1","3",1589.77977878064,NA
"1765","slope.3.rTau1.L1","rTau1","4","L1","3",-194.080327739678,NA
"1766","mean.3.rTau2.L1","rTau2","5","L1","3",8964889.46460999,NA
"1767","min.3.rTau2.L1","rTau2","5","L1","3",4403865.90330468,NA
"1768","max.3.rTau2.L1","rTau2","5","L1","3",16817803.3598757,NA
"1769","range.3.rTau2.L1","rTau2","5","L1","3",12413937.456571,NA
"1770","slope.3.rTau2.L1","rTau2","5","L1","3",1171492.35074535,NA
"1771","mean.3.rNPQ.L1","rNPQ","6","L1","3",0.189638878791513,NA
"1772","min.3.rNPQ.L1","rNPQ","6","L1","3",0.0969805034515434,NA
"1773","max.3.rNPQ.L1","rNPQ","6","L1","3",0.292177174866285,NA
"1774","range.3.rNPQ.L1","rNPQ","6","L1","3",0.195196671414742,NA
"1775","slope.3.rNPQ.L1","rNPQ","6","L1","3",0.0334153296488163,NA
"1776","mean.3.rqP.L1","rqP","7","L1","3",0.424490623817103,NA
"1777","min.3.rqP.L1","rqP","7","L1","3",0.276848937529957,NA
"1778","max.3.rqP.L1","rqP","7","L1","3",0.584558540749552,NA
"1779","range.3.rqP.L1","rqP","7","L1","3",0.307709603219595,NA
"1780","slope.3.rqP.L1","rqP","7","L1","3",0.0519892449049095,NA
"1781","mean.3.rABQ.L1","rABQ","8","L1","3",0.288459469492766,NA
"1782","min.3.rABQ.L1","rABQ","8","L1","3",0.197943598776309,NA
"1783","max.3.rABQ.L1","rABQ","8","L1","3",0.366200060908268,NA
"1784","range.3.rABQ.L1","rABQ","8","L1","3",0.168256462131959,NA
"1785","slope.3.rABQ.L1","rABQ","8","L1","3",-0.0308872929077022,NA
"1786","mean.3.rqm.L1","rqm","9","L1","3",0.869000126178869,NA
"1787","min.3.rqm.L1","rqm","9","L1","3",0.843604456032243,NA
"1788","max.3.rqm.L1","rqm","9","L1","3",0.881965458849792,NA
"1789","range.3.rqm.L1","rqm","9","L1","3",0.0383610028175491,NA
"1790","slope.3.rqm.L1","rqm","9","L1","3",-0.00438274074782985,NA
"1791","mean.4.rQuant.L1","rQuant","1","L1","4",0.0453092920098964,NA
"1792","min.4.rQuant.L1","rQuant","1","L1","4",0.0383542827666893,NA
"1793","max.4.rQuant.L1","rQuant","1","L1","4",0.0574827469169407,NA
"1794","range.4.rQuant.L1","rQuant","1","L1","4",0.0191284641502514,NA
"1795","slope.4.rQuant.L1","rQuant","1","L1","4",0.00269315859074676,NA
"1796","mean.4.rSigma.L1","rSigma","2","L1","4",3.09279920478043,NA
"1797","min.4.rSigma.L1","rSigma","2","L1","4",2.34149544686914,NA
"1798","max.4.rSigma.L1","rSigma","2","L1","4",3.82085864000874,NA
"1799","range.4.rSigma.L1","rSigma","2","L1","4",1.4793631931396,NA
"1800","slope.4.rSigma.L1","rSigma","2","L1","4",0.220744953386174,NA
"1801","mean.4.rConnect.L1","rConnect","3","L1","4",0.313236618393691,NA
"1802","min.4.rConnect.L1","rConnect","3","L1","4",0.154980119635248,NA
"1803","max.4.rConnect.L1","rConnect","3","L1","4",0.520430778352749,NA
"1804","range.4.rConnect.L1","rConnect","3","L1","4",0.365450658717501,NA
"1805","slope.4.rConnect.L1","rConnect","3","L1","4",-0.0571425239405396,NA
"1806","mean.4.rTau1.L1","rTau1","4","L1","4",1339.74220338113,NA
"1807","min.4.rTau1.L1","rTau1","4","L1","4",934.998985011617,NA
"1808","max.4.rTau1.L1","rTau1","4","L1","4",1775.01357979783,NA
"1809","range.4.rTau1.L1","rTau1","4","L1","4",840.014594786213,NA
"1810","slope.4.rTau1.L1","rTau1","4","L1","4",-143.748854632509,NA
"1811","mean.4.rTau2.L1","rTau2","5","L1","4",8550030.48149891,NA
"1812","min.4.rTau2.L1","rTau2","5","L1","4",4437325.61217527,NA
"1813","max.4.rTau2.L1","rTau2","5","L1","4",21555334.9966992,NA
"1814","range.4.rTau2.L1","rTau2","5","L1","4",17118009.3845239,NA
"1815","slope.4.rTau2.L1","rTau2","5","L1","4",802930.565602061,NA
"1816","mean.4.rNPQ.L1","rNPQ","6","L1","4",0.21675979089381,NA
"1817","min.4.rNPQ.L1","rNPQ","6","L1","4",0.127980154925469,NA
"1818","max.4.rNPQ.L1","rNPQ","6","L1","4",0.312754540704845,NA
"1819","range.4.rNPQ.L1","rNPQ","6","L1","4",0.184774385779376,NA
"1820","slope.4.rNPQ.L1","rNPQ","6","L1","4",0.0319989726639521,NA
"1821","mean.4.rqP.L1","rqP","7","L1","4",0.452850585867836,NA
"1822","min.4.rqP.L1","rqP","7","L1","4",0.320066907402451,NA
"1823","max.4.rqP.L1","rqP","7","L1","4",0.599716853627682,NA
"1824","range.4.rqP.L1","rqP","7","L1","4",0.279649946225231,NA
"1825","slope.4.rqP.L1","rqP","7","L1","4",0.0484477808197925,NA
"1826","mean.4.rABQ.L1","rABQ","8","L1","4",0.179008710377498,NA
"1827","min.4.rABQ.L1","rABQ","8","L1","4",-0.0142564889041217,NA
"1828","max.4.rABQ.L1","rABQ","8","L1","4",0.378444173291622,NA
"1829","range.4.rABQ.L1","rABQ","8","L1","4",0.392700662195744,NA
"1830","slope.4.rABQ.L1","rABQ","8","L1","4",-0.0585973003608038,NA
"1831","mean.4.rqm.L1","rqm","9","L1","4",0.864316653450026,NA
"1832","min.4.rqm.L1","rqm","9","L1","4",0.827861987583647,NA
"1833","max.4.rqm.L1","rqm","9","L1","4",0.885144145726847,NA
"1834","range.4.rqm.L1","rqm","9","L1","4",0.0572821581431999,NA
"1835","slope.4.rqm.L1","rqm","9","L1","4",-0.00806494107880817,NA
"1836","mean.1.rQuant.L2","rQuant","1","L2","1",0.113978023208866,NA
"1837","min.1.rQuant.L2","rQuant","1","L2","1",0.0950587313387153,NA
"1838","max.1.rQuant.L2","rQuant","1","L2","1",0.130071275492986,NA
"1839","range.1.rQuant.L2","rQuant","1","L2","1",0.0350125441542707,NA
"1840","slope.1.rQuant.L2","rQuant","1","L2","1",0.00675129155524182,NA
"1841","mean.1.rSigma.L2","rSigma","2","L2","1",4.92532485952637,NA
"1842","min.1.rSigma.L2","rSigma","2","L2","1",4.6288394720914,NA
"1843","max.1.rSigma.L2","rSigma","2","L2","1",5.14918470263836,NA
"1844","range.1.rSigma.L2","rSigma","2","L2","1",0.52034523054696,NA
"1845","slope.1.rSigma.L2","rSigma","2","L2","1",0.0659920268699191,NA
"1846","mean.1.rConnect.L2","rConnect","3","L2","1",0.259210879165837,NA
"1847","min.1.rConnect.L2","rConnect","3","L2","1",0.216067067744061,NA
"1848","max.1.rConnect.L2","rConnect","3","L2","1",0.293664594734916,NA
"1849","range.1.rConnect.L2","rConnect","3","L2","1",0.077597526990855,NA
"1850","slope.1.rConnect.L2","rConnect","3","L2","1",-0.00502417040308996,NA
"1851","mean.1.rTau1.L2","rTau1","4","L2","1",1695.17977350566,NA
"1852","min.1.rTau1.L2","rTau1","4","L2","1",1446.6539188777,NA
"1853","max.1.rTau1.L2","rTau1","4","L2","1",1867.59293113321,NA
"1854","range.1.rTau1.L2","rTau1","4","L2","1",420.93901225551,NA
"1855","slope.1.rTau1.L2","rTau1","4","L2","1",33.5623805729104,NA
"1856","mean.1.rTau2.L2","rTau2","5","L2","1",3558551.19022043,NA
"1857","min.1.rTau2.L2","rTau2","5","L2","1",2956613.83569331,NA
"1858","max.1.rTau2.L2","rTau2","5","L2","1",3796571.087231,NA
"1859","range.1.rTau2.L2","rTau2","5","L2","1",839957.25153769,NA
"1860","slope.1.rTau2.L2","rTau2","5","L2","1",-97461.3049933511,NA
"1861","mean.1.rNPQ.L2","rNPQ","6","L2","1",0.248136888658105,NA
"1862","min.1.rNPQ.L2","rNPQ","6","L2","1",0.226142220230992,NA
"1863","max.1.rNPQ.L2","rNPQ","6","L2","1",0.280276952272289,NA
"1864","range.1.rNPQ.L2","rNPQ","6","L2","1",0.054134732041297,NA
"1865","slope.1.rNPQ.L2","rNPQ","6","L2","1",-0.00981000941762757,NA
"1866","mean.1.rqP.L2","rqP","7","L2","1",0.650268985878431,NA
"1867","min.1.rqP.L2","rqP","7","L2","1",0.645353678388174,NA
"1868","max.1.rqP.L2","rqP","7","L2","1",0.657111305386252,NA
"1869","range.1.rqP.L2","rqP","7","L2","1",0.0117576269980779,NA
"1870","slope.1.rqP.L2","rqP","7","L2","1",-0.000357953408429177,NA
"1871","mean.1.rABQ.L2","rABQ","8","L2","1",-0.00600028496521041,NA
"1872","min.1.rABQ.L2","rABQ","8","L2","1",-0.0517237798383163,NA
"1873","max.1.rABQ.L2","rABQ","8","L2","1",0.0545570168888395,NA
"1874","range.1.rABQ.L2","rABQ","8","L2","1",0.106280796727156,NA
"1875","slope.1.rABQ.L2","rABQ","8","L2","1",-0.0134789074284443,NA
"1876","mean.1.rqm.L2","rqm","9","L2","1",0.677297372976747,NA
"1877","min.1.rqm.L2","rqm","9","L2","1",0.631733020804076,NA
"1878","max.1.rqm.L2","rqm","9","L2","1",0.730863007965249,NA
"1879","range.1.rqm.L2","rqm","9","L2","1",0.0991299871611729,NA
"1880","slope.1.rqm.L2","rqm","9","L2","1",-0.0191147333436729,NA
"1881","mean.2.rQuant.L2","rQuant","1","L2","2",0.109884607713777,NA
"1882","min.2.rQuant.L2","rQuant","1","L2","2",0.0921534765219529,NA
"1883","max.2.rQuant.L2","rQuant","1","L2","2",0.126390918234284,NA
"1884","range.2.rQuant.L2","rQuant","1","L2","2",0.0342374417123311,NA
"1885","slope.2.rQuant.L2","rQuant","1","L2","2",0.00673400479863645,NA
"1886","mean.2.rSigma.L2","rSigma","2","L2","2",4.42766240807635,NA
"1887","min.2.rSigma.L2","rSigma","2","L2","2",4.26705608698821,NA
"1888","max.2.rSigma.L2","rSigma","2","L2","2",4.50707371801296,NA
"1889","range.2.rSigma.L2","rSigma","2","L2","2",0.240017631024751,NA
"1890","slope.2.rSigma.L2","rSigma","2","L2","2",0.0371538569721151,NA
"1891","mean.2.rConnect.L2","rConnect","3","L2","2",0.236418935652426,NA
"1892","min.2.rConnect.L2","rConnect","3","L2","2",0.19074084364674,NA
"1893","max.2.rConnect.L2","rConnect","3","L2","2",0.268439286154993,NA
"1894","range.2.rConnect.L2","rConnect","3","L2","2",0.077698442508253,NA
"1895","slope.2.rConnect.L2","rConnect","3","L2","2",0.00422263906690309,NA
"1896","mean.2.rTau1.L2","rTau1","4","L2","2",1768.46779018485,NA
"1897","min.2.rTau1.L2","rTau1","4","L2","2",1667.17434675956,NA
"1898","max.2.rTau1.L2","rTau1","4","L2","2",1958.1510714472,NA
"1899","range.2.rTau1.L2","rTau1","4","L2","2",290.97672468764,NA
"1900","slope.2.rTau1.L2","rTau1","4","L2","2",-20.3845032538258,NA
"1901","mean.2.rTau2.L2","rTau2","5","L2","2",3364905.76269547,NA
"1902","min.2.rTau2.L2","rTau2","5","L2","2",2694915.70703008,NA
"1903","max.2.rTau2.L2","rTau2","5","L2","2",4747878.9250772,NA
"1904","range.2.rTau2.L2","rTau2","5","L2","2",2052963.21804712,NA
"1905","slope.2.rTau2.L2","rTau2","5","L2","2",-345989.131010023,NA
"1906","mean.2.rNPQ.L2","rNPQ","6","L2","2",0.265102192248001,NA
"1907","min.2.rNPQ.L2","rNPQ","6","L2","2",0.239933690645257,NA
"1908","max.2.rNPQ.L2","rNPQ","6","L2","2",0.300189257026863,NA
"1909","range.2.rNPQ.L2","rNPQ","6","L2","2",0.060255566381606,NA
"1910","slope.2.rNPQ.L2","rNPQ","6","L2","2",-0.0115322328086532,NA
"1911","mean.2.rqP.L2","rqP","7","L2","2",0.664216365952778,NA
"1912","min.2.rqP.L2","rqP","7","L2","2",0.659794640284298,NA
"1913","max.2.rqP.L2","rqP","7","L2","2",0.676281306641997,NA
"1914","range.2.rqP.L2","rqP","7","L2","2",0.016486666357699,NA
"1915","slope.2.rqP.L2","rqP","7","L2","2",-0.00240961086065249,NA
"1916","mean.2.rABQ.L2","rABQ","8","L2","2",0.082551348790366,NA
"1917","min.2.rABQ.L2","rABQ","8","L2","2",0.0660966617620066,NA
"1918","max.2.rABQ.L2","rABQ","8","L2","2",0.115830320644518,NA
"1919","range.2.rABQ.L2","rABQ","8","L2","2",0.0497336588825114,NA
"1920","slope.2.rABQ.L2","rABQ","8","L2","2",-0.00769858964498438,NA
"1921","mean.2.rqm.L2","rqm","9","L2","2",0.673426988738032,NA
"1922","min.2.rqm.L2","rqm","9","L2","2",0.624370841169595,NA
"1923","max.2.rqm.L2","rqm","9","L2","2",0.726123258278148,NA
"1924","range.2.rqm.L2","rqm","9","L2","2",0.101752417108553,NA
"1925","slope.2.rqm.L2","rqm","9","L2","2",-0.0200132145047237,NA
"1926","mean.3.rQuant.L2","rQuant","1","L2","3",0.113279802938743,NA
"1927","min.3.rQuant.L2","rQuant","1","L2","3",0.0958662270628913,NA
"1928","max.3.rQuant.L2","rQuant","1","L2","3",0.125585617345501,NA
"1929","range.3.rQuant.L2","rQuant","1","L2","3",0.0297193902826097,NA
"1930","slope.3.rQuant.L2","rQuant","1","L2","3",0.0059552738283571,NA
"1931","mean.3.rSigma.L2","rSigma","2","L2","3",4.24706208672934,NA
"1932","min.3.rSigma.L2","rSigma","2","L2","3",4.13918847907066,NA
"1933","max.3.rSigma.L2","rSigma","2","L2","3",4.42114242384366,NA
"1934","range.3.rSigma.L2","rSigma","2","L2","3",0.281953944773,NA
"1935","slope.3.rSigma.L2","rSigma","2","L2","3",0.0231616660095078,NA
"1936","mean.3.rConnect.L2","rConnect","3","L2","3",0.236511955854483,NA
"1937","min.3.rConnect.L2","rConnect","3","L2","3",0.162475385976998,NA
"1938","max.3.rConnect.L2","rConnect","3","L2","3",0.28529151529421,NA
"1939","range.3.rConnect.L2","rConnect","3","L2","3",0.122816129317212,NA
"1940","slope.3.rConnect.L2","rConnect","3","L2","3",0.0125033284581157,NA
"1941","mean.3.rTau1.L2","rTau1","4","L2","3",1523.03593487819,NA
"1942","min.3.rTau1.L2","rTau1","4","L2","3",1459.55032590391,NA
"1943","max.3.rTau1.L2","rTau1","4","L2","3",1656.99858451467,NA
"1944","range.3.rTau1.L2","rTau1","4","L2","3",197.44825861076,NA
"1945","slope.3.rTau1.L2","rTau1","4","L2","3",5.19709483994031,NA
"1946","mean.3.rTau2.L2","rTau2","5","L2","3",4028123.05539992,NA
"1947","min.3.rTau2.L2","rTau2","5","L2","3",2977998.8286883,NA
"1948","max.3.rTau2.L2","rTau2","5","L2","3",5012247.59082498,NA
"1949","range.3.rTau2.L2","rTau2","5","L2","3",2034248.76213668,NA
"1950","slope.3.rTau2.L2","rTau2","5","L2","3",-393277.595396997,NA
"1951","mean.3.rNPQ.L2","rNPQ","6","L2","3",0.2859405060927,NA
"1952","min.3.rNPQ.L2","rNPQ","6","L2","3",0.26320830318331,NA
"1953","max.3.rNPQ.L2","rNPQ","6","L2","3",0.318791457974157,NA
"1954","range.3.rNPQ.L2","rNPQ","6","L2","3",0.055583154790847,NA
"1955","slope.3.rNPQ.L2","rNPQ","6","L2","3",-0.0109038123366988,NA
"1956","mean.3.rqP.L2","rqP","7","L2","3",0.680007673754239,NA
"1957","min.3.rqP.L2","rqP","7","L2","3",0.67423501723674,NA
"1958","max.3.rqP.L2","rqP","7","L2","3",0.688779803188261,NA
"1959","range.3.rqP.L2","rqP","7","L2","3",0.0145447859515211,NA
"1960","slope.3.rqP.L2","rqP","7","L2","3",-0.00265027559943633,NA
"1961","mean.3.rABQ.L2","rABQ","8","L2","3",0.012919689285774,NA
"1962","min.3.rABQ.L2","rABQ","8","L2","3",-0.0275391666807896,NA
"1963","max.3.rABQ.L2","rABQ","8","L2","3",0.0379911179560334,NA
"1964","range.3.rABQ.L2","rABQ","8","L2","3",0.065530284636823,NA
"1965","slope.3.rABQ.L2","rABQ","8","L2","3",-0.0053831152016264,NA
"1966","mean.3.rqm.L2","rqm","9","L2","3",0.663412623975899,NA
"1967","min.3.rqm.L2","rqm","9","L2","3",0.62684845566383,NA
"1968","max.3.rqm.L2","rqm","9","L2","3",0.715153443249913,NA
"1969","range.3.rqm.L2","rqm","9","L2","3",0.0883049875860831,NA
"1970","slope.3.rqm.L2","rqm","9","L2","3",-0.0176948576832856,NA
"1971","mean.4.rQuant.L2","rQuant","1","L2","4",0.118113578671856,NA
"1972","min.4.rQuant.L2","rQuant","1","L2","4",0.100192522030948,NA
"1973","max.4.rQuant.L2","rQuant","1","L2","4",0.131139308185608,NA
"1974","range.4.rQuant.L2","rQuant","1","L2","4",0.03094678615466,NA
"1975","slope.4.rQuant.L2","rQuant","1","L2","4",0.00653067693669132,NA
"1976","mean.4.rSigma.L2","rSigma","2","L2","4",4.06791245982304,NA
"1977","min.4.rSigma.L2","rSigma","2","L2","4",3.90332827425201,NA
"1978","max.4.rSigma.L2","rSigma","2","L2","4",4.24229143514493,NA
"1979","range.4.rSigma.L2","rSigma","2","L2","4",0.33896316089292,NA
"1980","slope.4.rSigma.L2","rSigma","2","L2","4",-0.00991221094363308,NA
"1981","mean.4.rConnect.L2","rConnect","3","L2","4",0.274381275197954,NA
"1982","min.4.rConnect.L2","rConnect","3","L2","4",0.205470661046259,NA
"1983","max.4.rConnect.L2","rConnect","3","L2","4",0.335727732472223,NA
"1984","range.4.rConnect.L2","rConnect","3","L2","4",0.130257071425964,NA
"1985","slope.4.rConnect.L2","rConnect","3","L2","4",-0.0138604880303943,NA
"1986","mean.4.rTau1.L2","rTau1","4","L2","4",1223.90472106357,NA
"1987","min.4.rTau1.L2","rTau1","4","L2","4",1099.99451001215,NA
"1988","max.4.rTau1.L2","rTau1","4","L2","4",1307.47282581301,NA
"1989","range.4.rTau1.L2","rTau1","4","L2","4",207.47831580086,NA
"1990","slope.4.rTau1.L2","rTau1","4","L2","4",-5.27160649487411,NA
"1991","mean.4.rTau2.L2","rTau2","5","L2","4",4113585.47051292,NA
"1992","min.4.rTau2.L2","rTau2","5","L2","4",3313567.65202486,NA
"1993","max.4.rTau2.L2","rTau2","5","L2","4",5777341.77060249,NA
"1994","range.4.rTau2.L2","rTau2","5","L2","4",2463774.11857763,NA
"1995","slope.4.rTau2.L2","rTau2","5","L2","4",-389349.520237699,NA
"1996","mean.4.rNPQ.L2","rNPQ","6","L2","4",0.312072104475709,NA
"1997","min.4.rNPQ.L2","rNPQ","6","L2","4",0.289364139641428,NA
"1998","max.4.rNPQ.L2","rNPQ","6","L2","4",0.341246056279101,NA
"1999","range.4.rNPQ.L2","rNPQ","6","L2","4",0.051881916637673,NA
"2000","slope.4.rNPQ.L2","rNPQ","6","L2","4",-0.0112404899092054,NA
"2001","mean.4.rqP.L2","rqP","7","L2","4",0.697136859365582,NA
"2002","min.4.rqP.L2","rqP","7","L2","4",0.693495426256935,NA
"2003","max.4.rqP.L2","rqP","7","L2","4",0.703162219912111,NA
"2004","range.4.rqP.L2","rqP","7","L2","4",0.00966679365517598,NA
"2005","slope.4.rqP.L2","rqP","7","L2","4",-0.00165427436139033,NA
"2006","mean.4.rABQ.L2","rABQ","8","L2","4",-0.0798375437045753,NA
"2007","min.4.rABQ.L2","rABQ","8","L2","4",-0.126126879142611,NA
"2008","max.4.rABQ.L2","rABQ","8","L2","4",-0.0361482597204832,NA
"2009","range.4.rABQ.L2","rABQ","8","L2","4",0.0899786194221278,NA
"2010","slope.4.rABQ.L2","rABQ","8","L2","4",0.00263122120344778,NA
"2011","mean.4.rqm.L2","rqm","9","L2","4",0.646296710535872,NA
"2012","min.4.rqm.L2","rqm","9","L2","4",0.607289820485714,NA
"2013","max.4.rqm.L2","rqm","9","L2","4",0.69996316240228,NA
"2014","range.4.rqm.L2","rqm","9","L2","4",0.092673341916566,NA
"2015","slope.4.rqm.L2","rqm","9","L2","4",-0.0195567854340666,NA
"2016","mean.1.rQuant.L3","rQuant","1","L3","1",0.051948538673181,NA
"2017","min.1.rQuant.L3","rQuant","1","L3","1",0.0430298505801937,NA
"2018","max.1.rQuant.L3","rQuant","1","L3","1",0.0607415416374184,NA
"2019","range.1.rQuant.L3","rQuant","1","L3","1",0.0177116910572247,NA
"2020","slope.1.rQuant.L3","rQuant","1","L3","1",0.00298414164988087,NA
"2021","mean.1.rSigma.L3","rSigma","2","L3","1",3.53093449860495,NA
"2022","min.1.rSigma.L3","rSigma","2","L3","1",3.30805001222249,NA
"2023","max.1.rSigma.L3","rSigma","2","L3","1",3.68630434315338,NA
"2024","range.1.rSigma.L3","rSigma","2","L3","1",0.37825433093089,NA
"2025","slope.1.rSigma.L3","rSigma","2","L3","1",0.0525298290699504,NA
"2026","mean.1.rConnect.L3","rConnect","3","L3","1",0.290742247654274,NA
"2027","min.1.rConnect.L3","rConnect","3","L3","1",0.250965144132601,NA
"2028","max.1.rConnect.L3","rConnect","3","L3","1",0.338218617874706,NA
"2029","range.1.rConnect.L3","rConnect","3","L3","1",0.087253473742105,NA
"2030","slope.1.rConnect.L3","rConnect","3","L3","1",-0.0125916973001899,NA
"2031","mean.1.rTau1.L3","rTau1","4","L3","1",1413.13734686891,NA
"2032","min.1.rTau1.L3","rTau1","4","L3","1",1033.7307259487,NA
"2033","max.1.rTau1.L3","rTau1","4","L3","1",1870.95364209289,NA
"2034","range.1.rTau1.L3","rTau1","4","L3","1",837.22291614419,NA
"2035","slope.1.rTau1.L3","rTau1","4","L3","1",-108.571695452878,NA
"2036","mean.1.rTau2.L3","rTau2","5","L3","1",10358484.0115895,NA
"2037","min.1.rTau2.L3","rTau2","5","L3","1",7719667.18974581,NA
"2038","max.1.rTau2.L3","rTau2","5","L3","1",13018963.8562274,NA
"2039","range.1.rTau2.L3","rTau2","5","L3","1",5299296.66648159,NA
"2040","slope.1.rTau2.L3","rTau2","5","L3","1",-457498.725958487,NA
"2041","mean.1.rNPQ.L3","rNPQ","6","L3","1",0.297983460697548,NA
"2042","min.1.rNPQ.L3","rNPQ","6","L3","1",0.199645272885187,NA
"2043","max.1.rNPQ.L3","rNPQ","6","L3","1",0.379185204737751,NA
"2044","range.1.rNPQ.L3","rNPQ","6","L3","1",0.179539931852564,NA
"2045","slope.1.rNPQ.L3","rNPQ","6","L3","1",0.0287393102164277,NA
"2046","mean.1.rqP.L3","rqP","7","L3","1",0.600530303780729,NA
"2047","min.1.rqP.L3","rqP","7","L3","1",0.456319576387737,NA
"2048","max.1.rqP.L3","rqP","7","L3","1",0.714958425220071,NA
"2049","range.1.rqP.L3","rqP","7","L3","1",0.258638848832334,NA
"2050","slope.1.rqP.L3","rqP","7","L3","1",0.0418002385829454,NA
"2051","mean.1.rABQ.L3","rABQ","8","L3","1",0.278804705659221,NA
"2052","min.1.rABQ.L3","rABQ","8","L3","1",0.247070330293421,NA
"2053","max.1.rABQ.L3","rABQ","8","L3","1",0.324328983389126,NA
"2054","range.1.rABQ.L3","rABQ","8","L3","1",0.077258653095705,NA
"2055","slope.1.rABQ.L3","rABQ","8","L3","1",-0.0107292461960825,NA
"2056","mean.1.rqm.L3","rqm","9","L3","1",0.852919629347014,NA
"2057","min.1.rqm.L3","rqm","9","L3","1",0.828024258501856,NA
"2058","max.1.rqm.L3","rqm","9","L3","1",0.878170848803013,NA
"2059","range.1.rqm.L3","rqm","9","L3","1",0.050146590301157,NA
"2060","slope.1.rqm.L3","rqm","9","L3","1",-0.00844891254221337,NA
"2061","mean.2.rQuant.L3","rQuant","1","L3","2",0.0486789745301165,NA
"2062","min.2.rQuant.L3","rQuant","1","L3","2",0.0453380003689777,NA
"2063","max.2.rQuant.L3","rQuant","1","L3","2",0.0551630994045637,NA
"2064","range.2.rQuant.L3","rQuant","1","L3","2",0.009825099035586,NA
"2065","slope.2.rQuant.L3","rQuant","1","L3","2",0.00154763952255944,NA
"2066","mean.2.rSigma.L3","rSigma","2","L3","2",3.14708994339424,NA
"2067","min.2.rSigma.L3","rSigma","2","L3","2",2.98209414785972,NA
"2068","max.2.rSigma.L3","rSigma","2","L3","2",3.36853257358997,NA
"2069","range.2.rSigma.L3","rSigma","2","L3","2",0.38643842573025,NA
"2070","slope.2.rSigma.L3","rSigma","2","L3","2",0.0257238518576248,NA
"2071","mean.2.rConnect.L3","rConnect","3","L3","2",0.423506493827594,NA
"2072","min.2.rConnect.L3","rConnect","3","L3","2",0.333878934193117,NA
"2073","max.2.rConnect.L3","rConnect","3","L3","2",0.580692789947783,NA
"2074","range.2.rConnect.L3","rConnect","3","L3","2",0.246813855754666,NA
"2075","slope.2.rConnect.L3","rConnect","3","L3","2",-0.0168817159312943,NA
"2076","mean.2.rTau1.L3","rTau1","4","L3","2",1328.00877797315,NA
"2077","min.2.rTau1.L3","rTau1","4","L3","2",1034.40459188776,NA
"2078","max.2.rTau1.L3","rTau1","4","L3","2",1472.24715549068,NA
"2079","range.2.rTau1.L3","rTau1","4","L3","2",437.84256360292,NA
"2080","slope.2.rTau1.L3","rTau1","4","L3","2",-15.5195160437428,NA
"2081","mean.2.rTau2.L3","rTau2","5","L3","2",8925339.82091452,NA
"2082","min.2.rTau2.L3","rTau2","5","L3","2",5983490.95689565,NA
"2083","max.2.rTau2.L3","rTau2","5","L3","2",16257575.2713598,NA
"2084","range.2.rTau2.L3","rTau2","5","L3","2",10274084.3144641,NA
"2085","slope.2.rTau2.L3","rTau2","5","L3","2",-301324.348015716,NA
"2086","mean.2.rNPQ.L3","rNPQ","6","L3","2",0.324862228197815,NA
"2087","min.2.rNPQ.L3","rNPQ","6","L3","2",0.214414326004303,NA
"2088","max.2.rNPQ.L3","rNPQ","6","L3","2",0.415870463008819,NA
"2089","range.2.rNPQ.L3","rNPQ","6","L3","2",0.201456137004516,NA
"2090","slope.2.rNPQ.L3","rNPQ","6","L3","2",0.0321908330807559,NA
"2091","mean.2.rqP.L3","rqP","7","L3","2",0.627721185385232,NA
"2092","min.2.rqP.L3","rqP","7","L3","2",0.479359023344529,NA
"2093","max.2.rqP.L3","rqP","7","L3","2",0.745584161700065,NA
"2094","range.2.rqP.L3","rqP","7","L3","2",0.266225138355536,NA
"2095","slope.2.rqP.L3","rqP","7","L3","2",0.0421903621434801,NA
"2096","mean.2.rABQ.L3","rABQ","8","L3","2",0.347896664719552,NA
"2097","min.2.rABQ.L3","rABQ","8","L3","2",0.302011901232886,NA
"2098","max.2.rABQ.L3","rABQ","8","L3","2",0.382085172360127,NA
"2099","range.2.rABQ.L3","rABQ","8","L3","2",0.080073271127241,NA
"2100","slope.2.rABQ.L3","rABQ","8","L3","2",-0.00533019706914541,NA
"2101","mean.2.rqm.L3","rqm","9","L3","2",0.855327878688404,NA
"2102","min.2.rqm.L3","rqm","9","L3","2",0.836057298124813,NA
"2103","max.2.rqm.L3","rqm","9","L3","2",0.865257130974525,NA
"2104","range.2.rqm.L3","rqm","9","L3","2",0.0291998328497119,NA
"2105","slope.2.rqm.L3","rqm","9","L3","2",-0.0045995277204499,NA
"2106","mean.3.rQuant.L3","rQuant","1","L3","3",0.0520085260869355,NA
"2107","min.3.rQuant.L3","rQuant","1","L3","3",0.0473880633133058,NA
"2108","max.3.rQuant.L3","rQuant","1","L3","3",0.056214659975136,NA
"2109","range.3.rQuant.L3","rQuant","1","L3","3",0.0088265966618302,NA
"2110","slope.3.rQuant.L3","rQuant","1","L3","3",0.00101606931593593,NA
"2111","mean.3.rSigma.L3","rSigma","2","L3","3",3.17515853452182,NA
"2112","min.3.rSigma.L3","rSigma","2","L3","3",2.70308095968441,NA
"2113","max.3.rSigma.L3","rSigma","2","L3","3",3.53869636119379,NA
"2114","range.3.rSigma.L3","rSigma","2","L3","3",0.83561540150938,NA
"2115","slope.3.rSigma.L3","rSigma","2","L3","3",-0.0482700063399304,NA
"2116","mean.3.rConnect.L3","rConnect","3","L3","3",0.334326513785178,NA
"2117","min.3.rConnect.L3","rConnect","3","L3","3",0.239187627819167,NA
"2118","max.3.rConnect.L3","rConnect","3","L3","3",0.437830627339534,NA
"2119","range.3.rConnect.L3","rConnect","3","L3","3",0.198642999520367,NA
"2120","slope.3.rConnect.L3","rConnect","3","L3","3",0.00554602205355701,NA
"2121","mean.3.rTau1.L3","rTau1","4","L3","3",1278.31420094775,NA
"2122","min.3.rTau1.L3","rTau1","4","L3","3",902.167036362085,NA
"2123","max.3.rTau1.L3","rTau1","4","L3","3",1598.50493617959,NA
"2124","range.3.rTau1.L3","rTau1","4","L3","3",696.337899817505,NA
"2125","slope.3.rTau1.L3","rTau1","4","L3","3",-25.3749934050897,NA
"2126","mean.3.rTau2.L3","rTau2","5","L3","3",10891868.6539496,NA
"2127","min.3.rTau2.L3","rTau2","5","L3","3",7929645.13213011,NA
"2128","max.3.rTau2.L3","rTau2","5","L3","3",18163635.0087878,NA
"2129","range.3.rTau2.L3","rTau2","5","L3","3",10233989.8766577,NA
"2130","slope.3.rTau2.L3","rTau2","5","L3","3",357060.551414715,NA
"2131","mean.3.rNPQ.L3","rNPQ","6","L3","3",0.33905739154816,NA
"2132","min.3.rNPQ.L3","rNPQ","6","L3","3",0.231738365176994,NA
"2133","max.3.rNPQ.L3","rNPQ","6","L3","3",0.43206826245656,NA
"2134","range.3.rNPQ.L3","rNPQ","6","L3","3",0.200329897279566,NA
"2135","slope.3.rNPQ.L3","rNPQ","6","L3","3",0.032614928562963,NA
"2136","mean.3.rqP.L3","rqP","7","L3","3",0.635842288205662,NA
"2137","min.3.rqP.L3","rqP","7","L3","3",0.496420034827462,NA
"2138","max.3.rqP.L3","rqP","7","L3","3",0.745898720494642,NA
"2139","range.3.rqP.L3","rqP","7","L3","3",0.24947868566718,NA
"2140","slope.3.rqP.L3","rqP","7","L3","3",0.0398228622089412,NA
"2141","mean.3.rABQ.L3","rABQ","8","L3","3",0.262045995838896,NA
"2142","min.3.rABQ.L3","rABQ","8","L3","3",0.177554405280567,NA
"2143","max.3.rABQ.L3","rABQ","8","L3","3",0.371763836015465,NA
"2144","range.3.rABQ.L3","rABQ","8","L3","3",0.194209430734898,NA
"2145","slope.3.rABQ.L3","rABQ","8","L3","3",0.0112186664294537,NA
"2146","mean.3.rqm.L3","rqm","9","L3","3",0.845467480765756,NA
"2147","min.3.rqm.L3","rqm","9","L3","3",0.832969828652069,NA
"2148","max.3.rqm.L3","rqm","9","L3","3",0.859196224995953,NA
"2149","range.3.rqm.L3","rqm","9","L3","3",0.026226396343884,NA
"2150","slope.3.rqm.L3","rqm","9","L3","3",-0.00301903866388622,NA
"2151","mean.4.rQuant.L3","rQuant","1","L3","4",0.0549675427292651,NA
"2152","min.4.rQuant.L3","rQuant","1","L3","4",0.0475736515169939,NA
"2153","max.4.rQuant.L3","rQuant","1","L3","4",0.061274275824042,NA
"2154","range.4.rQuant.L3","rQuant","1","L3","4",0.0137006243070481,NA
"2155","slope.4.rQuant.L3","rQuant","1","L3","4",0.00212206889257572,NA
"2156","mean.4.rSigma.L3","rSigma","2","L3","4",3.2186426119075,NA
"2157","min.4.rSigma.L3","rSigma","2","L3","4",2.94716893578369,NA
"2158","max.4.rSigma.L3","rSigma","2","L3","4",3.57680315446419,NA
"2159","range.4.rSigma.L3","rSigma","2","L3","4",0.6296342186805,NA
"2160","slope.4.rSigma.L3","rSigma","2","L3","4",-0.033298506943328,NA
"2161","mean.4.rConnect.L3","rConnect","3","L3","4",0.316977000792941,NA
"2162","min.4.rConnect.L3","rConnect","3","L3","4",0.238140086612226,NA
"2163","max.4.rConnect.L3","rConnect","3","L3","4",0.40054246131634,NA
"2164","range.4.rConnect.L3","rConnect","3","L3","4",0.162402374704114,NA
"2165","slope.4.rConnect.L3","rConnect","3","L3","4",0.00750727111323019,NA
"2166","mean.4.rTau1.L3","rTau1","4","L3","4",1100.69025954816,NA
"2167","min.4.rTau1.L3","rTau1","4","L3","4",870.941206068254,NA
"2168","max.4.rTau1.L3","rTau1","4","L3","4",1333.71365428248,NA
"2169","range.4.rTau1.L3","rTau1","4","L3","4",462.772448214226,NA
"2170","slope.4.rTau1.L3","rTau1","4","L3","4",11.8083713932149,NA
"2171","mean.4.rTau2.L3","rTau2","5","L3","4",10819094.4633514,NA
"2172","min.4.rTau2.L3","rTau2","5","L3","4",8548268.13992826,NA
"2173","max.4.rTau2.L3","rTau2","5","L3","4",14560398.655007,NA
"2174","range.4.rTau2.L3","rTau2","5","L3","4",6012130.51507874,NA
"2175","slope.4.rTau2.L3","rTau2","5","L3","4",-180317.012828721,NA
"2176","mean.4.rNPQ.L3","rNPQ","6","L3","4",0.364255198321014,NA
"2177","min.4.rNPQ.L3","rNPQ","6","L3","4",0.256761268037342,NA
"2178","max.4.rNPQ.L3","rNPQ","6","L3","4",0.460702540464488,NA
"2179","range.4.rNPQ.L3","rNPQ","6","L3","4",0.203941272427146,NA
"2180","slope.4.rNPQ.L3","rNPQ","6","L3","4",0.0316645047162691,NA
"2181","mean.4.rqP.L3","rqP","7","L3","4",0.64986815590054,NA
"2182","min.4.rqP.L3","rqP","7","L3","4",0.51493051135624,NA
"2183","max.4.rqP.L3","rqP","7","L3","4",0.754405125595519,NA
"2184","range.4.rqP.L3","rqP","7","L3","4",0.239474614239279,NA
"2185","slope.4.rqP.L3","rqP","7","L3","4",0.0378404043197308,NA
"2186","mean.4.rABQ.L3","rABQ","8","L3","4",0.145603262992471,NA
"2187","min.4.rABQ.L3","rABQ","8","L3","4",0.0505286505601427,NA
"2188","max.4.rABQ.L3","rABQ","8","L3","4",0.217666629768743,NA
"2189","range.4.rABQ.L3","rABQ","8","L3","4",0.1671379792086,NA
"2190","slope.4.rABQ.L3","rABQ","8","L3","4",0.00883917200820946,NA
"2191","mean.4.rqm.L3","rqm","9","L3","4",0.835394025854424,NA
"2192","min.4.rqm.L3","rqm","9","L3","4",0.816507863344758,NA
"2193","max.4.rqm.L3","rqm","9","L3","4",0.857535795438647,NA
"2194","range.4.rqm.L3","rqm","9","L3","4",0.041027932093889,NA
"2195","slope.4.rqm.L3","rqm","9","L3","4",-0.0063547540952831,NA
"2196","mean.1.rQuant.R1","rQuant","1","R1","1",0.217209114187457,NA
"2197","min.1.rQuant.R1","rQuant","1","R1","1",0.20391547706704,NA
"2198","max.1.rQuant.R1","rQuant","1","R1","1",0.230048265958235,NA
"2199","range.1.rQuant.R1","rQuant","1","R1","1",0.026132788891195,NA
"2200","slope.1.rQuant.R1","rQuant","1","R1","1",0.00623139200974199,NA
"2201","mean.1.rSigma.R1","rSigma","2","R1","1",5.34091476426156,NA
"2202","min.1.rSigma.R1","rSigma","2","R1","1",5.12294642871958,NA
"2203","max.1.rSigma.R1","rSigma","2","R1","1",5.40813029394898,NA
"2204","range.1.rSigma.R1","rSigma","2","R1","1",0.2851838652294,NA
"2205","slope.1.rSigma.R1","rSigma","2","R1","1",0.0571778610727952,NA
"2206","mean.1.rConnect.R1","rConnect","3","R1","1",0.239204353545824,NA
"2207","min.1.rConnect.R1","rConnect","3","R1","1",0.205933633701085,NA
"2208","max.1.rConnect.R1","rConnect","3","R1","1",0.261674280673455,NA
"2209","range.1.rConnect.R1","rConnect","3","R1","1",0.05574064697237,NA
"2210","slope.1.rConnect.R1","rConnect","3","R1","1",-0.0116144938225061,NA
"2211","mean.1.rTau1.R1","rTau1","4","R1","1",1543.52851436186,NA
"2212","min.1.rTau1.R1","rTau1","4","R1","1",1425.49137261321,NA
"2213","max.1.rTau1.R1","rTau1","4","R1","1",1630.5325725099,NA
"2214","range.1.rTau1.R1","rTau1","4","R1","1",205.04119989669,NA
"2215","slope.1.rTau1.R1","rTau1","4","R1","1",45.1836589890471,NA
"2216","mean.1.rTau2.R1","rTau2","5","R1","1",1677394.40235301,NA
"2217","min.1.rTau2.R1","rTau2","5","R1","1",1588431.76329127,NA
"2218","max.1.rTau2.R1","rTau2","5","R1","1",1739646.99192847,NA
"2219","range.1.rTau2.R1","rTau2","5","R1","1",151215.2286372,NA
"2220","slope.1.rTau2.R1","rTau2","5","R1","1",-37869.5502975259,NA
"2221","mean.1.rNPQ.R1","rNPQ","6","R1","1",0.365036523620519,NA
"2222","min.1.rNPQ.R1","rNPQ","6","R1","1",0.328751669055074,NA
"2223","max.1.rNPQ.R1","rNPQ","6","R1","1",0.43735443107808,NA
"2224","range.1.rNPQ.R1","rNPQ","6","R1","1",0.108602762023006,NA
"2225","slope.1.rNPQ.R1","rNPQ","6","R1","1",-0.0249320417652534,NA
"2226","mean.1.rqP.R1","rqP","7","R1","1",0.95542749176112,NA
"2227","min.1.rqP.R1","rqP","7","R1","1",0.939377242401181,NA
"2228","max.1.rqP.R1","rqP","7","R1","1",1,NA
"2229","range.1.rqP.R1","rqP","7","R1","1",0.060622757598819,NA
"2230","slope.1.rqP.R1","rqP","7","R1","1",-0.0128835765316306,NA
"2231","mean.1.rABQ.R1","rABQ","8","R1","1",-0.0908847493439668,NA
"2232","min.1.rABQ.R1","rABQ","8","R1","1",-0.104613557889224,NA
"2233","max.1.rABQ.R1","rABQ","8","R1","1",-0.0463645981006406,NA
"2234","range.1.rABQ.R1","rABQ","8","R1","1",0.0582489597885834,NA
"2235","slope.1.rABQ.R1","rABQ","8","R1","1",-0.0116786092640528,NA
"2236","mean.1.rqm.R1","rqm","9","R1","1",0.385022219298902,NA
"2237","min.1.rqm.R1","rqm","9","R1","1",0.348671106263823,NA
"2238","max.1.rqm.R1","rqm","9","R1","1",0.422660103345998,NA
"2239","range.1.rqm.R1","rqm","9","R1","1",0.073988997082175,NA
"2240","slope.1.rqm.R1","rqm","9","R1","1",-0.0176427570415967,NA
"2241","mean.2.rQuant.R1","rQuant","1","R1","2",0.205437622301578,NA
"2242","min.2.rQuant.R1","rQuant","1","R1","2",0.189233863899305,NA
"2243","max.2.rQuant.R1","rQuant","1","R1","2",0.21936540325621,NA
"2244","range.2.rQuant.R1","rQuant","1","R1","2",0.030131539356905,NA
"2245","slope.2.rQuant.R1","rQuant","1","R1","2",0.00724402202171711,NA
"2246","mean.2.rSigma.R1","rSigma","2","R1","2",5.18937281983484,NA
"2247","min.2.rSigma.R1","rSigma","2","R1","2",4.91697901446322,NA
"2248","max.2.rSigma.R1","rSigma","2","R1","2",5.38953015257471,NA
"2249","range.2.rSigma.R1","rSigma","2","R1","2",0.47255113811149,NA
"2250","slope.2.rSigma.R1","rSigma","2","R1","2",0.10639777697994,NA
"2251","mean.2.rConnect.R1","rConnect","3","R1","2",0.253931316097594,NA
"2252","min.2.rConnect.R1","rConnect","3","R1","2",0.243161516819303,NA
"2253","max.2.rConnect.R1","rConnect","3","R1","2",0.26539532749393,NA
"2254","range.2.rConnect.R1","rConnect","3","R1","2",0.022233810674627,NA
"2255","slope.2.rConnect.R1","rConnect","3","R1","2",0.00280285040710138,NA
"2256","mean.2.rTau1.R1","rTau1","4","R1","2",1844.32391200071,NA
"2257","min.2.rTau1.R1","rTau1","4","R1","2",1710.87007175505,NA
"2258","max.2.rTau1.R1","rTau1","4","R1","2",1960.13565347353,NA
"2259","range.2.rTau1.R1","rTau1","4","R1","2",249.26558171848,NA
"2260","slope.2.rTau1.R1","rTau1","4","R1","2",61.6069348365171,NA
"2261","mean.2.rTau2.R1","rTau2","5","R1","2",1738071.69612465,NA
"2262","min.2.rTau2.R1","rTau2","5","R1","2",1628382.97211254,NA
"2263","max.2.rTau2.R1","rTau2","5","R1","2",1880314.36176127,NA
"2264","range.2.rTau2.R1","rTau2","5","R1","2",251931.38964873,NA
"2265","slope.2.rTau2.R1","rTau2","5","R1","2",-61364.0270696782,NA
"2266","mean.2.rNPQ.R1","rNPQ","6","R1","2",0.383560845016041,NA
"2267","min.2.rNPQ.R1","rNPQ","6","R1","2",0.341307406412306,NA
"2268","max.2.rNPQ.R1","rNPQ","6","R1","2",0.464010981681069,NA
"2269","range.2.rNPQ.R1","rNPQ","6","R1","2",0.122703575268763,NA
"2270","slope.2.rNPQ.R1","rNPQ","6","R1","2",-0.027672640935934,NA
"2271","mean.2.rqP.R1","rqP","7","R1","2",0.953355621226701,NA
"2272","min.2.rqP.R1","rqP","7","R1","2",0.936805679922579,NA
"2273","max.2.rqP.R1","rqP","7","R1","2",1,NA
"2274","range.2.rqP.R1","rqP","7","R1","2",0.063194320077421,NA
"2275","slope.2.rqP.R1","rqP","7","R1","2",-0.013607528154884,NA
"2276","mean.2.rABQ.R1","rABQ","8","R1","2",-0.0752814138442565,NA
"2277","min.2.rABQ.R1","rABQ","8","R1","2",-0.116755685825099,NA
"2278","max.2.rABQ.R1","rABQ","8","R1","2",-0.0188391410819511,NA
"2279","range.2.rABQ.R1","rABQ","8","R1","2",0.0979165447431479,NA
"2280","slope.2.rABQ.R1","rABQ","8","R1","2",-0.022046508515169,NA
"2281","mean.2.rqm.R1","rqm","9","R1","2",0.389446944959943,NA
"2282","min.2.rqm.R1","rqm","9","R1","2",0.348054092392284,NA
"2283","max.2.rqm.R1","rqm","9","R1","2",0.437603918764455,NA
"2284","range.2.rqm.R1","rqm","9","R1","2",0.089549826372171,NA
"2285","slope.2.rqm.R1","rqm","9","R1","2",-0.0215289669272171,NA
"2286","mean.3.rQuant.R1","rQuant","1","R1","3",0.211535171346702,NA
"2287","min.3.rQuant.R1","rQuant","1","R1","3",0.19649379278309,NA
"2288","max.3.rQuant.R1","rQuant","1","R1","3",0.223861486386783,NA
"2289","range.3.rQuant.R1","rQuant","1","R1","3",0.027367693603693,NA
"2290","slope.3.rQuant.R1","rQuant","1","R1","3",0.00661273085239551,NA
"2291","mean.3.rSigma.R1","rSigma","2","R1","3",4.68117717703243,NA
"2292","min.3.rSigma.R1","rSigma","2","R1","3",4.42220946995048,NA
"2293","max.3.rSigma.R1","rSigma","2","R1","3",4.82025116669152,NA
"2294","range.3.rSigma.R1","rSigma","2","R1","3",0.39804169674104,NA
"2295","slope.3.rSigma.R1","rSigma","2","R1","3",0.0547276989266373,NA
"2296","mean.3.rConnect.R1","rConnect","3","R1","3",0.22984630094379,NA
"2297","min.3.rConnect.R1","rConnect","3","R1","3",0.209398345443099,NA
"2298","max.3.rConnect.R1","rConnect","3","R1","3",0.249306417591732,NA
"2299","range.3.rConnect.R1","rConnect","3","R1","3",0.039908072148633,NA
"2300","slope.3.rConnect.R1","rConnect","3","R1","3",-0.0064047840084513,NA
"2301","mean.3.rTau1.R1","rTau1","4","R1","3",1499.09098895144,NA
"2302","min.3.rTau1.R1","rTau1","4","R1","3",1477.90565128275,NA
"2303","max.3.rTau1.R1","rTau1","4","R1","3",1534.06225738003,NA
"2304","range.3.rTau1.R1","rTau1","4","R1","3",56.15660609728,NA
"2305","slope.3.rTau1.R1","rTau1","4","R1","3",-4.48875525640307,NA
"2306","mean.3.rTau2.R1","rTau2","5","R1","3",1655641.09086033,NA
"2307","min.3.rTau2.R1","rTau2","5","R1","3",1435947.09172152,NA
"2308","max.3.rTau2.R1","rTau2","5","R1","3",1879710.41056245,NA
"2309","range.3.rTau2.R1","rTau2","5","R1","3",443763.31884093,NA
"2310","slope.3.rTau2.R1","rTau2","5","R1","3",-119887.60235207,NA
"2311","mean.3.rNPQ.R1","rNPQ","6","R1","3",0.405187447319868,NA
"2312","min.3.rNPQ.R1","rNPQ","6","R1","3",0.366853856487692,NA
"2313","max.3.rNPQ.R1","rNPQ","6","R1","3",0.478370577293296,NA
"2314","range.3.rNPQ.R1","rNPQ","6","R1","3",0.111516720805604,NA
"2315","slope.3.rNPQ.R1","rNPQ","6","R1","3",-0.0254125680132074,NA
"2316","mean.3.rqP.R1","rqP","7","R1","3",0.960892497196242,NA
"2317","min.3.rqP.R1","rqP","7","R1","3",0.946723111667745,NA
"2318","max.3.rqP.R1","rqP","7","R1","3",1,NA
"2319","range.3.rqP.R1","rqP","7","R1","3",0.053276888332255,NA
"2320","slope.3.rqP.R1","rqP","7","R1","3",-0.011624119708583,NA
"2321","mean.3.rABQ.R1","rABQ","8","R1","3",-0.0879751056269378,NA
"2322","min.3.rABQ.R1","rABQ","8","R1","3",-0.120297966494432,NA
"2323","max.3.rABQ.R1","rABQ","8","R1","3",-0.0277871640448875,NA
"2324","range.3.rABQ.R1","rABQ","8","R1","3",0.0925108024495445,NA
"2325","slope.3.rABQ.R1","rABQ","8","R1","3",-0.0127195301029332,NA
"2326","mean.3.rqm.R1","rqm","9","R1","3",0.371467230580395,NA
"2327","min.3.rqm.R1","rqm","9","R1","3",0.334842148899853,NA
"2328","max.3.rqm.R1","rqm","9","R1","3",0.416159558878751,NA
"2329","range.3.rqm.R1","rqm","9","R1","3",0.081317409978898,NA
"2330","slope.3.rqm.R1","rqm","9","R1","3",-0.0196483545011548,NA
"2331","mean.4.rQuant.R1","rQuant","1","R1","4",0.215721369804863,NA
"2332","min.4.rQuant.R1","rQuant","1","R1","4",0.200720856415359,NA
"2333","max.4.rQuant.R1","rQuant","1","R1","4",0.228152929417051,NA
"2334","range.4.rQuant.R1","rQuant","1","R1","4",0.027432073001692,NA
"2335","slope.4.rQuant.R1","rQuant","1","R1","4",0.00708383139538852,NA
"2336","mean.4.rSigma.R1","rSigma","2","R1","4",4.38640283193844,NA
"2337","min.4.rSigma.R1","rSigma","2","R1","4",4.11081823309865,NA
"2338","max.4.rSigma.R1","rSigma","2","R1","4",4.53545415245213,NA
"2339","range.4.rSigma.R1","rSigma","2","R1","4",0.42463591935348,NA
"2340","slope.4.rSigma.R1","rSigma","2","R1","4",0.0987653094519708,NA
"2341","mean.4.rConnect.R1","rConnect","3","R1","4",0.270564230184518,NA
"2342","min.4.rConnect.R1","rConnect","3","R1","4",0.23993793534438,NA
"2343","max.4.rConnect.R1","rConnect","3","R1","4",0.304350737178111,NA
"2344","range.4.rConnect.R1","rConnect","3","R1","4",0.064412801833731,NA
"2345","slope.4.rConnect.R1","rConnect","3","R1","4",-0.0125021120534959,NA
"2346","mean.4.rTau1.R1","rTau1","4","R1","4",1171.22954274882,NA
"2347","min.4.rTau1.R1","rTau1","4","R1","4",1041.20363097831,NA
"2348","max.4.rTau1.R1","rTau1","4","R1","4",1234.53492062003,NA
"2349","range.4.rTau1.R1","rTau1","4","R1","4",193.33128964172,NA
"2350","slope.4.rTau1.R1","rTau1","4","R1","4",7.384178510134,NA
"2351","mean.4.rTau2.R1","rTau2","5","R1","4",1664123.85339455,NA
"2352","min.4.rTau2.R1","rTau2","5","R1","4",1434244.15602002,NA
"2353","max.4.rTau2.R1","rTau2","5","R1","4",1952514.80499171,NA
"2354","range.4.rTau2.R1","rTau2","5","R1","4",518270.64897169,NA
"2355","slope.4.rTau2.R1","rTau2","5","R1","4",-122305.580913796,NA
"2356","mean.4.rNPQ.R1","rNPQ","6","R1","4",0.437301867052249,NA
"2357","min.4.rNPQ.R1","rNPQ","6","R1","4",0.400830796122709,NA
"2358","max.4.rNPQ.R1","rNPQ","6","R1","4",0.508852066654004,NA
"2359","range.4.rNPQ.R1","rNPQ","6","R1","4",0.108021270531295,NA
"2360","slope.4.rNPQ.R1","rNPQ","6","R1","4",-0.0251825658456781,NA
"2361","mean.4.rqP.R1","rqP","7","R1","4",0.965669242645801,NA
"2362","min.4.rqP.R1","rqP","7","R1","4",0.954780092271901,NA
"2363","max.4.rqP.R1","rqP","7","R1","4",1,NA
"2364","range.4.rqP.R1","rqP","7","R1","4",0.045219907728099,NA
"2365","slope.4.rqP.R1","rqP","7","R1","4",-0.00959223482135435,NA
"2366","mean.4.rABQ.R1","rABQ","8","R1","4",-0.164381610106045,NA
"2367","min.4.rABQ.R1","rABQ","8","R1","4",-0.203947656184733,NA
"2368","max.4.rABQ.R1","rABQ","8","R1","4",-0.0912269886059283,NA
"2369","range.4.rABQ.R1","rABQ","8","R1","4",0.112720667578805,NA
"2370","slope.4.rABQ.R1","rABQ","8","R1","4",-0.0262174985856203,NA
"2371","mean.4.rqm.R1","rqm","9","R1","4",0.354000116111387,NA
"2372","min.4.rqm.R1","rqm","9","R1","4",0.316772529093503,NA
"2373","max.4.rqm.R1","rqm","9","R1","4",0.398920700088092,NA
"2374","range.4.rqm.R1","rqm","9","R1","4",0.082148170994589,NA
"2375","slope.4.rqm.R1","rqm","9","R1","4",-0.0212132634937697,NA
"2376","mean.All.rQuant.All","rQuant","1","All","All",0.10600427091083,NA
"2377","min.All.rQuant.All","rQuant","1","All","All",0.0322980948623373,NA
"2378","max.All.rQuant.All","rQuant","1","All","All",0.353198312205411,NA
"2379","range.All.rQuant.All","rQuant","1","All","All",0.320900217343074,NA
"2380","slope.All.rQuant.All","rQuant","1","All","All",0.00310704558421259,NA
"2381","mean.All.rSigma.All","rSigma","2","All","All",3.86916422397044,NA
"2382","min.All.rSigma.All","rSigma","2","All","All",2.34149544686914,NA
"2383","max.All.rSigma.All","rSigma","2","All","All",5.40813029394898,NA
"2384","range.All.rSigma.All","rSigma","2","All","All",3.06663484707984,NA
"2385","slope.All.rSigma.All","rSigma","2","All","All",0.0456498348941694,NA
"2386","mean.All.rConnect.All","rConnect","3","All","All",0.316144457014058,NA
"2387","min.All.rConnect.All","rConnect","3","All","All",0.154980119635248,NA
"2388","max.All.rConnect.All","rConnect","3","All","All",0.679296464063697,NA
"2389","range.All.rConnect.All","rConnect","3","All","All",0.524316344428449,NA
"2390","slope.All.rConnect.All","rConnect","3","All","All",-0.00547319573737092,NA
"2391","mean.All.rTau1.All","rTau1","4","All","All",1547.96013940796,NA
"2392","min.All.rTau1.All","rTau1","4","All","All",557.74824109879,NA
"2393","max.All.rTau1.All","rTau1","4","All","All",5724.29820286041,NA
"2394","range.All.rTau1.All","rTau1","4","All","All",5166.54996176162,NA
"2395","slope.All.rTau1.All","rTau1","4","All","All",-21.7578031834694,NA
"2396","mean.All.rTau2.All","rTau2","5","All","All",6399084.95543485,NA
"2397","min.All.rTau2.All","rTau2","5","All","All",888924.083420827,NA
"2398","max.All.rTau2.All","rTau2","5","All","All",21555334.9966992,NA
"2399","range.All.rTau2.All","rTau2","5","All","All",20666410.9132784,NA
"2400","slope.All.rTau2.All","rTau2","5","All","All",-103525.792389086,NA
"2401","mean.All.rNPQ.All","rNPQ","6","All","All",0.308730063551215,NA
"2402","min.All.rNPQ.All","rNPQ","6","All","All",0.0728176466016452,NA
"2403","max.All.rNPQ.All","rNPQ","6","All","All",0.826062566823507,NA
"2404","range.All.rNPQ.All","rNPQ","6","All","All",0.753244920221862,NA
"2405","slope.All.rNPQ.All","rNPQ","6","All","All",0.00563308772810932,NA
"2406","mean.All.rqP.All","rqP","7","All","All",0.673920037709502,NA
"2407","min.All.rqP.All","rqP","7","All","All",0.241578613893251,NA
"2408","max.All.rqP.All","rqP","7","All","All",1.38675989428735,NA
"2409","range.All.rqP.All","rqP","7","All","All",1.1451812803941,NA
"2410","slope.All.rqP.All","rqP","7","All","All",0.0146630458149004,NA
"2411","mean.All.rABQ.All","rABQ","8","All","All",0.12514716279641,NA
"2412","min.All.rABQ.All","rABQ","8","All","All",-0.203947656184733,NA
"2413","max.All.rABQ.All","rABQ","8","All","All",0.496764297178605,NA
"2414","range.All.rABQ.All","rABQ","8","All","All",0.700711953363338,NA
"2415","slope.All.rABQ.All","rABQ","8","All","All",-0.0102508603463378,NA
"2416","mean.All.rqm.All","rqm","9","All","All",0.688162401454813,NA
"2417","min.All.rqm.All","rqm","9","All","All",0,NA
"2418","max.All.rqm.All","rqm","9","All","All",0.904011250377375,NA
"2419","range.All.rqm.All","rqm","9","All","All",0.904011250377375,NA
"2420","slope.All.rqm.All","rqm","9","All","All",-0.00914315139143963,NA
"2421","mean.All.rQuant.L1","rQuant","1","L1","All",0.0439286574718648,NA
"2422","min.All.rQuant.L1","rQuant","1","L1","All",0.0322980948623373,NA
"2423","max.All.rQuant.L1","rQuant","1","L1","All",0.0597813755596301,NA
"2424","range.All.rQuant.L1","rQuant","1","L1","All",0.0274832806972928,NA
"2425","slope.All.rQuant.L1","rQuant","1","L1","All",0.00227459628863566,NA
"2426","mean.All.rSigma.L1","rSigma","2","L1","All",3.18219214585932,NA
"2427","min.All.rSigma.L1","rSigma","2","L1","All",2.34149544686914,NA
"2428","max.All.rSigma.L1","rSigma","2","L1","All",4.06588882202317,NA
"2429","range.All.rSigma.L1","rSigma","2","L1","All",1.72439337515403,NA
"2430","slope.All.rSigma.L1","rSigma","2","L1","All",0.179614437238053,NA
"2431","mean.All.rConnect.L1","rConnect","3","L1","All",0.391166263783639,NA
"2432","min.All.rConnect.L1","rConnect","3","L1","All",0.154980119635248,NA
"2433","max.All.rConnect.L1","rConnect","3","L1","All",0.679296464063697,NA
"2434","range.All.rConnect.L1","rConnect","3","L1","All",0.524316344428449,NA
"2435","slope.All.rConnect.L1","rConnect","3","L1","All",-0.0420365640534091,NA
"2436","mean.All.rTau1.L1","rTau1","4","L1","All",1957.32058326909,NA
"2437","min.All.rTau1.L1","rTau1","4","L1","All",934.998985011617,NA
"2438","max.All.rTau1.L1","rTau1","4","L1","All",5724.29820286041,NA
"2439","range.All.rTau1.L1","rTau1","4","L1","All",4789.29921784879,NA
"2440","slope.All.rTau1.L1","rTau1","4","L1","All",-308.440757973232,NA
"2441","mean.All.rTau2.L1","rTau2","5","L1","All",8931456.76881372,NA
"2442","min.All.rTau2.L1","rTau2","5","L1","All",4403865.90330468,NA
"2443","max.All.rTau2.L1","rTau2","5","L1","All",21555334.9966992,NA
"2444","range.All.rTau2.L1","rTau2","5","L1","All",17151469.0933945,NA
"2445","slope.All.rTau2.L1","rTau2","5","L1","All",1071784.83967486,NA
"2446","mean.All.rNPQ.L1","rNPQ","6","L1","All",0.184049858734876,NA
"2447","min.All.rNPQ.L1","rNPQ","6","L1","All",0.0728176466016452,NA
"2448","max.All.rNPQ.L1","rNPQ","6","L1","All",0.312754540704845,NA
"2449","range.All.rNPQ.L1","rNPQ","6","L1","All",0.2399368941032,NA
"2450","slope.All.rNPQ.L1","rNPQ","6","L1","All",0.0319471357652681,NA
"2451","mean.All.rqP.L1","rqP","7","L1","All",0.416519873674078,NA
"2452","min.All.rqP.L1","rqP","7","L1","All",0.241578613893251,NA
"2453","max.All.rqP.L1","rqP","7","L1","All",0.599716853627682,NA
"2454","range.All.rqP.L1","rqP","7","L1","All",0.358138239734431,NA
"2455","slope.All.rqP.L1","rqP","7","L1","All",0.0520381225195954,NA
"2456","mean.All.rABQ.L1","rABQ","8","L1","All",0.27891663087584,NA
"2457","min.All.rABQ.L1","rABQ","8","L1","All",-0.0142564889041217,NA
"2458","max.All.rABQ.L1","rABQ","8","L1","All",0.496764297178605,NA
"2459","range.All.rABQ.L1","rABQ","8","L1","All",0.511020786082727,NA
"2460","slope.All.rABQ.L1","rABQ","8","L1","All",-0.0411700033006305,NA
"2461","mean.All.rqm.L1","rqm","9","L1","All",0.870815782735678,NA
"2462","min.All.rqm.L1","rqm","9","L1","All",0.827861987583647,NA
"2463","max.All.rqm.L1","rqm","9","L1","All",0.904011250377375,NA
"2464","range.All.rqm.L1","rqm","9","L1","All",0.0761492627937279,NA
"2465","slope.All.rqm.L1","rqm","9","L1","All",-0.00668756880692054,NA
"2466","mean.All.rQuant.L2","rQuant","1","L2","All",0.113814003133311,NA
"2467","min.All.rQuant.L2","rQuant","1","L2","All",0.0921534765219529,NA
"2468","max.All.rQuant.L2","rQuant","1","L2","All",0.131139308185608,NA
"2469","range.All.rQuant.L2","rQuant","1","L2","All",0.0389858316636551,NA
"2470","slope.All.rQuant.L2","rQuant","1","L2","All",0.00649281177973167,NA
"2471","mean.All.rSigma.L2","rSigma","2","L2","All",4.41699045353878,NA
"2472","min.All.rSigma.L2","rSigma","2","L2","All",3.90332827425201,NA
"2473","max.All.rSigma.L2","rSigma","2","L2","All",5.14918470263836,NA
"2474","range.All.rSigma.L2","rSigma","2","L2","All",1.24585642838635,NA
"2475","slope.All.rSigma.L2","rSigma","2","L2","All",0.0290988347269774,NA
"2476","mean.All.rConnect.L2","rConnect","3","L2","All",0.251630761467675,NA
"2477","min.All.rConnect.L2","rConnect","3","L2","All",0.162475385976998,NA
"2478","max.All.rConnect.L2","rConnect","3","L2","All",0.335727732472223,NA
"2479","range.All.rConnect.L2","rConnect","3","L2","All",0.173252346495225,NA
"2480","slope.All.rConnect.L2","rConnect","3","L2","All",-0.000539672727116351,NA
"2481","mean.All.rTau1.L2","rTau1","4","L2","All",1552.64705490807,NA
"2482","min.All.rTau1.L2","rTau1","4","L2","All",1099.99451001215,NA
"2483","max.All.rTau1.L2","rTau1","4","L2","All",1958.1510714472,NA
"2484","range.All.rTau1.L2","rTau1","4","L2","All",858.15656143505,NA
"2485","slope.All.rTau1.L2","rTau1","4","L2","All",3.27584141603772,NA
"2486","mean.All.rTau2.L2","rTau2","5","L2","All",3766291.36970719,NA
"2487","min.All.rTau2.L2","rTau2","5","L2","All",2694915.70703008,NA
"2488","max.All.rTau2.L2","rTau2","5","L2","All",5777341.77060249,NA
"2489","range.All.rTau2.L2","rTau2","5","L2","All",3082426.06357241,NA
"2490","slope.All.rTau2.L2","rTau2","5","L2","All",-306519.387909518,NA
"2491","mean.All.rNPQ.L2","rNPQ","6","L2","All",0.277812922868629,NA
"2492","min.All.rNPQ.L2","rNPQ","6","L2","All",0.226142220230992,NA
"2493","max.All.rNPQ.L2","rNPQ","6","L2","All",0.341246056279101,NA
"2494","range.All.rNPQ.L2","rNPQ","6","L2","All",0.115103836048109,NA
"2495","slope.All.rNPQ.L2","rNPQ","6","L2","All",-0.0108716361180462,NA
"2496","mean.All.rqP.L2","rqP","7","L2","All",0.672907471237758,NA
"2497","min.All.rqP.L2","rqP","7","L2","All",0.645353678388174,NA
"2498","max.All.rqP.L2","rqP","7","L2","All",0.703162219912111,NA
"2499","range.All.rqP.L2","rqP","7","L2","All",0.057808541523937,NA
"2500","slope.All.rqP.L2","rqP","7","L2","All",-0.00176802855747706,NA
"2501","mean.All.rABQ.L2","rABQ","8","L2","All",0.0024083023515886,NA
"2502","min.All.rABQ.L2","rABQ","8","L2","All",-0.126126879142611,NA
"2503","max.All.rABQ.L2","rABQ","8","L2","All",0.115830320644518,NA
"2504","range.All.rABQ.L2","rABQ","8","L2","All",0.241957199787129,NA
"2505","slope.All.rABQ.L2","rABQ","8","L2","All",-0.00598234776790183,NA
"2506","mean.All.rqm.L2","rqm","9","L2","All",0.665108424056637,NA
"2507","min.All.rqm.L2","rqm","9","L2","All",0.607289820485714,NA
"2508","max.All.rqm.L2","rqm","9","L2","All",0.730863007965249,NA
"2509","range.All.rqm.L2","rqm","9","L2","All",0.123573187479535,NA
"2510","slope.All.rqm.L2","rqm","9","L2","All",-0.0190948977414372,NA
"2511","mean.All.rQuant.L3","rQuant","1","L3","All",0.0519008955048745,NA
"2512","min.All.rQuant.L3","rQuant","1","L3","All",0.0430298505801937,NA
"2513","max.All.rQuant.L3","rQuant","1","L3","All",0.061274275824042,NA
"2514","range.All.rQuant.L3","rQuant","1","L3","All",0.0182444252438483,NA
"2515","slope.All.rQuant.L3","rQuant","1","L3","All",0.00191747984523799,NA
"2516","mean.All.rSigma.L3","rSigma","2","L3","All",3.26795639710713,NA
"2517","min.All.rSigma.L3","rSigma","2","L3","All",2.70308095968441,NA
"2518","max.All.rSigma.L3","rSigma","2","L3","All",3.68630434315338,NA
"2519","range.All.rSigma.L3","rSigma","2","L3","All",0.98322338346897,NA
"2520","slope.All.rSigma.L3","rSigma","2","L3","All",-0.000828708088920995,NA
"2521","mean.All.rConnect.L3","rConnect","3","L3","All",0.341388064014997,NA
"2522","min.All.rConnect.L3","rConnect","3","L3","All",0.238140086612226,NA
"2523","max.All.rConnect.L3","rConnect","3","L3","All",0.580692789947783,NA
"2524","range.All.rConnect.L3","rConnect","3","L3","All",0.342552703335557,NA
"2525","slope.All.rConnect.L3","rConnect","3","L3","All",-0.00410503001617424,NA
"2526","mean.All.rTau1.L3","rTau1","4","L3","All",1280.03764633449,NA
"2527","min.All.rTau1.L3","rTau1","4","L3","All",870.941206068254,NA
"2528","max.All.rTau1.L3","rTau1","4","L3","All",1870.95364209289,NA
"2529","range.All.rTau1.L3","rTau1","4","L3","All",1000.01243602464,NA
"2530","slope.All.rTau1.L3","rTau1","4","L3","All",-34.4144583771239,NA
"2531","mean.All.rTau2.L3","rTau2","5","L3","All",10248696.7374513,NA
"2532","min.All.rTau2.L3","rTau2","5","L3","All",5983490.95689565,NA
"2533","max.All.rTau2.L3","rTau2","5","L3","All",18163635.0087878,NA
"2534","range.All.rTau2.L3","rTau2","5","L3","All",12180144.0518922,NA
"2535","slope.All.rTau2.L3","rTau2","5","L3","All",-145519.883847053,NA
"2536","mean.All.rNPQ.L3","rNPQ","6","L3","All",0.331539569691134,NA
"2537","min.All.rNPQ.L3","rNPQ","6","L3","All",0.199645272885187,NA
"2538","max.All.rNPQ.L3","rNPQ","6","L3","All",0.460702540464488,NA
"2539","range.All.rNPQ.L3","rNPQ","6","L3","All",0.261057267579301,NA
"2540","slope.All.rNPQ.L3","rNPQ","6","L3","All",0.0313023941441039,NA
"2541","mean.All.rqP.L3","rqP","7","L3","All",0.628490483318041,NA
"2542","min.All.rqP.L3","rqP","7","L3","All",0.456319576387737,NA
"2543","max.All.rqP.L3","rqP","7","L3","All",0.754405125595519,NA
"2544","range.All.rqP.L3","rqP","7","L3","All",0.298085549207782,NA
"2545","slope.All.rqP.L3","rqP","7","L3","All",0.0404134668137744,NA
"2546","mean.All.rABQ.L3","rABQ","8","L3","All",0.258587657302535,NA
"2547","min.All.rABQ.L3","rABQ","8","L3","All",0.0505286505601427,NA
"2548","max.All.rABQ.L3","rABQ","8","L3","All",0.382085172360127,NA
"2549","range.All.rABQ.L3","rABQ","8","L3","All",0.331556521799984,NA
"2550","slope.All.rABQ.L3","rABQ","8","L3","All",0.00099959879310881,NA
"2551","mean.All.rqm.L3","rqm","9","L3","All",0.847277253663899,NA
"2552","min.All.rqm.L3","rqm","9","L3","All",0.816507863344758,NA
"2553","max.All.rqm.L3","rqm","9","L3","All",0.878170848803013,NA
"2554","range.All.rqm.L3","rqm","9","L3","All",0.061662985458255,NA
"2555","slope.All.rqm.L3","rqm","9","L3","All",-0.00560555825545817,NA
"2556","mean.All.rQuant.R1","rQuant","1","R1","All",0.21247581941015,NA
"2557","min.All.rQuant.R1","rQuant","1","R1","All",0.189233863899305,NA
"2558","max.All.rQuant.R1","rQuant","1","R1","All",0.230048265958235,NA
"2559","range.All.rQuant.R1","rQuant","1","R1","All",0.04081440205893,NA
"2560","slope.All.rQuant.R1","rQuant","1","R1","All",0.00679299406981078,NA
"2561","mean.All.rSigma.R1","rSigma","2","R1","All",4.89946689826682,NA
"2562","min.All.rSigma.R1","rSigma","2","R1","All",4.11081823309865,NA
"2563","max.All.rSigma.R1","rSigma","2","R1","All",5.40813029394898,NA
"2564","range.All.rSigma.R1","rSigma","2","R1","All",1.29731206085033,NA
"2565","slope.All.rSigma.R1","rSigma","2","R1","All",0.0792671616078358,NA
"2566","mean.All.rConnect.R1","rConnect","3","R1","All",0.248386550192931,NA
"2567","min.All.rConnect.R1","rConnect","3","R1","All",0.205933633701085,NA
"2568","max.All.rConnect.R1","rConnect","3","R1","All",0.304350737178111,NA
"2569","range.All.rConnect.R1","rConnect","3","R1","All",0.098417103477026,NA
"2570","slope.All.rConnect.R1","rConnect","3","R1","All",-0.00692963486933797,NA
"2571","mean.All.rTau1.R1","rTau1","4","R1","All",1514.54323951571,NA
"2572","min.All.rTau1.R1","rTau1","4","R1","All",1041.20363097831,NA
"2573","max.All.rTau1.R1","rTau1","4","R1","All",1960.13565347353,NA
"2574","range.All.rTau1.R1","rTau1","4","R1","All",918.93202249522,NA
"2575","slope.All.rTau1.R1","rTau1","4","R1","All",27.4215042698238,NA
"2576","mean.All.rTau2.R1","rTau2","5","R1","All",1683807.76068314,NA
"2577","min.All.rTau2.R1","rTau2","5","R1","All",1434244.15602002,NA
"2578","max.All.rTau2.R1","rTau2","5","R1","All",1952514.80499171,NA
"2579","range.All.rTau2.R1","rTau2","5","R1","All",518270.64897169,NA
"2580","slope.All.rTau2.R1","rTau2","5","R1","All",-85356.6901582675,NA
"2581","mean.All.rNPQ.R1","rNPQ","6","R1","All",0.397771670752169,NA
"2582","min.All.rNPQ.R1","rNPQ","6","R1","All",0.328751669055074,NA
"2583","max.All.rNPQ.R1","rNPQ","6","R1","All",0.508852066654004,NA
"2584","range.All.rNPQ.R1","rNPQ","6","R1","All",0.18010039759893,NA
"2585","slope.All.rNPQ.R1","rNPQ","6","R1","All",-0.0257999541400182,NA
"2586","mean.All.rqP.R1","rqP","7","R1","All",0.958836213207466,NA
"2587","min.All.rqP.R1","rqP","7","R1","All",0.936805679922579,NA
"2588","max.All.rqP.R1","rqP","7","R1","All",1,NA
"2589","range.All.rqP.R1","rqP","7","R1","All",0.063194320077421,NA
"2590","slope.All.rqP.R1","rqP","7","R1","All",-0.011926864804113,NA
"2591","mean.All.rABQ.R1","rABQ","8","R1","All",-0.104630719730301,NA
"2592","min.All.rABQ.R1","rABQ","8","R1","All",-0.203947656184733,NA
"2593","max.All.rABQ.R1","rABQ","8","R1","All",-0.0188391410819511,NA
"2594","range.All.rABQ.R1","rABQ","8","R1","All",0.185108515102782,NA
"2595","slope.All.rABQ.R1","rABQ","8","R1","All",-0.0181655366169438,NA
"2596","mean.All.rqm.R1","rqm","9","R1","All",0.374984127737657,NA
"2597","min.All.rqm.R1","rqm","9","R1","All",0.316772529093503,NA
"2598","max.All.rqm.R1","rqm","9","R1","All",0.437603918764455,NA
"2599","range.All.rqm.R1","rqm","9","R1","All",0.120831389670952,NA
"2600","slope.All.rqm.R1","rqm","9","R1","All",-0.0200083354909346,NA
"2601","DCompL1.qQuant.1","qQuant","99","99","1",0.878793534455205,NA
"2602","DCompL12.qQuant.1","qQuant","99","99","1",0.83074274849631,NA
"2603","DCompL2.qQuant.1","qQuant","99","99","1",0.730863007965249,NA
"2604","DCompL22.qQuant.1","qQuant","99","99","1",0.631733020804075,NA
"2605","DCompL3.qQuant.1","qQuant","99","99","1",0.873768688733945,NA
"2606","DCompL32.qQuant.1","qQuant","99","99","1",0.828024258501856,NA
"2607","DCompR1.qQuant.1","qQuant","99","99","1",0.422660103345998,NA
"2608","DCompR12.qQuant.1","qQuant","99","99","1",0.348671106263824,NA
"2609","L1CompL2.qQuant.1","qQuant","99","99","1",-1.22048379040707,NA
"2610","L1CompL22.qQuant.1","qQuant","99","99","1",-2.0383443452513,NA
"2611","L1CompL3.qQuant.1","qQuant","99","99","1",-0.0414569115490228,NA
"2612","L1CompL32.qQuant.1","qQuant","99","99","1",-0.418866070594107,NA
"2613","L1CompR1.qQuant.1","qQuant","99","99","1",-3.76327639832571,NA
"2614","L1CompR12.qQuant.1","qQuant","99","99","1",-4.37371410682262,NA
"2615","L12CompL2.qQuant.1","qQuant","99","99","1",-0.5901061233343,NA
"2616","L12CompL22.qQuant.1","qQuant","99","99","1",-1.17578257902821,NA
"2617","L12CompL3.qQuant.1","qQuant","99","99","1",0.25420441284134,NA
"2618","L12CompL32.qQuant.1","qQuant","99","99","1",-0.0160612911429341,NA
"2619","L12CompR1.qQuant.1","qQuant","99","99","1",-2.41102015733379,NA
"2620","L12CompR12.qQuant.1","qQuant","99","99","1",-2.84815946111459,NA
"2621","L2CompL3.qQuant.1","qQuant","99","99","1",0.530977476148071,NA
"2622","L2CompL32.qQuant.1","qQuant","99","99","1",0.361010390292473,NA
"2623","L2CompR1.qQuant.1","qQuant","99","99","1",-1.14515251987157,NA
"2624","L2CompR12.qQuant.1","qQuant","99","99","1",-1.42006455081461,NA
"2625","L22CompL3.qQuant.1","qQuant","99","99","1",0.65722880845394,NA
"2626","L22CompL32.qQuant.1","qQuant","99","99","1",0.533013408170247,NA
"2627","L22CompR1.qQuant.1","qQuant","99","99","1",-0.567721053662121,NA
"2628","L22CompR12.qQuant.1","qQuant","99","99","1",-0.768632352426191,NA
"2629","L3CompR1.qQuant.1","qQuant","99","99","1",-3.57366631831268,NA
"2630","L3CompR12.qQuant.1","qQuant","99","99","1",-4.15980454614293,NA
"2631","L32CompR1.qQuant.1","qQuant","99","99","1",-2.35710078424191,NA
"2632","L32CompR12.qQuant.1","qQuant","99","99","1",-2.78733005051882,NA
"2633","DCompL1.qSigma.1","qSigma","99","99","1",0.324454448828508,NA
"2634","DCompL12.qSigma.1","qSigma","99","99","1",0.169539993756777,NA
"2635","DCompL2.qSigma.1","qSigma","99","99","1",0.00815681723924754,NA
"2636","DCompL22.qSigma.1","qSigma","99","99","1",-0.0128851684361924,NA
"2637","DCompL3.qSigma.1","qSigma","99","99","1",0.310774668909281,NA
"2638","DCompL32.qSigma.1","qSigma","99","99","1",0.247070330293421,NA
"2639","DCompR1.qSigma.1","qSigma","99","99","1",-0.0463645981006402,NA
"2640","DCompR12.qSigma.1","qSigma","99","99","1",-0.104613557889223,NA
"2641","L1CompL2.qSigma.1","qSigma","99","99","1",-0.468210664759402,NA
"2642","L1CompL22.qSigma.1","qSigma","99","99","1",-0.499358802200246,NA
"2643","L1CompL3.qSigma.1","qSigma","99","99","1",-0.0202499741068611,NA
"2644","L1CompL32.qSigma.1","qSigma","99","99","1",-0.114550556066711,NA
"2645","L1CompR1.qSigma.1","qSigma","99","99","1",-0.548917902406575,NA
"2646","L1CompR12.qSigma.1","qSigma","99","99","1",-0.635142968484755,NA
"2647","L12CompL2.qSigma.1","qSigma","99","99","1",-0.194329859721461,NA
"2648","L12CompL22.qSigma.1","qSigma","99","99","1",-0.219667606894415,NA
"2649","L12CompL3.qSigma.1","qSigma","99","99","1",0.170068003384547,NA
"2650","L12CompL32.qSigma.1","qSigma","99","99","1",0.0933583025718125,NA
"2651","L12CompR1.qSigma.1","qSigma","99","99","1",-0.259981925961867,NA
"2652","L12CompR12.qSigma.1","qSigma","99","99","1",-0.330122521957675,NA
"2653","L2CompL3.qSigma.1","qSigma","99","99","1",0.305106550037184,NA
"2654","L2CompL32.qSigma.1","qSigma","99","99","1",0.240878313433751,NA
"2655","L2CompR1.qSigma.1","qSigma","99","99","1",-0.0549697939024289,NA
"2656","L2CompR12.qSigma.1","qSigma","99","99","1",-0.113697787199161,NA
"2657","L22CompL3.qSigma.1","qSigma","99","99","1",0.319542478685097,NA
"2658","L22CompL32.qSigma.1","qSigma","99","99","1",0.256648539074733,NA
"2659","L22CompR1.qSigma.1","qSigma","99","99","1",-0.0330535293710906,NA
"2660","L22CompR12.qSigma.1","qSigma","99","99","1",-0.0905614894081733,NA
"2661","L3CompR1.qSigma.1","qSigma","99","99","1",-0.51817489999205,NA
"2662","L3CompR12.qSigma.1","qSigma","99","99","1",-0.602688566511534,NA
"2663","L32CompR1.qSigma.1","qSigma","99","99","1",-0.38972422020295,NA
"2664","L32CompR12.qSigma.1","qSigma","99","99","1",-0.467087302217346,NA
"2665","DCompL1.qConnect.1","qConnect","99","99","1",-0.443545413580759,NA
"2666","DCompL12.qConnect.1","qConnect","99","99","1",0.254193608389435,NA
"2667","DCompL2.qConnect.1","qConnect","99","99","1",0.125503984725629,NA
"2668","DCompL22.qConnect.1","qConnect","99","99","1",0.254825354333298,NA
"2669","DCompL3.qConnect.1","qConnect","99","99","1",-0.0527934736397359,NA
"2670","DCompL32.qConnect.1","qConnect","99","99","1",0.218805672159251,NA
"2671","DCompR1.qConnect.1","qConnect","99","99","1",0.220754190320296,NA
"2672","DCompR12.qConnect.1","qConnect","99","99","1",0.358977968375075,NA
"2673","L1CompL2.qConnect.1","qConnect","99","99","1",0.394202629825717,NA
"2674","L1CompL22.qConnect.1","qConnect","99","99","1",0.483788567608501,NA
"2675","L1CompL3.qConnect.1","qConnect","99","99","1",0.270689052290881,NA
"2676","L1CompL32.qConnect.1","qConnect","99","99","1",0.458836334145545,NA
"2677","L1CompR1.qConnect.1","qConnect","99","99","1",0.460186148389498,NA
"2678","L1CompR12.qConnect.1","qConnect","99","99","1",0.555939130425519,NA
"2679","L12CompL2.qConnect.1","qConnect","99","99","1",-0.172550979867445,NA
"2680","L12CompL22.qConnect.1","qConnect","99","99","1",0.000847064266234942,NA
"2681","L12CompL3.qConnect.1","qConnect","99","99","1",-0.411617660404108,NA
"2682","L12CompL32.qConnect.1","qConnect","99","99","1",-0.0474492262713969,NA
"2683","L12CompR1.qConnect.1","qConnect","99","99","1",-0.0448365935788336,NA
"2684","L12CompR12.qConnect.1","qConnect","99","99","1",0.140498071837865,NA
"2685","L2CompL3.qConnect.1","qConnect","99","99","1",-0.203885958599164,NA
"2686","L2CompL32.qConnect.1","qConnect","99","99","1",0.106691952626393,NA
"2687","L2CompR1.qConnect.1","qConnect","99","99","1",0.108920113906731,NA
"2688","L2CompR12.qConnect.1","qConnect","99","99","1",0.266981186387904,NA
"2689","L22CompL3.qConnect.1","qConnect","99","99","1",-0.412814405001407,NA
"2690","L22CompL32.qConnect.1","qConnect","99","99","1",-0.0483372352823681,NA
"2691","L22CompR1.qConnect.1","qConnect","99","99","1",-0.0457223876458103,NA
"2692","L22CompR12.qConnect.1","qConnect","99","99","1",0.139769401236931,NA
"2693","L3CompR1.qConnect.1","qConnect","99","99","1",0.259830318869966,NA
"2694","L3CompR12.qConnect.1","qConnect","99","99","1",0.391122715256989,NA
"2695","L32CompR1.qConnect.1","qConnect","99","99","1",0.0024942809895077,NA
"2696","L32CompR12.qConnect.1","qConnect","99","99","1",0.179433325640325,NA
"2697","DCompL1.qTau1.1","qTau1","99","99","1",-6.80656064596674,NA
"2698","DCompL12.qTau1.1","qTau1","99","99","1",-0.838320657933328,NA
"2699","DCompL2.qTau1.1","qTau1","99","99","1",-0.972886658106131,NA
"2700","DCompL22.qTau1.1","qTau1","99","99","1",-1.15686117369861,NA
"2701","DCompL3.qTau1.1","qTau1","99","99","1",-1.08686199563858,NA
"2702","DCompL32.qTau1.1","qTau1","99","99","1",-0.751394357159529,NA
"2703","DCompR1.qTau1.1","qTau1","99","99","1",-1.03856209317001,NA
"2704","DCompR12.qTau1.1","qTau1","99","99","1",-1.20684675539888,NA
"2705","L1CompL2.qTau1.1","qTau1","99","99","1",0.747278379355776,NA
"2706","L1CompL22.qTau1.1","qTau1","99","99","1",0.723711725109962,NA
"2707","L1CompL3.qTau1.1","qTau1","99","99","1",0.732678436730424,NA
"2708","L1CompL32.qTau1.1","qTau1","99","99","1",0.775650963774375,NA
"2709","L1CompR1.qTau1.1","qTau1","99","99","1",0.73886552790399,NA
"2710","L1CompR12.qTau1.1","qTau1","99","99","1",0.717308702835857,NA
"2711","L12CompL2.qTau1.1","qTau1","99","99","1",-0.0732005048151312,NA
"2712","L12CompL22.qTau1.1","qTau1","99","99","1",-0.173277993907436,NA
"2713","L12CompL3.qTau1.1","qTau1","99","99","1",-0.135200209295731,NA
"2714","L12CompL32.qTau1.1","qTau1","99","99","1",0.0472857117710478,NA
"2715","L12CompR1.qTau1.1","qTau1","99","99","1",-0.108926282459228,NA
"2716","L12CompR12.qTau1.1","qTau1","99","99","1",-0.200468887663951,NA
"2717","L2CompL3.qTau1.1","qTau1","99","99","1",-0.0577708491585923,NA
"2718","L2CompL32.qTau1.1","qTau1","99","99","1",0.112268132604852,NA
"2719","L2CompR1.qTau1.1","qTau1","99","99","1",-0.0332890056273791,NA
"2720","L2CompR12.qTau1.1","qTau1","99","99","1",-0.118587703115871,NA
"2721","L22CompL3.qTau1.1","qTau1","99","99","1",0.0324541880180438,NA
"2722","L22CompL32.qTau1.1","qTau1","99","99","1",0.187989297356484,NA
"2723","L22CompR1.qTau1.1","qTau1","99","99","1",0.0548477954776037,NA
"2724","L22CompR12.qTau1.1","qTau1","99","99","1",-0.023175150218201,NA
"2725","L3CompR1.qTau1.1","qTau1","99","99","1",0.0231447515789335,NA
"2726","L3CompR12.qTau1.1","qTau1","99","99","1",-0.0574953015633354,NA
"2727","L32CompR1.qTau1.1","qTau1","99","99","1",-0.163965205686866,NA
"2728","L32CompR12.qTau1.1","qTau1","99","99","1",-0.260051310761343,NA
"2729","DCompL1.qTau2.1","qTau2","99","99","1",-4.32973218689255,NA
"2730","DCompL12.qTau2.1","qTau2","99","99","1",-6.37425404648524,NA
"2731","DCompL2.qTau2.1","qTau2","99","99","1",-2.1565103206796,NA
"2732","DCompL22.qTau2.1","qTau2","99","99","1",-1.4876498811769,NA
"2733","DCompL3.qTau2.1","qTau2","99","99","1",-6.29724405204401,NA
"2734","DCompL32.qTau2.1","qTau2","99","99","1",-6.99674845696664,NA
"2735","DCompR1.qTau2.1","qTau2","99","99","1",-0.463712501279626,NA
"2736","DCompR12.qTau2.1","qTau2","99","99","1",-0.336482309426297,NA
"2737","L1CompL2.qTau2.1","qTau2","99","99","1",0.407754421799573,NA
"2738","L1CompL22.qTau2.1","qTau2","99","99","1",0.533250491029401,NA
"2739","L1CompL3.qTau2.1","qTau2","99","99","1",-0.369157735540666,NA
"2740","L1CompL32.qTau2.1","qTau2","99","99","1",-0.500403430520035,NA
"2741","L1CompR1.qTau2.1","qTau2","99","99","1",0.725368470693641,NA
"2742","L1CompR12.qTau2.1","qTau2","99","99","1",0.749240250248762,NA
"2743","L12CompL2.qTau2.1","qTau2","99","99","1",0.571955305474718,NA
"2744","L12CompL22.qTau2.1","qTau2","99","99","1",0.662657420602078,NA
"2745","L12CompL3.qTau2.1","qTau2","99","99","1",0.0104430894237959,NA
"2746","L12CompL32.qTau2.1","qTau2","99","99","1",-0.0844145599754715,NA
"2747","L12CompR1.qTau2.1","qTau2","99","99","1",0.801510431827709,NA
"2748","L12CompR12.qTau2.1","qTau2","99","99","1",0.818763728371509,NA
"2749","L2CompL3.qTau2.1","qTau2","99","99","1",-1.31180744261685,NA
"2750","L2CompL32.qTau2.1","qTau2","99","99","1",-1.53341432295552,NA
"2751","L2CompR1.qTau2.1","qTau2","99","99","1",0.536287750529361,NA
"2752","L2CompR12.qTau2.1","qTau2","99","99","1",0.576594981910736,NA
"2753","L22CompL3.qTau2.1","qTau2","99","99","1",-1.93338870041941,NA
"2754","L22CompL32.qTau2.1","qTau2","99","99","1",-2.21457955859263,NA
"2755","L22CompR1.qTau2.1","qTau2","99","99","1",0.411608316606375,NA
"2756","L22CompR12.qTau2.1","qTau2","99","99","1",0.462753050765322,NA
"2757","L3CompR1.qTau2.1","qTau2","99","99","1",0.799415712172922,NA
"2758","L3CompR12.qTau2.1","qTau2","99","99","1",0.816851087904626,NA
"2759","L32CompR1.qTau2.1","qTau2","99","99","1",0.816961542662447,NA
"2760","L32CompR12.qTau2.1","qTau2","99","99","1",0.832871783248106,NA
"2761","DCompL1.qNPQ.1","qNPQ","99","99","1",0.895041990467671,NA
"2762","DCompL12.qNPQ.1","qNPQ","99","99","1",0.648193455600479,NA
"2763","DCompL2.qNPQ.1","qNPQ","99","99","1",0.596013982857525,NA
"2764","DCompL22.qNPQ.1","qNPQ","99","99","1",0.674042784759126,NA
"2765","DCompL3.qNPQ.1","qNPQ","99","99","1",0.712234994778115,NA
"2766","DCompL32.qNPQ.1","qNPQ","99","99","1",0.453449456405755,NA
"2767","DCompR1.qNPQ.1","qNPQ","99","99","1",0.369605409012736,NA
"2768","DCompR12.qNPQ.1","qNPQ","99","99","1",0.526143422305112,NA
"2769","L1CompL2.qNPQ.1","qNPQ","99","99","1",-2.84902513817244,NA
"2770","L1CompL22.qNPQ.1","qNPQ","99","99","1",-2.10559638748175,NA
"2771","L1CompL3.qNPQ.1","qNPQ","99","99","1",-1.74171553466102,NA
"2772","L1CompL32.qNPQ.1","qNPQ","99","99","1",-4.20732572987581,NA
"2773","L1CompR1.qNPQ.1","qNPQ","99","99","1",-5.00615992811004,NA
"2774","L1CompR12.qNPQ.1","qNPQ","99","99","1",-3.5147252678123,NA
"2775","L12CompL2.qNPQ.1","qNPQ","99","99","1",-0.148318652889235,NA
"2776","L12CompL22.qNPQ.1","qNPQ","99","99","1",0.0734759758456659,NA
"2777","L12CompL3.qNPQ.1","qNPQ","99","99","1",0.182036236099431,NA
"2778","L12CompL32.qNPQ.1","qNPQ","99","99","1",-0.553554225453998,NA
"2779","L12CompR1.qNPQ.1","qNPQ","99","99","1",-0.791878522508015,NA
"2780","L12CompR12.qNPQ.1","qNPQ","99","99","1",-0.346923714860641,NA
"2781","L2CompL3.qNPQ.1","qNPQ","99","99","1",0.287685729181072,NA
"2782","L2CompL32.qNPQ.1","qNPQ","99","99","1",-0.352894705267712,NA
"2783","L2CompR1.qNPQ.1","qNPQ","99","99","1",-0.560436659284029,NA
"2784","L2CompR12.qNPQ.1","qNPQ","99","99","1",-0.172952918139669,NA
"2785","L22CompL3.qNPQ.1","qNPQ","99","99","1",0.117169395961266,NA
"2786","L22CompL32.qNPQ.1","qNPQ","99","99","1",-0.676755469856243,NA
"2787","L22CompR1.qNPQ.1","qNPQ","99","99","1",-0.933979557781586,NA
"2788","L22CompR12.qNPQ.1","qNPQ","99","99","1",-0.453738575305717,NA
"2789","L3CompR1.qNPQ.1","qNPQ","99","99","1",-1.19065758361129,NA
"2790","L3CompR12.qNPQ.1","qNPQ","99","99","1",-0.646678953646622,NA
"2791","L32CompR1.qNPQ.1","qNPQ","99","99","1",-0.153405843934653,NA
"2792","L32CompR12.qNPQ.1","qNPQ","99","99","1",0.133005019849225,NA
"2793","DCompL1.qqP.1","qqP","99","99","1",0.825636743390431,NA
"2794","DCompL12.qqP.1","qqP","99","99","1",0.604867910213245,NA
"2795","DCompL2.qqP.1","qqP","99","99","1",0.525719328728573,NA
"2796","DCompL22.qqP.1","qqP","99","99","1",0.530009564016225,NA
"2797","DCompL3.qqP.1","qqP","99","99","1",0.670643994054775,NA
"2798","DCompL32.qqP.1","qqP","99","99","1",0.483967238023369,NA
"2799","DCompR1.qqP.1","qqP","99","99","1",0.278233889169441,NA
"2800","DCompR12.qqP.1","qqP","99","99","1",0.319650575412033,NA
"2801","L1CompL2.qqP.1","qqP","99","99","1",-1.72007233917079,NA
"2802","L1CompL22.qqP.1","qqP","99","99","1",-1.69546718226403,NA
"2803","L1CompL3.qqP.1","qqP","99","99","1",-0.888907172012238,NA
"2804","L1CompL32.qqP.1","qqP","99","99","1",-1.95952697839386,NA
"2805","L1CompR1.qqP.1","qqP","99","99","1",-3.13943926527321,NA
"2806","L1CompR12.qqP.1","qqP","99","99","1",-2.90190822204814,NA
"2807","L12CompL2.qqP.1","qqP","99","99","1",-0.200309171364407,NA
"2808","L12CompL22.qqP.1","qqP","99","99","1",-0.189451447077911,NA
"2809","L12CompL3.qqP.1","qqP","99","99","1",0.166466064239501,NA
"2810","L12CompL32.qqP.1","qqP","99","99","1",-0.305975331578672,NA
"2811","L12CompR1.qqP.1","qqP","99","99","1",-0.826645138389243,NA
"2812","L12CompR12.qqP.1","qqP","99","99","1",-0.72182781954039,NA
"2813","L2CompL3.qqP.1","qqP","99","99","1",0.305567302453409,NA
"2814","L2CompL32.qqP.1","qqP","99","99","1",-0.0880324525839901,NA
"2815","L2CompR1.qqP.1","qqP","99","99","1",-0.521812198029673,NA
"2816","L2CompR12.qqP.1","qqP","99","99","1",-0.434486931048912,NA
"2817","L22CompL3.qqP.1","qqP","99","99","1",0.299228280558895,NA
"2818","L22CompL32.qqP.1","qqP","99","99","1",-0.097964389203966,NA
"2819","L22CompR1.qqP.1","qqP","99","99","1",-0.535703826227381,NA
"2820","L22CompR12.qqP.1","qqP","99","99","1",-0.447581424000409,NA
"2821","L3CompR1.qqP.1","qqP","99","99","1",-1.19144663465039,NA
"2822","L3CompR12.qqP.1","qqP","99","99","1",-1.06569612306118,NA
"2823","L32CompR1.qqP.1","qqP","99","99","1",-0.398682727170032,NA
"2824","L32CompR12.qqP.1","qqP","99","99","1",-0.318422927222548,NA
"2825","DCompL1.qABQ.1","qABQ","99","99","1",0,NA
"2826","DCompL12.qABQ.1","qABQ","99","99","1",0,NA
"2827","DCompL2.qABQ.1","qABQ","99","99","1",0,NA
"2828","DCompL22.qABQ.1","qABQ","99","99","1",1,NA
"2829","DCompL3.qABQ.1","qABQ","99","99","1",0,NA
"2830","DCompL32.qABQ.1","qABQ","99","99","1",0,NA
"2831","DCompR1.qABQ.1","qABQ","99","99","1",1,NA
"2832","DCompR12.qABQ.1","qABQ","99","99","1",1,NA
"2833","L1CompL2.qABQ.1","qABQ","99","99","1",0.974859900153322,NA
"2834","L1CompL22.qABQ.1","qABQ","99","99","1",1.03971333567075,NA
"2835","L1CompL3.qABQ.1","qABQ","99","99","1",0.042162405134591,NA
"2836","L1CompL32.qABQ.1","qABQ","99","99","1",0.238505339700208,NA
"2837","L1CompR1.qABQ.1","qABQ","99","99","1",1.14290017679846,NA
"2838","L1CompR12.qABQ.1","qABQ","99","99","1",1.32242910604847,NA
"2839","L12CompL2.qABQ.1","qABQ","99","99","1",0.951888536394843,NA
"2840","L12CompL22.qABQ.1","qABQ","99","99","1",1.07600076035557,NA
"2841","L12CompL3.qABQ.1","qABQ","99","99","1",-0.833046362825297,NA
"2842","L12CompL32.qABQ.1","qABQ","99","99","1",-0.457298215121279,NA
"2843","L12CompR1.qABQ.1","qABQ","99","99","1",1.27347292561044,NA
"2844","L12CompR12.qABQ.1","qABQ","99","99","1",1.61704353982285,NA
"2845","L2CompL3.qABQ.1","qABQ","99","99","1",-37.0999916749328,NA
"2846","L2CompL32.qABQ.1","qABQ","99","99","1",-29.2900412068338,NA
"2847","L2CompR1.qABQ.1","qABQ","99","99","1",6.68415311275475,NA
"2848","L2CompR12.qABQ.1","qABQ","99","99","1",13.8252913876583,NA
"2849","L22CompL3.qABQ.1","qABQ","99","99","1",25.1187897890669,NA
"2850","L22CompL32.qABQ.1","qABQ","99","99","1",20.1747846771961,NA
"2851","L22CompR1.qABQ.1","qABQ","99","99","1",-2.59829196880379,NA
"2852","L22CompR12.qABQ.1","qABQ","99","99","1",-7.11891271792528,NA
"2853","L3CompR1.qABQ.1","qABQ","99","99","1",1.14919040301246,NA
"2854","L3CompR12.qABQ.1","qABQ","99","99","1",1.33662189475218,NA
"2855","L32CompR1.qABQ.1","qABQ","99","99","1",1.18765749026028,NA
"2856","L32CompR12.qABQ.1","qABQ","99","99","1",1.42341610894754,NA
"2857","DCompL1.qqm.1","qqm","99","99","1",0,NA
"2858","DCompL12.qqm.1","qqm","99","99","1",0,NA
"2859","DCompL2.qqm.1","qqm","99","99","1",0,NA
"2860","DCompL22.qqm.1","qqm","99","99","1",0,NA
"2861","DCompL3.qqm.1","qqm","99","99","1",0,NA
"2862","DCompL32.qqm.1","qqm","99","99","1",0,NA
"2863","DCompR1.qqm.1","qqm","99","99","1",0,NA
"2864","DCompR12.qqm.1","qqm","99","99","1",0,NA
"2865","L1CompL2.qqm.1","qqm","99","99","1",0.168333653685406,NA
"2866","L1CompL22.qqm.1","qqm","99","99","1",0.281136016555118,NA
"2867","L1CompL3.qqm.1","qqm","99","99","1",0.00571789109073854,NA
"2868","L1CompL32.qqm.1","qqm","99","99","1",0.0577715629016577,NA
"2869","L1CompR1.qqm.1","qqm","99","99","1",0.519045046675247,NA
"2870","L1CompR12.qqm.1","qqm","99","99","1",0.603238880814051,NA
"2871","L12CompL2.qqm.1","qqm","99","99","1",0.120229446133414,NA
"2872","L12CompL22.qqm.1","qqm","99","99","1",0.239556382589499,NA
"2873","L12CompL3.qqm.1","qqm","99","99","1",-0.051792134587409,NA
"2874","L12CompL32.qqm.1","qqm","99","99","1",0.00327236078722881,NA
"2875","L12CompR1.qqm.1","qqm","99","99","1",0.491226250110475,NA
"2876","L12CompR12.qqm.1","qqm","99","99","1",0.580289918997263,NA
"2877","L2CompL3.qqm.1","qqm","99","99","1",-0.19553005038051,NA
"2878","L2CompL32.qqm.1","qqm","99","99","1",-0.132940440927648,NA
"2879","L2CompR1.qqm.1","qqm","99","99","1",0.421697228154015,NA
"2880","L2CompR12.qqm.1","qqm","99","99","1",0.52293233825784,NA
"2881","L22CompL3.qqm.1","qqm","99","99","1",-0.383129676555143,NA
"2882","L22CompL32.qqm.1","qqm","99","99","1",-0.310718659993328,NA
"2883","L22CompR1.qqm.1","qqm","99","99","1",0.330951383848778,NA
"2884","L22CompR12.qqm.1","qqm","99","99","1",0.448072057686598,NA
"2885","L3CompR1.qqm.1","qqm","99","99","1",0.516279183729489,NA
"2886","L3CompR12.qqm.1","qqm","99","99","1",0.600957197528979,NA
"2887","L32CompR1.qqm.1","qqm","99","99","1",0.4895558928301,NA
"2888","L32CompR12.qqm.1","qqm","99","99","1",0.578911967030201,NA
"2889","DCompL1.qQuant.2","qQuant","99","99","2",0.888565419957427,NA
"2890","DCompL12.qQuant.2","qQuant","99","99","2",0.848120567079353,NA
"2891","DCompL2.qQuant.2","qQuant","99","99","2",0.726123258278148,NA
"2892","DCompL22.qQuant.2","qQuant","99","99","2",0.624370841169595,NA
"2893","DCompL3.qQuant.2","qQuant","99","99","2",0.865257130974525,NA
"2894","DCompL32.qQuant.2","qQuant","99","99","2",0.836057298124813,NA
"2895","DCompR1.qQuant.2","qQuant","99","99","2",0.437603918764456,NA
"2896","DCompR12.qQuant.2","qQuant","99","99","2",0.348054092392285,NA
"2897","L1CompL2.qQuant.2","qQuant","99","99","2",-1.45773566533134,NA
"2898","L1CompL22.qQuant.2","qQuant","99","99","2",-2.37084914473495,NA
"2899","L1CompL3.qQuant.2","qQuant","99","99","2",-0.209165673474048,NA
"2900","L1CompL32.qQuant.2","qQuant","99","99","2",-0.471201325589895,NA
"2901","L1CompR1.qQuant.2","qQuant","99","99","2",-4.04687217397583,NA
"2902","L1CompR12.qQuant.2","qQuant","99","99","2",-4.85048112855671,NA
"2903","L12CompL2.qQuant.2","qQuant","99","99","2",-0.803251015988093,NA
"2904","L12CompL22.qQuant.2","qQuant","99","99","2",-1.47320622422038,NA
"2905","L12CompL3.qQuant.2","qQuant","99","99","2",0.112830049241261,NA
"2906","L12CompL32.qQuant.2","qQuant","99","99","2",-0.0794266130875176,NA
"2907","L12CompR1.qQuant.2","qQuant","99","99","2",-2.70291138451499,NA
"2908","L12CompR12.qQuant.2","qQuant","99","99","2",-3.29252266136878,NA
"2909","L2CompL3.qQuant.2","qQuant","99","99","2",0.508016386574659,NA
"2910","L2CompL32.qQuant.2","qQuant","99","99","2",0.401399692268553,NA
"2911","L2CompR1.qQuant.2","qQuant","99","99","2",-1.05346418867036,NA
"2912","L2CompR12.qQuant.2","qQuant","99","99","2",-1.38043545979465,NA
"2913","L22CompL3.qQuant.2","qQuant","99","99","2",0.641287514938873,NA
"2914","L22CompL32.qQuant.2","qQuant","99","99","2",0.563551715778258,NA
"2915","L22CompR1.qQuant.2","qQuant","99","99","2",-0.497210927358977,NA
"2916","L22CompR12.qQuant.2","qQuant","99","99","2",-0.735610487848377,NA
"2917","L3CompR1.qQuant.2","qQuant","99","99","2",-3.17384671488042,NA
"2918","L3CompR12.qQuant.2","qQuant","99","99","2",-3.83844460432599,NA
"2919","L32CompR1.qQuant.2","qQuant","99","99","2",-2.43044292184296,NA
"2920","L32CompR12.qQuant.2","qQuant","99","99","2",-2.9766692884204,NA
"2921","DCompL1.qSigma.2","qSigma","99","99","2",0.453512559514797,NA
"2922","DCompL12.qSigma.2","qSigma","99","99","2",0.210119872628405,NA
"2923","DCompL2.qSigma.2","qSigma","99","99","2",0.115830320644519,NA
"2924","DCompL22.qSigma.2","qSigma","99","99","2",0.0678919712916556,NA
"2925","DCompL3.qSigma.2","qSigma","99","99","2",0.373953056648674,NA
"2926","DCompL32.qSigma.2","qSigma","99","99","2",0.302011901232887,NA
"2927","DCompR1.qSigma.2","qSigma","99","99","2",-0.0188391410819504,NA
"2928","DCompR12.qSigma.2","qSigma","99","99","2",-0.104214259321259,NA
"2929","L1CompL2.qSigma.2","qSigma","99","99","2",-0.617913997383845,NA
"2930","L1CompL22.qSigma.2","qSigma","99","99","2",-0.705634859386274,NA
"2931","L1CompL3.qSigma.2","qSigma","99","99","2",-0.145583405897645,NA
"2932","L1CompL32.qSigma.2","qSigma","99","99","2",-0.277226239906628,NA
"2933","L1CompR1.qSigma.2","qSigma","99","99","2",-0.864341365608267,NA
"2934","L1CompR12.qSigma.2","qSigma","99","99","2",-1.02056658125734,NA
"2935","L12CompL2.qSigma.2","qSigma","99","99","2",-0.119371976476538,NA
"2936","L12CompL22.qSigma.2","qSigma","99","99","2",-0.180062640403459,NA
"2937","L12CompL3.qSigma.2","qSigma","99","99","2",0.207415249913225,NA
"2938","L12CompL32.qSigma.2","qSigma","99","99","2",0.116336676186881,NA
"2939","L12CompR1.qSigma.2","qSigma","99","99","2",-0.289865519812784,NA
"2940","L12CompR12.qSigma.2","qSigma","99","99","2",-0.397951690461744,NA
"2941","L2CompL3.qSigma.2","qSigma","99","99","2",0.291938009220487,NA
"2942","L2CompL32.qSigma.2","qSigma","99","99","2",0.210572229443658,NA
"2943","L2CompR1.qSigma.2","qSigma","99","99","2",-0.152311784571302,NA
"2944","L2CompR12.qSigma.2","qSigma","99","99","2",-0.248871438484726,NA
"2945","L22CompL3.qSigma.2","qSigma","99","99","2",0.328353662805736,NA
"2946","L22CompL32.qSigma.2","qSigma","99","99","2",0.251172528001566,NA
"2947","L22CompR1.qSigma.2","qSigma","99","99","2",-0.0930483481553017,NA
"2948","L22CompR12.qSigma.2","qSigma","99","99","2",-0.18464193560419,NA
"2949","L3CompR1.qSigma.2","qSigma","99","99","2",-0.627416525073899,NA
"2950","L3CompR12.qSigma.2","qSigma","99","99","2",-0.763788276658983,NA
"2951","L32CompR1.qSigma.2","qSigma","99","99","2",-0.459679818153878,NA
"2952","L32CompR12.qSigma.2","qSigma","99","99","2",-0.581995826679109,NA
"2953","DCompL1.qConnect.2","qConnect","99","99","2",-0.401299534648313,NA
"2954","DCompL12.qConnect.2","qConnect","99","99","2",0.194874152125208,NA
"2955","DCompL2.qConnect.2","qConnect","99","99","2",0.432354711290049,NA
"2956","DCompL22.qConnect.2","qConnect","99","99","2",0.291671119324886,NA
"2957","DCompL3.qConnect.2","qConnect","99","99","2",-0.728143380828178,NA
"2958","DCompL32.qConnect.2","qConnect","99","99","2",-0.0659439173638757,NA
"2959","DCompR1.qConnect.2","qConnect","99","99","2",0.276350640067005,NA
"2960","DCompR12.qConnect.2","qConnect","99","99","2",0.233305095038202,NA
"2961","L1CompL2.qConnect.2","qConnect","99","99","2",0.594915095113898,NA
"2962","L1CompL22.qConnect.2","qConnect","99","99","2",0.494520005779574,NA
"2963","L1CompL3.qConnect.2","qConnect","99","99","2",-0.233243384514427,NA
"2964","L1CompL32.qConnect.2","qConnect","99","99","2",0.239317582709825,NA
"2965","L1CompR1.qConnect.2","qConnect","99","99","2",0.483586954794351,NA
"2966","L1CompR12.qConnect.2","qConnect","99","99","2",0.452868650845433,NA
"2967","L12CompL2.qConnect.2","qConnect","99","99","2",0.294960793758757,NA
"2968","L12CompL22.qConnect.2","qConnect","99","99","2",0.120225884506357,NA
"2969","L12CompL3.qConnect.2","qConnect","99","99","2",-1.14642640698939,NA
"2970","L12CompL32.qConnect.2","qConnect","99","99","2",-0.323946958326501,NA
"2971","L12CompR1.qConnect.2","qConnect","99","99","2",0.10119720805991,NA
"2972","L12CompR12.qConnect.2","qConnect","99","99","2",0.047732839548545,NA
"2973","L2CompL3.qConnect.2","qConnect","99","99","2",-2.04440715918847,NA
"2974","L2CompL32.qConnect.2","qConnect","99","99","2",-0.877834518430294,NA
"2975","L2CompR1.qConnect.2","qConnect","99","99","2",-0.274826681954119,NA
"2976","L2CompR12.qConnect.2","qConnect","99","99","2",-0.350658448525511,NA
"2977","L22CompL3.qConnect.2","qConnect","99","99","2",-1.43974716826606,NA
"2978","L22CompL32.qConnect.2","qConnect","99","99","2",-0.504871460765394,NA
"2979","L22CompR1.qConnect.2","qConnect","99","99","2",-0.0216290478559595,NA
"2980","L22CompR12.qConnect.2","qConnect","99","99","2",-0.082399611083279,NA
"2981","L3CompR1.qConnect.2","qConnect","99","99","2",0.581256180499213,NA
"2982","L3CompR12.qConnect.2","qConnect","99","99","2",0.556347630950405,NA
"2983","L32CompR1.qConnect.2","qConnect","99","99","2",0.32111873040881,NA
"2984","L32CompR12.qConnect.2","qConnect","99","99","2",0.280736169630887,NA
"2985","DCompL1.qTau1.2","qTau1","99","99","2",-4.37874454633293,NA
"2986","DCompL12.qTau1.2","qTau1","99","99","2",-1.09659910426795,NA
"2987","DCompL2.qTau1.2","qTau1","99","99","2",-1.45352484809854,NA
"2988","DCompL22.qTau1.2","qTau1","99","99","2",-1.28124854641231,NA
"2989","DCompL3.qTau1.2","qTau1","99","99","2",-0.809090289363621,NA
"2990","DCompL32.qTau1.2","qTau1","99","99","2",-0.687342060363826,NA
"2991","DCompR1.qTau1.2","qTau1","99","99","2",-1.19749329404961,NA
"2992","DCompR12.qTau1.2","qTau1","99","99","2",-1.45601149041419,NA
"2993","L1CompL2.qTau1.2","qTau1","99","99","2",0.543848043541819,NA
"2994","L1CompL22.qTau1.2","qTau1","99","99","2",0.57587713512671,NA
"2995","L1CompL3.qTau1.2","qTau1","99","99","2",0.663659377429068,NA
"2996","L1CompL32.qTau1.2","qTau1","99","99","2",0.686294441792331,NA
"2997","L1CompR1.qTau1.2","qTau1","99","99","2",0.591448659604444,NA
"2998","L1CompR12.qTau1.2","qTau1","99","99","2",0.543385734485453,NA
"2999","L12CompL2.qTau1.2","qTau1","99","99","2",-0.170240339750221,NA
"3000","L12CompL22.qTau1.2","qTau1","99","99","2",-0.0880709343853434,NA
"3001","L12CompL3.qTau1.2","qTau1","99","99","2",0.137131039653248,NA
"3002","L12CompL32.qTau1.2","qTau1","99","99","2",0.195200428670899,NA
"3003","L12CompR1.qTau1.2","qTau1","99","99","2",-0.0481227858851346,NA
"3004","L12CompR12.qTau1.2","qTau1","99","99","2",-0.171426375893509,NA
"3005","L2CompL3.qTau1.2","qTau1","99","99","2",0.262656626132949,NA
"3006","L2CompL32.qTau1.2","qTau1","99","99","2",0.312278389325667,NA
"3007","L2CompR1.qTau1.2","qTau1","99","99","2",0.104352541710493,NA
"3008","L2CompR12.qTau1.2","qTau1","99","99","2",-0.00101349791406207,NA
"3009","L22CompL3.qTau1.2","qTau1","99","99","2",0.206973614423226,NA
"3010","L22CompL32.qTau1.2","qTau1","99","99","2",0.260342735114291,NA
"3011","L22CompR1.qTau1.2","qTau1","99","99","2",0.0367146545668695,NA
"3012","L22CompR12.qTau1.2","qTau1","99","99","2",-0.0766084626231223,NA
"3013","L3CompR1.qTau1.2","qTau1","99","99","2",-0.214695201764978,NA
"3014","L3CompR12.qTau1.2","qTau1","99","99","2",-0.357594756245212,NA
"3015","L32CompR1.qTau1.2","qTau1","99","99","2",-0.30234013936438,NA
"3016","L32CompR12.qTau1.2","qTau1","99","99","2",-0.455550447124289,NA
"3017","DCompL1.qTau2.2","qTau2","99","99","2",-3.99410162368748,NA
"3018","DCompL12.qTau2.2","qTau2","99","99","2",-8.06868732441458,NA
"3019","DCompL2.qTau2.2","qTau2","99","99","2",-4.34115231393669,NA
"3020","DCompL22.qTau2.2","qTau2","99","99","2",-2.03166013531695,NA
"3021","DCompL3.qTau2.2","qTau2","99","99","2",-7.5382836222565,NA
"3022","DCompL32.qTau2.2","qTau2","99","99","2",-9.54389765696041,NA
"3023","DCompR1.qTau2.2","qTau2","99","99","2",-1.11526990530541,NA
"3024","DCompR12.qTau2.2","qTau2","99","99","2",-0.831858313306204,NA
"3025","L1CompL2.qTau2.2","qTau2","99","99","2",-0.069492116180238,NA
"3026","L1CompL22.qTau2.2","qTau2","99","99","2",0.392951853254746,NA
"3027","L1CompL3.qTau2.2","qTau2","99","99","2",-0.709673584085402,NA
"3028","L1CompL32.qTau2.2","qTau2","99","99","2",-1.11127014455408,NA
"3029","L1CompR1.qTau2.2","qTau2","99","99","2",0.576446363191232,NA
"3030","L1CompR12.qTau2.2","qTau2","99","99","2",0.6331956272941,NA
"3031","L12CompL2.qTau2.2","qTau2","99","99","2",0.411033579296827,NA
"3032","L12CompL22.qTau2.2","qTau2","99","99","2",0.665700224644954,NA
"3033","L12CompL3.qTau2.2","qTau2","99","99","2",0.05848737344049,NA
"3034","L12CompL32.qTau2.2","qTau2","99","99","2",-0.162670768080657,NA
"3035","L12CompR1.qTau2.2","qTau2","99","99","2",0.766750155823466,NA
"3036","L12CompR12.qTau2.2","qTau2","99","99","2",0.798001822339325,NA
"3037","L2CompL3.qTau2.2","qTau2","99","99","2",-0.598584560110283,NA
"3038","L2CompL32.qTau2.2","qTau2","99","99","2",-0.974086683401292,NA
"3039","L2CompR1.qTau2.2","qTau2","99","99","2",0.60396749971237,NA
"3040","L2CompR12.qTau2.2","qTau2","99","99","2",0.657029381370322,NA
"3041","L22CompL3.qTau2.2","qTau2","99","99","2",-1.81637229806561,NA
"3042","L22CompL32.qTau2.2","qTau2","99","99","2",-2.47792865503972,NA
"3043","L22CompR1.qTau2.2","qTau2","99","99","2",0.302273404375433,NA
"3044","L22CompR12.qTau2.2","qTau2","99","99","2",0.395757363443812,NA
"3045","L3CompR1.qTau2.2","qTau2","99","99","2",0.752260524610404,NA
"3046","L3CompR12.qTau2.2","qTau2","99","99","2",0.785453564867399,NA
"3047","L32CompR1.qTau2.2","qTau2","99","99","2",0.799384442629805,NA
"3048","L32CompR12.qTau2.2","qTau2","99","99","2",0.826263648139934,NA
"3049","DCompL1.qNPQ.2","qNPQ","99","99","2",0.889071983941812,NA
"3050","DCompL12.qNPQ.2","qNPQ","99","99","2",0.630342950292485,NA
"3051","DCompL2.qNPQ.2","qNPQ","99","99","2",0.594613315667526,NA
"3052","DCompL22.qNPQ.2","qNPQ","99","99","2",0.675984662896747,NA
"3053","DCompL3.qNPQ.2","qNPQ","99","99","2",0.710446957518909,NA
"3054","DCompL32.qNPQ.2","qNPQ","99","99","2",0.438393133116455,NA
"3055","DCompR1.qNPQ.2","qNPQ","99","99","2",0.373382394758011,NA
"3056","DCompR12.qNPQ.2","qNPQ","99","99","2",0.539085844730215,NA
"3057","L1CompL2.qNPQ.2","qNPQ","99","99","2",-2.65450225053898,NA
"3058","L1CompL22.qNPQ.2","qNPQ","99","99","2",-1.92095133959024,NA
"3059","L1CompL3.qNPQ.2","qNPQ","99","99","2",-1.61027874445355,NA
"3060","L1CompL32.qNPQ.2","qNPQ","99","99","2",-4.06280457219165,NA
"3061","L1CompR1.qNPQ.2","qNPQ","99","99","2",-4.64886696353868,NA
"3062","L1CompR12.qNPQ.2","qNPQ","99","99","2",-3.15507435946576,NA
"3063","L12CompL2.qNPQ.2","qNPQ","99","99","2",-0.096656169964103,NA
"3064","L12CompL22.qNPQ.2","qNPQ","99","99","2",0.123470423843871,NA
"3065","L12CompL3.qNPQ.2","qNPQ","99","99","2",0.216698172778809,NA
"3066","L12CompL32.qNPQ.2","qNPQ","99","99","2",-0.519264592215696,NA
"3067","L12CompR1.qNPQ.2","qNPQ","99","99","2",-0.695132300974076,NA
"3068","L12CompR12.qNPQ.2","qNPQ","99","99","2",-0.246869647513756,NA
"3069","L2CompL3.qNPQ.2","qNPQ","99","99","2",0.285736178143391,NA
"3070","L2CompL32.qNPQ.2","qNPQ","99","99","2",-0.385360912404684,NA
"3071","L2CompR1.qNPQ.2","qNPQ","99","99","2",-0.545728139230333,NA
"3072","L2CompR12.qNPQ.2","qNPQ","99","99","2",-0.136974086923315,NA
"3073","L22CompL3.qNPQ.2","qNPQ","99","99","2",0.106360072119611,NA
"3074","L22CompL32.qNPQ.2","qNPQ","99","99","2",-0.733272479952327,NA
"3075","L22CompR1.qNPQ.2","qNPQ","99","99","2",-0.933913409297368,NA
"3076","L22CompR12.qNPQ.2","qNPQ","99","99","2",-0.422507216449775,NA
"3077","L3CompR1.qNPQ.2","qNPQ","99","99","2",-1.16408572285304,NA
"3078","L3CompR12.qNPQ.2","qNPQ","99","99","2",-0.59181250979217,NA
"3079","L32CompR1.qNPQ.2","qNPQ","99","99","2",-0.115758446329546,NA
"3080","L32CompR12.qNPQ.2","qNPQ","99","99","2",0.179293946622345,NA
"3081","DCompL1.qqP.2","qqP","99","99","2",0.821330536699829,NA
"3082","DCompL12.qqP.2","qqP","99","99","2",0.587852477785699,NA
"3083","DCompL2.qqP.2","qqP","99","99","2",0.512329921403204,NA
"3084","DCompL22.qqP.2","qqP","99","99","2",0.522542517615722,NA
"3085","DCompL3.qqP.2","qqP","99","99","2",0.654331636414341,NA
"3086","DCompL32.qqP.2","qqP","99","99","2",0.462355260797892,NA
"3087","DCompR1.qqP.2","qqP","99","99","2",0.278894634810667,NA
"3088","DCompR12.qqP.2","qqP","99","99","2",0.324464398067987,NA
"3089","L1CompL2.qqP.2","qqP","99","99","2",-1.72945398496829,NA
"3090","L1CompL22.qqP.2","qqP","99","99","2",-1.67229482624087,NA
"3091","L1CompL3.qqP.2","qqP","99","99","2",-0.934680707049108,NA
"3092","L1CompL32.qqP.2","qqP","99","99","2",-2.00915852810756,NA
"3093","L1CompR1.qqP.2","qqP","99","99","2",-3.03597431743472,NA
"3094","L1CompR12.qqP.2","qqP","99","99","2",-2.7809236645945,NA
"3095","L12CompL2.qqP.2","qqP","99","99","2",-0.183241563546819,NA
"3096","L12CompL22.qqP.2","qqP","99","99","2",-0.158462581114388,NA
"3097","L12CompL3.qqP.2","qqP","99","99","2",0.161299425680098,NA
"3098","L12CompL32.qqP.2","qqP","99","99","2",-0.304495866707051,NA
"3099","L12CompR1.qqP.2","qqP","99","99","2",-0.749629262151395,NA
"3100","L12CompR12.qqP.2","qqP","99","99","2",-0.639062630542178,NA
"3101","L2CompL3.qqP.2","qqP","99","99","2",0.291183981227079,NA
"3102","L2CompL32.qqP.2","qqP","99","99","2",-0.102476372446525,NA
"3103","L2CompR1.qqP.2","qqP","99","99","2",-0.478674613919751,NA
"3104","L2CompR12.qqP.2","qqP","99","99","2",-0.38523077707735,NA
"3105","L22CompL3.qqP.2","qqP","99","99","2",0.276022732203305,NA
"3106","L22CompL32.qqP.2","qqP","99","99","2",-0.126057835594643,NA
"3107","L22CompR1.qqP.2","qqP","99","99","2",-0.510302784634038,NA
"3108","L22CompR12.qqP.2","qqP","99","99","2",-0.414860227048055,NA
"3109","L3CompR1.qqP.2","qqP","99","99","2",-1.08611907005091,NA
"3110","L3CompR12.qqP.2","qqP","99","99","2",-0.954288193818498,NA
"3111","L32CompR1.qqP.2","qqP","99","99","2",-0.341230207626489,NA
"3112","L32CompR12.qqP.2","qqP","99","99","2",-0.256472076588235,NA
"3113","DCompL1.qABQ.2","qABQ","99","99","2",0,NA
"3114","DCompL12.qABQ.2","qABQ","99","99","2",0,NA
"3115","DCompL2.qABQ.2","qABQ","99","99","2",0,NA
"3116","DCompL22.qABQ.2","qABQ","99","99","2",0,NA
"3117","DCompL3.qABQ.2","qABQ","99","99","2",0,NA
"3118","DCompL32.qABQ.2","qABQ","99","99","2",0,NA
"3119","DCompR1.qABQ.2","qABQ","99","99","2",1,NA
"3120","DCompR12.qABQ.2","qABQ","99","99","2",1,NA
"3121","L1CompL2.qABQ.2","qABQ","99","99","2",0.744592915423462,NA
"3122","L1CompL22.qABQ.2","qABQ","99","99","2",0.850297483791209,NA
"3123","L1CompL3.qABQ.2","qABQ","99","99","2",0.17542954698155,NA
"3124","L1CompL32.qABQ.2","qABQ","99","99","2",0.334060557096805,NA
"3125","L1CompR1.qABQ.2","qABQ","99","99","2",1.04154050574058,NA
"3126","L1CompR12.qABQ.2","qABQ","99","99","2",1.22979354625317,NA
"3127","L12CompL2.qABQ.2","qABQ","99","99","2",0.448741714928779,NA
"3128","L12CompL22.qABQ.2","qABQ","99","99","2",0.676889337298806,NA
"3129","L12CompL3.qABQ.2","qABQ","99","99","2",-0.779712941812055,NA
"3130","L12CompL32.qABQ.2","qABQ","99","99","2",-0.437331450162219,NA
"3131","L12CompR1.qABQ.2","qABQ","99","99","2",1.08965901628576,NA
"3132","L12CompR12.qABQ.2","qABQ","99","99","2",1.49597526410822,NA
"3133","L2CompL3.qABQ.2","qABQ","99","99","2",-2.22845568041144,NA
"3134","L2CompL32.qABQ.2","qABQ","99","99","2",-1.60736480355396,NA
"3135","L2CompR1.qABQ.2","qABQ","99","99","2",1.16264429708149,NA
"3136","L2CompR12.qABQ.2","qABQ","99","99","2",1.89971484790318,NA
"3137","L22CompL3.qABQ.2","qABQ","99","99","2",-4.50806007741656,NA
"3138","L22CompL32.qABQ.2","qABQ","99","99","2",-3.44841850202707,NA
"3139","L22CompR1.qABQ.2","qABQ","99","99","2",1.27748702421706,NA
"3140","L22CompR12.qABQ.2","qABQ","99","99","2",2.53500122825377,NA
"3141","L3CompR1.qABQ.2","qABQ","99","99","2",1.05037835831798,NA
"3142","L3CompR12.qABQ.2","qABQ","99","99","2",1.27868273161133,NA
"3143","L32CompR1.qABQ.2","qABQ","99","99","2",1.06237880363338,NA
"3144","L32CompR12.qABQ.2","qABQ","99","99","2",1.34506673046933,NA
"3145","DCompL1.qqm.2","qqm","99","99","2",0,NA
"3146","DCompL12.qqm.2","qqm","99","99","2",0,NA
"3147","DCompL2.qqm.2","qqm","99","99","2",0,NA
"3148","DCompL22.qqm.2","qqm","99","99","2",0,NA
"3149","DCompL3.qqm.2","qqm","99","99","2",0,NA
"3150","DCompL32.qqm.2","qqm","99","99","2",0,NA
"3151","DCompR1.qqm.2","qqm","99","99","2",0,NA
"3152","DCompR12.qqm.2","qqm","99","99","2",0,NA
"3153","L1CompL2.qqm.2","qqm","99","99","2",0.182813958354425,NA
"3154","L1CompL22.qqm.2","qqm","99","99","2",0.297327099225277,NA
"3155","L1CompL3.qqm.2","qqm","99","99","2",0.0262313707684222,NA
"3156","L1CompL32.qqm.2","qqm","99","99","2",0.0590931412063388,NA
"3157","L1CompR1.qqm.2","qqm","99","99","2",0.507516375344179,NA
"3158","L1CompR12.qqm.2","qqm","99","99","2",0.608296604194928,NA
"3159","L12CompL2.qqm.2","qqm","99","99","2",0.143844299427054,NA
"3160","L12CompL22.qqm.2","qqm","99","99","2",0.263818299655529,NA
"3161","L12CompL3.qqm.2","qqm","99","99","2",-0.0202053393825651,NA
"3162","L12CompL32.qqm.2","qqm","99","99","2",0.0142235307370059,NA
"3163","L12CompR1.qqm.2","qqm","99","99","2",0.484031002488929,NA
"3164","L12CompR12.qqm.2","qqm","99","99","2",0.589617200782116,NA
"3165","L2CompL3.qqm.2","qqm","99","99","2",-0.191611921406159,NA
"3166","L2CompL32.qqm.2","qqm","99","99","2",-0.151398593273752,NA
"3167","L2CompR1.qqm.2","qqm","99","99","2",0.397342098912872,NA
"3168","L2CompR12.qqm.2","qqm","99","99","2",0.520668029257701,NA
"3169","L22CompL3.qqm.2","qqm","99","99","2",-0.385806437330886,NA
"3170","L22CompL32.qqm.2","qqm","99","99","2",-0.339039626768411,NA
"3171","L22CompR1.qqm.2","qqm","99","99","2",0.299128194480193,NA
"3172","L22CompR12.qqm.2","qqm","99","99","2",0.442552295138742,NA
"3173","L3CompR1.qqm.2","qqm","99","99","2",0.494249855795365,NA
"3174","L3CompR12.qqm.2","qqm","99","99","2",0.597744901564375,NA
"3175","L32CompR1.qqm.2","qqm","99","99","2",0.476586210363867,NA
"3176","L32CompR12.qqm.2","qqm","99","99","2",0.583695886426765,NA
"3177","DCompL1.qQuant.3","qQuant","99","99","3",0.876230360352178,NA
"3178","DCompL12.qQuant.3","qQuant","99","99","3",0.843604456032243,NA
"3179","DCompL2.qQuant.3","qQuant","99","99","3",0.715153443249914,NA
"3180","DCompL22.qQuant.3","qQuant","99","99","3",0.626848455663829,NA
"3181","DCompL3.qQuant.3","qQuant","99","99","3",0.859196224995953,NA
"3182","DCompL32.qQuant.3","qQuant","99","99","3",0.834955373532439,NA
"3183","DCompR1.qQuant.3","qQuant","99","99","3",0.416159558878752,NA
"3184","DCompR12.qQuant.3","qQuant","99","99","3",0.334842148899853,NA
"3185","L1CompL2.qQuant.3","qQuant","99","99","3",-1.30142511168812,NA
"3186","L1CompL22.qQuant.3","qQuant","99","99","3",-2.01488753944787,NA
"3187","L1CompL3.qQuant.3","qQuant","99","99","3",-0.137627736532924,NA
"3188","L1CompL32.qQuant.3","qQuant","99","99","3",-0.333482321974794,NA
"3189","L1CompR1.qQuant.3","qQuant","99","99","3",-3.71715392225853,NA
"3190","L1CompR12.qQuant.3","qQuant","99","99","3",-4.37416003628037,NA
"3191","L12CompL2.qQuant.3","qQuant","99","99","3",-0.821321436170911,NA
"3192","L12CompL22.qQuant.3","qQuant","99","99","3",-1.38594741812529,NA
"3193","L12CompL3.qQuant.3","qQuant","99","99","3",0.0996944578352208,NA
"3194","L12CompL32.qQuant.3","qQuant","99","99","3",-0.055302614642185,NA
"3195","L12CompR1.qQuant.3","qQuant","99","99","3",-2.73310150858015,NA
"3196","L12CompR12.qQuant.3","qQuant","99","99","3",-3.25304861139315,NA
"3197","L2CompL3.qQuant.3","qQuant","99","99","3",0.50568552904228,NA
"3198","L2CompL32.qQuant.3","qQuant","99","99","3",0.420584091482051,NA
"3199","L2CompR1.qQuant.3","qQuant","99","99","3",-1.04966648634439,NA
"3200","L2CompR12.qQuant.3","qQuant","99","99","3",-1.33514443245923,NA
"3201","L22CompL3.qQuant.3","qQuant","99","99","3",0.622663292859917,NA
"3202","L22CompL32.qQuant.3","qQuant","99","99","3",0.557700808230146,NA
"3203","L22CompR1.qQuant.3","qQuant","99","99","3",-0.564620192474049,NA
"3204","L22CompR12.qQuant.3","qQuant","99","99","3",-0.782540796617764,NA
"3205","L3CompR1.qQuant.3","qQuant","99","99","3",-3.14648287025306,NA
"3206","L3CompR12.qQuant.3","qQuant","99","99","3",-3.72400580936859,NA
"3207","L32CompR1.qQuant.3","qQuant","99","99","3",-2.53747015953894,NA
"3208","L32CompR12.qQuant.3","qQuant","99","99","3",-3.03016969008004,NA
"3209","DCompL1.qSigma.3","qSigma","99","99","3",0.362939667384329,NA
"3210","DCompL12.qSigma.3","qSigma","99","99","3",0.230140707195451,NA
"3211","DCompL2.qSigma.3","qSigma","99","99","3",0.0379911179560325,NA
"3212","DCompL22.qSigma.3","qSigma","99","99","3",0.0278086837127004,NA
"3213","DCompL3.qSigma.3","qSigma","99","99","3",0.295290277802122,NA
"3214","DCompL32.qSigma.3","qSigma","99","99","3",0.26197394553424,NA
"3215","DCompR1.qSigma.3","qSigma","99","99","3",-0.027787164044888,NA
"3216","DCompR12.qSigma.3","qSigma","99","99","3",-0.103713342121201,NA
"3217","L1CompL2.qSigma.3","qSigma","99","99","3",-0.510075000422814,NA
"3218","L1CompL22.qSigma.3","qSigma","99","99","3",-0.526058469683135,NA
"3219","L1CompL3.qSigma.3","qSigma","99","99","3",-0.106189926006614,NA
"3220","L1CompL32.qSigma.3","qSigma","99","99","3",-0.158486907253414,NA
"3221","L1CompR1.qSigma.3","qSigma","99","99","3",-0.613327830073728,NA
"3222","L1CompR12.qSigma.3","qSigma","99","99","3",-0.732509914075995,NA
"3223","L12CompL2.qSigma.3","qSigma","99","99","3",-0.249590530419435,NA
"3224","L12CompL22.qSigma.3","qSigma","99","99","3",-0.262816887935025,NA
"3225","L12CompL3.qSigma.3","qSigma","99","99","3",0.0846252960970767,NA
"3226","L12CompL32.qSigma.3","qSigma","99","99","3",0.0413494240263341,NA
"3227","L12CompR1.qSigma.3","qSigma","99","99","3",-0.335032484053968,NA
"3228","L12CompR12.qSigma.3","qSigma","99","99","3",-0.433655932242427,NA
"3229","L2CompL3.qSigma.3","qSigma","99","99","3",0.267460274690405,NA
"3230","L2CompL32.qSigma.3","qSigma","99","99","3",0.232828232419553,NA
"3231","L2CompR1.qSigma.3","qSigma","99","99","3",-0.0683759612085517,NA
"3232","L2CompR12.qSigma.3","qSigma","99","99","3",-0.147300573541646,NA
"3233","L22CompL3.qSigma.3","qSigma","99","99","3",0.275132671531059,NA
"3234","L22CompL32.qSigma.3","qSigma","99","99","3",0.240863354669524,NA
"3235","L22CompR1.qSigma.3","qSigma","99","99","3",-0.0571861184379874,NA
"3236","L22CompR12.qSigma.3","qSigma","99","99","3",-0.135284098541603,NA
"3237","L3CompR1.qSigma.3","qSigma","99","99","3",-0.458454639790384,NA
"3238","L3CompR12.qSigma.3","qSigma","99","99","3",-0.566195707757364,NA
"3239","L32CompR1.qSigma.3","qSigma","99","99","3",-0.392616368793212,NA
"3240","L32CompR12.qSigma.3","qSigma","99","99","3",-0.495493736898155,NA
"3241","DCompL1.qConnect.3","qConnect","99","99","3",-0.722851915864359,NA
"3242","DCompL12.qConnect.3","qConnect","99","99","3",0.00724902027873399,NA
"3243","DCompL2.qConnect.3","qConnect","99","99","3",0.274652446207348,NA
"3244","DCompL22.qConnect.3","qConnect","99","99","3",0.116548476357234,NA
"3245","DCompL3.qConnect.3","qConnect","99","99","3",0.00885359729340956,NA
"3246","DCompL32.qConnect.3","qConnect","99","99","3",-0.126017873503313,NA
"3247","DCompR1.qConnect.3","qConnect","99","99","3",0.285465677943663,NA
"3248","DCompR12.qConnect.3","qConnect","99","99","3",0.322842034442283,NA
"3249","L1CompL2.qConnect.3","qConnect","99","99","3",0.578984387971183,NA
"3250","L1CompL22.qConnect.3","qConnect","99","99","3",0.487215636174084,NA
"3251","L1CompL3.qConnect.3","qConnect","99","99","3",0.424705981065511,NA
"3252","L1CompL32.qConnect.3","qConnect","99","99","3",0.346422136960978,NA
"3253","L1CompR1.qConnect.3","qConnect","99","99","3",0.585260743841787,NA
"3254","L1CompR12.qConnect.3","qConnect","99","99","3",0.606955212271982,NA
"3255","L12CompL2.qConnect.3","qConnect","99","99","3",0.269355992983953,NA
"3256","L12CompL22.qConnect.3","qConnect","99","99","3",0.110097555490892,NA
"3257","L12CompL3.qConnect.3","qConnect","99","99","3",0.00161629355946451,NA
"3258","L12CompL32.qConnect.3","qConnect","99","99","3",-0.134240002280798,NA
"3259","L12CompR1.qConnect.3","qConnect","99","99","3",0.280248182422387,NA
"3260","L12CompR12.qConnect.3","qConnect","99","99","3",0.317897459292519,NA
"3261","L2CompL3.qConnect.3","qConnect","99","99","3",-0.36644343463233,NA
"3262","L2CompL32.qConnect.3","qConnect","99","99","3",-0.552383912533599,NA
"3263","L2CompR1.qConnect.3","qConnect","99","99","3",0.01490765589513,NA
"3264","L2CompR12.qConnect.3","qConnect","99","99","3",0.0664365489108839,NA
"3265","L22CompL3.qConnect.3","qConnect","99","99","3",-0.121902420429094,NA
"3266","L22CompL32.qConnect.3","qConnect","99","99","3",-0.274566677818794,NA
"3267","L22CompR1.qConnect.3","qConnect","99","99","3",0.191201437844521,NA
"3268","L22CompR12.qConnect.3","qConnect","99","99","3",0.233508633540449,NA
"3269","L3CompR1.qConnect.3","qConnect","99","99","3",0.27908296886806,NA
"3270","L3CompR12.qConnect.3","qConnect","99","99","3",0.316793196536298,NA
"3271","L32CompR1.qConnect.3","qConnect","99","99","3",0.365432522102648,NA
"3272","L32CompR12.qConnect.3","qConnect","99","99","3",0.398625917499058,NA
"3273","DCompL1.qTau1.3","qTau1","99","99","3",-2.87042020648566,NA
"3274","DCompL12.qTau1.3","qTau1","99","99","3",-1.28005114394376,NA
"3275","DCompL2.qTau1.3","qTau1","99","99","3",-1.16331983302068,NA
"3276","DCompL22.qTau1.3","qTau1","99","99","3",-1.18652132342123,NA
"3277","DCompL3.qTau1.3","qTau1","99","99","3",-0.839032151544819,NA
"3278","DCompL32.qTau1.3","qTau1","99","99","3",-0.944922682843945,NA
"3279","DCompR1.qTau1.3","qTau1","99","99","3",-1.1495675716654,NA
"3280","DCompR12.qTau1.3","qTau1","99","99","3",-1.12977461021831,NA
"3281","L1CompL2.qTau1.3","qTau1","99","99","3",0.441063316743849,NA
"3282","L1CompL22.qTau1.3","qTau1","99","99","3",0.43506875047901,NA
"3283","L1CompL3.qTau1.3","qTau1","99","99","3",0.524849485732026,NA
"3284","L1CompL32.qTau1.3","qTau1","99","99","3",0.497490561984759,NA
"3285","L1CompR1.qTau1.3","qTau1","99","99","3",0.444616486844667,NA
"3286","L1CompR12.qTau1.3","qTau1","99","99","3",0.44973039189661,NA
"3287","L12CompL2.qTau1.3","qTau1","99","99","3",0.0511967949636288,NA
"3288","L12CompL22.qTau1.3","qTau1","99","99","3",0.0410209309431317,NA
"3289","L12CompL3.qTau1.3","qTau1","99","99","3",0.193425043806745,NA
"3290","L12CompL32.qTau1.3","qTau1","99","99","3",0.146982870094813,NA
"3291","L12CompR1.qTau1.3","qTau1","99","99","3",0.0572283532432817,NA
"3292","L12CompR12.qTau1.3","qTau1","99","99","3",0.0659092819582641,NA
"3293","L2CompL3.qTau1.3","qTau1","99","99","3",0.149902791314521,NA
"3294","L2CompL32.qTau1.3","qTau1","99","99","3",0.100954628549671,NA
"3295","L2CompR1.qTau1.3","qTau1","99","99","3",0.00635701718505649,NA
"3296","L2CompR12.qTau1.3","qTau1","99","99","3",0.0155063630861906,NA
"3297","L22CompL3.qTau1.3","qTau1","99","99","3",0.158923294346245,NA
"3298","L22CompL32.qTau1.3","qTau1","99","99","3",0.1104945275353,NA
"3299","L22CompR1.qTau1.3","qTau1","99","99","3",0.0169007049508282,NA
"3300","L22CompR12.qTau1.3","qTau1","99","99","3",0.0259529658343946,NA
"3301","L3CompR1.qTau1.3","qTau1","99","99","3",-0.168858070186387,NA
"3302","L3CompR12.qTau1.3","qTau1","99","99","3",-0.158095364689116,NA
"3303","L32CompR1.qTau1.3","qTau1","99","99","3",-0.105220063823932,NA
"3304","L32CompR12.qTau1.3","qTau1","99","99","3",-0.0950433294880723,NA
"3305","DCompL1.qTau2.3","qTau2","99","99","3",-3.03290676261079,NA
"3306","DCompL12.qTau2.3","qTau2","99","99","3",-6.3075763006158,NA
"3307","DCompL2.qTau2.3","qTau2","99","99","3",-3.4236558688986,NA
"3308","DCompL22.qTau2.3","qTau2","99","99","3",-2.13811255614195,NA
"3309","DCompL3.qTau2.3","qTau2","99","99","3",-6.26169238134015,NA
"3310","DCompL32.qTau2.3","qTau2","99","99","3",-7.88627533476093,NA
"3311","DCompR1.qTau2.3","qTau2","99","99","3",-0.721373219111559,NA
"3312","DCompR12.qTau2.3","qTau2","99","99","3",-0.3149902526799,NA
"3313","L1CompL2.qTau2.3","qTau2","99","99","3",-0.0968901909437771,NA
"3314","L1CompL22.qTau2.3","qTau2","99","99","3",0.221873268870112,NA
"3315","L1CompL3.qTau2.3","qTau2","99","99","3",-0.800610033602447,NA
"3316","L1CompL32.qTau2.3","qTau2","99","99","3",-1.20344179963342,NA
"3317","L1CompR1.qTau2.3","qTau2","99","99","3",0.573168109148849,NA
"3318","L1CompR12.qTau2.3","qTau2","99","99","3",0.673934873756265,NA
"3319","L12CompL2.qTau2.3","qTau2","99","99","3",0.394648008187636,NA
"3320","L12CompL22.qTau2.3","qTau2","99","99","3",0.570567254169141,NA
"3321","L12CompL3.qTau2.3","qTau2","99","99","3",0.00627895178758288,NA
"3322","L12CompL32.qTau2.3","qTau2","99","99","3",-0.216035928904648,NA
"3323","L12CompR1.qTau2.3","qTau2","99","99","3",0.764439925318809,NA
"3324","L12CompR12.qTau2.3","qTau2","99","99","3",0.820051108796622,NA
"3325","L2CompL3.qTau2.3","qTau2","99","99","3",-0.641559062583266,NA
"3326","L2CompL32.qTau2.3","qTau2","99","99","3",-1.008808008154,NA
"3327","L2CompR1.qTau2.3","qTau2","99","99","3",0.610870901777415,NA
"3328","L2CompR12.qTau2.3","qTau2","99","99","3",0.702736765324536,NA
"3329","L22CompL3.qTau2.3","qTau2","99","99","3",-1.31403184284371,NA
"3330","L22CompL32.qTau2.3","qTau2","99","99","3",-1.83172613339461,NA
"3331","L22CompR1.qTau2.3","qTau2","99","99","3",0.451462244162509,NA
"3332","L22CompR12.qTau2.3","qTau2","99","99","3",0.580961412583438,NA
"3333","L3CompR1.qTau2.3","qTau2","99","99","3",0.762951509274223,NA
"3334","L3CompR12.qTau2.3","qTau2","99","99","3",0.818914079029437,NA
"3335","L32CompR1.qTau2.3","qTau2","99","99","3",0.806288556873995,NA
"3336","L32CompR12.qTau2.3","qTau2","99","99","3",0.8520200868033,NA
"3337","DCompL1.qNPQ.3","qNPQ","99","99","3",0.87694962726685,NA
"3338","DCompL12.qNPQ.3","qNPQ","99","99","3",0.62928105142928,NA
"3339","DCompL2.qNPQ.3","qNPQ","99","99","3",0.595512434646573,NA
"3340","DCompL22.qNPQ.3","qNPQ","99","99","3",0.666037206856231,NA
"3341","DCompL3.qNPQ.3","qNPQ","99","99","3",0.705966754174999,NA
"3342","DCompL32.qNPQ.3","qNPQ","99","99","3",0.45178506143754,NA
"3343","DCompR1.qNPQ.3","qNPQ","99","99","3",0.393035963461215,NA
"3344","DCompR12.qNPQ.3","qNPQ","99","99","3",0.534530115097214,NA
"3345","L1CompL2.qNPQ.3","qNPQ","99","99","3",-2.28717058200716,NA
"3346","L1CompL22.qNPQ.3","qNPQ","99","99","3",-1.71403316971666,NA
"3347","L1CompL3.qNPQ.3","qNPQ","99","99","3",-1.38953559663446,NA
"3348","L1CompL32.qNPQ.3","qNPQ","99","99","3",-3.45520746004834,NA
"3349","L1CompR1.qNPQ.3","qNPQ","99","99","3",-3.93264687507335,NA
"3350","L1CompR12.qNPQ.3","qNPQ","99","99","3",-2.78275883740892,NA
"3351","L12CompL2.qNPQ.3","qNPQ","99","99","3",-0.0910895353822624,NA
"3352","L12CompL22.qNPQ.3","qNPQ","99","99","3",0.0991483051207974,NA
"3353","L12CompL3.qNPQ.3","qNPQ","99","99","3",0.206856711914443,NA
"3354","L12CompL32.qNPQ.3","qNPQ","99","99","3",-0.478788555794258,NA
"3355","L12CompR1.qNPQ.3","qNPQ","99","99","3",-0.63726197130978,NA
"3356","L12CompR12.qNPQ.3","qNPQ","99","99","3",-0.255586979563283,NA
"3357","L2CompL3.qNPQ.3","qNPQ","99","99","3",0.273072225179321,NA
"3358","L2CompL32.qNPQ.3","qNPQ","99","99","3",-0.355331994157716,NA
"3359","L2CompR1.qNPQ.3","qNPQ","99","99","3",-0.500575267396517,NA
"3360","L2CompR12.qNPQ.3","qNPQ","99","99","3",-0.150764386282368,NA
"3361","L22CompL3.qNPQ.3","qNPQ","99","99","3",0.11956286190713,NA
"3362","L22CompL32.qNPQ.3","qNPQ","99","99","3",-0.641544955956987,NA
"3363","L22CompR1.qNPQ.3","qNPQ","99","99","3",-0.81746005543046,NA
"3364","L22CompR12.qNPQ.3","qNPQ","99","99","3",-0.393777673617684,NA
"3365","L3CompR1.qNPQ.3","qNPQ","99","99","3",-1.06427009583818,NA
"3366","L3CompR12.qNPQ.3","qNPQ","99","99","3",-0.583051887880116,NA
"3367","L32CompR1.qNPQ.3","qNPQ","99","99","3",-0.107164350775223,NA
"3368","L32CompR12.qNPQ.3","qNPQ","99","99","3",0.150935423023404,NA
"3369","DCompL1.qqP.3","qqP","99","99","3",0.799070499411905,NA
"3370","DCompL12.qqP.3","qqP","99","99","3",0.575743159048232,NA
"3371","DCompL2.qqP.3","qqP","99","99","3",0.500102174476259,NA
"3372","DCompL22.qqP.3","qqP","99","99","3",0.510658388285401,NA
"3373","DCompL3.qqP.3","qqP","99","99","3",0.639711712207625,NA
"3374","DCompL32.qqP.3","qqP","99","99","3",0.458646803070827,NA
"3375","DCompR1.qqP.3","qqP","99","99","3",0.274226939858302,NA
"3376","DCompR12.qqP.3","qqP","99","99","3",0.31289387013803,NA
"3377","L1CompL2.qqP.3","qqP","99","99","3",-1.48792648197803,NA
"3378","L1CompL22.qqP.3","qqP","99","99","3",-1.43538957834643,NA
"3379","L1CompL3.qqP.3","qqP","99","99","3",-0.793107964424627,NA
"3380","L1CompL32.qqP.3","qqP","99","99","3",-1.69424447552352,NA
"3381","L1CompR1.qqP.3","qqP","99","99","3",-2.61207815685329,NA
"3382","L1CompR12.qqP.3","qqP","99","99","3",-2.41963787224324,NA
"3383","L12CompL2.qqP.3","qqP","99","99","3",-0.178290547778279,NA
"3384","L12CompL22.qqP.3","qqP","99","99","3",-0.153408889334163,NA
"3385","L12CompL3.qqP.3","qqP","99","99","3",0.150777894390311,NA
"3386","L12CompL32.qqP.3","qqP","99","99","3",-0.276003459872832,NA
"3387","L12CompR1.qqP.3","qqP","99","99","3",-0.710692651445562,NA
"3388","L12CompR12.qqP.3","qqP","99","99","3",-0.619552270083688,NA
"3389","L2CompL3.qqP.3","qqP","99","99","3",0.279276145250476,NA
"3390","L2CompL32.qqP.3","qqP","99","99","3",-0.0829276889972468,NA
"3391","L2CompR1.qqP.3","qqP","99","99","3",-0.451842802839378,NA
"3392","L2CompR12.qqP.3","qqP","99","99","3",-0.374493135956516,NA
"3393","L22CompL3.qqP.3","qqP","99","99","3",0.263728489122426,NA
"3394","L22CompL32.qqP.3","qqP","99","99","3",-0.106288907318409,NA
"3395","L22CompR1.qqP.3","qqP","99","99","3",-0.483162360949989,NA
"3396","L22CompR12.qqP.3","qqP","99","99","3",-0.404144085467053,NA
"3397","L3CompR1.qqP.3","qqP","99","99","3",-1.01442312929124,NA
"3398","L3CompR12.qqP.3","qqP","99","99","3",-0.907100933178074,NA
"3399","L32CompR1.qqP.3","qqP","99","99","3",-0.340664586925221,NA
"3400","L32CompR12.qqP.3","qqP","99","99","3",-0.269238149436597,NA
"3401","DCompL1.qABQ.3","qABQ","99","99","3",0,NA
"3402","DCompL12.qABQ.3","qABQ","99","99","3",0,NA
"3403","DCompL2.qABQ.3","qABQ","99","99","3",0,NA
"3404","DCompL22.qABQ.3","qABQ","99","99","3",0,NA
"3405","DCompL3.qABQ.3","qABQ","99","99","3",0,NA
"3406","DCompL32.qABQ.3","qABQ","99","99","3",0,NA
"3407","DCompR1.qABQ.3","qABQ","99","99","3",1,NA
"3408","DCompR12.qABQ.3","qABQ","99","99","3",1,NA
"3409","L1CompL2.qABQ.3","qABQ","99","99","3",0.895323875095187,NA
"3410","L1CompL22.qABQ.3","qABQ","99","99","3",0.923379321105582,NA
"3411","L1CompL3.qABQ.3","qABQ","99","99","3",0.186392934312606,NA
"3412","L1CompL32.qABQ.3","qABQ","99","99","3",0.278188720945659,NA
"3413","L1CompR1.qABQ.3","qABQ","99","99","3",1.0765613862082,NA
"3414","L1CompR12.qABQ.3","qABQ","99","99","3",1.28575918104696,NA
"3415","L12CompL2.qABQ.3","qABQ","99","99","3",0.834922215982552,NA
"3416","L12CompL22.qABQ.3","qABQ","99","99","3",0.879166601808152,NA
"3417","L12CompL3.qABQ.3","qABQ","99","99","3",-0.283085819108662,NA
"3418","L12CompL32.qABQ.3","qABQ","99","99","3",-0.138320763530778,NA
"3419","L12CompR1.qABQ.3","qABQ","99","99","3",1.1207398916233,NA
"3420","L12CompR12.qABQ.3","qABQ","99","99","3",1.450651878953,NA
"3421","L2CompL3.qABQ.3","qABQ","99","99","3",-6.77261353940301,NA
"3422","L2CompL32.qABQ.3","qABQ","99","99","3",-5.89566297673624,NA
"3423","L2CompR1.qABQ.3","qABQ","99","99","3",1.73141211788095,NA
"3424","L2CompR12.qABQ.3","qABQ","99","99","3",3.72993656678458,NA
"3425","L22CompL3.qABQ.3","qABQ","99","99","3",-9.61863556192883,NA
"3426","L22CompL32.qABQ.3","qABQ","99","99","3",-8.42058057262827,NA
"3427","L22CompR1.qABQ.3","qABQ","99","99","3",1.99922615295149,NA
"3428","L22CompR12.qABQ.3","qABQ","99","99","3",4.72953078947177,NA
"3429","L3CompR1.qABQ.3","qABQ","99","99","3",1.09410118156179,NA
"3430","L3CompR12.qABQ.3","qABQ","99","99","3",1.35122504842744,NA
"3431","L32CompR1.qABQ.3","qABQ","99","99","3",1.10606842595824,NA
"3432","L32CompR12.qABQ.3","qABQ","99","99","3",1.3958918201186,NA
"3433","DCompL1.qqm.3","qqm","99","99","3",0,NA
"3434","DCompL12.qqm.3","qqm","99","99","3",0,NA
"3435","DCompL2.qqm.3","qqm","99","99","3",0,NA
"3436","DCompL22.qqm.3","qqm","99","99","3",0,NA
"3437","DCompL3.qqm.3","qqm","99","99","3",0,NA
"3438","DCompL32.qqm.3","qqm","99","99","3",0,NA
"3439","DCompR1.qqm.3","qqm","99","99","3",0,NA
"3440","DCompR12.qqm.3","qqm","99","99","3",0,NA
"3441","L1CompL2.qqm.3","qqm","99","99","3",0.183829417914171,NA
"3442","L1CompL22.qqm.3","qqm","99","99","3",0.284607696756953,NA
"3443","L1CompL3.qqm.3","qqm","99","99","3",0.0194402478240751,NA
"3444","L1CompL32.qqm.3","qqm","99","99","3",0.0471051776876912,NA
"3445","L1CompR1.qqm.3","qqm","99","99","3",0.525056905456361,NA
"3446","L1CompR12.qqm.3","qqm","99","99","3",0.617860594598352,NA
"3447","L12CompL2.qqm.3","qqm","99","99","3",0.152264502473681,NA
"3448","L12CompL22.qqm.3","qqm","99","99","3",0.256940321756822,NA
"3449","L12CompL3.qqm.3","qqm","99","99","3",-0.0184823217234335,NA
"3450","L12CompL32.qqm.3","qqm","99","99","3",0.0102525329708233,NA
"3451","L12CompR1.qqm.3","qqm","99","99","3",0.506688761654852,NA
"3452","L12CompR12.qqm.3","qqm","99","99","3",0.603081578688277,NA
"3453","L2CompL3.qqm.3","qqm","99","99","3",-0.201415211106945,NA
"3454","L2CompL32.qqm.3","qqm","99","99","3",-0.167519196632967,NA
"3455","L2CompR1.qqm.3","qqm","99","99","3",0.418083541641675,NA
"3456","L2CompR12.qqm.3","qqm","99","99","3",0.531789782933561,NA
"3457","L22CompL3.qqm.3","qqm","99","99","3",-0.370660192639492,NA
"3458","L22CompL32.qqm.3","qqm","99","99","3",-0.33198920087986,NA
"3459","L22CompR1.qqm.3","qqm","99","99","3",0.336108185130584,NA
"3460","L22CompR12.qqm.3","qqm","99","99","3",0.46583237802627,NA
"3461","L3CompR1.qqm.3","qqm","99","99","3",0.515640843416519,NA
"3462","L3CompR12.qqm.3","qqm","99","99","3",0.610284427283849,NA
"3463","L32CompR1.qqm.3","qqm","99","99","3",0.501578680644801,NA
"3464","L32CompR12.qqm.3","qqm","99","99","3",0.598970005446831,NA
"3465","DCompL1.qQuant.4","qQuant","99","99","4",0.874818941068331,NA
"3466","DCompL12.qQuant.4","qQuant","99","99","4",0.827861987583647,NA
"3467","DCompL2.qQuant.4","qQuant","99","99","4",0.699963162402279,NA
"3468","DCompL22.qQuant.4","qQuant","99","99","4",0.607289820485713,NA
"3469","DCompL3.qQuant.4","qQuant","99","99","4",0.857535795438647,NA
"3470","DCompL32.qQuant.4","qQuant","99","99","4",0.827748683278989,NA
"3471","DCompR1.qQuant.4","qQuant","99","99","4",0.398920700088094,NA
"3472","DCompR12.qQuant.4","qQuant","99","99","4",0.316772529093504,NA
"3473","L1CompL2.qQuant.4","qQuant","99","99","4",-1.39682297112936,NA
"3474","L1CompL22.qQuant.4","qQuant","99","99","4",-2.13713738217099,NA
"3475","L1CompL3.qQuant.4","qQuant","99","99","4",-0.138065181563282,NA
"3476","L1CompL32.qQuant.4","qQuant","99","99","4",-0.376017411827748,NA
"3477","L1CompR1.qQuant.4","qQuant","99","99","4",-3.80167930389543,NA
"3478","L1CompR12.qQuant.4","qQuant","99","99","4",-4.45791413443342,NA
"3479","L12CompL2.qQuant.4","qQuant","99","99","4",-0.743001637964875,NA
"3480","L12CompL22.qQuant.4","qQuant","99","99","4",-1.28136815338865,NA
"3481","L12CompL3.qQuant.4","qQuant","99","99","4",0.172383818300557,NA
"3482","L12CompL32.qQuant.4","qQuant","99","99","4",-0.000658217804818466,NA
"3483","L12CompR1.qQuant.4","qQuant","99","99","4",-2.49184524367615,NA
"3484","L12CompR12.qQuant.4","qQuant","99","99","4",-2.96906796654514,NA
"3485","L2CompL3.qQuant.4","qQuant","99","99","4",0.525177622514591,NA
"3486","L2CompL32.qQuant.4","qQuant","99","99","4",0.425899439214994,NA
"3487","L2CompR1.qQuant.4","qQuant","99","99","4",-1.00335167082988,NA
"3488","L2CompR12.qQuant.4","qQuant","99","99","4",-1.27714528781477,NA
"3489","L22CompL3.qQuant.4","qQuant","99","99","4",0.637228134148302,NA
"3490","L22CompL32.qQuant.4","qQuant","99","99","4",0.561378019449214,NA
"3491","L22CompR1.qQuant.4","qQuant","99","99","4",-0.53059261324811,NA
"3492","L22CompR12.qQuant.4","qQuant","99","99","4",-0.739775301346983,NA
"3493","L3CompR1.qQuant.4","qQuant","99","99","4",-3.21916018667726,NA
"3494","L3CompR12.qQuant.4","qQuant","99","99","4",-3.79578342510774,NA
"3495","L32CompR1.qQuant.4","qQuant","99","99","4",-2.48954836081428,NA
"3496","L32CompR12.qQuant.4","qQuant","99","99","4",-2.96645717381129,NA
"3497","DCompL1.qSigma.4","qSigma","99","99","4",0.378444173291623,NA
"3498","DCompL12.qSigma.4","qSigma","99","99","4",0.0648474160964229,NA
"3499","DCompL2.qSigma.4","qSigma","99","99","4",-0.105213476101968,NA
"3500","DCompL22.qSigma.4","qSigma","99","99","4",-0.0595544440109628,NA
"3501","DCompL3.qSigma.4","qSigma","99","99","4",0.204910387215904,NA
"3502","DCompL32.qSigma.4","qSigma","99","99","4",0.171395335976097,NA
"3503","DCompR1.qSigma.4","qSigma","99","99","4",-0.0912269886059265,NA
"3504","DCompR12.qSigma.4","qSigma","99","99","4",-0.203947656184732,NA
"3505","L1CompL2.qSigma.4","qSigma","99","99","4",-0.778140319196968,NA
"3506","L1CompL22.qSigma.4","qSigma","99","99","4",-0.704681057568281,NA
"3507","L1CompL3.qSigma.4","qSigma","99","99","4",-0.279192598024084,NA
"3508","L1CompL32.qSigma.4","qSigma","99","99","4",-0.333113822473536,NA
"3509","L1CompR1.qSigma.4","qSigma","99","99","4",-0.755637935830841,NA
"3510","L1CompR12.qSigma.4","qSigma","99","99","4",-0.936990378741319,NA
"3511","L12CompL2.qSigma.4","qSigma","99","99","4",-0.181853630226323,NA
"3512","L12CompL22.qSigma.4","qSigma","99","99","4",-0.133028408677543,NA
"3513","L12CompL3.qSigma.4","qSigma","99","99","4",0.149775527042679,NA
"3514","L12CompL32.qSigma.4","qSigma","99","99","4",0.113936401089665,NA
"3515","L12CompR1.qSigma.4","qSigma","99","99","4",-0.166897260820104,NA
"3516","L12CompR12.qSigma.4","qSigma","99","99","4",-0.287434453914604,NA
"3517","L2CompL3.qSigma.4","qSigma","99","99","4",0.280600870351005,NA
"3518","L2CompL32.qSigma.4","qSigma","99","99","4",0.250276365660732,NA
"3519","L2CompR1.qSigma.4","qSigma","99","99","4",0.0126550099129912,NA
"3520","L2CompR12.qSigma.4","qSigma","99","99","4",-0.0893349404596426,NA
"3521","L22CompL3.qSigma.4","qSigma","99","99","4",0.249600039640936,NA
"3522","L22CompL32.qSigma.4","qSigma","99","99","4",0.217968771017368,NA
"3523","L22CompR1.qSigma.4","qSigma","99","99","4",-0.0298923238668763,NA
"3524","L22CompR12.qSigma.4","qSigma","99","99","4",-0.13627729371524,NA
"3525","L3CompR1.qSigma.4","qSigma","99","99","4",-0.372457860171097,NA
"3526","L3CompR12.qSigma.4","qSigma","99","99","4",-0.514228882916699,NA
"3527","L32CompR1.qSigma.4","qSigma","99","99","4",-0.316945264713653,NA
"3528","L32CompR12.qSigma.4","qSigma","99","99","4",-0.452981993050913,NA
"3529","DCompL1.qConnect.4","qConnect","99","99","4",-0.368023613671923,NA
"3530","DCompL12.qConnect.4","qConnect","99","99","4",0.574393220931586,NA
"3531","DCompL2.qConnect.4","qConnect","99","99","4",0.2181840033371,NA
"3532","DCompL22.qConnect.4","qConnect","99","99","4",0.306600592315877,NA
"3533","DCompL3.qConnect.4","qConnect","99","99","4",0.0486565911160209,NA
"3534","DCompL32.qConnect.4","qConnect","99","99","4",0.194425137756971,NA
"3535","DCompR1.qConnect.4","qConnect","99","99","4",0.258359053200703,NA
"3536","DCompR12.qConnect.4","qConnect","99","99","4",0.338017688524568,NA
"3537","L1CompL2.qConnect.4","qConnect","99","99","4",0.428506943265094,NA
"3538","L1CompL22.qConnect.4","qConnect","99","99","4",0.493137837129168,NA
"3539","L1CompL3.qConnect.4","qConnect","99","99","4",0.3045855353838,NA
"3540","L1CompL32.qConnect.4","qConnect","99","99","4",0.411139651251502,NA
"3541","L1CompR1.qConnect.4","qConnect","99","99","4",0.457874162852604,NA
"3542","L1CompR12.qConnect.4","qConnect","99","99","4",0.516103154317197,NA
"3543","L12CompL2.qConnect.4","qConnect","99","99","4",-0.836944417037179,NA
"3544","L12CompL22.qConnect.4","qConnect","99","99","4",-0.629201981232216,NA
"3545","L12CompL3.qConnect.4","qConnect","99","99","4",-1.23526375911192,NA
"3546","L12CompL32.qConnect.4","qConnect","99","99","4",-0.892767930074574,NA
"3547","L12CompR1.qConnect.4","qConnect","99","99","4",-0.742549656804414,NA
"3548","L12CompR12.qConnect.4","qConnect","99","99","4",-0.55538479185977,NA
"3549","L2CompL3.qConnect.4","qConnect","99","99","4",-0.216837993779469,NA
"3550","L2CompL32.qConnect.4","qConnect","99","99","4",-0.0303893316094087,NA
"3551","L2CompR1.qConnect.4","qConnect","99","99","4",0.0513868353104638,NA
"3552","L2CompR12.qConnect.4","qConnect","99","99","4",0.153276072245854,NA
"3553","L22CompL3.qConnect.4","qConnect","99","99","4",-0.37199916576416,NA
"3554","L22CompL32.qConnect.4","qConnect","99","99","4",-0.161776103809434,NA
"3555","L22CompR1.qConnect.4","qConnect","99","99","4",-0.0695725127258128,NA
"3556","L22CompR12.qConnect.4","qConnect","99","99","4",0.0453088016236122,NA
"3557","L3CompR1.qConnect.4","qConnect","99","99","4",0.220427723707766,NA
"3558","L3CompR12.qConnect.4","qConnect","99","99","4",0.304160511027239,NA
"3559","L32CompR1.qConnect.4","qConnect","99","99","4",0.0793643377422618,NA
"3560","L32CompR12.qConnect.4","qConnect","99","99","4",0.178248549573382,NA
"3561","DCompL1.qTau1.4","qTau1","99","99","4",-2.18246378742669,NA
"3562","DCompL12.qTau1.4","qTau1","99","99","4",-0.676381772481479,NA
"3563","DCompL2.qTau1.4","qTau1","99","99","4",-1.33462713158884,NA
"3564","DCompL22.qTau1.4","qTau1","99","99","4",-1.03597054027702,NA
"3565","DCompL3.qTau1.4","qTau1","99","99","4",-0.897926558033885,NA
"3566","DCompL32.qTau1.4","qTau1","99","99","4",-1.39124672388926,NA
"3567","DCompR1.qTau1.4","qTau1","99","99","4",-1.21342682890033,NA
"3568","DCompR12.qTau1.4","qTau1","99","99","4",-1.16258863870466,NA
"3569","L1CompL2.qTau1.4","qTau1","99","99","4",0.266408893382382,NA
"3570","L1CompL22.qTau1.4","qTau1","99","99","4",0.36025335203475,NA
"3571","L1CompL3.qTau1.4","qTau1","99","99","4",0.403629802314725,NA
"3572","L1CompL32.qTau1.4","qTau1","99","99","4",0.248617774273937,NA
"3573","L1CompR1.qTau1.4","qTau1","99","99","4",0.304492689706272,NA
"3574","L1CompR12.qTau1.4","qTau1","99","99","4",0.320467165330008,NA
"3575","L12CompL2.qTau1.4","qTau1","99","99","4",-0.392658384809917,NA
"3576","L12CompL22.qTau1.4","qTau1","99","99","4",-0.214502909598721,NA
"3577","L12CompL3.qTau1.4","qTau1","99","99","4",-0.132156522570907,NA
"3578","L12CompL32.qTau1.4","qTau1","99","99","4",-0.426433264273446,NA
"3579","L12CompR1.qTau1.4","qTau1","99","99","4",-0.32035963718687,NA
"3580","L12CompR12.qTau1.4","qTau1","99","99","4",-0.290033496071403,NA
"3581","L2CompL3.qTau1.4","qTau1","99","99","4",0.187053670218318,NA
"3582","L2CompL32.qTau1.4","qTau1","99","99","4",-0.0242520921368234,NA
"3583","L2CompR1.qTau1.4","qTau1","99","99","4",0.051914201222373,NA
"3584","L2CompR12.qTau1.4","qTau1","99","99","4",0.0736899227103139,NA
"3585","L22CompL3.qTau1.4","qTau1","99","99","4",0.0678025440507357,NA
"3586","L22CompL32.qTau1.4","qTau1","99","99","4",-0.174499668135623,NA
"3587","L22CompR1.qTau1.4","qTau1","99","99","4",-0.0871605384816445,NA
"3588","L22CompR12.qTau1.4","qTau1","99","99","4",-0.0621905356304482,NA
"3589","L3CompR1.qTau1.4","qTau1","99","99","4",-0.166234183051465,NA
"3590","L3CompR12.qTau1.4","qTau1","99","99","4",-0.139448009487229,NA
"3591","L32CompR1.qTau1.4","qTau1","99","99","4",0.074362838937723,NA
"3592","L32CompR12.qTau1.4","qTau1","99","99","4",0.095622958057921,NA
"3593","DCompL1.qTau2.4","qTau2","99","99","4",-4.28808299548368,NA
"3594","DCompL12.qTau2.4","qTau2","99","99","4",-5.68873021913445,NA
"3595","DCompL2.qTau2.4","qTau2","99","99","4",-3.72018510423755,NA
"3596","DCompL22.qTau2.4","qTau2","99","99","4",-1.70724033543546,NA
"3597","DCompL3.qTau2.4","qTau2","99","99","4",-8.02564824157986,NA
"3598","DCompL32.qTau2.4","qTau2","99","99","4",-7.37494314618276,NA
"3599","DCompR1.qTau2.4","qTau2","99","99","4",-0.595237336524069,NA
"3600","DCompR12.qTau2.4","qTau2","99","99","4",-0.171801525665923,NA
"3601","L1CompL2.qTau2.4","qTau2","99","99","4",0.107392015543467,NA
"3602","L1CompL22.qTau2.4","qTau2","99","99","4",0.488048818873004,NA
"3603","L1CompL3.qTau2.4","qTau2","99","99","4",-0.706790201532062,NA
"3604","L1CompL32.qTau2.4","qTau2","99","99","4",-0.583738975605231,NA
"3605","L1CompR1.qTau2.4","qTau2","99","99","4",0.69833352882576,NA
"3606","L1CompR12.qTau2.4","qTau2","99","99","4",0.778407122833226,NA
"3607","L12CompL2.qTau2.4","qTau2","99","99","4",0.294307746074955,NA
"3608","L12CompL22.qTau2.4","qTau2","99","99","4",0.595253471624427,NA
"3609","L12CompL3.qTau2.4","qTau2","99","99","4",-0.349381414092646,NA
"3610","L12CompL32.qTau2.4","qTau2","99","99","4",-0.252097613718155,NA
"3611","L12CompR1.qTau2.4","qTau2","99","99","4",0.761503710829812,NA
"3612","L12CompR12.qTau2.4","qTau2","99","99","4",0.824809569637934,NA
"3613","L2CompL3.qTau2.4","qTau2","99","99","4",-0.912138622164854,NA
"3614","L2CompL32.qTau2.4","qTau2","99","99","4",-0.774282779432558,NA
"3615","L2CompR1.qTau2.4","qTau2","99","99","4",0.66203924183144,NA
"3616","L2CompR12.qTau2.4","qTau2","99","99","4",0.7517467006508,NA
"3617","L22CompL3.qTau2.4","qTau2","99","99","4",-2.33389249688765,NA
"3618","L22CompL32.qTau2.4","qTau2","99","99","4",-2.0935351533301,NA
"3619","L22CompR1.qTau2.4","qTau2","99","99","4",0.410751489018622,NA
"3620","L22CompR12.qTau2.4","qTau2","99","99","4",0.567160140779507,NA
"3621","L3CompR1.qTau2.4","qTau2","99","99","4",0.823255095498289,NA
"3622","L3CompR12.qTau2.4","qTau2","99","99","4",0.870169821125135,NA
"3623","L32CompR1.qTau2.4","qTau2","99","99","4",0.809522607057796,NA
"3624","L32CompR12.qTau2.4","qTau2","99","99","4",0.860082450088032,NA
"3625","DCompL1.qNPQ.4","qNPQ","99","99","4",0.845072080414446,NA
"3626","DCompL12.qNPQ.4","qNPQ","99","99","4",0.621391219907842,NA
"3627","DCompL2.qNPQ.4","qNPQ","99","99","4",0.586900472210829,NA
"3628","DCompL22.qNPQ.4","qNPQ","99","99","4",0.649706751930266,NA
"3629","DCompL3.qNPQ.4","qNPQ","99","99","4",0.689174551239288,NA
"3630","DCompL32.qNPQ.4","qNPQ","99","99","4",0.4422909850085,NA
"3631","DCompR1.qNPQ.4","qNPQ","99","99","4",0.384002995547039,NA
"3632","DCompR12.qNPQ.4","qNPQ","99","99","4",0.514769446987484,NA
"3633","L1CompL2.qNPQ.4","qNPQ","99","99","4",-1.66639821211211,NA
"3634","L1CompL22.qNPQ.4","qNPQ","99","99","4",-1.26100788680826,NA
"3635","L1CompL3.qNPQ.4","qNPQ","99","99","4",-1.0062584561401,NA
"3636","L1CompL32.qNPQ.4","qNPQ","99","99","4",-2.59979670858177,NA
"3637","L1CompR1.qNPQ.4","qNPQ","99","99","4",-2.9760232119608,NA
"3638","L1CompR12.qNPQ.4","qNPQ","99","99","4",-2.1319761751823,NA
"3639","L12CompL2.qNPQ.4","qNPQ","99","99","4",-0.0910986472332123,NA
"3640","L12CompL22.qNPQ.4","qNPQ","99","99","4",0.0747883660160546,NA
"3641","L12CompL3.qNPQ.4","qNPQ","99","99","4",0.17903264502991,NA
"3642","L12CompL32.qNPQ.4","qNPQ","99","99","4",-0.47304828708871,NA
"3643","L12CompR1.qNPQ.4","qNPQ","99","99","4",-0.62700137145002,NA
"3644","L12CompR12.qNPQ.4","qNPQ","99","99","4",-0.281614633697625,NA
"3645","L2CompL3.qNPQ.4","qNPQ","99","99","4",0.247577332212918,NA
"3646","L2CompL32.qNPQ.4","qNPQ","99","99","4",-0.350059676844104,NA
"3647","L2CompR1.qNPQ.4","qNPQ","99","99","4",-0.491158820126613,NA
"3648","L2CompR12.qNPQ.4","qNPQ","99","99","4",-0.174609314150943,NA
"3649","L22CompL3.qNPQ.4","qNPQ","99","99","4",0.112670739520407,NA
"3650","L22CompL32.qNPQ.4","qNPQ","99","99","4",-0.592120367905221,NA
"3651","L22CompR1.qNPQ.4","qNPQ","99","99","4",-0.758518064071655,NA
"3652","L22CompR12.qNPQ.4","qNPQ","99","99","4",-0.385212406137842,NA
"3653","L3CompR1.qNPQ.4","qNPQ","99","99","4",-0.981810070278977,NA
"3654","L3CompR12.qNPQ.4","qNPQ","99","99","4",-0.561103040137714,NA
"3655","L32CompR1.qNPQ.4","qNPQ","99","99","4",-0.104513263896854,NA
"3656","L32CompR12.qNPQ.4","qNPQ","99","99","4",0.129957486844799,NA
"3657","DCompL1.qqP.4","qqP","99","99","4",0.763053624240174,NA
"3658","DCompL12.qqP.4","qqP","99","99","4",0.556028031443787,NA
"3659","DCompL2.qqP.4","qqP","99","99","4",0.48189146035804,NA
"3660","DCompL22.qqP.4","qqP","99","99","4",0.486603506775602,NA
"3661","DCompL3.qqP.4","qqP","99","99","4",0.61879558426014,NA
"3662","DCompL32.qqP.4","qqP","99","99","4",0.441511895699574,NA
"3663","DCompR1.qqP.4","qqP","99","99","4",0.259697362395886,NA
"3664","DCompR12.qqP.4","qqP","99","99","4",0.293173779359212,NA
"3665","L1CompL2.qqP.4","qqP","99","99","4",-1.18660672897198,NA
"3666","L1CompL22.qqP.4","qqP","99","99","4",-1.16672017699392,NA
"3667","L1CompL3.qqP.4","qqP","99","99","4",-0.608821466534084,NA
"3668","L1CompL32.qqP.4","qqP","99","99","4",-1.35702319779949,NA
"3669","L1CompR1.qqP.4","qqP","99","99","4",-2.12434674398439,NA
"3670","L1CompR12.qqP.4","qqP","99","99","4",-1.98306407251083,NA
"3671","L12CompL2.qqP.4","qqP","99","99","4",-0.166984801600959,NA
"3672","L12CompL22.qqP.4","qqP","99","99","4",-0.156371414379948,NA
"3673","L12CompL3.qqP.4","qqP","99","99","4",0.141377287896063,NA
"3674","L12CompL32.qqP.4","qqP","99","99","4",-0.257935509119227,NA
"3675","L12CompR1.qqP.4","qqP","99","99","4",-0.667453555708846,NA
"3676","L12CompR12.qqP.4","qqP","99","99","4",-0.592051459778801,NA
"3677","L2CompL3.qqP.4","qqP","99","99","4",0.264238308051645,NA
"3678","L2CompL32.qqP.4","qqP","99","99","4",-0.0779364970250636,NA
"3679","L2CompR1.qqP.4","qqP","99","99","4",-0.428856274238795,NA
"3680","L2CompR12.qqP.4","qqP","99","99","4",-0.364243525361002,NA
"3681","L22CompL3.qqP.4","qqP","99","99","4",0.257485353385068,NA
"3682","L22CompL32.qqP.4","qqP","99","99","4",-0.0878299943048468,NA
"3683","L22CompR1.qqP.4","qqP","99","99","4",-0.441970577077039,NA
"3684","L22CompR12.qqP.4","qqP","99","99","4",-0.376764800634982,NA
"3685","L3CompR1.qqP.4","qqP","99","99","4",-0.942009607017011,NA
"3686","L3CompR12.qqP.4","qqP","99","99","4",-0.854192111780619,NA
"3687","L32CompR1.qqP.4","qqP","99","99","4",-0.325547727702156,NA
"3688","L32CompR12.qqP.4","qqP","99","99","4",-0.265606581766273,NA
"3689","DCompL1.qABQ.4","qABQ","99","99","4",0,NA
"3690","DCompL12.qABQ.4","qABQ","99","99","4",0,NA
"3691","DCompL2.qABQ.4","qABQ","99","99","4",1,NA
"3692","DCompL22.qABQ.4","qABQ","99","99","4",1,NA
"3693","DCompL3.qABQ.4","qABQ","99","99","4",0,NA
"3694","DCompL32.qABQ.4","qABQ","99","99","4",0,NA
"3695","DCompR1.qABQ.4","qABQ","99","99","4",1,NA
"3696","DCompR12.qABQ.4","qABQ","99","99","4",1,NA
"3697","L1CompL2.qABQ.4","qABQ","99","99","4",1.27801584362324,NA
"3698","L1CompL22.qABQ.4","qABQ","99","99","4",1.15736652382033,NA
"3699","L1CompL3.qABQ.4","qABQ","99","99","4",0.458545271199084,NA
"3700","L1CompL32.qABQ.4","qABQ","99","99","4",0.547105364351791,NA
"3701","L1CompR1.qABQ.4","qABQ","99","99","4",1.24105798171618,NA
"3702","L1CompR12.qABQ.4","qABQ","99","99","4",1.53891081057172,NA
"3703","L12CompL2.qABQ.4","qABQ","99","99","4",2.62247753935987,NA
"3704","L12CompL22.qABQ.4","qABQ","99","99","4",1.91837805722914,NA
"3705","L12CompL3.qABQ.4","qABQ","99","99","4",-2.15988515118657,NA
"3706","L12CompL32.qABQ.4","qABQ","99","99","4",-1.64305574984279,NA
"3707","L12CompR1.qABQ.4","qABQ","99","99","4",2.40679450466125,NA
"3708","L12CompR12.qABQ.4","qABQ","99","99","4",4.14503905416187,NA
"3709","L2CompL3.qABQ.4","qABQ","99","99","4",2.94756788586008,NA
"3710","L2CompL32.qABQ.4","qABQ","99","99","4",2.6290245539458,NA
"3711","L2CompR1.qABQ.4","qABQ","99","99","4",0.132934373183199,NA
"3712","L2CompR12.qABQ.4","qABQ","99","99","4",-0.938417622349769,NA
"3713","L22CompL3.qABQ.4","qABQ","99","99","4",4.44072370448432,NA
"3714","L22CompL32.qABQ.4","qABQ","99","99","4",3.87796047503269,NA
"3715","L22CompR1.qABQ.4","qABQ","99","99","4",-0.531825040447628,NA
"3716","L22CompR12.qABQ.4","qABQ","99","99","4",-2.42455814291864,NA
"3717","L3CompR1.qABQ.4","qABQ","99","99","4",1.44520431514195,NA
"3718","L3CompR12.qABQ.4","qABQ","99","99","4",1.99530169727241,NA
"3719","L32CompR1.qABQ.4","qABQ","99","99","4",1.53226062475032,NA
"3720","L32CompR12.qABQ.4","qABQ","99","99","4",2.18992535603872,NA
"3721","DCompL1.qqm.4","qqm","99","99","4",0,NA
"3722","DCompL12.qqm.4","qqm","99","99","4",0,NA
"3723","DCompL2.qqm.4","qqm","99","99","4",0,NA
"3724","DCompL22.qqm.4","qqm","99","99","4",0,NA
"3725","DCompL3.qqm.4","qqm","99","99","4",0,NA
"3726","DCompL32.qqm.4","qqm","99","99","4",0,NA
"3727","DCompR1.qqm.4","qqm","99","99","4",0,NA
"3728","DCompR12.qqm.4","qqm","99","99","4",0,NA
"3729","L1CompL2.qqm.4","qqm","99","99","4",0.199876534969072,NA
"3730","L1CompL22.qqm.4","qqm","99","99","4",0.305810846134527,NA
"3731","L1CompL3.qqm.4","qqm","99","99","4",0.0197562544868745,NA
"3732","L1CompL32.qqm.4","qqm","99","99","4",0.0538057140507952,NA
"3733","L1CompR1.qqm.4","qqm","99","99","4",0.543996270129989,NA
"3734","L1CompR12.qqm.4","qqm","99","99","4",0.63789932496585,NA
"3735","L12CompL2.qqm.4","qqm","99","99","4",0.154492931309332,NA
"3736","L12CompL22.qqm.4","qqm","99","99","4",0.266435916138312,NA
"3737","L12CompL3.qqm.4","qqm","99","99","4",-0.035843906713982,NA
"3738","L12CompL32.qqm.4","qqm","99","99","4",0.000136863760333734,NA
"3739","L12CompR1.qqm.4","qqm","99","99","4",0.518131396209582,NA
"3740","L12CompR12.qqm.4","qqm","99","99","4",0.61736070281703,NA
"3741","L2CompL3.qqm.4","qqm","99","99","4",-0.225115608220833,NA
"3742","L2CompL32.qqm.4","qqm","99","99","4",-0.182560351373561,NA
"3743","L2CompR1.qqm.4","qqm","99","99","4",0.430083293642208,NA
"3744","L2CompR12.qqm.4","qqm","99","99","4",0.54744399975802,NA
"3745","L22CompL3.qqm.4","qqm","99","99","4",-0.41207009653609,NA
"3746","L22CompL32.qqm.4","qqm","99","99","4",-0.363020843354415,NA
"3747","L22CompR1.qqm.4","qqm","99","99","4",0.343113145270519,NA
"3748","L22CompR12.qqm.4","qqm","99","99","4",0.478383272026285,NA
"3749","L3CompR1.qqm.4","qqm","99","99","4",0.53480577462771,NA
"3750","L3CompR12.qqm.4","qqm","99","99","4",0.630601392060296,NA
"3751","L32CompR1.qqm.4","qqm","99","99","4",0.518065436833033,NA
"3752","L32CompR12.qqm.4","qqm","99","99","4",0.617308326195505,NA
"3753","DCampL1.mQuant.1","mQuant","99","99","1",0.869663084579728,NA
"3754","DCampL2.mQuant.1","mQuant","99","99","1",0.677297372976746,NA
"3755","DCampL3.mQuant.1","mQuant","99","99","1",0.852919629347014,NA
"3756","DCampR1.mQuant.1","mQuant","99","99","1",0.385022219298901,NA
"3757","L1CampL2.mQuant.1","mQuant","99","99","1",-1.47591118742298,NA
"3758","L1CampL3.mQuant.1","mQuant","99","99","1",-0.128462877755893,NA
"3759","L1CampR1.mQuant.1","mQuant","99","99","1",-3.71836991629041,NA
"3760","L2CampL3.mQuant.1","mQuant","99","99","1",0.544223200134074,NA
"3761","L2CampR1.mQuant.1","mQuant","99","99","1",-0.90571048762111,NA
"3762","L3CampR1.mQuant.1","mQuant","99","99","1",-3.18123627218784,NA
"3763","DCampL1.mSigma.1","mSigma","99","99","1",0.276228458313281,NA
"3764","DCampL2.mSigma.1","mSigma","99","99","1",-0.00600028496520931,NA
"3765","DCampL3.mSigma.1","mSigma","99","99","1",0.278804705659221,NA
"3766","DCampR1.mSigma.1","mSigma","99","99","1",-0.0908847493439656,NA
"3767","L1CampL2.mSigma.1","mSigma","99","99","1",-0.389941752366732,NA
"3768","L1CampL3.mSigma.1","mSigma","99","99","1",0.0035594758809343,NA
"3769","L1CampR1.mSigma.1","mSigma","99","99","1",-0.5072224956534,NA
"3770","L2CampL3.mSigma.1","mSigma","99","99","1",0.283106272315102,NA
"3771","L2CampR1.mSigma.1","mSigma","99","99","1",-0.0843781713060766,NA
"3772","L3CampR1.mSigma.1","mSigma","99","99","1",-0.512606582300441,NA
"3773","DCampL1.mConnect.1","mConnect","99","99","1",-0.177696418525981,NA
"3774","DCampL2.mConnect.1","mConnect","99","99","1",0.193138675815576,NA
"3775","DCampL3.mConnect.1","mConnect","99","99","1",0.0949890849735537,NA
"3776","DCampR1.mConnect.1","mConnect","99","99","1",0.255414193749241,NA
"3777","L1CampL2.mConnect.1","mConnect","99","99","1",0.314881737354435,NA
"3778","L1CampL3.mConnect.1","mConnect","99","99","1",0.231541422059202,NA
"3779","L1CampR1.mConnect.1","mConnect","99","99","1",0.367760829923647,NA
"3780","L2CampL3.mConnect.1","mConnect","99","99","1",-0.121643692540638,NA
"3781","L2CampR1.mConnect.1","mConnect","99","99","1",0.0771824303223523,NA
"3782","L3CampR1.mConnect.1","mConnect","99","99","1",0.177263175628108,NA
"3783","DCampL1.mTau1.1","mTau1","99","99","1",-2.47388706522308,NA
"3784","DCampL2.mTau1.1","mTau1","99","99","1",-1.31181591851301,NA
"3785","DCampL3.mTau1.1","mTau1","99","99","1",-0.927178146292272,NA
"3786","DCampR1.mTau1.1","mTau1","99","99","1",-1.10500021646735,NA
"3787","L1CampL2.mTau1.1","mTau1","99","99","1",0.33451609821848,NA
"3788","L1CampL3.mTau1.1","mTau1","99","99","1",0.445238687928239,NA
"3789","L1CampR1.mTau1.1","mTau1","99","99","1",0.394050475175083,NA
"3790","L2CampL3.mTau1.1","mTau1","99","99","1",0.166379065539154,NA
"3791","L2CampR1.mTau1.1","mTau1","99","99","1",0.0894602811536503,NA
"3792","L3CampR1.mTau1.1","mTau1","99","99","1",-0.0922706966749248,NA
"3793","DCampL1.mTau2.1","mTau2","99","99","1",-7.75937227045835,NA
"3794","DCampL2.mTau2.1","mTau2","99","99","1",-1.99411080968506,NA
"3795","DCampL3.mTau2.1","mTau2","99","99","1",-7.71547078942791,NA
"3796","DCampR1.mTau2.1","mTau2","99","99","1",-0.411334119906048,NA
"3797","L1CampL2.mTau2.1","mTau2","99","99","1",0.658182034369868,NA
"3798","L1CampL3.mTau2.1","mTau2","99","99","1",0.00501194374150499,NA
"3799","L1CampR1.mTau2.1","mTau2","99","99","1",0.838877253263241,NA
"3800","L2CampL3.mTau2.1","mTau2","99","99","1",-1.91087115454643,NA
"3801","L2CampR1.mTau2.1","mTau2","99","99","1",0.528629964081223,NA
"3802","L3CampR1.mTau2.1","mTau2","99","99","1",0.838065647398184,NA
"3803","DCampL1.mNPQ.1","mNPQ","99","99","1",0.778178256498165,NA
"3804","DCampL2.mNPQ.1","mNPQ","99","99","1",0.642340076333759,NA
"3805","DCampL3.mNPQ.1","mNPQ","99","99","1",0.570492148977762,NA
"3806","DCampR1.mNPQ.1","mNPQ","99","99","1",0.473843103782141,NA
"3807","L1CampL2.mNPQ.1","mNPQ","99","99","1",-0.612375405674705,NA
"3808","L1CampL3.mNPQ.1","mNPQ","99","99","1",-0.93627479543585,NA
"3809","L1CampR1.mNPQ.1","mNPQ","99","99","1",-1.37198070807476,NA
"3810","L2CampL3.mNPQ.1","mNPQ","99","99","1",-0.200883360426605,NA
"3811","L2CampR1.mNPQ.1","mNPQ","99","99","1",-0.471109457342653,NA
"3812","L3CampR1.mNPQ.1","mNPQ","99","99","1",-0.225022767256974,NA
"3813","DCampL1.mqP.1","mqP","99","99","1",0.723648600289546,NA
"3814","DCampL2.mqP.1","mqP","99","99","1",0.530657883068793,NA
"3815","DCampL3.mqP.1","mqP","99","99","1",0.566557578204289,NA
"3816","DCampR1.mqP.1","mqP","99","99","1",0.310404815090981,NA
"3817","L1CampL2.mqP.1","mqP","99","99","1",-0.698352595365748,NA
"3818","L1CampL3.mqP.1","mqP","99","99","1",-0.568446630810803,NA
"3819","L1CampR1.mqP.1","mqP","99","99","1",-1.49535622266267,NA
"3820","L2CampL3.mqP.1","mqP","99","99","1",0.0764893962004218,NA
"3821","L2CampR1.mqP.1","mqP","99","99","1",-0.469280424731403,NA
"3822","L3CampR1.mqP.1","mqP","99","99","1",-0.590972987950952,NA
"3823","DCampL1.mABQ.1","mABQ","99","99","1",0,NA
"3824","DCampL2.mABQ.1","mABQ","99","99","1",1,NA
"3825","DCampL3.mABQ.1","mABQ","99","99","1",0,NA
"3826","DCampR1.mABQ.1","mABQ","99","99","1",1,NA
"3827","L1CampL2.mABQ.1","mABQ","99","99","1",1.02172218243497,NA
"3828","L1CampL3.mABQ.1","mABQ","99","99","1",-0.00932650951922938,NA
"3829","L1CampR1.mABQ.1","mABQ","99","99","1",1.32902022441472,NA
"3830","L2CampL3.mABQ.1","mABQ","99","99","1",47.4652441135259,NA
"3831","L2CampR1.mABQ.1","mABQ","99","99","1",-14.1467388417243,NA
"3832","L3CampR1.mABQ.1","mABQ","99","99","1",1.32597996912955,NA
"3833","DCampL1.mqm.1","mqm","99","99","1",0,NA
"3834","DCampL2.mqm.1","mqm","99","99","1",0,NA
"3835","DCampL3.mqm.1","mqm","99","99","1",0,NA
"3836","DCampR1.mqm.1","mqm","99","99","1",0,NA
"3837","L1CampL2.mqm.1","mqm","99","99","1",0.221195673374987,NA
"3838","L1CampL3.mqm.1","mqm","99","99","1",0.0192528066668554,NA
"3839","L1CampR1.mqm.1","mqm","99","99","1",0.557274275376462,NA
"3840","L2CampL3.mqm.1","mqm","99","99","1",-0.25929859376008,NA
"3841","L2CampR1.mqm.1","mqm","99","99","1",0.43153150350087,NA
"3842","L3CampR1.mqm.1","mqm","99","99","1",0.548583235686966,NA
"3843","DCampL1.mQuant.2","mQuant","99","99","2",0.880283266734089,NA
"3844","DCampL2.mQuant.2","mQuant","99","99","2",0.673426988738032,NA
"3845","DCampL3.mQuant.2","mQuant","99","99","2",0.855327878688404,NA
"3846","DCampR1.mQuant.2","mQuant","99","99","2",0.389446944959943,NA
"3847","L1CampL2.mQuant.2","mQuant","99","99","2",-1.72788107688,NA
"3848","L1CampL3.mQuant.2","mQuant","99","99","2",-0.208453633547246,NA
"3849","L1CampR1.mQuant.2","mQuant","99","99","2",-4.09998091648489,NA
"3850","L2CampL3.mQuant.2","mQuant","99","99","2",0.556999150809972,NA
"3851","L2CampR1.mQuant.2","mQuant","99","99","2",-0.869575972248018,NA
"3852","L3CampR1.mQuant.2","mQuant","99","99","2",-3.22025369853423,NA
"3853","DCampL1.mSigma.2","mSigma","99","99","2",0.371969885319815,NA
"3854","DCampL2.mSigma.2","mSigma","99","99","2",0.0825513487903671,NA
"3855","DCampL3.mSigma.2","mSigma","99","99","2",0.347896664719553,NA
"3856","DCampR1.mSigma.2","mSigma","99","99","2",-0.075281413844256,NA
"3857","L1CampL2.mSigma.2","mSigma","99","99","2",-0.46083544365835,NA
"3858","L1CampL3.mSigma.2","mSigma","99","99","2",-0.0383313157085167,NA
"3859","L1CampR1.mSigma.2","mSigma","99","99","2",-0.71214944747009,NA
"3860","L2CampL3.mSigma.2","mSigma","99","99","2",0.289220890541759,NA
"3861","L2CampR1.mSigma.2","mSigma","99","99","2",-0.172034437487618,NA
"3862","L3CampR1.mSigma.2","mSigma","99","99","2",-0.64894328194444,NA
"3863","DCampL1.mConnect.2","mConnect","99","99","2",-0.423241076677756,NA
"3864","DCampL2.mConnect.2","mConnect","99","99","2",0.296416580638236,NA
"3865","DCampL3.mConnect.2","mConnect","99","99","2",-0.260356520203596,NA
"3866","DCampR1.mConnect.2","mConnect","99","99","2",0.244299687036746,NA
"3867","L1CampL2.mConnect.2","mConnect","99","99","2",0.505647053832844,NA
"3868","L1CampL3.mConnect.2","mConnect","99","99","2",0.114446216556915,NA
"3869","L1CampR1.mConnect.2","mConnect","99","99","2",0.469028595824911,NA
"3870","L2CampL3.mConnect.2","mConnect","99","99","2",-0.791339144044771,NA
"3871","L2CampR1.mConnect.2","mConnect","99","99","2",-0.0740735102154148,NA
"3872","L3CampR1.mConnect.2","mConnect","99","99","2",0.400407503076051,NA
"3873","DCampL1.mTau1.2","mTau1","99","99","2",-1.71148861461106,NA
"3874","DCampL2.mTau1.2","mTau1","99","99","2",-1.21585542073301,NA
"3875","DCampL3.mTau1.2","mTau1","99","99","2",-0.663968925973619,NA
"3876","DCampR1.mTau1.2","mTau1","99","99","2",-1.31090165208332,NA
"3877","L1CampL2.mTau1.2","mTau1","99","99","2",0.182790070077111,NA
"3878","L1CampL3.mTau1.2","mTau1","99","99","2",0.386326419735934,NA
"3879","L1CampR1.mTau1.2","mTau1","99","99","2",0.14773691483311,NA
"3880","L2CampL3.mTau1.2","mTau1","99","99","2",0.2490625018201,NA
"3881","L2CampR1.mTau1.2","mTau1","99","99","2",-0.0428936971523448,NA
"3882","L3CampR1.mTau1.2","mTau1","99","99","2",-0.388788946723368,NA
"3883","DCampL1.mTau2.2","mTau2","99","99","2",-7.77492871717055,NA
"3884","DCampL2.mTau2.2","mTau2","99","99","2",-2.78536910570178,NA
"3885","DCampL3.mTau2.2","mTau2","99","99","2",-9.04060975214816,NA
"3886","DCampR1.mTau2.2","mTau2","99","99","2",-0.955253242139717,NA
"3887","L1CampL2.mTau2.2","mTau2","99","99","2",0.568615401023752,NA
"3888","L1CampL3.mTau2.2","mTau2","99","99","2",-0.144238326688735,NA
"3889","L1CampR1.mTau2.2","mTau2","99","99","2",0.777177307627157,NA
"3890","L2CampL3.mTau2.2","mTau2","99","99","2",-1.65247839029074,NA
"3891","L2CampR1.mTau2.2","mTau2","99","99","2",0.483470914581465,NA
"3892","L3CampR1.mTau2.2","mTau2","99","99","2",0.805265487813487,NA
"3893","DCampL1.mNPQ.2","mNPQ","99","99","2",0.762450657951376,NA
"3894","DCampL2.mNPQ.2","mNPQ","99","99","2",0.64199618670874,NA
"3895","DCampL3.mNPQ.2","mNPQ","99","99","2",0.561294022116899,NA
"3896","DCampR1.mNPQ.2","mNPQ","99","99","2",0.48202523720927,NA
"3897","L1CampL2.mNPQ.2","mNPQ","99","99","2",-0.507071373904209,NA
"3898","L1CampL3.mNPQ.2","mNPQ","99","99","2",-0.846799381129429,NA
"3899","L1CampR1.mNPQ.2","mNPQ","99","99","2",-1.18049335907951,NA
"3900","L2CampL3.mNPQ.2","mNPQ","99","99","2",-0.22542263963592,NA
"3901","L2CampR1.mNPQ.2","mNPQ","99","99","2",-0.446841468052528,NA
"3902","L3CampR1.mNPQ.2","mNPQ","99","99","2",-0.180687724589773,NA
"3903","DCampL1.mqP.2","mqP","99","99","2",0.707335002910736,NA
"3904","DCampL2.mqP.2","mqP","99","99","2",0.521030014864891,NA
"3905","DCampL3.mqP.2","mqP","99","99","2",0.547346885375702,NA
"3906","DCampR1.mqP.2","mqP","99","99","2",0.312530146600017,NA
"3907","L1CampL2.mqP.2","mqP","99","99","2",-0.636581039409442,NA
"3908","L1CampL3.mqP.2","mqP","99","99","2",-0.546659556579077,NA
"3909","L1CampR1.mqP.2","mqP","99","99","2",-1.34899923201373,NA
"3910","L2CampL3.mqP.2","mqP","99","99","2",0.0549447174719883,NA
"3911","L2CampR1.mqP.2","mqP","99","99","2",-0.43530883925025,NA
"3912","L3CampR1.mqP.2","mqP","99","99","2",-0.518756485240542,NA
"3913","DCampL1.mABQ.2","mABQ","99","99","2",0,NA
"3914","DCampL2.mABQ.2","mABQ","99","99","2",0,NA
"3915","DCampL3.mABQ.2","mABQ","99","99","2",0,NA
"3916","DCampR1.mABQ.2","mABQ","99","99","2",1,NA
"3917","L1CampL2.mABQ.2","mABQ","99","99","2",0.778069806055967,NA
"3918","L1CampL3.mABQ.2","mABQ","99","99","2",0.0647181977636831,NA
"3919","L1CampR1.mABQ.2","mABQ","99","99","2",1.20238577587949,NA
"3920","L2CampL3.mABQ.2","mABQ","99","99","2",-3.2143062447473,NA
"3921","L2CampR1.mABQ.2","mABQ","99","99","2",1.91193438929058,NA
"3922","L3CampR1.mABQ.2","mABQ","99","99","2",1.21639015684425,NA
"3923","DCampL1.mqm.2","mqm","99","99","2",0,NA
"3924","DCampL2.mqm.2","mqm","99","99","2",0,NA
"3925","DCampL3.mqm.2","mqm","99","99","2",0,NA
"3926","DCampR1.mqm.2","mqm","99","99","2",0,NA
"3927","L1CampL2.mqm.2","mqm","99","99","2",0.234988310937124,NA
"3928","L1CampL3.mqm.2","mqm","99","99","2",0.0283492700460749,NA
"3929","L1CampR1.mqm.2","mqm","99","99","2",0.557589062887884,NA
"3930","L2CampL3.mqm.2","mqm","99","99","2",-0.270112266054625,NA
"3931","L2CampR1.mqm.2","mqm","99","99","2",0.421693885940409,NA
"3932","L3CampR1.mqm.2","mqm","99","99","2",0.544681104564091,NA
"3933","DCampL1.mQuant.3","mQuant","99","99","3",0.869000126178869,NA
"3934","DCampL2.mQuant.3","mQuant","99","99","3",0.663412623975899,NA
"3935","DCampL3.mQuant.3","mQuant","99","99","3",0.845467480765756,NA
"3936","DCampR1.mQuant.3","mQuant","99","99","3",0.371467230580396,NA
"3937","L1CampL2.mQuant.3","mQuant","99","99","3",-1.56937175743911,NA
"3938","L1CampL3.mQuant.3","mQuant","99","99","3",-0.179638687631442,NA
"3939","L1CampR1.mQuant.3","mQuant","99","99","3",-3.79796469329283,NA
"3940","L2CampL3.mQuant.3","mQuant","99","99","3",0.540884387704492,NA
"3941","L2CampR1.mQuant.3","mQuant","99","99","3",-0.867368814731178,NA
"3942","L3CampR1.mQuant.3","mQuant","99","99","3",-3.06731717397851,NA
"3943","DCampL1.mSigma.3","mSigma","99","99","3",0.288459469492766,NA
"3944","DCampL2.mSigma.3","mSigma","99","99","3",0.0129196892857732,NA
"3945","DCampL3.mSigma.3","mSigma","99","99","3",0.262045995838896,NA
"3946","DCampR1.mSigma.3","mSigma","99","99","3",-0.0879751056269378,NA
"3947","L1CampL2.mSigma.3","mSigma","99","99","3",-0.387243970502382,NA
"3948","L1CampL3.mSigma.3","mSigma","99","99","3",-0.0371215307089256,NA
"3949","L1CampR1.mSigma.3","mSigma","99","99","3",-0.529041648339211,NA
"3950","L2CampL3.mSigma.3","mSigma","99","99","3",0.252387069065192,NA
"3951","L2CampR1.mSigma.3","mSigma","99","99","3",-0.102215385939272,NA
"3952","L3CampR1.mSigma.3","mSigma","99","99","3",-0.474312896863719,NA
"3953","DCampL1.mConnect.3","mConnect","99","99","3",-0.222700318001601,NA
"3954","DCampL2.mConnect.3","mConnect","99","99","3",0.267602306560379,NA
"3955","DCampL3.mConnect.3","mConnect","99","99","3",-0.0352963623649847,NA
"3956","DCampR1.mConnect.3","mConnect","99","99","3",0.288243589848653,NA
"3957","L1CampL2.mConnect.3","mConnect","99","99","3",0.400999834009479,NA
"3958","L1CampL3.mConnect.3","mConnect","99","99","3",0.153270554425726,NA
"3959","L1CampR1.mConnect.3","mConnect","99","99","3",0.417881553090088,NA
"3960","L2CampL3.mConnect.3","mConnect","99","99","3",-0.413571303730948,NA
"3961","L2CampR1.mConnect.3","mConnect","99","99","3",0.0281831626084658,NA
"3962","L3CampR1.mConnect.3","mConnect","99","99","3",0.312509503534386,NA
"3963","DCampL1.mTau1.3","mTau1","99","99","3",-1.54643667732895,NA
"3964","DCampL2.mTau1.3","mTau1","99","99","3",-1.18100941989792,NA
"3965","DCampL3.mTau1.3","mTau1","99","99","3",-0.83056436818696,NA
"3966","DCampR1.mTau1.3","mTau1","99","99","3",-1.14671991206082,NA
"3967","L1CampL2.mTau1.3","mTau1","99","99","3",0.143505338532251,NA
"3968","L1CampL3.mTau1.3","mTau1","99","99","3",0.28112708064388,NA
"3969","L1CampR1.mTau1.3","mTau1","99","99","3",0.156971021045536,NA
"3970","L2CampL3.mTau1.3","mTau1","99","99","3",0.160680210050335,NA
"3971","L2CampR1.mTau1.3","mTau1","99","99","3",0.0157218522415648,NA
"3972","L3CampR1.mTau1.3","mTau1","99","99","3",-0.17270932908357,NA
"3973","DCampL1.mTau2.3","mTau2","99","99","3",-7.20973302587468,NA
"3974","DCampL2.mTau2.3","mTau2","99","99","3",-2.68881457052551,NA
"3975","DCampL3.mTau2.3","mTau2","99","99","3",-8.97439334358924,NA
"3976","DCampR1.mTau2.3","mTau2","99","99","3",-0.5161783529277,NA
"3977","L1CampL2.mTau2.3","mTau2","99","99","3",0.550677889414985,NA
"3978","L1CampL3.mTau2.3","mTau2","99","99","3",-0.214947345078441,NA
"3979","L1CampR1.mTau2.3","mTau2","99","99","3",0.815319408298766,NA
"3980","L2CampL3.mTau2.3","mTau2","99","99","3",-1.70395628538419,NA
"3981","L2CampR1.mTau2.3","mTau2","99","99","3",0.588979515250694,NA
"3982","L3CampR1.mTau2.3","mTau2","99","99","3",0.847992925414138,NA
"3983","DCampL1.mNPQ.3","mNPQ","99","99","3",0.759383237975745,NA
"3984","DCampL2.mNPQ.3","mNPQ","99","99","3",0.637194233872042,NA
"3985","DCampL3.mNPQ.3","mNPQ","99","99","3",0.569798702594106,NA
"3986","DCampR1.mNPQ.3","mNPQ","99","99","3",0.485891858208228,NA
"3987","L1CampL2.mNPQ.3","mNPQ","99","99","3",-0.507815844065706,NA
"3988","L1CampL3.mNPQ.3","mNPQ","99","99","3",-0.787910758114718,NA
"3989","L1CampR1.mNPQ.3","mNPQ","99","99","3",-1.13662646553256,NA
"3990","L2CampL3.mNPQ.3","mNPQ","99","99","3",-0.185762018055042,NA
"3991","L2CampR1.mNPQ.3","mNPQ","99","99","3",-0.417034098654457,NA
"3992","L3CampR1.mNPQ.3","mNPQ","99","99","3",-0.195040891070842,NA
"3993","DCampL1.mqP.3","mqP","99","99","3",0.691916140950803,NA
"3994","DCampL2.mqP.3","mqP","99","99","3",0.506468749699548,NA
"3995","DCampL3.mqP.3","mqP","99","99","3",0.538522796721478,NA
"3996","DCampR1.mqP.3","mqP","99","99","3",0.302610111842686,NA
"3997","L1CampL2.mqP.3","mqP","99","99","3",-0.601938030195994,NA
"3998","L1CampL3.mqP.3","mqP","99","99","3",-0.497894776775144,NA
"3999","L1CampR1.mqP.3","mqP","99","99","3",-1.26363656411467,NA
"4000","L2CampL3.mqP.3","mqP","99","99","3",0.0649483634570562,NA
"4001","L2CampR1.mqP.3","mqP","99","99","3",-0.413061255458004,NA
"4002","L3CampR1.mqP.3","mqP","99","99","3",-0.51121200181238,NA
"4003","DCampL1.mABQ.3","mABQ","99","99","3",0,NA
"4004","DCampL2.mABQ.3","mABQ","99","99","3",0,NA
"4005","DCampL3.mABQ.3","mABQ","99","99","3",0,NA
"4006","DCampR1.mABQ.3","mABQ","99","99","3",1,NA
"4007","L1CampL2.mABQ.3","mABQ","99","99","3",0.955211422566601,NA
"4008","L1CampL3.mABQ.3","mABQ","99","99","3",0.0915673654268168,NA
"4009","L1CampR1.mABQ.3","mABQ","99","99","3",1.3049825536379,NA
"4010","L2CampL3.mABQ.3","mABQ","99","99","3",-19.282685600453,NA
"4011","L2CampR1.mABQ.3","mABQ","99","99","3",7.80938246121816,NA
"4012","L3CampR1.mABQ.3","mABQ","99","99","3",1.33572390734421,NA
"4013","DCampL1.mqm.3","mqm","99","99","3",0,NA
"4014","DCampL2.mqm.3","mqm","99","99","3",0,NA
"4015","DCampL3.mqm.3","mqm","99","99","3",0,NA
"4016","DCampR1.mqm.3","mqm","99","99","3",0,NA
"4017","L1CampL2.mqm.3","mqm","99","99","3",0.236579369794767,NA
"4018","L1CampL3.mqm.3","mqm","99","99","3",0.0270801403868479,NA
"4019","L1CampR1.mqm.3","mqm","99","99","3",0.57253489454162,NA
"4020","L2CampL3.mqm.3","mqm","99","99","3",-0.274421755345542,NA
"4021","L2CampR1.mqm.3","mqm","99","99","3",0.440066080813846,NA
"4022","L3CampR1.mqm.3","mqm","99","99","3",0.560636879559282,NA
"4023","DCampL1.mQuant.4","mQuant","99","99","4",0.864316653450026,NA
"4024","DCampL2.mQuant.4","mQuant","99","99","4",0.646296710535873,NA
"4025","DCampL3.mQuant.4","mQuant","99","99","4",0.835394025854424,NA
"4026","DCampR1.mQuant.4","mQuant","99","99","4",0.354000116111388,NA
"4027","L1CampL2.mQuant.4","mQuant","99","99","4",-1.60682905056336,NA
"4028","L1CampL3.mQuant.4","mQuant","99","99","4",-0.213162693366721,NA
"4029","L1CampR1.mQuant.4","mQuant","99","99","4",-3.76108454216733,NA
"4030","L2CampL3.mQuant.4","mQuant","99","99","4",0.534621308173413,NA
"4031","L2CampR1.mQuant.4","mQuant","99","99","4",-0.826389245255039,NA
"4032","L3CampR1.mQuant.4","mQuant","99","99","4",-2.92452271092722,NA
"4033","DCampL1.mSigma.4","mSigma","99","99","4",0.1790087103775,NA
"4034","DCampL2.mSigma.4","mSigma","99","99","4",-0.0798375437045744,NA
"4035","DCampL3.mSigma.4","mSigma","99","99","4",0.145603262992472,NA
"4036","DCampR1.mSigma.4","mSigma","99","99","4",-0.164381610106044,NA
"4037","L1CampL2.mSigma.4","mSigma","99","99","4",-0.315285018676744,NA
"4038","L1CampL3.mSigma.4","mSigma","99","99","4",-0.0406891617575962,NA
"4039","L1CampR1.mSigma.4","mSigma","99","99","4",-0.418263049589037,NA
"4040","L2CampL3.mSigma.4","mSigma","99","99","4",0.208772891821886,NA
"4041","L2CampR1.mSigma.4","mSigma","99","99","4",-0.0782933200409256,NA
"4042","L3CampR1.mSigma.4","mSigma","99","99","4",-0.362811396242241,NA
"4043","DCampL1.mConnect.4","mConnect","99","99","4",0.176614626856557,NA
"4044","DCampL2.mConnect.4","mConnect","99","99","4",0.278751220655526,NA
"4045","DCampL3.mConnect.4","mConnect","99","99","4",0.166782519188882,NA
"4046","DCampR1.mConnect.4","mConnect","99","99","4",0.288784846509394,NA
"4047","L1CampL2.mConnect.4","mConnect","99","99","4",0.124044702675542,NA
"4048","L1CampL3.mConnect.4","mConnect","99","99","4",-0.0119410764246866,NA
"4049","L1CampR1.mConnect.4","mConnect","99","99","4",0.136230522561513,NA
"4050","L2CampL3.mConnect.4","mConnect","99","99","4",-0.155242829760363,NA
"4051","L2CampR1.mConnect.4","mConnect","99","99","4",0.0139114632027354,NA
"4052","L3CampR1.mConnect.4","mConnect","99","99","4",0.146423148973958,NA
"4053","DCampL1.mTau1.4","mTau1","99","99","4",-1.40205545201142,NA
"4054","DCampL2.mTau1.4","mTau1","99","99","4",-1.19436769294408,NA
"4055","DCampL3.mTau1.4","mTau1","99","99","4",-0.973453573568876,NA
"4056","DCampR1.mTau1.4","mTau1","99","99","4",-1.09992512112892,NA
"4057","L1CampL2.mTau1.4","mTau1","99","99","4",0.0864625164641483,NA
"4058","L1CampL3.mTau1.4","mTau1","99","99","4",0.178431300611167,NA
"4059","L1CampR1.mTau1.4","mTau1","99","99","4",0.12577991512623,NA
"4060","L2CampL3.mTau1.4","mTau1","99","99","4",0.100673246368669,NA
"4061","L2CampR1.mTau1.4","mTau1","99","99","4",0.043038626625263,NA
"4062","L3CampR1.mTau1.4","mTau1","99","99","4",-0.064086406315265,NA
"4063","DCampL1.mTau2.4","mTau2","99","99","4",-5.98551827501448,NA
"4064","DCampL2.mTau2.4","mTau2","99","99","4",-2.36086830828051,NA
"4065","DCampL3.mTau2.4","mTau2","99","99","4",-7.8393815971051,NA
"4066","DCampR1.mTau2.4","mTau2","99","99","4",-0.359617093170553,NA
"4067","L1CampL2.mTau2.4","mTau2","99","99","4",0.518880607570446,NA
"4068","L1CampL3.mTau2.4","mTau2","99","99","4",-0.265386654089997,NA
"4069","L1CampR1.mTau2.4","mTau2","99","99","4",0.805366325068023,NA
"4070","L2CampL3.mTau2.4","mTau2","99","99","4",-1.63008865159239,NA
"4071","L2CampR1.mTau2.4","mTau2","99","99","4",0.595456599765981,NA
"4072","L3CampR1.mTau2.4","mTau2","99","99","4",0.846186401363662,NA
"4073","DCampL1.mNPQ.4","mNPQ","99","99","4",0.737598821688138,NA
"4074","DCampL2.mNPQ.4","mNPQ","99","99","4",0.62221735131307,NA
"4075","DCampL3.mNPQ.4","mNPQ","99","99","4",0.559046477893678,NA
"4076","DCampR1.mNPQ.4","mNPQ","99","99","4",0.470618952346643,NA
"4077","L1CampL2.mNPQ.4","mNPQ","99","99","4",-0.439713994873673,NA
"4078","L1CampL3.mNPQ.4","mNPQ","99","99","4",-0.680455571667637,NA
"4079","L1CampR1.mNPQ.4","mNPQ","99","99","4",-1.01744920148259,NA
"4080","L2CampL3.mNPQ.4","mNPQ","99","99","4",-0.167214861876152,NA
"4081","L2CampR1.mNPQ.4","mNPQ","99","99","4",-0.401284705619332,NA
"4082","L3CampR1.mNPQ.4","mNPQ","99","99","4",-0.20053706595797,NA
"4083","DCampL1.mqP.4","mqP","99","99","4",0.664753516841473,NA
"4084","DCampL2.mqP.4","mqP","99","99","4",0.483907744240611,NA
"4085","DCampL3.mqP.4","mqP","99","99","4",0.518900890091909,NA
"4086","DCampR1.mqP.4","mqP","99","99","4",0.285112512616146,NA
"4087","L1CampL2.mqP.4","mqP","99","99","4",-0.539441222162935,NA
"4088","L1CampL3.mqP.4","mqP","99","99","4",-0.435060870364433,NA
"4089","L1CampR1.mqP.4","mqP","99","99","4",-1.13242352506889,NA
"4090","L2CampL3.mqP.4","mqP","99","99","4",0.0678040514283788,NA
"4091","L2CampR1.mqP.4","mqP","99","99","4",-0.385193208008815,NA
"4092","L3CampR1.mqP.4","mqP","99","99","4",-0.485946393707578,NA
"4093","DCampL1.mABQ.4","mABQ","99","99","4",0,NA
"4094","DCampL2.mABQ.4","mABQ","99","99","4",1,NA
"4095","DCampL3.mABQ.4","mABQ","99","99","4",0,NA
"4096","DCampR1.mABQ.4","mABQ","99","99","4",1,NA
"4097","L1CampL2.mABQ.4","mABQ","99","99","4",1.44599809437324,NA
"4098","L1CampL3.mABQ.4","mABQ","99","99","4",0.186613530227556,NA
"4099","L1CampR1.mABQ.4","mABQ","99","99","4",1.91828833222357,NA
"4100","L2CampL3.mABQ.4","mABQ","99","99","4",2.82374427163303,NA
"4101","L2CampR1.mABQ.4","mABQ","99","99","4",-1.05895124622458,NA
"4102","L3CampR1.mABQ.4","mABQ","99","99","4",2.1289692739547,NA
"4103","DCampL1.mqm.4","mqm","99","99","4",0,NA
"4104","DCampL2.mqm.4","mqm","99","99","4",0,NA
"4105","DCampL3.mqm.4","mqm","99","99","4",0,NA
"4106","DCampR1.mqm.4","mqm","99","99","4",0,NA
"4107","L1CampL2.mqm.4","mqm","99","99","4",0.252245449678542,NA
"4108","L1CampL3.mqm.4","mqm","99","99","4",0.033462999330343,NA
"4109","L1CampR1.mqm.4","mqm","99","99","4",0.590427750410279,NA
"4110","L2CampL3.mqm.4","mqm","99","99","4",-0.292585916400168,NA
"4111","L2CampR1.mqm.4","mqm","99","99","4",0.452263781726708,NA
"4112","L3CampR1.mqm.4","mqm","99","99","4",0.576247728430518,NA
"4113","secDer1TOJp.1","OJIP2","99","99","1",8.01940040612672,NA
"4114","secDer2TJ.1","OJIP2","99","99","1",67.6689804865909,NA
"4115","secDer3TJIp.1","OJIP2","99","99","1",169.346317047493,NA
"4116","secDer4TI.1","OJIP2","99","99","1",347.943607788947,NA
"4117","secDer5TIPp.1","OJIP2","99","99","1",550.429781341931,NA
"4118","secDer1FOJp.1","OJIP2","99","99","1",0.381105468070236,NA
"4119","secDer2FJ.1","OJIP2","99","99","1",0.523293396183053,NA
"4120","secDer3FJIp.1","OJIP2","99","99","1",0.577002995490105,NA
"4121","secDer4FI.1","OJIP2","99","99","1",0.597421634283004,NA
"4122","secDer5FIPp.1","OJIP2","99","99","1",0.603683565112157,NA
"4123","firDer1TOJ.1","OJIP2","99","99","1",27.9861392246908,NA
"4124","firDer2TJp.1","OJIP2","99","99","1",132.193926642296,NA
"4125","firDer3TJI.1","OJIP2","99","99","1",312.390985293723,NA
"4126","firDer4TIp.1","OJIP2","99","99","1",445.731282940974,NA
"4127","firDer5TIP.1","OJIP2","99","99","1",1105.28780121497,NA
"4128","firDer1FOJ.1","OJIP2","99","99","1",0.454554886852806,NA
"4129","firDer2FJp.1","OJIP2","99","99","1",0.571808907973947,NA
"4130","firDer3FJI.1","OJIP2","99","99","1",0.58544166472177,NA
"4131","firDer4FIp.1","OJIP2","99","99","1",0.597924278581036,NA
"4132","firDer5FIP.1","OJIP2","99","99","1",0.64677098909296,NA
"4133","MTFm.1","OJIP2","99","99","1",3305.77294117647,NA
"4134","MTFo.1","OJIP2","99","99","1",0,NA
"4135","secDer1TOJp.2","OJIP2","99","99","2",25.6505279673588,NA
"4136","secDer2TJ.2","OJIP2","99","99","2",123.404939574636,NA
"4137","secDer3TJIp.2","OJIP2","99","99","2",839.381783996826,NA
"4138","secDer4TI.2","OJIP2","99","99","2",0,NA
"4139","secDer5TIPp.2","OJIP2","99","99","2",0,NA
"4140","secDer1FOJp.2","OJIP2","99","99","2",0.511267739077025,NA
"4141","secDer2FJ.2","OJIP2","99","99","2",0.718289039528807,NA
"4142","secDer3FJIp.2","OJIP2","99","99","2",0.775629125710752,NA
"4143","secDer4FI.2","OJIP2","99","99","2",0,NA
"4144","secDer5FIPp.2","OJIP2","99","99","2",0,NA
"4145","firDer1TOJ.2","OJIP2","99","99","2",72.1566998181782,NA
"4146","firDer2TJp.2","OJIP2","99","99","2",534.262109561182,NA
"4147","firDer3TJI.2","OJIP2","99","99","2",5541.64865134562,NA
"4148","firDer4TIp.2","OJIP2","99","99","2",0,NA
"4149","firDer5TIP.2","OJIP2","99","99","2",0,NA
"4150","firDer1FOJ.2","OJIP2","99","99","2",0.627319677201805,NA
"4151","firDer2FJp.2","OJIP2","99","99","2",0.790234808680397,NA
"4152","firDer3FJI.2","OJIP2","99","99","2",0.881134758023914,NA
"4153","firDer4FIp.2","OJIP2","99","99","2",0,NA
"4154","firDer5FIP.2","OJIP2","99","99","2",0,NA
"4155","MTFm.2","OJIP2","99","99","2",3738.00392156863,NA
"4156","MTFo.2","OJIP2","99","99","2",0,NA
"4157","secDer1TOJp.3","OJIP2","99","99","3",28.0021442999695,NA
"4158","secDer2TJ.3","OJIP2","99","99","3",132.937643867878,NA
"4159","secDer3TJIp.3","OJIP2","99","99","3",934.792938023996,NA
"4160","secDer4TI.3","OJIP2","99","99","3",0,NA
"4161","secDer5TIPp.3","OJIP2","99","99","3",0,NA
"4162","secDer1FOJp.3","OJIP2","99","99","3",0.482363214117187,NA
"4163","secDer2FJ.3","OJIP2","99","99","3",0.697588957231931,NA
"4164","secDer3FJIp.3","OJIP2","99","99","3",0.773868414522737,NA
"4165","secDer4FI.3","OJIP2","99","99","3",0,NA
"4166","secDer5FIPp.3","OJIP2","99","99","3",0,NA
"4167","firDer1TOJ.3","OJIP2","99","99","3",78.1940658964073,NA
"4168","firDer2TJp.3","OJIP2","99","99","3",594.516412263837,NA
"4169","firDer3TJI.3","OJIP2","99","99","3",6468.42880277105,NA
"4170","firDer4TIp.3","OJIP2","99","99","3",0,NA
"4171","firDer5TIP.3","OJIP2","99","99","3",0,NA
"4172","firDer1FOJ.3","OJIP2","99","99","3",0.602918483580636,NA
"4173","firDer2FJp.3","OJIP2","99","99","3",0.784589632899383,NA
"4174","firDer3FJI.3","OJIP2","99","99","3",0.885373460493897,NA
"4175","firDer4FIp.3","OJIP2","99","99","3",0,NA
"4176","firDer5FIP.3","OJIP2","99","99","3",0,NA
"4177","MTFm.3","OJIP2","99","99","3",3111.60843137255,NA
"4178","MTFo.3","OJIP2","99","99","3",0,NA
"4179","secDer1TOJp.4","OJIP2","99","99","4",30.2075965538761,NA
"4180","secDer2TJ.4","OJIP2","99","99","4",137.598542334963,NA
"4181","secDer3TJIp.4","OJIP2","99","99","4",985.514613646593,NA
"4182","secDer4TI.4","OJIP2","99","99","4",0,NA
"4183","secDer5TIPp.4","OJIP2","99","99","4",0,NA
"4184","secDer1FOJp.4","OJIP2","99","99","4",0.465356137750214,NA
"4185","secDer2FJ.4","OJIP2","99","99","4",0.684062517966897,NA
"4186","secDer3FJIp.4","OJIP2","99","99","4",0.770712347526932,NA
"4187","secDer4FI.4","OJIP2","99","99","4",0,NA
"4188","secDer5FIPp.4","OJIP2","99","99","4",0,NA
"4189","firDer1TOJ.4","OJIP2","99","99","4",82.8165032052056,NA
"4190","firDer2TJp.4","OJIP2","99","99","4",631.10942390087,NA
"4191","firDer3TJI.4","OJIP2","99","99","4",6468.42880277105,NA
"4192","firDer4TIp.4","OJIP2","99","99","4",0,NA
"4193","firDer5TIP.4","OJIP2","99","99","4",0,NA
"4194","firDer1FOJ.4","OJIP2","99","99","4",0.588544063010401,NA
"4195","firDer2FJp.4","OJIP2","99","99","4",0.780018547424682,NA
"4196","firDer3FJI.4","OJIP2","99","99","4",0.880788515042771,NA
"4197","firDer4FIp.4","OJIP2","99","99","4",0,NA
"4198","firDer5FIP.4","OJIP2","99","99","4",0,NA
"4199","MTFm.4","OJIP2","99","99","4",2784.26784313725,NA
"4200","MTFo.4","OJIP2","99","99","4",0,NA
