"","uni","metric","metrix","stage","col","ASnormalized.t1_icra4.002r","pval"
"1","Quant.1.0","Quant","1","1","1",0.299006927543699,3.78857032045918e-62
"2","Sigma.1.0","Sigma","2","1","1",4.97547571619161,4.44562458576661e-47
"3","Connect.1.0","Connect","3","1","1",0.274626923904565,1.19461524688329e-14
"4","Tau1.1.0","Tau1","4","1","1",761.22156173092,6.05624268639454e-28
"5","Tau2.1.0","Tau2","5","1","1",1891781.64674863,3.81429631804002e-18
"6","NPQ.1.0","NPQ","6","1","1",0.561736992018311,7.05993069888758e-88
"7","qP.1.0","qP","7","1","1",1.43722956110291,7.57714064091837e-62
"8","ABQ.1.0","ABQ","8","1","1",0,4.44562458576661e-47
"9","qm.1.0","qm","9","1","1",0,3.78857032045918e-62
"10","nTau1.1.0","nTau1","10","1","1",1,6.05624268639454e-28
"11","nTau2.1.0","nTau2","11","1","1",1,3.81429631804002e-18
"12","nCon.1.0","nCon","12","1","1",1,1.19461524688329e-14
"13","Fm.1.0","Fm","13","1","1",1871.15674458462,7.05993069888758e-88
"14","Fo.1.0","Fo","14","1","1",1311.6679154337,7.57714064091837e-62
"15","Quant.3.0","Quant","1","3","1",0.0404962309582404,1.30160813750985e-81
"16","Sigma.3.0","Sigma","2","3","1",3.16955972372165,3.11239823911957e-26
"17","Connect.3.0","Connect","3","3","1",0.564958909832903,6.15776699696807e-13
"18","Tau1.3.0","Tau1","4","3","1",4046.90200022697,1.74008943294899e-06
"19","Tau2.3.0","Tau2","5","3","1",7234735.48048732,1.53242019010436e-05
"20","NPQ.3.0","NPQ","6","3","1",0.0360787650899857,3.59273001663972e-93
"21","qP.3.0","qP","7","3","1",0.192732202938431,2.60321627501611e-81
"22","ABQ.3.0","ABQ","8","3","1",0.362963482384809,3.11239823911957e-26
"23","qm.3.0","qm","9","3","1",0.864564238391025,1.30160813750985e-81
"24","nTau1.3.0","nTau1","10","3","1",5.31632602605848,1.74008943294899e-06
"25","nTau2.3.0","nTau2","11","3","1",3.82429731936638,1.53242019010436e-05
"26","nCon.3.0","nCon","12","3","1",2.05718689850391,6.15776699696807e-13
"27","Fm.3.0","Fm","13","3","1",2820.49473876491,3.59273001663972e-93
"28","Fo.3.0","Fo","14","3","1",2706.27533240739,2.60321627501611e-81
"29","Quant.4.0","Quant","1","4","1",0.0382033416398068,1.95993990400203e-84
"30","Sigma.4.0","Sigma","2","4","1",2.75431056995902,1.44861627384081e-28
"31","Connect.4.0","Connect","3","4","1",0.527166958719287,1.66973350824723e-14
"32","Tau1.4.0","Tau1","4","4","1",2146.32929380178,4.63301708109395e-06
"33","Tau2.4.0","Tau2","5","4","1",7044092.8901106,4.78870513492667e-05
"34","NPQ.4.0","NPQ","6","4","1",0.0557638554052423,7.92806465561331e-97
"35","qP.4.0","qP","7","4","1",0.232097016540259,3.91987980800327e-84
"36","ABQ.4.0","ABQ","8","4","1",0.446422668490631,1.44861627384081e-28
"37","qm.4.0","qm","9","4","1",0.872232586871341,1.95993990400203e-84
"38","nTau1.4.0","nTau1","10","4","1",2.81958552109494,4.63301708109395e-06
"39","nTau2.4.0","nTau2","11","4","1",3.7235232206725,4.78870513492667e-05
"40","nCon.4.0","nCon","12","4","1",1.91957493178084,1.66973350824723e-14
"41","Fm.4.0","Fm","13","4","1",2767.90561726579,7.92806465561331e-97
"42","Fo.4.0","Fo","14","4","1",2662.16237334264,3.91987980800327e-84
"43","Quant.5.0","Quant","1","5","1",0.0418897608017978,5.07466388671122e-79
"44","Sigma.5.0","Sigma","2","5","1",3.40005979740477,1.21240754012033e-24
"45","Connect.5.0","Connect","3","5","1",0.354595946207961,7.82292481985053e-06
"46","Tau1.5.0","Tau1","4","5","1",1694.26830841601,2.13814284867159e-12
"47","Tau2.5.0","Tau2","5","5","1",7590854.77108479,3.81190013518255e-10
"48","NPQ.5.0","NPQ","6","5","1",0.0963613054100455,2.04049411265332e-95
"49","qP.5.0","qP","7","5","1",0.328832599081281,1.01493277734224e-78
"50","ABQ.5.0","ABQ","8","5","1",0.316636239155984,1.21240754012033e-24
"51","qm.5.0","qm","9","5","1",0.859903711442687,5.07466388671122e-79
"52","nTau1.5.0","nTau1","10","5","1",2.22572296108305,2.13814284867159e-12
"53","nTau2.5.0","nTau2","11","5","1",4.01254277105978,3.81190013518255e-10
"54","nCon.5.0","nCon","12","5","1",1.29119148685941,7.82292481985053e-06
"55","Fm.5.0","Fm","13","5","1",2665.41211502299,2.04049411265332e-95
"56","Fo.5.0","Fo","14","5","1",2553.75863908646,1.01493277734224e-78
"57","Quant.6.0","Quant","1","6","1",0.0465625009179993,5.20738635578394e-79
"58","Sigma.6.0","Sigma","2","6","1",4.30292708672983,2.6053970957562e-27
"59","Connect.6.0","Connect","3","6","1",0.242591170367784,0.000439144799317804
"60","Tau1.6.0","Tau1","4","6","1",1499.22290978853,1.26148838538876e-10
"61","Tau2.6.0","Tau2","5","6","1",9903374.22700943,3.39520522248915e-05
"62","NPQ.6.0","NPQ","6","6","1",0.160721902565992,5.69462284130493e-100
"63","qP.6.0","qP","7","6","1",0.465691725777954,1.04147727115679e-78
"64","ABQ.6.0","ABQ","8","6","1",0.135172728765033,2.6053970957562e-27
"65","qm.6.0","qm","9","6","1",0.8442761801524,5.20738635578394e-79
"66","nTau1.6.0","nTau1","10","6","1",1.96949611671467,1.26148838538876e-10
"67","nTau2.6.0","nTau2","11","6","1",5.23494571587062,3.39520522248915e-05
"68","nCon.6.0","nCon","12","6","1",0.883348096095945,0.000439144799317804
"69","Fm.6.0","Fm","13","6","1",2517.61830238765,5.69462284130493e-100
"70","Fo.6.0","Fo","14","6","1",2400.39169787155,1.04147727115679e-78
"71","Quant.7.0","Quant","1","7","1",0.047005726632918,4.24655892795066e-80
"72","Sigma.7.0","Sigma","2","7","1",3.46779277825071,4.21824583413066e-28
"73","Connect.7.0","Connect","3","7","1",0.345117748220031,2.30493352360191e-07
"74","Tau1.7.0","Tau1","4","7","1",1663.92671603383,7.31101111654128e-12
"75","Tau2.7.0","Tau2","5","7","1",18467525.3798085,0.00613075133162938
"76","NPQ.7.0","NPQ","6","7","1",0.198675443720022,1.98098616551547e-97
"77","qP.7.0","qP","7","7","1",0.534478621957582,8.49311785590131e-80
"78","ABQ.7.0","ABQ","8","7","1",0.303022871367751,4.21824583413066e-28
"79","qm.7.0","qm","9","7","1",0.842793854245908,4.24655892795066e-80
"80","nTau1.7.0","nTau1","10","7","1",2.18586387943383,7.31101111654128e-12
"81","nTau2.7.0","nTau2","11","7","1",9.76197512622467,0.00613075133162938
"82","nCon.7.0","nCon","12","7","1",1.25667849063467,2.30493352360191e-07
"83","Fm.7.0","Fm","13","7","1",2437.90320490199,1.98098616551547e-97
"84","Fo.7.0","Fo","14","7","1",2323.30779329485,8.49311785590131e-80
"85","Quant.8.0","Quant","1","8","1",0.0478647604513153,4.30632875488743e-85
"86","Sigma.8.0","Sigma","2","8","1",3.46305824167911,2.90240400430093e-32
"87","Connect.8.0","Connect","3","8","1",0.313407201786961,3.77841203298307e-08
"88","Tau1.8.0","Tau1","4","8","1",1626.75293034354,2.00517859116882e-14
"89","Tau2.8.0","Tau2","5","8","1",17673836.8250151,0.024194868191481
"90","NPQ.8.0","NPQ","6","8","1",0.212724906148648,1.12146868299276e-101
"91","qP.8.0","qP","7","8","1",0.560344312795237,8.61265750977486e-85
"92","ABQ.8.0","ABQ","8","8","1",0.303974446019436,2.90240400430093e-32
"93","qm.8.0","qm","9","8","1",0.839920898005549,4.30632875488743e-85
"94","nTau1.8.0","nTau1","10","8","1",2.13702949591248,2.00517859116882e-14
"95","nTau2.8.0","nTau2","11","8","1",9.34242958503734,0.024194868191481
"96","nCon.8.0","nCon","12","8","1",1.1412107645202,3.77841203298307e-08
"97","Fm.8.0","Fm","13","8","1",2409.66000703556,1.12146868299276e-101
"98","Fo.8.0","Fo","14","8","1",2294.32220802969,8.61265750977486e-85
"99","Quant.9.0","Quant","1","9","1",0.0566134091730714,2.05540905253643e-83
"100","Sigma.9.0","Sigma","2","9","1",3.75777944517138,5.19938678925228e-33
"101","Connect.9.0","Connect","3","9","1",0.319515682298637,1.61755934526026e-08
"102","Tau1.9.0","Tau1","4","9","1",1290.79842375177,1.13710836612074e-15
"103","Tau2.9.0","Tau2","5","9","1",11752768.7572324,0.000322013791371381
"104","NPQ.9.0","NPQ","6","9","1",0.21384490417212,9.47023981435579e-101
"105","qP.9.0","qP","7","9","1",0.581028199651937,4.11081810507286e-83
"106","ABQ.9.0","ABQ","8","9","1",0.244739667215638,5.19938678925228e-33
"107","qm.9.0","qm","9","9","1",0.81066188118736,2.05540905253643e-83
"108","nTau1.9.0","nTau1","10","9","1",1.69569345988658,1.13710836612074e-15
"109","nTau2.9.0","nTau2","11","9","1",6.21253979148788,0.000322013791371381
"110","nCon.9.0","nCon","12","9","1",1.16345359644953,1.61755934526026e-08
"111","Fm.9.0","Fm","13","9","1",2407.43664683868,9.47023981435579e-101
"112","Fo.9.0","Fo","14","9","1",2271.14345089296,4.11081810507286e-83
"113","Quant.10.0","Quant","1","10","1",0.0832702382020536,2.47080469937161e-78
"114","Sigma.10.0","Sigma","2","10","1",4.88240411834556,8.72577756722361e-37
"115","Connect.10.0","Connect","3","10","1",0.281499191542825,2.59095320486575e-09
"116","Tau1.10.0","Tau1","4","10","1",1340.599451576,1.55196941050455e-18
"117","Tau2.10.0","Tau2","5","10","1",5207943.34245228,1.22725654442743e-07
"118","NPQ.10.0","NPQ","6","10","1",0.231619748880154,1.12593372442869e-100
"119","qP.10.0","qP","7","10","1",0.666718156155249,4.94160939874323e-78
"120","ABQ.10.0","ABQ","8","10","1",0.0187060701639373,8.72577756722361e-37
"121","qm.10.0","qm","9","10","1",0.721510672391081,2.47080469937161e-78
"122","nTau1.10.0","nTau1","10","10","1",1.76111597328858,1.55196941050455e-18
"123","nTau2.10.0","nTau2","11","10","1",2.7529304723952,1.22725654442743e-07
"124","nCon.10.0","nCon","12","10","1",1.02502401272443,2.59095320486575e-09
"125","Fm.10.0","Fm","13","10","1",2372.69230908274,1.12593372442869e-100
"126","Fo.10.0","Fo","14","10","1",2175.11765532524,4.94160939874323e-78
"127","Quant.11.0","Quant","1","11","1",0.0940240372760578,3.42830849906852e-80
"128","Sigma.11.0","Sigma","2","11","1",4.50598013219585,2.07240849243923e-39
"129","Connect.11.0","Connect","3","11","1",0.155958743851763,7.1229345582774e-05
"130","Tau1.11.0","Tau1","4","11","1",1756.19975139791,4.7666953593629e-18
"131","Tau2.11.0","Tau2","5","11","1",7753578.54935442,0.00141189310100561
"132","NPQ.11.0","NPQ","6","11","1",0.203078580614279,9.61922977470582e-102
"133","qP.11.0","qP","7","11","1",0.643980265656534,6.85661699813704e-80
"134","ABQ.11.0","ABQ","8","11","1",0.0943619486409885,2.07240849243923e-39
"135","qm.11.0","qm","9","11","1",0.6855456224762,3.42830849906852e-80
"136","nTau1.11.0","nTau1","10","11","1",2.30708093370942,4.7666953593629e-18
"137","nTau2.11.0","nTau2","11","11","1",4.09855892337276,0.00141189310100561
"138","nCon.11.0","nCon","12","11","1",0.567893131650703,7.1229345582774e-05
"139","Fm.11.0","Fm","13","11","1",2428.98074404274,9.61922977470582e-102
"140","Fo.11.0","Fo","14","11","1",2200.59816802204,6.85661699813704e-80
"141","Quant.12.0","Quant","1","12","1",0.0987478905196697,2.60204527355401e-76
"142","Sigma.12.0","Sigma","2","12","1",4.81144531522892,3.18209542927558e-37
"143","Connect.12.0","Connect","3","12","1",0.186402445850683,2.94607042132597e-05
"144","Tau1.12.0","Tau1","4","12","1",1557.63522783511,2.19740378290119e-18
"145","Tau2.12.0","Tau2","5","12","1",5120228.28933316,4.66210636877029e-06
"146","NPQ.12.0","NPQ","6","12","1",0.193323938517255,9.15034729723504e-99
"147","qP.12.0","qP","7","12","1",0.638250836443136,5.20409054710801e-76
"148","ABQ.12.0","ABQ","8","12","1",0.0329677824431716,3.18209542927558e-37
"149","qm.12.0","qm","9","12","1",0.669747148232082,2.60204527355401e-76
"150","nTau1.12.0","nTau1","10","12","1",2.04623109242104,2.19740378290119e-18
"151","nTau2.12.0","nTau2","11","12","1",2.70656409957946,4.66210636877029e-06
"152","nCon.12.0","nCon","12","12","1",0.678747892597228,2.94607042132597e-05
"153","Fm.12.0","Fm","13","12","1",2448.83607171524,9.15034729723504e-99
"154","Fo.12.0","Fo","14","12","1",2207.01867540489,5.20409054710801e-76
"155","Quant.13.0","Quant","1","13","1",0.107531296629761,7.75093762940348e-73
"156","Sigma.13.0","Sigma","2","13","1",4.98017692492759,3.57755178522259e-35
"157","Connect.13.0","Connect","3","13","1",0.1305171091003,0.0077907693332831
"158","Tau1.13.0","Tau1","4","13","1",1614.46113177324,4.70710770568559e-18
"159","Tau2.13.0","Tau2","5","13","1",5145680.77313581,3.27234998812708e-05
"160","NPQ.13.0","NPQ","6","13","1",0.181084134227626,4.4419817317361e-96
"161","qP.13.0","qP","7","13","1",0.637233775101158,1.5501875258807e-72
"162","ABQ.13.0","ABQ","8","13","1",-0.000944876229762359,3.57755178522259e-35
"163","qm.13.0","qm","9","13","1",0.640371888661188,7.75093762940348e-73
"164","nTau1.13.0","nTau1","10","13","1",2.12088203085336,4.70710770568559e-18
"165","nTau2.13.0","nTau2","11","13","1",2.720018339315,3.27234998812708e-05
"166","nCon.13.0","nCon","12","13","1",0.475252416058285,0.0077907693332831
"167","Fm.13.0","Fm","13","13","1",2474.21383557351,4.4419817317361e-96
"168","Fo.13.0","Fo","14","13","1",2208.15841369499,1.5501875258807e-72
"169","Quant.14.0","Quant","1","14","1",0.113087861446302,1.56941928021756e-71
"170","Sigma.14.0","Sigma","2","14","1",4.83522583177013,6.44863831132484e-35
"171","Connect.14.0","Connect","3","14","1",0.218024851318949,1.44682833057147e-05
"172","Tau1.14.0","Tau1","4","14","1",1606.80935618996,1.62890026818013e-16
"173","Tau2.14.0","Tau2","5","14","1",4585769.56630531,3.44090618553116e-05
"174","NPQ.14.0","NPQ","6","14","1",0.174323120489554,3.43233626196809e-94
"175","qP.14.0","qP","7","14","1",0.638227953900764,3.13883856043511e-71
"176","ABQ.14.0","ABQ","8","14","1",0.028188236144951,6.44863831132484e-35
"177","qm.14.0","qm","9","14","1",0.621788490402871,1.56941928021756e-71
"178","nTau1.14.0","nTau1","10","14","1",2.11083006179736,1.62890026818013e-16
"179","nTau2.14.0","nTau2","11","14","1",2.42404802593723,3.44090618553116e-05
"180","nCon.14.0","nCon","12","14","1",0.793894670701383,1.44682833057147e-05
"181","Fm.14.0","Fm","13","14","1",2488.45880226229,3.43233626196809e-94
"182","Fo.14.0","Fo","14","14","1",2207.04431801722,3.13883856043511e-71
"183","Quant.15.0","Quant","1","15","1",0.115138364250033,2.4870468119436e-77
"184","Sigma.15.0","Sigma","2","15","1",4.99844185565432,2.74688538832614e-41
"185","Connect.15.0","Connect","3","15","1",0.222448533313152,1.1070492368485e-08
"186","Tau1.15.0","Tau1","4","15","1",1329.03267220518,5.69940412315765e-16
"187","Tau2.15.0","Tau2","5","15","1",3718679.23361581,1.80892301489664e-06
"188","NPQ.15.0","NPQ","6","15","1",0.16040927538726,3.88816112014263e-100
"189","qP.15.0","qP","7","15","1",0.619220860735332,4.9740936238872e-77
"190","ABQ.15.0","ABQ","8","15","1",-0.00461586806422831,2.74688538832614e-41
"191","qm.15.0","qm","9","15","1",0.614930780380647,2.4870468119436e-77
"192","nTau1.15.0","nTau1","10","15","1",1.74592094998351,5.69940412315765e-16
"193","nTau2.15.0","nTau2","11","15","1",1.96570214115727,1.80892301489664e-06
"194","nCon.15.0","nCon","12","15","1",0.810002639764681,1.1070492368485e-08
"195","Fm.15.0","Fm","13","15","1",2518.29657678935,3.88816112014263e-100
"196","Fo.15.0","Fo","14","15","1",2228.34402824137,4.9740936238872e-77
"197","Quant.16.0","Quant","1","16","1",0.040667675896657,8.65056036822402e-77
"198","Sigma.16.0","Sigma","2","16","1",3.40070333567508,4.39626550608798e-24
"199","Connect.16.0","Connect","3","16","1",0.476382271726735,3.1019543099508e-10
"200","Tau1.16.0","Tau1","4","16","1",1571.20318524044,1.10783498419461e-10
"201","Tau2.16.0","Tau2","5","16","1",10022630.3749305,4.40603629346396e-05
"202","NPQ.16.0","NPQ","6","16","1",0.14634631283053,1.14104332652597e-94
"203","qP.16.0","qP","7","16","1",0.425420417868851,1.7301120736448e-76
"204","ABQ.16.0","ABQ","8","16","1",0.316506897097652,4.39626550608798e-24
"205","qm.16.0","qm","9","16","1",0.863990857232853,8.65056036822402e-77
"206","nTau1.16.0","nTau1","10","16","1",2.06405501923478,1.10783498419461e-10
"207","nTau2.16.0","nTau2","11","16","1",5.29798478178294,4.40603629346396e-05
"208","nCon.16.0","nCon","12","16","1",1.73465246944353,3.1019543099508e-10
"209","Fm.16.0","Fm","13","16","1",2549.19012969719,1.14104332652597e-94
"210","Fo.16.0","Fo","14","16","1",2445.52049170371,1.7301120736448e-76
"211","Quant.17.0","Quant","1","17","1",0.0450714761933128,1.29740399045205e-83
"212","Sigma.17.0","Sigma","2","17","1",3.38274934572981,4.95811879868663e-31
"213","Connect.17.0","Connect","3","17","1",0.371537357318916,3.35357568133012e-10
"214","Tau1.17.0","Tau1","4","17","1",2046.68256445645,3.98649924848064e-12
"215","Tau2.17.0","Tau2","5","17","1",20037155.0142712,0.0383326590980086
"216","NPQ.17.0","NPQ","6","17","1",0.175185252220942,1.21694685998571e-100
"217","qP.17.0","qP","7","17","1",0.488745674162297,2.5948079809041e-83
"218","ABQ.17.0","ABQ","8","17","1",0.320115394248355,4.95811879868663e-31
"219","qm.17.0","qm","9","17","1",0.84926276938274,1.29740399045205e-83
"220","nTau1.17.0","nTau1","10","17","1",2.68868180743929,3.98649924848064e-12
"221","nTau2.17.0","nTau2","11","17","1",10.5916848536451,0.0383326590980086
"222","nCon.17.0","nCon","12","17","1",1.35288030771531,3.35357568133012e-10
"223","Fm.17.0","Fm","13","17","1",2486.63323536411,1.21694685998571e-100
"224","Fo.17.0","Fo","14","17","1",2374.5570046949,2.5948079809041e-83
"225","Quant.18.0","Quant","1","18","1",0.0495069468314858,4.0916986322582e-81
"226","Sigma.18.0","Sigma","2","18","1",3.38653508343775,5.65941410404148e-30
"227","Connect.18.0","Connect","3","18","1",0.384821936706714,6.88702648215446e-10
"228","Tau1.18.0","Tau1","4","18","1",1642.83315691463,1.27110840033059e-11
"229","Tau2.18.0","Tau2","5","18","1",11141084.7217493,0.000760161141373866
"230","NPQ.18.0","NPQ","6","18","1",0.183816810463819,6.30841386532006e-98
"231","qP.18.0","qP","7","18","1",0.513966169661489,8.18339726451639e-81
"232","ABQ.18.0","ABQ","8","18","1",0.319354514701578,5.65941410404148e-30
"233","qm.18.0","qm","9","18","1",0.834428763112017,4.0916986322582e-81
"234","nTau1.18.0","nTau1","10","18","1",2.1581537353974,1.27110840033059e-11
"235","nTau2.18.0","nTau2","11","18","1",5.88920224535283,0.000760161141373866
"236","nCon.18.0","nCon","12","18","1",1.4012534941419,6.88702648215446e-10
"237","Fm.18.0","Fm","13","18","1",2468.5024575191,6.30841386532006e-98
"238","Fo.18.0","Fo","14","18","1",2346.29443760131,8.18339726451639e-81
"239","Quant.19.0","Quant","1","19","1",0.0488315773059089,2.29165308609822e-80
"240","Sigma.19.0","Sigma","2","19","1",3.25128880661129,2.35737871809076e-28
"241","Connect.19.0","Connect","3","19","1",0.302476264508267,6.86303651985585e-06
"242","Tau1.19.0","Tau1","4","19","1",1373.07990420592,1.40386798131549e-13
"243","Tau2.19.0","Tau2","5","19","1",13357185.5563527,0.000432787280060878
"244","NPQ.19.0","NPQ","6","19","1",0.197381015965756,2.49847192957007e-96
"245","qP.19.0","qP","7","19","1",0.53621377834595,4.58330617219645e-80
"246","ABQ.19.0","ABQ","8","19","1",0.346537096738172,2.35737871809076e-28
"247","qm.19.0","qm","9","19","1",0.836687471735008,2.29165308609822e-80
"248","nTau1.19.0","nTau1","10","19","1",1.80378482853758,1.40386798131549e-13
"249","nTau2.19.0","nTau2","11","19","1",7.06063809177418,0.000432787280060878
"250","nCon.19.0","nCon","12","19","1",1.10140790352143,6.86303651985585e-06
"251","Fm.19.0","Fm","13","19","1",2440.53869813978,2.49847192957007e-96
"252","Fo.19.0","Fo","14","19","1",2321.36334403351,4.58330617219645e-80
"253","Quant.20.0","Quant","1","20","1",0.0532591450999929,7.04925339741145e-78
"254","Sigma.20.0","Sigma","2","20","1",3.54935186407306,7.04901840341154e-27
"255","Connect.20.0","Connect","3","20","1",0.365014180653898,7.81554513159645e-07
"256","Tau1.20.0","Tau1","4","20","1",1567.86851547586,1.55181308101939e-10
"257","Tau2.20.0","Tau2","5","20","1",9280607.22193702,0.000813772711253334
"258","NPQ.20.0","NPQ","6","20","1",0.219691366045694,2.38429187529816e-94
"259","qP.20.0","qP","7","20","1",0.583571450926953,1.40985067948229e-77
"260","ABQ.20.0","ABQ","8","20","1",0.286630652718802,7.04901840341154e-27
"261","qm.20.0","qm","9","20","1",0.821879895768605,7.04925339741145e-78
"262","nTau1.20.0","nTau1","10","20","1",2.05967433701001,1.55181308101939e-10
"263","nTau2.20.0","nTau2","11","20","1",4.90574968727888,0.000813772711253334
"264","nCon.20.0","nCon","12","20","1",1.32912744119998,7.81554513159645e-07
"265","Fm.20.0","Fm","13","20","1",2395.89685328057,2.38429187529816e-94
"266","Fo.20.0","Fo","14","20","1",2268.29343512708,1.40985067948229e-77
"267","Quant.21.0","Quant","1","21","1",0.050856411941014,1.9673386891537e-79
"268","Sigma.21.0","Sigma","2","21","1",4.15508326828065,6.14696732857602e-28
"269","Connect.21.0","Connect","3","21","1",0.13067035273417,0.0628862540701342
"270","Tau1.21.0","Tau1","4","21","1",1001.30587301579,2.70305187960804e-12
"271","Tau2.21.0","Tau2","5","21","1",11218659.2272173,0.00310598163320291
"272","NPQ.21.0","NPQ","6","21","1",0.249420313525453,9.85454645508979e-100
"273","qP.21.0","qP","7","21","1",0.626719465385072,3.93467737830741e-79
"274","ABQ.21.0","ABQ","8","21","1",0.164887237865752,6.14696732857602e-28
"275","qm.21.0","qm","9","21","1",0.829915606441655,1.9673386891537e-79
"276","nTau1.21.0","nTau1","10","21","1",1.31539347195966,2.70305187960804e-12
"277","nTau2.21.0","nTau2","11","21","1",5.93020830205146,0.00310598163320291
"278","nCon.21.0","nCon","12","21","1",0.475810422650254,0.0628862540701342
"279","Fm.21.0","Fm","13","21","1",2338.88842229299,9.85454645508979e-100
"280","Fo.21.0","Fo","14","21","1",2219.94094920478,3.93467737830741e-79
"281","Quant.22.0","Quant","1","22","1",0.0572334792702113,7.43854931235e-82
"282","Sigma.22.0","Sigma","2","22","1",3.7985532611985,8.86253880010097e-32
"283","Connect.22.0","Connect","3","22","1",0.212809405452988,0.000217077471356331
"284","Tau1.22.0","Tau1","4","22","1",1206.9388319667,2.57650555578164e-13
"285","Tau2.22.0","Tau2","5","22","1",11138361.5665746,0.000564970688599759
"286","NPQ.22.0","NPQ","6","22","1",0.279229301972849,3.87932152269732e-100
"287","qP.22.0","qP","7","22","1",0.685880896527631,1.48770986247e-81
"288","ABQ.22.0","ABQ","8","22","1",0.236544708913575,8.86253880010097e-32
"289","qm.22.0","qm","9","22","1",0.808588116200596,7.43854931235e-82
"290","nTau1.22.0","nTau1","10","22","1",1.58552896113751,2.57650555578164e-13
"291","nTau2.22.0","nTau2","11","22","1",5.88776277945073,0.000564970688599759
"292","nCon.22.0","nCon","12","22","1",0.774903649020737,0.000217077471356331
"293","Fm.22.0","Fm","13","22","1",2284.38693624013,3.87932152269732e-100
"294","Fo.22.0","Fo","14","22","1",2153.64352387969,1.48770986247e-81
"295","Quant.23.0","Quant","1","23","1",0.182786534673397,1.24491739333916e-69
"296","Sigma.23.0","Sigma","2","23","1",5.06020000479938,9.39446601651854e-43
"297","Connect.23.0","Connect","3","23","1",0.189552744527579,2.01858998781063e-07
"298","Tau1.23.0","Tau1","4","23","1",1353.50226175047,5.53204831456541e-18
"299","Tau2.23.0","Tau2","5","23","1",1889339.57402024,5.93884272053958e-13
"300","NPQ.23.0","NPQ","6","23","1",0.325520981300358,1.1558221209364e-93
"301","qP.23.0","qP","7","23","1",1,2.48983478667832e-69
"302","ABQ.23.0","ABQ","8","23","1",-0.0170283794838062,9.39446601651854e-43
"303","qm.23.0","qm","9","23","1",0.388687960593545,1.24491739333916e-69
"304","nTau1.23.0","nTau1","10","23","1",1.77806611083477,5.53204831456541e-18
"305","nTau2.23.0","nTau2","11","23","1",0.998709114906261,5.93884272053958e-13
"306","nCon.23.0","nCon","12","23","1",0.690219086433966,2.01858998781063e-07
"307","Fm.23.0","Fm","13","23","1",2204.60841216981,1.1558221209364e-93
"308","Fo.23.0","Fo","14","23","1",1801.63568019747,2.48983478667832e-69
"309","Quant.24.0","Quant","1","24","1",0.190508083562342,5.13767837886888e-69
"310","Sigma.24.0","Sigma","2","24","1",5.34379691050357,1.18553344344898e-43
"311","Connect.24.0","Connect","3","24","1",0.232314470897895,6.98738933734619e-10
"312","Tau1.24.0","Tau1","4","24","1",1289.59803509043,4.74194618786884e-19
"313","Tau2.24.0","Tau2","5","24","1",2103485.87232341,1.07474064020311e-10
"314","NPQ.24.0","NPQ","6","24","1",0.273879971927702,2.44820577078495e-93
"315","qP.24.0","qP","7","24","1",0.950632387106151,1.02753567577378e-68
"316","ABQ.24.0","ABQ","8","24","1",-0.0740273323238905,1.18553344344898e-43
"317","qm.24.0","qm","9","24","1",0.362863980686535,5.13767837886888e-69
"318","nTau1.24.0","nTau1","10","24","1",1.69411653574033,4.74194618786884e-19
"319","nTau2.24.0","nTau2","11","24","1",1.11190732605881,1.07474064020311e-10
"320","nCon.24.0","nCon","12","24","1",0.845927513569741,6.98738933734619e-10
"321","Fm.24.0","Fm","13","24","1",2293.97962938395,2.44820577078495e-93
"322","Fo.24.0","Fo","14","24","1",1856.95796645897,1.02753567577378e-68
"323","Quant.25.0","Quant","1","25","1",0.193614844679952,3.37389233354389e-66
"324","Sigma.25.0","Sigma","2","25","1",5.44620551870813,5.286723336393e-41
"325","Connect.25.0","Connect","3","25","1",0.198771048727617,6.90207879882247e-07
"326","Tau1.25.0","Tau1","4","25","1",1489.36822710087,1.3672555117189e-19
"327","Tau2.25.0","Tau2","5","25","1",2152430.26144814,3.70311412904898e-10
"328","NPQ.25.0","NPQ","6","25","1",0.268042646120639,2.41328464001815e-91
"329","qP.25.0","qP","7","25","1",0.949393167970026,6.74778466708778e-66
"330","ABQ.25.0","ABQ","8","25","1",-0.0946100090458963,5.286723336393e-41
"331","qm.25.0","qm","9","25","1",0.352473716008952,3.37389233354389e-66
"332","nTau1.25.0","nTau1","10","25","1",1.95655023711393,1.3672555117189e-19
"333","nTau2.25.0","nTau2","11","25","1",1.13777943937002,3.70311412904898e-10
"334","nCon.25.0","nCon","12","25","1",0.72378573047955,6.90207879882247e-07
"335","Fm.25.0","Fm","13","25","1",2304.53976829762,2.41328464001815e-91
"336","Fo.25.0","Fo","14","25","1",1858.3466589999,6.74778466708778e-66
"337","Quant.26.0","Quant","1","26","1",0.196083767003912,1.88222633990731e-66
"338","Sigma.26.0","Sigma","2","26","1",5.29715655442654,5.44799760762971e-42
"339","Connect.26.0","Connect","3","26","1",0.246388484765036,1.33417342251682e-09
"340","Tau1.26.0","Tau1","4","26","1",1564.92239707357,1.12609440702401e-19
"341","Tau2.26.0","Tau2","5","26","1",2162239.68782501,1.1245151078185e-09
"342","NPQ.26.0","NPQ","6","26","1",0.262476946209881,7.23858485321682e-91
"343","qP.26.0","qP","7","26","1",0.947182058315717,3.76445267981463e-66
"344","ABQ.26.0","ABQ","8","26","1",-0.0646532827379891,5.44799760762971e-42
"345","qm.26.0","qm","9","26","1",0.344216642019923,1.88222633990731e-66
"346","nTau1.26.0","nTau1","10","26","1",2.05580408615218,1.12609440702401e-19
"347","nTau2.26.0","nTau2","11","26","1",1.14296472404265,1.1245151078185e-09
"348","nCon.26.0","nCon","12","26","1",0.897175270588758,1.33417342251682e-09
"349","Fm.26.0","Fm","13","26","1",2314.69946018051,7.23858485321682e-91
"350","Fo.26.0","Fo","14","26","1",1860.82447054639,3.76445267981463e-66
"351","Quant.27.0","Quant","1","27","1",0.199584170052168,6.53749639933871e-67
"352","Sigma.27.0","Sigma","2","27","1",5.41506427415588,6.81861293558938e-43
"353","Connect.27.0","Connect","3","27","1",0.248912435908183,3.42718298927852e-10
"354","Tau1.27.0","Tau1","4","27","1",1532.7844919144,5.11720017266836e-19
"355","Tau2.27.0","Tau2","5","27","1",1948171.42905544,2.47077564090637e-10
"356","NPQ.27.0","NPQ","6","27","1",0.255615331954274,1.62745083637544e-91
"357","qP.27.0","qP","7","27","1",0.945377459485114,1.30749927986774e-66
"358","ABQ.27.0","ABQ","8","27","1",-0.0883510608912701,6.81861293558938e-43
"359","qm.27.0","qm","9","27","1",0.33250987964819,6.53749639933871e-67
"360","nTau1.27.0","nTau1","10","27","1",2.01358522797101,5.11720017266836e-19
"361","nTau2.27.0","nTau2","11","27","1",1.02980776476171,2.47077564090637e-10
"362","nCon.27.0","nCon","12","27","1",0.906365742911215,3.42718298927852e-10
"363","Fm.27.0","Fm","13","27","1",2327.34869630341,1.62745083637544e-91
"364","Fo.27.0","Fo","14","27","1",1862.8467383297,1.30749927986774e-66
"365","Quant.1.1","Quant","1","1","2",0.280284261528661,1.09610467771932e-62
"366","Sigma.1.1","Sigma","2","1","2",4.78286628456081,1.291688982126e-46
"367","Connect.1.1","Connect","3","1","2",0.301352252121157,1.50505391542608e-15
"368","Tau1.1.1","Tau1","4","1","2",862.451822075543,4.07360695347262e-26
"369","Tau2.1.1","Tau2","5","1","2",1635784.03376393,3.9450024179686e-20
"370","NPQ.1.1","NPQ","6","1","2",0.641187711600562,1.70209636704489e-88
"371","qP.1.1","qP","7","1","2",1.4057444446459,2.19220935543864e-62
"372","ABQ.1.1","ABQ","8","1","2",0,1.291688982126e-46
"373","qm.1.1","qm","9","1","2",0,1.09610467771932e-62
"374","nTau1.1.1","nTau1","10","1","2",1,4.07360695347262e-26
"375","nTau2.1.1","nTau2","11","1","2",1,3.9450024179686e-20
"376","nCon.1.1","nCon","12","1","2",1,1.50505391542608e-15
"377","Fm.1.1","Fm","13","1","2",2028.7802499076,1.70209636704489e-88
"378","Fo.1.1","Fo","14","1","2",1460.14507575832,2.19220935543864e-62
"379","Quant.3.1","Quant","1","3","2",0.0348369259095392,2.50472294881443e-81
"380","Sigma.3.1","Sigma","2","3","2",2.60692059470124,9.85894154337727e-26
"381","Connect.3.1","Connect","3","3","2",0.435625115628715,2.84010499630325e-09
"382","Tau1.3.1","Tau1","4","3","2",3268.49313634002,4.090218282465e-08
"383","Tau2.3.1","Tau2","5","3","2",4922877.68216423,4.56516366895032e-13
"384","NPQ.3.1","NPQ","6","3","2",0.0724198795002016,1.28622987174885e-94
"385","qP.3.1","qP","7","3","2",0.250404715782894,5.00944589762873e-81
"386","ABQ.3.1","ABQ","8","3","2",0.45494595926371,9.85894154337727e-26
"387","qm.3.1","qm","9","3","2",0.875708590558957,2.50472294881443e-81
"388","nTau1.3.1","nTau1","10","3","2",3.78976895019387,4.090218282465e-08
"389","nTau2.3.1","nTau2","11","3","2",3.00949121678166,4.56516366895032e-13
"390","nCon.3.1","nCon","12","3","2",1.44556781163054,2.84010499630325e-09
"391","Fm.3.1","Fm","13","3","2",3104.76267675869,1.28622987174885e-94
"392","Fo.3.1","Fo","14","3","2",2996.60228942174,5.00944589762873e-81
"393","Quant.4.1","Quant","1","4","2",0.0394151369162296,3.21697398133986e-80
"394","Sigma.4.1","Sigma","2","4","2",2.58308285670495,1.42331314449269e-25
"395","Connect.4.1","Connect","3","4","2",0.428753210752563,7.860679962083e-09
"396","Tau1.4.1","Tau1","4","4","2",1572.14047623949,1.69631837625907e-11
"397","Tau2.4.1","Tau2","5","4","2",5203767.63964344,3.10668231067125e-14
"398","NPQ.4.1","NPQ","6","4","2",0.0984768402751069,2.19169612690662e-94
"399","qP.4.1","qP","7","4","2",0.314290023781092,6.4339479626797e-80
"400","ABQ.4.1","ABQ","8","4","2",0.459929945137042,1.42331314449269e-25
"401","qm.4.1","qm","9","4","2",0.859374419736375,3.21697398133986e-80
"402","nTau1.4.1","nTau1","10","4","2",1.82287338956052,1.69631837625907e-11
"403","nTau2.4.1","nTau2","11","4","2",3.1812070128045,3.10668231067125e-14
"404","nCon.4.1","nCon","12","4","2",1.42276424926198,7.860679962083e-09
"405","Fm.4.1","Fm","13","4","2",3031.11462491316,2.19169612690662e-94
"406","Fo.4.1","Fo","14","4","2",2911.64282696342,6.4339479626797e-80
"407","Quant.5.1","Quant","1","5","2",0.0364672671733537,1.60388067504809e-81
"408","Sigma.5.1","Sigma","2","5","2",2.6768567740216,1.96301214450878e-26
"409","Connect.5.1","Connect","3","5","2",0.499902091751653,7.89717234024161e-13
"410","Tau1.5.1","Tau1","4","5","2",1672.35765300393,6.16978191201479e-11
"411","Tau2.5.1","Tau2","5","5","2",6959364.28847597,1.32798507173428e-09
"412","NPQ.5.1","NPQ","6","5","2",0.161693849179848,4.42959322489534e-97
"413","qP.5.1","qP","7","5","2",0.427080017829718,3.20776135009619e-81
"414","ABQ.5.1","ABQ","8","5","2",0.440323727497349,1.96301214450878e-26
"415","qm.5.1","qm","9","5","2",0.869891848459623,1.60388067504809e-81
"416","nTau1.5.1","nTau1","10","5","2",1.93907370846444,6.16978191201479e-11
"417","nTau2.5.1","nTau2","11","5","2",4.25445177653587,1.32798507173428e-09
"418","nCon.5.1","nCon","12","5","2",1.6588629692758,7.89717234024161e-13
"419","Fm.5.1","Fm","13","5","2",2866.1675518356,4.42959322489534e-97
"420","Fo.5.1","Fo","14","5","2",2761.64625395921,3.20776135009619e-81
"421","Quant.6.1","Quant","1","6","2",0.0446142338412059,1.41523512933398e-80
"422","Sigma.6.1","Sigma","2","6","2",2.89983397309851,5.94240741039174e-27
"423","Connect.6.1","Connect","3","6","2",0.653744037540399,2.35785052142964e-18
"424","Tau1.6.1","Tau1","4","6","2",1134.73912189481,1.6138230051157e-12
"425","Tau2.6.1","Tau2","5","6","2",7908149.30759395,3.40592175926872e-07
"426","NPQ.6.1","NPQ","6","6","2",0.214769075747023,3.98657441252637e-94
"427","qP.6.1","qP","7","6","2",0.534602273801841,2.83047025866793e-80
"428","ABQ.6.1","ABQ","8","6","2",0.393703733165355,5.94240741039174e-27
"429","qm.6.1","qm","9","6","2",0.840825048121213,1.41523512933398e-80
"430","nTau1.6.1","nTau1","10","6","2",1.31571305532637,1.6138230051157e-12
"431","nTau2.6.1","nTau2","11","6","2",4.83447028725262,3.40592175926872e-07
"432","nCon.6.1","nCon","12","6","2",2.1693683486313,2.35785052142964e-18
"433","Fm.6.1","Fm","13","6","2",2740.94005367953,3.98657441252637e-94
"434","Fo.6.1","Fo","14","6","2",2618.65511317994,2.83047025866793e-80
"435","Quant.7.1","Quant","1","7","2",0.0410128077289892,2.76876730245921e-82
"436","Sigma.7.1","Sigma","2","7","2",3.38558445803234,5.61304237869112e-28
"437","Connect.7.1","Connect","3","7","2",0.513258689937754,1.14615457441334e-13
"438","Tau1.7.1","Tau1","4","7","2",1244.01349996307,1.02126828064687e-13
"439","Tau2.7.1","Tau2","5","7","2",9210044.39768586,1.28038877352544e-05
"440","NPQ.7.1","NPQ","6","7","2",0.255667468041587,7.53649206578311e-100
"441","qP.7.1","qP","7","7","2",0.591556912060294,5.53753460491841e-82
"442","ABQ.7.1","ABQ","8","7","2",0.292143192679025,5.61304237869112e-28
"443","qm.7.1","qm","9","7","2",0.853674239483492,2.76876730245921e-82
"444","nTau1.7.1","nTau1","10","7","2",1.44241506379948,1.02126828064687e-13
"445","nTau2.7.1","nTau2","11","7","2",5.63035474584845,1.28038877352544e-05
"446","nCon.7.1","nCon","12","7","2",1.70318518054878,1.14615457441334e-13
"447","Fm.7.1","Fm","13","7","2",2651.66479217569,7.53649206578311e-100
"448","Fo.7.1","Fo","14","7","2",2542.91257389246,5.53753460491841e-82
"449","Quant.8.1","Quant","1","8","2",0.0424391693413634,3.85912539461188e-81
"450","Sigma.8.1","Sigma","2","8","2",3.59540301865309,3.39262180914604e-28
"451","Connect.8.1","Connect","3","8","2",0.399447698742493,1.14121034587461e-09
"452","Tau1.8.1","Tau1","4","8","2",1172.06467102116,5.76447938195033e-16
"453","Tau2.8.1","Tau2","5","8","2",14777522.078492,0.00305601085526894
"454","NPQ.8.1","NPQ","6","8","2",0.275484839153949,8.43219120869427e-101
"455","qP.8.1","qP","7","8","2",0.624066006264814,7.71825078922376e-81
"456","ABQ.8.1","ABQ","8","8","2",0.248274401845786,3.39262180914604e-28
"457","qm.8.1","qm","9","8","2",0.848585257303063,3.85912539461188e-81
"458","nTau1.8.1","nTau1","10","8","2",1.35899147177927,5.76447938195033e-16
"459","nTau2.8.1","nTau2","11","8","2",9.03390776133758,0.00305601085526894
"460","nCon.8.1","nCon","12","8","2",1.32551754941555,1.14121034587461e-09
"461","Fm.8.1","Fm","13","8","2",2610.46553708538,8.43219120869427e-101
"462","Fo.8.1","Fo","14","8","2",2499.67954809722,7.71825078922376e-81
"463","Quant.9.1","Quant","1","9","2",0.047040961112694,1.60799337030444e-79
"464","Sigma.9.1","Sigma","2","9","2",3.58499435640629,3.87135670384099e-27
"465","Connect.9.1","Connect","3","9","2",0.334025525824757,2.18589664662391e-06
"466","Tau1.9.1","Tau1","4","9","2",1427.46513283788,9.86076553498963e-15
"467","Tau2.9.1","Tau2","5","9","2",11934766.1061906,0.000230126299794022
"468","NPQ.9.1","NPQ","6","9","2",0.277926229801754,2.11181509865693e-98
"469","qP.9.1","qP","7","9","2",0.636672708565617,3.21598674060889e-79
"470","ABQ.9.1","ABQ","8","9","2",0.250450641286225,3.87135670384099e-27
"471","qm.9.1","qm","9","9","2",0.832166954875974,1.60799337030444e-79
"472","nTau1.9.1","nTau1","10","9","2",1.65512449078326,9.86076553498963e-15
"473","nTau2.9.1","nTau2","11","9","2",7.29605244937424,0.000230126299794022
"474","nCon.9.1","nCon","12","9","2",1.10842219851891,2.18589664662391e-06
"475","Fm.9.1","Fm","13","9","2",2605.47842124095,2.11181509865693e-98
"476","Fo.9.1","Fo","14","9","2",2482.91421214739,3.21598674060889e-79
"477","Quant.10.1","Quant","1","10","2",0.0809353211214795,3.10657715892527e-72
"478","Sigma.10.1","Sigma","2","10","2",4.1422146851394,1.1377017691164e-29
"479","Connect.10.1","Connect","3","10","2",0.255825393402656,6.97364851667219e-05
"480","Tau1.10.1","Tau1","4","10","2",1747.71681667681,1.33555200826369e-20
"481","Tau2.10.1","Tau2","5","10","2",9157787.91957454,8.29444439257516e-07
"482","NPQ.10.1","NPQ","6","10","2",0.277495575869475,8.62364710267894e-94
"483","qP.10.1","qP","7","10","2",0.702471220200499,6.21315431785055e-72
"484","ABQ.10.1","ABQ","8","10","2",0.133947211003879,1.1377017691164e-29
"485","qm.10.1","qm","9","10","2",0.711238438148254,3.10657715892527e-72
"486","nTau1.10.1","nTau1","10","10","2",2.02645153264425,1.33555200826369e-20
"487","nTau2.10.1","nTau2","11","10","2",5.59840891618347,8.29444439257516e-07
"488","nCon.10.1","nCon","12","10","2",0.848924776907933,6.97364851667219e-05
"489","Fm.10.1","Fm","13","10","2",2606.35674876613,8.62364710267894e-94
"490","Fo.10.1","Fo","14","10","2",2395.4104283476,6.21315431785055e-72
"491","Quant.11.1","Quant","1","11","2",0.0909269845833047,1.2546040293331e-78
"492","Sigma.11.1","Sigma","2","11","2",4.54143367721444,1.03643325225948e-38
"493","Connect.11.1","Connect","3","11","2",0.290257369909743,6.52610293793811e-11
"494","Tau1.11.1","Tau1","4","11","2",1424.6224284954,5.39026514193345e-16
"495","Tau2.11.1","Tau2","5","11","2",4612190.65259915,2.17104844603925e-06
"496","NPQ.11.1","NPQ","6","11","2",0.250535750634021,2.05325781262846e-101
"497","qP.11.1","qP","7","11","2",0.683643524884911,2.50920805866621e-78
"498","ABQ.11.1","ABQ","8","11","2",0.0504786445997288,1.03643325225948e-38
"499","qm.11.1","qm","9","11","2",0.675590116664447,1.2546040293331e-78
"500","nTau1.11.1","nTau1","10","11","2",1.65182841757695,5.39026514193345e-16
"501","nTau2.11.1","nTau2","11","11","2",2.81955964687253,2.17104844603925e-06
"502","nCon.11.1","nCon","12","11","2",0.963183012128433,6.52610293793811e-11
"503","Fm.11.1","Fm","13","11","2",2662.54620389554,2.05325781262846e-101
"504","Fo.11.1","Fo","14","11","2",2420.4489062616,2.50920805866621e-78
"505","Quant.12.1","Quant","1","12","2",0.0942966708243454,1.00875213972715e-74
"506","Sigma.12.1","Sigma","2","12","2",4.87760182110745,3.63957240496756e-35
"507","Connect.12.1","Connect","3","12","2",0.157820639538512,0.00129784013344047
"508","Tau1.12.1","Tau1","4","12","2",1519.41809795217,5.70685517005772e-19
"509","Tau2.12.1","Tau2","5","12","2",4266146.20443769,6.56190658955719e-08
"510","NPQ.12.1","NPQ","6","12","2",0.244807733043948,7.11102394124274e-99
"511","qP.12.1","qP","7","12","2",0.682045981023665,2.01750427945431e-74
"512","ABQ.12.1","ABQ","8","12","2",-0.0198072726499707,3.63957240496756e-35
"513","qm.12.1","qm","9","12","2",0.663567728312484,1.00875213972715e-74
"514","nTau1.12.1","nTau1","10","12","2",1.7617425797717,5.70685517005772e-19
"515","nTau2.12.1","nTau2","11","12","2",2.60801310954314,6.56190658955719e-08
"516","nCon.12.1","nCon","12","12","2",0.523708180136851,0.00129784013344047
"517","Fm.12.1","Fm","13","12","2",2674.79798470108,7.11102394124274e-99
"518","Fo.12.1","Fo","14","12","2",2422.5734396161,2.01750427945431e-74
"519","Quant.13.1","Quant","1","13","2",0.102553234266469,4.41282414872966e-72
"520","Sigma.13.1","Sigma","2","13","2",4.78375522749774,2.42498152235472e-34
"521","Connect.13.1","Connect","3","13","2",0.195821198940389,0.000142998469269151
"522","Tau1.13.1","Tau1","4","13","2",1538.36820956127,1.33369639146699e-17
"523","Tau2.13.1","Tau2","5","13","2",4177253.75394224,1.13159959374847e-06
"524","NPQ.13.1","NPQ","6","13","2",0.232945924927435,4.73097001611835e-96
"525","qP.13.1","qP","7","13","2",0.681286696341095,8.82564829745933e-72
"526","ABQ.13.1","ABQ","8","13","2",-0.000185859876494332,2.42498152235472e-34
"527","qm.13.1","qm","9","13","2",0.63410990789441,4.41282414872966e-72
"528","nTau1.13.1","nTau1","10","13","2",1.78371495100919,1.33369639146699e-17
"529","nTau2.13.1","nTau2","11","13","2",2.55367069718269,1.13159959374847e-06
"530","nCon.13.1","nCon","12","13","2",0.649808314230418,0.000142998469269151
"531","Fm.13.1","Fm","13","13","2",2700.53142507628,4.73097001611835e-96
"532","Fo.13.1","Fo","14","13","2",2423.58319319647,8.82564829745933e-72
"533","Quant.14.1","Quant","1","14","2",0.108256377394763,2.38100376769043e-69
"534","Sigma.14.1","Sigma","2","14","2",4.74598771876073,1.74098049998663e-32
"535","Connect.14.1","Connect","3","14","2",0.152181018498922,0.0073219132809845
"536","Tau1.14.1","Tau1","4","14","2",1525.55191835275,4.3334651130948e-20
"537","Tau2.14.1","Tau2","5","14","2",4059549.84790677,4.02425207942619e-08
"538","NPQ.14.1","NPQ","6","14","2",0.221371076728422,1.86352259034731e-93
"539","qP.14.1","qP","7","14","2",0.675706733609161,4.76200753538086e-69
"540","ABQ.14.1","ABQ","8","14","2",0.00771055756233963,1.74098049998663e-32
"541","qm.14.1","qm","9","14","2",0.613762196976969,2.38100376769043e-69
"542","nTau1.14.1","nTau1","10","14","2",1.76885465286793,4.3334651130948e-20
"543","nTau2.14.1","nTau2","11","14","2",2.48171504557712,4.02425207942619e-08
"544","nCon.14.1","nCon","12","14","2",0.504993798545558,0.0073219132809845
"545","Fm.14.1","Fm","13","14","2",2726.12417235637,1.86352259034731e-93
"546","Fo.14.1","Fo","14","14","2",2431.00384512877,4.76200753538086e-69
"547","Quant.15.1","Quant","1","15","2",0.110799513163408,9.97352344016422e-75
"548","Sigma.15.1","Sigma","2","15","2",4.6128609034962,5.8482507459361e-38
"549","Connect.15.1","Connect","3","15","2",0.167437881076746,0.000118926547073807
"550","Tau1.15.1","Tau1","4","15","2",1699.63630745287,7.53527475649469e-20
"551","Tau2.15.1","Tau2","5","15","2",3911591.30155267,1.34268452692714e-07
"552","NPQ.15.1","NPQ","6","15","2",0.214338217981891,4.30929050222508e-98
"553","qP.15.1","qP","7","15","2",0.670363267667503,1.99470468803284e-74
"554","ABQ.15.1","ABQ","8","15","2",0.0355446652592787,5.8482507459361e-38
"555","qm.15.1","qm","9","15","2",0.604688780743124,9.97352344016422e-75
"556","nTau1.15.1","nTau1","10","15","2",1.97070290067055,7.53527475649469e-20
"557","nTau2.15.1","nTau2","11","15","2",2.39126389597539,1.34268452692714e-07
"558","nCon.15.1","nCon","12","15","2",0.555621801059008,0.000118926547073807
"559","Fm.15.1","Fm","13","15","2",2741.91256305822,4.30929050222508e-98
"560","Fo.15.1","Fo","14","15","2",2438.10998593473,1.99470468803284e-74
"561","Quant.16.1","Quant","1","16","2",0.0442474230240204,1.60189262552261e-85
"562","Sigma.16.1","Sigma","2","16","2",3.29943175430003,4.01299371260026e-31
"563","Connect.16.1","Connect","3","16","2",0.341427339119984,1.67254556255554e-08
"564","Tau1.16.1","Tau1","4","16","2",1109.30299439297,7.65792277190558e-12
"565","Tau2.16.1","Tau2","5","16","2",7438447.62651835,3.03519450169808e-07
"566","NPQ.16.1","NPQ","6","16","2",0.189940942899197,1.43109281204825e-102
"567","qP.16.1","qP","7","16","2",0.492745209089528,3.20378525104522e-85
"568","ABQ.16.1","ABQ","8","16","2",0.31015596966391,4.01299371260026e-31
"569","qm.16.1","qm","9","16","2",0.842133758125781,1.60189262552261e-85
"570","nTau1.16.1","nTau1","10","16","2",1.28622024558237,7.65792277190558e-12
"571","nTau2.16.1","nTau2","11","16","2",4.54732866502097,3.03519450169808e-07
"572","nCon.16.1","nCon","12","16","2",1.13298419612512,1.67254556255554e-08
"573","Fm.16.1","Fm","13","16","2",2798.12980262192,1.43109281204825e-102
"574","Fo.16.1","Fo","14","16","2",2674.31976956919,3.20378525104522e-85
"575","Quant.17.1","Quant","1","17","2",0.0447400759086999,8.60730443364712e-81
"576","Sigma.17.1","Sigma","2","17","2",3.17766241306558,4.00408131627696e-28
"577","Connect.17.1","Connect","3","17","2",0.294500866404309,8.06594050884271e-06
"578","Tau1.17.1","Tau1","4","17","2",1131.9688229194,9.85742114890577e-11
"579","Tau2.17.1","Tau2","5","17","2",9411767.97577342,0.00032477400187878
"580","NPQ.17.1","NPQ","6","17","2",0.222645739743252,8.93799079381376e-99
"581","qP.17.1","qP","7","17","2",0.547545517490877,1.72146088672942e-80
"582","ABQ.17.1","ABQ","8","17","2",0.335615460686588,4.00408131627696e-28
"583","qm.17.1","qm","9","17","2",0.840376067979383,8.60730443364712e-81
"584","nTau1.17.1","nTau1","10","17","2",1.31250093506122,9.85742114890577e-11
"585","nTau2.17.1","nTau2","11","17","2",5.75367394564734,0.00032477400187878
"586","nCon.17.1","nCon","12","17","2",0.977264527911698,8.06594050884271e-06
"587","Fm.17.1","Fm","13","17","2",2723.28206565008,8.93799079381376e-99
"588","Fo.17.1","Fo","14","17","2",2601.4422193121,1.72146088672942e-80
"589","Quant.18.1","Quant","1","18","2",0.0459619937760815,1.7812137097744e-80
"590","Sigma.18.1","Sigma","2","18","2",2.98238641572198,9.97248004074615e-28
"591","Connect.18.1","Connect","3","18","2",0.441670775599214,2.29411369353172e-10
"592","Tau1.18.1","Tau1","4","18","2",1407.10547889063,3.25119571300902e-14
"593","Tau2.18.1","Tau2","5","18","2",18928420.3650856,0.00268152783096395
"594","NPQ.18.1","NPQ","6","18","2",0.238262300886769,2.6666910104926e-96
"595","qP.18.1","qP","7","18","2",0.574686570283132,3.5624274195488e-80
"596","ABQ.18.1","ABQ","8","18","2",0.376443697506413,9.97248004074615e-28
"597","qm.18.1","qm","9","18","2",0.836016501513834,1.7812137097744e-80
"598","nTau1.18.1","nTau1","10","18","2",1.6315177762676,3.25119571300902e-14
"599","nTau2.18.1","nTau2","11","18","2",11.5714666327507,0.00268152783096395
"600","nCon.18.1","nCon","12","18","2",1.46562958295611,2.29411369353172e-10
"601","Fm.18.1","Fm","13","18","2",2688.93691853641,2.6666910104926e-96
"602","Fo.18.1","Fo","14","18","2",2565.34801662237,3.5624274195488e-80
"603","Quant.19.1","Quant","1","19","2",0.0464875979391156,5.26439372056976e-82
"604","Sigma.19.1","Sigma","2","19","2",3.17316103862725,8.17777530837202e-29
"605","Connect.19.1","Connect","3","19","2",0.408231058255756,1.22006723070551e-09
"606","Tau1.19.1","Tau1","4","19","2",1519.64299505089,2.21738177081633e-11
"607","Tau2.19.1","Tau2","5","19","2",9387446.28845521,0.000357224990160392
"608","NPQ.19.1","NPQ","6","19","2",0.255345932868233,2.52255972514287e-98
"609","qP.19.1","qP","7","19","2",0.601986242304114,1.05287874411395e-81
"610","ABQ.19.1","ABQ","8","19","2",0.336556606470418,8.17777530837202e-29
"611","qm.19.1","qm","9","19","2",0.834141247583529,5.26439372056976e-82
"612","nTau1.19.1","nTau1","10","19","2",1.76200334459701,2.21738177081633e-11
"613","nTau2.19.1","nTau2","11","19","2",5.73880542583287,0.000357224990160392
"614","nCon.19.1","nCon","12","19","2",1.35466403646331,1.22006723070551e-09
"615","Fm.19.1","Fm","13","19","2",2652.34397030206,2.52255972514287e-98
"616","Fo.19.1","Fo","14","19","2",2529.04287021442,1.05287874411395e-81
"617","Quant.20.1","Quant","1","20","2",0.0455794713583943,8.08130603778076e-80
"618","Sigma.20.1","Sigma","2","20","2",2.96638260163724,8.65209648821561e-26
"619","Connect.20.1","Connect","3","20","2",0.357799307106406,4.30477654433613e-06
"620","Tau1.20.1","Tau1","4","20","2",1324.54446885178,5.47904836245956e-14
"621","Tau2.20.1","Tau2","5","20","2",8744979.00331614,2.75824835214808e-06
"622","NPQ.20.1","NPQ","6","20","2",0.278408019876481,7.93143545014495e-95
"623","qP.20.1","qP","7","20","2",0.634514072326557,1.61626120755615e-79
"624","ABQ.20.1","ABQ","8","20","2",0.37978976932456,8.65209648821561e-26
"625","qm.20.1","qm","9","20","2",0.837381267468229,8.08130603778076e-80
"626","nTau1.20.1","nTau1","10","20","2",1.53578951884429,5.47904836245956e-14
"627","nTau2.20.1","nTau2","11","20","2",5.34604741384717,2.75824835214808e-06
"628","nCon.20.1","nCon","12","20","2",1.18731253736426,4.30477654433613e-06
"629","Fm.20.1","Fm","13","20","2",2604.49650183513,7.93143545014495e-95
"630","Fo.20.1","Fo","14","20","2",2485.7849281267,1.61626120755615e-79
"631","Quant.21.1","Quant","1","21","2",0.0481430784930768,1.43750582377217e-79
"632","Sigma.21.1","Sigma","2","21","2",3.50646552399019,9.08073378482719e-29
"633","Connect.21.1","Connect","3","21","2",0.382084131542224,2.96306233645363e-09
"634","Tau1.21.1","Tau1","4","21","2",1301.52296893437,3.84311495457698e-11
"635","Tau2.21.1","Tau2","5","21","2",8502337.88728253,5.0114431587461e-05
"636","NPQ.21.1","NPQ","6","21","2",0.314262080810613,6.2833410214342e-99
"637","qP.21.1","qP","7","21","2",0.690390641754033,2.87501164754435e-79
"638","ABQ.21.1","ABQ","8","21","2",0.266869421938654,9.08073378482719e-29
"639","qm.21.1","qm","9","21","2",0.828234813362313,1.43750582377217e-79
"640","nTau1.21.1","nTau1","10","21","2",1.50909643370243,3.84311495457698e-11
"641","nTau2.21.1","nTau2","11","21","2",5.19771419196378,5.0114431587461e-05
"642","nCon.21.1","nCon","12","21","2",1.26789870941004,2.96306233645363e-09
"643","Fm.21.1","Fm","13","21","2",2533.44387265029,6.2833410214342e-99
"644","Fo.21.1","Fo","14","21","2",2411.47608543149,2.87501164754435e-79
"645","Quant.22.1","Quant","1","22","2",0.0509988770036197,2.96247110614132e-79
"646","Sigma.22.1","Sigma","2","22","2",2.9724115386422,3.73878609202147e-28
"647","Connect.22.1","Connect","3","22","2",0.471047388168172,1.21668157164275e-11
"648","Tau1.22.1","Tau1","4","22","2",1374.65600999636,4.68660875824458e-14
"649","Tau2.22.1","Tau2","5","22","2",14283522.2559676,0.000118227572724695
"650","NPQ.22.1","NPQ","6","22","2",0.343383307632558,1.12235718455321e-94
"651","qP.22.1","qP","7","22","2",0.735021161346989,5.92494221228264e-79
"652","ABQ.22.1","ABQ","8","22","2",0.37852924129675,3.73878609202147e-28
"653","qm.22.1","qm","9","22","2",0.818045876976918,2.96247110614132e-79
"654","nTau1.22.1","nTau1","10","22","2",1.59389310198008,4.68660875824458e-14
"655","nTau2.22.1","nTau2","11","22","2",8.73191201353232,0.000118227572724695
"656","nCon.22.1","nCon","12","22","2",1.56311222117162,1.21668157164275e-11
"657","Fm.22.1","Fm","13","22","2",2478.52507677354,1.12235718455321e-94
"658","Fo.22.1","Fo","14","22","2",2352.12308123278,5.92494221228264e-79
"659","Quant.23.1","Quant","1","23","2",0.168004759157757,2.46534315873255e-64
"660","Sigma.23.1","Sigma","2","23","2",4.99372328788215,1.99617077950336e-36
"661","Connect.23.1","Connect","3","23","2",0.207752053478919,1.86489783644699e-05
"662","Tau1.23.1","Tau1","4","23","2",1722.7227587001,4.44545623842775e-18
"663","Tau2.23.1","Tau2","5","23","2",2245625.60869899,4.87000967702697e-10
"664","NPQ.23.1","NPQ","6","23","2",0.385293480441695,1.25809437731054e-89
"665","qP.23.1","qP","7","23","2",1,4.93068631746509e-64
"666","ABQ.23.1","ABQ","8","23","2",-0.0440859080677194,1.99617077950336e-36
"667","qm.23.1","qm","9","23","2",0.400591534317824,2.46534315873255e-64
"668","nTau1.23.1","nTau1","10","23","2",1.99747129590875,4.44545623842775e-18
"669","nTau2.23.1","nTau2","11","23","2",1.37281301342196,4.87000967702697e-10
"670","nCon.23.1","nCon","12","23","2",0.689399372384295,1.86489783644699e-05
"671","Fm.23.1","Fm","13","23","2",2403.54066679404,1.25809437731054e-89
"672","Fo.23.1","Fo","14","23","2",1999.73439594344,4.93068631746509e-64
"673","Quant.24.1","Quant","1","24","2",0.1792907562559,4.47229051419462e-67
"674","Sigma.24.1","Sigma","2","24","2",5.02154663191602,1.80753441119213e-40
"675","Connect.24.1","Connect","3","24","2",0.167715331183208,3.98652399530398e-05
"676","Tau1.24.1","Tau1","4","24","2",1575.47822176066,6.6706329457885e-19
"677","Tau2.24.1","Tau2","5","24","2",1906680.00499255,1.55508759641744e-11
"678","NPQ.24.1","NPQ","6","24","2",0.324600704616868,3.83717900269805e-92
"679","qP.24.1","qP","7","24","2",0.952433185040815,8.94458102838924e-67
"680","ABQ.24.1","ABQ","8","24","2",-0.0499032030491171,1.80753441119213e-40
"681","qm.24.1","qm","9","24","2",0.360325280919969,4.47229051419462e-67
"682","nTau1.24.1","nTau1","10","24","2",1.82674345561608,6.6706329457885e-19
"683","nTau2.24.1","nTau2","11","24","2",1.16560619595075,1.55508759641744e-11
"684","nCon.24.1","nCon","12","24","2",0.55654248475893,3.98652399530398e-05
"685","Fm.24.1","Fm","13","24","2",2513.67012268753,3.83717900269805e-92
"686","Fo.24.1","Fo","14","24","2",2062.99230541302,8.94458102838924e-67
"687","Quant.25.1","Quant","1","25","2",0.181163947252828,8.62274327236955e-68
"688","Sigma.25.1","Sigma","2","25","2",4.95208869948179,2.37892387267504e-41
"689","Connect.25.1","Connect","3","25","2",0.216030625289171,6.04233380557568e-08
"690","Tau1.25.1","Tau1","4","25","2",1699.92427795881,1.60251694083518e-20
"691","Tau2.25.1","Tau2","5","25","2",1810067.58317679,1.14649429370139e-12
"692","NPQ.25.1","NPQ","6","25","2",0.316014125750143,8.30235731071669e-93
"693","qP.25.1","qP","7","25","2",0.945875371862351,1.72454865447391e-67
"694","ABQ.25.1","ABQ","8","25","2",-0.0353809629734452,2.37892387267504e-41
"695","qm.25.1","qm","9","25","2",0.353642097973089,8.62274327236955e-68
"696","nTau1.25.1","nTau1","10","25","2",1.97103679816901,1.60251694083518e-20
"697","nTau2.25.1","nTau2","11","25","2",1.10654435170872,1.14649429370139e-12
"698","nCon.25.1","nCon","12","25","2",0.716870784168945,6.04233380557568e-08
"699","Fm.25.1","Fm","13","25","2",2530.07103080171,8.30235731071669e-93
"700","Fo.25.1","Fo","14","25","2",2071.71337603164,1.72454865447391e-67
"701","Quant.26.1","Quant","1","26","2",0.187733272613138,3.98445651420723e-62
"702","Sigma.26.1","Sigma","2","26","2",5.29550510400066,3.62633366356284e-37
"703","Connect.26.1","Connect","3","26","2",0.205678148689338,1.80701146033617e-05
"704","Tau1.26.1","Tau1","4","26","2",1641.86671688804,7.3972830908107e-20
"705","Tau2.26.1","Tau2","5","26","2",1760251.35720988,2.545220150028e-12
"706","NPQ.26.1","NPQ","6","26","2",0.309573698950786,2.17228026285433e-88
"707","qP.26.1","qP","7","26","2",0.95077358002271,7.96891302841447e-62
"708","ABQ.26.1","ABQ","8","26","2",-0.107182344004612,3.62633366356284e-37
"709","qm.26.1","qm","9","26","2",0.330204016489378,3.98445651420723e-62
"710","nTau1.26.1","nTau1","10","26","2",1.90371992366691,7.3972830908107e-20
"711","nTau2.26.1","nTau2","11","26","2",1.07609031563877,2.545220150028e-12
"712","nCon.26.1","nCon","12","26","2",0.682517377061601,1.80701146033617e-05
"713","Fm.26.1","Fm","13","26","2",2542.51381068046,2.17228026285433e-88
"714","Fo.26.1","Fo","14","26","2",2065.19937233732,7.96891302841447e-62
"715","Quant.27.1","Quant","1","27","2",0.189203499184781,5.23030369676625e-65
"716","Sigma.27.1","Sigma","2","27","2",5.35168075736915,7.94448213603967e-40
"717","Connect.27.1","Connect","3","27","2",0.207804523589319,9.8428190679101e-07
"718","Tau1.27.1","Tau1","4","27","2",1798.43015391568,2.52584113441094e-20
"719","Tau2.27.1","Tau2","5","27","2",1710322.62099757,2.62226282096327e-12
"720","NPQ.27.1","NPQ","6","27","2",0.302971670779393,2.78530691445133e-91
"721","qP.27.1","qP","7","27","2",0.945730136530622,1.04606073935325e-64
"722","ABQ.27.1","ABQ","8","27","2",-0.11892752984638,7.94448213603967e-40
"723","qm.27.1","qm","9","27","2",0.324958532623734,5.23030369676625e-65
"724","nTau1.27.1","nTau1","10","27","2",2.08525288935868,2.52584113441094e-20
"725","nTau2.27.1","nTau2","11","27","2",1.04556749894552,2.62226282096327e-12
"726","nCon.27.1","nCon","12","27","2",0.689573487925262,9.8428190679101e-07
"727","Fm.27.1","Fm","13","27","2",2555.39647588394,2.78530691445133e-91
"728","Fo.27.1","Fo","14","27","2",2071.90652084224,1.04606073935325e-64
"729","Quant.1.2","Quant","1","1","3",0.283513969702812,4.9783489295647e-74
"730","Sigma.1.2","Sigma","2","1","3",4.22205369962417,6.82564040475276e-55
"731","Connect.1.2","Connect","3","1","3",0.327774965432737,6.97339160773415e-22
"732","Tau1.1.2","Tau1","4","1","3",727.237297573228,9.96851426556246e-25
"733","Tau2.1.2","Tau2","5","1","3",1776016.73895311,8.68921789210665e-14
"734","NPQ.1.2","NPQ","6","1","3",0.652244783547177,1.07644100701226e-103
"735","qP.1.2","qP","7","1","3",1.40854241397361,9.95669785912941e-74
"736","ABQ.1.2","ABQ","8","1","3",0,6.82564040475276e-55
"737","qm.1.2","qm","9","1","3",0,4.9783489295647e-74
"738","nTau1.1.2","nTau1","10","1","3",1,9.96851426556246e-25
"739","nTau2.1.2","nTau2","11","1","3",1,8.68921789210665e-14
"740","nCon.1.2","nCon","12","1","3",1,6.97339160773415e-22
"741","Fm.1.2","Fm","13","1","3",1633.45010293848,1.07644100701226e-103
"742","Fo.1.2","Fo","14","1","3",1170.34417994293,9.95669785912941e-74
"743","Quant.3.2","Quant","1","3","3",0.0415274793798455,2.30596767663442e-95
"744","Sigma.3.2","Sigma","2","3","3",2.72813976439009,3.73377572141456e-33
"745","Connect.3.2","Connect","3","3","3",0.508704900831303,6.77253818412887e-16
"746","Tau1.3.2","Tau1","4","3","3",2050.18769435989,1.01451528447874e-07
"747","Tau2.3.2","Tau2","5","3","3",5276809.39443132,1.09696891893161e-10
"748","NPQ.3.2","NPQ","6","3","3",0.0668473702944394,1.71697867689735e-111
"749","qP.3.2","qP","7","3","3",0.252642632010644,4.61193535326884e-95
"750","ABQ.3.2","ABQ","8","3","3",0.353835844240224,3.73377572141456e-33
"751","qm.3.2","qm","9","3","3",0.853525808892677,2.30596767663442e-95
"752","nTau1.3.2","nTau1","10","3","3",2.81914541677292,1.01451528447874e-07
"753","nTau2.3.2","nTau2","11","3","3",2.97114845749809,1.09696891893161e-10
"754","nCon.3.2","nCon","12","3","3",1.55199436955076,6.77253818412887e-16
"755","Fm.3.2","Fm","13","3","3",2529.75213410316,1.71697867689735e-111
"756","Fo.3.2","Fo","14","3","3",2424.69790451807,4.61193535326884e-95
"757","Quant.4.2","Quant","1","4","3",0.0400375890276488,9.41923011970745e-91
"758","Sigma.4.2","Sigma","2","4","3",2.59359687122575,1.0778281370526e-27
"759","Connect.4.2","Connect","3","4","3",0.384189215452386,1.95572481527924e-07
"760","Tau1.4.2","Tau1","4","4","3",2624.94730472682,1.49289945451103e-08
"761","Tau2.4.2","Tau2","5","4","3",7073330.10265887,1.20655986801701e-05
"762","NPQ.4.2","NPQ","6","4","3",0.0997961697054974,2.37297255764167e-108
"763","qP.4.2","qP","7","4","3",0.316213384774723,1.88384602394149e-90
"764","ABQ.4.2","ABQ","8","4","3",0.385702538208688,1.0778281370526e-27
"765","qm.4.2","qm","9","4","3",0.85878089510151,9.41923011970745e-91
"766","nTau1.4.2","nTau1","10","4","3",3.60947838275924,1.49289945451103e-08
"767","nTau2.4.2","nTau2","11","4","3",3.98269337643086,1.20655986801701e-05
"768","nCon.4.2","nCon","12","4","3",1.17211274797991,1.95572481527924e-07
"769","Fm.4.2","Fm","13","4","3",2453.96327620181,2.37297255764167e-108
"770","Fo.4.2","Fo","14","4","3",2355.7125030603,1.88384602394149e-90
"771","Quant.5.2","Quant","1","5","3",0.0447334200785912,7.84573342087269e-94
"772","Sigma.5.2","Sigma","2","5","3",3.07765938122363,8.92561195000718e-31
"773","Connect.5.2","Connect","3","5","3",0.227417646324234,0.00101087957588352
"774","Tau1.5.2","Tau1","4","5","3",1317.22117696263,1.47185038086371e-11
"775","Tau2.5.2","Tau2","5","5","3",8543729.44833039,2.39719384351633e-08
"776","NPQ.5.2","NPQ","6","5","3",0.151985077678512,8.50023418893979e-114
"777","qP.5.2","qP","7","5","3",0.424696582126658,1.56914668417454e-93
"778","ABQ.5.2","ABQ","8","5","3",0.271051578169745,8.92561195000718e-31
"779","qm.5.2","qm","9","5","3",0.842217933298024,7.84573342087269e-94
"780","nTau1.5.2","nTau1","10","5","3",1.81126735572853,1.47185038086371e-11
"781","nTau2.5.2","nTau2","11","5","3",4.81061313271551,2.39719384351633e-08
"782","nCon.5.2","nCon","12","5","3",0.693822501129672,0.00101087957588352
"783","Fm.5.2","Fm","13","5","3",2342.79025315455,8.50023418893979e-114
"784","Fo.5.2","Fo","14","5","3",2237.98923260416,1.56914668417454e-93
"785","Quant.6.2","Quant","1","6","3",0.04377672650894,1.94178131706144e-89
"786","Sigma.6.2","Sigma","2","6","3",2.72563884617695,6.87316784187126e-27
"787","Connect.6.2","Connect","3","6","3",0.355065306048199,8.62670262870545e-06
"788","Tau1.6.2","Tau1","4","6","3",1171.82653866101,1.4045318989707e-10
"789","Tau2.6.2","Tau2","5","6","3",9563369.15156456,2.82404324057046e-05
"790","NPQ.6.2","NPQ","6","6","3",0.211848022277496,6.41976252812895e-107
"791","qP.6.2","qP","7","6","3",0.524608303386012,3.88356263412288e-89
"792","ABQ.6.2","ABQ","8","6","3",0.354428190617383,6.87316784187126e-27
"793","qm.6.2","qm","9","6","3",0.8455923475135,1.94178131706144e-89
"794","nTau1.6.2","nTau1","10","6","3",1.61133998843481,1.4045318989707e-10
"795","nTau2.6.2","nTau2","11","6","3",5.38472917614605,2.82404324057046e-05
"796","nCon.6.2","nCon","12","6","3",1.08325938065292,8.62670262870545e-06
"797","Fm.6.2","Fm","13","6","3",2227.06095331375,6.41976252812895e-107
"798","Fo.6.2","Fo","14","6","3",2129.5675150418,3.88356263412288e-89
"799","Quant.7.2","Quant","1","7","3",0.0443277966149365,5.7490664098262e-91
"800","Sigma.7.2","Sigma","2","7","3",3.07219366865603,1.75818021142772e-28
"801","Connect.7.2","Connect","3","7","3",0.435558526819135,4.57474073383406e-09
"802","Tau1.7.2","Tau1","4","7","3",1546.50354690696,2.39595338065566e-11
"803","Tau2.7.2","Tau2","5","7","3",8521540.98755657,2.34592369899144e-05
"804","NPQ.7.2","NPQ","6","7","3",0.253482486922481,7.2094667956067e-110
"805","qP.7.2","qP","7","7","3",0.590883468460402,1.14981328196524e-90
"806","ABQ.7.2","ABQ","8","7","3",0.272346140711214,1.75818021142772e-28
"807","qm.7.2","qm","9","7","3",0.843648633393965,5.7490664098262e-91
"808","nTau1.7.2","nTau1","10","7","3",2.12654597346369,2.39595338065566e-11
"809","nTau2.7.2","nTau2","11","7","3",4.79811974777878,2.34592369899144e-05
"810","nCon.7.2","nCon","12","7","3",1.32883402563737,4.57474073383406e-09
"811","Fm.7.2","Fm","13","7","3",2153.08904585566,7.2094667956067e-110
"812","Fo.7.2","Fo","14","7","3",2057.64735253712,1.14981328196524e-90
"813","Quant.8.2","Quant","1","8","3",0.0472426133569443,1.95231234784422e-91
"814","Sigma.8.2","Sigma","2","8","3",3.21940580070181,1.6436287153993e-29
"815","Connect.8.2","Connect","3","8","3",0.331966734762798,5.04025662013572e-06
"816","Tau1.8.2","Tau1","4","8","3",1504.16131159238,5.91605040252887e-12
"817","Tau2.8.2","Tau2","5","8","3",13005026.4387993,0.00459947233866721
"818","NPQ.8.2","NPQ","6","8","3",0.267650430648122,2.54621444975177e-111
"819","qP.8.2","qP","7","8","3",0.617794416568,3.90462469568844e-91
"820","ABQ.8.2","ABQ","8","8","3",0.237478717765151,1.6436287153993e-29
"821","qm.8.2","qm","9","8","3",0.833367599464444,1.95231234784422e-91
"822","nTau1.8.2","nTau1","10","8","3",2.06832256350401,5.91605040252887e-12
"823","nTau2.8.2","nTau2","11","8","3",7.32258100588921,0.00459947233866721
"824","nCon.8.2","nCon","12","8","3",1.01278855852987,5.04025662013572e-06
"825","Fm.8.2","Fm","13","8","3",2129.02496343952,2.54621444975177e-111
"826","Fo.8.2","Fo","14","8","3",2028.44426026446,3.90462469568844e-91
"827","Quant.9.2","Quant","1","9","3",0.0521943627873447,5.13540162786452e-93
"828","Sigma.9.2","Sigma","2","9","3",3.29393126888785,1.91740799194501e-32
"829","Connect.9.2","Connect","3","9","3",0.318200578679998,1.03935704601821e-06
"830","Tau1.9.2","Tau1","4","9","3",1324.71521180121,5.60254560427751e-12
"831","Tau2.9.2","Tau2","5","9","3",10044208.4967178,0.00110456293679366
"832","NPQ.9.2","NPQ","6","9","3",0.273141892707428,5.70415627849931e-113
"833","qP.9.2","qP","7","9","3",0.635530027724173,1.0270803255729e-92
"834","ABQ.9.2","ABQ","8","9","3",0.219827244456636,1.91740799194501e-32
"835","qm.9.2","qm","9","9","3",0.815901971807398,5.13540162786452e-93
"836","nTau1.9.2","nTau1","10","9","3",1.82157215563854,5.60254560427751e-12
"837","nTau2.9.2","nTau2","11","9","3",5.65546949891837,0.00110456293679366
"838","nCon.9.2","nCon","12","9","3",0.970789755892131,1.03935704601821e-06
"839","Fm.9.2","Fm","13","9","3",2119.84180806853,5.70415627849931e-113
"840","Fo.9.2","Fo","14","9","3",2009.19801568642,1.0270803255729e-92
"841","Quant.10.2","Quant","1","10","3",0.0842746447854575,2.72063363065888e-84
"842","Sigma.10.2","Sigma","2","10","3",4.05453002457629,2.59024588691604e-36
"843","Connect.10.2","Connect","3","10","3",0.27923791771224,2.12701888894435e-07
"844","Tau1.10.2","Tau1","4","10","3",1216.46511734466,1.29388563143763e-14
"845","Tau2.10.2","Tau2","5","10","3",5033355.85494677,2.27391203062149e-06
"846","NPQ.10.2","NPQ","6","10","3",0.277121446306421,4.98241332906862e-110
"847","qP.10.2","qP","7","10","3",0.703771495800431,5.44126726131775e-84
"848","ABQ.10.2","ABQ","8","10","3",0.0396782435672933,2.59024588691604e-36
"849","qm.10.2","qm","9","10","3",0.702749586294471,2.72063363065888e-84
"850","nTau1.10.2","nTau1","10","10","3",1.67272102435336,1.29388563143763e-14
"851","nTau2.10.2","nTau2","11","10","3",2.83407005381815,2.27391203062149e-06
"852","nCon.10.2","nCon","12","10","3",0.851919600826083,2.12701888894435e-07
"853","Fm.10.2","Fm","13","10","3",2113.23630933465,4.98241332906862e-110
"854","Fo.10.2","Fo","14","10","3",1935.14407001774,5.44126726131775e-84
"855","Quant.11.2","Quant","1","11","3",0.0920265871099177,6.67576223387775e-85
"856","Sigma.11.2","Sigma","2","11","3",4.15487043174689,9.42779776296806e-39
"857","Connect.11.2","Connect","3","11","3",0.216133948891566,8.855680281524e-06
"858","Tau1.11.2","Tau1","4","11","3",1327.82067220709,7.32232274787012e-18
"859","Tau2.11.2","Tau2","5","11","3",6774114.4575485,0.000272131335586396
"860","NPQ.11.2","NPQ","6","11","3",0.253404581467263,2.95008073954526e-111
"861","qP.11.2","qP","7","11","3",0.685410359319993,1.33515244677555e-84
"862","ABQ.11.2","ABQ","8","11","3",0.0159124617205282,9.42779776296806e-39
"863","qm.11.2","qm","9","11","3",0.675407221709805,6.67576223387775e-85
"864","nTau1.11.2","nTau1","10","11","3",1.82584237172377,7.32232274787012e-18
"865","nTau2.11.2","nTau2","11","11","3",3.81421768667652,0.000272131335586396
"866","nCon.11.2","nCon","12","11","3",0.659397366135696,8.855680281524e-06
"867","Fm.11.2","Fm","13","11","3",2153.22287126585,2.95008073954526e-111
"868","Fo.11.2","Fo","14","11","3",1955.06911913623,1.33515244677555e-84
"869","Quant.12.2","Quant","1","12","3",0.0954690090522852,1.0251139495087e-84
"870","Sigma.12.2","Sigma","2","12","3",4.2238916039142,4.11346328328593e-39
"871","Connect.12.2","Connect","3","12","3",0.241038137185809,5.32984667924143e-07
"872","Tau1.12.2","Tau1","4","12","3",1336.16298736264,8.19855747476614e-17
"873","Tau2.12.2","Tau2","5","12","3",5497360.62241278,8.93678722799949e-05
"874","NPQ.12.2","NPQ","6","12","3",0.247032308865403,3.03590784376353e-111
"875","qP.12.2","qP","7","12","3",0.683069606254748,2.0502278990174e-84
"876","ABQ.12.2","ABQ","8","12","3",-0.000435310495978003,4.11346328328593e-39
"877","qm.12.2","qm","9","12","3",0.663265238209042,1.0251139495087e-84
"878","nTau1.12.2","nTau1","10","12","3",1.83731361389381,8.19855747476614e-17
"879","nTau2.12.2","nTau2","11","12","3",3.09533153705143,8.93678722799949e-05
"880","nCon.12.2","nCon","12","12","3",0.735376897584549,5.32984667924143e-07
"881","Fm.12.2","Fm","13","12","3",2164.2257322268,3.03590784376353e-111
"882","Fo.12.2","Fo","14","12","3",1957.60924620565,2.0502278990174e-84
"883","Quant.13.2","Quant","1","13","3",0.105109370774639,5.30158320637212e-86
"884","Sigma.13.2","Sigma","2","13","3",4.16311760871396,3.60237228217944e-42
"885","Connect.13.2","Connect","3","13","3",0.21568444794494,3.63935482197419e-07
"886","Tau1.13.2","Tau1","4","13","3",1521.42326481832,1.24179835485556e-20
"887","Tau2.13.2","Tau2","5","13","3",4959284.58872416,5.78191974930821e-08
"888","NPQ.13.2","NPQ","6","13","3",0.235208619517799,1.75015542815177e-112
"889","qP.13.2","qP","7","13","3",0.685212085696896,1.06031664127442e-85
"890","ABQ.13.2","ABQ","8","13","3",0.0139591050003604,3.60237228217944e-42
"891","qm.13.2","qm","9","13","3",0.629262110488529,5.30158320637212e-86
"892","nTau1.13.2","nTau1","10","13","3",2.09205890552544,1.24179835485556e-20
"893","nTau2.13.2","nTau2","11","13","3",2.79236365286032,5.78191974930821e-08
"894","nCon.13.2","nCon","12","13","3",0.658025995549073,3.63935482197419e-07
"895","Fm.13.2","Fm","13","13","3",2184.94217828425,1.75015542815177e-112
"896","Fo.13.2","Fo","14","13","3",1955.28428074583,1.06031664127442e-85
"897","Quant.14.2","Quant","1","14","3",0.11093023868185,5.68729216692595e-82
"898","Sigma.14.2","Sigma","2","14","3",4.49441229426619,1.89491083598942e-39
"899","Connect.14.2","Connect","3","14","3",0.163496166131661,0.000559284323952705
"900","Tau1.14.2","Tau1","4","14","3",1355.43402413701,5.95577451662615e-20
"901","Tau2.14.2","Tau2","5","14","3",4663819.52151815,7.76196729274902e-07
"902","NPQ.14.2","NPQ","6","14","3",0.221052033182564,8.03911159040944e-110
"903","qP.14.2","qP","7","14","3",0.676178163615654,1.13745843338519e-81
"904","ABQ.14.2","ABQ","8","14","3",-0.0645085576875217,1.89491083598942e-39
"905","qm.14.2","qm","9","14","3",0.608730960248165,5.68729216692595e-82
"906","nTau1.14.2","nTau1","10","14","3",1.8638125803779,5.95577451662615e-20
"907","nTau2.14.2","nTau2","11","14","3",2.62599975508525,7.76196729274902e-07
"908","nCon.14.2","nCon","12","14","3",0.498806142549079,0.000559284323952705
"909","Fm.14.2","Fm","13","14","3",2210.27387729773,8.03911159040944e-110
"910","Fo.14.2","Fo","14","14","3",1965.08766853684,1.13745843338519e-81
"911","Quant.15.2","Quant","1","15","3",0.111321182811772,6.31013571804279e-80
"912","Sigma.15.2","Sigma","2","15","3",4.43212427911447,4.52259526833658e-38
"913","Connect.15.2","Connect","3","15","3",0.224228869985437,8.63627560006779e-06
"914","Tau1.15.2","Tau1","4","15","3",1370.81434733627,4.65564325560129e-19
"915","Tau2.15.2","Tau2","5","15","3",3980788.96439546,3.23636563622408e-07
"916","NPQ.15.2","NPQ","6","15","3",0.21990067186674,1.40155863295515e-107
"917","qP.15.2","qP","7","15","3",0.675266079239019,1.26202714360856e-79
"918","ABQ.15.2","ABQ","8","15","3",-0.0497555442056554,4.52259526833658e-38
"919","qm.15.2","qm","9","15","3",0.607352036555862,6.31013571804279e-80
"920","nTau1.15.2","nTau1","10","15","3",1.88496155506688,4.65564325560129e-19
"921","nTau2.15.2","nTau2","11","15","3",2.241414102179,3.23636563622408e-07
"922","nCon.15.2","nCon","12","15","3",0.684093947472177,8.63627560006779e-06
"923","Fm.15.2","Fm","13","15","3",2212.35996832005,1.40155863295515e-107
"924","Fo.15.2","Fo","14","15","3",1966.07743984125,1.26202714360856e-79
"925","Quant.16.2","Quant","1","16","3",0.0505310988910188,3.2930530447327e-92
"926","Sigma.16.2","Sigma","2","16","3",3.01283255098237,4.34966879458107e-30
"927","Connect.16.2","Connect","3","16","3",0.452726512919943,1.45741462515205e-09
"928","Tau1.16.2","Tau1","4","16","3",1493.73322046959,1.53621791183156e-09
"929","Tau2.16.2","Tau2","5","16","3",12932833.6738711,0.0162247662778323
"930","NPQ.16.2","NPQ","6","16","3",0.186706100671737,1.69215470546854e-108
"931","qP.16.2","qP","7","16","3",0.497187308331811,6.5861060894654e-92
"932","ABQ.16.2","ABQ","8","16","3",0.286405913963019,4.34966879458107e-30
"933","qm.16.2","qm","9","16","3",0.821768574776096,3.2930530447327e-92
"934","nTau1.16.2","nTau1","10","16","3",2.05398323965801,1.53621791183156e-09
"935","nTau2.16.2","nTau2","11","16","3",7.2819323096552,0.0162247662778323
"936","nCon.16.2","nCon","12","16","3",1.38121138178519,1.45741462515205e-09
"937","Fm.16.2","Fm","13","16","3",2274.24415382799,1.69215470546854e-108
"938","Fo.16.2","Fo","14","16","3",2159.32409758858,6.5861060894654e-92
"939","Quant.17.2","Quant","1","17","3",0.0505061739143964,4.31685730844817e-92
"940","Sigma.17.2","Sigma","2","17","3",2.99171359219056,2.66127082686975e-32
"941","Connect.17.2","Connect","3","17","3",0.45519533851453,1.88612557937064e-12
"942","Tau1.17.2","Tau1","4","17","3",1192.71012319804,7.82380614258731e-13
"943","Tau2.17.2","Tau2","5","17","3",10443762.3845638,1.30818569707245e-05
"944","NPQ.17.2","NPQ","6","17","3",0.219725815716184,1.21077420886321e-110
"945","qP.17.2","qP","7","17","3",0.55100426829402,8.63371461689634e-92
"946","ABQ.17.2","ABQ","8","17","3",0.291407972272623,2.66127082686975e-32
"947","qm.17.2","qm","9","17","3",0.821856489232828,4.31685730844817e-92
"948","nTau1.17.2","nTau1","10","17","3",1.64005631611316,7.82380614258731e-13
"949","nTau2.17.2","nTau2","11","17","3",5.88044141448799,1.30818569707245e-05
"950","nCon.17.2","nCon","12","17","3",1.38874345669923,1.88612557937064e-12
"951","Fm.17.2","Fm","13","17","3",2212.6771254571,1.21077420886321e-110
"952","Fo.17.2","Fo","14","17","3",2100.92326974236,8.63371461689634e-92
"953","Quant.18.2","Quant","1","18","3",0.0447521386613229,5.18176866632969e-88
"954","Sigma.18.2","Sigma","2","18","3",3.36805525919607,1.49933918432658e-25
"955","Connect.18.2","Connect","3","18","3",0.268474947427482,0.0021972247374672
"956","Tau1.18.2","Tau1","4","18","3",1546.21351956854,1.49081229954317e-09
"957","Tau2.18.2","Tau2","5","18","3",14590832.5227221,0.0024625919938359
"958","NPQ.18.2","NPQ","6","18","3",0.231266585549392,2.97412009980548e-109
"959","qP.18.2","qP","7","18","3",0.557528240557156,1.03635373326594e-87
"960","ABQ.18.2","ABQ","8","18","3",0.202270861809295,1.49933918432658e-25
"961","qm.18.2","qm","9","18","3",0.842151909804538,5.18176866632969e-88
"962","nTau1.18.2","nTau1","10","18","3",2.12614716644514,1.49081229954317e-09
"963","nTau2.18.2","nTau2","11","18","3",8.21548142126342,0.0024625919938359
"964","nCon.18.2","nCon","12","18","3",0.819083138558291,0.0021972247374672
"965","Fm.18.2","Fm","13","18","3",2191.93750844824,2.97412009980548e-109
"966","Fo.18.2","Fo","14","18","3",2093.84361713321,1.03635373326594e-87
"967","Quant.19.2","Quant","1","19","3",0.0463978790275077,1.59354797375206e-89
"968","Sigma.19.2","Sigma","2","19","3",3.01343152582779,3.21859655783003e-30
"969","Connect.19.2","Connect","3","19","3",0.334613704137075,3.88013583634967e-07
"970","Tau1.19.2","Tau1","4","19","3",1097.51006072439,1.94960919641421e-09
"971","Tau2.19.2","Tau2","5","19","3",13216157.292618,0.00232755030324498
"972","NPQ.19.2","NPQ","6","19","3",0.254781195971029,8.14621075080739e-111
"973","qP.19.2","qP","7","19","3",0.596948978602188,3.18709594750413e-89
"974","ABQ.19.2","ABQ","8","19","3",0.286264045837211,3.21859655783003e-30
"975","qm.19.2","qm","9","19","3",0.836347115183977,1.59354797375206e-89
"976","nTau1.19.2","nTau1","10","19","3",1.50914985299399,1.94960919641421e-09
"977","nTau2.19.2","nTau2","11","19","3",7.44145987070392,0.00232755030324498
"978","nCon.19.2","nCon","12","19","3",1.02086412760446,3.88013583634967e-07
"979","Fm.19.2","Fm","13","19","3",2150.86058065778,8.14621075080739e-111
"980","Fo.19.2","Fo","14","19","3",2051.06521163138,3.18709594750413e-89
"981","Quant.20.2","Quant","1","20","3",0.0470135901065347,8.04279480181859e-93
"982","Sigma.20.2","Sigma","2","20","3",3.13903321064429,2.17472151289378e-31
"983","Connect.20.2","Connect","3","20","3",0.255635223947737,0.000106861679364754
"984","Tau1.20.2","Tau1","4","20","3",1614.76986449717,2.00523519995185e-12
"985","Tau2.20.2","Tau2","5","20","3",18368653.9886475,0.00594443646983656
"986","NPQ.20.2","NPQ","6","20","3",0.272212707138138,2.02125917952314e-113
"987","qP.20.2","qP","7","20","3",0.624049948234576,1.60855896036372e-92
"988","ABQ.20.2","ABQ","8","20","3",0.256515091003293,2.17472151289378e-31
"989","qm.20.2","qm","9","20","3",0.834175401812419,8.04279480181859e-93
"990","nTau1.20.2","nTau1","10","20","3",2.22041673314283,2.00523519995185e-12
"991","nTau2.20.2","nTau2","11","20","3",10.3426130991733,0.00594443646983656
"992","nCon.20.2","nCon","12","20","3",0.77991076472311,0.000106861679364754
"993","Fm.20.2","Fm","13","20","3",2121.39007622069,2.02125917952314e-113
"994","Fo.20.2","Fo","14","20","3",2021.65591272118,1.60855896036372e-92
"995","Quant.21.2","Quant","1","21","3",0.0446293184910904,2.94178600508561e-86
"996","Sigma.21.2","Sigma","2","21","3",2.7553195933475,1.16106324435161e-26
"997","Connect.21.2","Connect","3","21","3",0.596869212527457,4.83040685503838e-16
"998","Tau1.21.2","Tau1","4","21","3",842.507974270158,6.9922679320278e-11
"999","Tau2.21.2","Tau2","5","21","3",9850606.40592047,0.000905497428246517
"1000","NPQ.21.2","NPQ","6","21","3",0.314218221066133,2.40849450451592e-105
"1001","qP.21.2","qP","7","21","3",0.679083078419423,5.88357201017122e-86
"1002","ABQ.21.2","ABQ","8","21","3",0.347398259384345,1.16106324435161e-26
"1003","qm.21.2","qm","9","21","3",0.842585116571602,2.94178600508561e-86
"1004","nTau1.21.2","nTau1","10","21","3",1.15850490215723,6.9922679320278e-11
"1005","nTau2.21.2","nTau2","11","21","3",5.54646034007935,0.000905497428246517
"1006","nCon.21.2","nCon","12","21","3",1.82097254358476,4.83040685503838e-16
"1007","Fm.21.2","Fm","13","21","3",2053.58544608772,2.40849450451592e-105
"1008","Fo.21.2","Fo","14","21","3",1961.9353271656,5.88357201017122e-86
"1009","Quant.22.2","Quant","1","22","3",0.052570041826225,7.28396119917198e-87
"1010","Sigma.22.2","Sigma","2","22","3",3.07098746664052,1.76100248479485e-27
"1011","Connect.22.2","Connect","3","22","3",0.37093900374096,2.62937106335068e-06
"1012","Tau1.22.2","Tau1","4","22","3",1325.4168112906,1.59148493372378e-09
"1013","Tau2.22.2","Tau2","5","22","3",18281110.9736115,0.0250713727568472
"1014","NPQ.22.2","NPQ","6","22","3",0.341147293768722,5.72462189569138e-106
"1015","qP.22.2","qP","7","22","3",0.730110307848332,1.4567922398344e-86
"1016","ABQ.22.2","ABQ","8","22","3",0.272631831538788,1.76100248479485e-27
"1017","qm.22.2","qm","9","22","3",0.814576890580275,7.28396119917198e-87
"1018","nTau1.22.2","nTau1","10","22","3",1.82253690193488,1.59148493372378e-09
"1019","nTau2.22.2","nTau2","11","22","3",10.2933213255566,0.0250713727568472
"1020","nCon.22.2","nCon","12","22","3",1.13168802642153,2.62937106335068e-06
"1021","Fm.22.2","Fm","13","22","3",2012.35123412933,5.72462189569138e-106
"1022","Fo.22.2","Fo","14","22","3",1906.5618455821,1.4567922398344e-86
"1023","Quant.23.2","Quant","1","23","3",0.173167055525198,1.73134721664673e-77
"1024","Sigma.23.2","Sigma","2","23","3",4.48180870953919,2.09738647988068e-45
"1025","Connect.23.2","Connect","3","23","3",0.235600668466936,2.39620895296184e-09
"1026","Tau1.23.2","Tau1","4","23","3",1235.3065395875,1.36805345869337e-18
"1027","Tau2.23.2","Tau2","5","23","3",2333598.37519452,2.58220431410515e-10
"1028","NPQ.23.2","NPQ","6","23","3",0.382864004666869,5.87027504409761e-106
"1029","qP.23.2","qP","7","23","3",1,3.46269443329346e-77
"1030","ABQ.23.2","ABQ","8","23","3",-0.0615233789987426,2.09738647988068e-45
"1031","qm.23.2","qm","9","23","3",0.389211559110413,1.73134721664673e-77
"1032","nTau1.23.2","nTau1","10","23","3",1.69862924207777,1.36805345869337e-18
"1033","nTau2.23.2","nTau2","11","23","3",1.31395066499772,2.58220431410515e-10
"1034","nCon.23.2","nCon","12","23","3",0.71878786763318,2.39620895296184e-09
"1035","Fm.23.2","Fm","13","23","3",1951.64484913674,5.87027504409761e-106
"1036","Fo.23.2","Fo","14","23","3",1613.68425718082,3.46269443329346e-77
"1037","Quant.24.2","Quant","1","24","3",0.181556884935386,1.18169173161986e-76
"1038","Sigma.24.2","Sigma","2","24","3",4.61101949203181,1.21051410543067e-45
"1039","Connect.24.2","Connect","3","24","3",0.195286818687917,3.68564949615352e-07
"1040","Tau1.24.2","Tau1","4","24","3",1396.3056761659,6.14838393733007e-23
"1041","Tau2.24.2","Tau2","5","24","3",2569475.97482998,7.07710916802498e-12
"1042","NPQ.24.2","NPQ","6","24","3",0.328638727391012,9.57833503025109e-106
"1043","qP.24.2","qP","7","24","3",0.955015086583542,2.36338346323973e-76
"1044","ABQ.24.2","ABQ","8","24","3",-0.0921271542430311,1.21051410543067e-45
"1045","qm.24.2","qm","9","24","3",0.359619262762608,1.18169173161986e-76
"1046","nTau1.24.2","nTau1","10","24","3",1.920013839809,6.14838393733007e-23
"1047","nTau2.24.2","nTau2","11","24","3",1.44676337698517,7.07710916802498e-12
"1048","nCon.24.2","nCon","12","24","3",0.595795406247985,3.68564949615352e-07
"1049","Fm.24.2","Fm","13","24","3",2031.29666185806,9.57833503025109e-106
"1050","Fo.24.2","Fo","14","24","3",1662.50076755146,2.36338346323973e-76
"1051","Quant.25.2","Quant","1","25","3",0.187701390099266,2.40579342688273e-75
"1052","Sigma.25.2","Sigma","2","25","3",4.51139092082741,1.38815586191291e-45
"1053","Connect.25.2","Connect","3","25","3",0.207933669612354,1.26044007030111e-07
"1054","Tau1.25.2","Tau1","4","25","3",1366.37897342663,5.01072188513024e-22
"1055","Tau2.25.2","Tau2","5","25","3",2166635.38589803,4.66489342173889e-12
"1056","NPQ.25.2","NPQ","6","25","3",0.319783179320711,4.8541580351963e-104
"1057","qP.25.2","qP","7","25","3",0.956314350258221,4.81158685376546e-75
"1058","ABQ.25.2","ABQ","8","25","3",-0.0685299718544539,1.38815586191291e-45
"1059","qm.25.2","qm","9","25","3",0.337946591146741,2.40579342688273e-75
"1060","nTau1.25.2","nTau1","10","25","3",1.87886261882634,5.01072188513024e-22
"1061","nTau2.25.2","nTau2","11","25","3",1.2199408588768,4.66489342173889e-12
"1062","nCon.25.2","nCon","12","25","3",0.634379350289411,1.26044007030111e-07
"1063","Fm.25.2","Fm","13","25","3",2044.92635915681,4.8541580351963e-104
"1064","Fo.25.2","Fo","14","25","3",1661.09083889245,4.81158685376546e-75
"1065","Quant.26.2","Quant","1","26","3",0.190472237205085,4.92600425716095e-78
"1066","Sigma.26.2","Sigma","2","26","3",4.72164997057788,1.63631880563294e-48
"1067","Connect.26.2","Connect","3","26","3",0.200836464764618,1.2130303677628e-08
"1068","Tau1.26.2","Tau1","4","26","3",1398.15463395519,1.50377249491248e-23
"1069","Tau2.26.2","Tau2","5","26","3",2044037.58507185,2.43835029897941e-13
"1070","NPQ.26.2","NPQ","6","26","3",0.316095886317295,2.65592627476747e-107
"1071","qP.26.2","qP","7","26","3",0.95726183892865,9.8520085143219e-78
"1072","ABQ.26.2","ABQ","8","26","3",-0.118330155535015,1.63631880563294e-48
"1073","qm.26.2","qm","9","26","3",0.328173361599273,4.92600425716095e-78
"1074","nTau1.26.2","nTau1","10","26","3",1.92255628062642,1.50377249491248e-23
"1075","nTau2.26.2","nTau2","11","26","3",1.15091121622915,2.43835029897941e-13
"1076","nCon.26.2","nCon","12","26","3",0.61272667514271,1.2130303677628e-08
"1077","Fm.26.2","Fm","13","26","3",2050.65560938471,2.65592627476747e-107
"1078","Fo.26.2","Fo","14","26","3",1660.06264772805,9.8520085143219e-78
"1079","Quant.27.2","Quant","1","27","3",0.193740728469675,6.3882050674068e-76
"1080","Sigma.27.2","Sigma","2","27","3",4.67949607416837,7.31357513100052e-47
"1081","Connect.27.2","Connect","3","27","3",0.202725709227088,6.15034463687274e-08
"1082","Tau1.27.2","Tau1","4","27","3",1427.74544116112,3.15671279382276e-21
"1083","Tau2.27.2","Tau2","5","27","3",1980305.72719385,7.1683415607505e-12
"1084","NPQ.27.2","NPQ","6","27","3",0.305589164781281,3.05442468193585e-105
"1085","qP.27.2","qP","7","27","3",0.951177239396838,1.27764101348136e-75
"1086","ABQ.27.2","ABQ","8","27","3",-0.108345939461858,7.31357513100052e-47
"1087","qm.27.2","qm","9","27","3",0.316644859959599,6.3882050674068e-76
"1088","nTau1.27.2","nTau1","10","27","3",1.96324562274992,3.15671279382276e-21
"1089","nTau2.27.2","nTau2","11","27","3",1.11502649933421,7.1683415607505e-12
"1090","nCon.27.2","nCon","12","27","3",0.61849052126188,6.15034463687274e-08
"1091","Fm.27.2","Fm","13","27","3",2067.15824898626,3.05442468193585e-105
"1092","Fo.27.2","Fo","14","27","3",1666.66550396556,1.27764101348136e-75
"1093","Quant.1.3","Quant","1","1","4",0.278051484322827,9.40194757020786e-78
"1094","Sigma.1.3","Sigma","2","1","4",3.81057250149633,6.08112761470409e-58
"1095","Connect.1.3","Connect","3","1","4",0.382219179754146,1.6779545793455e-28
"1096","Tau1.1.3","Tau1","4","1","4",509.26006070525,2.98815884698746e-23
"1097","Tau2.1.3","Tau2","5","1","4",1635942.48738506,5.5967630674205e-12
"1098","NPQ.1.3","NPQ","6","1","4",0.701813767042276,1.71795291379216e-104
"1099","qP.1.3","qP","7","1","4",1.36842823756594,1.88038951404157e-77
"1100","ABQ.1.3","ABQ","8","1","4",0,6.08112761470409e-58
"1101","qm.1.3","qm","9","1","4",0,9.40194757020786e-78
"1102","nTau1.1.3","nTau1","10","1","4",1,2.98815884698746e-23
"1103","nTau2.1.3","nTau2","11","1","4",1,5.5967630674205e-12
"1104","nCon.1.3","nCon","12","1","4",1,1.6779545793455e-28
"1105","Fm.1.3","Fm","13","1","4",1436.47996031771,1.71795291379216e-104
"1106","Fo.1.3","Fo","14","1","4",1037.06457515137,1.88038951404157e-77
"1107","Quant.3.3","Quant","1","3","4",0.0404941059325053,4.72268954728894e-92
"1108","Sigma.3.3","Sigma","2","3","4",2.43763768206736,1.63913972257274e-29
"1109","Connect.3.3","Connect","3","3","4",0.586524467065479,2.82815926649571e-16
"1110","Tau1.3.3","Tau1","4","3","4",1810.47258234878,6.01698176668595e-09
"1111","Tau2.3.3","Tau2","5","3","4",7884002.22184629,5.62362770121523e-07
"1112","NPQ.3.3","NPQ","6","3","4",0.098205817343448,4.70088368346831e-104
"1113","qP.3.3","qP","7","3","4",0.300165092008569,9.44537909457318e-92
"1114","ABQ.3.3","ABQ","8","3","4",0.360296207168305,1.63913972257274e-29
"1115","qm.3.3","qm","9","3","4",0.854364719429117,4.72268954728894e-92
"1116","nTau1.3.3","nTau1","10","3","4",3.55510420322683,6.01698176668595e-09
"1117","nTau2.3.3","nTau2","11","3","4",4.8192416803407,5.62362770121523e-07
"1118","nCon.3.3","nCon","12","3","4",1.53452390181662,2.82815926649571e-16
"1119","Fm.3.3","Fm","13","3","4",2226.01386183015,4.70088368346831e-104
"1120","Fo.3.3","Fo","14","3","4",2135.87342070197,9.44537909457318e-92
"1121","Quant.4.3","Quant","1","4","4",0.0459666667856861,1.03763448813695e-93
"1122","Sigma.4.3","Sigma","2","4","4",2.76662457797857,5.58769910224455e-32
"1123","Connect.4.3","Connect","3","4","4",0.478366996482996,3.8271995551504e-13
"1124","Tau1.4.3","Tau1","4","4","4",1389.35256079,3.27016052527997e-08
"1125","Tau2.4.3","Tau2","5","4","4",5435302.98870131,1.92711279074891e-08
"1126","NPQ.4.3","NPQ","6","4","4",0.12571595760737,1.26517832718935e-109
"1127","qP.4.3","qP","7","4","4",0.362464288207084,2.07526897627389e-93
"1128","ABQ.4.3","ABQ","8","4","4",0.27396091351308,5.58769910224455e-32
"1129","qm.4.3","qm","9","4","4",0.834682893717922,1.03763448813695e-93
"1130","nTau1.4.3","nTau1","10","4","4",2.72817891681109,3.27016052527997e-08
"1131","nTau2.4.3","nTau2","11","4","4",3.32242913831847,1.92711279074891e-08
"1132","nCon.4.3","nCon","12","4","4",1.25155152284795,3.8271995551504e-13
"1133","Fm.4.3","Fm","13","4","4",2171.61474529053,1.26517832718935e-109
"1134","Fo.4.3","Fo","14","4","4",2071.79285390688,2.07526897627389e-93
"1135","Quant.5.3","Quant","1","5","4",0.049525917199354,1.70117064357806e-94
"1136","Sigma.5.3","Sigma","2","5","4",3.02133170817144,4.56667904325477e-31
"1137","Connect.5.3","Connect","3","5","4",0.352234387535496,1.23315559872081e-06
"1138","Tau1.5.3","Tau1","4","5","4",1431.93863870537,2.45939923828925e-10
"1139","Tau2.5.3","Tau2","5","5","4",6733144.16294016,3.14421386568296e-07
"1140","NPQ.5.3","NPQ","6","5","4",0.179481872490442,7.56900016990097e-110
"1141","qP.5.3","qP","7","5","4",0.461452164796921,3.40234128715612e-94
"1142","ABQ.5.3","ABQ","8","5","4",0.207118692273924,4.56667904325477e-31
"1143","qm.5.3","qm","9","5","4",0.821882205304638,1.70117064357806e-94
"1144","nTau1.5.3","nTau1","10","5","4",2.8118023563881,2.45939923828925e-10
"1145","nTau2.5.3","nTau2","11","5","4",4.1157584785897,3.14421386568296e-07
"1146","nCon.5.3","nCon","12","5","4",0.92155079125559,1.23315559872081e-06
"1147","Fm.5.3","Fm","13","5","4",2072.62309796018,7.56900016990097e-110
"1148","Fo.5.3","Fo","14","5","4",1969.97453802514,3.40234128715612e-94
"1149","Quant.6.3","Quant","1","6","4",0.0463487292946414,1.4550559683605e-95
"1150","Sigma.6.3","Sigma","2","6","4",2.55459610507392,5.80187235557421e-34
"1151","Connect.6.3","Connect","3","6","4",0.444411751136274,6.68400509236409e-13
"1152","Tau1.6.3","Tau1","4","6","4",1084.83419660274,3.88816731168957e-12
"1153","Tau2.6.3","Tau2","5","6","4",12216488.7341218,2.34689105235319e-06
"1154","NPQ.6.3","NPQ","6","6","4",0.245879269095444,4.53234491483585e-110
"1155","qP.6.3","qP","7","6","4",0.557459816078893,2.91011193672099e-95
"1156","ABQ.6.3","ABQ","8","6","4",0.3296030703862,5.80187235557421e-34
"1157","qm.6.3","qm","9","6","4",0.833308822617796,1.4550559683605e-95
"1158","nTau1.6.3","nTau1","10","6","4",2.13021652454034,3.88816731168957e-12
"1159","nTau2.6.3","nTau2","11","6","4",7.46755391972798,2.34689105235319e-06
"1160","nCon.6.3","nCon","12","6","4",1.16271441799999,6.68400509236409e-13
"1161","Fm.6.3","Fm","13","6","4",1962.16554299351,4.53234491483585e-110
"1162","Fo.6.3","Fo","14","6","4",1871.22166341003,2.91011193672099e-95
"1163","Quant.7.3","Quant","1","7","4",0.0456806533653049,5.66230383788268e-91
"1164","Sigma.7.3","Sigma","2","7","4",3.56563652499275,3.7350891372052e-29
"1165","Connect.7.3","Connect","3","7","4",0.146672268011952,0.0508005518712623
"1166","Tau1.7.3","Tau1","4","7","4",1162.96473590039,1.4788100746986e-10
"1167","Tau2.7.3","Tau2","5","7","4",22698717.4554256,0.03148410442257
"1168","NPQ.7.3","NPQ","6","7","4",0.282038167142188,2.12388440406698e-113
"1169","qP.7.3","qP","7","7","4",0.607530564211081,1.13246076757654e-90
"1170","ABQ.7.3","ABQ","8","7","4",0.0642779992789521,3.7350891372052e-29
"1171","qm.7.3","qm","9","7","4",0.835711528472662,5.66230383788268e-91
"1172","nTau1.7.3","nTau1","10","7","4",2.28363625117167,1.4788100746986e-10
"1173","nTau2.7.3","nTau2","11","7","4",13.8750094397927,0.03148410442257
"1174","nCon.7.3","nCon","12","7","4",0.383738639453666,0.0508005518712623
"1175","Fm.7.3","Fm","13","7","4",1906.82417669231,2.12388440406698e-113
"1176","Fo.7.3","Fo","14","7","4",1819.71920244825,1.13246076757654e-90
"1177","Quant.8.3","Quant","1","8","4",0.0482948312195209,6.23857502456694e-88
"1178","Sigma.8.3","Sigma","2","8","4",3.9932097070284,1.31684761335319e-27
"1179","Connect.8.3","Connect","3","8","4",0.192507237837544,0.0158368297680258
"1180","Tau1.8.3","Tau1","4","8","4",1067.29474537793,9.36317440090579e-11
"1181","Tau2.8.3","Tau2","5","8","4",7621794.3300467,1.26884847200215e-05
"1182","NPQ.8.3","NPQ","6","8","4",0.300890027447484,6.03885249462794e-112
"1183","qP.8.3","qP","7","8","4",0.637943948902211,1.24771500491339e-87
"1184","ABQ.8.3","ABQ","8","8","4",-0.0479290724583654,1.31684761335319e-27
"1185","qm.8.3","qm","9","8","4",0.82630975217723,6.23857502456694e-88
"1186","nTau1.8.3","nTau1","10","8","4",2.09577547451863,9.36317440090579e-11
"1187","nTau2.8.3","nTau2","11","8","4",4.65896227331905,1.26884847200215e-05
"1188","nCon.8.3","nCon","12","8","4",0.503656666212749,0.0158368297680258
"1189","Fm.8.3","Fm","13","8","4",1879.19141585372,6.03885249462794e-112
"1190","Fo.8.3","Fo","14","8","4",1788.43618359589,1.24771500491339e-87
"1191","Quant.9.3","Quant","1","9","4",0.0520172475978902,2.80992453194595e-91
"1192","Sigma.9.3","Sigma","2","9","4",3.58508822360523,7.02608473349886e-32
"1193","Connect.9.3","Connect","3","9","4",0.166525626785239,0.0108979050233933
"1194","Tau1.9.3","Tau1","4","9","4",1344.36311203683,6.81691453362306e-11
"1195","Tau2.9.3","Tau2","5","9","4",10485523.3491223,0.00208161865684761
"1196","NPQ.9.3","NPQ","6","9","4",0.303418062606399,1.10353483347619e-113
"1197","qP.9.3","qP","7","9","4",0.648103755571218,5.6198490638919e-91
"1198","ABQ.9.3","ABQ","8","9","4",0.0591733336139278,7.02608473349886e-32
"1199","qm.9.3","qm","9","9","4",0.812922244509594,2.80992453194595e-91
"1200","nTau1.9.3","nTau1","10","9","4",2.63983613828872,6.81691453362306e-11
"1201","nTau2.9.3","nTau2","11","9","4",6.40946942204718,0.00208161865684761
"1202","nCon.9.3","nCon","12","9","4",0.435680979935003,0.0108979050233933
"1203","Fm.9.3","Fm","13","9","4",1875.54664361532,1.10353483347619e-113
"1204","Fo.9.3","Fo","14","9","4",1777.98586947299,5.6198490638919e-91
"1205","Quant.10.3","Quant","1","10","4",0.0893581017690864,9.51358140521636e-84
"1206","Sigma.10.3","Sigma","2","10","4",4.21078288049336,5.18647392175228e-36
"1207","Connect.10.3","Connect","3","10","4",0.156825392961201,0.00386570615021303
"1208","Tau1.10.3","Tau1","4","10","4",1188.63192678997,2.23290482980878e-16
"1209","Tau2.10.3","Tau2","5","10","4",6795449.96133348,0.000110473060307578
"1210","NPQ.10.3","NPQ","6","10","4",0.308496262442974,1.85045534854434e-109
"1211","qP.10.3","qP","7","10","4",0.722635583700565,1.90271628104327e-83
"1212","ABQ.10.3","ABQ","8","10","4",-0.105026312670834,5.18647392175228e-36
"1213","qm.10.3","qm","9","10","4",0.678627495959206,9.51358140521636e-84
"1214","nTau1.10.3","nTau1","10","10","4",2.33403720123641,2.23290482980878e-16
"1215","nTau2.10.3","nTau2","11","10","4",4.15384404631214,0.000110473060307578
"1216","nCon.10.3","nCon","12","10","4",0.410302259196087,0.00386570615021303
"1217","Fm.10.3","Fm","13","10","4",1868.26775338654,1.85045534854434e-109
"1218","Fo.10.3","Fo","14","10","4",1701.32289334752,1.90271628104327e-83
"1219","Quant.11.3","Quant","1","11","4",0.091906130528775,5.16418370544455e-83
"1220","Sigma.11.3","Sigma","2","11","4",3.89010751081127,7.6422470689177e-37
"1221","Connect.11.3","Connect","3","11","4",0.292129228465735,3.29098044117638e-08
"1222","Tau1.11.3","Tau1","4","11","4",1040.36207164168,2.26725661670067e-19
"1223","Tau2.11.3","Tau2","5","11","4",5630197.74553365,3.16729659005118e-06
"1224","NPQ.11.3","NPQ","6","11","4",0.298415790735246,2.67332770333963e-107
"1225","qP.11.3","qP","7","11","4",0.714458253282283,1.03283674108891e-82
"1226","ABQ.11.3","ABQ","8","11","4",-0.0208721942132595,7.6422470689177e-37
"1227","qm.11.3","qm","9","11","4",0.669463621988549,5.16418370544455e-83
"1228","nTau1.11.3","nTau1","10","11","4",2.04288958022928,2.26725661670067e-19
"1229","nTau2.11.3","nTau2","11","11","4",3.4415621508389,3.16729659005118e-06
"1230","nCon.11.3","nCon","12","11","4",0.76429766987005,3.29098044117638e-08
"1231","Fm.11.3","Fm","13","11","4",1882.77236767486,2.67332770333963e-107
"1232","Fo.11.3","Fo","14","11","4",1709.73404469536,1.03283674108891e-82
"1233","Quant.12.3","Quant","1","12","4",0.104699141528274,1.19121103431215e-85
"1234","Sigma.12.3","Sigma","2","12","4",4.10324925422741,6.79137807572943e-42
"1235","Connect.12.3","Connect","3","12","4",0.276587323348029,3.64947409704586e-10
"1236","Tau1.12.3","Tau1","4","12","4",1028.82516137132,2.34105017975754e-19
"1237","Tau2.12.3","Tau2","5","12","4",4905506.50132129,3.60915402611919e-07
"1238","NPQ.12.3","NPQ","6","12","4",0.275100250336926,8.33388135097528e-111
"1239","qP.12.3","qP","7","12","4",0.707909331605272,2.38242206862429e-85
"1240","ABQ.12.3","ABQ","8","12","4",-0.0768065041712633,6.79137807572943e-42
"1241","qm.12.3","qm","9","12","4",0.62345411755934,1.19121103431215e-85
"1242","nTau1.12.3","nTau1","10","12","4",2.02023531935049,2.34105017975754e-19
"1243","nTau2.12.3","nTau2","11","12","4",2.99858126990907,3.60915402611919e-07
"1244","nCon.12.3","nCon","12","12","4",0.72363538513671,3.64947409704586e-10
"1245","Fm.12.3","Fm","13","12","4",1917.19935111225,8.33388135097528e-111
"1246","Fo.12.3","Fo","14","12","4",1716.47022491223,2.38242206862429e-85
"1247","Quant.13.3","Quant","1","13","4",0.109394476786684,2.35836713158708e-86
"1248","Sigma.13.3","Sigma","2","13","4",4.04473638681473,8.33236526294043e-43
"1249","Connect.13.3","Connect","3","13","4",0.210963361026095,3.27200557887855e-07
"1250","Tau1.13.3","Tau1","4","13","4",1249.27299260579,7.24248274283932e-21
"1251","Tau2.13.3","Tau2","5","13","4",6150938.41457517,2.97843476499033e-05
"1252","NPQ.13.3","NPQ","6","13","4",0.26343908480232,2.02592776736872e-111
"1253","qP.13.3","qP","7","13","4",0.701339654426934,4.71673426317415e-86
"1254","ABQ.13.3","ABQ","8","13","4",-0.0614511035353476,8.33236526294043e-43
"1255","qm.13.3","qm","9","13","4",0.606567549699992,2.35836713158708e-86
"1256","nTau1.13.3","nTau1","10","13","4",2.45311401580508,7.24248274283932e-21
"1257","nTau2.13.3","nTau2","11","13","4",3.7598744833671,2.97843476499033e-05
"1258","nCon.13.3","nCon","12","13","4",0.551943419379928,3.27200557887855e-07
"1259","Fm.13.3","Fm","13","13","4",1934.89452871526,2.02592776736872e-111
"1260","Fo.13.3","Fo","14","13","4",1723.22775410903,4.71673426317415e-86
"1261","Quant.14.3","Quant","1","14","4",0.112036240013125,1.40006242084804e-83
"1262","Sigma.14.3","Sigma","2","14","4",4.01671045957596,1.68169828655585e-40
"1263","Connect.14.3","Connect","3","14","4",0.227409935045776,5.28079726354676e-07
"1264","Tau1.14.3","Tau1","4","14","4",1192.65844768677,1.00593928186363e-19
"1265","Tau2.14.3","Tau2","5","14","4",3856913.85824093,1.89426606229231e-08
"1266","NPQ.14.3","NPQ","6","14","4",0.257328553743031,1.59331298133984e-108
"1267","qP.14.3","qP","7","14","4",0.698191283802014,2.80012484169608e-83
"1268","ABQ.14.3","ABQ","8","14","4",-0.0540963222714388,1.68169828655585e-40
"1269","qm.14.3","qm","9","14","4",0.597066563820076,1.40006242084804e-83
"1270","nTau1.14.3","nTau1","10","14","4",2.3419438116453,1.00593928186363e-19
"1271","nTau2.14.3","nTau2","11","14","4",2.3576096885936,1.89426606229231e-08
"1272","nCon.14.3","nCon","12","14","4",0.594972589266852,5.28079726354676e-07
"1273","Fm.14.3","Fm","13","14","4",1944.29798422334,1.59331298133984e-108
"1274","Fo.14.3","Fo","14","14","4",1726.46614860586,2.80012484169608e-83
"1275","Quant.15.3","Quant","1","15","4",0.113727080737033,1.84217924488052e-87
"1276","Sigma.15.3","Sigma","2","15","4",3.85382085621142,5.87778836628466e-45
"1277","Connect.15.3","Connect","3","15","4",0.240312959089964,6.22540135788389e-10
"1278","Tau1.15.3","Tau1","4","15","4",1119.60150101825,8.2657448338186e-19
"1279","Tau2.15.3","Tau2","5","15","4",3952942.92556167,2.11150933786295e-07
"1280","NPQ.15.3","NPQ","6","15","4",0.25223869214357,8.1236846340571e-112
"1281","qP.15.3","qP","7","15","4",0.694578049360656,3.68435848976104e-87
"1282","ABQ.15.3","ABQ","8","15","4",-0.0113495687847727,5.87778836628466e-45
"1283","qm.15.3","qm","9","15","4",0.590985529122398,1.84217924488052e-87
"1284","nTau1.15.3","nTau1","10","15","4",2.19848676031608,8.2657448338186e-19
"1285","nTau2.15.3","nTau2","11","15","4",2.41630922605365,2.11150933786295e-07
"1286","nCon.15.3","nCon","12","15","4",0.628730769723645,6.22540135788389e-10
"1287","Fm.15.3","Fm","13","15","4",1952.2007967701,8.1236846340571e-112
"1288","Fo.15.3","Fo","14","15","4",1730.18269914092,3.68435848976104e-87
"1289","Quant.16.3","Quant","1","16","4",0.0524708725150281,5.68728507540911e-91
"1290","Sigma.16.3","Sigma","2","16","4",2.82697785179522,6.45434751367636e-31
"1291","Connect.16.3","Connect","3","16","4",0.485585304980676,5.86444873691162e-12
"1292","Tau1.16.3","Tau1","4","16","4",1120.52216756458,5.58359079249886e-11
"1293","Tau2.16.3","Tau2","5","16","4",12268697.7096947,0.000219185947238415
"1294","NPQ.16.3","NPQ","6","16","4",0.216077150007657,4.87213310981597e-106
"1295","qP.16.3","qP","7","16","4",0.524841941982072,1.13745701508182e-90
"1296","ABQ.16.3","ABQ","8","16","4",0.258122539149923,6.45434751367636e-31
"1297","qm.16.3","qm","9","16","4",0.811290802338938,5.68728507540911e-91
"1298","nTau1.16.3","nTau1","10","16","4",2.20029461178011,5.58359079249886e-11
"1299","nTau2.16.3","nTau2","11","16","4",7.49946761839128,0.000219185947238415
"1300","nCon.16.3","nCon","12","16","4",1.27043678261519,5.86444873691162e-12
"1301","Fm.16.3","Fm","13","16","4",2010.25187631692,4.87213310981597e-106
"1302","Fo.16.3","Fo","14","16","4",1904.7722063916,1.13745701508182e-90
"1303","Quant.17.3","Quant","1","17","4",0.0516623456818903,2.72793841578675e-94
"1304","Sigma.17.3","Sigma","2","17","4",2.69151767743166,5.30741721314044e-34
"1305","Connect.17.3","Connect","3","17","4",0.405227171315322,8.29121347926051e-11
"1306","Tau1.17.3","Tau1","4","17","4",1125.22367333581,3.08734291906535e-13
"1307","Tau2.17.3","Tau2","5","17","4",21697836.634949,0.005518096009709
"1308","NPQ.17.3","NPQ","6","17","4",0.250144285012534,2.90787480139451e-109
"1309","qP.17.3","qP","7","17","4",0.573768022568228,5.45587683157349e-94
"1310","ABQ.17.3","ABQ","8","17","4",0.29367104906815,5.30741721314044e-34
"1311","qm.17.3","qm","9","17","4",0.814198633725297,2.72793841578675e-94
"1312","nTau1.17.3","nTau1","10","17","4",2.20952664494746,3.08734291906535e-13
"1313","nTau2.17.3","nTau2","11","17","4",13.2632025894942,0.005518096009709
"1314","nCon.17.3","nCon","12","17","4",1.06019580591423,8.29121347926051e-11
"1315","Fm.17.3","Fm","13","17","4",1955.47138186894,2.90787480139451e-109
"1316","Fo.17.3","Fo","14","17","4",1854.44714336778,5.45587683157349e-94
"1317","Quant.18.3","Quant","1","18","4",0.0465674400927223,3.05476960964932e-91
"1318","Sigma.18.3","Sigma","2","18","4",2.75394519278396,2.69111919933439e-30
"1319","Connect.18.3","Connect","3","18","4",0.370581391107648,5.80825868365577e-08
"1320","Tau1.18.3","Tau1","4","18","4",893.53934395538,8.10727675971705e-12
"1321","Tau2.18.3","Tau2","5","18","4",11271602.5487634,0.000219344307546321
"1322","NPQ.18.3","NPQ","6","18","4",0.265016054306955,3.06579367110242e-108
"1323","qP.18.3","qP","7","18","4",0.585391092301098,6.10953921929863e-91
"1324","ABQ.18.3","ABQ","8","18","4",0.277288336148296,2.69111919933439e-30
"1325","qm.18.3","qm","9","18","4",0.832522238800006,3.05476960964932e-91
"1326","nTau1.18.3","nTau1","10","18","4",1.75458358685729,8.10727675971705e-12
"1327","nTau2.18.3","nTau2","11","18","4",6.88997482226915,0.000219344307546321
"1328","nCon.18.3","nCon","12","18","4",0.969552054781804,5.80825868365577e-08
"1329","Fm.18.3","Fm","13","18","4",1932.48248844424,3.06579367110242e-108
"1330","Fo.18.3","Fo","14","18","4",1842.49172593338,6.10953921929863e-91
"1331","Quant.19.3","Quant","1","19","4",0.0535114725282356,2.6324630355916e-85
"1332","Sigma.19.3","Sigma","2","19","4",3.34625019440451,3.62157692502691e-26
"1333","Connect.19.3","Connect","3","19","4",0.307265818333977,0.000321937580490689
"1334","Tau1.19.3","Tau1","4","19","4",928.231649942522,3.37021288865221e-09
"1335","Tau2.19.3","Tau2","5","19","4",9119799.90962934,0.000286393690477122
"1336","NPQ.19.3","NPQ","6","19","4",0.276876210672762,3.99915421279099e-105
"1337","qP.19.3","qP","7","19","4",0.614954177318959,5.2649260711832e-85
"1338","ABQ.19.3","ABQ","8","19","4",0.12185106225101,3.62157692502691e-26
"1339","qm.19.3","qm","9","19","4",0.807548329912503,2.6324630355916e-85
"1340","nTau1.19.3","nTau1","10","19","4",1.82270655322363,3.37021288865221e-09
"1341","nTau2.19.3","nTau2","11","19","4",5.57464579589636,0.000286393690477122
"1342","nCon.19.3","nCon","12","19","4",0.803899528358621,0.000321937580490689
"1343","Fm.19.3","Fm","13","19","4",1914.53278878224,3.99915421279099e-105
"1344","Fo.19.3","Fo","14","19","4",1812.08332005091,5.2649260711832e-85
"1345","Quant.20.3","Quant","1","20","4",0.051025730859461,2.50211935384137e-92
"1346","Sigma.20.3","Sigma","2","20","4",3.12836422329337,1.10101331196933e-31
"1347","Connect.20.3","Connect","3","20","4",0.384728713694762,1.00591801129887e-08
"1348","Tau1.20.3","Tau1","4","20","4",968.000054447334,1.36187851121256e-08
"1349","Tau2.20.3","Tau2","5","20","4",7673675.31580984,0.000132492336785348
"1350","NPQ.20.3","NPQ","6","20","4",0.305462676643244,3.86344181585957e-110
"1351","qP.20.3","qP","7","20","4",0.64900591534564,5.00423870768273e-92
"1352","ABQ.20.3","ABQ","8","20","4",0.179030389248615,1.10101331196933e-31
"1353","qm.20.3","qm","9","20","4",0.816488191085438,2.50211935384137e-92
"1354","nTau1.20.3","nTau1","10","20","4",1.90079711553817,1.36187851121256e-08
"1355","nTau2.20.3","nTau2","11","20","4",4.69067548216545,0.000132492336785348
"1356","nCon.20.3","nCon","12","20","4",1.00656569338627,1.00591801129887e-08
"1357","Fm.20.3","Fm","13","20","4",1872.60916477131,3.86344181585957e-110
"1358","Fo.20.3","Fo","14","20","4",1777.05791352473,5.00423870768273e-92
"1359","Quant.21.3","Quant","1","21","4",0.0537557949833892,6.11503383155575e-91
"1360","Sigma.21.3","Sigma","2","21","4",2.92958821355686,2.06315237244972e-31
"1361","Connect.21.3","Connect","3","21","4",0.481338596386335,3.47968774116112e-12
"1362","Tau1.21.3","Tau1","4","21","4",1371.99092779312,5.34008953180506e-10
"1363","Tau2.21.3","Tau2","5","21","4",24334280.6108431,0.109912996686201
"1364","NPQ.21.3","NPQ","6","21","4",0.336826082961873,7.24267553873076e-107
"1365","qP.21.3","qP","7","21","4",0.694392276811049,1.22300676631115e-90
"1366","ABQ.21.3","ABQ","8","21","4",0.231194731918506,2.06315237244972e-31
"1367","qm.21.3","qm","9","21","4",0.806669634890433,6.11503383155575e-91
"1368","nTau1.21.3","nTau1","10","21","4",2.69408703657835,5.34008953180506e-10
"1369","nTau2.21.3","nTau2","11","21","4",14.8747775661355,0.109912996686201
"1370","nCon.21.3","nCon","12","21","4",1.25932611936415,3.47968774116112e-12
"1371","Fm.21.3","Fm","13","21","4",1828.6756996338,7.24267553873076e-107
"1372","Fo.21.3","Fo","14","21","4",1730.37378363318,1.22300676631115e-90
"1373","Quant.22.3","Quant","1","22","4",0.0513457434573572,3.5922252959831e-86
"1374","Sigma.22.3","Sigma","2","22","4",3.03448193529232,9.18200682404226e-29
"1375","Connect.22.3","Connect","3","22","4",0.378915363571573,5.47856135849103e-08
"1376","Tau1.22.3","Tau1","4","22","4",950.295991837062,7.59649582351461e-08
"1377","Tau2.22.3","Tau2","5","22","4",9872315.53807752,0.00411299370333251
"1378","NPQ.22.3","NPQ","6","22","4",0.375361319437806,3.42955200534509e-106
"1379","qP.22.3","qP","7","22","4",0.737361959323898,7.1844505919662e-86
"1380","ABQ.22.3","ABQ","8","22","4",0.20366770764741,9.18200682404226e-29
"1381","qm.22.3","qm","9","22","4",0.815337279776061,3.5922252959831e-86
"1382","nTau1.22.3","nTau1","10","22","4",1.86603282912279,7.59649582351461e-08
"1383","nTau2.22.3","nTau2","11","22","4",6.03463484456459,0.00411299370333251
"1384","nCon.22.3","nCon","12","22","4",0.991356226067206,5.47856135849103e-08
"1385","Fm.22.3","Fm","13","22","4",1777.43938120078,3.42955200534509e-106
"1386","Fo.22.3","Fo","14","22","4",1686.17543472264,7.1844505919662e-86
"1387","Quant.23.3","Quant","1","23","4",0.177071288452596,1.56018231890662e-81
"1388","Sigma.23.3","Sigma","2","23","4",3.95625287643353,2.76475270378528e-49
"1389","Connect.23.3","Connect","3","23","4",0.237394650382111,6.69912399518277e-12
"1390","Tau1.23.3","Tau1","4","23","4",1136.41328659778,1.82565240379368e-21
"1391","Tau2.23.3","Tau2","5","23","4",2995045.25845513,6.47913713274735e-12
"1392","NPQ.23.3","NPQ","6","23","4",0.42069911044884,3.37641856840035e-107
"1393","qP.23.3","qP","7","23","4",1,3.12036463781324e-81
"1394","ABQ.23.3","ABQ","8","23","4",-0.0382305742457334,2.76475270378528e-49
"1395","qm.23.3","qm","9","23","4",0.363170857066851,1.56018231890662e-81
"1396","nTau1.23.3","nTau1","10","23","4",2.23149894186482,1.82565240379368e-21
"1397","nTau2.23.3","nTau2","11","23","4",1.83077662054154,6.47913713274735e-12
"1398","nCon.23.3","nCon","12","23","4",0.621095598956625,6.69912399518277e-12
"1399","Fm.23.3","Fm","13","23","4",1720.71718393397,3.37641856840035e-107
"1400","Fo.23.3","Fo","14","23","4",1416.02757511226,3.12036463781324e-81
"1401","Quant.24.3","Quant","1","24","4",0.187712406237517,3.6168152446153e-80
"1402","Sigma.24.3","Sigma","2","24","4",4.22275683419478,1.24599290280203e-49
"1403","Connect.24.3","Connect","3","24","4",0.259027812297014,1.25722369185124e-13
"1404","Tau1.24.3","Tau1","4","24","4",1156.87718613016,1.50466532508329e-21
"1405","Tau2.24.3","Tau2","5","24","4",2564774.65272851,6.03851026716039e-12
"1406","NPQ.24.3","NPQ","6","24","4",0.370798921146827,4.08706609328083e-107
"1407","qP.24.3","qP","7","24","4",0.96833568089982,7.23363048923061e-80
"1408","ABQ.24.3","ABQ","8","24","4",-0.108168610500546,1.24599290280203e-49
"1409","qm.24.3","qm","9","24","4",0.324900542449265,3.6168152446153e-80
"1410","nTau1.24.3","nTau1","10","24","4",2.27168253588953,1.50466532508329e-21
"1411","nTau2.24.3","nTau2","11","24","4",1.56776578180822,6.03851026716039e-12
"1412","nCon.24.3","nCon","12","24","4",0.677694438211156,1.25722369185124e-13
"1413","Fm.24.3","Fm","13","24","4",1783.35519151403,4.08706609328083e-107
"1414","Fo.24.3","Fo","14","24","4",1448.59729733876,7.23363048923061e-80
"1415","Quant.25.3","Quant","1","25","4",0.191835449270495,6.20147416064527e-84
"1416","Sigma.25.3","Sigma","2","25","4",4.20554402012017,1.19043268920342e-53
"1417","Connect.25.3","Connect","3","25","4",0.272211164139308,1.07258655006129e-17
"1418","Tau1.25.3","Tau1","4","25","4",1236.17681624345,4.54915135972049e-19
"1419","Tau2.25.3","Tau2","5","25","4",2024095.98639081,2.07060081479856e-11
"1420","NPQ.25.3","NPQ","6","25","4",0.362586961475234,7.90030803374057e-111
"1421","qP.25.3","qP","7","25","4",0.967039583425062,1.24029483212905e-83
"1422","ABQ.25.3","ABQ","8","25","4",-0.103651490286235,1.19043268920342e-53
"1423","qm.25.3","qm","9","25","4",0.310072198543751,6.20147416064527e-84
"1424","nTau1.25.3","nTau1","10","25","4",2.42739792814604,4.54915135972049e-19
"1425","nTau2.25.3","nTau2","11","25","4",1.23726598092467,2.07060081479856e-11
"1426","nCon.25.3","nCon","12","25","4",0.712186040256801,1.07258655006129e-17
"1427","Fm.25.3","Fm","13","25","4",1794.10301262702,7.90030803374057e-111
"1428","Fo.25.3","Fo","14","25","4",1449.93045516217,1.24029483212905e-83
"1429","Quant.26.3","Quant","1","26","4",0.197774460348041,1.53473691636118e-79
"1430","Sigma.26.3","Sigma","2","26","4",4.24825124983704,1.8791102829171e-49
"1431","Connect.26.3","Connect","3","26","4",0.212050997963724,1.55086680988997e-10
"1432","Tau1.26.3","Tau1","4","26","4",1371.48706960222,1.15460118528825e-20
"1433","Tau2.26.3","Tau2","5","26","4",2939269.6180273,5.52756314326785e-12
"1434","NPQ.26.3","NPQ","6","26","4",0.347953605856489,5.08663566385669e-107
"1435","qP.26.3","qP","7","26","4",0.962208187524262,3.06947383272237e-79
"1436","ABQ.26.3","ABQ","8","26","4",-0.11485905285068,1.8791102829171e-49
"1437","qm.26.3","qm","9","26","4",0.288712805005499,1.53473691636118e-79
"1438","nTau1.26.3","nTau1","10","26","4",2.69309764386965,1.15460118528825e-20
"1439","nTau2.26.3","nTau2","11","26","4",1.79668273224294,5.52756314326785e-12
"1440","nCon.26.3","nCon","12","26","4",0.55478900378605,1.55086680988997e-10
"1441","Fm.26.3","Fm","13","26","4",1813.57975669772,5.08663566385669e-107
"1442","Fo.26.3","Fo","14","26","4",1454.89999901869,3.06947383272237e-79
"1443","Quant.27.3","Quant","1","27","4",0.19972886074703,2.41046483195785e-81
"1444","Sigma.27.3","Sigma","2","27","4",4.43038408970579,1.44838568312941e-52
"1445","Connect.27.3","Connect","3","27","4",0.295198176768285,5.07828213665103e-18
"1446","Tau1.27.3","Tau1","4","27","4",1275.57275375768,3.13410881865266e-19
"1447","Tau2.27.3","Tau2","5","27","4",1976641.09736924,3.98723597168751e-11
"1448","NPQ.27.3","NPQ","6","27","4",0.345522776225017,7.44041605600594e-109
"1449","qP.27.3","qP","7","27","4",0.96310497813271,4.82092966391569e-81
"1450","ABQ.27.3","ABQ","8","27","4",-0.162655765758577,1.44838568312941e-52
"1451","qm.27.3","qm","9","27","4",0.281683889465815,2.41046483195785e-81
"1452","nTau1.27.3","nTau1","10","27","4",2.50475710188465,3.13410881865266e-19
"1453","nTau2.27.3","nTau2","11","27","4",1.20825830529579,3.98723597168751e-11
"1454","nCon.27.3","nCon","12","27","4",0.772326958992914,5.07828213665103e-18
"1455","Fm.27.3","Fm","13","27","4",1816.856180917,7.44041605600594e-109
"1456","Fo.27.3","Fo","14","27","4",1453.97756576125,4.82092966391569e-81
"1457","MTQuant.2.0","MTQuant","15","2","1",0.640312680759166,NA
"1458","PQpool.2.0","PQpool","16","2","1",0.551145246581902,NA
"1459","MTTau1.2.0","MTTau1","17","2","1",17000,NA
"1460","MTTau2.2.0","MTTau2","18","2","1",10889534.0905308,NA
"1461","MTQuant.2.1","MTQuant","15","2","2",0.609314822997763,NA
"1462","PQpool.2.1","PQpool","16","2","2",0.561466532204632,NA
"1463","MTTau1.2.1","MTTau1","17","2","2",17000,NA
"1464","MTTau2.2.1","MTTau2","18","2","2",6286296.69510579,NA
"1465","MTQuant.2.2","MTQuant","15","2","3",0.605237196060693,NA
"1466","PQpool.2.2","PQpool","16","2","3",0.566356004006273,NA
"1467","MTTau1.2.2","MTTau1","17","2","3",17000,NA
"1468","MTTau2.2.2","MTTau2","18","2","3",1.5e+07,NA
"1469","MTQuant.2.3","MTQuant","15","2","4",0.587608361952544,NA
"1470","PQpool.2.3","PQpool","16","2","4",0.575777015288866,NA
"1471","MTTau1.2.3","MTTau1","17","2","4",17000,NA
"1472","MTTau2.2.3","MTTau2","18","2","4",1.5e+07,NA
"1473","Ratio12","Ratio12","Ratio12","Ratio12","Ratio12",1.02673813068759,NA
"1474","Ratio32","Ratio32","Ratio32","Ratio32","Ratio32",0.896304123166771,NA
"1475","Ratio42","Ratio42","Ratio42","Ratio42","Ratio42",0.788222982118048,NA
"1476","mean.1.rQuant.All","rQuant","1","All","1",0.0975940945751184,NA
"1477","min.1.rQuant.All","rQuant","1","All","1",0.0382033416398068,NA
"1478","max.1.rQuant.All","rQuant","1","All","1",0.299006927543699,NA
"1479","range.1.rQuant.All","rQuant","1","All","1",0.260803585903892,NA
"1480","slope.1.rQuant.All","rQuant","1","All","1",0.00274116516517835,NA
"1481","mean.1.rSigma.All","rSigma","2","All","1",4.22274329864731,NA
"1482","min.1.rSigma.All","rSigma","2","All","1",2.75431056995902,NA
"1483","max.1.rSigma.All","rSigma","2","All","1",5.44620551870813,NA
"1484","range.1.rSigma.All","rSigma","2","All","1",2.69189494874911,NA
"1485","slope.1.rSigma.All","rSigma","2","All","1",0.0477619349528684,NA
"1486","mean.1.rConnect.All","rConnect","3","All","1",0.288326245009377,NA
"1487","min.1.rConnect.All","rConnect","3","All","1",0.1305171091003,NA
"1488","max.1.rConnect.All","rConnect","3","All","1",0.564958909832903,NA
"1489","range.1.rConnect.All","rConnect","3","All","1",0.434441800732603,NA
"1490","slope.1.rConnect.All","rConnect","3","All","1",-0.00610196810877348,NA
"1491","mean.1.rTau1.All","rTau1","4","All","1",1599.00950689524,NA
"1492","min.1.rTau1.All","rTau1","4","All","1",761.22156173092,NA
"1493","max.1.rTau1.All","rTau1","4","All","1",4046.90200022697,NA
"1494","range.1.rTau1.All","rTau1","4","All","1",3285.68043849605,NA
"1495","slope.1.rTau1.All","rTau1","4","All","1",-23.6769521557506,NA
"1496","mean.1.rTau2.All","rTau2","5","All","1",8059315.39382302,NA
"1497","min.1.rTau2.All","rTau2","5","All","1",1889339.57402024,NA
"1498","max.1.rTau2.All","rTau2","5","All","1",20037155.0142712,NA
"1499","range.1.rTau2.All","rTau2","5","All","1",18147815.440251,NA
"1500","slope.1.rTau2.All","rTau2","5","All","1",-161841.780838173,NA
"1501","mean.1.rNPQ.All","rNPQ","6","All","1",0.212167427814784,NA
"1502","min.1.rNPQ.All","rNPQ","6","All","1",0.0360787650899857,NA
"1503","max.1.rNPQ.All","rNPQ","6","All","1",0.561736992018311,NA
"1504","range.1.rNPQ.All","rNPQ","6","All","1",0.525658226928325,NA
"1505","slope.1.rNPQ.All","rNPQ","6","All","1",0.0028838933501125,NA
"1506","mean.1.rqP.All","rqP","7","All","1",0.647275731292039,NA
"1507","min.1.rqP.All","rqP","7","All","1",0.192732202938431,NA
"1508","max.1.rqP.All","rqP","7","All","1",1.43722956110291,NA
"1509","range.1.rqP.All","rqP","7","All","1",1.24449735816448,NA
"1510","slope.1.rqP.All","rqP","7","All","1",0.0131384208106706,NA
"1511","mean.1.rABQ.All","rABQ","8","All","1",0.151288532088437,NA
"1512","min.1.rABQ.All","rABQ","8","All","1",-0.0946100090458963,NA
"1513","max.1.rABQ.All","rABQ","8","All","1",0.446422668490631,NA
"1514","range.1.rABQ.All","rABQ","8","All","1",0.541032677536527,NA
"1515","slope.1.rABQ.All","rABQ","8","All","1",-0.00959947102091919,NA
"1516","mean.1.rqm.All","rqm","9","All","1",0.673605908141191,NA
"1517","min.1.rqm.All","rqm","9","All","1",0,NA
"1518","max.1.rqm.All","rqm","9","All","1",0.872232586871341,NA
"1519","range.1.rqm.All","rqm","9","All","1",0.872232586871341,NA
"1520","slope.1.rqm.All","rqm","9","All","1",-0.00916756406848718,NA
"1521","mean.2.rQuant.All","rQuant","1","All","2",0.0917474468028161,NA
"1522","min.2.rQuant.All","rQuant","1","All","2",0.0348369259095392,NA
"1523","max.2.rQuant.All","rQuant","1","All","2",0.280284261528661,NA
"1524","range.2.rQuant.All","rQuant","1","All","2",0.245447335619122,NA
"1525","slope.2.rQuant.All","rQuant","1","All","2",0.00262467557213268,NA
"1526","mean.2.rSigma.All","rSigma","2","All","2",3.90430161984727,NA
"1527","min.2.rSigma.All","rSigma","2","All","2",2.58308285670495,NA
"1528","max.2.rSigma.All","rSigma","2","All","2",5.35168075736915,NA
"1529","range.2.rSigma.All","rSigma","2","All","2",2.7685979006642,NA
"1530","slope.2.rSigma.All","rSigma","2","All","2",0.0528451364181184,NA
"1531","mean.2.rConnect.All","rConnect","3","All","2",0.326430525849711,NA
"1532","min.2.rConnect.All","rConnect","3","All","2",0.152181018498922,NA
"1533","max.2.rConnect.All","rConnect","3","All","2",0.653744037540399,NA
"1534","range.2.rConnect.All","rConnect","3","All","2",0.501563019041477,NA
"1535","slope.2.rConnect.All","rConnect","3","All","2",-0.00771543834073821,NA
"1536","mean.2.rTau1.All","rTau1","4","All","2",1516.00789077411,NA
"1537","min.2.rTau1.All","rTau1","4","All","2",862.451822075543,NA
"1538","max.2.rTau1.All","rTau1","4","All","2",3268.49313634002,NA
"1539","range.2.rTau1.All","rTau1","4","All","2",2406.04131426448,NA
"1540","slope.2.rTau1.All","rTau1","4","All","2",-1.53935358130557,NA
"1541","mean.2.rTau2.All","rTau2","5","All","2",6879487.06890376,NA
"1542","min.2.rTau2.All","rTau2","5","All","2",1635784.03376393,NA
"1543","max.2.rTau2.All","rTau2","5","All","2",18928420.3650856,NA
"1544","range.2.rTau2.All","rTau2","5","All","2",17292636.3313217,NA
"1545","slope.2.rTau2.All","rTau2","5","All","2",-76199.4024777489,NA
"1546","mean.2.rNPQ.All","rNPQ","6","All","2",0.2661470068362,NA
"1547","min.2.rNPQ.All","rNPQ","6","All","2",0.0724198795002016,NA
"1548","max.2.rNPQ.All","rNPQ","6","All","2",0.641187711600562,NA
"1549","range.2.rNPQ.All","rNPQ","6","All","2",0.56876783210036,NA
"1550","slope.2.rNPQ.All","rNPQ","6","All","2",0.00272244396500071,NA
"1551","mean.2.rqP.All","rqP","7","All","2",0.690447546711951,NA
"1552","min.2.rqP.All","rqP","7","All","2",0.250404715782894,NA
"1553","max.2.rqP.All","rqP","7","All","2",1.4057444446459,NA
"1554","range.2.rqP.All","rqP","7","All","2",1.15533972886301,NA
"1555","slope.2.rqP.All","rqP","7","All","2",0.011560326079978,NA
"1556","mean.2.rABQ.All","rABQ","8","All","2",0.183689990989203,NA
"1557","min.2.rABQ.All","rABQ","8","All","2",-0.11892752984638,NA
"1558","max.2.rABQ.All","rABQ","8","All","2",0.459929945137042,NA
"1559","range.2.rABQ.All","rABQ","8","All","2",0.578857474983422,NA
"1560","slope.2.rABQ.All","rABQ","8","All","2",-0.0110488425295735,NA
"1561","mean.2.rqm.All","rqm","9","All","2",0.672662866254322,NA
"1562","min.2.rqm.All","rqm","9","All","2",0,NA
"1563","max.2.rqm.All","rqm","9","All","2",0.875708590558957,NA
"1564","range.2.rqm.All","rqm","9","All","2",0.875708590558957,NA
"1565","slope.2.rqm.All","rqm","9","All","2",-0.00936433447178867,NA
"1566","mean.3.rQuant.All","rQuant","1","All","3",0.0945970587625266,NA
"1567","min.3.rQuant.All","rQuant","1","All","3",0.0400375890276488,NA
"1568","max.3.rQuant.All","rQuant","1","All","3",0.283513969702812,NA
"1569","range.3.rQuant.All","rQuant","1","All","3",0.243476380675163,NA
"1570","slope.3.rQuant.All","rQuant","1","All","3",0.00257866525073853,NA
"1571","mean.3.rSigma.All","rSigma","2","All","3",3.64662707343046,NA
"1572","min.3.rSigma.All","rSigma","2","All","3",2.59359687122575,NA
"1573","max.3.rSigma.All","rSigma","2","All","3",4.72164997057788,NA
"1574","range.3.rSigma.All","rSigma","2","All","3",2.12805309935213,NA
"1575","slope.3.rSigma.All","rSigma","2","All","3",0.0413486086764582,NA
"1576","mean.3.rConnect.All","rConnect","3","All","3",0.307905178314482,NA
"1577","min.3.rConnect.All","rConnect","3","All","3",0.163496166131661,NA
"1578","max.3.rConnect.All","rConnect","3","All","3",0.596869212527457,NA
"1579","range.3.rConnect.All","rConnect","3","All","3",0.433373046395796,NA
"1580","slope.3.rConnect.All","rConnect","3","All","3",-0.00406327650639722,NA
"1581","mean.3.rTau1.All","rTau1","4","All","3",1397.37205131173,NA
"1582","min.3.rTau1.All","rTau1","4","All","3",727.237297573228,NA
"1583","max.3.rTau1.All","rTau1","4","All","3",2624.94730472682,NA
"1584","range.3.rTau1.All","rTau1","4","All","3",1897.71000715359,NA
"1585","slope.3.rTau1.All","rTau1","4","All","3",-9.75703736602693,NA
"1586","mean.3.rTau2.All","rTau2","5","All","3",7826567.88687309,NA
"1587","min.3.rTau2.All","rTau2","5","All","3",1776016.73895311,NA
"1588","max.3.rTau2.All","rTau2","5","All","3",18368653.9886475,NA
"1589","range.3.rTau2.All","rTau2","5","All","3",16592637.2496944,NA
"1590","slope.3.rTau2.All","rTau2","5","All","3",-7832.27432444423,NA
"1591","mean.3.rNPQ.All","rNPQ","6","All","3",0.265528645282533,NA
"1592","min.3.rNPQ.All","rNPQ","6","All","3",0.0668473702944394,NA
"1593","max.3.rNPQ.All","rNPQ","6","All","3",0.652244783547177,NA
"1594","range.3.rNPQ.All","rNPQ","6","All","3",0.585397413252738,NA
"1595","slope.3.rNPQ.All","rNPQ","6","All","3",0.00283756881870059,NA
"1596","mean.3.rqP.All","rqP","7","All","3",0.689826910169451,NA
"1597","min.3.rqP.All","rqP","7","All","3",0.252642632010644,NA
"1598","max.3.rqP.All","rqP","7","All","3",1.40854241397361,NA
"1599","range.3.rqP.All","rqP","7","All","3",1.15589978196297,NA
"1600","slope.3.rqP.All","rqP","7","All","3",0.0116266006621962,NA
"1601","mean.3.rABQ.All","rABQ","8","All","3",0.13629069337629,NA
"1602","min.3.rABQ.All","rABQ","8","All","3",-0.118330155535015,NA
"1603","max.3.rABQ.All","rABQ","8","All","3",0.385702538208688,NA
"1604","range.3.rABQ.All","rABQ","8","All","3",0.504032693743703,NA
"1605","slope.3.rABQ.All","rABQ","8","All","3",-0.0097934824183167,NA
"1606","mean.3.rqm.All","rqm","9","All","3",0.666340749058375,NA
"1607","min.3.rqm.All","rqm","9","All","3",0,NA
"1608","max.3.rqm.All","rqm","9","All","3",0.85878089510151,NA
"1609","range.3.rqm.All","rqm","9","All","3",0.85878089510151,NA
"1610","slope.3.rqm.All","rqm","9","All","3",-0.00909537280805452,NA
"1611","mean.4.rQuant.All","rQuant","1","All","4",0.0977677950867104,NA
"1612","min.4.rQuant.All","rQuant","1","All","4",0.0404941059325053,NA
"1613","max.4.rQuant.All","rQuant","1","All","4",0.278051484322827,NA
"1614","range.4.rQuant.All","rQuant","1","All","4",0.237557378390322,NA
"1615","slope.4.rQuant.All","rQuant","1","All","4",0.00278162852984622,NA
"1616","mean.4.rSigma.All","rSigma","2","All","4",3.52416995143836,NA
"1617","min.4.rSigma.All","rSigma","2","All","4",2.43763768206736,NA
"1618","max.4.rSigma.All","rSigma","2","All","4",4.43038408970579,NA
"1619","range.4.rSigma.All","rSigma","2","All","4",1.99274640763843,NA
"1620","slope.4.rSigma.All","rSigma","2","All","4",0.0268774266688792,NA
"1621","mean.4.rConnect.All","rConnect","3","All","4",0.317046741364872,NA
"1622","min.4.rConnect.All","rConnect","3","All","4",0.146672268011952,NA
"1623","max.4.rConnect.All","rConnect","3","All","4",0.586524467065479,NA
"1624","range.4.rConnect.All","rConnect","3","All","4",0.439852199053527,NA
"1625","slope.4.rConnect.All","rConnect","3","All","4",-0.00252490996743444,NA
"1626","mean.4.rTau1.All","rTau1","4","All","4",1159.77552518416,NA
"1627","min.4.rTau1.All","rTau1","4","All","4",509.26006070525,NA
"1628","max.4.rTau1.All","rTau1","4","All","4",1810.47258234878,NA
"1629","range.4.rTau1.All","rTau1","4","All","4",1301.21252164353,NA
"1630","slope.4.rTau1.All","rTau1","4","All","4",-1.31729474074424,NA
"1631","mean.4.rTau2.All","rTau2","5","All","4",8259265.38526513,NA
"1632","min.4.rTau2.All","rTau2","5","All","4",1635942.48738506,NA
"1633","max.4.rTau2.All","rTau2","5","All","4",24334280.6108431,NA
"1634","range.4.rTau2.All","rTau2","5","All","4",22698338.123458,NA
"1635","slope.4.rTau2.All","rTau2","5","All","4",-81563.3236383546,NA
"1636","mean.4.rNPQ.All","rNPQ","6","All","4",0.298684104968244,NA
"1637","min.4.rNPQ.All","rNPQ","6","All","4",0.098205817343448,NA
"1638","max.4.rNPQ.All","rNPQ","6","All","4",0.701813767042276,NA
"1639","range.4.rNPQ.All","rNPQ","6","All","4",0.603607949698828,NA
"1640","slope.4.rNPQ.All","rNPQ","6","All","4",0.00292620594211644,NA
"1641","mean.4.rqP.All","rqP","7","All","4",0.70857937842894,NA
"1642","min.4.rqP.All","rqP","7","All","4",0.300165092008569,NA
"1643","max.4.rqP.All","rqP","7","All","4",1.36842823756594,NA
"1644","range.4.rqP.All","rqP","7","All","4",1.06826314555737,NA
"1645","slope.4.rqP.All","rqP","7","All","4",0.0111655791942952,NA
"1646","mean.4.rABQ.All","rABQ","8","All","4",0.0751599792276633,NA
"1647","min.4.rABQ.All","rABQ","8","All","4",-0.162655765758577,NA
"1648","max.4.rABQ.All","rABQ","8","All","4",0.360296207168305,NA
"1649","range.4.rABQ.All","rABQ","8","All","4",0.522951972926882,NA
"1650","slope.4.rABQ.All","rABQ","8","All","4",-0.0070533828337671,NA
"1651","mean.4.rqm.All","rqm","9","All","4",0.648382401824553,NA
"1652","min.4.rqm.All","rqm","9","All","4",0,NA
"1653","max.4.rqm.All","rqm","9","All","4",0.854364719429117,NA
"1654","range.4.rqm.All","rqm","9","All","4",0.854364719429117,NA
"1655","slope.4.rqm.All","rqm","9","All","4",-0.0100040053252032,NA
"1656","mean.1.rQuant.L1","rQuant","1","L1","1",0.0455193900821641,NA
"1657","min.1.rQuant.L1","rQuant","1","L1","1",0.0382033416398068,NA
"1658","max.1.rQuant.L1","rQuant","1","L1","1",0.0566134091730714,NA
"1659","range.1.rQuant.L1","rQuant","1","L1","1",0.0184100675332646,NA
"1660","slope.1.rQuant.L1","rQuant","1","L1","1",0.00259965493209394,NA
"1661","mean.1.rSigma.L1","rSigma","2","L1","1",3.47364109184521,NA
"1662","min.1.rSigma.L1","rSigma","2","L1","1",2.75431056995902,NA
"1663","max.1.rSigma.L1","rSigma","2","L1","1",4.30292708672983,NA
"1664","range.1.rSigma.L1","rSigma","2","L1","1",1.54861651677081,NA
"1665","slope.1.rSigma.L1","rSigma","2","L1","1",0.116067410308404,NA
"1666","mean.1.rConnect.L1","rConnect","3","L1","1",0.381050516776223,NA
"1667","min.1.rConnect.L1","rConnect","3","L1","1",0.242591170367784,NA
"1668","max.1.rConnect.L1","rConnect","3","L1","1",0.564958909832903,NA
"1669","range.1.rConnect.L1","rConnect","3","L1","1",0.322367739465119,NA
"1670","slope.1.rConnect.L1","rConnect","3","L1","1",-0.0419045498019778,NA
"1671","mean.1.rTau1.L1","rTau1","4","L1","1",1995.45722605178,NA
"1672","min.1.rTau1.L1","rTau1","4","L1","1",1290.79842375177,NA
"1673","max.1.rTau1.L1","rTau1","4","L1","1",4046.90200022697,NA
"1674","range.1.rTau1.L1","rTau1","4","L1","1",2756.1035764752,NA
"1675","slope.1.rTau1.L1","rTau1","4","L1","1",-333.493037454438,NA
"1676","mean.1.rTau2.L1","rTau2","5","L1","1",11381026.9043926,NA
"1677","min.1.rTau2.L1","rTau2","5","L1","1",7044092.8901106,NA
"1678","max.1.rTau2.L1","rTau2","5","L1","1",18467525.3798085,NA
"1679","range.1.rTau2.L1","rTau2","5","L1","1",11423432.4896979,NA
"1680","slope.1.rTau2.L1","rTau2","5","L1","1",1631794.93959886,NA
"1681","mean.1.rNPQ.L1","rNPQ","6","L1","1",0.139167297501722,NA
"1682","min.1.rNPQ.L1","rNPQ","6","L1","1",0.0360787650899857,NA
"1683","max.1.rNPQ.L1","rNPQ","6","L1","1",0.21384490417212,NA
"1684","range.1.rNPQ.L1","rNPQ","6","L1","1",0.177766139082134,NA
"1685","slope.1.rNPQ.L1","rNPQ","6","L1","1",0.0339119520372568,NA
"1686","mean.1.rqP.L1","rqP","7","L1","1",0.413600668391812,NA
"1687","min.1.rqP.L1","rqP","7","L1","1",0.192732202938431,NA
"1688","max.1.rqP.L1","rqP","7","L1","1",0.581028199651937,NA
"1689","range.1.rqP.L1","rqP","7","L1","1",0.388295996713506,NA
"1690","slope.1.rqP.L1","rqP","7","L1","1",0.0723938787688134,NA
"1691","mean.1.rABQ.L1","rABQ","8","L1","1",0.301847443342755,NA
"1692","min.1.rABQ.L1","rABQ","8","L1","1",0.135172728765033,NA
"1693","max.1.rABQ.L1","rABQ","8","L1","1",0.446422668490631,NA
"1694","range.1.rABQ.L1","rABQ","8","L1","1",0.311249939725598,NA
"1695","slope.1.rABQ.L1","rABQ","8","L1","1",-0.0233279020799334,NA
"1696","mean.1.rqm.L1","rqm","9","L1","1",0.847764764328039,NA
"1697","min.1.rqm.L1","rqm","9","L1","1",0.81066188118736,NA
"1698","max.1.rqm.L1","rqm","9","L1","1",0.872232586871341,NA
"1699","range.1.rqm.L1","rqm","9","L1","1",0.0615707056839809,NA
"1700","slope.1.rqm.L1","rqm","9","L1","1",-0.00869429666211988,NA
"1701","mean.2.rQuant.L1","rQuant","1","L1","2",0.0408323574319107,NA
"1702","min.2.rQuant.L1","rQuant","1","L1","2",0.0348369259095392,NA
"1703","max.2.rQuant.L1","rQuant","1","L1","2",0.047040961112694,NA
"1704","range.2.rQuant.L1","rQuant","1","L1","2",0.0122040352031548,NA
"1705","slope.2.rQuant.L1","rQuant","1","L1","2",0.00168591825054884,NA
"1706","mean.2.rSigma.L1","rSigma","2","L1","2",3.047525147374,NA
"1707","min.2.rSigma.L1","rSigma","2","L1","2",2.58308285670495,NA
"1708","max.2.rSigma.L1","rSigma","2","L1","2",3.59540301865309,NA
"1709","range.2.rSigma.L1","rSigma","2","L1","2",1.01232016194814,NA
"1710","slope.2.rSigma.L1","rSigma","2","L1","2",0.20241390332222,NA
"1711","mean.2.rConnect.L1","rConnect","3","L1","2",0.466393767168333,NA
"1712","min.2.rConnect.L1","rConnect","3","L1","2",0.334025525824757,NA
"1713","max.2.rConnect.L1","rConnect","3","L1","2",0.653744037540399,NA
"1714","range.2.rConnect.L1","rConnect","3","L1","2",0.319718511715642,NA
"1715","slope.2.rConnect.L1","rConnect","3","L1","2",-0.0125018998302112,NA
"1716","mean.2.rTau1.L1","rTau1","4","L1","2",1641.61052732862,NA
"1717","min.2.rTau1.L1","rTau1","4","L1","2",1134.73912189481,NA
"1718","max.2.rTau1.L1","rTau1","4","L1","2",3268.49313634002,NA
"1719","range.2.rTau1.L1","rTau1","4","L1","2",2133.75401444521,NA
"1720","slope.2.rTau1.L1","rTau1","4","L1","2",-241.127849070855,NA
"1721","mean.2.rTau2.L1","rTau2","5","L1","2",8702355.92860658,NA
"1722","min.2.rTau2.L1","rTau2","5","L1","2",4922877.68216423,NA
"1723","max.2.rTau2.L1","rTau2","5","L1","2",14777522.078492,NA
"1724","range.2.rTau2.L1","rTau2","5","L1","2",9854644.39632777,NA
"1725","slope.2.rTau2.L1","rTau2","5","L1","2",1515494.79496379,NA
"1726","mean.2.rNPQ.L1","rNPQ","6","L1","2",0.193776883099924,NA
"1727","min.2.rNPQ.L1","rNPQ","6","L1","2",0.0724198795002016,NA
"1728","max.2.rNPQ.L1","rNPQ","6","L1","2",0.277926229801754,NA
"1729","range.2.rNPQ.L1","rNPQ","6","L1","2",0.205506350301552,NA
"1730","slope.2.rNPQ.L1","rNPQ","6","L1","2",0.0380181666972886,NA
"1731","mean.2.rqP.L1","rqP","7","L1","2",0.482667522583753,NA
"1732","min.2.rqP.L1","rqP","7","L1","2",0.250404715782894,NA
"1733","max.2.rqP.L1","rqP","7","L1","2",0.636672708565617,NA
"1734","range.2.rqP.L1","rqP","7","L1","2",0.386267992782723,NA
"1735","slope.2.rqP.L1","rqP","7","L1","2",0.069386887055221,NA
"1736","mean.2.rABQ.L1","rABQ","8","L1","2",0.362824514410642,NA
"1737","min.2.rABQ.L1","rABQ","8","L1","2",0.248274401845786,NA
"1738","max.2.rABQ.L1","rABQ","8","L1","2",0.459929945137042,NA
"1739","range.2.rABQ.L1","rABQ","8","L1","2",0.211655543291256,NA
"1740","slope.2.rABQ.L1","rABQ","8","L1","2",-0.0423206276904746,NA
"1741","mean.2.rqm.L1","rqm","9","L1","2",0.854318051219814,NA
"1742","min.2.rqm.L1","rqm","9","L1","2",0.832166954875974,NA
"1743","max.2.rqm.L1","rqm","9","L1","2",0.875708590558957,NA
"1744","range.2.rqm.L1","rqm","9","L1","2",0.043541635682983,NA
"1745","slope.2.rqm.L1","rqm","9","L1","2",-0.00601503003184655,NA
"1746","mean.3.rQuant.L1","rQuant","1","L1","3",0.044834283964893,NA
"1747","min.3.rQuant.L1","rQuant","1","L1","3",0.0400375890276488,NA
"1748","max.3.rQuant.L1","rQuant","1","L1","3",0.0521943627873447,NA
"1749","range.3.rQuant.L1","rQuant","1","L1","3",0.0121567737596959,NA
"1750","slope.3.rQuant.L1","rQuant","1","L1","3",0.0016430384077655,NA
"1751","mean.3.rSigma.L1","rSigma","2","L1","3",2.95865222875173,NA
"1752","min.3.rSigma.L1","rSigma","2","L1","3",2.59359687122575,NA
"1753","max.3.rSigma.L1","rSigma","2","L1","3",3.29393126888785,NA
"1754","range.3.rSigma.L1","rSigma","2","L1","3",0.7003343976621,NA
"1755","slope.3.rSigma.L1","rSigma","2","L1","3",0.105125952138493,NA
"1756","mean.3.rConnect.L1","rConnect","3","L1","3",0.36587184413115,NA
"1757","min.3.rConnect.L1","rConnect","3","L1","3",0.227417646324234,NA
"1758","max.3.rConnect.L1","rConnect","3","L1","3",0.508704900831303,NA
"1759","range.3.rConnect.L1","rConnect","3","L1","3",0.281287254507069,NA
"1760","slope.3.rConnect.L1","rConnect","3","L1","3",-0.0167077516906496,NA
"1761","mean.3.rTau1.L1","rTau1","4","L1","3",1648.50896928727,NA
"1762","min.3.rTau1.L1","rTau1","4","L1","3",1171.82653866101,NA
"1763","max.3.rTau1.L1","rTau1","4","L1","3",2624.94730472682,NA
"1764","range.3.rTau1.L1","rTau1","4","L1","3",1453.12076606581,NA
"1765","slope.3.rTau1.L1","rTau1","4","L1","3",-149.596680857164,NA
"1766","mean.3.rTau2.L1","rTau2","5","L1","3",8861144.8600084,NA
"1767","min.3.rTau2.L1","rTau2","5","L1","3",5276809.39443132,NA
"1768","max.3.rTau2.L1","rTau2","5","L1","3",13005026.4387993,NA
"1769","range.3.rTau2.L1","rTau2","5","L1","3",7728217.04436798,NA
"1770","slope.3.rTau2.L1","rTau2","5","L1","3",933692.911370231,NA
"1771","mean.3.rNPQ.L1","rNPQ","6","L1","3",0.189250207176282,NA
"1772","min.3.rNPQ.L1","rNPQ","6","L1","3",0.0668473702944394,NA
"1773","max.3.rNPQ.L1","rNPQ","6","L1","3",0.273141892707428,NA
"1774","range.3.rNPQ.L1","rNPQ","6","L1","3",0.206294522412989,NA
"1775","slope.3.rNPQ.L1","rNPQ","6","L1","3",0.037717482084578,NA
"1776","mean.3.rqP.L1","rqP","7","L1","3",0.480338402150087,NA
"1777","min.3.rqP.L1","rqP","7","L1","3",0.252642632010644,NA
"1778","max.3.rqP.L1","rqP","7","L1","3",0.635530027724173,NA
"1779","range.3.rqP.L1","rqP","7","L1","3",0.382887395713529,NA
"1780","slope.3.rqP.L1","rqP","7","L1","3",0.0685003977521745,NA
"1781","mean.3.rABQ.L1","rABQ","8","L1","3",0.299238607738434,NA
"1782","min.3.rABQ.L1","rABQ","8","L1","3",0.219827244456636,NA
"1783","max.3.rABQ.L1","rABQ","8","L1","3",0.385702538208688,NA
"1784","range.3.rABQ.L1","rABQ","8","L1","3",0.165875293752052,NA
"1785","slope.3.rABQ.L1","rABQ","8","L1","3",-0.0248992456320132,NA
"1786","mean.3.rqm.L1","rqm","9","L1","3",0.841862169924503,NA
"1787","min.3.rqm.L1","rqm","9","L1","3",0.815901971807398,NA
"1788","max.3.rqm.L1","rqm","9","L1","3",0.85878089510151,NA
"1789","range.3.rqm.L1","rqm","9","L1","3",0.042878923294112,NA
"1790","slope.3.rqm.L1","rqm","9","L1","3",-0.00579526437264384,NA
"1791","mean.4.rQuant.L1","rQuant","1","L1","4",0.0469040216278433,NA
"1792","min.4.rQuant.L1","rQuant","1","L1","4",0.0404941059325053,NA
"1793","max.4.rQuant.L1","rQuant","1","L1","4",0.0520172475978902,NA
"1794","range.4.rQuant.L1","rQuant","1","L1","4",0.0115231416653849,NA
"1795","slope.4.rQuant.L1","rQuant","1","L1","4",0.00126358892963483,NA
"1796","mean.4.rSigma.L1","rSigma","2","L1","4",3.13201778984538,NA
"1797","min.4.rSigma.L1","rSigma","2","L1","4",2.43763768206736,NA
"1798","max.4.rSigma.L1","rSigma","2","L1","4",3.9932097070284,NA
"1799","range.4.rSigma.L1","rSigma","2","L1","4",1.55557202496104,NA
"1800","slope.4.rSigma.L1","rSigma","2","L1","4",0.229993810697664,NA
"1801","mean.4.rConnect.L1","rConnect","3","L1","4",0.338177533550711,NA
"1802","min.4.rConnect.L1","rConnect","3","L1","4",0.146672268011952,NA
"1803","max.4.rConnect.L1","rConnect","3","L1","4",0.586524467065479,NA
"1804","range.4.rConnect.L1","rConnect","3","L1","4",0.439852199053527,NA
"1805","slope.4.rConnect.L1","rConnect","3","L1","4",-0.0727599342019703,NA
"1806","mean.4.rTau1.L1","rTau1","4","L1","4",1327.31722453743,NA
"1807","min.4.rTau1.L1","rTau1","4","L1","4",1067.29474537793,NA
"1808","max.4.rTau1.L1","rTau1","4","L1","4",1810.47258234878,NA
"1809","range.4.rTau1.L1","rTau1","4","L1","4",743.17783697085,NA
"1810","slope.4.rTau1.L1","rTau1","4","L1","4",-82.5506408773203,NA
"1811","mean.4.rTau2.L1","rTau2","5","L1","4",10439281.8917435,NA
"1812","min.4.rTau2.L1","rTau2","5","L1","4",5435302.98870131,NA
"1813","max.4.rTau2.L1","rTau2","5","L1","4",22698717.4554256,NA
"1814","range.4.rTau2.L1","rTau2","5","L1","4",17263414.4667243,NA
"1815","slope.4.rTau2.L1","rTau2","5","L1","4",1005111.40560729,NA
"1816","mean.4.rNPQ.L1","rNPQ","6","L1","4",0.219375596247539,NA
"1817","min.4.rNPQ.L1","rNPQ","6","L1","4",0.098205817343448,NA
"1818","max.4.rNPQ.L1","rNPQ","6","L1","4",0.303418062606399,NA
"1819","range.4.rNPQ.L1","rNPQ","6","L1","4",0.205212245262951,NA
"1820","slope.4.rNPQ.L1","rNPQ","6","L1","4",0.0381621846471724,NA
"1821","mean.4.rqP.L1","rqP","7","L1","4",0.510731375682282,NA
"1822","min.4.rqP.L1","rqP","7","L1","4",0.300165092008569,NA
"1823","max.4.rqP.L1","rqP","7","L1","4",0.648103755571218,NA
"1824","range.4.rqP.L1","rqP","7","L1","4",0.347938663562649,NA
"1825","slope.4.rqP.L1","rqP","7","L1","4",0.0621733468390129,NA
"1826","mean.4.rABQ.L1","rABQ","8","L1","4",0.178071591968003,NA
"1827","min.4.rABQ.L1","rABQ","8","L1","4",-0.0479290724583654,NA
"1828","max.4.rABQ.L1","rABQ","8","L1","4",0.360296207168305,NA
"1829","range.4.rABQ.L1","rABQ","8","L1","4",0.40822527962667,NA
"1830","slope.4.rABQ.L1","rABQ","8","L1","4",-0.0603567602000355,NA
"1831","mean.4.rqm.L1","rqm","9","L1","4",0.831311738032708,NA
"1832","min.4.rqm.L1","rqm","9","L1","4",0.812922244509594,NA
"1833","max.4.rqm.L1","rqm","9","L1","4",0.854364719429117,NA
"1834","range.4.rqm.L1","rqm","9","L1","4",0.0414424749195229,NA
"1835","slope.4.rqm.L1","rqm","9","L1","4",-0.0045444423097117,NA
"1836","mean.1.rQuant.L2","rQuant","1","L2","1",0.101966614720646,NA
"1837","min.1.rQuant.L2","rQuant","1","L2","1",0.0832702382020536,NA
"1838","max.1.rQuant.L2","rQuant","1","L2","1",0.115138364250033,NA
"1839","range.1.rQuant.L2","rQuant","1","L2","1",0.0318681260479794,NA
"1840","slope.1.rQuant.L2","rQuant","1","L2","1",0.00643758596744916,NA
"1841","mean.1.rSigma.L2","rSigma","2","L2","1",4.8356123630204,NA
"1842","min.1.rSigma.L2","rSigma","2","L2","1",4.50598013219585,NA
"1843","max.1.rSigma.L2","rSigma","2","L2","1",4.99844185565432,NA
"1844","range.1.rSigma.L2","rSigma","2","L2","1",0.492461723458471,NA
"1845","slope.1.rSigma.L2","rSigma","2","L2","1",0.0496187827132948,NA
"1846","mean.1.rConnect.L2","rConnect","3","L2","1",0.199141812496279,NA
"1847","min.1.rConnect.L2","rConnect","3","L2","1",0.1305171091003,NA
"1848","max.1.rConnect.L2","rConnect","3","L2","1",0.281499191542825,NA
"1849","range.1.rConnect.L2","rConnect","3","L2","1",0.150982082442525,NA
"1850","slope.1.rConnect.L2","rConnect","3","L2","1",-0.00471258015706258,NA
"1851","mean.1.rTau1.L2","rTau1","4","L2","1",1534.12293182957,NA
"1852","min.1.rTau1.L2","rTau1","4","L2","1",1329.03267220518,NA
"1853","max.1.rTau1.L2","rTau1","4","L2","1",1756.19975139791,NA
"1854","range.1.rTau1.L2","rTau1","4","L2","1",427.16707919273,NA
"1855","slope.1.rTau1.L2","rTau1","4","L2","1",-12.8336908154236,NA
"1856","mean.1.rTau2.L2","rTau2","5","L2","1",5255313.29236613,NA
"1857","min.1.rTau2.L2","rTau2","5","L2","1",3718679.23361581,NA
"1858","max.1.rTau2.L2","rTau2","5","L2","1",7753578.54935442,NA
"1859","range.1.rTau2.L2","rTau2","5","L2","1",4034899.31573861,NA
"1860","slope.1.rTau2.L2","rTau2","5","L2","1",-483551.285986487,NA
"1861","mean.1.rNPQ.L2","rNPQ","6","L2","1",0.190639799686021,NA
"1862","min.1.rNPQ.L2","rNPQ","6","L2","1",0.16040927538726,NA
"1863","max.1.rNPQ.L2","rNPQ","6","L2","1",0.231619748880154,NA
"1864","range.1.rNPQ.L2","rNPQ","6","L2","1",0.071210473492894,NA
"1865","slope.1.rNPQ.L2","rNPQ","6","L2","1",-0.012987387203665,NA
"1866","mean.1.rqP.L2","rqP","7","L2","1",0.640605307998696,NA
"1867","min.1.rqP.L2","rqP","7","L2","1",0.619220860735332,NA
"1868","max.1.rqP.L2","rqP","7","L2","1",0.666718156155249,NA
"1869","range.1.rqP.L2","rqP","7","L2","1",0.047497295419917,NA
"1870","slope.1.rqP.L2","rqP","7","L2","1",-0.00730744210596781,NA
"1871","mean.1.rABQ.L2","rABQ","8","L2","1",0.028110548849843,NA
"1872","min.1.rABQ.L2","rABQ","8","L2","1",-0.00461586806422831,NA
"1873","max.1.rABQ.L2","rABQ","8","L2","1",0.0943619486409885,NA
"1874","range.1.rABQ.L2","rABQ","8","L2","1",0.0989778167052168,NA
"1875","slope.1.rABQ.L2","rABQ","8","L2","1",-0.00997267106576785,NA
"1876","mean.1.rqm.L2","rqm","9","L2","1",0.658982433757345,NA
"1877","min.1.rqm.L2","rqm","9","L2","1",0.614930780380647,NA
"1878","max.1.rqm.L2","rqm","9","L2","1",0.721510672391081,NA
"1879","range.1.rqm.L2","rqm","9","L2","1",0.106579892010434,NA
"1880","slope.1.rqm.L2","rqm","9","L2","1",-0.0215298890240872,NA
"1881","mean.2.rQuant.L2","rQuant","1","L2","2",0.0979613502256283,NA
"1882","min.2.rQuant.L2","rQuant","1","L2","2",0.0809353211214795,NA
"1883","max.2.rQuant.L2","rQuant","1","L2","2",0.110799513163408,NA
"1884","range.2.rQuant.L2","rQuant","1","L2","2",0.0298641920419285,NA
"1885","slope.2.rQuant.L2","rQuant","1","L2","2",0.00598759148817546,NA
"1886","mean.2.rSigma.L2","rSigma","2","L2","2",4.61730900553599,NA
"1887","min.2.rSigma.L2","rSigma","2","L2","2",4.1422146851394,NA
"1888","max.2.rSigma.L2","rSigma","2","L2","2",4.87760182110745,NA
"1889","range.2.rSigma.L2","rSigma","2","L2","2",0.735387135968049,NA
"1890","slope.2.rSigma.L2","rSigma","2","L2","2",0.0820870463660901,NA
"1891","mean.2.rConnect.L2","rConnect","3","L2","2",0.203223916894495,NA
"1892","min.2.rConnect.L2","rConnect","3","L2","2",0.152181018498922,NA
"1893","max.2.rConnect.L2","rConnect","3","L2","2",0.290257369909743,NA
"1894","range.2.rConnect.L2","rConnect","3","L2","2",0.138076351410821,NA
"1895","slope.2.rConnect.L2","rConnect","3","L2","2",-0.0233761730417182,NA
"1896","mean.2.rTau1.L2","rTau1","4","L2","2",1575.88562974854,NA
"1897","min.2.rTau1.L2","rTau1","4","L2","2",1424.6224284954,NA
"1898","max.2.rTau1.L2","rTau1","4","L2","2",1747.71681667681,NA
"1899","range.2.rTau1.L2","rTau1","4","L2","2",323.09438818141,NA
"1900","slope.2.rTau1.L2","rTau1","4","L2","2",2.32388671604138,NA
"1901","mean.2.rTau2.L2","rTau2","5","L2","2",5030753.28000218,NA
"1902","min.2.rTau2.L2","rTau2","5","L2","2",3911591.30155267,NA
"1903","max.2.rTau2.L2","rTau2","5","L2","2",9157787.91957454,NA
"1904","range.2.rTau2.L2","rTau2","5","L2","2",5246196.61802187,NA
"1905","slope.2.rTau2.L2","rTau2","5","L2","2",-799365.655848055,NA
"1906","mean.2.rNPQ.L2","rNPQ","6","L2","2",0.240249046530865,NA
"1907","min.2.rNPQ.L2","rNPQ","6","L2","2",0.214338217981891,NA
"1908","max.2.rNPQ.L2","rNPQ","6","L2","2",0.277495575869475,NA
"1909","range.2.rNPQ.L2","rNPQ","6","L2","2",0.063157357887584,NA
"1910","slope.2.rNPQ.L2","rNPQ","6","L2","2",-0.0118612176934637,NA
"1911","mean.2.rqP.L2","rqP","7","L2","2",0.682586237287806,NA
"1912","min.2.rqP.L2","rqP","7","L2","2",0.670363267667503,NA
"1913","max.2.rqP.L2","rqP","7","L2","2",0.702471220200499,NA
"1914","range.2.rqP.L2","rqP","7","L2","2",0.032107952532996,NA
"1915","slope.2.rqP.L2","rqP","7","L2","2",-0.00528884060499436,NA
"1916","mean.2.rABQ.L2","rABQ","8","L2","2",0.0346146576497935,NA
"1917","min.2.rABQ.L2","rABQ","8","L2","2",-0.0198072726499707,NA
"1918","max.2.rABQ.L2","rABQ","8","L2","2",0.133947211003879,NA
"1919","range.2.rABQ.L2","rABQ","8","L2","2",0.15375448365385,NA
"1920","slope.2.rABQ.L2","rABQ","8","L2","2",-0.0171627307731912,NA
"1921","mean.2.rqm.L2","rqm","9","L2","2",0.650492861456615,NA
"1922","min.2.rqm.L2","rqm","9","L2","2",0.604688780743124,NA
"1923","max.2.rqm.L2","rqm","9","L2","2",0.711238438148254,NA
"1924","range.2.rqm.L2","rqm","9","L2","2",0.10654965740513,NA
"1925","slope.2.rqm.L2","rqm","9","L2","2",-0.0213625676144617,NA
"1926","mean.3.rQuant.L2","rQuant","1","L2","3",0.0998551722026536,NA
"1927","min.3.rQuant.L2","rQuant","1","L2","3",0.0842746447854575,NA
"1928","max.3.rQuant.L2","rQuant","1","L2","3",0.111321182811772,NA
"1929","range.3.rQuant.L2","rQuant","1","L2","3",0.0270465380263145,NA
"1930","slope.3.rQuant.L2","rQuant","1","L2","3",0.00575954304484923,NA
"1931","mean.3.rSigma.L2","rSigma","2","L2","3",4.253824373722,NA
"1932","min.3.rSigma.L2","rSigma","2","L2","3",4.05453002457629,NA
"1933","max.3.rSigma.L2","rSigma","2","L2","3",4.49441229426619,NA
"1934","range.3.rSigma.L2","rSigma","2","L2","3",0.4398822696899,NA
"1935","slope.3.rSigma.L2","rSigma","2","L2","3",0.0813092247156729,NA
"1936","mean.3.rConnect.L2","rConnect","3","L2","3",0.223303247975276,NA
"1937","min.3.rConnect.L2","rConnect","3","L2","3",0.163496166131661,NA
"1938","max.3.rConnect.L2","rConnect","3","L2","3",0.27923791771224,NA
"1939","range.3.rConnect.L2","rConnect","3","L2","3",0.115741751580579,NA
"1940","slope.3.rConnect.L2","rConnect","3","L2","3",-0.01309463646156,NA
"1941","mean.3.rTau1.L2","rTau1","4","L2","3",1354.68673553433,NA
"1942","min.3.rTau1.L2","rTau1","4","L2","3",1216.46511734466,NA
"1943","max.3.rTau1.L2","rTau1","4","L2","3",1521.42326481832,NA
"1944","range.3.rTau1.L2","rTau1","4","L2","3",304.95814747366,NA
"1945","slope.3.rTau1.L2","rTau1","4","L2","3",29.7098995200997,NA
"1946","mean.3.rTau2.L2","rTau2","5","L2","3",5151454.00159097,NA
"1947","min.3.rTau2.L2","rTau2","5","L2","3",3980788.96439546,NA
"1948","max.3.rTau2.L2","rTau2","5","L2","3",6774114.4575485,NA
"1949","range.3.rTau2.L2","rTau2","5","L2","3",2793325.49315304,NA
"1950","slope.3.rTau2.L2","rTau2","5","L2","3",-346622.722701035,NA
"1951","mean.3.rNPQ.L2","rNPQ","6","L2","3",0.242286610201032,NA
"1952","min.3.rNPQ.L2","rNPQ","6","L2","3",0.21990067186674,NA
"1953","max.3.rNPQ.L2","rNPQ","6","L2","3",0.277121446306421,NA
"1954","range.3.rNPQ.L2","rNPQ","6","L2","3",0.057220774439681,NA
"1955","slope.3.rNPQ.L2","rNPQ","6","L2","3",-0.0112852916114316,NA
"1956","mean.3.rqP.L2","rqP","7","L2","3",0.68481796498779,NA
"1957","min.3.rqP.L2","rqP","7","L2","3",0.675266079239019,NA
"1958","max.3.rqP.L2","rqP","7","L2","3",0.703771495800431,NA
"1959","range.3.rqP.L2","rqP","7","L2","3",0.0285054165614119,NA
"1960","slope.3.rqP.L2","rqP","7","L2","3",-0.00480231972794085,NA
"1961","mean.3.rABQ.L2","rABQ","8","L2","3",-0.00752493368349553,NA
"1962","min.3.rABQ.L2","rABQ","8","L2","3",-0.0645085576875217,NA
"1963","max.3.rABQ.L2","rABQ","8","L2","3",0.0396782435672933,NA
"1964","range.3.rABQ.L2","rABQ","8","L2","3",0.104186801254815,NA
"1965","slope.3.rABQ.L2","rABQ","8","L2","3",-0.0192582166169301,NA
"1966","mean.3.rqm.L2","rqm","9","L2","3",0.647794525584312,NA
"1967","min.3.rqm.L2","rqm","9","L2","3",0.607352036555862,NA
"1968","max.3.rqm.L2","rqm","9","L2","3",0.702749586294471,NA
"1969","range.3.rqm.L2","rqm","9","L2","3",0.095397549738609,NA
"1970","slope.3.rqm.L2","rqm","9","L2","3",-0.0203148474513851,NA
"1971","mean.4.rQuant.L2","rQuant","1","L2","4",0.103520195227163,NA
"1972","min.4.rQuant.L2","rQuant","1","L2","4",0.0893581017690864,NA
"1973","max.4.rQuant.L2","rQuant","1","L2","4",0.113727080737033,NA
"1974","range.4.rQuant.L2","rQuant","1","L2","4",0.0243689789679466,NA
"1975","slope.4.rQuant.L2","rQuant","1","L2","4",0.00534087310146265,NA
"1976","mean.4.rSigma.L2","rSigma","2","L2","4",4.01990122468902,NA
"1977","min.4.rSigma.L2","rSigma","2","L2","4",3.85382085621142,NA
"1978","max.4.rSigma.L2","rSigma","2","L2","4",4.21078288049336,NA
"1979","range.4.rSigma.L2","rSigma","2","L2","4",0.35696202428194,NA
"1980","slope.4.rSigma.L2","rSigma","2","L2","4",-0.0418146897865234,NA
"1981","mean.4.rConnect.L2","rConnect","3","L2","4",0.2340380333228,NA
"1982","min.4.rConnect.L2","rConnect","3","L2","4",0.156825392961201,NA
"1983","max.4.rConnect.L2","rConnect","3","L2","4",0.292129228465735,NA
"1984","range.4.rConnect.L2","rConnect","3","L2","4",0.135303835504534,NA
"1985","slope.4.rConnect.L2","rConnect","3","L2","4",0.00450445680177153,NA
"1986","mean.4.rTau1.L2","rTau1","4","L2","4",1136.55868351896,NA
"1987","min.4.rTau1.L2","rTau1","4","L2","4",1028.82516137132,NA
"1988","max.4.rTau1.L2","rTau1","4","L2","4",1249.27299260579,NA
"1989","range.4.rTau1.L2","rTau1","4","L2","4",220.44783123447,NA
"1990","slope.4.rTau1.L2","rTau1","4","L2","4",9.49099515746107,NA
"1991","mean.4.rTau2.L2","rTau2","5","L2","4",5215324.90109436,NA
"1992","min.4.rTau2.L2","rTau2","5","L2","4",3856913.85824093,NA
"1993","max.4.rTau2.L2","rTau2","5","L2","4",6795449.96133348,NA
"1994","range.4.rTau2.L2","rTau2","5","L2","4",2938536.10309255,NA
"1995","slope.4.rTau2.L2","rTau2","5","L2","4",-522484.426499524,NA
"1996","mean.4.rNPQ.L2","rNPQ","6","L2","4",0.275836439034011,NA
"1997","min.4.rNPQ.L2","rNPQ","6","L2","4",0.25223869214357,NA
"1998","max.4.rNPQ.L2","rNPQ","6","L2","4",0.308496262442974,NA
"1999","range.4.rNPQ.L2","rNPQ","6","L2","4",0.056257570299404,NA
"2000","slope.4.rNPQ.L2","rNPQ","6","L2","4",-0.0118917350859506,NA
"2001","mean.4.rqP.L2","rqP","7","L2","4",0.706518692696287,NA
"2002","min.4.rqP.L2","rqP","7","L2","4",0.694578049360656,NA
"2003","max.4.rqP.L2","rqP","7","L2","4",0.722635583700565,NA
"2004","range.4.rqP.L2","rqP","7","L2","4",0.028057534339909,NA
"2005","slope.4.rqP.L2","rqP","7","L2","4",-0.00559023592339115,NA
"2006","mean.4.rABQ.L2","rABQ","8","L2","4",-0.0549336676078193,NA
"2007","min.4.rABQ.L2","rABQ","8","L2","4",-0.105026312670834,NA
"2008","max.4.rABQ.L2","rABQ","8","L2","4",-0.0113495687847727,NA
"2009","range.4.rABQ.L2","rABQ","8","L2","4",0.0936767438860613,NA
"2010","slope.4.rABQ.L2","rABQ","8","L2","4",0.010973335311191,NA
"2011","mean.4.rqm.L2","rqm","9","L2","4",0.62769414635826,NA
"2012","min.4.rqm.L2","rqm","9","L2","4",0.590985529122398,NA
"2013","max.4.rqm.L2","rqm","9","L2","4",0.678627495959206,NA
"2014","range.4.rqm.L2","rqm","9","L2","4",0.087641966836808,NA
"2015","slope.4.rqm.L2","rqm","9","L2","4",-0.0192082164728231,NA
"2016","mean.1.rQuant.L3","rQuant","1","L3","1",0.0493466732197975,NA
"2017","min.1.rQuant.L3","rQuant","1","L3","1",0.040667675896657,NA
"2018","max.1.rQuant.L3","rQuant","1","L3","1",0.0572334792702113,NA
"2019","range.1.rQuant.L3","rQuant","1","L3","1",0.0165658033735543,NA
"2020","slope.1.rQuant.L3","rQuant","1","L3","1",0.00232212428159187,NA
"2021","mean.1.rSigma.L3","rSigma","2","L3","1",3.56060928071516,NA
"2022","min.1.rSigma.L3","rSigma","2","L3","1",3.25128880661129,NA
"2023","max.1.rSigma.L3","rSigma","2","L3","1",4.15508326828065,NA
"2024","range.1.rSigma.L3","rSigma","2","L3","1",0.903794461669361,NA
"2025","slope.1.rSigma.L3","rSigma","2","L3","1",0.103608371510973,NA
"2026","mean.1.rConnect.L3","rConnect","3","L3","1",0.320530252728813,NA
"2027","min.1.rConnect.L3","rConnect","3","L3","1",0.13067035273417,NA
"2028","max.1.rConnect.L3","rConnect","3","L3","1",0.476382271726735,NA
"2029","range.1.rConnect.L3","rConnect","3","L3","1",0.345711918992565,NA
"2030","slope.1.rConnect.L3","rConnect","3","L3","1",-0.0461521558586982,NA
"2031","mean.1.rTau1.L3","rTau1","4","L3","1",1487.13029018226,NA
"2032","min.1.rTau1.L3","rTau1","4","L3","1",1001.30587301579,NA
"2033","max.1.rTau1.L3","rTau1","4","L3","1",2046.68256445645,NA
"2034","range.1.rTau1.L3","rTau1","4","L3","1",1045.37669144066,NA
"2035","slope.1.rTau1.L3","rTau1","4","L3","1",-116.375395862189,NA
"2036","mean.1.rTau2.L3","rTau2","5","L3","1",12313669.0975761,NA
"2037","min.1.rTau2.L3","rTau2","5","L3","1",9280607.22193702,NA
"2038","max.1.rTau2.L3","rTau2","5","L3","1",20037155.0142712,NA
"2039","range.1.rTau2.L3","rTau2","5","L3","1",10756547.7923342,NA
"2040","slope.1.rTau2.L3","rTau2","5","L3","1",-576795.553535277,NA
"2041","mean.1.rNPQ.L3","rNPQ","6","L3","1",0.207295767575006,NA
"2042","min.1.rNPQ.L3","rNPQ","6","L3","1",0.14634631283053,NA
"2043","max.1.rNPQ.L3","rNPQ","6","L3","1",0.279229301972849,NA
"2044","range.1.rNPQ.L3","rNPQ","6","L3","1",0.132882989142319,NA
"2045","slope.1.rNPQ.L3","rNPQ","6","L3","1",0.0208212016292091,NA
"2046","mean.1.rqP.L3","rqP","7","L3","1",0.551502550411178,NA
"2047","min.1.rqP.L3","rqP","7","L3","1",0.425420417868851,NA
"2048","max.1.rqP.L3","rqP","7","L3","1",0.685880896527631,NA
"2049","range.1.rqP.L3","rqP","7","L3","1",0.26046047865878,NA
"2050","slope.1.rqP.L3","rqP","7","L3","1",0.0402476535602627,NA
"2051","mean.1.rABQ.L3","rABQ","8","L3","1",0.284368071754841,NA
"2052","min.1.rABQ.L3","rABQ","8","L3","1",0.164887237865752,NA
"2053","max.1.rABQ.L3","rABQ","8","L3","1",0.346537096738172,NA
"2054","range.1.rABQ.L3","rABQ","8","L3","1",0.18164985887242,NA
"2055","slope.1.rABQ.L3","rABQ","8","L3","1",-0.0208238121178647,NA
"2056","mean.1.rqm.L3","rqm","9","L3","1",0.834964782839068,NA
"2057","min.1.rqm.L3","rqm","9","L3","1",0.808588116200596,NA
"2058","max.1.rqm.L3","rqm","9","L3","1",0.863990857232853,NA
"2059","range.1.rqm.L3","rqm","9","L3","1",0.055402741032257,NA
"2060","slope.1.rqm.L3","rqm","9","L3","1",-0.00776612201151256,NA
"2061","mean.2.rQuant.L3","rQuant","1","L3","2",0.0465940739290012,NA
"2062","min.2.rQuant.L3","rQuant","1","L3","2",0.0442474230240204,NA
"2063","max.2.rQuant.L3","rQuant","1","L3","2",0.0509988770036197,NA
"2064","range.2.rQuant.L3","rQuant","1","L3","2",0.0067514539795993,NA
"2065","slope.2.rQuant.L3","rQuant","1","L3","2",0.000952780167495161,NA
"2066","mean.2.rSigma.L3","rSigma","2","L3","2",3.15398589799778,NA
"2067","min.2.rSigma.L3","rSigma","2","L3","2",2.96638260163724,NA
"2068","max.2.rSigma.L3","rSigma","2","L3","2",3.50646552399019,NA
"2069","range.2.rSigma.L3","rSigma","2","L3","2",0.54008292235295,NA
"2070","slope.2.rSigma.L3","rSigma","2","L3","2",-0.0121235085431789,NA
"2071","mean.2.rConnect.L3","rConnect","3","L3","2",0.385251552313724,NA
"2072","min.2.rConnect.L3","rConnect","3","L3","2",0.294500866404309,NA
"2073","max.2.rConnect.L3","rConnect","3","L3","2",0.471047388168172,NA
"2074","range.2.rConnect.L3","rConnect","3","L3","2",0.176546521763863,NA
"2075","slope.2.rConnect.L3","rConnect","3","L3","2",0.0171484003188424,NA
"2076","mean.2.rTau1.L3","rTau1","4","L3","2",1309.82053414806,NA
"2077","min.2.rTau1.L3","rTau1","4","L3","2",1109.30299439297,NA
"2078","max.2.rTau1.L3","rTau1","4","L3","2",1519.64299505089,NA
"2079","range.2.rTau1.L3","rTau1","4","L3","2",410.34000065792,NA
"2080","slope.2.rTau1.L3","rTau1","4","L3","2",37.5930831714736,NA
"2081","mean.2.rTau2.L3","rTau2","5","L3","2",10956703.0574856,NA
"2082","min.2.rTau2.L3","rTau2","5","L3","2",7438447.62651835,NA
"2083","max.2.rTau2.L3","rTau2","5","L3","2",18928420.3650856,NA
"2084","range.2.rTau2.L3","rTau2","5","L3","2",11489972.7385673,NA
"2085","slope.2.rTau2.L3","rTau2","5","L3","2",304747.226771304,NA
"2086","mean.2.rNPQ.L3","rNPQ","6","L3","2",0.263178332102443,NA
"2087","min.2.rNPQ.L3","rNPQ","6","L3","2",0.189940942899197,NA
"2088","max.2.rNPQ.L3","rNPQ","6","L3","2",0.343383307632558,NA
"2089","range.2.rNPQ.L3","rNPQ","6","L3","2",0.153442364733361,NA
"2090","slope.2.rNPQ.L3","rNPQ","6","L3","2",0.024418053404447,NA
"2091","mean.2.rqP.L3","rqP","7","L3","2",0.610984202085033,NA
"2092","min.2.rqP.L3","rqP","7","L3","2",0.492745209089528,NA
"2093","max.2.rqP.L3","rqP","7","L3","2",0.735021161346989,NA
"2094","range.2.rqP.L3","rqP","7","L3","2",0.242275952257461,NA
"2095","slope.2.rqP.L3","rqP","7","L3","2",0.0382980574050757,NA
"2096","mean.2.rABQ.L3","rABQ","8","L3","2",0.340565738126756,NA
"2097","min.2.rABQ.L3","rABQ","8","L3","2",0.266869421938654,NA
"2098","max.2.rABQ.L3","rABQ","8","L3","2",0.37978976932456,NA
"2099","range.2.rABQ.L3","rABQ","8","L3","2",0.112920347385906,NA
"2100","slope.2.rABQ.L3","rABQ","8","L3","2",0.00253477890074282,NA
"2101","mean.2.rqm.L3","rqm","9","L3","2",0.83376136185857,NA
"2102","min.2.rqm.L3","rqm","9","L3","2",0.818045876976918,NA
"2103","max.2.rqm.L3","rqm","9","L3","2",0.842133758125781,NA
"2104","range.2.rqm.L3","rqm","9","L3","2",0.024087881148863,NA
"2105","slope.2.rqm.L3","rqm","9","L3","2",-0.00339933524022617,NA
"2106","mean.3.rQuant.L3","rQuant","1","L3","3",0.0480571772740137,NA
"2107","min.3.rQuant.L3","rQuant","1","L3","3",0.0446293184910904,NA
"2108","max.3.rQuant.L3","rQuant","1","L3","3",0.052570041826225,NA
"2109","range.3.rQuant.L3","rQuant","1","L3","3",0.0079407233351346,NA
"2110","slope.3.rQuant.L3","rQuant","1","L3","3",-0.000120551092706484,NA
"2111","mean.3.rSigma.L3","rSigma","2","L3","3",3.0501961712613,NA
"2112","min.3.rSigma.L3","rSigma","2","L3","3",2.7553195933475,NA
"2113","max.3.rSigma.L3","rSigma","2","L3","3",3.36805525919607,NA
"2114","range.3.rSigma.L3","rSigma","2","L3","3",0.61273566584857,NA
"2115","slope.3.rSigma.L3","rSigma","2","L3","3",-0.0188337606879802,NA
"2116","mean.3.rConnect.L3","rConnect","3","L3","3",0.390636277602169,NA
"2117","min.3.rConnect.L3","rConnect","3","L3","3",0.255635223947737,NA
"2118","max.3.rConnect.L3","rConnect","3","L3","3",0.596869212527457,NA
"2119","range.3.rConnect.L3","rConnect","3","L3","3",0.34123398857972,NA
"2120","slope.3.rConnect.L3","rConnect","3","L3","3",0.000898053464612868,NA
"2121","mean.3.rTau1.L3","rTau1","4","L3","3",1301.83736771693,NA
"2122","min.3.rTau1.L3","rTau1","4","L3","3",842.507974270158,NA
"2123","max.3.rTau1.L3","rTau1","4","L3","3",1614.76986449717,NA
"2124","range.3.rTau1.L3","rTau1","4","L3","3",772.261890227012,NA
"2125","slope.3.rTau1.L3","rTau1","4","L3","3",-40.5998993022894,NA
"2126","mean.3.rTau2.L3","rTau2","5","L3","3",13954851.0345649,NA
"2127","min.3.rTau2.L3","rTau2","5","L3","3",9850606.40592047,NA
"2128","max.3.rTau2.L3","rTau2","5","L3","3",18368653.9886475,NA
"2129","range.3.rTau2.L3","rTau2","5","L3","3",8518047.58272703,NA
"2130","slope.3.rTau2.L3","rTau2","5","L3","3",665583.621709283,NA
"2131","mean.3.rNPQ.L3","rNPQ","6","L3","3",0.260008274268762,NA
"2132","min.3.rNPQ.L3","rNPQ","6","L3","3",0.186706100671737,NA
"2133","max.3.rNPQ.L3","rNPQ","6","L3","3",0.341147293768722,NA
"2134","range.3.rNPQ.L3","rNPQ","6","L3","3",0.154441193096985,NA
"2135","slope.3.rNPQ.L3","rNPQ","6","L3","3",0.0247590896992714,NA
"2136","mean.3.rqP.L3","rqP","7","L3","3",0.605130304326787,NA
"2137","min.3.rqP.L3","rqP","7","L3","3",0.497187308331811,NA
"2138","max.3.rqP.L3","rqP","7","L3","3",0.730110307848332,NA
"2139","range.3.rqP.L3","rqP","7","L3","3",0.232922999516521,NA
"2140","slope.3.rqP.L3","rqP","7","L3","3",0.0364802973742067,NA
"2141","mean.3.rABQ.L3","rABQ","8","L3","3",0.277556282258368,NA
"2142","min.3.rABQ.L3","rABQ","8","L3","3",0.202270861809295,NA
"2143","max.3.rABQ.L3","rABQ","8","L3","3",0.347398259384345,NA
"2144","range.3.rABQ.L3","rABQ","8","L3","3",0.14512739757505,NA
"2145","slope.3.rABQ.L3","rABQ","8","L3","3",0.00446080557659817,NA
"2146","mean.3.rqm.L3","rqm","9","L3","3",0.830494499708819,NA
"2147","min.3.rqm.L3","rqm","9","L3","3",0.814576890580275,NA
"2148","max.3.rqm.L3","rqm","9","L3","3",0.842585116571602,NA
"2149","range.3.rqm.L3","rqm","9","L3","3",0.0280082259913269,NA
"2150","slope.3.rqm.L3","rqm","9","L3","3",0.000425203360641672,NA
"2151","mean.4.rQuant.L3","rQuant","1","L3","4",0.0514770571597262,NA
"2152","min.4.rQuant.L3","rQuant","1","L3","4",0.0465674400927223,NA
"2153","max.4.rQuant.L3","rQuant","1","L3","4",0.0537557949833892,NA
"2154","range.4.rQuant.L3","rQuant","1","L3","4",0.0071883548906669,NA
"2155","slope.4.rQuant.L3","rQuant","1","L3","4",0.000188207221311568,NA
"2156","mean.4.rSigma.L3","rSigma","2","L3","4",2.9587321840797,NA
"2157","min.4.rSigma.L3","rSigma","2","L3","4",2.69151767743166,NA
"2158","max.4.rSigma.L3","rSigma","2","L3","4",3.34625019440451,NA
"2159","range.4.rSigma.L3","rSigma","2","L3","4",0.65473251697285,NA
"2160","slope.4.rSigma.L3","rSigma","2","L3","4",0.0526097269018256,NA
"2161","mean.4.rConnect.L3","rConnect","3","L3","4",0.401948908484328,NA
"2162","min.4.rConnect.L3","rConnect","3","L3","4",0.307265818333977,NA
"2163","max.4.rConnect.L3","rConnect","3","L3","4",0.485585304980676,NA
"2164","range.4.rConnect.L3","rConnect","3","L3","4",0.178319486646699,NA
"2165","slope.4.rConnect.L3","rConnect","3","L3","4",-0.00548713041064885,NA
"2166","mean.4.rTau1.L3","rTau1","4","L3","4",1051.1148298394,NA
"2167","min.4.rTau1.L3","rTau1","4","L3","4",893.53934395538,NA
"2168","max.4.rTau1.L3","rTau1","4","L3","4",1371.99092779312,NA
"2169","range.4.rTau1.L3","rTau1","4","L3","4",478.45158383774,NA
"2170","slope.4.rTau1.L3","rTau1","4","L3","4",2.04702472228651,NA
"2171","mean.4.rTau2.L3","rTau2","5","L3","4",13748315.4668238,NA
"2172","min.4.rTau2.L3","rTau2","5","L3","4",7673675.31580984,NA
"2173","max.4.rTau2.L3","rTau2","5","L3","4",24334280.6108431,NA
"2174","range.4.rTau2.L3","rTau2","5","L3","4",16660605.2950333,NA
"2175","slope.4.rTau2.L3","rTau2","5","L3","4",-196935.207000602,NA
"2176","mean.4.rNPQ.L3","rNPQ","6","L3","4",0.289394825577547,NA
"2177","min.4.rNPQ.L3","rNPQ","6","L3","4",0.216077150007657,NA
"2178","max.4.rNPQ.L3","rNPQ","6","L3","4",0.375361319437806,NA
"2179","range.4.rNPQ.L3","rNPQ","6","L3","4",0.159284169430149,NA
"2180","slope.4.rNPQ.L3","rNPQ","6","L3","4",0.0247022402330505,NA
"2181","mean.4.rqP.L3","rqP","7","L3","4",0.625673626521563,NA
"2182","min.4.rqP.L3","rqP","7","L3","4",0.524841941982072,NA
"2183","max.4.rqP.L3","rqP","7","L3","4",0.737361959323898,NA
"2184","range.4.rqP.L3","rqP","7","L3","4",0.212520017341826,NA
"2185","slope.4.rqP.L3","rqP","7","L3","4",0.0336579779841308,NA
"2186","mean.4.rABQ.L3","rABQ","8","L3","4",0.223546545061701,NA
"2187","min.4.rABQ.L3","rABQ","8","L3","4",0.12185106225101,NA
"2188","max.4.rABQ.L3","rABQ","8","L3","4",0.29367104906815,NA
"2189","range.4.rABQ.L3","rABQ","8","L3","4",0.17181998681714,NA
"2190","slope.4.rABQ.L3","rABQ","8","L3","4",-0.0138062527038038,NA
"2191","mean.4.rqm.L3","rqm","9","L3","4",0.814865015789811,NA
"2192","min.4.rqm.L3","rqm","9","L3","4",0.806669634890433,NA
"2193","max.4.rqm.L3","rqm","9","L3","4",0.832522238800006,NA
"2194","range.4.rqm.L3","rqm","9","L3","4",0.025852603909573,NA
"2195","slope.4.rqm.L3","rqm","9","L3","4",-0.000676879038318764,NA
"2196","mean.1.rQuant.R1","rQuant","1","R1","1",0.192515479994354,NA
"2197","min.1.rQuant.R1","rQuant","1","R1","1",0.182786534673397,NA
"2198","max.1.rQuant.R1","rQuant","1","R1","1",0.199584170052168,NA
"2199","range.1.rQuant.R1","rQuant","1","R1","1",0.016797635378771,NA
"2200","slope.1.rQuant.R1","rQuant","1","R1","1",0.00391709541991118,NA
"2201","mean.1.rSigma.R1","rSigma","2","R1","1",5.3124846525187,NA
"2202","min.1.rSigma.R1","rSigma","2","R1","1",5.06020000479938,NA
"2203","max.1.rSigma.R1","rSigma","2","R1","1",5.44620551870813,NA
"2204","range.1.rSigma.R1","rSigma","2","R1","1",0.38600551390875,NA
"2205","slope.1.rSigma.R1","rSigma","2","R1","1",0.0663088182635974,NA
"2206","mean.1.rConnect.R1","rConnect","3","R1","1",0.223187836965262,NA
"2207","min.1.rConnect.R1","rConnect","3","R1","1",0.189552744527579,NA
"2208","max.1.rConnect.R1","rConnect","3","R1","1",0.248912435908183,NA
"2209","range.1.rConnect.R1","rConnect","3","R1","1",0.059359691380604,NA
"2210","slope.1.rConnect.R1","rConnect","3","R1","1",0.0132793396628349,NA
"2211","mean.1.rTau1.R1","rTau1","4","R1","1",1446.03508258595,NA
"2212","min.1.rTau1.R1","rTau1","4","R1","1",1289.59803509043,NA
"2213","max.1.rTau1.R1","rTau1","4","R1","1",1564.92239707357,NA
"2214","range.1.rTau1.R1","rTau1","4","R1","1",275.32436198314,NA
"2215","slope.1.rTau1.R1","rTau1","4","R1","1",63.3888822311001,NA
"2216","mean.1.rTau2.R1","rTau2","5","R1","1",2051133.36493445,NA
"2217","min.1.rTau2.R1","rTau2","5","R1","1",1889339.57402024,NA
"2218","max.1.rTau2.R1","rTau2","5","R1","1",2162239.68782501,NA
"2219","range.1.rTau2.R1","rTau2","5","R1","1",272900.11380477,NA
"2220","slope.1.rTau2.R1","rTau2","5","R1","1",17641.7525572001,NA
"2221","mean.1.rNPQ.R1","rNPQ","6","R1","1",0.277107175502571,NA
"2222","min.1.rNPQ.R1","rNPQ","6","R1","1",0.255615331954274,NA
"2223","max.1.rNPQ.R1","rNPQ","6","R1","1",0.325520981300358,NA
"2224","range.1.rNPQ.R1","rNPQ","6","R1","1",0.069905649346084,NA
"2225","slope.1.rNPQ.R1","rNPQ","6","R1","1",-0.0151214324409989,NA
"2226","mean.1.rqP.R1","rqP","7","R1","1",0.958517014575402,NA
"2227","min.1.rqP.R1","rqP","7","R1","1",0.945377459485114,NA
"2228","max.1.rqP.R1","rqP","7","R1","1",1,NA
"2229","range.1.rqP.R1","rqP","7","R1","1",0.054622540514886,NA
"2230","slope.1.rqP.R1","rqP","7","R1","1",-0.0112695409820207,NA
"2231","mean.1.rABQ.R1","rABQ","8","R1","1",-0.0677340128965704,NA
"2232","min.1.rABQ.R1","rABQ","8","R1","1",-0.0946100090458963,NA
"2233","max.1.rABQ.R1","rABQ","8","R1","1",-0.0170283794838062,NA
"2234","range.1.rABQ.R1","rABQ","8","R1","1",0.0775816295620901,NA
"2235","slope.1.rABQ.R1","rABQ","8","R1","1",-0.0133271313229026,NA
"2236","mean.1.rqm.R1","rqm","9","R1","1",0.356150435791429,NA
"2237","min.1.rqm.R1","rqm","9","R1","1",0.33250987964819,NA
"2238","max.1.rqm.R1","rqm","9","R1","1",0.388687960593545,NA
"2239","range.1.rqm.R1","rqm","9","R1","1",0.056178080945355,NA
"2240","slope.1.rqm.R1","rqm","9","R1","1",-0.0131003500557322,NA
"2241","mean.2.rQuant.R1","rQuant","1","R1","2",0.181079246892881,NA
"2242","min.2.rQuant.R1","rQuant","1","R1","2",0.168004759157757,NA
"2243","max.2.rQuant.R1","rQuant","1","R1","2",0.189203499184781,NA
"2244","range.2.rQuant.R1","rQuant","1","R1","2",0.021198740027024,NA
"2245","slope.2.rQuant.R1","rQuant","1","R1","2",0.0050839996411286,NA
"2246","mean.2.rSigma.R1","rSigma","2","R1","2",5.12290889612995,NA
"2247","min.2.rSigma.R1","rSigma","2","R1","2",4.95208869948179,NA
"2248","max.2.rSigma.R1","rSigma","2","R1","2",5.35168075736915,NA
"2249","range.2.rSigma.R1","rSigma","2","R1","2",0.39959205788736,NA
"2250","slope.2.rSigma.R1","rSigma","2","R1","2",0.0989873411058634,NA
"2251","mean.2.rConnect.R1","rConnect","3","R1","2",0.200996136445991,NA
"2252","min.2.rConnect.R1","rConnect","3","R1","2",0.167715331183208,NA
"2253","max.2.rConnect.R1","rConnect","3","R1","2",0.216030625289171,NA
"2254","range.2.rConnect.R1","rConnect","3","R1","2",0.048315294105963,NA
"2255","slope.2.rConnect.R1","rConnect","3","R1","2",0.00380677577269301,NA
"2256","mean.2.rTau1.R1","rTau1","4","R1","2",1687.68442584466,NA
"2257","min.2.rTau1.R1","rTau1","4","R1","2",1575.47822176066,NA
"2258","max.2.rTau1.R1","rTau1","4","R1","2",1798.43015391568,NA
"2259","range.2.rTau1.R1","rTau1","4","R1","2",222.95193215502,NA
"2260","slope.2.rTau1.R1","rTau1","4","R1","2",21.780328555854,NA
"2261","mean.2.rTau2.R1","rTau2","5","R1","2",1886589.43501516,NA
"2262","min.2.rTau2.R1","rTau2","5","R1","2",1710322.62099757,NA
"2263","max.2.rTau2.R1","rTau2","5","R1","2",2245625.60869899,NA
"2264","range.2.rTau2.R1","rTau2","5","R1","2",535302.98770142,NA
"2265","slope.2.rTau2.R1","rTau2","5","R1","2",-121703.462318551,NA
"2266","mean.2.rNPQ.R1","rNPQ","6","R1","2",0.327690736107777,NA
"2267","min.2.rNPQ.R1","rNPQ","6","R1","2",0.302971670779393,NA
"2268","max.2.rNPQ.R1","rNPQ","6","R1","2",0.385293480441695,NA
"2269","range.2.rNPQ.R1","rNPQ","6","R1","2",0.082321809662302,NA
"2270","slope.2.rNPQ.R1","rNPQ","6","R1","2",-0.0179670624990686,NA
"2271","mean.2.rqP.R1","rqP","7","R1","2",0.9589624546913,NA
"2272","min.2.rqP.R1","rqP","7","R1","2",0.945730136530622,NA
"2273","max.2.rqP.R1","rqP","7","R1","2",1,NA
"2274","range.2.rqP.R1","rqP","7","R1","2",0.054269863469378,NA
"2275","slope.2.rqP.R1","rqP","7","R1","2",-0.0110199331956862,NA
"2276","mean.2.rABQ.R1","rABQ","8","R1","2",-0.0710959895882547,NA
"2277","min.2.rABQ.R1","rABQ","8","R1","2",-0.11892752984638,NA
"2278","max.2.rABQ.R1","rABQ","8","R1","2",-0.0353809629734452,NA
"2279","range.2.rABQ.R1","rABQ","8","R1","2",0.0835465668729348,NA
"2280","slope.2.rABQ.R1","rABQ","8","R1","2",-0.0206962384512816,NA
"2281","mean.2.rqm.R1","rqm","9","R1","2",0.353944292464799,NA
"2282","min.2.rqm.R1","rqm","9","R1","2",0.324958532623734,NA
"2283","max.2.rqm.R1","rqm","9","R1","2",0.400591534317824,NA
"2284","range.2.rqm.R1","rqm","9","R1","2",0.07563300169409,NA
"2285","slope.2.rqm.R1","rqm","9","R1","2",-0.0181387267818772,NA
"2286","mean.3.rQuant.R1","rQuant","1","R1","3",0.185327659246922,NA
"2287","min.3.rQuant.R1","rQuant","1","R1","3",0.173167055525198,NA
"2288","max.3.rQuant.R1","rQuant","1","R1","3",0.193740728469675,NA
"2289","range.3.rQuant.R1","rQuant","1","R1","3",0.020573672944477,NA
"2290","slope.3.rQuant.R1","rQuant","1","R1","3",0.0050062698158653,NA
"2291","mean.3.rSigma.R1","rSigma","2","R1","3",4.60107303342893,NA
"2292","min.3.rSigma.R1","rSigma","2","R1","3",4.48180870953919,NA
"2293","max.3.rSigma.R1","rSigma","2","R1","3",4.72164997057788,NA
"2294","range.3.rSigma.R1","rSigma","2","R1","3",0.23984126103869,NA
"2295","slope.3.rSigma.R1","rSigma","2","R1","3",0.0506005207804431,NA
"2296","mean.3.rConnect.R1","rConnect","3","R1","3",0.208476666151783,NA
"2297","min.3.rConnect.R1","rConnect","3","R1","3",0.195286818687917,NA
"2298","max.3.rConnect.R1","rConnect","3","R1","3",0.235600668466936,NA
"2299","range.3.rConnect.R1","rConnect","3","R1","3",0.040313849779019,NA
"2300","slope.3.rConnect.R1","rConnect","3","R1","3",-0.00602002724029949,NA
"2301","mean.3.rTau1.R1","rTau1","4","R1","3",1364.77825285927,NA
"2302","min.3.rTau1.R1","rTau1","4","R1","3",1235.3065395875,NA
"2303","max.3.rTau1.R1","rTau1","4","R1","3",1427.74544116112,NA
"2304","range.3.rTau1.R1","rTau1","4","R1","3",192.43890157362,NA
"2305","slope.3.rTau1.R1","rTau1","4","R1","3",38.672676093653,NA
"2306","mean.3.rTau2.R1","rTau2","5","R1","3",2218810.60963765,NA
"2307","min.3.rTau2.R1","rTau2","5","R1","3",1980305.72719385,NA
"2308","max.3.rTau2.R1","rTau2","5","R1","3",2569475.97482998,NA
"2309","range.3.rTau2.R1","rTau2","5","R1","3",589170.24763613,NA
"2310","slope.3.rTau2.R1","rTau2","5","R1","3",-123202.368575947,NA
"2311","mean.3.rNPQ.R1","rNPQ","6","R1","3",0.330594192495434,NA
"2312","min.3.rNPQ.R1","rNPQ","6","R1","3",0.305589164781281,NA
"2313","max.3.rNPQ.R1","rNPQ","6","R1","3",0.382864004666869,NA
"2314","range.3.rNPQ.R1","rNPQ","6","R1","3",0.077274839885588,NA
"2315","slope.3.rNPQ.R1","rNPQ","6","R1","3",-0.0167092520844893,NA
"2316","mean.3.rqP.R1","rqP","7","R1","3",0.96395370303345,NA
"2317","min.3.rqP.R1","rqP","7","R1","3",0.951177239396838,NA
"2318","max.3.rqP.R1","rqP","7","R1","3",1,NA
"2319","range.3.rqP.R1","rqP","7","R1","3",0.048822760603162,NA
"2320","slope.3.rqP.R1","rqP","7","R1","3",-0.00953987688612161,NA
"2321","mean.3.rABQ.R1","rABQ","8","R1","3",-0.0897713200186201,NA
"2322","min.3.rABQ.R1","rABQ","8","R1","3",-0.118330155535015,NA
"2323","max.3.rABQ.R1","rABQ","8","R1","3",-0.0615233789987426,NA
"2324","range.3.rABQ.R1","rABQ","8","R1","3",0.0568067765362724,NA
"2325","slope.3.rABQ.R1","rABQ","8","R1","3",-0.0119848122218215,NA
"2326","mean.3.rqm.R1","rqm","9","R1","3",0.346319126915727,NA
"2327","min.3.rqm.R1","rqm","9","R1","3",0.316644859959599,NA
"2328","max.3.rqm.R1","rqm","9","R1","3",0.389211559110413,NA
"2329","range.3.rqm.R1","rqm","9","R1","3",0.072566699150814,NA
"2330","slope.3.rqm.R1","rqm","9","R1","3",-0.0176579299464963,NA
"2331","mean.4.rQuant.R1","rQuant","1","R1","4",0.190824493011136,NA
"2332","min.4.rQuant.R1","rQuant","1","R1","4",0.177071288452596,NA
"2333","max.4.rQuant.R1","rQuant","1","R1","4",0.19972886074703,NA
"2334","range.4.rQuant.R1","rQuant","1","R1","4",0.022657572294434,NA
"2335","slope.4.rQuant.R1","rQuant","1","R1","4",0.0055377198699392,NA
"2336","mean.4.rSigma.R1","rSigma","2","R1","4",4.21263781405826,NA
"2337","min.4.rSigma.R1","rSigma","2","R1","4",3.95625287643353,NA
"2338","max.4.rSigma.R1","rSigma","2","R1","4",4.43038408970579,NA
"2339","range.4.rSigma.R1","rSigma","2","R1","4",0.47413121327226,NA
"2340","slope.4.rSigma.R1","rSigma","2","R1","4",0.0973756842186777,NA
"2341","mean.4.rConnect.R1","rConnect","3","R1","4",0.255176560310088,NA
"2342","min.4.rConnect.R1","rConnect","3","R1","4",0.212050997963724,NA
"2343","max.4.rConnect.R1","rConnect","3","R1","4",0.295198176768285,NA
"2344","range.4.rConnect.R1","rConnect","3","R1","4",0.083147178804561,NA
"2345","slope.4.rConnect.R1","rConnect","3","R1","4",0.00686302384390582,NA
"2346","mean.4.rTau1.R1","rTau1","4","R1","4",1235.30542246626,NA
"2347","min.4.rTau1.R1","rTau1","4","R1","4",1136.41328659778,NA
"2348","max.4.rTau1.R1","rTau1","4","R1","4",1371.48706960222,NA
"2349","range.4.rTau1.R1","rTau1","4","R1","4",235.07378300444,NA
"2350","slope.4.rTau1.R1","rTau1","4","R1","4",49.292881779186,NA
"2351","mean.4.rTau2.R1","rTau2","5","R1","4",2499965.3225942,NA
"2352","min.4.rTau2.R1","rTau2","5","R1","4",1976641.09736924,NA
"2353","max.4.rTau2.R1","rTau2","5","R1","4",2995045.25845513,NA
"2354","range.4.rTau2.R1","rTau2","5","R1","4",1018404.16108589,NA
"2355","slope.4.rTau2.R1","rTau2","5","R1","4",-166231.335687299,NA
"2356","mean.4.rNPQ.R1","rNPQ","6","R1","4",0.369512275030481,NA
"2357","min.4.rNPQ.R1","rNPQ","6","R1","4",0.345522776225017,NA
"2358","max.4.rNPQ.R1","rNPQ","6","R1","4",0.42069911044884,NA
"2359","range.4.rNPQ.R1","rNPQ","6","R1","4",0.075176334223823,NA
"2360","slope.4.rNPQ.R1","rNPQ","6","R1","4",-0.0173197983737984,NA
"2361","mean.4.rqP.R1","rqP","7","R1","4",0.972137685996371,NA
"2362","min.4.rqP.R1","rqP","7","R1","4",0.962208187524262,NA
"2363","max.4.rqP.R1","rqP","7","R1","4",1,NA
"2364","range.4.rqP.R1","rqP","7","R1","4",0.037791812475738,NA
"2365","slope.4.rqP.R1","rqP","7","R1","4",-0.00799175371101379,NA
"2366","mean.4.rABQ.R1","rABQ","8","R1","4",-0.105513098728354,NA
"2367","min.4.rABQ.R1","rABQ","8","R1","4",-0.162655765758577,NA
"2368","max.4.rABQ.R1","rABQ","8","R1","4",-0.0382305742457334,NA
"2369","range.4.rABQ.R1","rABQ","8","R1","4",0.124425191512844,NA
"2370","slope.4.rABQ.R1","rABQ","8","R1","4",-0.0255540825375821,NA
"2371","mean.4.rqm.R1","rqm","9","R1","4",0.313708058506236,NA
"2372","min.4.rqm.R1","rqm","9","R1","4",0.281683889465815,NA
"2373","max.4.rqm.R1","rqm","9","R1","4",0.363170857066851,NA
"2374","range.4.rqm.R1","rqm","9","R1","4",0.081486967601036,NA
"2375","slope.4.rqm.R1","rqm","9","R1","4",-0.0199161672645838,NA
"2376","mean.All.rQuant.All","rQuant","1","All","All",0.0954265988067929,NA
"2377","min.All.rQuant.All","rQuant","1","All","All",0.0348369259095392,NA
"2378","max.All.rQuant.All","rQuant","1","All","All",0.299006927543699,NA
"2379","range.All.rQuant.All","rQuant","1","All","All",0.26417000163416,NA
"2380","slope.All.rQuant.All","rQuant","1","All","All",0.00268153362947395,NA
"2381","mean.All.rSigma.All","rSigma","2","All","All",3.82446048584085,NA
"2382","min.All.rSigma.All","rSigma","2","All","All",2.43763768206736,NA
"2383","max.All.rSigma.All","rSigma","2","All","All",5.44620551870813,NA
"2384","range.All.rSigma.All","rSigma","2","All","All",3.00856783664077,NA
"2385","slope.All.rSigma.All","rSigma","2","All","All",0.042208276679081,NA
"2386","mean.All.rConnect.All","rConnect","3","All","All",0.30992717263461,NA
"2387","min.All.rConnect.All","rConnect","3","All","All",0.1305171091003,NA
"2388","max.All.rConnect.All","rConnect","3","All","All",0.653744037540399,NA
"2389","range.All.rConnect.All","rConnect","3","All","All",0.523226928440099,NA
"2390","slope.All.rConnect.All","rConnect","3","All","All",-0.00510139823083584,NA
"2391","mean.All.rTau1.All","rTau1","4","All","All",1418.04124354131,NA
"2392","min.All.rTau1.All","rTau1","4","All","All",509.26006070525,NA
"2393","max.All.rTau1.All","rTau1","4","All","All",4046.90200022697,NA
"2394","range.All.rTau1.All","rTau1","4","All","All",3537.64193952172,NA
"2395","slope.All.rTau1.All","rTau1","4","All","All",-9.07265946095684,NA
"2396","mean.All.rTau2.All","rTau2","5","All","All",7756158.93371625,NA
"2397","min.All.rTau2.All","rTau2","5","All","All",1635784.03376393,NA
"2398","max.All.rTau2.All","rTau2","5","All","All",24334280.6108431,NA
"2399","range.All.rTau2.All","rTau2","5","All","All",22698496.5770792,NA
"2400","slope.All.rTau2.All","rTau2","5","All","All",-81859.1953196803,NA
"2401","mean.All.rNPQ.All","rNPQ","6","All","All",0.26063179622544,NA
"2402","min.All.rNPQ.All","rNPQ","6","All","All",0.0360787650899857,NA
"2403","max.All.rNPQ.All","rNPQ","6","All","All",0.701813767042276,NA
"2404","range.All.rNPQ.All","rNPQ","6","All","All",0.66573500195229,NA
"2405","slope.All.rNPQ.All","rNPQ","6","All","All",0.00284252801898256,NA
"2406","mean.All.rqP.All","rqP","7","All","All",0.684032391650595,NA
"2407","min.All.rqP.All","rqP","7","All","All",0.192732202938431,NA
"2408","max.All.rqP.All","rqP","7","All","All",1.43722956110291,NA
"2409","range.All.rqP.All","rqP","7","All","All",1.24449735816448,NA
"2410","slope.All.rqP.All","rqP","7","All","All",0.011872731686785,NA
"2411","mean.All.rABQ.All","rABQ","8","All","All",0.136607298920398,NA
"2412","min.All.rABQ.All","rABQ","8","All","All",-0.162655765758577,NA
"2413","max.All.rABQ.All","rABQ","8","All","All",0.459929945137042,NA
"2414","range.All.rABQ.All","rABQ","8","All","All",0.622585710895619,NA
"2415","slope.All.rABQ.All","rABQ","8","All","All",-0.00937379470064412,NA
"2416","mean.All.rqm.All","rqm","9","All","All",0.66524798131961,NA
"2417","min.All.rqm.All","rqm","9","All","All",0,NA
"2418","max.All.rqm.All","rqm","9","All","All",0.875708590558957,NA
"2419","range.All.rqm.All","rqm","9","All","All",0.875708590558957,NA
"2420","slope.All.rqm.All","rqm","9","All","All",-0.0094078191683834,NA
"2421","mean.All.rQuant.L1","rQuant","1","L1","All",0.0445225132767028,NA
"2422","min.All.rQuant.L1","rQuant","1","L1","All",0.0348369259095392,NA
"2423","max.All.rQuant.L1","rQuant","1","L1","All",0.0566134091730714,NA
"2424","range.All.rQuant.L1","rQuant","1","L1","All",0.0217764832635322,NA
"2425","slope.All.rQuant.L1","rQuant","1","L1","All",0.00179805013001078,NA
"2426","mean.All.rSigma.L1","rSigma","2","L1","All",3.15295906445408,NA
"2427","min.All.rSigma.L1","rSigma","2","L1","All",2.43763768206736,NA
"2428","max.All.rSigma.L1","rSigma","2","L1","All",4.30292708672983,NA
"2429","range.All.rSigma.L1","rSigma","2","L1","All",1.86528940466247,NA
"2430","slope.All.rSigma.L1","rSigma","2","L1","All",0.163400269116695,NA
"2431","mean.All.rConnect.L1","rConnect","3","L1","All",0.387873415406605,NA
"2432","min.All.rConnect.L1","rConnect","3","L1","All",0.146672268011952,NA
"2433","max.All.rConnect.L1","rConnect","3","L1","All",0.653744037540399,NA
"2434","range.All.rConnect.L1","rConnect","3","L1","All",0.507071769528447,NA
"2435","slope.All.rConnect.L1","rConnect","3","L1","All",-0.0359685338812022,NA
"2436","mean.All.rTau1.L1","rTau1","4","L1","All",1653.22348680128,NA
"2437","min.All.rTau1.L1","rTau1","4","L1","All",1067.29474537793,NA
"2438","max.All.rTau1.L1","rTau1","4","L1","All",4046.90200022697,NA
"2439","range.All.rTau1.L1","rTau1","4","L1","All",2979.60725484904,NA
"2440","slope.All.rTau1.L1","rTau1","4","L1","All",-201.692052064944,NA
"2441","mean.All.rTau2.L1","rTau2","5","L1","All",9845952.39618776,NA
"2442","min.All.rTau2.L1","rTau2","5","L1","All",4922877.68216423,NA
"2443","max.All.rTau2.L1","rTau2","5","L1","All",22698717.4554256,NA
"2444","range.All.rTau2.L1","rTau2","5","L1","All",17775839.7732614,NA
"2445","slope.All.rTau2.L1","rTau2","5","L1","All",1271523.51288504,NA
"2446","mean.All.rNPQ.L1","rNPQ","6","L1","All",0.185392496006367,NA
"2447","min.All.rNPQ.L1","rNPQ","6","L1","All",0.0360787650899857,NA
"2448","max.All.rNPQ.L1","rNPQ","6","L1","All",0.303418062606399,NA
"2449","range.All.rNPQ.L1","rNPQ","6","L1","All",0.267339297516413,NA
"2450","slope.All.rNPQ.L1","rNPQ","6","L1","All",0.036952446366574,NA
"2451","mean.All.rqP.L1","rqP","7","L1","All",0.471834492201984,NA
"2452","min.All.rqP.L1","rqP","7","L1","All",0.192732202938431,NA
"2453","max.All.rqP.L1","rqP","7","L1","All",0.648103755571218,NA
"2454","range.All.rqP.L1","rqP","7","L1","All",0.455371552632787,NA
"2455","slope.All.rqP.L1","rqP","7","L1","All",0.0681136276038055,NA
"2456","mean.All.rABQ.L1","rABQ","8","L1","All",0.285495539364959,NA
"2457","min.All.rABQ.L1","rABQ","8","L1","All",-0.0479290724583654,NA
"2458","max.All.rABQ.L1","rABQ","8","L1","All",0.459929945137042,NA
"2459","range.All.rABQ.L1","rABQ","8","L1","All",0.507859017595407,NA
"2460","slope.All.rABQ.L1","rABQ","8","L1","All",-0.0377261339006142,NA
"2461","mean.All.rqm.L1","rqm","9","L1","All",0.843814180876266,NA
"2462","min.All.rqm.L1","rqm","9","L1","All",0.81066188118736,NA
"2463","max.All.rqm.L1","rqm","9","L1","All",0.875708590558957,NA
"2464","range.All.rqm.L1","rqm","9","L1","All",0.065046709371597,NA
"2465","slope.All.rqm.L1","rqm","9","L1","All",-0.00626225834408049,NA
"2466","mean.All.rQuant.L2","rQuant","1","L2","All",0.100825833094023,NA
"2467","min.All.rQuant.L2","rQuant","1","L2","All",0.0809353211214795,NA
"2468","max.All.rQuant.L2","rQuant","1","L2","All",0.115138364250033,NA
"2469","range.All.rQuant.L2","rQuant","1","L2","All",0.0342030431285535,NA
"2470","slope.All.rQuant.L2","rQuant","1","L2","All",0.00588139840048413,NA
"2471","mean.All.rSigma.L2","rSigma","2","L2","All",4.43166174174185,NA
"2472","min.All.rSigma.L2","rSigma","2","L2","All",3.85382085621142,NA
"2473","max.All.rSigma.L2","rSigma","2","L2","All",4.99844185565432,NA
"2474","range.All.rSigma.L2","rSigma","2","L2","All",1.1446209994429,NA
"2475","slope.All.rSigma.L2","rSigma","2","L2","All",0.0428000910021337,NA
"2476","mean.All.rConnect.L2","rConnect","3","L2","All",0.214926752672212,NA
"2477","min.All.rConnect.L2","rConnect","3","L2","All",0.1305171091003,NA
"2478","max.All.rConnect.L2","rConnect","3","L2","All",0.292129228465735,NA
"2479","range.All.rConnect.L2","rConnect","3","L2","All",0.161612119365435,NA
"2480","slope.All.rConnect.L2","rConnect","3","L2","All",-0.0091697332146423,NA
"2481","mean.All.rTau1.L2","rTau1","4","L2","All",1400.31349515785,NA
"2482","min.All.rTau1.L2","rTau1","4","L2","All",1028.82516137132,NA
"2483","max.All.rTau1.L2","rTau1","4","L2","All",1756.19975139791,NA
"2484","range.All.rTau1.L2","rTau1","4","L2","All",727.37459002659,NA
"2485","slope.All.rTau1.L2","rTau1","4","L2","All",7.17277264454463,NA
"2486","mean.All.rTau2.L2","rTau2","5","L2","All",5163211.36876341,NA
"2487","min.All.rTau2.L2","rTau2","5","L2","All",3718679.23361581,NA
"2488","max.All.rTau2.L2","rTau2","5","L2","All",9157787.91957454,NA
"2489","range.All.rTau2.L2","rTau2","5","L2","All",5439108.68595873,NA
"2490","slope.All.rTau2.L2","rTau2","5","L2","All",-538006.022758776,NA
"2491","mean.All.rNPQ.L2","rNPQ","6","L2","All",0.237252973862982,NA
"2492","min.All.rNPQ.L2","rNPQ","6","L2","All",0.16040927538726,NA
"2493","max.All.rNPQ.L2","rNPQ","6","L2","All",0.308496262442974,NA
"2494","range.All.rNPQ.L2","rNPQ","6","L2","All",0.148086987055714,NA
"2495","slope.All.rNPQ.L2","rNPQ","6","L2","All",-0.0120064078986277,NA
"2496","mean.All.rqP.L2","rqP","7","L2","All",0.678632050742645,NA
"2497","min.All.rqP.L2","rqP","7","L2","All",0.619220860735332,NA
"2498","max.All.rqP.L2","rqP","7","L2","All",0.722635583700565,NA
"2499","range.All.rqP.L2","rqP","7","L2","All",0.103414722965233,NA
"2500","slope.All.rqP.L2","rqP","7","L2","All",-0.00574720959057354,NA
"2501","mean.All.rABQ.L2","rABQ","8","L2","All",6.66513020804044e-05,NA
"2502","min.All.rABQ.L2","rABQ","8","L2","All",-0.105026312670834,NA
"2503","max.All.rABQ.L2","rABQ","8","L2","All",0.133947211003879,NA
"2504","range.All.rABQ.L2","rABQ","8","L2","All",0.238973523674713,NA
"2505","slope.All.rABQ.L2","rABQ","8","L2","All",-0.00885507078617455,NA
"2506","mean.All.rqm.L2","rqm","9","L2","All",0.646240991789133,NA
"2507","min.All.rqm.L2","rqm","9","L2","All",0.590985529122398,NA
"2508","max.All.rqm.L2","rqm","9","L2","All",0.721510672391081,NA
"2509","range.All.rqm.L2","rqm","9","L2","All",0.130525143268683,NA
"2510","slope.All.rqm.L2","rqm","9","L2","All",-0.0206038801406893,NA
"2511","mean.All.rQuant.L3","rQuant","1","L3","All",0.0488687453956347,NA
"2512","min.All.rQuant.L3","rQuant","1","L3","All",0.040667675896657,NA
"2513","max.All.rQuant.L3","rQuant","1","L3","All",0.0572334792702113,NA
"2514","range.All.rQuant.L3","rQuant","1","L3","All",0.0165658033735543,NA
"2515","slope.All.rQuant.L3","rQuant","1","L3","All",0.000835640144423029,NA
"2516","mean.All.rSigma.L3","rSigma","2","L3","All",3.18088088351349,NA
"2517","min.All.rSigma.L3","rSigma","2","L3","All",2.69151767743166,NA
"2518","max.All.rSigma.L3","rSigma","2","L3","All",4.15508326828065,NA
"2519","range.All.rSigma.L3","rSigma","2","L3","All",1.46356559084899,NA
"2520","slope.All.rSigma.L3","rSigma","2","L3","All",0.0313152072954097,NA
"2521","mean.All.rConnect.L3","rConnect","3","L3","All",0.374591747782258,NA
"2522","min.All.rConnect.L3","rConnect","3","L3","All",0.13067035273417,NA
"2523","max.All.rConnect.L3","rConnect","3","L3","All",0.596869212527457,NA
"2524","range.All.rConnect.L3","rConnect","3","L3","All",0.466198859793287,NA
"2525","slope.All.rConnect.L3","rConnect","3","L3","All",-0.00839820812147298,NA
"2526","mean.All.rTau1.L3","rTau1","4","L3","All",1287.47575547166,NA
"2527","min.All.rTau1.L3","rTau1","4","L3","All",842.507974270158,NA
"2528","max.All.rTau1.L3","rTau1","4","L3","All",2046.68256445645,NA
"2529","range.All.rTau1.L3","rTau1","4","L3","All",1204.17459018629,NA
"2530","slope.All.rTau1.L3","rTau1","4","L3","All",-29.3337968176797,NA
"2531","mean.All.rTau2.L3","rTau2","5","L3","All",12743384.6641126,NA
"2532","min.All.rTau2.L3","rTau2","5","L3","All",7438447.62651835,NA
"2533","max.All.rTau2.L3","rTau2","5","L3","All",24334280.6108431,NA
"2534","range.All.rTau2.L3","rTau2","5","L3","All",16895832.9843247,NA
"2535","slope.All.rTau2.L3","rTau2","5","L3","All",49150.0219861773,NA
"2536","mean.All.rNPQ.L3","rNPQ","6","L3","All",0.25496929988094,NA
"2537","min.All.rNPQ.L3","rNPQ","6","L3","All",0.14634631283053,NA
"2538","max.All.rNPQ.L3","rNPQ","6","L3","All",0.375361319437806,NA
"2539","range.All.rNPQ.L3","rNPQ","6","L3","All",0.229015006607276,NA
"2540","slope.All.rNPQ.L3","rNPQ","6","L3","All",0.0236751462414945,NA
"2541","mean.All.rqP.L3","rqP","7","L3","All",0.59832267083614,NA
"2542","min.All.rqP.L3","rqP","7","L3","All",0.425420417868851,NA
"2543","max.All.rqP.L3","rqP","7","L3","All",0.737361959323898,NA
"2544","range.All.rqP.L3","rqP","7","L3","All",0.311941541455047,NA
"2545","slope.All.rqP.L3","rqP","7","L3","All",0.037170996580919,NA
"2546","mean.All.rABQ.L3","rABQ","8","L3","All",0.281509159300417,NA
"2547","min.All.rABQ.L3","rABQ","8","L3","All",0.12185106225101,NA
"2548","max.All.rABQ.L3","rABQ","8","L3","All",0.37978976932456,NA
"2549","range.All.rABQ.L3","rABQ","8","L3","All",0.25793870707355,NA
"2550","slope.All.rABQ.L3","rABQ","8","L3","All",-0.00690862008608188,NA
"2551","mean.All.rqm.L3","rqm","9","L3","All",0.828521415049067,NA
"2552","min.All.rqm.L3","rqm","9","L3","All",0.806669634890433,NA
"2553","max.All.rqm.L3","rqm","9","L3","All",0.863990857232853,NA
"2554","range.All.rqm.L3","rqm","9","L3","All",0.05732122234242,NA
"2555","slope.All.rqm.L3","rqm","9","L3","All",-0.00285428323235397,NA
"2556","mean.All.rQuant.R1","rQuant","1","R1","All",0.187436719786323,NA
"2557","min.All.rQuant.R1","rQuant","1","R1","All",0.168004759157757,NA
"2558","max.All.rQuant.R1","rQuant","1","R1","All",0.19972886074703,NA
"2559","range.All.rQuant.R1","rQuant","1","R1","All",0.031724101589273,NA
"2560","slope.All.rQuant.R1","rQuant","1","R1","All",0.00488627118671107,NA
"2561","mean.All.rSigma.R1","rSigma","2","R1","All",4.81227609903396,NA
"2562","min.All.rSigma.R1","rSigma","2","R1","All",3.95625287643353,NA
"2563","max.All.rSigma.R1","rSigma","2","R1","All",5.44620551870813,NA
"2564","range.All.rSigma.R1","rSigma","2","R1","All",1.4899526422746,NA
"2565","slope.All.rSigma.R1","rSigma","2","R1","All",0.0783180910921459,NA
"2566","mean.All.rConnect.R1","rConnect","3","R1","All",0.221959299968281,NA
"2567","min.All.rConnect.R1","rConnect","3","R1","All",0.167715331183208,NA
"2568","max.All.rConnect.R1","rConnect","3","R1","All",0.295198176768285,NA
"2569","range.All.rConnect.R1","rConnect","3","R1","All",0.127482845585077,NA
"2570","slope.All.rConnect.R1","rConnect","3","R1","All",0.00448227800978355,NA
"2571","mean.All.rTau1.R1","rTau1","4","R1","All",1433.45079593903,NA
"2572","min.All.rTau1.R1","rTau1","4","R1","All",1136.41328659778,NA
"2573","max.All.rTau1.R1","rTau1","4","R1","All",1798.43015391568,NA
"2574","range.All.rTau1.R1","rTau1","4","R1","All",662.0168673179,NA
"2575","slope.All.rTau1.R1","rTau1","4","R1","All",43.2836921649482,NA
"2576","mean.All.rTau2.R1","rTau2","5","R1","All",2164124.68304536,NA
"2577","min.All.rTau2.R1","rTau2","5","R1","All",1710322.62099757,NA
"2578","max.All.rTau2.R1","rTau2","5","R1","All",2995045.25845513,NA
"2579","range.All.rTau2.R1","rTau2","5","R1","All",1284722.63745756,NA
"2580","slope.All.rTau2.R1","rTau2","5","R1","All",-98373.8535061493,NA
"2581","mean.All.rNPQ.R1","rNPQ","6","R1","All",0.326226094784066,NA
"2582","min.All.rNPQ.R1","rNPQ","6","R1","All",0.255615331954274,NA
"2583","max.All.rNPQ.R1","rNPQ","6","R1","All",0.42069911044884,NA
"2584","range.All.rNPQ.R1","rNPQ","6","R1","All",0.165083778494566,NA
"2585","slope.All.rNPQ.R1","rNPQ","6","R1","All",-0.0167793863495888,NA
"2586","mean.All.rqP.R1","rqP","7","R1","All",0.963392714574131,NA
"2587","min.All.rqP.R1","rqP","7","R1","All",0.945377459485114,NA
"2588","max.All.rqP.R1","rqP","7","R1","All",1,NA
"2589","range.All.rqP.R1","rqP","7","R1","All",0.054622540514886,NA
"2590","slope.All.rqP.R1","rqP","7","R1","All",-0.00995527619371054,NA
"2591","mean.All.rABQ.R1","rABQ","8","R1","All",-0.0835286053079499,NA
"2592","min.All.rABQ.R1","rABQ","8","R1","All",-0.162655765758577,NA
"2593","max.All.rABQ.R1","rABQ","8","R1","All",-0.0170283794838062,NA
"2594","range.All.rABQ.R1","rABQ","8","R1","All",0.145627386274771,NA
"2595","slope.All.rABQ.R1","rABQ","8","R1","All",-0.017890566133397,NA
"2596","mean.All.rqm.R1","rqm","9","R1","All",0.342530478419548,NA
"2597","min.All.rqm.R1","rqm","9","R1","All",0.281683889465815,NA
"2598","max.All.rqm.R1","rqm","9","R1","All",0.400591534317824,NA
"2599","range.All.rqm.R1","rqm","9","R1","All",0.118907644852009,NA
"2600","slope.All.rqm.R1","rqm","9","R1","All",-0.0172032935121723,NA
"2601","DCompL1.qQuant.1","qQuant","99","99","1",0.864564238391025,NA
"2602","DCompL12.qQuant.1","qQuant","99","99","1",0.81066188118736,NA
"2603","DCompL2.qQuant.1","qQuant","99","99","1",0.721510672391081,NA
"2604","DCompL22.qQuant.1","qQuant","99","99","1",0.614930780380646,NA
"2605","DCompL3.qQuant.1","qQuant","99","99","1",0.863990857232853,NA
"2606","DCompL32.qQuant.1","qQuant","99","99","1",0.808588116200596,NA
"2607","DCompR1.qQuant.1","qQuant","99","99","1",0.388687960593544,NA
"2608","DCompR12.qQuant.1","qQuant","99","99","1",0.332509879648192,NA
"2609","L1CompL2.qQuant.1","qQuant","99","99","1",-1.05624662423329,NA
"2610","L1CompL22.qQuant.1","qQuant","99","99","1",-1.84318716891859,NA
"2611","L1CompL3.qQuant.1","qQuant","99","99","1",-0.00423360234668245,NA
"2612","L1CompL32.qQuant.1","qQuant","99","99","1",-0.413303853616163,NA
"2613","L1CompR1.qQuant.1","qQuant","99","99","1",-3.51366782409667,NA
"2614","L1CompR12.qQuant.1","qQuant","99","99","1",-3.92846285517234,NA
"2615","L12CompL2.qQuant.1","qQuant","99","99","1",-0.470857159431793,NA
"2616","L12CompL22.qQuant.1","qQuant","99","99","1",-1.0337648965468,NA
"2617","L12CompL3.qQuant.1","qQuant","99","99","1",0.281660007926163,NA
"2618","L12CompL32.qQuant.1","qQuant","99","99","1",-0.0109527072507557,NA
"2619","L12CompR1.qQuant.1","qQuant","99","99","1",-2.22867916529466,NA
"2620","L12CompR12.qQuant.1","qQuant","99","99","1",-2.52538688214349,NA
"2621","L2CompL3.qQuant.1","qQuant","99","99","1",0.511618115010339,NA
"2622","L2CompL32.qQuant.1","qQuant","99","99","1",0.312677848580961,NA
"2623","L2CompR1.qQuant.1","qQuant","99","99","1",-1.19510041786922,NA
"2624","L2CompR12.qQuant.1","qQuant","99","99","1",-1.39682477631301,NA
"2625","L22CompL3.qQuant.1","qQuant","99","99","1",0.646793002822729,NA
"2626","L22CompL32.qQuant.1","qQuant","99","99","1",0.502915647247482,NA
"2627","L22CompR1.qQuant.1","qQuant","99","99","1",-0.587538053575784,NA
"2628","L22CompR12.qQuant.1","qQuant","99","99","1",-0.733428917044136,NA
"2629","L3CompR1.qQuant.1","qQuant","99","99","1",-3.4946393085724,NA
"2630","L3CompR12.qQuant.1","qQuant","99","99","1",-3.90768566562159,NA
"2631","L32CompR1.qQuant.1","qQuant","99","99","1",-2.19369950952,NA
"2632","L32CompR12.qQuant.1","qQuant","99","99","1",-2.48719268157522,NA
"2633","DCompL1.qSigma.1","qSigma","99","99","1",0.362963482384809,NA
"2634","DCompL12.qSigma.1","qSigma","99","99","1",0.24473966721564,NA
"2635","DCompL2.qSigma.1","qSigma","99","99","1",0.018706070163938,NA
"2636","DCompL22.qSigma.1","qSigma","99","99","1",-0.00461586806422786,NA
"2637","DCompL3.qSigma.1","qSigma","99","99","1",0.316506897097653,NA
"2638","DCompL32.qSigma.1","qSigma","99","99","1",0.236544708913576,NA
"2639","DCompR1.qSigma.1","qSigma","99","99","1",-0.0170283794838054,NA
"2640","DCompR12.qSigma.1","qSigma","99","99","1",-0.088351060891268,NA
"2641","L1CompL2.qSigma.1","qSigma","99","99","1",-0.540404517953905,NA
"2642","L1CompL22.qSigma.1","qSigma","99","99","1",-0.577014567116351,NA
"2643","L1CompL3.qSigma.1","qSigma","99","99","1",-0.072926094505651,NA
"2644","L1CompL32.qSigma.1","qSigma","99","99","1",-0.198448236444112,NA
"2645","L1CompR1.qSigma.1","qSigma","99","99","1",-0.596499339301853,NA
"2646","L1CompR12.qSigma.1","qSigma","99","99","1",-0.708459453730562,NA
"2647","L12CompL2.qSigma.1","qSigma","99","99","1",-0.299279052851089,NA
"2648","L12CompL22.qSigma.1","qSigma","99","99","1",-0.33015838970463,NA
"2649","L12CompL3.qSigma.1","qSigma","99","99","1",0.0950231685244674,NA
"2650","L12CompL32.qSigma.1","qSigma","99","99","1",-0.0108505080252948,NA
"2651","L12CompR1.qSigma.1","qSigma","99","99","1",-0.346593135289397,NA
"2652","L12CompR12.qSigma.1","qSigma","99","99","1",-0.441027700844459,NA
"2653","L2CompL3.qSigma.1","qSigma","99","99","1",0.303477702122815,NA
"2654","L2CompL32.qSigma.1","qSigma","99","99","1",0.221991222126515,NA
"2655","L2CompR1.qSigma.1","qSigma","99","99","1",-0.0364156432249748,NA
"2656","L2CompR12.qSigma.1","qSigma","99","99","1",-0.109097924485369,NA
"2657","L22CompL3.qSigma.1","qSigma","99","99","1",0.319647315327246,NA
"2658","L22CompL32.qSigma.1","qSigma","99","99","1",0.240052526188433,NA
"2659","L22CompR1.qSigma.1","qSigma","99","99","1",-0.0123554801533196,NA
"2660","L22CompR12.qSigma.1","qSigma","99","99","1",-0.0833504581093145,NA
"2661","L3CompR1.qSigma.1","qSigma","99","99","1",-0.487986309101223,NA
"2662","L3CompR12.qSigma.1","qSigma","99","99","1",-0.59233656677698,NA
"2663","L32CompR1.qSigma.1","qSigma","99","99","1",-0.332138753058529,NA
"2664","L32CompR12.qSigma.1","qSigma","99","99","1",-0.425559654374136,NA
"2665","DCompL1.qConnect.1","qConnect","99","99","1",-1.05718689850392,NA
"2666","DCompL12.qConnect.1","qConnect","99","99","1",-0.163453596449528,NA
"2667","DCompL2.qConnect.1","qConnect","99","99","1",-0.0250240127244339,NA
"2668","DCompL22.qConnect.1","qConnect","99","99","1",0.189997360235318,NA
"2669","DCompL3.qConnect.1","qConnect","99","99","1",-0.734652469443533,NA
"2670","DCompL32.qConnect.1","qConnect","99","99","1",0.225096350979262,NA
"2671","DCompR1.qConnect.1","qConnect","99","99","1",0.309780913566035,NA
"2672","DCompR12.qConnect.1","qConnect","99","99","1",0.0936342570887842,NA
"2673","L1CompL2.qConnect.1","qConnect","99","99","1",0.501735105609568,NA
"2674","L1CompL22.qConnect.1","qConnect","99","99","1",0.606257146419825,NA
"2675","L1CompL3.qConnect.1","qConnect","99","99","1",0.156784213089703,NA
"2676","L1CompL32.qConnect.1","qConnect","99","99","1",0.623318790536589,NA
"2677","L1CompR1.qConnect.1","qConnect","99","99","1",0.664484016043498,NA
"2678","L1CompR12.qConnect.1","qConnect","99","99","1",0.559414974122979,NA
"2679","L12CompL2.qConnect.1","qConnect","99","99","1",0.118981611426133,NA
"2680","L12CompL22.qConnect.1","qConnect","99","99","1",0.303794631572295,NA
"2681","L12CompL3.qConnect.1","qConnect","99","99","1",-0.490951142991103,NA
"2682","L12CompL32.qConnect.1","qConnect","99","99","1",0.333962565085977,NA
"2683","L12CompR1.qConnect.1","qConnect","99","99","1",0.406749793425124,NA
"2684","L12CompR12.qConnect.1","qConnect","99","99","1",0.220969580843498,NA
"2685","L2CompL3.qConnect.1","qConnect","99","99","1",-0.692304226935096,NA
"2686","L2CompL32.qConnect.1","qConnect","99","99","1",0.244014150496724,NA
"2687","L2CompR1.qConnect.1","qConnect","99","99","1",0.326631300471277,NA
"2688","L2CompR12.qConnect.1","qConnect","99","99","1",0.115761453722273,NA
"2689","L22CompL3.qConnect.1","qConnect","99","99","1",-1.14153927936269,NA
"2690","L22CompL32.qConnect.1","qConnect","99","99","1",0.043331946120744,NA
"2691","L22CompR1.qConnect.1","qConnect","99","99","1",0.147880448100163,NA
"2692","L22CompR12.qConnect.1","qConnect","99","99","1",-0.118966406300267,NA
"2693","L3CompR1.qConnect.1","qConnect","99","99","1",0.602099499125964,NA
"2694","L3CompR12.qConnect.1","qConnect","99","99","1",0.477494334526862,NA
"2695","L32CompR1.qConnect.1","qConnect","99","99","1",0.109283989943511,NA
"2696","L32CompR12.qConnect.1","qConnect","99","99","1",-0.169649599736185,NA
"2697","DCompL1.qTau1.1","qTau1","99","99","1",-4.31632602605848,NA
"2698","DCompL12.qTau1.1","qTau1","99","99","1",-0.695693459886581,NA
"2699","DCompL2.qTau1.1","qTau1","99","99","1",-0.761115973288577,NA
"2700","DCompL22.qTau1.1","qTau1","99","99","1",-0.745920949983511,NA
"2701","DCompL3.qTau1.1","qTau1","99","99","1",-1.06405501923478,NA
"2702","DCompL32.qTau1.1","qTau1","99","99","1",-0.585528961137512,NA
"2703","DCompR1.qTau1.1","qTau1","99","99","1",-0.778066110834774,NA
"2704","DCompR12.qTau1.1","qTau1","99","99","1",-1.01358522797101,NA
"2705","L1CompL2.qTau1.1","qTau1","99","99","1",0.668734392011269,NA
"2706","L1CompL22.qTau1.1","qTau1","99","99","1",0.6715925732497,NA
"2707","L1CompL3.qTau1.1","qTau1","99","99","1",0.611751610206445,NA
"2708","L1CompL32.qTau1.1","qTau1","99","99","1",0.701762278429522,NA
"2709","L1CompR1.qTau1.1","qTau1","99","99","1",0.665546074089622,NA
"2710","L1CompR12.qTau1.1","qTau1","99","99","1",0.621244969157041,NA
"2711","L12CompL2.qTau1.1","qTau1","99","99","1",-0.038581568514378,NA
"2712","L12CompL22.qTau1.1","qTau1","99","99","1",-0.0296206191066458,NA
"2713","L12CompL3.qTau1.1","qTau1","99","99","1",-0.217233579100337,NA
"2714","L12CompL32.qTau1.1","qTau1","99","99","1",0.0649672251236006,NA
"2715","L12CompR1.qTau1.1","qTau1","99","99","1",-0.048577560093735,NA
"2716","L12CompR12.qTau1.1","qTau1","99","99","1",-0.187470067912916,NA
"2717","L2CompL3.qTau1.1","qTau1","99","99","1",-0.172015387141434,NA
"2718","L2CompL32.qTau1.1","qTau1","99","99","1",0.0997021291125918,NA
"2719","L2CompR1.qTau1.1","qTau1","99","99","1",-0.0096246572078644,NA
"2720","L2CompR12.qTau1.1","qTau1","99","99","1",-0.143357540622942,NA
"2721","L22CompL3.qTau1.1","qTau1","99","99","1",-0.182215620503476,NA
"2722","L22CompL32.qTau1.1","qTau1","99","99","1",0.0918666958246387,NA
"2723","L22CompR1.qTau1.1","qTau1","99","99","1",-0.018411578629357,NA
"2724","L22CompR12.qTau1.1","qTau1","99","99","1",-0.153308360261112,NA
"2725","L3CompR1.qTau1.1","qTau1","99","99","1",0.138556824180989,NA
"2726","L3CompR12.qTau1.1","qTau1","99","99","1",0.0244517664468462,NA
"2727","L32CompR1.qTau1.1","qTau1","99","99","1",-0.121434016291402,NA
"2728","L32CompR12.qTau1.1","qTau1","99","99","1",-0.269976946070031,NA
"2729","DCompL1.qTau2.1","qTau2","99","99","1",-2.82429731936639,NA
"2730","DCompL12.qTau2.1","qTau2","99","99","1",-5.21253979148792,NA
"2731","DCompL2.qTau2.1","qTau2","99","99","1",-1.7529304723952,NA
"2732","DCompL22.qTau2.1","qTau2","99","99","1",-0.965702141157271,NA
"2733","DCompL3.qTau2.1","qTau2","99","99","1",-4.29798478178293,NA
"2734","DCompL32.qTau2.1","qTau2","99","99","1",-4.88776277945073,NA
"2735","DCompR1.qTau2.1","qTau2","99","99","1",0.00129088509373545,NA
"2736","DCompR12.qTau2.1","qTau2","99","99","1",-0.0298077647617134,NA
"2737","L1CompL2.qTau2.1","qTau2","99","99","1",0.280147372837814,NA
"2738","L1CompL22.qTau2.1","qTau2","99","99","1",0.485996517267923,NA
"2739","L1CompL3.qTau2.1","qTau2","99","99","1",-0.385348559316697,NA
"2740","L1CompL32.qTau2.1","qTau2","99","99","1",-0.539567216606009,NA
"2741","L1CompR1.qTau2.1","qTau2","99","99","1",0.738851602920944,NA
"2742","L1CompR12.qTau2.1","qTau2","99","99","1",0.730719743063196,NA
"2743","L12CompL2.qTau2.1","qTau2","99","99","1",0.556875196812885,NA
"2744","L12CompL22.qTau2.1","qTau2","99","99","1",0.683591219190166,NA
"2745","L12CompL3.qTau2.1","qTau2","99","99","1",0.147211131099403,NA
"2746","L12CompL32.qTau2.1","qTau2","99","99","1",0.0522776550231797,NA
"2747","L12CompR1.qTau2.1","qTau2","99","99","1",0.839243023235901,NA
"2748","L12CompR12.qTau2.1","qTau2","99","99","1",0.834237236408095,NA
"2749","L2CompL3.qTau2.1","qTau2","99","99","1",-0.924489134363569,NA
"2750","L2CompL32.qTau2.1","qTau2","99","99","1",-1.13872556480805,NA
"2751","L2CompR1.qTau2.1","qTau2","99","99","1",0.637219637429734,NA
"2752","L2CompR12.qTau2.1","qTau2","99","99","1",0.625923075396189,NA
"2753","L22CompL3.qTau2.1","qTau2","99","99","1",-1.69521239808176,NA
"2754","L22CompL32.qTau2.1","qTau2","99","99","1",-1.99524666335482,NA
"2755","L22CompR1.qTau2.1","qTau2","99","99","1",0.491932631096239,NA
"2756","L22CompR12.qTau2.1","qTau2","99","99","1",0.476111999269923,NA
"2757","L3CompR1.qTau2.1","qTau2","99","99","1",0.811492641817259,NA
"2758","L3CompR12.qTau2.1","qTau2","99","99","1",0.805622740121358,NA
"2759","L32CompR1.qTau2.1","qTau2","99","99","1",0.830375449501477,NA
"2760","L32CompR12.qTau2.1","qTau2","99","99","1",0.825093536656077,NA
"2761","DCompL1.qNPQ.1","qNPQ","99","99","1",0.935772851703507,NA
"2762","DCompL12.qNPQ.1","qNPQ","99","99","1",0.619314897878135,NA
"2763","DCompL2.qNPQ.1","qNPQ","99","99","1",0.587672252012551,NA
"2764","DCompL22.qNPQ.1","qNPQ","99","99","1",0.714440605360682,NA
"2765","DCompL3.qNPQ.1","qNPQ","99","99","1",0.739475386328555,NA
"2766","DCompL32.qNPQ.1","qNPQ","99","99","1",0.502918080987362,NA
"2767","DCompR1.qNPQ.1","qNPQ","99","99","1",0.420509979001442,NA
"2768","DCompR12.qNPQ.1","qNPQ","99","99","1",0.544955494143527,NA
"2769","L1CompL2.qNPQ.1","qNPQ","99","99","1",-5.41983583147762,NA
"2770","L1CompL22.qNPQ.1","qNPQ","99","99","1",-3.44608552945689,NA
"2771","L1CompL3.qNPQ.1","qNPQ","99","99","1",-3.05630049879814,NA
"2772","L1CompL32.qNPQ.1","qNPQ","99","99","1",-6.73943623836377,NA
"2773","L1CompR1.qNPQ.1","qNPQ","99","99","1",-8.02250896028346,NA
"2774","L1CompR12.qNPQ.1","qNPQ","99","99","1",-6.08492464519592,NA
"2775","L12CompL2.qNPQ.1","qNPQ","99","99","1",-0.083120263149817,NA
"2776","L12CompL22.qNPQ.1","qNPQ","99","99","1",0.249880299891788,NA
"2777","L12CompL3.qNPQ.1","qNPQ","99","99","1",0.315642739315694,NA
"2778","L12CompL32.qNPQ.1","qNPQ","99","99","1",-0.305756164982553,NA
"2779","L12CompR1.qNPQ.1","qNPQ","99","99","1",-0.522229311755551,NA
"2780","L12CompR12.qNPQ.1","qNPQ","99","99","1",-0.195330480021791,NA
"2781","L2CompL3.qNPQ.1","qNPQ","99","99","1",0.368161335386589,NA
"2782","L2CompL32.qNPQ.1","qNPQ","99","99","1",-0.205550490935596,NA
"2783","L2CompR1.qNPQ.1","qNPQ","99","99","1",-0.405411165818986,NA
"2784","L2CompR12.qNPQ.1","qNPQ","99","99","1",-0.103599037604241,NA
"2785","L22CompL3.qNPQ.1","qNPQ","99","99","1",0.0876692605385766,NA
"2786","L22CompL32.qNPQ.1","qNPQ","99","99","1",-0.740730399153875,NA
"2787","L22CompR1.qNPQ.1","qNPQ","99","99","1",-1.02931520334149,NA
"2788","L22CompR12.qNPQ.1","qNPQ","99","99","1",-0.593519647396746,NA
"2789","L3CompR1.qNPQ.1","qNPQ","99","99","1",-1.22431966343637,NA
"2790","L3CompR12.qNPQ.1","qNPQ","99","99","1",-0.74664688853677,NA
"2791","L32CompR1.qNPQ.1","qNPQ","99","99","1",-0.16578374475903,NA
"2792","L32CompR12.qNPQ.1","qNPQ","99","99","1",0.084568381082266,NA
"2793","DCompL1.qqP.1","qqP","99","99","1",0.865900195658005,NA
"2794","DCompL12.qqP.1","qqP","99","99","1",0.59573041400146,NA
"2795","DCompL2.qqP.1","qqP","99","99","1",0.536108792777948,NA
"2796","DCompL22.qqP.1","qqP","99","99","1",0.569156606923566,NA
"2797","DCompL3.qqP.1","qqP","99","99","1",0.703999674524932,NA
"2798","DCompL32.qqP.1","qqP","99","99","1",0.522775682402959,NA
"2799","DCompR1.qqP.1","qqP","99","99","1",0.304216927438777,NA
"2800","DCompR12.qqP.1","qqP","99","99","1",0.342222366509325,NA
"2801","L1CompL2.qqP.1","qqP","99","99","1",-2.4592981660062,NA
"2802","L1CompL22.qqP.1","qqP","99","99","1",-2.21285623935479,NA
"2803","L1CompL3.qqP.1","qqP","99","99","1",-1.20731362679828,NA
"2804","L1CompL32.qqP.1","qqP","99","99","1",-2.55872493579466,NA
"2805","L1CompR1.qqP.1","qqP","99","99","1",-4.18854651559944,NA
"2806","L1CompR12.qqP.1","qqP","99","99","1",-3.90513492333774,NA
"2807","L12CompL2.qqP.1","qqP","99","99","1",-0.147479858214531,NA
"2808","L12CompL22.qqP.1","qqP","99","99","1",-0.0657328871581004,NA
"2809","L12CompL3.qqP.1","qqP","99","99","1",0.267814508618174,NA
"2810","L12CompL32.qqP.1","qqP","99","99","1",-0.18046059888058,NA
"2811","L12CompR1.qqP.1","qqP","99","99","1",-0.721086860498418,NA
"2812","L12CompR12.qqP.1","qqP","99","99","1",-0.627076723731205,NA
"2813","L2CompL3.qqP.1","qqP","99","99","1",0.361918654919922,NA
"2814","L2CompL32.qqP.1","qqP","99","99","1",-0.0287418907006934,NA
"2815","L2CompR1.qqP.1","qqP","99","99","1",-0.499884157597689,NA
"2816","L2CompR12.qqP.1","qqP","99","99","1",-0.417956674431673,NA
"2817","L22CompL3.qqP.1","qqP","99","99","1",0.312974667288083,NA
"2818","L22CompL32.qqP.1","qqP","99","99","1",-0.107651469805361,NA
"2819","L22CompR1.qqP.1","qqP","99","99","1",-0.614932673315444,NA
"2820","L22CompR12.qqP.1","qqP","99","99","1",-0.526720947938458,NA
"2821","L3CompR1.qqP.1","qqP","99","99","1",-1.35061590369713,NA
"2822","L3CompR12.qqP.1","qqP","99","99","1",-1.2222192912625,NA
"2823","L32CompR1.qqP.1","qqP","99","99","1",-0.457979082173948,NA
"2824","L32CompR12.qqP.1","qqP","99","99","1",-0.378340560688045,NA
"2825","DCompL1.qABQ.1","qABQ","99","99","1",0,NA
"2826","DCompL12.qABQ.1","qABQ","99","99","1",0,NA
"2827","DCompL2.qABQ.1","qABQ","99","99","1",0,NA
"2828","DCompL22.qABQ.1","qABQ","99","99","1",1,NA
"2829","DCompL3.qABQ.1","qABQ","99","99","1",0,NA
"2830","DCompL32.qABQ.1","qABQ","99","99","1",0,NA
"2831","DCompR1.qABQ.1","qABQ","99","99","1",1,NA
"2832","DCompR12.qABQ.1","qABQ","99","99","1",1,NA
"2833","L1CompL2.qABQ.1","qABQ","99","99","1",0.948462941668315,NA
"2834","L1CompL22.qABQ.1","qABQ","99","99","1",1.01271716932486,NA
"2835","L1CompL3.qABQ.1","qABQ","99","99","1",0.127992449769105,NA
"2836","L1CompL32.qABQ.1","qABQ","99","99","1",0.348296122355379,NA
"2837","L1CompR1.qABQ.1","qABQ","99","99","1",1.04691485592965,NA
"2838","L1CompR12.qABQ.1","qABQ","99","99","1",1.24341583982711,NA
"2839","L12CompL2.qABQ.1","qABQ","99","99","1",0.923567477324975,NA
"2840","L12CompL22.qABQ.1","qABQ","99","99","1",1.01886031846305,NA
"2841","L12CompL3.qABQ.1","qABQ","99","99","1",-0.293239059685329,NA
"2842","L12CompL32.qABQ.1","qABQ","99","99","1",0.0334843893321244,NA
"2843","L12CompR1.qABQ.1","qABQ","99","99","1",1.06957752160708,NA
"2844","L12CompR12.qABQ.1","qABQ","99","99","1",1.36100016763292,NA
"2845","L2CompL3.qABQ.1","qABQ","99","99","1",-15.9200101530589,NA
"2846","L2CompL32.qABQ.1","qABQ","99","99","1",-11.6453448982352,NA
"2847","L2CompR1.qABQ.1","qABQ","99","99","1",1.91031303392813,NA
"2848","L2CompR12.qABQ.1","qABQ","99","99","1",5.7231225007163,NA
"2849","L22CompL3.qABQ.1","qABQ","99","99","1",69.569311924336,NA
"2850","L22CompL32.qABQ.1","qABQ","99","99","1",52.2459857218907,NA
"2851","L22CompR1.qABQ.1","qABQ","99","99","1",-2.68909579885339,NA
"2852","L22CompR12.qABQ.1","qABQ","99","99","1",-18.1407249214869,NA
"2853","L3CompR1.qABQ.1","qABQ","99","99","1",1.05380097444939,NA
"2854","L3CompR12.qABQ.1","qABQ","99","99","1",1.27914418833031,NA
"2855","L32CompR1.qABQ.1","qABQ","99","99","1",1.07198799568173,NA
"2856","L32CompR12.qABQ.1","qABQ","99","99","1",1.37350681525305,NA
"2857","DCompL1.qqm.1","qqm","99","99","1",0,NA
"2858","DCompL12.qqm.1","qqm","99","99","1",0,NA
"2859","DCompL2.qqm.1","qqm","99","99","1",0,NA
"2860","DCompL22.qqm.1","qqm","99","99","1",0,NA
"2861","DCompL3.qqm.1","qqm","99","99","1",0,NA
"2862","DCompL32.qqm.1","qqm","99","99","1",0,NA
"2863","DCompR1.qqm.1","qqm","99","99","1",0,NA
"2864","DCompR12.qqm.1","qqm","99","99","1",0,NA
"2865","L1CompL2.qqm.1","qqm","99","99","1",0.165463200590126,NA
"2866","L1CompL22.qqm.1","qqm","99","99","1",0.288739051334059,NA
"2867","L1CompL3.qqm.1","qqm","99","99","1",0.000663202492898789,NA
"2868","L1CompL32.qqm.1","qqm","99","99","1",0.064744896567318,NA
"2869","L1CompR1.qqm.1","qqm","99","99","1",0.550423272980961,NA
"2870","L1CompR12.qqm.1","qqm","99","99","1",0.615401765556486,NA
"2871","L12CompL2.qqm.1","qqm","99","99","1",0.109973357407284,NA
"2872","L12CompL22.qqm.1","qqm","99","99","1",0.241446039771883,NA
"2873","L12CompL3.qqm.1","qqm","99","99","1",-0.0657844870754044,NA
"2874","L12CompL32.qqm.1","qqm","99","99","1",0.00255811335760186,NA
"2875","L12CompR1.qqm.1","qqm","99","99","1",0.520530112968626,NA
"2876","L12CompR12.qqm.1","qqm","99","99","1",0.589829141637732,NA
"2877","L2CompL3.qqm.1","qqm","99","99","1",-0.197474812631106,NA
"2878","L2CompL32.qqm.1","qqm","99","99","1",-0.120687672603568,NA
"2879","L2CompR1.qqm.1","qqm","99","99","1",0.461285916526451,NA
"2880","L2CompR12.qqm.1","qqm","99","99","1",0.539147662852644,NA
"2881","L22CompL3.qqm.1","qqm","99","99","1",-0.405021320770503,NA
"2882","L22CompL32.qqm.1","qqm","99","99","1",-0.314925422500519,NA
"2883","L22CompR1.qqm.1","qqm","99","99","1",0.367915913474125,NA
"2884","L22CompR12.qqm.1","qqm","99","99","1",0.459272668962247,NA
"2885","L3CompR1.qqm.1","qqm","99","99","1",0.550124914702899,NA
"2886","L3CompR12.qqm.1","qqm","99","99","1",0.615146529775632,NA
"2887","L32CompR1.qqm.1","qqm","99","99","1",0.519300428974993,NA
"2888","L32CompR12.qqm.1","qqm","99","99","1",0.588777187067018,NA
"2889","DCompL1.qQuant.2","qQuant","99","99","2",0.875708590558957,NA
"2890","DCompL12.qQuant.2","qQuant","99","99","2",0.832166954875974,NA
"2891","DCompL2.qQuant.2","qQuant","99","99","2",0.711238438148254,NA
"2892","DCompL22.qQuant.2","qQuant","99","99","2",0.604688780743124,NA
"2893","DCompL3.qQuant.2","qQuant","99","99","2",0.842133758125781,NA
"2894","DCompL32.qQuant.2","qQuant","99","99","2",0.818045876976918,NA
"2895","DCompR1.qQuant.2","qQuant","99","99","2",0.400591534317822,NA
"2896","DCompR12.qQuant.2","qQuant","99","99","2",0.324958532623732,NA
"2897","L1CompL2.qQuant.2","qQuant","99","99","2",-1.3232624294016,NA
"2898","L1CompL22.qQuant.2","qQuant","99","99","2",-2.1805192413108,NA
"2899","L1CompL3.qQuant.2","qQuant","99","99","2",-0.270129951733324,NA
"2900","L1CompL32.qQuant.2","qQuant","99","99","2",-0.463931609122117,NA
"2901","L1CompR1.qQuant.2","qQuant","99","99","2",-3.82260574868212,NA
"2902","L1CompR12.qQuant.2","qQuant","99","99","2",-4.43111925765449,NA
"2903","L12CompL2.qQuant.2","qQuant","99","99","2",-0.720528645823929,NA
"2904","L12CompL22.qQuant.2","qQuant","99","99","2",-1.35538370268351,NA
"2905","L12CompL3.qQuant.2","qQuant","99","99","2",0.0593852256118076,NA
"2906","L12CompL32.qQuant.2","qQuant","99","99","2",-0.0841376493444488,NA
"2907","L12CompR1.qQuant.2","qQuant","99","99","2",-2.57145677264704,NA
"2908","L12CompR12.qQuant.2","qQuant","99","99","2",-3.02210105213442,NA
"2909","L2CompL3.qQuant.2","qQuant","99","99","2",0.453298974898642,NA
"2910","L2CompL32.qQuant.2","qQuant","99","99","2",0.369881081622285,NA
"2911","L2CompR1.qQuant.2","qQuant","99","99","2",-1.07579035740886,NA
"2912","L2CompR12.qQuant.2","qQuant","99","99","2",-1.33771234317829,NA
"2913","L22CompL3.qQuant.2","qQuant","99","99","2",0.600653272196567,NA
"2914","L22CompL32.qQuant.2","qQuant","99","99","2",0.539719304286056,NA
"2915","L22CompR1.qQuant.2","qQuant","99","99","2",-0.516295102397988,NA
"2916","L22CompR12.qQuant.2","qQuant","99","99","2",-0.707620311523772,NA
"2917","L3CompR1.qQuant.2","qQuant","99","99","2",-2.79693884243955,NA
"2918","L3CompR12.qQuant.2","qQuant","99","99","2",-3.27603431463272,NA
"2919","L32CompR1.qQuant.2","qQuant","99","99","2",-2.29428350247463,NA
"2920","L32CompR12.qQuant.2","qQuant","99","99","2",-2.70995422450875,NA
"2921","DCompL1.qSigma.2","qSigma","99","99","2",0.454945959263709,NA
"2922","DCompL12.qSigma.2","qSigma","99","99","2",0.250450641286225,NA
"2923","DCompL2.qSigma.2","qSigma","99","99","2",0.13394721100388,NA
"2924","DCompL22.qSigma.2","qSigma","99","99","2",0.0355446652592799,NA
"2925","DCompL3.qSigma.2","qSigma","99","99","2",0.31015596966391,NA
"2926","DCompL32.qSigma.2","qSigma","99","99","2",0.37852924129675,NA
"2927","DCompR1.qSigma.2","qSigma","99","99","2",-0.044085908067719,NA
"2928","DCompR12.qSigma.2","qSigma","99","99","2",-0.118927529846378,NA
"2929","L1CompL2.qSigma.2","qSigma","99","99","2",-0.588930132186903,NA
"2930","L1CompL22.qSigma.2","qSigma","99","99","2",-0.769467360406828,NA
"2931","L1CompL3.qSigma.2","qSigma","99","99","2",-0.265643365205051,NA
"2932","L1CompL32.qSigma.2","qSigma","99","99","2",-0.140200259526066,NA
"2933","L1CompR1.qSigma.2","qSigma","99","99","2",-0.915564017573939,NA
"2934","L1CompR12.qSigma.2","qSigma","99","99","2",-1.05287447889546,NA
"2935","L12CompL2.qSigma.2","qSigma","99","99","2",-0.155431298723629,NA
"2936","L12CompL22.qSigma.2","qSigma","99","99","2",-0.286713574668016,NA
"2937","L12CompL3.qSigma.2","qSigma","99","99","2",0.0796549655917775,NA
"2938","L12CompL32.qSigma.2","qSigma","99","99","2",0.170874137268702,NA
"2939","L12CompR1.qSigma.2","qSigma","99","99","2",-0.39295150603473,NA
"2940","L12CompR12.qSigma.2","qSigma","99","99","2",-0.492800329742734,NA
"2941","L2CompL3.qSigma.2","qSigma","99","99","2",0.20346191467645,NA
"2942","L2CompL32.qSigma.2","qSigma","99","99","2",0.282410071765228,NA
"2943","L2CompR1.qSigma.2","qSigma","99","99","2",-0.205568438013998,NA
"2944","L2CompR12.qSigma.2","qSigma","99","99","2",-0.291985366323196,NA
"2945","L22CompL3.qSigma.2","qSigma","99","99","2",0.284732008329297,NA
"2946","L22CompL32.qSigma.2","qSigma","99","99","2",0.355625153060797,NA
"2947","L22CompR1.qSigma.2","qSigma","99","99","2",-0.0825653303565441,NA
"2948","L22CompR12.qSigma.2","qSigma","99","99","2",-0.160165214024334,NA
"2949","L3CompR1.qSigma.2","qSigma","99","99","2",-0.513510101057254,NA
"2950","L3CompR12.qSigma.2","qSigma","99","99","2",-0.622000743126297,NA
"2951","L32CompR1.qSigma.2","qSigma","99","99","2",-0.680024190110393,NA
"2952","L32CompR12.qSigma.2","qSigma","99","99","2",-0.800450808306915,NA
"2953","DCompL1.qConnect.2","qConnect","99","99","2",-0.445567811630538,NA
"2954","DCompL12.qConnect.2","qConnect","99","99","2",-0.108422198518908,NA
"2955","DCompL2.qConnect.2","qConnect","99","99","2",0.151075223092068,NA
"2956","DCompL22.qConnect.2","qConnect","99","99","2",0.44437819894099,NA
"2957","DCompL3.qConnect.2","qConnect","99","99","2",-0.132984196125121,NA
"2958","DCompL32.qConnect.2","qConnect","99","99","2",-0.563112221171621,NA
"2959","DCompR1.qConnect.2","qConnect","99","99","2",0.310600627615707,NA
"2960","DCompR12.qConnect.2","qConnect","99","99","2",0.310426512074739,NA
"2961","L1CompL2.qConnect.2","qConnect","99","99","2",0.412739568439628,NA
"2962","L1CompL22.qConnect.2","qConnect","99","99","2",0.615637677742497,NA
"2963","L1CompL3.qConnect.2","qConnect","99","99","2",0.216235871462049,NA
"2964","L1CompL32.qConnect.2","qConnect","99","99","2",-0.0813136599994559,NA
"2965","L1CompR1.qConnect.2","qConnect","99","99","2",0.523094408413341,NA
"2966","L1CompR12.qConnect.2","qConnect","99","99","2",0.522973960559171,NA
"2967","L12CompL2.qConnect.2","qConnect","99","99","2",0.234114240907229,NA
"2968","L12CompL22.qConnect.2","qConnect","99","99","2",0.498727288391156,NA
"2969","L12CompL3.qConnect.2","qConnect","99","99","2",-0.022159424124701,NA
"2970","L12CompL32.qConnect.2","qConnect","99","99","2",-0.410213746404824,NA
"2971","L12CompR1.qConnect.2","qConnect","99","99","2",0.378035397247113,NA
"2972","L12CompR12.qConnect.2","qConnect","99","99","2",0.377878313113287,NA
"2973","L2CompL3.qConnect.2","qConnect","99","99","2",-0.334610824120165,NA
"2974","L2CompL32.qConnect.2","qConnect","99","99","2",-0.841284721203449,NA
"2975","L2CompR1.qConnect.2","qConnect","99","99","2",0.187914652585219,NA
"2976","L2CompR12.qConnect.2","qConnect","99","99","2",0.187709551325715,NA
"2977","L22CompL3.qConnect.2","qConnect","99","99","2",-1.03912840346737,NA
"2978","L22CompL32.qConnect.2","qConnect","99","99","2",-1.81326653884413,NA
"2979","L22CompR1.qConnect.2","qConnect","99","99","2",-0.240770918402239,NA
"2980","L22CompR12.qConnect.2","qConnect","99","99","2",-0.241084289009073,NA
"2981","L3CompR1.qConnect.2","qConnect","99","99","2",0.391518986105823,NA
"2982","L3CompR12.qConnect.2","qConnect","99","99","2",0.391365307403539,NA
"2983","L32CompR1.qConnect.2","qConnect","99","99","2",0.558957211742892,NA
"2984","L32CompR12.qConnect.2","qConnect","99","99","2",0.558845821441793,NA
"2985","DCompL1.qTau1.2","qTau1","99","99","2",-2.78976895019387,NA
"2986","DCompL12.qTau1.2","qTau1","99","99","2",-0.655124490783263,NA
"2987","DCompL2.qTau1.2","qTau1","99","99","2",-1.02645153264425,NA
"2988","DCompL22.qTau1.2","qTau1","99","99","2",-0.970702900670546,NA
"2989","DCompL3.qTau1.2","qTau1","99","99","2",-0.286220245582373,NA
"2990","DCompL32.qTau1.2","qTau1","99","99","2",-0.593893101980081,NA
"2991","DCompR1.qTau1.2","qTau1","99","99","2",-0.997471295908753,NA
"2992","DCompR12.qTau1.2","qTau1","99","99","2",-1.08525288935868,NA
"2993","L1CompL2.qTau1.2","qTau1","99","99","2",0.465283620379922,NA
"2994","L1CompL22.qTau1.2","qTau1","99","99","2",0.479993918740156,NA
"2995","L1CompL3.qTau1.2","qTau1","99","99","2",0.66060721313457,NA
"2996","L1CompL32.qTau1.2","qTau1","99","99","2",0.579422090653167,NA
"2997","L1CompR1.qTau1.2","qTau1","99","99","2",0.472930587019937,NA
"2998","L1CompR12.qTau1.2","qTau1","99","99","2",0.449767804643604,NA
"2999","L12CompL2.qTau1.2","qTau1","99","99","2",-0.224349916836324,NA
"3000","L12CompL22.qTau1.2","qTau1","99","99","2",-0.190667476461508,NA
"3001","L12CompL3.qTau1.2","qTau1","99","99","2",0.222886101471625,NA
"3002","L12CompL32.qTau1.2","qTau1","99","99","2",0.03699503520379,NA
"3003","L12CompR1.qTau1.2","qTau1","99","99","2",-0.206840516850476,NA
"3004","L12CompR12.qTau1.2","qTau1","99","99","2",-0.259876765144029,NA
"3005","L2CompL3.qTau1.2","qTau1","99","99","2",0.365284476404907,NA
"3006","L2CompL32.qTau1.2","qTau1","99","99","2",0.213456094900892,NA
"3007","L2CompR1.qTau1.2","qTau1","99","99","2",0.014300976987928,NA
"3008","L2CompR12.qTau1.2","qTau1","99","99","2",-0.029016907518976,NA
"3009","L22CompL3.qTau1.2","qTau1","99","99","2",0.347329196529458,NA
"3010","L22CompL32.qTau1.2","qTau1","99","99","2",0.191205786809495,NA
"3011","L22CompR1.qTau1.2","qTau1","99","99","2",-0.0135831713796631,NA
"3012","L22CompR12.qTau1.2","qTau1","99","99","2",-0.0581264627200543,NA
"3013","L3CompR1.qTau1.2","qTau1","99","99","2",-0.552977651198719,NA
"3014","L3CompR12.qTau1.2","qTau1","99","99","2",-0.621225366744649,NA
"3015","L32CompR1.qTau1.2","qTau1","99","99","2",-0.253202798498413,NA
"3016","L32CompR12.qTau1.2","qTau1","99","99","2",-0.30827650033003,NA
"3017","DCompL1.qTau2.2","qTau2","99","99","2",-2.00949121678167,NA
"3018","DCompL12.qTau2.2","qTau2","99","99","2",-6.29605244937424,NA
"3019","DCompL2.qTau2.2","qTau2","99","99","2",-4.59840891618347,NA
"3020","DCompL22.qTau2.2","qTau2","99","99","2",-1.39126389597539,NA
"3021","DCompL3.qTau2.2","qTau2","99","99","2",-3.54732866502097,NA
"3022","DCompL32.qTau2.2","qTau2","99","99","2",-7.73191201353231,NA
"3023","DCompR1.qTau2.2","qTau2","99","99","2",-0.37281301342196,NA
"3024","DCompR12.qTau2.2","qTau2","99","99","2",-0.0455674989455223,NA
"3025","L1CompL2.qTau2.2","qTau2","99","99","2",-0.860250957027339,NA
"3026","L1CompL22.qTau2.2","qTau2","99","99","2",0.205425859812745,NA
"3027","L1CompL3.qTau2.2","qTau2","99","99","2",-0.510995825362089,NA
"3028","L1CompL32.qTau2.2","qTau2","99","99","2",-1.90145788259524,NA
"3029","L1CompR1.qTau2.2","qTau2","99","99","2",0.543838837021083,NA
"3030","L1CompR12.qTau2.2","qTau2","99","99","2",0.652576657105633,NA
"3031","L12CompL2.qTau2.2","qTau2","99","99","2",0.232679732632182,NA
"3032","L12CompL22.qTau2.2","qTau2","99","99","2",0.672252370364953,NA
"3033","L12CompL3.qTau2.2","qTau2","99","99","2",0.376741231429747,NA
"3034","L12CompL32.qTau2.2","qTau2","99","99","2",-0.196799512355646,NA
"3035","L12CompR1.qTau2.2","qTau2","99","99","2",0.811841674255001,NA
"3036","L12CompR12.qTau2.2","qTau2","99","99","2",0.856694081326787,NA
"3037","L2CompL3.qTau2.2","qTau2","99","99","2",0.187746244852553,NA
"3038","L2CompL32.qTau2.2","qTau2","99","99","2",-0.559713151408206,NA
"3039","L2CompR1.qTau2.2","qTau2","99","99","2",0.754785148070636,NA
"3040","L2CompR12.qTau2.2","qTau2","99","99","2",0.813238454961181,NA
"3041","L22CompL3.qTau2.2","qTau2","99","99","2",-0.901642337625029,NA
"3042","L22CompL32.qTau2.2","qTau2","99","99","2",-2.65158861312988,NA
"3043","L22CompR1.qTau2.2","qTau2","99","99","2",0.425904846498761,NA
"3044","L22CompR12.qTau2.2","qTau2","99","99","2",0.562755285727659,NA
"3045","L3CompR1.qTau2.2","qTau2","99","99","2",0.69810561000749,NA
"3046","L3CompR12.qTau2.2","qTau2","99","99","2",0.770069951840461,NA
"3047","L32CompR1.qTau2.2","qTau2","99","99","2",0.8427820835466,NA
"3048","L32CompR12.qTau2.2","qTau2","99","99","2",0.88025904322843,NA
"3049","DCompL1.qNPQ.2","qNPQ","99","99","2",0.887053544243037,NA
"3050","DCompL12.qNPQ.2","qNPQ","99","99","2",0.566544672061818,NA
"3051","DCompL2.qNPQ.2","qNPQ","99","99","2",0.567216322382758,NA
"3052","DCompL22.qNPQ.2","qNPQ","99","99","2",0.665716896777622,NA
"3053","DCompL3.qNPQ.2","qNPQ","99","99","2",0.703767025688846,NA
"3054","DCompL32.qNPQ.2","qNPQ","99","99","2",0.46445744137019,NA
"3055","DCompR1.qNPQ.2","qNPQ","99","99","2",0.399094097608471,NA
"3056","DCompR12.qNPQ.2","qNPQ","99","99","2",0.527483659936181,NA
"3057","L1CompL2.qNPQ.2","qNPQ","99","99","2",-2.83175970168112,NA
"3058","L1CompL22.qNPQ.2","qNPQ","99","99","2",-1.9596599643789,NA
"3059","L1CompL3.qNPQ.2","qNPQ","99","99","2",-1.62277352862301,NA
"3060","L1CompL32.qNPQ.2","qNPQ","99","99","2",-3.74156143316425,NA
"3061","L1CompR1.qNPQ.2","qNPQ","99","99","2",-4.32027232164371,NA
"3062","L1CompR12.qNPQ.2","qNPQ","99","99","2",-3.18354287345299,NA
"3063","L12CompL2.qNPQ.2","qNPQ","99","99","2",0.00154952604720404,NA
"3064","L12CompL22.qNPQ.2","qNPQ","99","99","2",0.228794568491145,NA
"3065","L12CompL3.qNPQ.2","qNPQ","99","99","2",0.316577845010589,NA
"3066","L12CompL32.qNPQ.2","qNPQ","99","99","2",-0.235519612083734,NA
"3067","L12CompR1.qNPQ.2","qNPQ","99","99","2",-0.386315644682139,NA
"3068","L12CompR12.qNPQ.2","qNPQ","99","99","2",-0.0901154273761927,NA
"3069","L2CompL3.qNPQ.2","qNPQ","99","99","2",0.315517221115845,NA
"3070","L2CompL32.qNPQ.2","qNPQ","99","99","2",-0.237437053029179,NA
"3071","L2CompR1.qNPQ.2","qNPQ","99","99","2",-0.388467110635755,NA
"3072","L2CompR12.qNPQ.2","qNPQ","99","99","2",-0.0918072110882992,NA
"3073","L22CompL3.qNPQ.2","qNPQ","99","99","2",0.113826061037585,NA
"3074","L22CompL32.qNPQ.2","qNPQ","99","99","2",-0.602062902573771,NA
"3075","L22CompR1.qNPQ.2","qNPQ","99","99","2",-0.797595800083808,NA
"3076","L22CompR12.qNPQ.2","qNPQ","99","99","2",-0.413521459831258,NA
"3077","L3CompR1.qNPQ.2","qNPQ","99","99","2",-1.0284909328168,NA
"3078","L3CompR12.qNPQ.2","qNPQ","99","99","2",-0.59508353572922,NA
"3079","L32CompR1.qNPQ.2","qNPQ","99","99","2",-0.122050699255258,NA
"3080","L32CompR12.qNPQ.2","qNPQ","99","99","2",0.117686666634384,NA
"3081","DCompL1.qqP.2","qqP","99","99","2",0.821870385661763,NA
"3082","DCompL12.qqP.2","qqP","99","99","2",0.547092139691157,NA
"3083","DCompL2.qqP.2","qqP","99","99","2",0.500285259617406,NA
"3084","DCompL22.qqP.2","qqP","99","99","2",0.52312579272802,NA
"3085","DCompL3.qqP.2","qqP","99","99","2",0.649477391878544,NA
"3086","DCompL32.qqP.2","qqP","99","99","2",0.477130310458287,NA
"3087","DCompR1.qqP.2","qqP","99","99","2",0.288633148216428,NA
"3088","DCompR12.qqP.2","qqP","99","99","2",0.327238930139364,NA
"3089","L1CompL2.qqP.2","qqP","99","99","2",-1.80534341377802,NA
"3090","L1CompL22.qqP.2","qqP","99","99","2",-1.67711918112885,NA
"3091","L1CompL3.qqP.2","qqP","99","99","2",-0.967795245185191,NA
"3092","L1CompL32.qqP.2","qqP","99","99","2",-1.93533274343071,NA
"3093","L1CompR1.qqP.2","qqP","99","99","2",-2.99353501340214,NA
"3094","L1CompR12.qqP.2","qqP","99","99","2",-2.77680641346463,NA
"3095","L12CompL2.qqP.2","qqP","99","99","2",-0.103347466837587,NA
"3096","L12CompL22.qqP.2","qqP","99","99","2",-0.0529166063640276,NA
"3097","L12CompL3.qqP.2","qqP","99","99","2",0.226061989998517,NA
"3098","L12CompL32.qqP.2","qqP","99","99","2",-0.15447254367624,NA
"3099","L12CompR1.qqP.2","qqP","99","99","2",-0.570665722821599,NA
"3100","L12CompR12.qqP.2","qqP","99","99","2",-0.485425908488039,NA
"3101","L2CompL3.qqP.2","qqP","99","99","2",0.298554595661743,NA
"3102","L2CompL32.qqP.2","qqP","99","99","2",-0.0463363340881063,NA
"3103","L2CompR1.qqP.2","qqP","99","99","2",-0.423545863864117,NA
"3104","L2CompR12.qqP.2","qqP","99","99","2",-0.346290224189814,NA
"3105","L22CompL3.qqP.2","qqP","99","99","2",0.26495792228591,NA
"3106","L22CompL32.qqP.2","qqP","99","99","2",-0.0964520235490529,NA
"3107","L22CompR1.qqP.2","qqP","99","99","2",-0.491728512332503,NA
"3108","L22CompR12.qqP.2","qqP","99","99","2",-0.41077260963484,NA
"3109","L3CompR1.qqP.2","qqP","99","99","2",-1.02944641886575,NA
"3110","L3CompR12.qqP.2","qqP","99","99","2",-0.919308638795492,NA
"3111","L32CompR1.qqP.2","qqP","99","99","2",-0.360505047456613,NA
"3112","L32CompR12.qqP.2","qqP","99","99","2",-0.286670624281743,NA
"3113","DCompL1.qABQ.2","qABQ","99","99","2",0,NA
"3114","DCompL12.qABQ.2","qABQ","99","99","2",0,NA
"3115","DCompL2.qABQ.2","qABQ","99","99","2",0,NA
"3116","DCompL22.qABQ.2","qABQ","99","99","2",0,NA
"3117","DCompL3.qABQ.2","qABQ","99","99","2",0,NA
"3118","DCompL32.qABQ.2","qABQ","99","99","2",0,NA
"3119","DCompR1.qABQ.2","qABQ","99","99","2",1,NA
"3120","DCompR12.qABQ.2","qABQ","99","99","2",1,NA
"3121","L1CompL2.qABQ.2","qABQ","99","99","2",0.70557555622505,NA
"3122","L1CompL22.qABQ.2","qABQ","99","99","2",0.921870577075122,NA
"3123","L1CompL3.qABQ.2","qABQ","99","99","2",0.31825755708245,NA
"3124","L1CompL32.qABQ.2","qABQ","99","99","2",0.167968780491278,NA
"3125","L1CompR1.qABQ.2","qABQ","99","99","2",1.09690361496796,NA
"3126","L1CompR12.qABQ.2","qABQ","99","99","2",1.26141023439103,NA
"3127","L12CompL2.qABQ.2","qABQ","99","99","2",0.465175212505051,NA
"3128","L12CompL22.qABQ.2","qABQ","99","99","2",0.858077164120108,NA
"3129","L12CompL3.qABQ.2","qABQ","99","99","2",-0.238391597126922,NA
"3130","L12CompL32.qABQ.2","qABQ","99","99","2",-0.511392581599149,NA
"3131","L12CompR1.qABQ.2","qABQ","99","99","2",1.17602633333782,NA
"3132","L12CompR12.qABQ.2","qABQ","99","99","2",1.47485416382091,NA
"3133","L2CompL3.qABQ.2","qABQ","99","99","2",-1.31550897804754,NA
"3134","L2CompL32.qABQ.2","qABQ","99","99","2",-1.8259583641931,NA
"3135","L2CompR1.qABQ.2","qABQ","99","99","2",1.32912897355095,NA
"3136","L2CompR12.qABQ.2","qABQ","99","99","2",1.88786865329309,NA
"3137","L22CompL3.qABQ.2","qABQ","99","99","2",-7.72580927127864,NA
"3138","L22CompL32.qABQ.2","qABQ","99","99","2",-9.64939671074656,NA
"3139","L22CompR1.qABQ.2","qABQ","99","99","2",2.24029605416557,NA
"3140","L22CompR12.qABQ.2","qABQ","99","99","2",4.34586157947668,NA
"3141","L3CompR1.qABQ.2","qABQ","99","99","2",1.14214109151435,NA
"3142","L3CompR12.qABQ.2","qABQ","99","99","2",1.3834442715233,NA
"3143","L32CompR1.qABQ.2","qABQ","99","99","2",1.11646632084933,NA
"3144","L32CompR12.qABQ.2","qABQ","99","99","2",1.31418320402134,NA
"3145","DCompL1.qqm.2","qqm","99","99","2",0,NA
"3146","DCompL12.qqm.2","qqm","99","99","2",0,NA
"3147","DCompL2.qqm.2","qqm","99","99","2",0,NA
"3148","DCompL22.qqm.2","qqm","99","99","2",0,NA
"3149","DCompL3.qqm.2","qqm","99","99","2",0,NA
"3150","DCompL32.qqm.2","qqm","99","99","2",0,NA
"3151","DCompR1.qqm.2","qqm","99","99","2",0,NA
"3152","DCompR12.qqm.2","qqm","99","99","2",0,NA
"3153","L1CompL2.qqm.2","qqm","99","99","2",0.187813793519741,NA
"3154","L1CompL22.qqm.2","qqm","99","99","2",0.30948629799651,NA
"3155","L1CompL3.qqm.2","qqm","99","99","2",0.0383401885000871,NA
"3156","L1CompL32.qqm.2","qqm","99","99","2",0.0658469200870045,NA
"3157","L1CompR1.qqm.2","qqm","99","99","2",0.542551553522925,NA
"3158","L1CompR12.qqm.2","qqm","99","99","2",0.628919327585543,NA
"3159","L12CompL2.qqm.2","qqm","99","99","2",0.145317614475263,NA
"3160","L12CompL22.qqm.2","qqm","99","99","2",0.273356413397541,NA
"3161","L12CompL3.qqm.2","qqm","99","99","2",-0.0119769274559723,NA
"3162","L12CompL32.qqm.2","qqm","99","99","2",0.0169690442720844,NA
"3163","L12CompR1.qqm.2","qqm","99","99","2",0.518616388249245,NA
"3164","L12CompR12.qqm.2","qqm","99","99","2",0.609503200385834,NA
"3165","L2CompL3.qqm.2","qqm","99","99","2",-0.184038590937688,NA
"3166","L2CompL32.qqm.2","qqm","99","99","2",-0.150171072174815,NA
"3167","L2CompR1.qqm.2","qqm","99","99","2",0.436769003429026,NA
"3168","L2CompR12.qqm.2","qqm","99","99","2",0.543108871520245,NA
"3169","L22CompL3.qqm.2","qqm","99","99","2",-0.392673032714204,NA
"3170","L22CompL32.qqm.2","qqm","99","99","2",-0.352837861439387,NA
"3171","L22CompR1.qqm.2","qqm","99","99","2",0.337524447161857,NA
"3172","L22CompR12.qqm.2","qqm","99","99","2",0.462602014503427,NA
"3173","L3CompR1.qqm.2","qqm","99","99","2",0.524313649164992,NA
"3174","L3CompR12.qqm.2","qqm","99","99","2",0.614124799667278,NA
"3175","L32CompR1.qqm.2","qqm","99","99","2",0.510306762014122,NA
"3176","L32CompR12.qqm.2","qqm","99","99","2",0.602762458965485,NA
"3177","DCompL1.qQuant.3","qQuant","99","99","3",0.853525808892677,NA
"3178","DCompL12.qQuant.3","qQuant","99","99","3",0.815901971807398,NA
"3179","DCompL2.qQuant.3","qQuant","99","99","3",0.702749586294472,NA
"3180","DCompL22.qQuant.3","qQuant","99","99","3",0.607352036555863,NA
"3181","DCompL3.qQuant.3","qQuant","99","99","3",0.821768574776096,NA
"3182","DCompL32.qQuant.3","qQuant","99","99","3",0.814576890580275,NA
"3183","DCompR1.qQuant.3","qQuant","99","99","3",0.389211559110413,NA
"3184","DCompR12.qQuant.3","qQuant","99","99","3",0.316644859959599,NA
"3185","L1CompL2.qQuant.3","qQuant","99","99","3",-1.0293705768802,NA
"3186","L1CompL22.qQuant.3","qQuant","99","99","3",-1.68066312894973,NA
"3187","L1CompL3.qQuant.3","qQuant","99","99","3",-0.216811124721021,NA
"3188","L1CompL32.qQuant.3","qQuant","99","99","3",-0.265909768935766,NA
"3189","L1CompR1.qQuant.3","qQuant","99","99","3",-3.16993899247449,NA
"3190","L1CompR12.qQuant.3","qQuant","99","99","3",-3.66536210150292,NA
"3191","L12CompL2.qQuant.3","qQuant","99","99","3",-0.614631164840873,NA
"3192","L12CompL22.qQuant.3","qQuant","99","99","3",-1.13282003777549,NA
"3193","L12CompL3.qQuant.3","qQuant","99","99","3",0.031866734403915,NA
"3194","L12CompL32.qQuant.3","qQuant","99","99","3",-0.00719769375116108,NA
"3195","L12CompR1.qQuant.3","qQuant","99","99","3",-2.31773483337141,NA
"3196","L12CompR12.qQuant.3","qQuant","99","99","3",-2.71190906686671,NA
"3197","L2CompL3.qQuant.3","qQuant","99","99","3",0.400399740400466,NA
"3198","L2CompL32.qQuant.3","qQuant","99","99","3",0.376205714541362,NA
"3199","L2CompR1.qQuant.3","qQuant","99","99","3",-1.05479424999107,NA
"3200","L2CompR12.qQuant.3","qQuant","99","99","3",-1.29892073663308,NA
"3201","L22CompL3.qQuant.3","qQuant","99","99","3",0.546078314884063,NA
"3202","L22CompL32.qQuant.3","qQuant","99","99","3",0.527762457257454,NA
"3203","L22CompR1.qQuant.3","qQuant","99","99","3",-0.555562482820529,NA
"3204","L22CompR12.qQuant.3","qQuant","99","99","3",-0.740376122280901,NA
"3205","L3CompR1.qQuant.3","qQuant","99","99","3",-2.42694022741659,NA
"3206","L3CompR12.qQuant.3","qQuant","99","99","3",-2.83408896148328,NA
"3207","L32CompR1.qQuant.3","qQuant","99","99","3",-2.29402544699541,NA
"3208","L32CompR12.qQuant.3","qQuant","99","99","3",-2.68538281004421,NA
"3209","DCompL1.qSigma.3","qSigma","99","99","3",0.353835844240224,NA
"3210","DCompL12.qSigma.3","qSigma","99","99","3",0.219827244456634,NA
"3211","DCompL2.qSigma.3","qSigma","99","99","3",0.0396782435672934,NA
"3212","DCompL22.qSigma.3","qSigma","99","99","3",-0.0497555442056551,NA
"3213","DCompL3.qSigma.3","qSigma","99","99","3",0.286405913963018,NA
"3214","DCompL32.qSigma.3","qSigma","99","99","3",0.272631831538787,NA
"3215","DCompR1.qSigma.3","qSigma","99","99","3",-0.0615233789987423,NA
"3216","DCompR12.qSigma.3","qSigma","99","99","3",-0.10834593946186,NA
"3217","L1CompL2.qSigma.3","qSigma","99","99","3",-0.486188529451214,NA
"3218","L1CompL22.qSigma.3","qSigma","99","99","3",-0.624595754574666,NA
"3219","L1CompL3.qSigma.3","qSigma","99","99","3",-0.104354179469953,NA
"3220","L1CompL32.qSigma.3","qSigma","99","99","3",-0.125670871678042,NA
"3221","L1CompR1.qSigma.3","qSigma","99","99","3",-0.642807589273622,NA
"3222","L1CompR12.qSigma.3","qSigma","99","99","3",-0.715269919543338,NA
"3223","L12CompL2.qSigma.3","qSigma","99","99","3",-0.230909115461066,NA
"3224","L12CompL22.qSigma.3","qSigma","99","99","3",-0.345542428579852,NA
"3225","L12CompL3.qSigma.3","qSigma","99","99","3",0.0853383677311485,NA
"3226","L12CompL32.qSigma.3","qSigma","99","99","3",0.0676831979929574,NA
"3227","L12CompR1.qSigma.3","qSigma","99","99","3",-0.360626055519492,NA
"3228","L12CompR12.qSigma.3","qSigma","99","99","3",-0.420641686840156,NA
"3229","L2CompL3.qSigma.3","qSigma","99","99","3",0.256921879300371,NA
"3230","L2CompL32.qSigma.3","qSigma","99","99","3",0.242578684082763,NA
"3231","L2CompR1.qSigma.3","qSigma","99","99","3",-0.1053830363502,NA
"3232","L2CompR12.qSigma.3","qSigma","99","99","3",-0.154140195239371,NA
"3233","L22CompL3.qSigma.3","qSigma","99","99","3",0.320228323655146,NA
"3234","L22CompL32.qSigma.3","qSigma","99","99","3",0.307107095098403,NA
"3235","L22CompR1.qSigma.3","qSigma","99","99","3",-0.0112100715809907,NA
"3236","L22CompR12.qSigma.3","qSigma","99","99","3",-0.05581337062672,NA
"3237","L3CompR1.qSigma.3","qSigma","99","99","3",-0.487573117224136,NA
"3238","L3CompR12.qSigma.3","qSigma","99","99","3",-0.553188235649726,NA
"3239","L32CompR1.qSigma.3","qSigma","99","99","3",-0.459403126266101,NA
"3240","L32CompR12.qSigma.3","qSigma","99","99","3",-0.523775699184948,NA
"3241","DCompL1.qConnect.3","qConnect","99","99","3",-0.551994369550761,NA
"3242","DCompL12.qConnect.3","qConnect","99","99","3",0.0292102441078702,NA
"3243","DCompL2.qConnect.3","qConnect","99","99","3",0.148080399173918,NA
"3244","DCompL22.qConnect.3","qConnect","99","99","3",0.315906052527824,NA
"3245","DCompL3.qConnect.3","qConnect","99","99","3",-0.381211381785188,NA
"3246","DCompL32.qConnect.3","qConnect","99","99","3",-0.131688026421532,NA
"3247","DCompR1.qConnect.3","qConnect","99","99","3",0.281212132366821,NA
"3248","DCompR12.qConnect.3","qConnect","99","99","3",0.381509478738121,NA
"3249","L1CompL2.qConnect.3","qConnect","99","99","3",0.451080740020547,NA
"3250","L1CompL22.qConnect.3","qConnect","99","99","3",0.559216218245564,NA
"3251","L1CompL3.qConnect.3","qConnect","99","99","3",0.110040984114528,NA
"3252","L1CompL32.qConnect.3","qConnect","99","99","3",0.270816925225631,NA
"3253","L1CompR1.qConnect.3","qConnect","99","99","3",0.536861807146092,NA
"3254","L1CompR12.qConnect.3","qConnect","99","99","3",0.601486620443792,NA
"3255","L12CompL2.qConnect.3","qConnect","99","99","3",0.122446857668795,NA
"3256","L12CompL22.qConnect.3","qConnect","99","99","3",0.295322243235342,NA
"3257","L12CompL3.qConnect.3","qConnect","99","99","3",-0.422770866093341,NA
"3258","L12CompL32.qConnect.3","qConnect","99","99","3",-0.165739563641708,NA
"3259","L12CompR1.qConnect.3","qConnect","99","99","3",0.259584412309097,NA
"3260","L12CompR12.qConnect.3","qConnect","99","99","3",0.362899621150716,NA
"3261","L2CompL3.qConnect.3","qConnect","99","99","3",-0.621293113159819,NA
"3262","L2CompL32.qConnect.3","qConnect","99","99","3",-0.328397686030662,NA
"3263","L2CompR1.qConnect.3","qConnect","99","99","3",0.156272649512711,NA
"3264","L2CompR12.qConnect.3","qConnect","99","99","3",0.274003649332464,NA
"3265","L22CompL3.qConnect.3","qConnect","99","99","3",-1.01903757062749,NA
"3266","L22CompL32.qConnect.3","qConnect","99","99","3",-0.654287441956298,NA
"3267","L22CompR1.qConnect.3","qConnect","99","99","3",-0.0507151397687441,NA
"3268","L22CompR12.qConnect.3","qConnect","99","99","3",0.0958982701903889,NA
"3269","L3CompR1.qConnect.3","qConnect","99","99","3",0.479596043652522,NA
"3270","L3CompR12.qConnect.3","qConnect","99","99","3",0.552211537337252,NA
"3271","L32CompR1.qConnect.3","qConnect","99","99","3",0.364853342218322,NA
"3272","L32CompR12.qConnect.3","qConnect","99","99","3",0.453479663280008,NA
"3273","DCompL1.qTau1.3","qTau1","99","99","3",-1.81914541677292,NA
"3274","DCompL12.qTau1.3","qTau1","99","99","3",-0.821572155638538,NA
"3275","DCompL2.qTau1.3","qTau1","99","99","3",-0.672721024353361,NA
"3276","DCompL22.qTau1.3","qTau1","99","99","3",-0.884961555066884,NA
"3277","DCompL3.qTau1.3","qTau1","99","99","3",-1.053983239658,NA
"3278","DCompL32.qTau1.3","qTau1","99","99","3",-0.822536901934872,NA
"3279","DCompR1.qTau1.3","qTau1","99","99","3",-0.698629242077773,NA
"3280","DCompR12.qTau1.3","qTau1","99","99","3",-0.963245622749919,NA
"3281","L1CompL2.qTau1.3","qTau1","99","99","3",0.4066567072414,NA
"3282","L1CompL22.qTau1.3","qTau1","99","99","3",0.331371292927272,NA
"3283","L1CompL3.qTau1.3","qTau1","99","99","3",0.27141635637611,NA
"3284","L1CompL32.qTau1.3","qTau1","99","99","3",0.353514405077716,NA
"3285","L1CompR1.qTau1.3","qTau1","99","99","3",0.39746661099086,NA
"3286","L1CompR12.qTau1.3","qTau1","99","99","3",0.303602570101812,NA
"3287","L12CompL2.qTau1.3","qTau1","99","99","3",0.0817157480281084,NA
"3288","L12CompL22.qTau1.3","qTau1","99","99","3",-0.0347992799692993,NA
"3289","L12CompL3.qTau1.3","qTau1","99","99","3",-0.127588184360446,NA
"3290","L12CompL32.qTau1.3","qTau1","99","99","3",-0.000529622882820247,NA
"3291","L12CompR1.qTau1.3","qTau1","99","99","3",0.0674927496998704,NA
"3292","L12CompR12.qTau1.3","qTau1","99","99","3",-0.0777753802795245,NA
"3293","L2CompL3.qTau1.3","qTau1","99","99","3",-0.22792934969657,NA
"3294","L2CompL32.qTau1.3","qTau1","99","99","3",-0.0895641744201949,NA
"3295","L2CompR1.qTau1.3","qTau1","99","99","3",-0.0154886662792006,NA
"3296","L2CompR12.qTau1.3","qTau1","99","99","3",-0.173683832609725,NA
"3297","L22CompL3.qTau1.3","qTau1","99","99","3",-0.0896685049818545,NA
"3298","L22CompL32.qTau1.3","qTau1","99","99","3",0.0331172022921158,NA
"3299","L22CompR1.qTau1.3","qTau1","99","99","3",0.0988520495223041,NA
"3300","L22CompR12.qTau1.3","qTau1","99","99","3",-0.041530856410627,NA
"3301","L3CompR1.qTau1.3","qTau1","99","99","3",0.173007252795012,NA
"3302","L3CompR12.qTau1.3","qTau1","99","99","3",0.0441764154429967,NA
"3303","L32CompR1.qTau1.3","qTau1","99","99","3",0.0679863654478297,NA
"3304","L32CompR12.qTau1.3","qTau1","99","99","3",-0.0772048679319824,NA
"3305","DCompL1.qTau2.3","qTau2","99","99","3",-1.97114845749809,NA
"3306","DCompL12.qTau2.3","qTau2","99","99","3",-4.65546949891838,NA
"3307","DCompL2.qTau2.3","qTau2","99","99","3",-1.83407005381815,NA
"3308","DCompL22.qTau2.3","qTau2","99","99","3",-1.241414102179,NA
"3309","DCompL3.qTau2.3","qTau2","99","99","3",-6.28193230965519,NA
"3310","DCompL32.qTau2.3","qTau2","99","99","3",-9.29332132555658,NA
"3311","DCompR1.qTau2.3","qTau2","99","99","3",-0.31395066499772,NA
"3312","DCompR12.qTau2.3","qTau2","99","99","3",-0.115026499334212,NA
"3313","L1CompL2.qTau2.3","qTau2","99","99","3",0.0461365043318543,NA
"3314","L1CompL22.qTau2.3","qTau2","99","99","3",0.24560683040846,NA
"3315","L1CompL3.qTau2.3","qTau2","99","99","3",-1.4508813389241,NA
"3316","L1CompL32.qTau2.3","qTau2","99","99","3",-2.46442511129998,NA
"3317","L1CompR1.qTau2.3","qTau2","99","99","3",0.55776337541068,NA
"3318","L1CompR12.qTau2.3","qTau2","99","99","3",0.624715319586171,NA
"3319","L12CompL2.qTau2.3","qTau2","99","99","3",0.498879791614088,NA
"3320","L12CompL22.qTau2.3","qTau2","99","99","3",0.603673204743183,NA
"3321","L12CompL3.qTau2.3","qTau2","99","99","3",-0.2875911206042,NA
"3322","L12CompL32.qTau2.3","qTau2","99","99","3",-0.820064864203617,NA
"3323","L12CompR1.qTau2.3","qTau2","99","99","3",0.767667270551275,NA
"3324","L12CompR12.qTau2.3","qTau2","99","99","3",0.802841037415644,NA
"3325","L2CompL3.qTau2.3","qTau2","99","99","3",-1.56942565687279,NA
"3326","L2CompL32.qTau2.3","qTau2","99","99","3",-2.63199255137998,NA
"3327","L2CompR1.qTau2.3","qTau2","99","99","3",0.536373258230676,NA
"3328","L2CompR12.qTau2.3","qTau2","99","99","3",0.6065635364828,NA
"3329","L22CompL3.qTau2.3","qTau2","99","99","3",-2.24881167767082,NA
"3330","L22CompL32.qTau2.3","qTau2","99","99","3",-3.59233361454712,NA
"3331","L22CompR1.qTau2.3","qTau2","99","99","3",0.413784956684105,NA
"3332","L22CompR12.qTau2.3","qTau2","99","99","3",0.502534360674257,NA
"3333","L3CompR1.qTau2.3","qTau2","99","99","3",0.819560164922772,NA
"3334","L3CompR12.qTau2.3","qTau2","99","99","3",0.846877662148028,NA
"3335","L32CompR1.qTau2.3","qTau2","99","99","3",0.872349203581608,NA
"3336","L32CompR12.qTau2.3","qTau2","99","99","3",0.89167476035497,NA
"3337","DCompL1.qNPQ.3","qNPQ","99","99","3",0.897511836076487,NA
"3338","DCompL12.qNPQ.3","qNPQ","99","99","3",0.581227938348591,NA
"3339","DCompL2.qNPQ.3","qNPQ","99","99","3",0.575126619182265,NA
"3340","DCompL22.qNPQ.3","qNPQ","99","99","3",0.662855606646895,NA
"3341","DCompL3.qNPQ.3","qNPQ","99","99","3",0.71374841872042,NA
"3342","DCompL32.qNPQ.3","qNPQ","99","99","3",0.476964320184484,NA
"3343","DCompR1.qNPQ.3","qNPQ","99","99","3",0.413005647075173,NA
"3344","DCompR12.qNPQ.3","qNPQ","99","99","3",0.531480860422738,NA
"3345","L1CompL2.qNPQ.3","qNPQ","99","99","3",-3.14558486124132,NA
"3346","L1CompL22.qNPQ.3","qNPQ","99","99","3",-2.28959345593034,NA
"3347","L1CompL3.qNPQ.3","qNPQ","99","99","3",-1.79302087500767,NA
"3348","L1CompL32.qNPQ.3","qNPQ","99","99","3",-4.10337642701705,NA
"3349","L1CompR1.qNPQ.3","qNPQ","99","99","3",-4.72743554429271,NA
"3350","L1CompR12.qNPQ.3","qNPQ","99","99","3",-3.57144631771253,NA
"3351","L12CompL2.qNPQ.3","qNPQ","99","99","3",-0.0145695468371658,NA
"3352","L12CompL22.qNPQ.3","qNPQ","99","99","3",0.194921475841557,NA
"3353","L12CompL3.qNPQ.3","qNPQ","99","99","3",0.316450146767766,NA
"3354","L12CompL32.qNPQ.3","qNPQ","99","99","3",-0.248974627755608,NA
"3355","L12CompR1.qNPQ.3","qNPQ","99","99","3",-0.401703711107282,NA
"3356","L12CompR12.qNPQ.3","qNPQ","99","99","3",-0.118792733521139,NA
"3357","L2CompL3.qNPQ.3","qNPQ","99","99","3",0.326266143742297,NA
"3358","L2CompL32.qNPQ.3","qNPQ","99","99","3",-0.231038948142273,NA
"3359","L2CompR1.qNPQ.3","qNPQ","99","99","3",-0.381574792459496,NA
"3360","L2CompR12.qNPQ.3","qNPQ","99","99","3",-0.102726508014044,NA
"3361","L22CompL3.qNPQ.3","qNPQ","99","99","3",0.15095256832648,NA
"3362","L22CompL32.qNPQ.3","qNPQ","99","99","3",-0.551369947498194,NA
"3363","L22CompR1.qNPQ.3","qNPQ","99","99","3",-0.741077011801423,NA
"3364","L22CompR12.qNPQ.3","qNPQ","99","99","3",-0.389669081895613,NA
"3365","L3CompR1.qNPQ.3","qNPQ","99","99","3",-1.05062396616602,NA
"3366","L3CompR12.qNPQ.3","qNPQ","99","99","3",-0.636739044315225,NA
"3367","L32CompR1.qNPQ.3","qNPQ","99","99","3",-0.122283575628856,NA
"3368","L32CompR12.qNPQ.3","qNPQ","99","99","3",0.104231015860109,NA
"3369","DCompL1.qqP.3","qqP","99","99","3",0.820635410404207,NA
"3370","DCompL12.qqP.3","qqP","99","99","3",0.548803059517894,NA
"3371","DCompL2.qqP.3","qqP","99","99","3",0.50035477184174,NA
"3372","DCompL22.qqP.3","qqP","99","99","3",0.520592299855537,NA
"3373","DCompL3.qqP.3","qqP","99","99","3",0.647019994996667,NA
"3374","DCompL32.qqP.3","qqP","99","99","3",0.481655432875015,NA
"3375","DCompR1.qqP.3","qqP","99","99","3",0.290046227874019,NA
"3376","DCompR12.qqP.3","qqP","99","99","3",0.324708130929837,NA
"3377","L1CompL2.qqP.3","qqP","99","99","3",-1.78564029435373,NA
"3378","L1CompL22.qqP.3","qqP","99","99","3",-1.67281129025987,NA
"3379","L1CompL3.qqP.3","qqP","99","99","3",-0.967946994436252,NA
"3380","L1CompL32.qqP.3","qqP","99","99","3",-1.88989353078609,NA
"3381","L1CompR1.qqP.3","qqP","99","99","3",-2.95816015706276,NA
"3382","L1CompR12.qqP.3","qqP","99","99","3",-2.76491185128551,NA
"3383","L12CompL2.qqP.3","qqP","99","99","3",-0.107377252213605,NA
"3384","L12CompL22.qqP.3","qqP","99","99","3",-0.0625242707368847,NA
"3385","L12CompL3.qqP.3","qqP","99","99","3",0.21768085433786,NA
"3386","L12CompL32.qqP.3","qqP","99","99","3",-0.14882110364297,NA
"3387","L12CompR1.qqP.3","qqP","99","99","3",-0.57348977448161,NA
"3388","L12CompR12.qqP.3","qqP","99","99","3",-0.49666765991057,NA
"3389","L2CompL3.qqP.3","qqP","99","99","3",0.293538724857935,NA
"3390","L2CompL32.qqP.3","qqP","99","99","3",-0.0374252327709645,NA
"3391","L2CompR1.qqP.3","qqP","99","99","3",-0.420915746044325,NA
"3392","L2CompR12.qqP.3","qqP","99","99","3",-0.35154271673794,NA
"3393","L22CompL3.qqP.3","qqP","99","99","3",0.263716446571537,NA
"3394","L22CompL32.qqP.3","qqP","99","99","3",-0.0812186933351055,NA
"3395","L22CompR1.qqP.3","qqP","99","99","3",-0.480897724237733,NA
"3396","L22CompR12.qqP.3","qqP","99","99","3",-0.408596209169507,NA
"3397","L3CompR1.qqP.3","qqP","99","99","3",-1.01131441459206,NA
"3398","L3CompR12.qqP.3","qqP","99","99","3",-0.913116492430746,NA
"3399","L32CompR1.qqP.3","qqP","99","99","3",-0.3696560495729,NA
"3400","L32CompR12.qqP.3","qqP","99","99","3",-0.302785660155929,NA
"3401","DCompL1.qABQ.3","qABQ","99","99","3",0,NA
"3402","DCompL12.qABQ.3","qABQ","99","99","3",0,NA
"3403","DCompL2.qABQ.3","qABQ","99","99","3",0,NA
"3404","DCompL22.qABQ.3","qABQ","99","99","3",1,NA
"3405","DCompL3.qABQ.3","qABQ","99","99","3",0,NA
"3406","DCompL32.qABQ.3","qABQ","99","99","3",0,NA
"3407","DCompR1.qABQ.3","qABQ","99","99","3",1,NA
"3408","DCompR12.qABQ.3","qABQ","99","99","3",1,NA
"3409","L1CompL2.qABQ.3","qABQ","99","99","3",0.887862566178131,NA
"3410","L1CompL22.qABQ.3","qABQ","99","99","3",1.14061759150629,NA
"3411","L1CompL3.qABQ.3","qABQ","99","99","3",0.190568398806498,NA
"3412","L1CompL32.qABQ.3","qABQ","99","99","3",0.229496287680525,NA
"3413","L1CompR1.qABQ.3","qABQ","99","99","3",1.17387548491829,NA
"3414","L1CompR12.qABQ.3","qABQ","99","99","3",1.30620396781594,NA
"3415","L12CompL2.qABQ.3","qABQ","99","99","3",0.819502611401198,NA
"3416","L12CompL22.qABQ.3","qABQ","99","99","3",1.22633929806399,NA
"3417","L12CompL3.qABQ.3","qABQ","99","99","3",-0.302868143896134,NA
"3418","L12CompL32.qABQ.3","qABQ","99","99","3",-0.240209475457299,NA
"3419","L12CompR1.qABQ.3","qABQ","99","99","3",1.27987149250228,NA
"3420","L12CompR12.qABQ.3","qABQ","99","99","3",1.49286856926977,NA
"3421","L2CompL3.qABQ.3","qABQ","99","99","3",-6.21821049052441,NA
"3422","L2CompL32.qABQ.3","qABQ","99","99","3",-5.87106603084412,NA
"3423","L2CompR1.qABQ.3","qABQ","99","99","3",2.55055701733371,NA
"3424","L2CompR12.qABQ.3","qABQ","99","99","3",3.73061329638007,NA
"3425","L22CompL3.qABQ.3","qABQ","99","99","3",6.75626130786979,NA
"3426","L22CompL32.qABQ.3","qABQ","99","99","3",6.47942618036524,NA
"3427","L22CompR1.qABQ.3","qABQ","99","99","3",-0.236513035501069,NA
"3428","L22CompR12.qABQ.3","qABQ","99","99","3",-1.17756515764414,NA
"3429","L3CompR1.qABQ.3","qABQ","99","99","3",1.21481183173713,NA
"3430","L3CompR12.qABQ.3","qABQ","99","99","3",1.37829504971691,NA
"3431","L32CompR1.qABQ.3","qABQ","99","99","3",1.22566469458644,NA
"3432","L32CompR12.qABQ.3","qABQ","99","99","3",1.39740751786148,NA
"3433","DCompL1.qqm.3","qqm","99","99","3",0,NA
"3434","DCompL12.qqm.3","qqm","99","99","3",0,NA
"3435","DCompL2.qqm.3","qqm","99","99","3",0,NA
"3436","DCompL22.qqm.3","qqm","99","99","3",0,NA
"3437","DCompL3.qqm.3","qqm","99","99","3",0,NA
"3438","DCompL32.qqm.3","qqm","99","99","3",0,NA
"3439","DCompR1.qqm.3","qqm","99","99","3",0,NA
"3440","DCompR12.qqm.3","qqm","99","99","3",0,NA
"3441","L1CompL2.qqm.3","qqm","99","99","3",0.176651040926127,NA
"3442","L1CompL22.qqm.3","qqm","99","99","3",0.288419834259246,NA
"3443","L1CompL3.qqm.3","qqm","99","99","3",0.0372071163937987,NA
"3444","L1CompL32.qqm.3","qqm","99","99","3",0.0456329707978396,NA
"3445","L1CompR1.qqm.3","qqm","99","99","3",0.543995559296142,NA
"3446","L1CompR12.qqm.3","qqm","99","99","3",0.629015482999397,NA
"3447","L12CompL2.qqm.3","qqm","99","99","3",0.138683799552868,NA
"3448","L12CompL22.qqm.3","qqm","99","99","3",0.255606607727094,NA
"3449","L12CompL3.qqm.3","qqm","99","99","3",-0.00719032821516808,NA
"3450","L12CompL32.qqm.3","qqm","99","99","3",0.00162406915647918,NA
"3451","L12CompR1.qqm.3","qqm","99","99","3",0.52296774298973,NA
"3452","L12CompR12.qqm.3","qqm","99","99","3",0.611908206008912,NA
"3453","L2CompL3.qqm.3","qqm","99","99","3",-0.169361876268331,NA
"3454","L2CompL32.qqm.3","qqm","99","99","3",-0.159128239228796,NA
"3455","L2CompR1.qqm.3","qqm","99","99","3",0.446158963731751,NA
"3456","L2CompR12.qqm.3","qqm","99","99","3",0.549420069203831,NA
"3457","L22CompL3.qqm.3","qqm","99","99","3",-0.35303501974923,NA
"3458","L22CompL32.qqm.3","qqm","99","99","3",-0.341193972443942,NA
"3459","L22CompR1.qqm.3","qqm","99","99","3",0.359166454240391,NA
"3460","L22CompR12.qqm.3","qqm","99","99","3",0.478646911673811,NA
"3461","L3CompR1.qqm.3","qqm","99","99","3",0.526373274596854,NA
"3462","L3CompR12.qqm.3","qqm","99","99","3",0.614678791962964,NA
"3463","L32CompR1.qqm.3","qqm","99","99","3",0.522191749347133,NA
"3464","L32CompR12.qqm.3","qqm","99","99","3",0.611276892800098,NA
"3465","DCompL1.qQuant.4","qQuant","99","99","4",0.854364719429117,NA
"3466","DCompL12.qQuant.4","qQuant","99","99","4",0.812922244509594,NA
"3467","DCompL2.qQuant.4","qQuant","99","99","4",0.678627495959206,NA
"3468","DCompL22.qQuant.4","qQuant","99","99","4",0.590985529122398,NA
"3469","DCompL3.qQuant.4","qQuant","99","99","4",0.811290802338938,NA
"3470","DCompL32.qQuant.4","qQuant","99","99","4",0.815337279776061,NA
"3471","DCompR1.qQuant.4","qQuant","99","99","4",0.36317085706685,NA
"3472","DCompR12.qQuant.4","qQuant","99","99","4",0.281683889465815,NA
"3473","L1CompL2.qQuant.4","qQuant","99","99","4",-1.20669402895391,NA
"3474","L1CompL22.qQuant.4","qQuant","99","99","4",-1.80848479348058,NA
"3475","L1CompL3.qQuant.4","qQuant","99","99","4",-0.295765675194445,NA
"3476","L1CompL32.qQuant.4","qQuant","99","99","4",-0.267980667184977,NA
"3477","L1CompR1.qQuant.4","qQuant","99","99","4",-3.37276695891828,NA
"3478","L1CompR12.qQuant.4","qQuant","99","99","4",-3.93229461788671,NA
"3479","L12CompL2.qQuant.4","qQuant","99","99","4",-0.717855247933394,NA
"3480","L12CompL22.qQuant.4","qQuant","99","99","4",-1.18633407165599,NA
"3481","L12CompL3.qQuant.4","qQuant","99","99","4",-0.00872066358921111,NA
"3482","L12CompL32.qQuant.4","qQuant","99","99","4",0.0129092593618935,NA
"3483","L12CompR1.qQuant.4","qQuant","99","99","4",-2.40408800214523,NA
"3484","L12CompR12.qQuant.4","qQuant","99","99","4",-2.83966607174215,NA
"3485","L2CompL3.qQuant.4","qQuant","99","99","4",0.412802292391796,NA
"3486","L2CompL32.qQuant.4","qQuant","99","99","4",0.425393529620385,NA
"3487","L2CompR1.qQuant.4","qQuant","99","99","4",-0.981591875241179,NA
"3488","L2CompR12.qQuant.4","qQuant","99","99","4",-1.23515111436853,NA
"3489","L22CompL3.qQuant.4","qQuant","99","99","4",0.538624642653454,NA
"3490","L22CompL32.qQuant.4","qQuant","99","99","4",0.548517880485457,NA
"3491","L22CompR1.qQuant.4","qQuant","99","99","4",-0.556984381424786,NA
"3492","L22CompR12.qQuant.4","qQuant","99","99","4",-0.756211972141058,NA
"3493","L3CompR1.qQuant.4","qQuant","99","99","4",-2.37465873855788,NA
"3494","L3CompR12.qQuant.4","qQuant","99","99","4",-2.80647111766297,NA
"3495","L32CompR1.qQuant.4","qQuant","99","99","4",-2.44860696387918,NA
"3496","L32CompR12.qQuant.4","qQuant","99","99","4",-2.88988156170931,NA
"3497","DCompL1.qSigma.4","qSigma","99","99","4",0.360296207168306,NA
"3498","DCompL12.qSigma.4","qSigma","99","99","4",0.0591733336139273,NA
"3499","DCompL2.qSigma.4","qSigma","99","99","4",-0.105026312670833,NA
"3500","DCompL22.qSigma.4","qSigma","99","99","4",-0.0113495687847711,NA
"3501","DCompL3.qSigma.4","qSigma","99","99","4",0.258122539149924,NA
"3502","DCompL32.qSigma.4","qSigma","99","99","4",0.203667707647409,NA
"3503","DCompR1.qSigma.4","qSigma","99","99","4",-0.038230574245732,NA
"3504","DCompR12.qSigma.4","qSigma","99","99","4",-0.162655765758576,NA
"3505","L1CompL2.qSigma.4","qSigma","99","99","4",-0.72740309664158,NA
"3506","L1CompL22.qSigma.4","qSigma","99","99","4",-0.580965409487351,NA
"3507","L1CompL3.qSigma.4","qSigma","99","99","4",-0.159720278609108,NA
"3508","L1CompL32.qSigma.4","qSigma","99","99","4",-0.244845350732672,NA
"3509","L1CompR1.qSigma.4","qSigma","99","99","4",-0.622986428843778,NA
"3510","L1CompR12.qSigma.4","qSigma","99","99","4",-0.817490811820886,NA
"3511","L12CompL2.qSigma.4","qSigma","99","99","4",-0.174526990094241,NA
"3512","L12CompL22.qSigma.4","qSigma","99","99","4",-0.0749584433757525,NA
"3513","L12CompL3.qSigma.4","qSigma","99","99","4",0.21146212436793,NA
"3514","L12CompL32.qSigma.4","qSigma","99","99","4",0.153582353897894,NA
"3515","L12CompR1.qSigma.4","qSigma","99","99","4",-0.103530130830379,NA
"3516","L12CompR12.qSigma.4","qSigma","99","99","4",-0.235781050110537,NA
"3517","L2CompL3.qSigma.4","qSigma","99","99","4",0.328633669313295,NA
"3518","L2CompL32.qSigma.4","qSigma","99","99","4",0.27935445226832,NA
"3519","L2CompR1.qSigma.4","qSigma","99","99","4",0.0604471926678889,NA
"3520","L2CompR12.qSigma.4","qSigma","99","99","4",-0.0521521093452104,NA
"3521","L22CompL3.qSigma.4","qSigma","99","99","4",0.266448037604337,NA
"3522","L22CompL32.qSigma.4","qSigma","99","99","4",0.212604309200965,NA
"3523","L22CompR1.qSigma.4","qSigma","99","99","4",-0.0265793413975158,NA
"3524","L22CompR12.qSigma.4","qSigma","99","99","4",-0.149608208322681,NA
"3525","L3CompR1.qSigma.4","qSigma","99","99","4",-0.399463697220403,NA
"3526","L3CompR12.qSigma.4","qSigma","99","99","4",-0.567180332485575,NA
"3527","L32CompR1.qSigma.4","qSigma","99","99","4",-0.303765506204081,NA
"3528","L32CompR12.qSigma.4","qSigma","99","99","4",-0.46001333478988,NA
"3529","DCompL1.qConnect.4","qConnect","99","99","4",-0.534523901816617,NA
"3530","DCompL12.qConnect.4","qConnect","99","99","4",0.564319020064998,NA
"3531","DCompL2.qConnect.4","qConnect","99","99","4",0.589697740803914,NA
"3532","DCompL22.qConnect.4","qConnect","99","99","4",0.371269230276356,NA
"3533","DCompL3.qConnect.4","qConnect","99","99","4",-0.270436782615195,NA
"3534","DCompL32.qConnect.4","qConnect","99","99","4",0.00864377393279447,NA
"3535","DCompR1.qConnect.4","qConnect","99","99","4",0.378904401043376,NA
"3536","DCompR12.qConnect.4","qConnect","99","99","4",0.227673041007087,NA
"3537","L1CompL2.qConnect.4","qConnect","99","99","4",0.732619179987775,NA
"3538","L1CompL22.qConnect.4","qConnect","99","99","4",0.59027632676211,NA
"3539","L1CompL3.qConnect.4","qConnect","99","99","4",0.172097103791468,NA
"3540","L1CompL32.qConnect.4","qConnect","99","99","4",0.353964949719188,NA
"3541","L1CompR1.qConnect.4","qConnect","99","99","4",0.595251922618245,NA
"3542","L1CompR12.qConnect.4","qConnect","99","99","4",0.49669929671437,NA
"3543","L12CompL2.qConnect.4","qConnect","99","99","4",0.0582506969725926,NA
"3544","L12CompL22.qConnect.4","qConnect","99","99","4",-0.44309896157836,NA
"3545","L12CompL3.qConnect.4","qConnect","99","99","4",-1.91597944625613,NA
"3546","L12CompL32.qConnect.4","qConnect","99","99","4",-1.27541772930988,NA
"3547","L12CompR1.qConnect.4","qConnect","99","99","4",-0.425574279256542,NA
"3548","L12CompR12.qConnect.4","qConnect","99","99","4",-0.772689179840107,NA
"3549","L2CompL3.qConnect.4","qConnect","99","99","4",-2.09634362019938,NA
"3550","L2CompL32.qConnect.4","qConnect","99","99","4",-1.41616077866496,NA
"3551","L2CompR1.qConnect.4","qConnect","99","99","4",-0.51375135046429,NA
"3552","L2CompR12.qConnect.4","qConnect","99","99","4",-0.882336598648395,NA
"3553","L22CompL3.qConnect.4","qConnect","99","99","4",-1.02063720083814,NA
"3554","L22CompL32.qConnect.4","qConnect","99","99","4",-0.576757928521539,NA
"3555","L22CompR1.qConnect.4","qConnect","99","99","4",0.0121437841675467,NA
"3556","L22CompR12.qConnect.4","qConnect","99","99","4",-0.228390586534179,NA
"3557","L3CompR1.qConnect.4","qConnect","99","99","4",0.511116485719109,NA
"3558","L3CompR12.qConnect.4","qConnect","99","99","4",0.392077614910458,NA
"3559","L32CompR1.qConnect.4","qConnect","99","99","4",0.373488981432473,NA
"3560","L32CompR12.qConnect.4","qConnect","99","99","4",0.220939013963932,NA
"3561","DCompL1.qTau1.4","qTau1","99","99","4",-2.55510420322682,NA
"3562","DCompL12.qTau1.4","qTau1","99","99","4",-1.63983613828873,NA
"3563","DCompL2.qTau1.4","qTau1","99","99","4",-1.33403720123642,NA
"3564","DCompL22.qTau1.4","qTau1","99","99","4",-1.19848676031607,NA
"3565","DCompL3.qTau1.4","qTau1","99","99","4",-1.20029461178012,NA
"3566","DCompL32.qTau1.4","qTau1","99","99","4",-0.866032829122791,NA
"3567","DCompR1.qTau1.4","qTau1","99","99","4",-1.23149894186482,NA
"3568","DCompR12.qTau1.4","qTau1","99","99","4",-1.50475710188464,NA
"3569","L1CompL2.qTau1.4","qTau1","99","99","4",0.343468695202265,NA
"3570","L1CompL22.qTau1.4","qTau1","99","99","4",0.381597096838795,NA
"3571","L1CompL3.qTau1.4","qTau1","99","99","4",0.381088574061203,NA
"3572","L1CompL32.qTau1.4","qTau1","99","99","4",0.475111635988315,NA
"3573","L1CompR1.qTau1.4","qTau1","99","99","4",0.372311242005401,NA
"3574","L1CompR12.qTau1.4","qTau1","99","99","4",0.295447627214083,NA
"3575","L12CompL2.qTau1.4","qTau1","99","99","4",0.115840120762398,NA
"3576","L12CompL22.qTau1.4","qTau1","99","99","4",0.167188171860835,NA
"3577","L12CompL3.qTau1.4","qTau1","99","99","4",0.166503337132712,NA
"3578","L12CompL32.qTau1.4","qTau1","99","99","4",0.293125508035341,NA
"3579","L12CompR1.qTau1.4","qTau1","99","99","4",0.15468278144287,NA
"3580","L12CompR12.qTau1.4","qTau1","99","99","4",0.0511694776978271,NA
"3581","L2CompL3.qTau1.4","qTau1","99","99","4",0.0573009673476699,NA
"3582","L2CompL32.qTau1.4","qTau1","99","99","4",0.200512816104949,NA
"3583","L2CompR1.qTau1.4","qTau1","99","99","4",0.0439317159629157,NA
"3584","L2CompR12.qTau1.4","qTau1","99","99","4",-0.073143607376005,NA
"3585","L22CompL3.qTau1.4","qTau1","99","99","4",-0.000822316284403617,NA
"3586","L22CompL32.qTau1.4","qTau1","99","99","4",0.151219437475931,NA
"3587","L22CompR1.qTau1.4","qTau1","99","99","4",-0.0150158655237957,NA
"3588","L22CompR12.qTau1.4","qTau1","99","99","4",-0.139309613820255,NA
"3589","L3CompR1.qTau1.4","qTau1","99","99","4",-0.014181887242569,NA
"3590","L3CompR12.qTau1.4","qTau1","99","99","4",-0.138373510744636,NA
"3591","L32CompR1.qTau1.4","qTau1","99","99","4",-0.195851920201121,NA
"3592","L32CompR12.qTau1.4","qTau1","99","99","4",-0.34228994409606,NA
"3593","DCompL1.qTau2.4","qTau2","99","99","4",-3.81924168034068,NA
"3594","DCompL12.qTau2.4","qTau2","99","99","4",-5.40946942204715,NA
"3595","DCompL2.qTau2.4","qTau2","99","99","4",-3.15384404631213,NA
"3596","DCompL22.qTau2.4","qTau2","99","99","4",-1.41630922605365,NA
"3597","DCompL3.qTau2.4","qTau2","99","99","4",-6.49946761839125,NA
"3598","DCompL32.qTau2.4","qTau2","99","99","4",-5.03463484456457,NA
"3599","DCompR1.qTau2.4","qTau2","99","99","4",-0.830776620541533,NA
"3600","DCompR12.qTau2.4","qTau2","99","99","4",-0.208258305295783,NA
"3601","L1CompL2.qTau2.4","qTau2","99","99","4",0.138071024066491,NA
"3602","L1CompL22.qTau2.4","qTau2","99","99","4",0.49861214972667,NA
"3603","L1CompL3.qTau2.4","qTau2","99","99","4",-0.556150970594424,NA
"3604","L1CompL32.qTau2.4","qTau2","99","99","4",-0.25219593555183,NA
"3605","L1CompR1.qTau2.4","qTau2","99","99","4",0.620111058548923,NA
"3606","L1CompR12.qTau2.4","qTau2","99","99","4",0.749284558559352,NA
"3607","L12CompL2.qTau2.4","qTau2","99","99","4",0.351920763983393,NA
"3608","L12CompL22.qTau2.4","qTau2","99","99","4",0.623009477548629,NA
"3609","L12CompL3.qTau2.4","qTau2","99","99","4",-0.170060596996492,NA
"3610","L12CompL32.qTau2.4","qTau2","99","99","4",0.0584813738549454,NA
"3611","L12CompR1.qTau2.4","qTau2","99","99","4",0.714363779590855,NA
"3612","L12CompR12.qTau2.4","qTau2","99","99","4",0.811488560794183,NA
"3613","L2CompL3.qTau2.4","qTau2","99","99","4",-0.805428305631611,NA
"3614","L2CompL32.qTau2.4","qTau2","99","99","4",-0.45278319967796,NA
"3615","L2CompR1.qTau2.4","qTau2","99","99","4",0.559257256620663,NA
"3616","L2CompR12.qTau2.4","qTau2","99","99","4",0.709122852994806,NA
"3617","L22CompL3.qTau2.4","qTau2","99","99","4",-2.10368703538806,NA
"3618","L22CompL32.qTau2.4","qTau2","99","99","4",-1.4974596709298,NA
"3619","L22CompR1.qTau2.4","qTau2","99","99","4",0.242325195466978,NA
"3620","L22CompR12.qTau2.4","qTau2","99","99","4",0.499957086507041,NA
"3621","L3CompR1.qTau2.4","qTau2","99","99","4",0.755879121865685,NA
"3622","L3CompR12.qTau2.4","qTau2","99","99","4",0.83888745617986,NA
"3623","L32CompR1.qTau2.4","qTau2","99","99","4",0.696621806008607,NA
"3624","L32CompR12.qTau2.4","qTau2","99","99","4",0.799779384102409,NA
"3625","DCompL1.qNPQ.4","qNPQ","99","99","4",0.860068551009869,NA
"3626","DCompL12.qNPQ.4","qNPQ","99","99","4",0.567665844052726,NA
"3627","DCompL2.qNPQ.4","qNPQ","99","99","4",0.560430021566689,NA
"3628","DCompL22.qNPQ.4","qNPQ","99","99","4",0.640590276240085,NA
"3629","DCompL3.qNPQ.4","qNPQ","99","99","4",0.692116113768625,NA
"3630","DCompL32.qNPQ.4","qNPQ","99","99","4",0.46515537730226,NA
"3631","DCompR1.qNPQ.4","qNPQ","99","99","4",0.400554491511567,NA
"3632","DCompR12.qNPQ.4","qNPQ","99","99","4",0.507671703732476,NA
"3633","L1CompL2.qNPQ.4","qNPQ","99","99","4",-2.14132370961379,NA
"3634","L1CompL22.qNPQ.4","qNPQ","99","99","4",-1.56846996406979,NA
"3635","L1CompL3.qNPQ.4","qNPQ","99","99","4",-1.20024796751079,NA
"3636","L1CompL32.qNPQ.4","qNPQ","99","99","4",-2.82219026929008,NA
"3637","L1CompR1.qNPQ.4","qNPQ","99","99","4",-3.28385122011214,NA
"3638","L1CompR12.qNPQ.4","qNPQ","99","99","4",-2.51835344963981,NA
"3639","L12CompL2.qNPQ.4","qNPQ","99","99","4",-0.016736643141653,NA
"3640","L12CompL22.qNPQ.4","qNPQ","99","99","4",0.168676083497442,NA
"3641","L12CompL3.qNPQ.4","qNPQ","99","99","4",0.287856668282938,NA
"3642","L12CompL32.qNPQ.4","qNPQ","99","99","4",-0.237109340865885,NA
"3643","L12CompR1.qNPQ.4","qNPQ","99","99","4",-0.386532847896339,NA
"3644","L12CompR12.qNPQ.4","qNPQ","99","99","4",-0.138767986509878,NA
"3645","L2CompL3.qNPQ.4","qNPQ","99","99","4",0.299579358606981,NA
"3646","L2CompL32.qNPQ.4","qNPQ","99","99","4",-0.216745112129817,NA
"3647","L2CompR1.qNPQ.4","qNPQ","99","99","4",-0.363708938051095,NA
"3648","L2CompR12.qNPQ.4","qNPQ","99","99","4",-0.120022568470785,NA
"3649","L22CompL3.qNPQ.4","qNPQ","99","99","4",0.143362391505465,NA
"3650","L22CompL32.qNPQ.4","qNPQ","99","99","4",-0.488119511911189,NA
"3651","L22CompR1.qNPQ.4","qNPQ","99","99","4",-0.667861131350083,NA
"3652","L22CompR12.qNPQ.4","qNPQ","99","99","4",-0.36982464224145,NA
"3653","L3CompR1.qNPQ.4","qNPQ","99","99","4",-0.946985650421305,NA
"3654","L3CompR12.qNPQ.4","qNPQ","99","99","4",-0.599071332682669,NA
"3655","L32CompR1.qNPQ.4","qNPQ","99","99","4",-0.120784398027315,NA
"3656","L32CompR12.qNPQ.4","qNPQ","99","99","4",0.0794928557302585,NA
"3657","DCompL1.qqP.4","qqP","99","99","4",0.780649738314023,NA
"3658","DCompL12.qqP.4","qqP","99","99","4",0.526388203795021,NA
"3659","DCompL2.qqP.4","qqP","99","99","4",0.471922923056648,NA
"3660","DCompL22.qqP.4","qqP","99","99","4",0.492426398189414,NA
"3661","DCompL3.qqP.4","qqP","99","99","4",0.61646367155093,NA
"3662","DCompL32.qqP.4","qqP","99","99","4",0.461161397374068,NA
"3663","DCompR1.qqP.4","qqP","99","99","4",0.26923460613563,NA
"3664","DCompR12.qqP.4","qqP","99","99","4",0.296196211322115,NA
"3665","L1CompL2.qqP.4","qqP","99","99","4",-1.40746043740468,NA
"3666","L1CompL22.qqP.4","qqP","99","99","4",-1.31398676212765,NA
"3667","L1CompL3.qqP.4","qqP","99","99","4",-0.74851092267281,NA
"3668","L1CompL32.qqP.4","qqP","99","99","4",-1.45652135759627,NA
"3669","L1CompR1.qqP.4","qqP","99","99","4",-2.33149998658556,NA
"3670","L1CompR12.qqP.4","qqP","99","99","4",-2.20858422172961,NA
"3671","L12CompL2.qqP.4","qqP","99","99","4",-0.114999839900105,NA
"3672","L12CompL22.qqP.4","qqP","99","99","4",-0.0717081075212673,NA
"3673","L12CompL3.qqP.4","qqP","99","99","4",0.19018839580787,NA
"3674","L12CompL32.qqP.4","qqP","99","99","4",-0.137722089997782,NA
"3675","L12CompR1.qqP.4","qqP","99","99","4",-0.542962822547806,NA
"3676","L12CompR12.qqP.4","qqP","99","99","4",-0.486035175469489,NA
"3677","L2CompL3.qqP.4","qqP","99","99","4",0.273711461461123,NA
"3678","L2CompL32.qqP.4","qqP","99","99","4",-0.0203787025652962,NA
"3679","L2CompR1.qqP.4","qqP","99","99","4",-0.383823357935229,NA
"3680","L2CompR12.qqP.4","qqP","99","99","4",-0.332767164883742,NA
"3681","L22CompL3.qqP.4","qqP","99","99","4",0.244372979443883,NA
"3682","L22CompL32.qqP.4","qqP","99","99","4",-0.0615969796376716,NA
"3683","L22CompR1.qqP.4","qqP","99","99","4",-0.439723010136123,NA
"3684","L22CompR12.qqP.4","qqP","99","99","4",-0.38660439819431,NA
"3685","L3CompR1.qqP.4","qqP","99","99","4",-0.905335530585623,NA
"3686","L3CompR12.qqP.4","qqP","99","99","4",-0.835038134520142,NA
"3687","L32CompR1.qqP.4","qqP","99","99","4",-0.356186045882975,NA
"3688","L32CompR12.qqP.4","qqP","99","99","4",-0.306149532064009,NA
"3689","DCompL1.qABQ.4","qABQ","99","99","4",0,NA
"3690","DCompL12.qABQ.4","qABQ","99","99","4",0,NA
"3691","DCompL2.qABQ.4","qABQ","99","99","4",1,NA
"3692","DCompL22.qABQ.4","qABQ","99","99","4",1,NA
"3693","DCompL3.qABQ.4","qABQ","99","99","4",0,NA
"3694","DCompL32.qABQ.4","qABQ","99","99","4",0,NA
"3695","DCompR1.qABQ.4","qABQ","99","99","4",1,NA
"3696","DCompR12.qABQ.4","qABQ","99","99","4",1,NA
"3697","L1CompL2.qABQ.4","qABQ","99","99","4",1.29149991196486,NA
"3698","L1CompL22.qABQ.4","qABQ","99","99","4",1.03150066128637,NA
"3699","L1CompL3.qABQ.4","qABQ","99","99","4",0.283582413540794,NA
"3700","L1CompL32.qABQ.4","qABQ","99","99","4",0.434721477508447,NA
"3701","L1CompR1.qABQ.4","qABQ","99","99","4",1.10610873355066,NA
"3702","L1CompR12.qABQ.4","qABQ","99","99","4",1.4514501194363,NA
"3703","L12CompL2.qABQ.4","qABQ","99","99","4",2.77489261220385,NA
"3704","L12CompL22.qABQ.4","qABQ","99","99","4",1.19180208535862,NA
"3705","L12CompL3.qABQ.4","qABQ","99","99","4",-3.36214293475546,NA
"3706","L12CompL32.qABQ.4","qABQ","99","99","4",-2.44188328101008,NA
"3707","L12CompR1.qABQ.4","qABQ","99","99","4",1.64607775007516,NA
"3708","L12CompR12.qABQ.4","qABQ","99","99","4",3.74880179676563,NA
"3709","L2CompL3.qABQ.4","qABQ","99","99","4",3.45769400625263,NA
"3710","L2CompL32.qABQ.4","qABQ","99","99","4",2.93920649471653,NA
"3711","L2CompR1.qABQ.4","qABQ","99","99","4",0.635990512534197,NA
"3712","L2CompR12.qABQ.4","qABQ","99","99","4",-0.548714428053483,NA
"3713","L22CompL3.qABQ.4","qABQ","99","99","4",23.7429379956917,NA
"3714","L22CompL32.qABQ.4","qABQ","99","99","4",18.9449731976305,NA
"3715","L22CompR1.qABQ.4","qABQ","99","99","4",-2.36846050900418,NA
"3716","L22CompR12.qABQ.4","qABQ","99","99","4",-13.3314489601408,NA
"3717","L3CompR1.qABQ.4","qABQ","99","99","4",1.14811017422825,NA
"3718","L3CompR12.qABQ.4","qABQ","99","99","4",1.63014941002151,NA
"3719","L32CompR1.qABQ.4","qABQ","99","99","4",1.18771053441579,NA
"3720","L32CompR12.qABQ.4","qABQ","99","99","4",1.79863306577873,NA
"3721","DCompL1.qqm.4","qqm","99","99","4",0,NA
"3722","DCompL12.qqm.4","qqm","99","99","4",0,NA
"3723","DCompL2.qqm.4","qqm","99","99","4",0,NA
"3724","DCompL22.qqm.4","qqm","99","99","4",0,NA
"3725","DCompL3.qqm.4","qqm","99","99","4",0,NA
"3726","DCompL32.qqm.4","qqm","99","99","4",0,NA
"3727","DCompR1.qqm.4","qqm","99","99","4",0,NA
"3728","DCompR12.qqm.4","qqm","99","99","4",0,NA
"3729","L1CompL2.qqm.4","qqm","99","99","4",0.205693446222051,NA
"3730","L1CompL22.qqm.4","qqm","99","99","4",0.308274890473834,NA
"3731","L1CompL3.qqm.4","qqm","99","99","4",0.0504163106348314,NA
"3732","L1CompL32.qqm.4","qqm","99","99","4",0.0456800693726375,NA
"3733","L1CompR1.qqm.4","qqm","99","99","4",0.574922923655461,NA
"3734","L1CompR12.qqm.4","qqm","99","99","4",0.670300185553033,NA
"3735","L12CompL2.qqm.4","qqm","99","99","4",0.165199992320795,NA
"3736","L12CompL22.qqm.4","qqm","99","99","4",0.27301100060447,NA
"3737","L12CompL3.qqm.4","qqm","99","99","4",0.00200688587583209,NA
"3738","L12CompL32.qqm.4","qqm","99","99","4",-0.00297080721160954,NA
"3739","L12CompR1.qqm.4","qqm","99","99","4",0.553252651751536,NA
"3740","L12CompR12.qqm.4","qqm","99","99","4",0.653492211133004,NA
"3741","L2CompL3.qqm.4","qqm","99","99","4",-0.195487667637485,NA
"3742","L2CompL32.qqm.4","qqm","99","99","4",-0.201450404869939,NA
"3743","L2CompR1.qqm.4","qqm","99","99","4",0.464845059728199,NA
"3744","L2CompR12.qqm.4","qqm","99","99","4",0.584921195879827,NA
"3745","L22CompL3.qqm.4","qqm","99","99","4",-0.37277608733278,NA
"3746","L22CompL32.qqm.4","qqm","99","99","4",-0.37962308651926,NA
"3747","L22CompR1.qqm.4","qqm","99","99","4",0.385482657069197,NA
"3748","L22CompR12.qqm.4","qqm","99","99","4",0.523365843011232,NA
"3749","L3CompR1.qqm.4","qqm","99","99","4",0.552354277874425,NA
"3750","L3CompR12.qqm.4","qqm","99","99","4",0.652795411147612,NA
"3751","L32CompR1.qqm.4","qqm","99","99","4",0.554575920818193,NA
"3752","L32CompR12.qqm.4","qqm","99","99","4",0.654518569857149,NA
"3753","DCampL1.mQuant.1","mQuant","99","99","1",0.847764764328038,NA
"3754","DCampL2.mQuant.1","mQuant","99","99","1",0.658982433757345,NA
"3755","DCampL3.mQuant.1","mQuant","99","99","1",0.834964782839068,NA
"3756","DCampR1.mQuant.1","mQuant","99","99","1",0.35615043579143,NA
"3757","L1CampL2.mQuant.1","mQuant","99","99","1",-1.24006988091433,NA
"3758","L1CampL3.mQuant.1","mQuant","99","99","1",-0.0840802816277854,NA
"3759","L1CampR1.mQuant.1","mQuant","99","99","1",-3.22930710729772,NA
"3760","L2CampL3.mQuant.1","mQuant","99","99","1",0.516050686246762,NA
"3761","L2CampR1.mQuant.1","mQuant","99","99","1",-0.888024629647469,NA
"3762","L3CampR1.mQuant.1","mQuant","99","99","1",-2.90128589088187,NA
"3763","DCampL1.mSigma.1","mSigma","99","99","1",0.301847443342755,NA
"3764","DCampL2.mSigma.1","mSigma","99","99","1",0.0281105488498436,NA
"3765","DCampL3.mSigma.1","mSigma","99","99","1",0.284368071754842,NA
"3766","DCampR1.mSigma.1","mSigma","99","99","1",-0.0677340128965692,NA
"3767","L1CampL2.mSigma.1","mSigma","99","99","1",-0.392087505635679,NA
"3768","L1CampL3.mSigma.1","mSigma","99","99","1",-0.025036607574145,NA
"3769","L1CampR1.mSigma.1","mSigma","99","99","1",-0.529370626398449,NA
"3770","L2CampL3.mSigma.1","mSigma","99","99","1",0.263669414871966,NA
"3771","L2CampR1.mSigma.1","mSigma","99","99","1",-0.0986167322147475,NA
"3772","L3CampR1.mSigma.1","mSigma","99","99","1",-0.492015616903539,NA
"3773","DCampL1.mConnect.1","mConnect","99","99","1",-0.387520609263502,NA
"3774","DCampL2.mConnect.1","mConnect","99","99","1",0.27486420608388,NA
"3775","DCampL3.mConnect.1","mConnect","99","99","1",-0.167147955384736,NA
"3776","DCampR1.mConnect.1","mConnect","99","99","1",0.187305331203355,NA
"3777","L1CampL2.mConnect.1","mConnect","99","99","1",0.47738737062722,NA
"3778","L1CampL3.mConnect.1","mConnect","99","99","1",0.158824778823098,NA
"3779","L1CampR1.mConnect.1","mConnect","99","99","1",0.414282812542853,NA
"3780","L2CampL3.mConnect.1","mConnect","99","99","1",-0.609557775491284,NA
"3781","L2CampR1.mConnect.1","mConnect","99","99","1",-0.120748245521933,NA
"3782","L3CampR1.mConnect.1","mConnect","99","99","1",0.303691819835515,NA
"3783","DCampL1.mTau1.1","mTau1","99","99","1",-1.62138820859772,NA
"3784","DCampL2.mTau1.1","mTau1","99","99","1",-1.01534350700888,NA
"3785","DCampL3.mTau1.1","mTau1","99","99","1",-0.953610308673749,NA
"3786","DCampR1.mTau1.1","mTau1","99","99","1",-0.899624439562445,NA
"3787","L1CampL2.mTau1.1","mTau1","99","99","1",0.231192274231309,NA
"3788","L1CampL3.mTau1.1","mTau1","99","99","1",0.254742085790182,NA
"3789","L1CampR1.mTau1.1","mTau1","99","99","1",0.275336467398461,NA
"3790","L2CampL3.mTau1.1","mTau1","99","99","1",0.0306316010746729,NA
"3791","L2CampR1.mTau1.1","mTau1","99","99","1",0.057419029085607,NA
"3792","L3CampR1.mTau1.1","mTau1","99","99","1",0.0276338985680073,NA
"3793","DCampL1.mTau2.1","mTau2","99","99","1",-5.01603621853133,NA
"3794","DCampL2.mTau2.1","mTau2","99","99","1",-1.77797033362616,NA
"3795","DCampL3.mTau2.1","mTau2","99","99","1",-5.50903296304801,NA
"3796","DCampR1.mTau2.1","mTau2","99","99","1",-0.0842336738278927,NA
"3797","L1CampL2.mTau2.1","mTau2","99","99","1",0.53823909419476,NA
"3798","L1CampL3.mTau2.1","mTau2","99","99","1",-0.0819471038086673,NA
"3799","L1CampR1.mTau2.1","mTau2","99","99","1",0.819776072742364,NA
"3800","L2CampL3.mTau2.1","mTau2","99","99","1",-1.34308944349006,NA
"3801","L2CampR1.mTau2.1","mTau2","99","99","1",0.609702932855797,NA
"3802","L3CampR1.mTau2.1","mTau2","99","99","1",0.833426304647231,NA
"3803","DCampL1.mNPQ.1","mNPQ","99","99","1",0.752255415827794,NA
"3804","DCampL2.mNPQ.1","mNPQ","99","99","1",0.660624451665439,NA
"3805","DCampL3.mNPQ.1","mNPQ","99","99","1",0.63097362196106,NA
"3806","DCampR1.mNPQ.1","mNPQ","99","99","1",0.506695874688741,NA
"3807","L1CampL2.mNPQ.1","mNPQ","99","99","1",-0.369860614586283,NA
"3808","L1CampL3.mNPQ.1","mNPQ","99","99","1",-0.489543673666874,NA
"3809","L1CampR1.mNPQ.1","mNPQ","99","99","1",-0.991180259134813,NA
"3810","L2CampL3.mNPQ.1","mNPQ","99","99","1",-0.087368786142331,NA
"3811","L2CampR1.mNPQ.1","mNPQ","99","99","1",-0.453564134870887,NA
"3812","L3CampR1.mNPQ.1","mNPQ","99","99","1",-0.336771988855511,NA
"3813","DCampL1.mqP.1","mqP","99","99","1",0.71222365613297,NA
"3814","DCampL2.mqP.1","mqP","99","99","1",0.554277670501639,NA
"3815","DCampL3.mqP.1","mqP","99","99","1",0.61627386094956,NA
"3816","DCampR1.mqP.1","mqP","99","99","1",0.333080086496517,NA
"3817","L1CampL2.mqP.1","mqP","99","99","1",-0.548849789072,NA
"3818","L1CampL3.mqP.1","mqP","99","99","1",-0.333417938021147,NA
"3819","L1CampR1.mqP.1","mqP","99","99","1",-1.31749387229563,NA
"3820","L2CampL3.mqP.1","mqP","99","99","1",0.139091506852921,NA
"3821","L2CampR1.mqP.1","mqP","99","99","1",-0.496267674662092,NA
"3822","L3CampR1.mqP.1","mqP","99","99","1",-0.738010121368924,NA
"3823","DCampL1.mABQ.1","mABQ","99","99","1",0,NA
"3824","DCampL2.mABQ.1","mABQ","99","99","1",0,NA
"3825","DCampL3.mABQ.1","mABQ","99","99","1",0,NA
"3826","DCampR1.mABQ.1","mABQ","99","99","1",1,NA
"3827","L1CampL2.mABQ.1","mABQ","99","99","1",0.906871668222405,NA
"3828","L1CampL3.mABQ.1","mABQ","99","99","1",0.0579079663367084,NA
"3829","L1CampR1.mABQ.1","mABQ","99","99","1",1.22439816665817,NA
"3830","L2CampL3.mABQ.1","mABQ","99","99","1",-9.1160625953566,NA
"3831","L2CampR1.mABQ.1","mABQ","99","99","1",3.40955853471174,NA
"3832","L3CampR1.mABQ.1","mABQ","99","99","1",1.23819134292603,NA
"3833","DCampL1.mqm.1","mqm","99","99","1",0,NA
"3834","DCampL2.mqm.1","mqm","99","99","1",0,NA
"3835","DCampL3.mqm.1","mqm","99","99","1",0,NA
"3836","DCampR1.mqm.1","mqm","99","99","1",0,NA
"3837","L1CampL2.mqm.1","mqm","99","99","1",0.222682445076999,NA
"3838","L1CampL3.mqm.1","mqm","99","99","1",0.0150985061276007,NA
"3839","L1CampR1.mqm.1","mqm","99","99","1",0.579894741115215,NA
"3840","L2CampL3.mqm.1","mqm","99","99","1",-0.267051654288139,NA
"3841","L2CampR1.mqm.1","mqm","99","99","1",0.459544871688381,NA
"3842","L3CampR1.mqm.1","mqm","99","99","1",0.573454541902429,NA
"3843","DCampL1.mQuant.2","mQuant","99","99","2",0.854318051219814,NA
"3844","DCampL2.mQuant.2","mQuant","99","99","2",0.650492861456614,NA
"3845","DCampL3.mQuant.2","mQuant","99","99","2",0.833761361858569,NA
"3846","DCampR1.mQuant.2","mQuant","99","99","2",0.353944292464798,NA
"3847","L1CampL2.mQuant.2","mQuant","99","99","2",-1.39911081276613,NA
"3848","L1CampL3.mQuant.2","mQuant","99","99","2",-0.141106633549099,NA
"3849","L1CampR1.mQuant.2","mQuant","99","99","2",-3.43469978912769,NA
"3850","L2CampL3.mQuant.2","mQuant","99","99","2",0.524362681591424,NA
"3851","L2CampR1.mQuant.2","mQuant","99","99","2",-0.848476429487877,NA
"3852","L3CampR1.mQuant.2","mQuant","99","99","2",-2.88631496719528,NA
"3853","DCampL1.mSigma.2","mSigma","99","99","2",0.362824514410642,NA
"3854","DCampL2.mSigma.2","mSigma","99","99","2",0.0346146576497944,NA
"3855","DCampL3.mSigma.2","mSigma","99","99","2",0.340565738126756,NA
"3856","DCampR1.mSigma.2","mSigma","99","99","2",-0.0710959895882535,NA
"3857","L1CampL2.mSigma.2","mSigma","99","99","2",-0.515101199251676,NA
"3858","L1CampL3.mSigma.2","mSigma","99","99","2",-0.0349335101354336,NA
"3859","L1CampR1.mSigma.2","mSigma","99","99","2",-0.681006275057081,NA
"3860","L2CampL3.mSigma.2","mSigma","99","99","2",0.316921199292432,NA
"3861","L2CampR1.mSigma.2","mSigma","99","99","2",-0.109500986394405,NA
"3862","L3CampR1.mSigma.2","mSigma","99","99","2",-0.624264997310891,NA
"3863","DCampL1.mConnect.2","mConnect","99","99","2",-0.547669758183265,NA
"3864","DCampL2.mConnect.2","mConnect","99","99","2",0.3256266861653,NA
"3865","DCampL3.mConnect.2","mConnect","99","99","2",-0.27840940162888,NA
"3866","DCampR1.mConnect.2","mConnect","99","99","2",0.333019298740194,NA
"3867","L1CampL2.mConnect.2","mConnect","99","99","2",0.564265367163138,NA
"3868","L1CampL3.mConnect.2","mConnect","99","99","2",0.173977914300307,NA
"3869","L1CampR1.mConnect.2","mConnect","99","99","2",0.56904197569723,NA
"3870","L2CampL3.mConnect.2","mConnect","99","99","2",-0.895699867421265,NA
"3871","L2CampR1.mConnect.2","mConnect","99","99","2",0.0109621961949499,NA
"3872","L3CampR1.mConnect.2","mConnect","99","99","2",0.47827300048797,NA
"3873","DCampL1.mTau1.2","mTau1","99","99","2",-0.90342287570103,NA
"3874","DCampL2.mTau1.2","mTau1","99","99","2",-0.827215839090095,NA
"3875","DCampL3.mTau1.2","mTau1","99","99","2",-0.518717336576429,NA
"3876","DCampR1.mTau1.2","mTau1","99","99","2",-0.956844872543886,NA
"3877","L1CampL2.mTau1.2","mTau1","99","99","2",0.0400368397289894,NA
"3878","L1CampL3.mTau1.2","mTau1","99","99","2",0.202112491152505,NA
"3879","L1CampR1.mTau1.2","mTau1","99","99","2",-0.0280662786629487,NA
"3880","L2CampL3.mTau1.2","mTau1","99","99","2",0.168835282572468,NA
"3881","L2CampR1.mTau1.2","mTau1","99","99","2",-0.0709434707605984,NA
"3882","L3CampR1.mTau1.2","mTau1","99","99","2",-0.288485240416829,NA
"3883","DCampL1.mTau2.2","mTau2","99","99","2",-4.3199907499907,NA
"3884","DCampL2.mTau2.2","mTau2","99","99","2",-2.07543855188905,NA
"3885","DCampL3.mTau2.2","mTau2","99","99","2",-5.6981354697993,NA
"3886","DCampR1.mTau2.2","mTau2","99","99","2",-0.153324275133145,NA
"3887","L1CampL2.mTau2.2","mTau2","99","99","2",0.42190904149703,NA
"3888","L1CampL3.mTau2.2","mTau2","99","99","2",-0.25905020977922,NA
"3889","L1CampR1.mTau2.2","mTau2","99","99","2",0.783209345780317,NA
"3890","L2CampL3.mTau2.2","mTau2","99","99","2",-1.17794482210839,NA
"3891","L2CampR1.mTau2.2","mTau2","99","99","2",0.624988678630978,NA
"3892","L3CampR1.mTau2.2","mTau2","99","99","2",0.827814131211099,NA
"3893","DCampL1.mNPQ.2","mNPQ","99","99","2",0.697784471545455,NA
"3894","DCampL2.mNPQ.2","mNPQ","99","99","2",0.625306221276224,NA
"3895","DCampL3.mNPQ.2","mNPQ","99","99","2",0.589545577151681,NA
"3896","DCampR1.mNPQ.2","mNPQ","99","99","2",0.488931665128484,NA
"3897","L1CampL2.mNPQ.2","mNPQ","99","99","2",-0.239823051581323,NA
"3898","L1CampL3.mNPQ.2","mNPQ","99","99","2",-0.358151333081001,NA
"3899","L1CampR1.mNPQ.2","mNPQ","99","99","2",-0.691072386270131,NA
"3900","L2CampL3.mNPQ.2","mNPQ","99","99","2",-0.0954396527381523,NA
"3901","L2CampR1.mNPQ.2","mNPQ","99","99","2",-0.363962691380246,NA
"3902","L3CampR1.mNPQ.2","mNPQ","99","99","2",-0.245128098084541,NA
"3903","DCampL1.mqP.2","mqP","99","99","2",0.656646324001419,NA
"3904","DCampL2.mqP.2","mqP","99","99","2",0.514430777309779,NA
"3905","DCampL3.mqP.2","mqP","99","99","2",0.565366091673272,NA
"3906","DCampR1.mqP.2","mqP","99","99","2",0.317825897627604,NA
"3907","L1CampL2.mqP.2","mqP","99","99","2",-0.414195497625102,NA
"3908","L1CampL3.mqP.2","mqP","99","99","2",-0.265849002672465,NA
"3909","L1CampR1.mqP.2","mqP","99","99","2",-0.986797142591875,NA
"3910","L2CampL3.mqP.2","mqP","99","99","2",0.104898152484405,NA
"3911","L2CampR1.mqP.2","mqP","99","99","2",-0.404895678092851,NA
"3912","L3CampR1.mqP.2","mqP","99","99","2",-0.56953723421778,NA
"3913","DCampL1.mABQ.2","mABQ","99","99","2",0,NA
"3914","DCampL2.mABQ.2","mABQ","99","99","2",0,NA
"3915","DCampL3.mABQ.2","mABQ","99","99","2",0,NA
"3916","DCampR1.mABQ.2","mABQ","99","99","2",1,NA
"3917","L1CampL2.mABQ.2","mABQ","99","99","2",0.90459669544099,NA
"3918","L1CampL3.mABQ.2","mABQ","99","99","2",0.061348600769278,NA
"3919","L1CampR1.mABQ.2","mABQ","99","99","2",1.19595144970769,NA
"3920","L2CampL3.mABQ.2","mABQ","99","99","2",-8.83877239441043,NA
"3921","L2CampR1.mABQ.2","mABQ","99","99","2",3.05392727865615,NA
"3922","L3CampR1.mABQ.2","mABQ","99","99","2",1.20875849103116,NA
"3923","DCampL1.mqm.2","mqm","99","99","2",0,NA
"3924","DCampL2.mqm.2","mqm","99","99","2",0,NA
"3925","DCampL3.mqm.2","mqm","99","99","2",0,NA
"3926","DCampR1.mqm.2","mqm","99","99","2",0,NA
"3927","L1CampL2.mqm.2","mqm","99","99","2",0.238582328293512,NA
"3928","L1CampL3.mqm.2","mqm","99","99","2",0.0240621034893188,NA
"3929","L1CampR1.mqm.2","mqm","99","99","2",0.58569962093224,NA
"3930","L2CampL3.mqm.2","mqm","99","99","2",-0.281737911760586,NA
"3931","L2CampR1.mqm.2","mqm","99","99","2",0.455882895206214,NA
"3932","L3CampR1.mqm.2","mqm","99","99","2",0.575484894531682,NA
"3933","DCampL1.mQuant.3","mQuant","99","99","3",0.841862169924503,NA
"3934","DCampL2.mQuant.3","mQuant","99","99","3",0.647794525584313,NA
"3935","DCampL3.mQuant.3","mQuant","99","99","3",0.83049449970882,NA
"3936","DCampR1.mQuant.3","mQuant","99","99","3",0.346319126915728,NA
"3937","L1CampL2.mQuant.3","mQuant","99","99","3",-1.22720568663133,NA
"3938","L1CampL3.mQuant.3","mQuant","99","99","3",-0.0718845718969071,NA
"3939","L1CampR1.mQuant.3","mQuant","99","99","3",-3.13361478889773,NA
"3940","L2CampL3.mQuant.3","mQuant","99","99","3",0.518731216281087,NA
"3941","L2CampR1.mQuant.3","mQuant","99","99","3",-0.855964545039331,NA
"3942","L3CampR1.mQuant.3","mQuant","99","99","3",-2.85639918445929,NA
"3943","DCampL1.mSigma.3","mSigma","99","99","3",0.299238607738434,NA
"3944","DCampL2.mSigma.3","mSigma","99","99","3",-0.00752493368349577,NA
"3945","DCampL3.mSigma.3","mSigma","99","99","3",0.277556282258367,NA
"3946","DCampR1.mSigma.3","mSigma","99","99","3",-0.0897713200186205,NA
"3947","L1CampL2.mSigma.3","mSigma","99","99","3",-0.43775748037704,NA
"3948","L1CampL3.mSigma.3","mSigma","99","99","3",-0.0309410959557734,NA
"3949","L1CampR1.mSigma.3","mSigma","99","99","3",-0.555124657341072,NA
"3950","L2CampL3.mSigma.3","mSigma","99","99","3",0.282952020750107,NA
"3951","L2CampR1.mSigma.3","mSigma","99","99","3",-0.0816321101200277,NA
"3952","L3CampR1.mSigma.3","mSigma","99","99","3",-0.508451514292709,NA
"3953","DCampL1.mConnect.3","mConnect","99","99","3",-0.116228762767519,NA
"3954","DCampL2.mConnect.3","mConnect","99","99","3",0.318730008313891,NA
"3955","DCampL3.mConnect.3","mConnect","99","99","3",-0.19178191991094,NA
"3956","DCampR1.mConnect.3","mConnect","99","99","3",0.363964035884967,NA
"3957","L1CampL2.mConnect.3","mConnect","99","99","3",0.389668126812102,NA
"3958","L1CampL3.mConnect.3","mConnect","99","99","3",-0.0676860869953733,NA
"3959","L1CampR1.mConnect.3","mConnect","99","99","3",0.43019210279255,NA
"3960","L2CampL3.mConnect.3","mConnect","99","99","3",-0.749353317267562,NA
"3961","L2CampR1.mConnect.3","mConnect","99","99","3",0.066396624133002,NA
"3962","L3CampR1.mConnect.3","mConnect","99","99","3",0.466315142486334,NA
"3963","DCampL1.mTau1.3","mTau1","99","99","3",-1.26681026232882,NA
"3964","DCampL2.mTau1.3","mTau1","99","99","3",-0.862785008490194,NA
"3965","DCampL3.mTau1.3","mTau1","99","99","3",-0.790113587492177,NA
"3966","DCampR1.mTau1.3","mTau1","99","99","3",-0.876661520817892,NA
"3967","L1CampL2.mTau1.3","mTau1","99","99","3",0.178235144137537,NA
"3968","L1CampL3.mTau1.3","mTau1","99","99","3",0.210294034202451,NA
"3969","L1CampR1.mTau1.3","mTau1","99","99","3",0.172113541214564,NA
"3970","L2CampL3.mTau1.3","mTau1","99","99","3",0.0390122427799216,NA
"3971","L2CampR1.mTau1.3","mTau1","99","99","3",-0.00744933648512913,NA
"3972","L3CampR1.mTau1.3","mTau1","99","99","3",-0.0483477327530723,NA
"3973","DCampL1.mTau2.3","mTau2","99","99","3",-3.98933634219669,NA
"3974","DCampL2.mTau2.3","mTau2","99","99","3",-1.90056613127844,NA
"3975","DCampL3.mTau2.3","mTau2","99","99","3",-6.85738711155996,NA
"3976","DCampR1.mTau2.3","mTau2","99","99","3",-0.249318523284609,NA
"3977","L1CampL2.mTau2.3","mTau2","99","99","3",0.418646903647833,NA
"3978","L1CampL3.mTau2.3","mTau2","99","99","3",-0.574836125018691,NA
"3979","L1CampR1.mTau2.3","mTau2","99","99","3",0.749602264189196,NA
"3980","L2CampL3.mTau2.3","mTau2","99","99","3",-1.70891500346409,NA
"3981","L2CampR1.mTau2.3","mTau2","99","99","3",0.569284592475757,NA
"3982","L3CampR1.mTau2.3","mTau2","99","99","3",0.841000767106589,NA
"3983","DCampL1.mNPQ.3","mNPQ","99","99","3",0.709847879277683,NA
"3984","DCampL2.mNPQ.3","mNPQ","99","99","3",0.628534230839874,NA
"3985","DCampL3.mNPQ.3","mNPQ","99","99","3",0.601363965143991,NA
"3986","DCampR1.mNPQ.3","mNPQ","99","99","3",0.49314398392345,NA
"3987","L1CampL2.mNPQ.3","mNPQ","99","99","3",-0.280244887527902,NA
"3988","L1CampL3.mNPQ.3","mNPQ","99","99","3",-0.373886338875024,NA
"3989","L1CampR1.mNPQ.3","mNPQ","99","99","3",-0.746863041410003,NA
"3990","L2CampL3.mNPQ.3","mNPQ","99","99","3",-0.0731433901899339,NA
"3991","L2CampR1.mNPQ.3","mNPQ","99","99","3",-0.364475701819142,NA
"3992","L3CampR1.mNPQ.3","mNPQ","99","99","3",-0.271475661400333,NA
"3993","DCampL1.mqP.3","mqP","99","99","3",0.658981939496579,NA
"3994","DCampL2.mqP.3","mqP","99","99","3",0.51381090253728,NA
"3995","DCampL3.mqP.3","mqP","99","99","3",0.570385457815455,NA
"3996","DCampR1.mqP.3","mqP","99","99","3",0.315637432376594,NA
"3997","L1CampL2.mqP.3","mqP","99","99","3",-0.425698969564817,NA
"3998","L1CampL3.mqP.3","mqP","99","99","3",-0.259799969392633,NA
"3999","L1CampR1.mqP.3","mqP","99","99","3",-1.00682206277617,NA
"4000","L2CampL3.mqP.3","mqP","99","99","3",0.116363274235109,NA
"4001","L2CampR1.mqP.3","mqP","99","99","3",-0.407605746806944,NA
"4002","L3CampR1.mqP.3","mqP","99","99","3",-0.592968813726588,NA
"4003","DCampL1.mABQ.3","mABQ","99","99","3",0,NA
"4004","DCampL2.mABQ.3","mABQ","99","99","3",1,NA
"4005","DCampL3.mABQ.3","mABQ","99","99","3",0,NA
"4006","DCampR1.mABQ.3","mABQ","99","99","3",1,NA
"4007","L1CampL2.mABQ.3","mABQ","99","99","3",1.02514693454955,NA
"4008","L1CampL3.mABQ.3","mABQ","99","99","3",0.0724583156028426,NA
"4009","L1CampR1.mABQ.3","mABQ","99","99","3",1.29999912343226,NA
"4010","L2CampL3.mABQ.3","mABQ","99","99","3",37.884880841825,NA
"4011","L2CampR1.mABQ.3","mABQ","99","99","3",-10.9298486597318,NA
"4012","L3CampR1.mABQ.3","mABQ","99","99","3",1.32343465364281,NA
"4013","DCampL1.mqm.3","mqm","99","99","3",0,NA
"4014","DCampL2.mqm.3","mqm","99","99","3",0,NA
"4015","DCampL3.mqm.3","mqm","99","99","3",0,NA
"4016","DCampR1.mqm.3","mqm","99","99","3",0,NA
"4017","L1CampL2.mqm.3","mqm","99","99","3",0.230521873144144,NA
"4018","L1CampL3.mqm.3","mqm","99","99","3",0.0135030063373708,NA
"4019","L1CampR1.mqm.3","mqm","99","99","3",0.588627284503371,NA
"4020","L2CampL3.mqm.3","mqm","99","99","3",-0.282033834663408,NA
"4021","L2CampR1.mqm.3","mqm","99","99","3",0.465387382514006,NA
"4022","L3CampR1.mqm.3","mqm","99","99","3",0.582996483375687,NA
"4023","DCampL1.mQuant.4","mQuant","99","99","4",0.831311738032709,NA
"4024","DCampL2.mQuant.4","mQuant","99","99","4",0.62769414635826,NA
"4025","DCampL3.mQuant.4","mQuant","99","99","4",0.814865015789811,NA
"4026","DCampR1.mQuant.4","mQuant","99","99","4",0.313708058506236,NA
"4027","L1CampL2.mQuant.4","mQuant","99","99","4",-1.20706437602594,NA
"4028","L1CampL3.mQuant.4","mQuant","99","99","4",-0.0974977277677258,NA
"4029","L1CampR1.mQuant.4","mQuant","99","99","4",-3.06840365470619,NA
"4030","L2CampL3.mQuant.4","mQuant","99","99","4",0.502734156878608,NA
"4031","L2CampR1.mQuant.4","mQuant","99","99","4",-0.843355227377556,NA
"4032","L3CampR1.mQuant.4","mQuant","99","99","4",-2.70698139209927,NA
"4033","DCampL1.mSigma.4","mSigma","99","99","4",0.178071591968003,NA
"4034","DCampL2.mSigma.4","mSigma","99","99","4",-0.054933667607819,NA
"4035","DCampL3.mSigma.4","mSigma","99","99","4",0.223546545061702,NA
"4036","DCampR1.mSigma.4","mSigma","99","99","4",-0.105513098728354,NA
"4037","L1CampL2.mSigma.4","mSigma","99","99","4",-0.283486076523044,NA
"4038","L1CampL3.mSigma.4","mSigma","99","99","4",0.0553271460741722,NA
"4039","L1CampR1.mSigma.4","mSigma","99","99","4",-0.345023590771567,NA
"4040","L2CampL3.mSigma.4","mSigma","99","99","4",0.263978884379532,NA
"4041","L2CampR1.mSigma.4","mSigma","99","99","4",-0.0479456032863461,NA
"4042","L3CampR1.mSigma.4","mSigma","99","99","4",-0.423798286551773,NA
"4043","DCampL1.mConnect.4","mConnect","99","99","4",0.115226154354063,NA
"4044","DCampL2.mConnect.4","mConnect","99","99","4",0.387686317904455,NA
"4045","DCampL3.mConnect.4","mConnect","99","99","4",-0.0516188872124949,NA
"4046","DCampR1.mConnect.4","mConnect","99","99","4",0.332381591959291,NA
"4047","L1CampL2.mConnect.4","mConnect","99","99","4",0.30794328391509,NA
"4048","L1CampL3.mConnect.4","mConnect","99","99","4",-0.188573659119355,NA
"4049","L1CampR1.mConnect.4","mConnect","99","99","4",0.245436094968079,NA
"4050","L2CampL3.mConnect.4","mConnect","99","99","4",-0.717451231227594,NA
"4051","L2CampR1.mConnect.4","mConnect","99","99","4",-0.0903209050562001,NA
"4052","L3CampR1.mConnect.4","mConnect","99","99","4",0.365151752066425,NA
"4053","DCampL1.mTau1.4","mTau1","99","99","4",-1.60636426642077,NA
"4054","DCampL2.mTau1.4","mTau1","99","99","4",-1.2317844480971,NA
"4055","DCampL3.mTau1.4","mTau1","99","99","4",-1.06400405400683,NA
"4056","DCampR1.mTau1.4","mTau1","99","99","4",-1.42568683033094,NA
"4057","L1CampL2.mTau1.4","mTau1","99","99","4",0.143717370265386,NA
"4058","L1CampL3.mTau1.4","mTau1","99","99","4",0.208090718324166,NA
"4059","L1CampR1.mTau1.4","mTau1","99","99","4",0.0693216364334019,NA
"4060","L2CampL3.mTau1.4","mTau1","99","99","4",0.0751776876271928,NA
"4061","L2CampR1.mTau1.4","mTau1","99","99","4",-0.0868822176797412,NA
"4062","L3CampR1.mTau1.4","mTau1","99","99","4",-0.175233559072703,NA
"4063","DCampL1.mTau2.4","mTau2","99","99","4",-5.38120347887652,NA
"4064","DCampL2.mTau2.4","mTau2","99","99","4",-2.1879634775124,NA
"4065","DCampL3.mTau2.4","mTau2","99","99","4",-7.40391124555947,NA
"4066","DCampR1.mTau2.4","mTau2","99","99","4",-0.528149884162626,NA
"4067","L1CampL2.mTau2.4","mTau2","99","99","4",0.500413442689078,NA
"4068","L1CampL3.mTau2.4","mTau2","99","99","4",-0.316979042178902,NA
"4069","L1CampR1.mTau2.4","mTau2","99","99","4",0.760523247813487,NA
"4070","L2CampL3.mTau2.4","mTau2","99","99","4",-1.63613786821583,NA
"4071","L2CampR1.mTau2.4","mTau2","99","99","4",0.520650128226985,NA
"4072","L3CampR1.mTau2.4","mTau2","99","99","4",0.818162062935864,NA
"4073","DCampL1.mNPQ.4","mNPQ","99","99","4",0.687416225572098,NA
"4074","DCampL2.mNPQ.4","mNPQ","99","99","4",0.606966332113295,NA
"4075","DCampL3.mNPQ.4","mNPQ","99","99","4",0.587647266030171,NA
"4076","DCampR1.mNPQ.4","mNPQ","99","99","4",0.473489560360501,NA
"4077","L1CampL2.mNPQ.4","mNPQ","99","99","4",-0.257370663611838,NA
"4078","L1CampL3.mNPQ.4","mNPQ","99","99","4",-0.319175106655891,NA
"4079","L1CampR1.mNPQ.4","mNPQ","99","99","4",-0.68438186084076,NA
"4080","L2CampL3.mNPQ.4","mNPQ","99","99","4",-0.0491537180186131,NA
"4081","L2CampR1.mNPQ.4","mNPQ","99","99","4",-0.339606457814371,NA
"4082","L3CampR1.mNPQ.4","mNPQ","99","99","4",-0.276844789097535,NA
"4083","DCampL1.mqP.4","mqP","99","99","4",0.626775185090645,NA
"4084","DCampL2.mqP.4","mqP","99","99","4",0.483700589259258,NA
"4085","DCampL3.mqP.4","mqP","99","99","4",0.542779365884421,NA
"4086","DCampR1.mqP.4","mqP","99","99","4",0.289595421002465,NA
"4087","L1CampL2.mqP.4","mqP","99","99","4",-0.383346953674922,NA
"4088","L1CampL3.mqP.4","mqP","99","99","4",-0.225054218934034,NA
"4089","L1CampR1.mqP.4","mqP","99","99","4",-0.903422684180503,NA
"4090","L2CampL3.mqP.4","mqP","99","99","4",0.114427356290029,NA
"4091","L2CampR1.mqP.4","mqP","99","99","4",-0.375954657740762,NA
"4092","L3CampR1.mqP.4","mqP","99","99","4",-0.553745666731993,NA
"4093","DCampL1.mABQ.4","mABQ","99","99","4",0,NA
"4094","DCampL2.mABQ.4","mABQ","99","99","4",1,NA
"4095","DCampL3.mABQ.4","mABQ","99","99","4",0,NA
"4096","DCampR1.mABQ.4","mABQ","99","99","4",1,NA
"4097","L1CampL2.mABQ.4","mABQ","99","99","4",1.30849203402242,NA
"4098","L1CampL3.mABQ.4","mABQ","99","99","4",-0.255374552398393,NA
"4099","L1CampR1.mABQ.4","mABQ","99","99","4",1.59253190001982,NA
"4100","L2CampL3.mABQ.4","mABQ","99","99","4",5.06939049942264,NA
"4101","L2CampR1.mABQ.4","mABQ","99","99","4",-0.920736468601187,NA
"4102","L3CampR1.mABQ.4","mABQ","99","99","4",1.471996105774,NA
"4103","DCampL1.mqm.4","mqm","99","99","4",0,NA
"4104","DCampL2.mqm.4","mqm","99","99","4",0,NA
"4105","DCampL3.mqm.4","mqm","99","99","4",0,NA
"4106","DCampR1.mqm.4","mqm","99","99","4",0,NA
"4107","L1CampL2.mqm.4","mqm","99","99","4",0.244935302076099,NA
"4108","L1CampL3.mqm.4","mqm","99","99","4",0.019784061129485,NA
"4109","L1CampR1.mqm.4","mqm","99","99","4",0.622634874314871,NA
"4110","L2CampL3.mqm.4","mqm","99","99","4",-0.298188011657387,NA
"4111","L2CampR1.mqm.4","mqm","99","99","4",0.500221468805628,NA
"4112","L3CampR1.mqm.4","mqm","99","99","4",0.615018374298259,NA
"4113","secDer1TOJp.1","OJIP2","99","99","1",19.3904791668292,NA
"4114","secDer2TJ.1","OJIP2","99","99","1",70.5207640368546,NA
"4115","secDer3TJIp.1","OJIP2","99","99","1",176.483103175807,NA
"4116","secDer4TI.1","OJIP2","99","99","1",295.661874178587,NA
"4117","secDer5TIPp.1","OJIP2","99","99","1",582.909396628526,NA
"4118","secDer1FOJp.1","OJIP2","99","99","1",0.511489062536502,NA
"4119","secDer2FJ.1","OJIP2","99","99","1",0.598199556537488,NA
"4120","secDer3FJIp.1","OJIP2","99","99","1",0.650636827931691,NA
"4121","secDer4FI.1","OJIP2","99","99","1",0.652623038085442,NA
"4122","secDer5FIPp.1","OJIP2","99","99","1",0.678112507057996,NA
"4123","firDer1TOJ.1","OJIP2","99","99","1",52.9445602614849,NA
"4124","firDer2TJp.1","OJIP2","99","99","1",141.608871584428,NA
"4125","firDer3TJI.1","OJIP2","99","99","1",312.390985293723,NA
"4126","firDer4TIp.1","OJIP2","99","99","1",458.167942802655,NA
"4127","firDer5TIP.1","OJIP2","99","99","1",1280.02118197165,NA
"4128","firDer1FOJ.1","OJIP2","99","99","1",0.572047119820138,NA
"4129","firDer2FJp.1","OJIP2","99","99","1",0.650818204334452,NA
"4130","firDer3FJI.1","OJIP2","99","99","1",0.658924924313551,NA
"4131","firDer4FIp.1","OJIP2","99","99","1",0.675473770900824,NA
"4132","firDer5FIP.1","OJIP2","99","99","1",0.714993445169763,NA
"4133","MTFm.1","OJIP2","99","99","1",2921.10215686275,NA
"4134","MTFo.1","OJIP2","99","99","1",0,NA
"4135","secDer1TOJp.2","OJIP2","99","99","2",27.9861392246908,NA
"4136","secDer2TJ.2","OJIP2","99","99","2",129.493454035039,NA
"4137","secDer3TJIp.2","OJIP2","99","99","2",878.777332787397,NA
"4138","secDer4TI.2","OJIP2","99","99","2",0,NA
"4139","secDer5TIPp.2","OJIP2","99","99","2",0,NA
"4140","secDer1FOJp.2","OJIP2","99","99","2",0.555807997740331,NA
"4141","secDer2FJ.2","OJIP2","99","99","2",0.73248206807467,NA
"4142","secDer3FJIp.2","OJIP2","99","99","2",0.789058380753726,NA
"4143","secDer4FI.2","OJIP2","99","99","2",0,NA
"4144","secDer5FIPp.2","OJIP2","99","99","2",0,NA
"4145","firDer1TOJ.2","OJIP2","99","99","2",77.4732163695121,NA
"4146","firDer2TJp.2","OJIP2","99","99","2",565.787707137764,NA
"4147","firDer3TJI.2","OJIP2","99","99","2",6491.7321666151,NA
"4148","firDer4TIp.2","OJIP2","99","99","2",0,NA
"4149","firDer5TIP.2","OJIP2","99","99","2",0,NA
"4150","firDer1FOJ.2","OJIP2","99","99","2",0.655661850298441,NA
"4151","firDer2FJp.2","OJIP2","99","99","2",0.801802809376938,NA
"4152","firDer3FJI.2","OJIP2","99","99","2",0.882738633781613,NA
"4153","firDer4FIp.2","OJIP2","99","99","2",0,NA
"4154","firDer5FIP.2","OJIP2","99","99","2",0,NA
"4155","MTFm.2","OJIP2","99","99","2",3331.77156862745,NA
"4156","MTFo.2","OJIP2","99","99","2",0,NA
"4157","secDer1TOJp.3","OJIP2","99","99","3",30.0691204563268,NA
"4158","secDer2TJ.3","OJIP2","99","99","3",139.829208478444,NA
"4159","secDer3TJIp.3","OJIP2","99","99","3",1102.93909548329,NA
"4160","secDer4TI.3","OJIP2","99","99","3",0,NA
"4161","secDer5TIPp.3","OJIP2","99","99","3",0,NA
"4162","secDer1FOJp.3","OJIP2","99","99","3",0.545020662063679,NA
"4163","secDer2FJ.3","OJIP2","99","99","3",0.738293749728828,NA
"4164","secDer3FJIp.3","OJIP2","99","99","3",0.820905246144538,NA
"4165","secDer4FI.3","OJIP2","99","99","3",0,NA
"4166","secDer5FIPp.3","OJIP2","99","99","3",0,NA
"4167","firDer1TOJ.3","OJIP2","99","99","3",82.8165032052056,NA
"4168","firDer2TJp.3","OJIP2","99","99","3",666.8835959058,NA
"4169","firDer3TJI.3","OJIP2","99","99","3",6468.42880277105,NA
"4170","firDer4TIp.3","OJIP2","99","99","3",0,NA
"4171","firDer5TIP.3","OJIP2","99","99","3",0,NA
"4172","firDer1FOJ.3","OJIP2","99","99","3",0.652813158798498,NA
"4173","firDer2FJp.3","OJIP2","99","99","3",0.828437965193603,NA
"4174","firDer3FJI.3","OJIP2","99","99","3",0.901390099682423,NA
"4175","firDer4FIp.3","OJIP2","99","99","3",0,NA
"4176","firDer5FIP.3","OJIP2","99","99","3",0,NA
"4177","MTFm.3","OJIP2","99","99","3",2698.66274509804,NA
"4178","MTFo.3","OJIP2","99","99","3",0,NA
"4179","secDer1TOJp.4","OJIP2","99","99","4",32.2886703007982,NA
"4180","secDer2TJ.4","OJIP2","99","99","4",147.416313030176,NA
"4181","secDer3TJIp.4","OJIP2","99","99","4",1195.28607979351,NA
"4182","secDer4TI.4","OJIP2","99","99","4",0,NA
"4183","secDer5TIPp.4","OJIP2","99","99","4",0,NA
"4184","secDer1FOJp.4","OJIP2","99","99","4",0.52789076384787,NA
"4185","secDer2FJ.4","OJIP2","99","99","4",0.726747143446614,NA
"4186","secDer3FJIp.4","OJIP2","99","99","4",0.818771553111227,NA
"4187","secDer4FI.4","OJIP2","99","99","4",0,NA
"4188","secDer5FIPp.4","OJIP2","99","99","4",0,NA
"4189","firDer1TOJ.4","OJIP2","99","99","4",87.7121956060474,NA
"4190","firDer2TJp.4","OJIP2","99","99","4",712.82680562847,NA
"4191","firDer3TJI.4","OJIP2","99","99","4",6468.42880277105,NA
"4192","firDer4TIp.4","OJIP2","99","99","4",0,NA
"4193","firDer5TIP.4","OJIP2","99","99","4",0,NA
"4194","firDer1FOJ.4","OJIP2","99","99","4",0.637924269395034,NA
"4195","firDer2FJp.4","OJIP2","99","99","4",0.823380085614053,NA
"4196","firDer3FJI.4","OJIP2","99","99","4",0.89921482334562,NA
"4197","firDer4FIp.4","OJIP2","99","99","4",0,NA
"4198","firDer5FIP.4","OJIP2","99","99","4",0,NA
"4199","MTFm.4","OJIP2","99","99","4",2444.92176470588,NA
"4200","MTFo.4","OJIP2","99","99","4",0,NA
