"","uni","metric","metrix","stage","col","ASnormalized.t1_icra6.002r","pval"
"1","Quant.1.0","Quant","1","1","1",0.285772201986295,4.3373088298423e-61
"2","Sigma.1.0","Sigma","2","1","1",4.99141630815607,5.9030200847107e-45
"3","Connect.1.0","Connect","3","1","1",0.254003195243936,7.75857028165422e-12
"4","Tau1.1.0","Tau1","4","1","1",820.298407490508,5.83092968487993e-27
"5","Tau2.1.0","Tau2","5","1","1",1859456.59807441,3.93230720151633e-18
"6","NPQ.1.0","NPQ","6","1","1",0.476424416914967,1.12093775051045e-86
"7","qP.1.0","qP","7","1","1",1.33578828738922,8.6746176596846e-61
"8","ABQ.1.0","ABQ","8","1","1",0,5.9030200847107e-45
"9","qm.1.0","qm","9","1","1",0,4.3373088298423e-61
"10","nTau1.1.0","nTau1","10","1","1",1,5.83092968487993e-27
"11","nTau2.1.0","nTau2","11","1","1",1,3.93230720151633e-18
"12","nCon.1.0","nCon","12","1","1",1,7.75857028165422e-12
"13","Fm.1.0","Fm","13","1","1",1929.0099908612,1.12093775051045e-86
"14","Fo.1.0","Fo","14","1","1",1377.75255811923,8.6746176596846e-61
"15","Quant.3.0","Quant","1","3","1",0.0390128239264601,5.48340610547665e-83
"16","Sigma.3.0","Sigma","2","3","1",2.73831970542179,5.13311205703649e-29
"17","Connect.3.0","Connect","3","3","1",0.593595438253188,3.03811640256069e-18
"18","Tau1.3.0","Tau1","4","3","1",4791.82010784726,1.92609958363585e-06
"19","Tau2.3.0","Tau2","5","3","1",15320295.6377925,0.0269392791222392
"20","NPQ.3.0","NPQ","6","3","1",-0.0238965576488502,1.76497508214346e-94
"21","qP.3.0","qP","7","3","1",0.0400710314233611,1.09668122109356e-82
"22","ABQ.3.0","ABQ","8","3","1",0.451394246369048,5.13311205703649e-29
"23","qm.3.0","qm","9","3","1",0.863482789245082,5.48340610547665e-83
"24","nTau1.3.0","nTau1","10","3","1",5.84155724805879,1.92609958363585e-06
"25","nTau2.3.0","nTau2","11","3","1",8.23912515820893,0.0269392791222392
"26","nCon.3.0","nCon","12","3","1",2.33696051611918,3.03811640256069e-18
"27","Fm.3.0","Fm","13","3","1",2917.76191683158,1.76497508214346e-94
"28","Fo.3.0","Fo","14","3","1",2803.9317849109,1.09668122109356e-82
"29","Quant.4.0","Quant","1","4","1",0.0369482409497234,8.55474881844235e-83
"30","Sigma.4.0","Sigma","2","4","1",2.82370939991742,2.26098652556638e-26
"31","Connect.4.0","Connect","3","4","1",0.438910376188259,2.15083187933599e-09
"32","Tau1.4.0","Tau1","4","4","1",2845.06533721533,2.82243940311347e-05
"33","Tau2.4.0","Tau2","5","4","1",6697967.30605899,2.96431460153888e-05
"34","NPQ.4.0","NPQ","6","4","1",0.00431135557688245,5.76794840147874e-96
"35","qP.4.0","qP","7","4","1",0.106301265708293,1.71094976368841e-82
"36","ABQ.4.0","ABQ","8","4","1",0.434286938698458,2.26098652556638e-26
"37","qm.4.0","qm","9","4","1",0.87070736519189,8.55474881844235e-83
"38","nTau1.4.0","nTau1","10","4","1",3.46832970932989,2.82243940311347e-05
"39","nTau2.4.0","nTau2","11","4","1",3.60211005354745,2.96431460153888e-05
"40","nCon.4.0","nCon","12","4","1",1.72797186967174,2.15083187933599e-09
"41","Fm.4.0","Fm","13","4","1",2835.81126028836,5.76794840147874e-96
"42","Fo.4.0","Fo","14","4","1",2731.03302255529,1.71094976368841e-82
"43","Quant.5.0","Quant","1","5","1",0.0464479667713961,1.80318092725324e-82
"44","Sigma.5.0","Sigma","2","5","1",3.40011472361591,6.64537598072521e-28
"45","Connect.5.0","Connect","3","5","1",0.420649977016344,7.966601883802e-09
"46","Tau1.5.0","Tau1","4","5","1",1678.72306009488,1.1482906374872e-11
"47","Tau2.5.0","Tau2","5","5","1",8165648.69325424,1.04015445900435e-08
"48","NPQ.5.0","NPQ","6","5","1",0.0857385407800637,8.67340435429372e-97
"49","qP.5.0","qP","7","5","1",0.315024046777373,3.60636185450647e-82
"50","ABQ.5.0","ABQ","8","5","1",0.318807626192178,6.64537598072521e-28
"51","qm.5.0","qm","9","5","1",0.837465063261739,1.80318092725324e-82
"52","nTau1.5.0","nTau1","10","5","1",2.04647850680401,1.1482906374872e-11
"53","nTau2.5.0","nTau2","11","5","1",4.39141666533668,1.04015445900435e-08
"54","nCon.5.0","nCon","12","5","1",1.65608143870933,7.966601883802e-09
"55","Fm.5.0","Fm","13","5","1",2623.133787748,8.67340435429372e-97
"56","Fo.5.0","Fo","14","5","1",2501.29455673775,3.60636185450647e-82
"57","Quant.6.0","Quant","1","6","1",0.0498774560645111,2.74472650309257e-78
"58","Sigma.6.0","Sigma","2","6","1",3.34968417976464,3.71911593142154e-27
"59","Connect.6.0","Connect","3","6","1",0.300821181371829,1.80312828000337e-05
"60","Tau1.6.0","Tau1","4","6","1",1328.89556781689,8.51493498528424e-12
"61","Tau2.6.0","Tau2","5","6","1",9940730.94764364,5.67297060133258e-05
"62","NPQ.6.0","NPQ","6","6","1",0.148967340904949,3.86308114500869e-95
"63","qP.6.0","qP","7","6","1",0.447804423725454,5.48945300618514e-78
"64","ABQ.6.0","ABQ","8","6","1",0.328911079949155,3.71911593142154e-27
"65","qm.6.0","qm","9","6","1",0.825464283377349,2.74472650309257e-78
"66","nTau1.6.0","nTau1","10","6","1",1.62001480885755,8.51493498528424e-12
"67","nTau2.6.0","nTau2","11","6","1",5.34604085835502,5.67297060133258e-05
"68","nCon.6.0","nCon","12","6","1",1.18432046133487,1.80312828000337e-05
"69","Fm.6.0","Fm","13","6","1",2478.78016161645,3.86308114500869e-95
"70","Fo.6.0","Fo","14","6","1",2355.14491301184,5.48945300618514e-78
"71","Quant.7.0","Quant","1","7","1",0.0498105887623391,1.75262043685287e-77
"72","Sigma.7.0","Sigma","2","7","1",3.78464122144226,1.51464732179094e-26
"73","Connect.7.0","Connect","3","7","1",0.280474441317232,9.80205544816852e-05
"74","Tau1.7.0","Tau1","4","7","1",1232.69462619272,2.26369692045638e-18
"75","Tau2.7.0","Tau2","5","7","1",9655357.90862216,1.85320008601671e-06
"76","NPQ.7.0","NPQ","6","7","1",0.188811282058896,2.53187176020294e-96
"77","qP.7.0","qP","7","7","1",0.519372750845409,3.50524087370574e-77
"78","ABQ.7.0","ABQ","8","7","1",0.241770073304028,1.51464732179094e-26
"79","qm.7.0","qm","9","7","1",0.82569827150393,1.75262043685287e-77
"80","nTau1.7.0","nTau1","10","7","1",1.50273926529229,2.26369692045638e-18
"81","nTau2.7.0","nTau2","11","7","1",5.19256965643667,1.85320008601671e-06
"82","nCon.7.0","nCon","12","7","1",1.10421619321707,9.80205544816852e-05
"83","Fm.7.0","Fm","13","7","1",2395.70190320527,2.53187176020294e-96
"84","Fo.7.0","Fo","14","7","1",2276.37058090756,3.50524087370574e-77
"85","Quant.8.0","Quant","1","8","1",0.0579958727640053,1.34008329665024e-81
"86","Sigma.8.0","Sigma","2","8","1",4.01354670478066,1.16060323011696e-30
"87","Connect.8.0","Connect","3","8","1",0.166695076164499,0.00778634675729958
"88","Tau1.8.0","Tau1","4","8","1",1390.78511427899,1.16212407283748e-11
"89","Tau2.8.0","Tau2","5","8","1",12760646.1067498,0.0143815542087618
"90","NPQ.8.0","NPQ","6","8","1",0.203843529307951,4.12045674248232e-100
"91","qP.8.0","qP","7","8","1",0.562790541512209,2.68016659330049e-81
"92","ABQ.8.0","ABQ","8","8","1",0.195910247313483,1.16060323011696e-30
"93","qm.8.0","qm","9","8","1",0.797055583570068,1.34008329665024e-81
"94","nTau1.8.0","nTau1","10","8","1",1.69546240926365,1.16212407283748e-11
"95","nTau2.8.0","nTau2","11","8","1",6.86256733282417,0.0143815542087618
"96","nCon.8.0","nCon","12","8","1",0.656271571719447,0.00778634675729958
"97","Fm.8.0","Fm","13","8","1",2365.78706588026,4.12045674248232e-100
"98","Fo.8.0","Fo","14","8","1",2228.58118022074,2.68016659330049e-81
"99","Quant.9.0","Quant","1","9","1",0.0605189279779916,3.89317436505242e-80
"100","Sigma.9.0","Sigma","2","9","1",3.86052747607926,1.22662003283814e-31
"101","Connect.9.0","Connect","3","9","1",0.231659166521355,5.24034518949803e-05
"102","Tau1.9.0","Tau1","4","9","1",1233.58142323202,1.42837661880358e-14
"103","Tau2.9.0","Tau2","5","9","1",8867225.63226829,0.00012693270393916
"104","NPQ.9.0","NPQ","6","9","1",0.214164256830026,5.30124468818668e-99
"105","qP.9.0","qP","7","9","1",0.585378088963063,7.78634873010483e-80
"106","ABQ.9.0","ABQ","8","9","1",0.226566722200454,1.22662003283814e-31
"107","qm.9.0","qm","9","9","1",0.788226680001248,3.89317436505242e-80
"108","nTau1.9.0","nTau1","10","9","1",1.50382033168374,1.42837661880358e-14
"109","nTau2.9.0","nTau2","11","9","1",4.76871879744376,0.00012693270393916
"110","nCon.9.0","nCon","12","9","1",0.912032489586905,5.24034518949803e-05
"111","Fm.9.0","Fm","13","9","1",2345.67723020947,5.30124468818668e-99
"112","Fo.9.0","Fo","14","9","1",2203.71935885481,7.78634873010483e-80
"113","Quant.10.0","Quant","1","10","1",0.0934565078575051,4.26182550975806e-75
"114","Sigma.10.0","Sigma","2","10","1",4.98505169760147,9.08786056533003e-36
"115","Connect.10.0","Connect","3","10","1",0.346254591453799,1.01626880596831e-11
"116","Tau1.10.0","Tau1","4","10","1",1499.12527854146,6.20350730265031e-18
"117","Tau2.10.0","Tau2","5","10","1",4260660.87300092,2.65754242543946e-08
"118","NPQ.10.0","NPQ","6","10","1",0.239749342281996,1.02260026652813e-97
"119","qP.10.0","qP","7","10","1",0.695441435867298,8.52365101951612e-75
"120","ABQ.10.0","ABQ","8","10","1",0.0012751111431456,9.08786056533003e-36
"121","qm.10.0","qm","9","10","1",0.672968514054467,4.26182550975806e-75
"122","nTau1.10.0","nTau1","10","10","1",1.82753649751393,6.20350730265031e-18
"123","nTau2.10.0","nTau2","11","10","1",2.29134730943067,2.65754242543946e-08
"124","nCon.10.0","nCon","12","10","1",1.36318990444695,1.01626880596831e-11
"125","Fm.10.0","Fm","13","10","1",2297.26877349097,1.02260026652813e-97
"126","Fo.10.0","Fo","14","10","1",2082.57405631041,8.52365101951612e-75
"127","Quant.11.0","Quant","1","11","1",0.104490751636505,2.63733682035888e-77
"128","Sigma.11.0","Sigma","2","11","1",4.6614738177153,5.08838975781887e-39
"129","Connect.11.0","Connect","3","11","1",0.226283476288751,7.53322111899835e-08
"130","Tau1.11.0","Tau1","4","11","1",1492.80597446437,4.92871726411468e-19
"131","Tau2.11.0","Tau2","5","11","1",4603897.25903061,5.54087547498632e-07
"132","NPQ.11.0","NPQ","6","11","1",0.212212367601589,3.12841193728268e-99
"133","qP.11.0","qP","7","11","1",0.676013645394203,5.27467364071777e-77
"134","ABQ.11.0","ABQ","8","11","1",0.0661019778898513,5.08838975781887e-39
"135","qm.11.0","qm","9","11","1",0.634356487754129,2.63733682035888e-77
"136","nTau1.11.0","nTau1","10","11","1",1.81983283258007,4.92871726411468e-19
"137","nTau2.11.0","nTau2","11","11","1",2.47593692899218,5.54087547498632e-07
"138","nCon.11.0","nCon","12","11","1",0.890868621048,7.53322111899835e-08
"139","Fm.11.0","Fm","13","11","1",2349.45421041641,3.12841193728268e-99
"140","Fo.11.0","Fo","14","11","1",2103.95797403444,5.27467364071777e-77
"141","Quant.12.0","Quant","1","12","1",0.107344847243684,1.09400159535584e-72
"142","Sigma.12.0","Sigma","2","12","1",4.91574957853948,3.40301370122582e-36
"143","Connect.12.0","Connect","3","12","1",0.293458599841013,3.20737659885154e-09
"144","Tau1.12.0","Tau1","4","12","1",1485.07149520122,8.43484517834026e-18
"145","Tau2.12.0","Tau2","5","12","1",4049358.85512379,2.58668285402678e-07
"146","NPQ.12.0","NPQ","6","12","1",0.204499876419683,2.7169625964365e-95
"147","qP.12.0","qP","7","12","1",0.669905390781342,2.18800319071169e-72
"148","ABQ.12.0","ABQ","8","12","1",0.0151593705964691,3.40301370122582e-36
"149","qm.12.0","qm","9","12","1",0.624369177626199,1.09400159535584e-72
"150","nTau1.12.0","nTau1","10","12","1",1.81040397206721,8.43484517834026e-18
"151","nTau2.12.0","nTau2","11","12","1",2.17771087494979,2.58668285402678e-07
"152","nCon.12.0","nCon","12","12","1",1.15533428451239,3.20737659885154e-09
"153","Fm.12.0","Fm","13","12","1",2364.49791879269,2.7169625964365e-95
"154","Fo.12.0","Fo","14","12","1",2110.68125089188,2.18800319071169e-72
"155","Quant.13.0","Quant","1","13","1",0.115378978443987,1.73537521097229e-72
"156","Sigma.13.0","Sigma","2","13","1",5.14467421149386,7.58936443207914e-37
"157","Connect.13.0","Connect","3","13","1",0.260935152666652,3.55487793222359e-08
"158","Tau1.13.0","Tau1","4","13","1",1515.20448303993,6.14816625087191e-19
"159","Tau2.13.0","Tau2","5","13","1",4392703.48020803,1.0056515225698e-06
"160","NPQ.13.0","NPQ","6","13","1",0.186904172653798,7.29752766447657e-96
"161","qP.13.0","qP","7","13","1",0.658991960318217,3.47075042194457e-72
"162","ABQ.13.0","ABQ","8","13","1",-0.0307042919035543,7.58936443207914e-37
"163","qm.13.0","qm","9","13","1",0.596255417279808,1.73537521097229e-72
"164","nTau1.13.0","nTau1","10","13","1",1.84713815021939,6.14816625087191e-19
"165","nTau2.13.0","nTau2","11","13","1",2.36235870455753,1.0056515225698e-06
"166","nCon.13.0","nCon","12","13","1",1.02729082764514,3.55487793222359e-08
"167","Fm.13.0","Fm","13","13","1",2399.55130043268,7.29752766447657e-96
"168","Fo.13.0","Fo","14","13","1",2122.69352266482,3.47075042194457e-72
"169","Quant.14.0","Quant","1","14","1",0.119448247226479,1.62717523386007e-69
"170","Sigma.14.0","Sigma","2","14","1",4.98719971629398,1.27053066737599e-34
"171","Connect.14.0","Connect","3","14","1",0.255133211221766,9.71672157342612e-07
"172","Tau1.14.0","Tau1","4","14","1",1393.06214232406,4.0878815803718e-18
"173","Tau2.14.0","Tau2","5","14","1",4170755.64575894,3.11538110653718e-06
"174","NPQ.14.0","NPQ","6","14","1",0.180031006997759,1.34114850966667e-92
"175","qP.14.0","qP","7","14","1",0.656682066042144,3.25435046772015e-69
"176","ABQ.14.0","ABQ","8","14","1",0.00084476861912075,1.27053066737599e-34
"177","qm.14.0","qm","9","14","1",0.582015862997735,1.62717523386007e-69
"178","nTau1.14.0","nTau1","10","14","1",1.6982382625681,4.0878815803718e-18
"179","nTau2.14.0","nTau2","11","14","1",2.24299704014497,3.11538110653718e-06
"180","nCon.14.0","nCon","12","14","1",1.00444882583758,9.71672157342612e-07
"181","Fm.14.0","Fm","13","14","1",2413.52763960532,1.34114850966667e-92
"182","Fo.14.0","Fo","14","14","1",2125.23599342181,3.25435046772015e-69
"183","Quant.15.0","Quant","1","15","1",0.12510154953098,1.67685918980252e-72
"184","Sigma.15.0","Sigma","2","15","1",5.09296616807203,1.49218805871882e-38
"185","Connect.15.0","Connect","3","15","1",0.277218271546964,9.03448675787232e-10
"186","Tau1.15.0","Tau1","4","15","1",1277.02599492921,2.69351971909444e-17
"187","Tau2.15.0","Tau2","5","15","1",3613280.53445,4.99189131452757e-08
"188","NPQ.15.0","NPQ","6","15","1",0.170308917405818,1.07960569724208e-95
"189","qP.15.0","qP","7","15","1",0.65314137615401,3.35371837960503e-72
"190","ABQ.15.0","ABQ","8","15","1",-0.0203448988516595,1.49218805871882e-38
"191","qm.15.0","qm","9","15","1",0.562233314991991,1.67685918980252e-72
"192","nTau1.15.0","nTau1","10","15","1",1.55678224322774,2.69351971909444e-17
"193","nTau2.15.0","nTau2","11","15","1",1.9431916497496,4.99189131452757e-08
"194","nCon.15.0","nCon","12","15","1",1.09139678845667,9.03448675787232e-10
"195","Fm.15.0","Fm","13","15","1",2433.57750130926,1.07960569724208e-95
"196","Fo.15.0","Fo","14","15","1",2129.13318499174,3.35371837960503e-72
"197","Quant.16.0","Quant","1","16","1",0.0488423574200873,2.61683319644027e-81
"198","Sigma.16.0","Sigma","2","16","1",3.7007812380475,3.4259219225277e-30
"199","Connect.16.0","Connect","3","16","1",0.292818245052553,1.13797459423144e-06
"200","Tau1.16.0","Tau1","4","16","1",1215.03822145773,5.43989635196063e-12
"201","Tau2.16.0","Tau2","5","16","1",8057788.25884526,9.72814311858032e-07
"202","NPQ.16.0","NPQ","6","16","1",0.124034733116224,5.67182255223473e-100
"203","qP.16.0","qP","7","16","1",0.397960113159929,5.23366639288054e-81
"204","ABQ.16.0","ABQ","8","16","1",0.258570912628476,3.4259219225277e-30
"205","qm.16.0","qm","9","16","1",0.829086394405745,2.61683319644027e-81
"206","nTau1.16.0","nTau1","10","16","1",1.48121489736256,5.43989635196063e-12
"207","nTau2.16.0","nTau2","11","16","1",4.3334102378026,9.72814311858032e-07
"208","nCon.16.0","nCon","12","16","1",1.15281323438211,1.13797459423144e-06
"209","Fm.16.0","Fm","13","16","1",2533.76285186902,5.67182255223473e-100
"210","Fo.16.0","Fo","14","16","1",2410.00790104029,5.23366639288054e-81
"211","Quant.17.0","Quant","1","17","1",0.0531548765151185,2.20999507528228e-82
"212","Sigma.17.0","Sigma","2","17","1",3.5262495479045,3.80028175651938e-32
"213","Connect.17.0","Connect","3","17","1",0.307997709979249,4.09631936300632e-08
"214","Tau1.17.0","Tau1","4","17","1",1641.34332604422,7.57978474519121e-14
"215","Tau2.17.0","Tau2","5","17","1",17816628.5629722,0.00886754191921088
"216","NPQ.17.0","NPQ","6","17","1",0.156206341543746,6.12189942424538e-100
"217","qP.17.0","qP","7","17","1",0.468535736580352,4.41999015056456e-82
"218","ABQ.17.0","ABQ","8","17","1",0.293537278759431,3.80028175651938e-32
"219","qm.17.0","qm","9","17","1",0.81399563657466,2.20999507528228e-82
"220","nTau1.17.0","nTau1","10","17","1",2.00091004816831,7.57978474519121e-14
"221","nTau2.17.0","nTau2","11","17","1",9.58163184955351,0.00886754191921088
"222","nCon.17.0","nCon","12","17","1",1.21257415554737,4.09631936300632e-08
"223","Fm.17.0","Fm","13","17","1",2463.26053460124,6.12189942424538e-100
"224","Fo.17.0","Fo","14","17","1",2332.32622505995,4.41999015056456e-82
"225","Quant.18.0","Quant","1","18","1",0.0562617946958515,1.27764586501e-79
"226","Sigma.18.0","Sigma","2","18","1",3.56104923692182,5.26276194343982e-30
"227","Connect.18.0","Connect","3","18","1",0.284335010892957,5.0634160573519e-06
"228","Tau1.18.0","Tau1","4","18","1",1576.20672121275,5.23363606382104e-13
"229","Tau2.18.0","Tau2","5","18","1",11202655.5610798,0.00158784609234345
"230","NPQ.18.0","NPQ","6","18","1",0.171397633661144,4.18115305363844e-97
"231","qP.18.0","qP","7","18","1",0.502878572354422,2.55529173002001e-79
"232","ABQ.18.0","ABQ","8","18","1",0.286565372016156,5.26276194343982e-30
"233","qm.18.0","qm","9","18","1",0.803123626774064,1.27764586501e-79
"234","nTau1.18.0","nTau1","10","18","1",1.92150406098525,5.23363606382104e-13
"235","nTau2.18.0","nTau2","11","18","1",6.02469322095542,0.00158784609234345
"236","nCon.18.0","nCon","12","18","1",1.11941509483726,5.0634160573519e-06
"237","Fm.18.0","Fm","13","18","1",2431.31569429502,4.18115305363844e-97
"238","Fo.18.0","Fo","14","18","1",2294.5255098618,2.55529173002001e-79
"239","Quant.19.0","Quant","1","19","1",0.0544264966004822,4.69443546255209e-80
"240","Sigma.19.0","Sigma","2","19","1",3.36485676956567,1.99420921833555e-28
"241","Connect.19.0","Connect","3","19","1",0.296066878669745,2.39179482598503e-05
"242","Tau1.19.0","Tau1","4","19","1",1246.44902660716,1.41047279409196e-16
"243","Tau2.19.0","Tau2","5","19","1",11168076.8143126,0.000121163446658337
"244","NPQ.19.0","NPQ","6","19","1",0.198185078943285,2.60448022449217e-95
"245","qP.19.0","qP","7","19","1",0.545520622049155,9.38887092510418e-80
"246","ABQ.19.0","ABQ","8","19","1",0.325871343556852,1.99420921833555e-28
"247","qm.19.0","qm","9","19","1",0.809545868274856,4.69443546255209e-80
"248","nTau1.19.0","nTau1","10","19","1",1.51950682242618,1.41047279409196e-16
"249","nTau2.19.0","nTau2","11","19","1",6.00609706399058,0.000121163446658337
"250","nCon.19.0","nCon","12","19","1",1.16560296962175,2.39179482598503e-05
"251","Fm.19.0","Fm","13","19","1",2376.95953741317,2.60448022449217e-95
"252","Fo.19.0","Fo","14","19","1",2247.58995723067,9.38887092510418e-80
"253","Quant.20.0","Quant","1","20","1",0.0571994636757652,1.10862213608255e-78
"254","Sigma.20.0","Sigma","2","20","1",3.79417287797245,1.39834359282368e-27
"255","Connect.20.0","Connect","3","20","1",0.257992517613589,0.000455589346913229
"256","Tau1.20.0","Tau1","4","20","1",927.601719419729,7.35441795418631e-13
"257","Tau2.20.0","Tau2","5","20","1",7869829.52219529,3.11784250374619e-05
"258","NPQ.20.0","NPQ","6","20","1",0.223084610706466,9.90737885961935e-96
"259","qP.20.0","qP","7","20","1",0.592957753658109,2.2172442721651e-78
"260","ABQ.20.0","ABQ","8","20","1",0.23986046369791,1.39834359282368e-27
"261","qm.20.0","qm","9","20","1",0.799842450461615,1.10862213608255e-78
"262","nTau1.20.0","nTau1","10","20","1",1.13081009416742,7.35441795418631e-13
"263","nTau2.20.0","nTau2","11","20","1",4.23232762213702,3.11784250374619e-05
"264","nCon.20.0","nCon","12","20","1",1.0157057960071,0.000455589346913229
"265","Fm.20.0","Fm","13","20","1",2328.56944323364,9.90737885961935e-96
"266","Fo.20.0","Fo","14","20","1",2195.3765199489,2.2172442721651e-78
"267","Quant.21.0","Quant","1","21","1",0.0596209128870236,1.0557149913678e-76
"268","Sigma.21.0","Sigma","2","21","1",3.96311462362456,2.94244932814959e-28
"269","Connect.21.0","Connect","3","21","1",0.206240387353397,0.00241159217222362
"270","Tau1.21.0","Tau1","4","21","1",1038.58167227038,2.4847374862552e-17
"271","Tau2.21.0","Tau2","5","21","1",9351914.33346643,6.67539904716494e-07
"272","NPQ.21.0","NPQ","6","21","1",0.253562334415817,3.38860782330688e-96
"273","qP.21.0","qP","7","21","1",0.646449226998943,2.11142998273561e-76
"274","ABQ.21.0","ABQ","8","21","1",0.206014009060163,2.94244932814959e-28
"275","qm.21.0","qm","9","21","1",0.791369095830101,1.0557149913678e-76
"276","nTau1.21.0","nTau1","10","21","1",1.26610226569578,2.4847374862552e-17
"277","nTau2.21.0","nTau2","11","21","1",5.02938027332874,6.67539904716494e-07
"278","nCon.21.0","nCon","12","21","1",0.811959814739068,0.00241159217222362
"279","Fm.21.0","Fm","13","21","1",2271.95518945424,3.38860782330688e-96
"280","Fo.21.0","Fo","14","21","1",2136.49914702057,2.11142998273561e-76
"281","Quant.22.0","Quant","1","22","1",0.0619241668859752,7.19952948262307e-81
"282","Sigma.22.0","Sigma","2","22","1",3.71203840221367,1.07047167713564e-32
"283","Connect.22.0","Connect","3","22","1",0.267884644315708,1.16920260688425e-06
"284","Tau1.22.0","Tau1","4","22","1",1126.23001766546,1.14382802765934e-12
"285","Tau2.22.0","Tau2","5","22","1",7866865.75567349,5.69005768846034e-05
"286","NPQ.22.0","NPQ","6","22","1",0.284419475370773,5.98802381175383e-99
"287","qP.22.0","qP","7","22","1",0.69772160290844,1.43990589652461e-80
"288","ABQ.22.0","ABQ","8","22","1",0.2563156080273,1.07047167713564e-32
"289","qm.22.0","qm","9","22","1",0.783309340602187,7.19952948262307e-81
"290","nTau1.22.0","nTau1","10","22","1",1.372951608075,1.14382802765934e-12
"291","nTau2.22.0","nTau2","11","22","1",4.23073373361881,5.69005768846034e-05
"292","nCon.22.0","nCon","12","22","1",1.05465068680904,1.16920260688425e-06
"293","Fm.22.0","Fm","13","22","1",2217.3733002283,5.98802381175383e-99
"294","Fo.22.0","Fo","14","22","1",2080.06430593646,1.43990589652461e-80
"295","Quant.23.0","Quant","1","23","1",0.184767370535703,5.73142170135275e-68
"296","Sigma.23.0","Sigma","2","23","1",4.84942635157018,4.03140537851982e-41
"297","Connect.23.0","Connect","3","23","1",0.195331504716338,4.31312625088815e-07
"298","Tau1.23.0","Tau1","4","23","1",1388.48241351967,2.99718304930386e-18
"299","Tau2.23.0","Tau2","5","23","1",1960555.44411479,5.69619727105168e-12
"300","NPQ.23.0","NPQ","6","23","1",0.328762154368103,9.19139952862192e-92
"301","qP.23.0","qP","7","23","1",1,1.14628434027055e-67
"302","ABQ.23.0","ABQ","8","23","1",0.0284468270766924,4.03140537851982e-41
"303","qm.23.0","qm","9","23","1",0.353445264264843,5.73142170135275e-68
"304","nTau1.23.0","nTau1","10","23","1",1.69265525916035,2.99718304930386e-18
"305","nTau2.23.0","nTau2","11","23","1",1.05437010261228,5.69619727105168e-12
"306","nCon.23.0","nCon","12","23","1",0.769011998170922,4.31312625088815e-07
"307","Fm.23.0","Fm","13","23","1",2143.37640609187,9.19139952862192e-92
"308","Fo.23.0","Fo","14","23","1",1747.35038347001,1.14628434027055e-67
"309","Quant.24.0","Quant","1","24","1",0.18914426679674,2.00171872213934e-68
"310","Sigma.24.0","Sigma","2","24","1",4.98633428359535,2.16438804605179e-42
"311","Connect.24.0","Connect","3","24","1",0.192464443730728,3.16918987675018e-07
"312","Tau1.24.0","Tau1","4","24","1",1192.68507974284,4.80296897140648e-17
"313","Tau2.24.0","Tau2","5","24","1",1830715.9901514,3.99578583572593e-11
"314","NPQ.24.0","NPQ","6","24","1",0.29049026773895,3.49647435088734e-92
"315","qP.24.0","qP","7","24","1",0.961695411600641,4.00343744427868e-68
"316","ABQ.24.0","ABQ","8","24","1",0.00101815281414597,2.16438804605179e-42
"317","qm.24.0","qm","9","24","1",0.338129232017428,2.00171872213934e-68
"318","nTau1.24.0","nTau1","10","24","1",1.45396488503684,4.80296897140648e-17
"319","nTau2.24.0","nTau2","11","24","1",0.984543544628694,3.99578583572593e-11
"320","nCon.24.0","nCon","12","24","1",0.757724498488659,3.16918987675018e-07
"321","Fm.24.0","Fm","13","24","1",2206.9422158219,3.49647435088734e-92
"322","Fo.24.0","Fo","14","24","1",1789.51174854749,4.00343744427868e-68
"323","Quant.25.0","Quant","1","25","1",0.192279802218134,9.15005075774531e-69
"324","Sigma.25.0","Sigma","2","25","1",5.09188689001948,6.75956841803963e-43
"325","Connect.25.0","Connect","3","25","1",0.169523771394495,2.61174964083639e-06
"326","Tau1.25.0","Tau1","4","25","1",1266.31038941354,2.01761886194947e-18
"327","Tau2.25.0","Tau2","5","25","1",1746781.01158717,1.63910786975505e-12
"328","NPQ.25.0","NPQ","6","25","1",0.280837772581048,6.26576095360646e-93
"329","qP.25.0","qP","7","25","1",0.955777464461556,1.83001015154906e-68
"330","ABQ.25.0","ABQ","8","25","1",-0.020128672036279,6.75956841803963e-43
"331","qm.25.0","qm","9","25","1",0.327157082173602,9.15005075774531e-69
"332","nTau1.25.0","nTau1","10","25","1",1.54371918542119,2.01761886194947e-18
"333","nTau2.25.0","nTau2","11","25","1",0.939404024485474,1.63910786975505e-12
"334","nCon.25.0","nCon","12","25","1",0.66740802701986,2.61174964083639e-06
"335","Fm.25.0","Fm","13","25","1",2223.57390760052,6.26576095360646e-93
"336","Fo.25.0","Fo","14","25","1",1796.02555642969,1.83001015154906e-68
"337","Quant.26.0","Quant","1","26","1",0.197973610098403,2.37296865401406e-67
"338","Sigma.26.0","Sigma","2","26","1",5.15526660106533,1.80419138416267e-42
"339","Connect.26.0","Connect","3","26","1",0.179687549996416,1.53181518130058e-06
"340","Tau1.26.0","Tau1","4","26","1",1352.63612906838,2.083855282958e-18
"341","Tau2.26.0","Tau2","5","26","1",1795914.63015566,7.43782540210978e-13
"342","NPQ.26.0","NPQ","6","26","1",0.277326405734716,1.04687833634367e-91
"343","qP.26.0","qP","7","26","1",0.962825913939653,4.74593730802812e-67
"344","ABQ.26.0","ABQ","8","26","1",-0.0328264129444618,1.80419138416267e-42
"345","qm.26.0","qm","9","26","1",0.307232793384511,2.37296865401406e-67
"346","nTau1.26.0","nTau1","10","26","1",1.6489561807226,2.083855282958e-18
"347","nTau2.26.0","nTau2","11","26","1",0.965827668156084,7.43782540210978e-13
"348","nCon.26.0","nCon","12","26","1",0.707422400036543,1.53181518130058e-06
"349","Fm.26.0","Fm","13","26","1",2229.68650627887,1.04687833634367e-91
"350","Fo.26.0","Fo","14","26","1",1788.26741924315,4.74593730802812e-67
"351","Quant.27.0","Quant","1","27","1",0.200725900596822,3.49341647291766e-67
"352","Sigma.27.0","Sigma","2","27","1",5.06547951445364,1.55874032901129e-42
"353","Connect.27.0","Connect","3","27","1",0.201093007049284,1.1272786199153e-07
"354","Tau1.27.0","Tau1","4","27","1",1331.10034800106,2.79465079181621e-19
"355","Tau2.27.0","Tau2","5","27","1",1686548.60446884,8.89363258915689e-13
"356","NPQ.27.0","NPQ","6","27","1",0.273197804767052,2.67535164888411e-91
"357","qP.27.0","qP","7","27","1",0.963151007633305,6.98683294583532e-67
"358","ABQ.27.0","ABQ","8","27","1",-0.0148381144198573,1.55874032901129e-42
"359","qm.27.0","qm","9","27","1",0.297601728923766,3.49341647291766e-67
"360","nTau1.27.0","nTau1","10","27","1",1.62270258706611,2.79465079181621e-19
"361","nTau2.27.0","nTau2","11","27","1",0.907011546392298,8.89363258915689e-13
"362","nCon.27.0","nCon","12","27","1",0.791694792879127,1.1272786199153e-07
"363","Fm.27.0","Fm","13","27","1",2236.9167149966,2.67535164888411e-91
"364","Fo.27.0","Fo","14","27","1",1787.90959281882,6.98683294583532e-67
"365","Quant.1.1","Quant","1","1","2",0.272794955114245,3.67264985323448e-63
"366","Sigma.1.1","Sigma","2","1","2",4.77615202917003,3.65264593334695e-46
"367","Connect.1.1","Connect","3","1","2",0.260957356894657,6.85592507205826e-13
"368","Tau1.1.1","Tau1","4","1","2",796.027547085818,1.46054428654618e-27
"369","Tau2.1.1","Tau2","5","1","2",1348034.61481423,6.64871798319304e-21
"370","NPQ.1.1","NPQ","6","1","2",0.560240968937126,6.1233053647971e-89
"371","qP.1.1","qP","7","1","2",1.30433933495035,7.34529970646895e-63
"372","ABQ.1.1","ABQ","8","1","2",0,3.65264593334695e-46
"373","qm.1.1","qm","9","1","2",0,3.67264985323448e-63
"374","nTau1.1.1","nTau1","10","1","2",1,1.46054428654618e-27
"375","nTau2.1.1","nTau2","11","1","2",1,6.64871798319304e-21
"376","nCon.1.1","nCon","12","1","2",1,6.85592507205826e-13
"377","Fm.1.1","Fm","13","1","2",2073.69840947732,6.1233053647971e-89
"378","Fo.1.1","Fo","14","1","2",1508.00394494347,7.34529970646895e-63
"379","Quant.3.1","Quant","1","3","2",0.0293377542776192,1.86957581424853e-85
"380","Sigma.3.1","Sigma","2","3","2",2.1762827851181,2.06597283702053e-27
"381","Connect.3.1","Connect","3","3","2",0.623480944325712,1.02236223250008e-18
"382","Tau1.3.1","Tau1","4","3","2",3113.53828571629,9.8847653788128e-07
"383","Tau2.3.1","Tau2","5","3","2",6326948.18726051,7.88089804123024e-09
"384","NPQ.3.1","NPQ","6","3","2",0.0192419294021896,1.23045075304671e-95
"385","qP.3.1","qP","7","3","2",0.11643832245059,3.73915162837402e-85
"386","ABQ.3.1","ABQ","8","3","2",0.544343904501657,2.06597283702053e-27
"387","qm.3.1","qm","9","3","2",0.892454923642804,1.86957581424853e-85
"388","nTau1.3.1","nTau1","10","3","2",3.9113448989481,9.8847653788128e-07
"389","nTau2.3.1","nTau2","11","3","2",4.69346121956402,7.88089804123024e-09
"390","nCon.3.1","nCon","12","3","2",2.38920623562799,1.02236223250008e-18
"391","Fm.3.1","Fm","13","3","2",3174.38786842684,1.23045075304671e-95
"392","Fo.3.1","Fo","14","3","2",3081.25845716108,3.73915162837402e-85
"393","Quant.4.1","Quant","1","4","2",0.0320424251354735,1.44510201179579e-78
"394","Sigma.4.1","Sigma","2","4","2",2.30635653787183,1.64531240953272e-22
"395","Connect.4.1","Connect","3","4","2",0.560399502018087,8.03035468821267e-13
"396","Tau1.4.1","Tau1","4","4","2",2188.14372648875,2.27003816728937e-10
"397","Tau2.4.1","Tau2","5","4","2",8030293.39147972,6.21850481344393e-07
"398","NPQ.4.1","NPQ","6","4","2",0.0556291328601616,8.43631829804869e-93
"399","qP.4.1","qP","7","4","2",0.202892454323006,2.89020402359156e-78
"400","ABQ.4.1","ABQ","8","4","2",0.517109898557267,1.64531240953272e-22
"401","qm.4.1","qm","9","4","2",0.882540257674287,1.44510201179579e-78
"402","nTau1.4.1","nTau1","10","4","2",2.74882915107566,2.27003816728937e-10
"403","nTau2.4.1","nTau2","11","4","2",5.95703797456741,6.21850481344393e-07
"404","nCon.4.1","nCon","12","4","2",2.14747539094791,8.03035468821267e-13
"405","Fm.4.1","Fm","13","4","2",3064.96771922159,8.43631829804869e-93
"406","Fo.4.1","Fo","14","4","2",2966.75872053579,2.89020402359156e-78
"407","Quant.5.1","Quant","1","5","2",0.0411992454692449,6.85388086380863e-80
"408","Sigma.5.1","Sigma","2","5","2",2.92013050374257,2.12790371644759e-26
"409","Connect.5.1","Connect","3","5","2",0.431415210244318,9.35533383241141e-10
"410","Tau1.5.1","Tau1","4","5","2",1759.85374539225,6.57832664598105e-11
"411","Tau2.5.1","Tau2","5","5","2",6751545.01058707,7.84733171891004e-08
"412","NPQ.5.1","NPQ","6","5","2",0.152238467125508,1.79296508450584e-96
"413","qP.5.1","qP","7","5","2",0.410126013478255,1.37077617276173e-79
"414","ABQ.5.1","ABQ","8","5","2",0.388601852305355,2.12790371644759e-26
"415","qm.5.1","qm","9","5","2",0.848973579984311,6.85388086380863e-80
"416","nTau1.5.1","nTau1","10","5","2",2.21079503069323,6.57832664598105e-11
"417","nTau2.5.1","nTau2","11","5","2",5.00843593806194,7.84733171891004e-08
"418","nCon.5.1","nCon","12","5","2",1.65320194601171,9.35533383241141e-10
"419","Fm.5.1","Fm","13","5","2",2807.98576683333,1.79296508450584e-96
"420","Fo.5.1","Fo","14","5","2",2692.29887195141,1.37077617276173e-79
"421","Quant.6.1","Quant","1","6","2",0.0474105477489501,1.88885199691269e-76
"422","Sigma.6.1","Sigma","2","6","2",3.02547907195921,7.48386274215219e-25
"423","Connect.6.1","Connect","3","6","2",0.608005520972004,4.68889609638222e-15
"424","Tau1.6.1","Tau1","4","6","2",1281.84898768717,3.59934670297647e-14
"425","Tau2.6.1","Tau2","5","6","2",8263433.31673553,6.12417363740617e-06
"426","NPQ.6.1","NPQ","6","6","2",0.215862776938179,4.49792674749857e-92
"427","qP.6.1","qP","7","6","2",0.528981925881623,3.77770399382539e-76
"428","ABQ.6.1","ABQ","8","6","2",0.366544646510141,7.48386274215219e-25
"429","qm.6.1","qm","9","6","2",0.826204455543927,1.88885199691269e-76
"430","nTau1.6.1","nTau1","10","6","2",1.6103073221271,3.59934670297647e-14
"431","nTau2.6.1","nTau2","11","6","2",6.12998600030334,6.12417363740617e-06
"432","nCon.6.1","nCon","12","6","2",2.32990373679115,4.68889609638222e-15
"433","Fm.6.1","Fm","13","6","2",2661.04800398111,4.49792674749857e-92
"434","Fo.6.1","Fo","14","6","2",2534.88626052612,3.77770399382539e-76
"435","Quant.7.1","Quant","1","7","2",0.0501403019763456,5.63721059923785e-82
"436","Sigma.7.1","Sigma","2","7","2",3.60050847680993,8.83567960176676e-31
"437","Connect.7.1","Connect","3","7","2",0.33014944102693,3.33741599104064e-08
"438","Tau1.7.1","Tau1","4","7","2",1007.76749157596,3.21279376074271e-13
"439","Tau2.7.1","Tau2","5","7","2",7293291.57473757,9.64081019594835e-07
"440","NPQ.7.1","NPQ","6","7","2",0.245558056646931,4.1809268250231e-101
"441","qP.7.1","qP","7","7","2",0.579967259228184,1.12744211984757e-81
"442","ABQ.7.1","ABQ","8","7","2",0.246148687307257,8.83567960176676e-31
"443","qm.7.1","qm","9","7","2",0.816197840039428,5.63721059923785e-82
"444","nTau1.7.1","nTau1","10","7","2",1.2659957501035,3.21279376074271e-13
"445","nTau2.7.1","nTau2","11","7","2",5.41031476090297,9.64081019594835e-07
"446","nCon.7.1","nCon","12","7","2",1.26514709129356,3.33741599104064e-08
"447","Fm.7.1","Fm","13","7","2",2597.60610789691,4.1809268250231e-101
"448","Fo.7.1","Fo","14","7","2",2467.36135323136,1.12744211984757e-81
"449","Quant.8.1","Quant","1","8","2",0.0522539807821831,3.25860312310465e-79
"450","Sigma.8.1","Sigma","2","8","2",3.34158420309097,1.38211073756311e-29
"451","Connect.8.1","Connect","3","8","2",0.48953850114049,3.76086877315722e-14
"452","Tau1.8.1","Tau1","4","8","2",1071.35795029132,2.36029815773638e-13
"453","Tau2.8.1","Tau2","5","8","2",11439574.8956546,0.0022011477984187
"454","NPQ.8.1","NPQ","6","8","2",0.265027053363378,3.06982681030189e-97
"455","qP.8.1","qP","7","8","2",0.612721102063327,6.51720624620931e-79
"456","ABQ.8.1","ABQ","8","8","2",0.300360586789854,1.38211073756311e-29
"457","qm.8.1","qm","9","8","2",0.808449607287278,3.25860312310465e-79
"458","nTau1.8.1","nTau1","10","8","2",1.34588049648967,2.36029815773638e-13
"459","nTau2.8.1","nTau2","11","8","2",8.48611361306257,0.0022011477984187
"460","nCon.8.1","nCon","12","8","2",1.87593293772556,3.76086877315722e-14
"461","Fm.8.1","Fm","13","8","2",2557.62847686459,3.06982681030189e-97
"462","Fo.8.1","Fo","14","8","2",2423.98220758654,6.51720624620931e-79
"463","Quant.9.1","Quant","1","9","2",0.0571560613875472,1.03788993351735e-78
"464","Sigma.9.1","Sigma","2","9","2",3.39616569215548,1.00868867156717e-29
"465","Connect.9.1","Connect","3","9","2",0.446047952402121,7.59045568691064e-12
"466","Tau1.9.1","Tau1","4","9","2",1333.81998303904,3.7324404658091e-13
"467","Tau2.9.1","Tau2","5","9","2",11317911.2131742,7.35339947865545e-05
"468","NPQ.9.1","NPQ","6","9","2",0.279585236620913,2.62764463903443e-96
"469","qP.9.1","qP","7","9","2",0.642903365749661,2.0757798670347e-78
"470","ABQ.9.1","ABQ","8","9","2",0.28893266558233,1.00868867156717e-29
"471","qm.9.1","qm","9","9","2",0.790479771286054,1.03788993351735e-78
"472","nTau1.9.1","nTau1","10","9","2",1.67559525788024,3.7324404658091e-13
"473","nTau2.9.1","nTau2","11","9","2",8.39586097329844,7.35339947865545e-05
"474","nCon.9.1","nCon","12","9","2",1.70927525366599,7.59045568691064e-12
"475","Fm.9.1","Fm","13","9","2",2528.52965405446,2.62764463903443e-96
"476","Fo.9.1","Fo","14","9","2",2384.00885792709,2.0757798670347e-78
"477","Quant.10.1","Quant","1","10","2",0.0907027277782086,2.94191722367549e-72
"478","Sigma.10.1","Sigma","2","10","2",4.10234831361029,1.31725890827225e-31
"479","Connect.10.1","Connect","3","10","2",0.242858945031216,3.333855345779e-05
"480","Tau1.10.1","Tau1","4","10","2",1635.19746261213,2.53344529160028e-21
"481","Tau2.10.1","Tau2","5","10","2",7926855.21706131,5.33958263073845e-07
"482","NPQ.10.1","NPQ","6","10","2",0.291640064110498,7.66286176423563e-94
"483","qP.10.1","qP","7","10","2",0.723152576834024,5.88383444735098e-72
"484","ABQ.10.1","ABQ","8","10","2",0.141076689235294,1.31725890827225e-31
"485","qm.10.1","qm","9","10","2",0.66750584613919,2.94191722367549e-72
"486","nTau1.10.1","nTau1","10","10","2",2.05419707973478,2.53344529160028e-21
"487","nTau2.10.1","nTau2","11","10","2",5.88030539420065,5.33958263073845e-07
"488","nCon.10.1","nCon","12","10","2",0.93064609452361,3.333855345779e-05
"489","Fm.10.1","Fm","13","10","2",2504.93098316396,7.66286176423563e-94
"490","Fo.10.1","Fo","14","10","2",2277.72691009484,5.88383444735098e-72
"491","Quant.11.1","Quant","1","11","2",0.102415931996324,2.57257277601235e-78
"492","Sigma.11.1","Sigma","2","11","2",4.3725126851027,5.54159926706679e-40
"493","Connect.11.1","Connect","3","11","2",0.248948370753236,1.27813504397994e-09
"494","Tau1.11.1","Tau1","4","11","2",1593.81875965417,2.43684935414593e-16
"495","Tau2.11.1","Tau2","5","11","2",4842710.4432605,3.13064235108344e-05
"496","NPQ.11.1","NPQ","6","11","2",0.265342278696188,8.03886614302426e-101
"497","qP.11.1","qP","7","11","2",0.71002378431759,5.1451455520247e-78
"498","ABQ.11.1","ABQ","8","11","2",0.0845114103575703,5.54159926706679e-40
"499","qm.11.1","qm","9","11","2",0.624568086483003,2.57257277601235e-78
"500","nTau1.11.1","nTau1","10","11","2",2.00221558347948,2.43684935414593e-16
"501","nTau2.11.1","nTau2","11","11","2",3.59242291706869,3.13064235108344e-05
"502","nCon.11.1","nCon","12","11","2",0.953981040104307,1.27813504397994e-09
"503","Fm.11.1","Fm","13","11","2",2556.99131386024,8.03886614302426e-101
"504","Fo.11.1","Fo","14","11","2",2295.11466534474,5.1451455520247e-78
"505","Quant.12.1","Quant","1","12","2",0.107839296126691,1.60676523036869e-75
"506","Sigma.12.1","Sigma","2","12","2",4.57989987780774,9.28360982740074e-38
"507","Connect.12.1","Connect","3","12","2",0.179501143486412,3.1535722278487e-05
"508","Tau1.12.1","Tau1","4","12","2",1590.76757404727,2.96705817969905e-17
"509","Tau2.12.1","Tau2","5","12","2",4241122.6547134,3.37909720848176e-06
"510","NPQ.12.1","NPQ","6","12","2",0.255928468626377,6.70158799012023e-99
"511","qP.12.1","qP","7","12","2",0.707583741093098,3.21353046073738e-75
"512","ABQ.12.1","ABQ","8","12","2",0.0410900135011815,9.28360982740074e-38
"513","qm.12.1","qm","9","12","2",0.604687351782116,1.60676523036869e-75
"514","nTau1.12.1","nTau1","10","12","2",1.99838256838085,2.96705817969905e-17
"515","nTau2.12.1","nTau2","11","12","2",3.14615263443949,3.37909720848176e-06
"516","nCon.12.1","nCon","12","12","2",0.687856229164954,3.1535722278487e-05
"517","Fm.12.1","Fm","13","12","2",2576.15723865623,6.70158799012023e-99
"518","Fo.12.1","Fo","14","12","2",2298.34625532786,3.21353046073738e-75
"519","Quant.13.1","Quant","1","13","2",0.109641189815634,1.82579709535105e-74
"520","Sigma.13.1","Sigma","2","13","2",4.52379061332435,1.75671324398625e-37
"521","Connect.13.1","Connect","3","13","2",0.215166552771384,1.49999349835074e-06
"522","Tau1.13.1","Tau1","4","13","2",1480.10860390945,5.05831070871691e-16
"523","Tau2.13.1","Tau2","5","13","2",3835929.59117917,4.31999648166352e-06
"524","NPQ.13.1","NPQ","6","13","2",0.24331460645716,1.26654958305149e-97
"525","qP.13.1","qP","7","13","2",0.693518133420232,3.6515941907021e-74
"526","ABQ.13.1","ABQ","8","13","2",0.0528378105019259,1.75671324398625e-37
"527","qm.13.1","qm","9","13","2",0.598082047486118,1.82579709535105e-74
"528","nTau1.13.1","nTau1","10","13","2",1.85936857251736,5.05831070871691e-16
"529","nTau2.13.1","nTau2","11","13","2",2.8455720268784,4.31999648166352e-06
"530","nCon.13.1","nCon","12","13","2",0.824527636744275,1.49999349835074e-06
"531","Fm.13.1","Fm","13","13","2",2602.29325617414,1.26654958305149e-97
"532","Fo.13.1","Fo","14","13","2",2316.97472731801,3.6515941907021e-74
"533","Quant.14.1","Quant","1","14","2",0.114635555283209,1.96830070081535e-68
"534","Sigma.14.1","Sigma","2","14","2",4.45481790876066,8.64697765488352e-33
"535","Connect.14.1","Connect","3","14","2",0.248838197976565,8.45827380203593e-06
"536","Tau1.14.1","Tau1","4","14","2",1572.5363531958,3.47324041233441e-17
"537","Tau2.14.1","Tau2","5","14","2",3792642.04106605,2.53566930823212e-06
"538","NPQ.14.1","NPQ","6","14","2",0.230465043812433,1.48974834911016e-91
"539","qP.14.1","qP","7","14","2",0.685164686663439,3.9366014016307e-68
"540","ABQ.14.1","ABQ","8","14","2",0.0672788718715062,8.64697765488352e-33
"541","qm.14.1","qm","9","14","2",0.579773917610754,1.96830070081535e-68
"542","nTau1.14.1","nTau1","10","14","2",1.97547981719063,3.47324041233441e-17
"543","nTau2.14.1","nTau2","11","14","2",2.81346042556089,2.53566930823212e-06
"544","nCon.14.1","nCon","12","14","2",0.953558853207636,8.45827380203593e-06
"545","Fm.14.1","Fm","13","14","2",2629.46861591582,1.48974834911016e-91
"546","Fo.14.1","Fo","14","14","2",2328.03802103054,3.9366014016307e-68
"547","Quant.15.1","Quant","1","15","2",0.120179282689126,3.74123169229531e-73
"548","Sigma.15.1","Sigma","2","15","2",4.60794531140535,2.59527524631287e-38
"549","Connect.15.1","Connect","3","15","2",0.28851760255177,2.19223312231299e-10
"550","Tau1.15.1","Tau1","4","15","2",1676.43127117769,5.66358349854691e-18
"551","Tau2.15.1","Tau2","5","15","2",3788927.29007437,2.27690157636736e-06
"552","NPQ.15.1","NPQ","6","15","2",0.225899057666354,1.74364515810535e-96
"553","qP.15.1","qP","7","15","2",0.689665095750107,7.48246338459062e-73
"554","ABQ.15.1","ABQ","8","15","2",0.0352180409537566,2.59527524631287e-38
"555","qm.15.1","qm","9","15","2",0.559451960397159,3.74123169229531e-73
"556","nTau1.15.1","nTau1","10","15","2",2.10599655415814,5.66358349854691e-18
"557","nTau2.15.1","nTau2","11","15","2",2.81070474632917,2.27690157636736e-06
"558","nCon.15.1","nCon","12","15","2",1.10561206622061,2.19223312231299e-10
"559","Fm.15.1","Fm","13","15","2",2639.26234011908,1.74364515810535e-96
"560","Fo.15.1","Fo","14","15","2",2322.07768525515,7.48246338459062e-73
"561","Quant.16.1","Quant","1","16","2",0.0489097090568783,2.26894950198239e-82
"562","Sigma.16.1","Sigma","2","16","2",3.05166520379203,6.40175254543009e-31
"563","Connect.16.1","Connect","3","16","2",0.499928042730956,2.1472861791727e-15
"564","Tau1.16.1","Tau1","4","16","2",1142.90882325185,1.44554532761769e-11
"565","Tau2.16.1","Tau2","5","16","2",8090691.07430422,8.16246520048541e-06
"566","NPQ.16.1","NPQ","6","16","2",0.174224986248047,1.58711425122884e-98
"567","qP.16.1","qP","7","16","2",0.464231200101519,4.53789900396478e-82
"568","ABQ.16.1","ABQ","8","16","2",0.361061962610448,6.40175254543009e-31
"569","qm.16.1","qm","9","16","2",0.820708894574699,2.26894950198239e-82
"570","nTau1.16.1","nTau1","10","16","2",1.43576541720941,1.44554532761769e-11
"571","nTau2.16.1","nTau2","11","16","2",6.00184222674371,8.16246520048541e-06
"572","nCon.16.1","nCon","12","16","2",1.91574611530407,2.1472861791727e-15
"573","Fm.16.1","Fm","13","16","2",2755.40825104092,1.58711425122884e-98
"574","Fo.16.1","Fo","14","16","2",2620.64203514958,4.53789900396478e-82
"575","Quant.17.1","Quant","1","17","2",0.0496226080171766,4.26774649171362e-78
"576","Sigma.17.1","Sigma","2","17","2",3.19233247939408,5.40797842549565e-28
"577","Connect.17.1","Connect","3","17","2",0.375909785116539,1.3268984717498e-08
"578","Tau1.17.1","Tau1","4","17","2",1216.04759493988,4.36440577533765e-13
"579","Tau2.17.1","Tau2","5","17","2",8142457.0603655,4.04984660483335e-06
"580","NPQ.17.1","NPQ","6","17","2",0.208723362439924,2.36273510201377e-96
"581","qP.17.1","qP","7","17","2",0.522147633763018,8.53549298342723e-78
"582","ABQ.17.1","ABQ","8","17","2",0.331609952971112,5.40797842549565e-28
"583","qm.17.1","qm","9","17","2",0.818095580263224,4.26774649171362e-78
"584","nTau1.17.1","nTau1","10","17","2",1.52764511654366,4.36440577533765e-13
"585","nTau2.17.1","nTau2","11","17","2",6.040243307467,4.04984660483335e-06
"586","nCon.17.1","nCon","12","17","2",1.44050273036865,1.3268984717498e-08
"587","Fm.17.1","Fm","13","17","2",2676.76568206241,2.36273510201377e-96
"588","Fo.17.1","Fo","14","17","2",2543.9375878676,8.53549298342723e-78
"589","Quant.18.1","Quant","1","18","2",0.0521963560035623,2.93895442357561e-80
"590","Sigma.18.1","Sigma","2","18","2",3.13381859153754,2.83775376233193e-30
"591","Connect.18.1","Connect","3","18","2",0.437980245351397,2.46170372700337e-12
"592","Tau1.18.1","Tau1","4","18","2",1217.60929006298,1.97599481823402e-15
"593","Tau2.18.1","Tau2","5","18","2",11620251.5479984,0.000590324951864455
"594","NPQ.18.1","NPQ","6","18","2",0.231909648030875,1.90457681837779e-97
"595","qP.18.1","qP","7","18","2",0.563404217632868,5.87790884715121e-80
"596","ABQ.18.1","ABQ","8","18","2",0.34386121455139,2.83775376233193e-30
"597","qm.18.1","qm","9","18","2",0.808660845719442,2.93895442357561e-80
"598","nTau1.18.1","nTau1","10","18","2",1.52960697719637,1.97599481823402e-15
"599","nTau2.18.1","nTau2","11","18","2",8.62014329624594,0.000590324951864455
"600","nCon.18.1","nCon","12","18","2",1.67835944754836,2.46170372700337e-12
"601","Fm.18.1","Fm","13","18","2",2626.38515808197,1.90457681837779e-97
"602","Fo.18.1","Fo","14","18","2",2489.29742336825,5.87790884715121e-80
"603","Quant.19.1","Quant","1","19","2",0.0544756731411626,4.84032907687545e-79
"604","Sigma.19.1","Sigma","2","19","2",3.38529709185155,4.67502423401073e-30
"605","Connect.19.1","Connect","3","19","2",0.376477834907735,8.95323836873114e-10
"606","Tau1.19.1","Tau1","4","19","2",1008.14390405755,7.25535869838413e-13
"607","Tau2.19.1","Tau2","5","19","2",9362717.60094513,0.000182376044710811
"608","NPQ.19.1","NPQ","6","19","2",0.258175147736775,8.59535005288961e-98
"609","qP.19.1","qP","7","19","2",0.607067536664968,9.6806581537509e-79
"610","ABQ.19.1","ABQ","8","19","2",0.291208263226113,4.67502423401073e-30
"611","qm.19.1","qm","9","19","2",0.800305423103046,4.84032907687545e-79
"612","nTau1.19.1","nTau1","10","19","2",1.26646861374116,7.25535869838413e-13
"613","nTau2.19.1","nTau2","11","19","2",6.94545785253103,0.000182376044710811
"614","nCon.19.1","nCon","12","19","2",1.44267952200218,8.95323836873114e-10
"615","Fm.19.1","Fm","13","19","2",2571.55708528045,8.59535005288961e-98
"616","Fo.19.1","Fo","14","19","2",2431.46978203887,9.6806581537509e-79
"617","Quant.20.1","Quant","1","20","2",0.055500720591869,6.14143024746309e-82
"618","Sigma.20.1","Sigma","2","20","2",3.09164881792773,2.16307537033346e-32
"619","Connect.20.1","Connect","3","20","2",0.326811954847814,5.93965581609898e-09
"620","Tau1.20.1","Tau1","4","20","2",1273.23364998493,1.26179949114414e-13
"621","Tau2.20.1","Tau2","5","20","2",7214032.70990554,1.23464836625504e-06
"622","NPQ.20.1","NPQ","6","20","2",0.287044249908688,5.44848683040085e-99
"623","qP.20.1","qP","7","20","2",0.65019354730547,1.22828604949262e-81
"624","ABQ.20.1","ABQ","8","20","2",0.352690450587483,2.16307537033346e-32
"625","qm.20.1","qm","9","20","2",0.796547848296441,6.14143024746309e-82
"626","nTau1.20.1","nTau1","10","20","2",1.59948440810387,1.26179949114414e-13
"627","nTau2.20.1","nTau2","11","20","2",5.35151889322939,1.23464836625504e-06
"628","nCon.20.1","nCon","12","20","2",1.25235769834893,5.93965581609898e-09
"629","Fm.20.1","Fm","13","20","2",2513.87566194078,5.44848683040085e-99
"630","Fo.20.1","Fo","14","20","2",2374.3537512247,1.22828604949262e-81
"631","Quant.21.1","Quant","1","21","2",0.0556314715071391,3.42804931562857e-77
"632","Sigma.21.1","Sigma","2","21","2",3.22525599884189,1.20647629028204e-28
"633","Connect.21.1","Connect","3","21","2",0.407808396699912,5.0433015245002e-10
"634","Tau1.21.1","Tau1","4","21","2",1313.22729690374,7.16089118164738e-13
"635","Tau2.21.1","Tau2","5","21","2",7526065.17096622,8.62904399296e-06
"636","NPQ.21.1","NPQ","6","21","2",0.324970919818926,3.70908271802068e-95
"637","qP.21.1","qP","7","21","2",0.701752073552001,6.85609863125713e-77
"638","ABQ.21.1","ABQ","8","21","2",0.324716638175699,1.20647629028204e-28
"639","qm.21.1","qm","9","21","2",0.796068547221334,3.42804931562857e-77
"640","nTau1.21.1","nTau1","10","21","2",1.64972594442409,7.16089118164738e-13
"641","nTau2.21.1","nTau2","11","21","2",5.58299103617853,8.62904399296e-06
"642","nCon.21.1","nCon","12","21","2",1.56273960448081,5.0433015245002e-10
"643","Fm.21.1","Fm","13","21","2",2441.91715251263,3.70908271802068e-95
"644","Fo.21.1","Fo","14","21","2",2306.06970801983,6.85609863125713e-77
"645","Quant.22.1","Quant","1","22","2",0.0593550907437408,7.26351366725663e-82
"646","Sigma.22.1","Sigma","2","22","2",3.34698370380492,3.0983547657833e-32
"647","Connect.22.1","Connect","3","22","2",0.273750686677877,1.80176517053952e-06
"648","Tau1.22.1","Tau1","4","22","2",1213.03951642153,9.14661542730626e-15
"649","Tau2.22.1","Tau2","5","22","2",11300846.9091797,0.00167162357608653
"650","NPQ.22.1","NPQ","6","22","2",0.355433001486685,2.32495396376493e-99
"651","qP.22.1","qP","7","22","2",0.747595645693778,1.45270273345133e-81
"652","ABQ.22.1","ABQ","8","22","2",0.299230074050524,3.0983547657833e-32
"653","qm.22.1","qm","9","22","2",0.782418664161574,7.26351366725663e-82
"654","nTau1.22.1","nTau1","10","22","2",1.52386625420484,9.14661542730626e-15
"655","nTau2.22.1","nTau2","11","22","2",8.38320231913111,0.00167162357608653
"656","nCon.22.1","nCon","12","22","2",1.04902459902054,1.80176517053952e-06
"657","Fm.22.1","Fm","13","22","2",2387.03736159405,2.32495396376493e-99
"658","Fo.22.1","Fo","14","22","2",2245.35454238793,1.45270273345133e-81
"659","Quant.23.1","Quant","1","23","2",0.174430926770928,9.70269437435359e-67
"660","Sigma.23.1","Sigma","2","23","2",4.69538934090824,2.26582261566808e-39
"661","Connect.23.1","Connect","3","23","2",0.207997173350799,1.26723550535799e-06
"662","Tau1.23.1","Tau1","4","23","2",1504.17266401048,1.25315354668456e-20
"663","Tau2.23.1","Tau2","5","23","2",2229896.27996703,1.05010115795073e-11
"664","NPQ.23.1","NPQ","6","23","2",0.397700005107925,4.54118493031145e-91
"665","qP.23.1","qP","7","23","2",1,1.94053887487072e-66
"666","ABQ.23.1","ABQ","8","23","2",0.0169095723437049,2.26582261566808e-39
"667","qm.23.1","qm","9","23","2",0.360578619579394,9.70269437435359e-67
"668","nTau1.23.1","nTau1","10","23","2",1.88959875762732,1.25315354668456e-20
"669","nTau2.23.1","nTau2","11","23","2",1.65418324979313,1.05010115795073e-11
"670","nCon.23.1","nCon","12","23","2",0.797054261377899,1.26723550535799e-06
"671","Fm.23.1","Fm","13","23","2",2314.85240313528,4.54118493031145e-91
"672","Fo.23.1","Fo","14","23","2",1911.07055311848,1.94053887487072e-66
"673","Quant.24.1","Quant","1","24","2",0.18121820068708,5.17316462476428e-68
"674","Sigma.24.1","Sigma","2","24","2",4.77782311304998,1.29768580472098e-41
"675","Connect.24.1","Connect","3","24","2",0.227442209426829,1.39822694610621e-08
"676","Tau1.24.1","Tau1","4","24","2",1490.79491698849,2.16355222960472e-18
"677","Tau2.24.1","Tau2","5","24","2",2120146.52691018,7.84400174226429e-10
"678","NPQ.24.1","NPQ","6","24","2",0.345847404582912,2.11487906189606e-92
"679","qP.24.1","qP","7","24","2",0.956725596963288,1.03463292495286e-67
"680","ABQ.24.1","ABQ","8","24","2",-0.000349880797291258,1.29768580472098e-41
"681","qm.24.1","qm","9","24","2",0.335698123115263,5.17316462476428e-68
"682","nTau1.24.1","nTau1","10","24","2",1.8727931243663,2.16355222960472e-18
"683","nTau2.24.1","nTau2","11","24","2",1.57276860965648,7.84400174226429e-10
"684","nCon.24.1","nCon","12","24","2",0.871568489707854,1.39822694610621e-08
"685","Fm.24.1","Fm","13","24","2",2404.03867828461,2.11487906189606e-92
"686","Fo.24.1","Fo","14","24","2",1968.38311462373,1.03463292495286e-67
"687","Quant.25.1","Quant","1","25","2",0.182122336076687,4.34092593653813e-66
"688","Sigma.25.1","Sigma","2","25","2",4.88904727375186,1.13604067058006e-39
"689","Connect.25.1","Connect","3","25","2",0.208281007289432,8.25588888629136e-07
"690","Tau1.25.1","Tau1","4","25","2",1642.94394624833,6.37194551311567e-20
"691","Tau2.25.1","Tau2","5","25","2",2006392.33433497,7.49835924896394e-11
"692","NPQ.25.1","NPQ","6","25","2",0.342560345905903,3.65756624158958e-91
"693","qP.25.1","qP","7","25","2",0.954731941809315,8.68185187307627e-66
"694","ABQ.25.1","ABQ","8","25","2",-0.0236372803655178,1.13604067058006e-39
"695","qm.25.1","qm","9","25","2",0.332383782535805,4.34092593653813e-66
"696","nTau1.25.1","nTau1","10","25","2",2.06392850632242,6.37194551311567e-20
"697","nTau2.25.1","nTau2","11","25","2",1.48838339333851,7.49835924896394e-11
"698","nCon.25.1","nCon","12","25","2",0.798141925439223,8.25588888629136e-07
"699","Fm.25.1","Fm","13","25","2",2409.92460827012,3.65756624158958e-91
"700","Fo.25.1","Fo","14","25","2",1971.02350884327,8.68185187307627e-66
"701","Quant.26.1","Quant","1","26","2",0.186590712570492,3.74514394682698e-63
"702","Sigma.26.1","Sigma","2","26","2",5.12907353496275,3.68857369576461e-38
"703","Connect.26.1","Connect","3","26","2",0.258293103150082,4.18318946757317e-08
"704","Tau1.26.1","Tau1","4","26","2",1514.60511853955,4.58773553166851e-19
"705","Tau2.26.1","Tau2","5","26","2",1876844.22096143,5.67375197299727e-11
"706","NPQ.26.1","NPQ","6","26","2",0.337581829766068,9.22580454091253e-89
"707","qP.26.1","qP","7","26","2",0.957353756259153,7.49028789365395e-63
"708","ABQ.26.1","ABQ","8","26","2",-0.0738924355081827,3.68857369576461e-38
"709","qm.26.1","qm","9","26","2",0.316003800391582,3.74514394682698e-63
"710","nTau1.26.1","nTau1","10","26","2",1.90270440273629,4.58773553166851e-19
"711","nTau2.26.1","nTau2","11","26","2",1.39228191942243,5.67375197299727e-11
"712","nCon.26.1","nCon","12","26","2",0.989790463176516,4.18318946757317e-08
"713","Fm.26.1","Fm","13","26","2",2418.89441354936,9.22580454091253e-89
"714","Fo.26.1","Fo","14","26","2",1967.5511812924,7.49028789365395e-63
"715","Quant.27.1","Quant","1","27","2",0.188374604257,1.15755843862114e-65
"716","Sigma.27.1","Sigma","2","27","2",5.19624698217294,1.3745255203188e-40
"717","Connect.27.1","Connect","3","27","2",0.247776297018536,6.12705361056097e-09
"718","Tau1.27.1","Tau1","4","27","2",1617.6474507213,3.65885013818979e-19
"719","Tau2.27.1","Tau2","5","27","2",1832767.45252192,7.17053769520198e-11
"720","NPQ.27.1","NPQ","6","27","2",0.333432842835432,2.8477784283011e-91
"721","qP.27.1","qP","7","27","2",0.955999496912929,2.31511687724229e-65
"722","ABQ.27.1","ABQ","8","27","2",-0.0879567799427681,1.3745255203188e-40
"723","qm.27.1","qm","9","27","2",0.30946448706095,1.15755843862114e-65
"724","nTau1.27.1","nTau1","10","27","2",2.0321500890809,3.65885013818979e-19
"725","nTau2.27.1","nTau2","11","27","2",1.3595848596028,7.17053769520198e-11
"726","nCon.27.1","nCon","12","27","2",0.949489602312911,6.12705361056097e-09
"727","Fm.27.1","Fm","13","27","2",2426.42082281873,2.8477784283011e-91
"728","Fo.27.1","Fo","14","27","2",1969.34476055931,2.31511687724229e-65
"729","Quant.1.2","Quant","1","1","3",0.275418152024285,2.10706421880046e-73
"730","Sigma.1.2","Sigma","2","1","3",4.41415327736082,2.23864182904934e-53
"731","Connect.1.2","Connect","3","1","3",0.291707690616582,4.56745925927568e-18
"732","Tau1.1.2","Tau1","4","1","3",711.241919643505,1.75958962381265e-25
"733","Tau2.1.2","Tau2","5","1","3",1687065.28969308,1.73555823293628e-15
"734","NPQ.1.2","NPQ","6","1","3",0.582623630426189,1.1769895478592e-103
"735","qP.1.2","qP","7","1","3",1.30825667188376,4.21412843760093e-73
"736","ABQ.1.2","ABQ","8","1","3",0,2.23864182904934e-53
"737","qm.1.2","qm","9","1","3",0,2.10706421880046e-73
"738","nTau1.1.2","nTau1","10","1","3",1,1.75958962381265e-25
"739","nTau2.1.2","nTau2","11","1","3",1,1.73555823293628e-15
"740","nCon.1.2","nCon","12","1","3",1,4.56745925927568e-18
"741","Fm.1.2","Fm","13","1","3",1673.92331145838,1.1769895478592e-103
"742","Fo.1.2","Fo","14","1","3",1212.89444638614,4.21412843760093e-73
"743","Quant.3.2","Quant","1","3","3",0.0308445980822029,2.10469195904924e-98
"744","Sigma.3.2","Sigma","2","3","3",2.24285010369461,2.66477378118647e-30
"745","Connect.3.2","Connect","3","3","3",0.706379254962153,1.90672023351443e-23
"746","Tau1.3.2","Tau1","4","3","3",2448.34565210879,4.80535704655357e-06
"747","Tau2.3.2","Tau2","5","3","3",6980149.65576419,2.82917922858927e-06
"748","NPQ.3.2","NPQ","6","3","3",0.0160936184257997,2.82001639099044e-109
"749","qP.3.2","qP","7","3","3",0.111469236867687,4.20938391807028e-98
"750","ABQ.3.2","ABQ","8","3","3",0.491895735656105,2.66477378118647e-30
"751","qm.3.2","qm","9","3","3",0.888008114732092,2.10469195904924e-98
"752","nTau1.3.2","nTau1","10","3","3",3.44235285419618,4.80535704655357e-06
"753","nTau2.3.2","nTau2","11","3","3",4.13745081379396,2.82917922858927e-06
"754","nCon.3.2","nCon","12","3","3",2.42153113436633,1.90672023351443e-23
"755","Fm.3.2","Fm","13","3","3",2607.23081042434,2.82001639099044e-109
"756","Fo.3.2","Fo","14","3","3",2526.81182396926,4.20938391807028e-98
"757","Quant.4.2","Quant","1","4","3",0.0352075136884099,7.77197810595726e-92
"758","Sigma.4.2","Sigma","2","4","3",2.62709058943697,1.53914079613684e-26
"759","Connect.4.2","Connect","3","4","3",0.539887329666524,7.06241063460896e-13
"760","Tau1.4.2","Tau1","4","4","3",2778.43963246138,4.44893621110364e-08
"761","Tau2.4.2","Tau2","5","4","3",7855028.0148049,8.11612531870429e-05
"762","NPQ.4.2","NPQ","6","4","3",0.0590208301589589,4.70851192817081e-109
"763","qP.4.2","qP","7","4","3",0.214703549071033,1.55439562119145e-91
"764","ABQ.4.2","ABQ","8","4","3",0.404848353837028,1.53914079613684e-26
"765","qm.4.2","qm","9","4","3",0.872167054242287,7.77197810595726e-92
"766","nTau1.4.2","nTau1","10","4","3",3.9064621413963,4.44893621110364e-08
"767","nTau2.4.2","nTau2","11","4","3",4.65603083816271,8.11612531870429e-05
"768","nCon.4.2","nCon","12","4","3",1.850781954104,7.06241063460896e-13
"769","Fm.4.2","Fm","13","4","3",2501.54719604302,4.70851192817081e-109
"770","Fo.4.2","Fo","14","4","3",2413.47393889613,1.55439562119145e-91
"771","Quant.5.2","Quant","1","5","3",0.051422197691167,5.58045028480247e-92
"772","Sigma.5.2","Sigma","2","5","3",2.993603342384,3.76282890928834e-32
"773","Connect.5.2","Connect","3","5","3",0.299662335779362,3.08358149697095e-06
"774","Tau1.5.2","Tau1","4","5","3",1477.67060366213,6.52166173045984e-13
"775","Tau2.5.2","Tau2","5","5","3",10546320.3904712,7.49894503799688e-07
"776","NPQ.5.2","NPQ","6","5","3",0.146580167865808,2.19122267349209e-111
"777","qP.5.2","qP","7","5","3",0.41670443344241,1.11609005696049e-91
"778","ABQ.5.2","ABQ","8","5","3",0.321817083757035,3.76282890928834e-32
"779","qm.5.2","qm","9","5","3",0.813294086416523,5.58045028480247e-92
"780","nTau1.5.2","nTau1","10","5","3",2.07759211437197,6.52166173045984e-13
"781","nTau2.5.2","nTau2","11","5","3",6.25128171085176,7.49894503799688e-07
"782","nCon.5.2","nCon","12","5","3",1.02726923361522,3.08358149697095e-06
"783","Fm.5.2","Fm","13","5","3",2310.51492296991,2.19122267349209e-111
"784","Fo.5.2","Fo","14","5","3",2191.70316783256,1.11609005696049e-91
"785","Quant.6.2","Quant","1","6","3",0.0480485303271474,1.74268859642496e-91
"786","Sigma.6.2","Sigma","2","6","3",2.74824065005297,2.3720240783789e-30
"787","Connect.6.2","Connect","3","6","3",0.566245020916552,1.60650643796312e-15
"788","Tau1.6.2","Tau1","4","6","3",969.897461510818,9.80764382727794e-12
"789","Tau2.6.2","Tau2","5","6","3",7392234.44816582,1.68813106117265e-07
"790","NPQ.6.2","NPQ","6","6","3",0.216158175335949,2.20125331067606e-107
"791","qP.6.2","qP","7","6","3",0.524222841555923,3.48537719284991e-91
"792","ABQ.6.2","ABQ","8","6","3",0.37740253285991,2.3720240783789e-30
"793","qm.6.2","qm","9","6","3",0.825543342100013,1.74268859642496e-91
"794","nTau1.6.2","nTau1","10","6","3",1.36366745930408,9.80764382727794e-12
"795","nTau2.6.2","nTau2","11","6","3",4.38171213249882,1.68813106117265e-07
"796","nCon.6.2","nCon","12","6","3",1.94113847228258,1.60650643796312e-15
"797","Fm.6.2","Fm","13","6","3",2178.3273277783,2.20125331067606e-107
"798","Fo.6.2","Fo","14","6","3",2073.66190110709,3.48537719284991e-91
"799","Quant.7.2","Quant","1","7","3",0.0525670956161555,1.71056460238264e-89
"800","Sigma.7.2","Sigma","2","7","3",3.35662859327265,7.27734341515517e-30
"801","Connect.7.2","Connect","3","7","3",0.352361738367285,9.12397059668264e-07
"802","Tau1.7.2","Tau1","4","7","3",1461.76118029129,2.47641104612622e-15
"803","Tau2.7.2","Tau2","5","7","3",11408451.0982872,0.000486127963860668
"804","NPQ.7.2","NPQ","6","7","3",0.247352777280799,5.06262670444497e-110
"805","qP.7.2","qP","7","7","3",0.580200518842804,3.42112920476529e-89
"806","ABQ.7.2","ABQ","8","7","3",0.239575886390707,7.27734341515517e-30
"807","qm.7.2","qm","9","7","3",0.80913714208815,1.71056460238264e-89
"808","nTau1.7.2","nTau1","10","7","3",2.05522360243329,2.47641104612622e-15
"809","nTau2.7.2","nTau2","11","7","3",6.76230562503165,0.000486127963860668
"810","nCon.7.2","nCon","12","7","3",1.20792748940728,9.12397059668264e-07
"811","Fm.7.2","Fm","13","7","3",2123.85031443187,5.06262670444497e-110
"812","Fo.7.2","Fo","14","7","3",2012.20567187873,3.42112920476529e-89
"813","Quant.8.2","Quant","1","8","3",0.0574567586043456,1.67219803687106e-88
"814","Sigma.8.2","Sigma","2","8","3",3.66641739400685,3.83390480035541e-32
"815","Connect.8.2","Connect","3","8","3",0.207067165726961,0.00101922082900712
"816","Tau1.8.2","Tau1","4","8","3",1368.76754024842,5.32408127752449e-12
"817","Tau2.8.2","Tau2","5","8","3",20130717.1039966,0.0298016973091228
"818","NPQ.8.2","NPQ","6","8","3",0.266381350188958,1.15277889096263e-112
"819","qP.8.2","qP","7","8","3",0.617057472973193,3.34439607374211e-88
"820","ABQ.8.2","ABQ","8","8","3",0.169395088110994,3.83390480035541e-32
"821","qm.8.2","qm","9","8","3",0.791383544686338,1.67219803687106e-88
"822","nTau1.8.2","nTau1","10","8","3",1.924475347199,5.32408127752449e-12
"823","nTau2.8.2","nTau2","11","8","3",11.9323876953564,0.0298016973091228
"824","nCon.8.2","nCon","12","8","3",0.709844726031334,0.00101922082900712
"825","Fm.8.2","Fm","13","8","3",2091.93746247132,1.15277889096263e-112
"826","Fo.8.2","Fo","14","8","3",1971.74151667472,3.34439607374211e-88
"827","Quant.9.2","Quant","1","9","3",0.0611793445310801,1.03562722259691e-88
"828","Sigma.9.2","Sigma","2","9","3",3.39905673529639,5.812701929199e-34
"829","Connect.9.2","Connect","3","9","3",0.297049184743029,2.68654029155495e-07
"830","Tau1.9.2","Tau1","4","9","3",1036.55835047214,4.54921915727682e-10
"831","Tau2.9.2","Tau2","5","9","3",12589448.7599443,0.0178519576307131
"832","NPQ.9.2","NPQ","6","9","3",0.283159278992761,1.53568645975516e-111
"833","qP.9.2","qP","7","9","3",0.647541099056362,2.07125444519382e-88
"834","ABQ.9.2","ABQ","8","9","3",0.22996404480801,5.812701929199e-34
"835","qm.9.2","qm","9","9","3",0.777867420569703,1.03562722259691e-88
"836","nTau1.9.2","nTau1","10","9","3",1.45739209380641,4.54921915727682e-10
"837","nTau2.9.2","nTau2","11","9","3",7.46233642340814,0.0178519576307131
"838","nCon.9.2","nCon","12","9","3",1.01831111862411,2.68654029155495e-07
"839","Fm.9.2","Fm","13","9","3",2064.58436735525,1.53568645975516e-111
"840","Fo.9.2","Fo","14","9","3",1938.27444903134,2.07125444519382e-88
"841","Quant.10.2","Quant","1","10","3",0.0936804842262144,4.27284609676459e-84
"842","Sigma.10.2","Sigma","2","10","3",3.77814402897595,1.1637096903345e-38
"843","Connect.10.2","Connect","3","10","3",0.36037617689451,1.466704684476e-12
"844","Tau1.10.2","Tau1","4","10","3",1179.23075267596,2.89413025072233e-16
"845","Tau2.10.2","Tau2","5","10","3",5133057.99455316,1.75784699925004e-06
"846","NPQ.10.2","NPQ","6","10","3",0.29583002746547,1.01306421708182e-108
"847","qP.10.2","qP","7","10","3",0.725326109328594,8.54569219352918e-84
"848","ABQ.10.2","ABQ","8","10","3",0.144084087801575,1.1637096903345e-38
"849","qm.10.2","qm","9","10","3",0.659860893199392,4.27284609676459e-84
"850","nTau1.10.2","nTau1","10","10","3",1.65798825984135,2.89413025072233e-16
"851","nTau2.10.2","nTau2","11","10","3",3.04259593621714,1.75784699925004e-06
"852","nCon.10.2","nCon","12","10","3",1.23540170001272,1.466704684476e-12
"853","Fm.10.2","Fm","13","10","3",2044.39666629495,1.01306421708182e-108
"854","Fo.10.2","Fo","14","10","3",1852.87659664598,8.54569219352918e-84
"855","Quant.11.2","Quant","1","11","3",0.105694429126857,5.54842952467602e-87
"856","Sigma.11.2","Sigma","2","11","3",4.04164432469004,1.1237327653076e-42
"857","Connect.11.2","Connect","3","11","3",0.19747847568645,1.65248411616399e-06
"858","Tau1.11.2","Tau1","4","11","3",1264.11916129494,2.85538773841342e-17
"859","Tau2.11.2","Tau2","5","11","3",5138731.85106708,1.29657901571055e-05
"860","NPQ.11.2","NPQ","6","11","3",0.273028628746544,6.17738897678229e-113
"861","qP.11.2","qP","7","11","3",0.717869900977673,1.1096859049352e-86
"862","ABQ.11.2","ABQ","8","11","3",0.0843896732316235,1.1237327653076e-42
"863","qm.11.2","qm","9","11","3",0.616240148479622,5.54842952467602e-87
"864","nTau1.11.2","nTau1","10","11","3",1.7773406296532,2.85538773841342e-17
"865","nTau2.11.2","nTau2","11","11","3",3.04595908792714,1.29657901571055e-05
"866","nCon.11.2","nCon","12","11","3",0.676973840727476,1.65248411616399e-06
"867","Fm.11.2","Fm","13","11","3",2081.01414878922,6.17738897678229e-113
"868","Fo.11.2","Fo","14","11","3",1861.06254632803,1.1096859049352e-86
"869","Quant.12.2","Quant","1","12","3",0.107966122046972,2.85957826603859e-83
"870","Sigma.12.2","Sigma","2","12","3",4.12469582118253,2.02100919014263e-40
"871","Connect.12.2","Connect","3","12","3",0.27264399350004,4.6036541059436e-09
"872","Tau1.12.2","Tau1","4","12","3",1238.46294946847,6.00252304137906e-16
"873","Tau2.12.2","Tau2","5","12","3",4937717.09644654,6.44977697774184e-05
"874","NPQ.12.2","NPQ","6","12","3",0.264365304910592,1.65238317205007e-109
"875","qP.12.2","qP","7","12","3",0.710590329138132,5.71915653207717e-83
"876","ABQ.12.2","ABQ","8","12","3",0.065574853882589,2.02100919014263e-40
"877","qm.12.2","qm","9","12","3",0.607991988714484,2.85957826603859e-83
"878","nTau1.12.2","nTau1","10","12","3",1.7412682172744,6.00252304137906e-16
"879","nTau2.12.2","nTau2","11","12","3",2.92680853942815,6.44977697774184e-05
"880","nCon.12.2","nCon","12","12","3",0.934647944741371,4.6036541059436e-09
"881","Fm.12.2","Fm","13","12","3",2095.27308124184,1.65238317205007e-109
"882","Fo.12.2","Fo","14","12","3",1869.05457203075,5.71915653207717e-83
"883","Quant.13.2","Quant","1","13","3",0.113128001737331,5.33741259267926e-89
"884","Sigma.13.2","Sigma","2","13","3",3.88352730725073,1.07604280878293e-46
"885","Connect.13.2","Connect","3","13","3",0.263248389625527,2.39704439145436e-12
"886","Tau1.13.2","Tau1","4","13","3",1196.7019235182,8.80276497869112e-17
"887","Tau2.13.2","Tau2","5","13","3",3753130.1659773,2.01410746734419e-07
"888","NPQ.13.2","NPQ","6","13","3",0.250105665258754,2.65812208086763e-114
"889","qP.13.2","qP","7","13","3",0.701134826266196,1.06748251853585e-88
"890","ABQ.13.2","ABQ","8","13","3",0.120210136977242,1.07604280878293e-46
"891","qm.13.2","qm","9","13","3",0.589250015273662,5.33741259267926e-89
"892","nTau1.13.2","nTau1","10","13","3",1.68255257524475,8.80276497869112e-17
"893","nTau2.13.2","nTau2","11","13","3",2.22465021887807,2.01410746734419e-07
"894","nCon.13.2","nCon","12","13","3",0.902438976048591,2.39704439145436e-12
"895","Fm.13.2","Fm","13","13","3",2119.17333218944,2.65812208086763e-114
"896","Fo.13.2","Fo","14","13","3",1879.43548778381,1.06748251853585e-88
"897","Quant.14.2","Quant","1","14","3",0.122594473480835,6.28734945647022e-83
"898","Sigma.14.2","Sigma","2","14","3",4.2175494173306,2.80810115023345e-42
"899","Connect.14.2","Connect","3","14","3",0.2478155826872,8.25211709267731e-09
"900","Tau1.14.2","Tau1","4","14","3",1220.5934098721,6.24494865799609e-19
"901","Tau2.14.2","Tau2","5","14","3",3895983.05839103,1.36018543024694e-07
"902","NPQ.14.2","NPQ","6","14","3",0.235776088663798,9.8377367106835e-110
"903","qP.14.2","qP","7","14","3",0.69976901431742,1.25746989129404e-82
"904","ABQ.14.2","ABQ","8","14","3",0.0445394275360933,2.80810115023345e-42
"905","qm.14.2","qm","9","14","3",0.554878744992722,6.28734945647022e-83
"906","nTau1.14.2","nTau1","10","14","3",1.71614379884118,6.24494865799609e-19
"907","nTau2.14.2","nTau2","11","14","3",2.30932559764762,1.36018543024694e-07
"908","nCon.14.2","nCon","12","14","3",0.84953393639843,8.25211709267731e-09
"909","Fm.14.2","Fm","13","14","3",2143.74643799733,9.8377367106835e-110
"910","Fo.14.2","Fo","14","14","3",1880.93497215463,1.25746989129404e-82
"911","Quant.15.2","Quant","1","15","3",0.121341978830808,1.7711041092455e-84
"912","Sigma.15.2","Sigma","2","15","3",4.15819234578872,2.74339175682753e-44
"913","Connect.15.2","Connect","3","15","3",0.248413783892208,9.37550882947033e-10
"914","Tau1.15.2","Tau1","4","15","3",1105.30600375633,1.63193044911605e-18
"915","Tau2.15.2","Tau2","5","15","3",3306447.374396,1.47587906002484e-08
"916","NPQ.15.2","NPQ","6","15","3",0.233316902812656,5.96890994991749e-111
"917","qP.15.2","qP","7","15","3",0.693902295950313,3.542208218491e-84
"918","ABQ.15.2","ABQ","8","15","3",0.0579864167574017,2.74339175682753e-44
"919","qm.15.2","qm","9","15","3",0.559426356109931,1.7711041092455e-84
"920","nTau1.15.2","nTau1","10","15","3",1.55405070093498,1.63193044911605e-18
"921","nTau2.15.2","nTau2","11","15","3",1.95988109920602,1.47587906002484e-08
"922","nCon.15.2","nCon","12","15","3",0.851584623522048,9.37550882947033e-10
"923","Fm.15.2","Fm","13","15","3",2148.02098486906,5.96890994991749e-111
"924","Fo.15.2","Fo","14","15","3",1887.37586799494,3.542208218491e-84
"925","Quant.16.2","Quant","1","16","3",0.0495193540290953,1.83059063579659e-88
"926","Sigma.16.2","Sigma","2","16","3",2.80774125890692,9.14908082944714e-29
"927","Connect.16.2","Connect","3","16","3",0.382617465509193,1.32148618099753e-07
"928","Tau1.16.2","Tau1","4","16","3",1334.07038049115,1.56032268777697e-13
"929","Tau2.16.2","Tau2","5","16","3",10667660.3794749,0.000353481686664243
"930","NPQ.16.2","NPQ","6","16","3",0.178223974827082,8.32421585166957e-107
"931","qP.16.2","qP","7","16","3",0.466423019897808,3.66118127159318e-88
"932","ABQ.16.2","ABQ","8","16","3",0.363923026119826,9.14908082944714e-29
"933","qm.16.2","qm","9","16","3",0.820203012527915,1.83059063579659e-88
"934","nTau1.16.2","nTau1","10","16","3",1.8756914400656,1.56032268777697e-13
"935","nTau2.16.2","nTau2","11","16","3",6.32320541750678,0.000353481686664243
"936","nCon.16.2","nCon","12","16","3",1.31164682254505,1.32148618099753e-07
"937","Fm.16.2","Fm","13","16","3",2248.46094192243,8.32421585166957e-107
"938","Fo.16.2","Fo","14","16","3",2137.11860851878,3.66118127159318e-88
"939","Quant.17.2","Quant","1","17","3",0.0562146909586642,1.85603918985739e-95
"940","Sigma.17.2","Sigma","2","17","3",3.02617619847867,1.00643352937156e-36
"941","Connect.17.2","Connect","3","17","3",0.493769262117367,7.00239618866201e-17
"942","Tau1.17.2","Tau1","4","17","3",1067.00109734333,6.56538328850109e-16
"943","Tau2.17.2","Tau2","5","17","3",11688526.0441166,3.89064429025472e-08
"944","NPQ.17.2","NPQ","6","17","3",0.208903594811727,7.73319856794527e-113
"945","qP.17.2","qP","7","17","3",0.52918823679952,3.71207837971477e-95
"946","ABQ.17.2","ABQ","8","17","3",0.314437898203664,1.00643352937156e-36
"947","qm.17.2","qm","9","17","3",0.795893296990434,1.85603918985739e-95
"948","nTau1.17.2","nTau1","10","17","3",1.50019433314355,6.56538328850109e-16
"949","nTau2.17.2","nTau2","11","17","3",6.92831872929058,3.89064429025472e-08
"950","nCon.17.2","nCon","12","17","3",1.69268510224632,7.00239618866201e-17
"951","Fm.17.2","Fm","13","17","3",2191.3993800704,7.73319856794527e-113
"952","Fo.17.2","Fo","14","17","3",2068.21054115273,3.71207837971477e-95
"953","Quant.18.2","Quant","1","18","3",0.0516304788640843,2.23898656444288e-87
"954","Sigma.18.2","Sigma","2","18","3",3.228865064902,8.19194763771948e-28
"955","Connect.18.2","Connect","3","18","3",0.305167751841935,8.73838666905419e-05
"956","Tau1.18.2","Tau1","4","18","3",1240.11472738007,1.90995946685604e-11
"957","Tau2.18.2","Tau2","5","18","3",8294737.18733984,3.75652758658743e-06
"958","NPQ.18.2","NPQ","6","18","3",0.228055153276089,6.90466268082758e-108
"959","qP.18.2","qP","7","18","3",0.549559161907826,4.47797312888576e-87
"960","ABQ.18.2","ABQ","8","18","3",0.26851994889663,8.19194763771948e-28
"961","qm.18.2","qm","9","18","3",0.81253785023025,2.23898656444288e-87
"962","nTau1.18.2","nTau1","10","18","3",1.74359060276095,1.90995946685604e-11
"963","nTau2.18.2","nTau2","11","18","3",4.91666637800891,3.75652758658743e-06
"964","nCon.18.2","nCon","12","18","3",1.04614229126734,8.73838666905419e-05
"965","Fm.18.2","Fm","13","18","3",2157.2244383064,6.90466268082758e-108
"966","Fo.18.2","Fo","14","18","3",2045.84590753934,4.47797312888576e-87
"967","Quant.19.2","Quant","1","19","3",0.0550617506996448,1.00868875321116e-88
"968","Sigma.19.2","Sigma","2","19","3",3.31245870344818,2.18381320893211e-31
"969","Connect.19.2","Connect","3","19","3",0.171981089298646,0.00921095277062259
"970","Tau1.19.2","Tau1","4","19","3",751.860624973478,2.69354503247227e-15
"971","Tau2.19.2","Tau2","5","19","3",7625399.42183729,1.39375172080453e-07
"972","NPQ.19.2","NPQ","6","19","3",0.264139928888444,1.96133784775198e-111
"973","qP.19.2","qP","7","19","3",0.609301414866722,2.01737750642232e-88
"974","ABQ.19.2","ABQ","8","19","3",0.249582310510823,2.18381320893211e-31
"975","qm.19.2","qm","9","19","3",0.800079441769003,1.00868875321116e-88
"976","nTau1.19.2","nTau1","10","19","3",1.05710954909735,2.69354503247227e-15
"977","nTau2.19.2","nTau2","11","19","3",4.5199195718291,1.39375172080453e-07
"978","nCon.19.2","nCon","12","19","3",0.589566524403694,0.00921095277062259
"979","Fm.19.2","Fm","13","19","3",2095.64663507205,1.96133784775198e-111
"980","Fo.19.2","Fo","14","19","3",1980.25666249717,2.01737750642232e-88
"981","Quant.20.2","Quant","1","20","3",0.0580152066763755,3.04275294779574e-92
"982","Sigma.20.2","Sigma","2","20","3",3.3654200862137,4.60793268144198e-34
"983","Connect.20.2","Connect","3","20","3",0.254478784051721,2.51318057000993e-05
"984","Tau1.20.2","Tau1","4","20","3",966.202369438208,6.05764712259246e-14
"985","Tau2.20.2","Tau2","5","20","3",9629300.38630375,7.23773566475109e-05
"986","NPQ.20.2","NPQ","6","20","3",0.288250456749339,2.30246100451249e-113
"987","qP.20.2","qP","7","20","3",0.648591556536233,6.08550589559149e-92
"988","ABQ.20.2","ABQ","8","20","3",0.237584226294504,4.60793268144198e-34
"989","qm.20.2","qm","9","20","3",0.789355907553762,3.04275294779574e-92
"990","nTau1.20.2","nTau1","10","20","3",1.35847219174384,6.05764712259246e-14
"991","nTau2.20.2","nTau2","11","20","3",5.7077224249309,7.23773566475109e-05
"992","nCon.20.2","nCon","12","20","3",0.872375985404531,2.51318057000993e-05
"993","Fm.20.2","Fm","13","20","3",2056.42511078167,2.30246100451249e-113
"994","Fo.20.2","Fo","14","20","3",1937.12118296518,6.08550589559149e-92
"995","Quant.21.2","Quant","1","21","3",0.0573312376393983,8.90752345515792e-92
"996","Sigma.21.2","Sigma","2","21","3",3.0148691718998,6.60360681984856e-36
"997","Connect.21.2","Connect","3","21","3",0.469980731950389,1.2893860251363e-16
"998","Tau1.21.2","Tau1","4","21","3",804.986623766822,2.58455050632391e-11
"999","Tau2.21.2","Tau2","5","21","3",9364065.19955448,0.000190245865937655
"1000","NPQ.21.2","NPQ","6","21","3",0.333139013036674,5.14927190865215e-112
"1001","qP.21.2","qP","7","21","3",0.706764425141615,1.78150469103158e-91
"1002","ABQ.21.2","ABQ","8","21","3",0.316999437386469,6.60360681984856e-36
"1003","qm.21.2","qm","9","21","3",0.791839291571664,8.90752345515792e-92
"1004","nTau1.21.2","nTau1","10","21","3",1.13180424484865,2.58455050632391e-11
"1005","nTau2.21.2","nTau2","11","21","3",5.55050551793288,0.000190245865937655
"1006","nCon.21.2","nCon","12","21","3",1.61113589757264,1.2893860251363e-16
"1007","Fm.21.2","Fm","13","21","3",1987.18255360397,5.14927190865215e-112
"1008","Fo.21.2","Fo","14","21","3",1873.25491839043,1.78150469103158e-91
"1009","Quant.22.2","Quant","1","22","3",0.0573313023195582,1.7401049739969e-89
"1010","Sigma.22.2","Sigma","2","22","3",3.12769207099402,1.85043828923566e-33
"1011","Connect.22.2","Connect","3","22","3",0.323142299698448,4.39630860189754e-08
"1012","Tau1.22.2","Tau1","4","22","3",1115.03703269853,8.83348736063745e-11
"1013","Tau2.22.2","Tau2","5","22","3",11542712.2345919,0.00669240722672722
"1014","NPQ.22.2","NPQ","6","22","3",0.361008352688636,6.91814431477694e-111
"1015","qP.22.2","qP","7","22","3",0.74170364143454,3.4802099479938e-89
"1016","ABQ.22.2","ABQ","8","22","3",0.291440085002206,1.85043828923566e-33
"1017","qm.22.2","qm","9","22","3",0.791839056728175,1.7401049739969e-89
"1018","nTau1.22.2","nTau1","10","22","3",1.56773244363525,8.83348736063745e-11
"1019","nTau2.22.2","nTau2","11","22","3",6.84188828085709,0.00669240722672722
"1020","nCon.22.2","nCon","12","22","3",1.10776064564984,4.39630860189754e-08
"1021","Fm.22.2","Fm","13","22","3",1946.49105789975,6.91814431477694e-111
"1022","Fo.22.2","Fo","14","22","3",1834.89619059698,3.4802099479938e-89
"1023","Quant.23.2","Quant","1","23","3",0.178729427752367,4.46430142380406e-81
"1024","Sigma.23.2","Sigma","2","23","3",4.17207777710873,3.13747465610846e-49
"1025","Connect.23.2","Connect","3","23","3",0.230660469921514,2.18304095827386e-11
"1026","Tau1.23.2","Tau1","4","23","3",1105.61071493329,9.64571064468999e-20
"1027","Tau2.23.2","Tau2","5","23","3",1982138.22160359,1.08941538937737e-13
"1028","NPQ.23.2","NPQ","6","23","3",0.402484247572023,1.60085160983644e-108
"1029","qP.23.2","qP","7","23","3",1,8.92860284760813e-81
"1030","ABQ.23.2","ABQ","8","23","3",0.0548407554159104,3.13747465610846e-49
"1031","qm.23.2","qm","9","23","3",0.351061553355395,4.46430142380406e-81
"1032","nTau1.23.2","nTau1","10","23","3",1.5544791222197,9.64571064468999e-20
"1033","nTau2.23.2","nTau2","11","23","3",1.17490308982896,1.08941538937737e-13
"1034","nCon.23.2","nCon","12","23","3",0.790724678646515,2.18304095827386e-11
"1035","Fm.23.2","Fm","13","23","3",1888.92716108688,1.60085160983644e-108
"1036","Fo.23.2","Fo","14","23","3",1551.32029051992,8.92860284760813e-81
"1037","Quant.24.2","Quant","1","24","3",0.181393313707515,3.47943996559086e-77
"1038","Sigma.24.2","Sigma","2","24","3",4.4224563737679,3.33260650894499e-46
"1039","Connect.24.2","Connect","3","24","3",0.226220969998315,3.4579978077221e-09
"1040","Tau1.24.2","Tau1","4","24","3",1108.57337974794,8.6267957422195e-21
"1041","Tau2.24.2","Tau2","5","24","3",2196848.09052199,9.11404151927216e-12
"1042","NPQ.24.2","NPQ","6","24","3",0.359844301166681,1.34555792436931e-105
"1043","qP.24.2","qP","7","24","3",0.96041946584697,6.95887993118172e-77
"1044","ABQ.24.2","ABQ","8","24","3",-0.00188101678518238,3.33260650894499e-46
"1045","qm.24.2","qm","9","24","3",0.341389402353117,3.47943996559086e-77
"1046","nTau1.24.2","nTau1","10","24","3",1.55864460337713,8.6267957422195e-21
"1047","nTau2.24.2","nTau2","11","24","3",1.3021713527884,9.11404151927216e-12
"1048","nCon.24.2","nCon","12","24","3",0.775505676659236,3.4579978077221e-09
"1049","Fm.24.2","Fm","13","24","3",1948.15728974443,1.34555792436931e-105
"1050","Fo.24.2","Fo","14","24","3",1594.77458333424,6.95887993118172e-77
"1051","Quant.25.2","Quant","1","25","3",0.186449915106289,5.17423284412292e-75
"1052","Sigma.25.2","Sigma","2","25","3",4.47154650390014,9.29602990595095e-45
"1053","Connect.25.2","Connect","3","25","3",0.246579500353482,1.41197295691753e-09
"1054","Tau1.25.2","Tau1","4","25","3",1179.85721515987,1.40427290563901e-21
"1055","Tau2.25.2","Tau2","5","25","3",1975459.45029281,1.59922583360278e-13
"1056","NPQ.25.2","NPQ","6","25","3",0.354078920795765,9.03891503175146e-104
"1057","qP.25.2","qP","7","25","3",0.963245653253048,1.03484656882458e-74
"1058","ABQ.25.2","ABQ","8","25","3",-0.013002091892387,9.29602990595095e-45
"1059","qm.25.2","qm","9","25","3",0.323029677833839,5.17423284412292e-75
"1060","nTau1.25.2","nTau1","10","25","3",1.65886906068648,1.40427290563901e-21
"1061","nTau2.25.2","nTau2","11","25","3",1.17094427960888,1.59922583360278e-13
"1062","nCon.25.2","nCon","12","25","3",0.845296535831083,1.41197295691753e-09
"1063","Fm.25.2","Fm","13","25","3",1956.45212959849,9.03891503175146e-104
"1064","Fo.25.2","Fo","14","25","3",1591.67179612533,1.03484656882458e-74
"1065","Quant.26.2","Quant","1","26","3",0.184778041321676,4.9698311945911e-80
"1066","Sigma.26.2","Sigma","2","26","3",4.54398528743834,1.27108071423075e-49
"1067","Connect.26.2","Connect","3","26","3",0.229968962828601,3.89011850526843e-11
"1068","Tau1.26.2","Tau1","4","26","3",1207.20599543809,1.87951013543279e-21
"1069","Tau2.26.2","Tau2","5","26","3",1999141.96097372,1.87570957151722e-12
"1070","NPQ.26.2","NPQ","6","26","3",0.353720416108984,1.86445599870892e-108
"1071","qP.26.2","qP","7","26","3",0.959881568776346,9.93966238918221e-80
"1072","ABQ.26.2","ABQ","8","26","3",-0.0294126646538089,1.27108071423075e-49
"1073","qm.26.2","qm","9","26","3",0.329099988640605,4.9698311945911e-80
"1074","nTau1.26.2","nTau1","10","26","3",1.69732120969919,1.87951013543279e-21
"1075","nTau2.26.2","nTau2","11","26","3",1.18498197620876,1.87570957151722e-12
"1076","nCon.26.2","nCon","12","26","3",0.788354130611078,3.89011850526843e-11
"1077","Fm.26.2","Fm","13","26","3",1956.97025523918,1.86445599870892e-108
"1078","Fo.26.2","Fo","14","26","3",1595.36512455131,9.93966238918221e-80
"1079","Quant.27.2","Quant","1","27","3",0.19152856400644,5.7963521105097e-76
"1080","Sigma.27.2","Sigma","2","27","3",4.57675269073321,2.05253652232964e-46
"1081","Connect.27.2","Connect","3","27","3",0.221167435312197,6.75956852511913e-09
"1082","Tau1.27.2","Tau1","4","27","3",1129.20942293067,2.68858340023979e-19
"1083","Tau2.27.2","Tau2","5","27","3",1782901.97207632,1.8742798830061e-12
"1084","NPQ.27.2","NPQ","6","27","3",0.343922528068235,5.01705379069298e-105
"1085","qP.27.2","qP","7","27","3",0.96140802394542,1.15927042210194e-75
"1086","ABQ.27.2","ABQ","8","27","3",-0.0368359237107445,2.05253652232964e-46
"1087","qm.27.2","qm","9","27","3",0.304589902304071,5.7963521105097e-76
"1088","nTau1.27.2","nTau1","10","27","3",1.58765870197395,2.68858340023979e-19
"1089","nTau2.27.2","nTau2","11","27","3",1.05680674184262,1.8742798830061e-12
"1090","nCon.27.2","nCon","12","27","3",0.758181708698582,6.75956852511913e-09
"1091","Fm.27.2","Fm","13","27","3",1971.23757724581,5.01705379069298e-105
"1092","Fo.27.2","Fo","14","27","3",1593.68927476039,1.15927042210194e-75
"1093","Quant.1.3","Quant","1","1","4",0.271671921538011,6.87927686604394e-79
"1094","Sigma.1.3","Sigma","2","1","4",3.91180666166898,2.56695385812981e-58
"1095","Connect.1.3","Connect","3","1","4",0.350096550775595,2.53014874416852e-26
"1096","Tau1.1.3","Tau1","4","1","4",542.499878985569,2.7274311514358e-25
"1097","Tau2.1.3","Tau2","5","1","4",1624876.90706275,6.95564667542411e-14
"1098","NPQ.1.3","NPQ","6","1","4",0.633105228952083,1.07379027867704e-105
"1099","qP.1.3","qP","7","1","4",1.2848373447118,1.37585537320879e-78
"1100","ABQ.1.3","ABQ","8","1","4",0,2.56695385812981e-58
"1101","qm.1.3","qm","9","1","4",0,6.87927686604394e-79
"1102","nTau1.1.3","nTau1","10","1","4",1,2.7274311514358e-25
"1103","nTau2.1.3","nTau2","11","1","4",1,6.95564667542411e-14
"1104","nCon.1.3","nCon","12","1","4",1,2.53014874416852e-26
"1105","Fm.1.3","Fm","13","1","4",1449.00968545431,1.07379027867704e-105
"1106","Fo.1.3","Fo","14","1","4",1055.35443987975,1.37585537320879e-78
"1107","Quant.3.3","Quant","1","3","4",0.0294067872773249,9.02739395786179e-89
"1108","Sigma.3.3","Sigma","2","3","4",2.00334565773341,1.22340450411268e-23
"1109","Connect.3.3","Connect","3","3","4",0.55870321336348,2.07987629262365e-12
"1110","Tau1.3.3","Tau1","4","3","4",1892.00065105293,2.02341587760635e-07
"1111","Tau2.3.3","Tau2","5","3","4",13953080.3353487,0.000490999844590989
"1112","NPQ.3.3","NPQ","6","3","4",0.0410497116545565,7.8469583494701e-101
"1113","qP.3.3","qP","7","3","4",0.156953240559399,1.80547879157157e-88
"1114","ABQ.3.3","ABQ","8","3","4",0.487872016435832,1.22340450411268e-23
"1115","qm.3.3","qm","9","3","4",0.891756251029385,9.02739395786179e-89
"1116","nTau1.3.3","nTau1","10","3","4",3.48755958174741,2.02341587760635e-07
"1117","nTau2.3.3","nTau2","11","3","4",8.58716144878402,0.000490999844590989
"1118","nCon.3.3","nCon","12","3","4",1.59585466387984,2.07987629262365e-12
"1119","Fm.3.3","Fm","13","3","4",2273.07617266107,7.8469583494701e-101
"1120","Fo.3.3","Fo","14","3","4",2206.23230518647,1.80547879157157e-88
"1121","Quant.4.3","Quant","1","4","4",0.0410842016366056,7.65876734631196e-97
"1122","Sigma.4.3","Sigma","2","4","4",2.57841367117377,2.50659909583453e-33
"1123","Connect.4.3","Connect","3","4","4",0.537506882212678,2.8356278989806e-17
"1124","Tau1.4.3","Tau1","4","4","4",1436.61858736853,8.99476201792306e-08
"1125","Tau2.4.3","Tau2","5","4","4",6221321.91670832,9.59767889762808e-07
"1126","NPQ.4.3","NPQ","6","4","4",0.0845346828028396,2.34701766638564e-111
"1127","qP.4.3","qP","7","4","4",0.268616189194153,1.53175346926239e-96
"1128","ABQ.4.3","ABQ","8","4","4",0.340863725081525,2.50659909583453e-33
"1129","qm.4.3","qm","9","4","4",0.848772735128399,7.65876734631196e-97
"1130","nTau1.4.3","nTau1","10","4","4",2.64814545222552,8.99476201792306e-08
"1131","nTau2.4.3","nTau2","11","4","4",3.82879582426613,9.59767889762808e-07
"1132","nCon.4.3","nCon","12","4","4",1.53531041943115,2.8356278989806e-17
"1133","Fm.4.3","Fm","13","4","4",2181.93602439899,2.34701766638564e-111
"1134","Fo.4.3","Fo","14","4","4",2092.29292481441,1.53175346926239e-96
"1135","Quant.5.3","Quant","1","5","4",0.0525996858613799,9.9035643811331e-93
"1136","Sigma.5.3","Sigma","2","5","4",2.90142625229372,1.52033914072529e-32
"1137","Connect.5.3","Connect","3","5","4",0.412877694977652,3.71197959013125e-10
"1138","Tau1.5.3","Tau1","4","5","4",1357.75214164544,2.42228722380559e-07
"1139","Tau2.5.3","Tau2","5","5","4",6202579.41082961,1.19223833754981e-05
"1140","NPQ.5.3","NPQ","6","5","4",0.17819144724945,6.79286012138523e-109
"1141","qP.5.3","qP","7","5","4",0.454280348137697,1.98071287622662e-92
"1142","ABQ.5.3","ABQ","8","5","4",0.258289965932052,1.52033914072529e-32
"1143","qm.5.3","qm","9","5","4",0.806385269542769,9.9035643811331e-93
"1144","nTau1.5.3","nTau1","10","5","4",2.50276948298003,2.42228722380559e-07
"1145","nTau2.5.3","nTau2","11","5","4",3.81726110074508,1.19223833754981e-05
"1146","nCon.5.3","nCon","12","5","4",1.17932522917742,3.71197959013125e-10
"1147","Fm.5.3","Fm","13","5","4",2008.48962165028,6.79286012138523e-109
"1148","Fo.5.3","Fo","14","5","4",1902.84369849564,1.98071287622662e-92
"1149","Quant.6.3","Quant","1","6","4",0.0502959007169924,8.53880396950733e-95
"1150","Sigma.6.3","Sigma","2","6","4",2.75816935316189,2.19844460145337e-33
"1151","Connect.6.3","Connect","3","6","4",0.516444682322668,7.70689196119542e-15
"1152","Tau1.6.3","Tau1","4","6","4",1075.20373835697,2.2181053690944e-11
"1153","Tau2.6.3","Tau2","5","6","4",7742977.30099592,2.42743401238732e-05
"1154","NPQ.6.3","NPQ","6","6","4",0.250923942204501,1.20196608845553e-108
"1155","qP.6.3","qP","7","6","4",0.55843595054529,1.70776079390145e-94
"1156","ABQ.6.3","ABQ","8","6","4",0.294911637584586,2.19844460145337e-33
"1157","qm.6.3","qm","9","6","4",0.814865296228432,8.53880396950733e-95
"1158","nTau1.6.3","nTau1","10","6","4",1.98194281695972,2.2181053690944e-11
"1159","nTau2.6.3","nTau2","11","6","4",4.76527007513001,2.42743401238732e-05
"1160","nCon.6.3","nCon","12","6","4",1.47514930146712,7.70689196119542e-15
"1161","Fm.6.3","Fm","13","6","4",1891.7099707496,1.20196608845553e-108
"1162","Fo.6.3","Fo","14","6","4",1796.56471387543,1.70776079390145e-94
"1163","Quant.7.3","Quant","1","7","4",0.0576718049733439,1.12119966088795e-89
"1164","Sigma.7.3","Sigma","2","7","4",3.48230090122565,3.22728244260075e-31
"1165","Connect.7.3","Connect","3","7","4",0.219661242082826,0.00144712455988623
"1166","Tau1.7.3","Tau1","4","7","4",1045.06572708197,2.66990613662008e-11
"1167","Tau2.7.3","Tau2","5","7","4",12888707.2697988,0.000802790331456344
"1168","NPQ.7.3","NPQ","6","7","4",0.276712985244213,2.01394790810602e-110
"1169","qP.7.3","qP","7","7","4",0.607398808575526,2.2423993217759e-89
"1170","ABQ.7.3","ABQ","8","7","4",0.109797287440601,3.22728244260075e-31
"1171","qm.7.3","qm","9","7","4",0.787715253579215,1.12119966088795e-89
"1172","nTau1.7.3","nTau1","10","7","4",1.92638886673331,2.66990613662008e-11
"1173","nTau2.7.3","nTau2","11","7","4",7.93211301962397,0.000802790331456344
"1174","nCon.7.3","nCon","12","7","4",0.627430466241938,0.00144712455988623
"1175","Fm.7.3","Fm","13","7","4",1853.49825800119,2.01394790810602e-110
"1176","Fo.7.3","Fo","14","7","4",1746.60366794731,2.2423993217759e-89
"1177","Quant.8.3","Quant","1","8","4",0.0543930889125626,1.84710519387551e-85
"1178","Sigma.8.3","Sigma","2","8","4",3.77947003368578,9.06833188430942e-29
"1179","Connect.8.3","Connect","3","8","4",0.242436005172703,0.000841257064627479
"1180","Tau1.8.3","Tau1","4","8","4",717.872717448062,2.71066131989286e-12
"1181","Tau2.8.3","Tau2","5","8","4",6920147.31792028,8.8656747330677e-06
"1182","NPQ.8.3","NPQ","6","8","4",0.298305045812672,2.6577326338909e-109
"1183","qP.8.3","qP","7","8","4",0.630009523078905,3.69421038775103e-85
"1184","ABQ.8.3","ABQ","8","8","4",0.0338300533305854,9.06833188430942e-29
"1185","qm.8.3","qm","9","8","4",0.799783913609371,1.84710519387551e-85
"1186","nTau1.8.3","nTau1","10","8","4",1.32326797711075,2.71066131989286e-12
"1187","nTau2.8.3","nTau2","11","8","4",4.2588748032795,8.8656747330677e-06
"1188","nCon.8.3","nCon","12","8","4",0.692483272501876,0.000841257064627479
"1189","Fm.8.3","Fm","13","8","4",1822.67280077958,2.6577326338909e-109
"1190","Fo.8.3","Fo","14","8","4",1723.53199706827,3.69421038775103e-85
"1191","Quant.9.3","Quant","1","9","4",0.0636481578365612,1.07716833797765e-86
"1192","Sigma.9.3","Sigma","2","9","4",3.7894497835033,2.462036347768e-31
"1193","Connect.9.3","Connect","3","9","4",0.111840605448697,0.103939137436736
"1194","Tau1.9.3","Tau1","4","9","4",937.014933868432,2.38939087924386e-12
"1195","Tau2.9.3","Tau2","5","9","4",14550928.6303386,0.0163418620918203
"1196","NPQ.9.3","NPQ","6","9","4",0.311146855469029,2.17773701718354e-110
"1197","qP.9.3","qP","7","9","4",0.66292311514584,2.1543366759553e-86
"1198","ABQ.9.3","ABQ","8","9","4",0.0312788664543739,2.462036347768e-31
"1199","qm.9.3","qm","9","9","4",0.765716834201226,1.07716833797765e-86
"1200","nTau1.9.3","nTau1","10","9","4",1.72721685324718,2.38939087924386e-12
"1201","nTau2.9.3","nTau2","11","9","4",8.95509596271016,0.0163418620918203
"1202","nCon.9.3","nCon","12","9","4",0.319456461941508,0.103939137436736
"1203","Fm.9.3","Fm","13","9","4",1804.82093538724,2.17773701718354e-110
"1204","Fo.9.3","Fo","14","9","4",1689.94740762498,2.1543366759553e-86
"1205","Quant.10.3","Quant","1","10","4",0.100369334121897,1.54153456436736e-82
"1206","Sigma.10.3","Sigma","2","10","4",3.80119501431354,1.99642243426606e-37
"1207","Connect.10.3","Connect","3","10","4",0.298191831803106,9.10819431135082e-09
"1208","Tau1.10.3","Tau1","4","10","4",1099.63755274429,8.08329128348381e-15
"1209","Tau2.10.3","Tau2","5","10","4",5701925.86198184,1.54865947102128e-05
"1210","NPQ.10.3","NPQ","6","10","4",0.325170956668209,3.4071374193889e-106
"1211","qP.10.3","qP","7","10","4",0.744713922825711,3.08306912873473e-82
"1212","ABQ.10.3","ABQ","8","10","4",0.0282763584507634,1.99642243426606e-37
"1213","qm.10.3","qm","9","10","4",0.630549474698461,1.54153456436736e-82
"1214","nTau1.10.3","nTau1","10","10","4",2.02698211619978,8.08329128348381e-15
"1215","nTau2.10.3","nTau2","11","10","4",3.50914326937483,1.54865947102128e-05
"1216","nCon.10.3","nCon","12","10","4",0.851741701374947,9.10819431135082e-09
"1217","Fm.10.3","Fm","13","10","4",1785.72076471348,3.4071374193889e-106
"1218","Fo.10.3","Fo","14","10","4",1606.48916063154,3.08306912873473e-82
"1219","Quant.11.3","Quant","1","11","4",0.104898360447852,2.42129995546466e-82
"1220","Sigma.11.3","Sigma","2","11","4",3.73648097444919,2.96402338634589e-39
"1221","Connect.11.3","Connect","3","11","4",0.401381179910901,3.63083021498674e-15
"1222","Tau1.11.3","Tau1","4","11","4",971.25889475781,2.89114774328448e-19
"1223","Tau2.11.3","Tau2","5","11","4",5465479.86584906,2.48148942057307e-06
"1224","NPQ.11.3","NPQ","6","11","4",0.316430141513318,6.83193357235346e-106
"1225","qP.11.3","qP","7","11","4",0.742238910992302,4.84259991092933e-82
"1226","ABQ.11.3","ABQ","8","11","4",0.0448196197776767,2.96402338634589e-39
"1227","qm.11.3","qm","9","11","4",0.613878534616337,2.42129995546466e-82
"1228","nTau1.11.3","nTau1","10","11","4",1.79033937587965,2.89114774328448e-19
"1229","nTau2.11.3","nTau2","11","11","4",3.36362701820218,2.48148942057307e-06
"1230","nCon.11.3","nCon","12","11","4",1.14648710197713,3.63083021498674e-15
"1231","Fm.11.3","Fm","13","11","4",1797.57756943892,6.83193357235346e-106
"1232","Fo.11.3","Fo","14","11","4",1609.01462962694,4.84259991092933e-82
"1233","Quant.12.3","Quant","1","12","4",0.11622239483487,1.22645686283746e-87
"1234","Sigma.12.3","Sigma","2","12","4",4.08997971798657,3.66269644327398e-46
"1235","Connect.12.3","Connect","3","12","4",0.329789060019395,3.89873794376049e-16
"1236","Tau1.12.3","Tau1","4","12","4",977.278117564026,1.03802194472921e-17
"1237","Tau2.12.3","Tau2","5","12","4",4228948.83059706,1.88194417485355e-07
"1238","NPQ.12.3","NPQ","6","12","4",0.29167052926367,1.22512987812769e-112
"1239","qP.12.3","qP","7","12","4",0.732343981707638,2.45291372567493e-87
"1240","ABQ.12.3","ABQ","8","12","4",-0.0455475108377617,3.66269644327398e-46
"1241","qm.12.3","qm","9","12","4",0.572195778728613,1.22645686283746e-87
"1242","nTau1.12.3","nTau1","10","12","4",1.80143471993295,1.03802194472921e-17
"1243","nTau2.12.3","nTau2","11","12","4",2.60262719730667,1.88194417485355e-07
"1244","nCon.12.3","nCon","12","12","4",0.94199459917211,3.89873794376049e-16
"1245","Fm.12.3","Fm","13","12","4",1832.03474919152,1.22512987812769e-112
"1246","Fo.12.3","Fo","14","12","4",1619.11128321978,2.45291372567493e-87
"1247","Quant.13.3","Quant","1","13","4",0.122976467691726,8.84474782172269e-84
"1248","Sigma.13.3","Sigma","2","13","4",3.9543572271171,7.69765256003499e-43
"1249","Connect.13.3","Connect","3","13","4",0.227076011559718,5.87479121487035e-08
"1250","Tau1.13.3","Tau1","4","13","4",1029.56929994649,9.21315913485813e-19
"1251","Tau2.13.3","Tau2","5","13","4",4616129.37252175,3.3846350220764e-06
"1252","NPQ.13.3","NPQ","6","13","4",0.277812656613299,1.26003617465618e-108
"1253","qP.13.3","qP","7","13","4",0.727393538676686,1.76894956434454e-83
"1254","ABQ.13.3","ABQ","8","13","4",-0.0108774714929201,7.69765256003499e-43
"1255","qm.13.3","qm","9","13","4",0.547334641741694,8.84474782172269e-84
"1256","nTau1.13.3","nTau1","10","13","4",1.89782401771536,9.21315913485813e-19
"1257","nTau2.13.3","nTau2","11","13","4",2.84091019600138,3.3846350220764e-06
"1258","nCon.13.3","nCon","12","13","4",0.648609679406037,5.87479121487035e-08
"1259","Fm.13.3","Fm","13","13","4",1851.90315800243,1.26003617465618e-108
"1260","Fo.13.3","Fo","14","13","4",1624.16264912414,1.76894956434454e-83
"1261","Quant.14.3","Quant","1","14","4",0.126981160968793,5.7903815066078e-82
"1262","Sigma.14.3","Sigma","2","14","4",4.07187245039012,6.31558500603851e-42
"1263","Connect.14.3","Connect","3","14","4",0.254946324586912,5.77288447463334e-09
"1264","Tau1.14.3","Tau1","4","14","4",1169.21236301792,7.78244877569715e-18
"1265","Tau2.14.3","Tau2","5","14","4",3637280.35799822,6.67320556449968e-08
"1266","NPQ.14.3","NPQ","6","14","4",0.272294447365088,2.50460735145205e-107
"1267","qP.14.3","qP","7","14","4",0.727789598724905,1.15807630132156e-81
"1268","ABQ.14.3","ABQ","8","14","4",-0.0409186349339798,6.31558500603851e-42
"1269","qm.14.3","qm","9","14","4",0.532593724629631,5.7903815066078e-82
"1270","nTau1.14.3","nTau1","10","14","4",2.15523064300817,7.78244877569715e-18
"1271","nTau2.14.3","nTau2","11","14","4",2.23849593910055,6.67320556449968e-08
"1272","nCon.14.3","nCon","12","14","4",0.728217184722644,5.77288447463334e-09
"1273","Fm.14.3","Fm","13","14","4",1859.93525242401,2.50460735145205e-107
"1274","Fo.14.3","Fo","14","14","4",1623.75851474442,1.15807630132156e-81
"1275","Quant.15.3","Quant","1","15","4",0.124193089270449,3.77118044040645e-84
"1276","Sigma.15.3","Sigma","2","15","4",3.92523987565388,2.15159013528748e-44
"1277","Connect.15.3","Connect","3","15","4",0.330496764088354,1.03628596086794e-14
"1278","Tau1.15.3","Tau1","4","15","4",841.543133935875,3.42927056252768e-17
"1279","Tau2.15.3","Tau2","5","15","4",3481600.80594292,1.1901739109648e-07
"1280","NPQ.15.3","NPQ","6","15","4",0.266179969328018,1.08731107622644e-108
"1281","qP.15.3","qP","7","15","4",0.714998441082762,7.5423608808129e-84
"1282","ABQ.15.3","ABQ","8","15","4",-0.00343401787121334,2.15159013528748e-44
"1283","qm.15.3","qm","9","15","4",0.542856366725875,3.77118044040645e-84
"1284","nTau1.15.3","nTau1","10","15","4",1.55123192932226,3.42927056252768e-17
"1285","nTau2.15.3","nTau2","11","15","4",2.14268588027171,1.1901739109648e-07
"1286","nCon.15.3","nCon","12","15","4",0.944016053160706,1.03628596086794e-14
"1287","Fm.15.3","Fm","13","15","4",1868.91701925558,1.08731107622644e-108
"1288","Fo.15.3","Fo","14","15","4",1636.81044104411,7.5423608808129e-84
"1289","Quant.16.3","Quant","1","16","4",0.0567447694418106,1.5052789593617e-92
"1290","Sigma.16.3","Sigma","2","16","4",2.80827128337458,1.40741841732994e-33
"1291","Connect.16.3","Connect","3","16","4",0.361292347800037,1.31206953209867e-08
"1292","Tau1.16.3","Tau1","4","16","4",840.240921073845,2.49173270021678e-11
"1293","Tau2.16.3","Tau2","5","16","4",10291761.226816,6.17256128927742e-05
"1294","NPQ.16.3","NPQ","6","16","4",0.205708557616078,3.30531526873705e-108
"1295","qP.16.3","qP","7","16","4",0.504812889736203,3.01055791872341e-92
"1296","ABQ.16.3","ABQ","8","16","4",0.28210376272113,1.40741841732994e-33
"1297","qm.16.3","qm","9","16","4",0.791127588303706,1.5052789593617e-92
"1298","nTau1.16.3","nTau1","10","16","4",1.5488315364144,2.49173270021678e-11
"1299","nTau2.16.3","nTau2","11","16","4",6.33387131177844,6.17256128927742e-05
"1300","nCon.16.3","nCon","12","16","4",1.03197916974514,1.31206953209867e-08
"1301","Fm.16.3","Fm","13","16","4",1962.65115576226,3.30531526873705e-108
"1302","Fo.16.3","Fo","14","16","4",1851.28096843383,3.01055791872341e-92
"1303","Quant.17.3","Quant","1","17","4",0.0551624530496922,4.39313217283757e-92
"1304","Sigma.17.3","Sigma","2","17","4",3.10096676961469,2.87975102549126e-33
"1305","Connect.17.3","Connect","3","17","4",0.395060360431761,4.04580228873183e-10
"1306","Tau1.17.3","Tau1","4","17","4",1030.76931208887,1.29293230942155e-13
"1307","Tau2.17.3","Tau2","5","17","4",11723254.8426573,1.02269785169508e-05
"1308","NPQ.17.3","NPQ","6","17","4",0.240843025277844,5.69841818375281e-110
"1309","qP.17.3","qP","7","17","4",0.553227297755916,8.78626434567515e-92
"1310","ABQ.17.3","ABQ","8","17","4",0.207280155228414,2.87975102549126e-33
"1311","qm.17.3","qm","9","17","4",0.796951953159523,4.39313217283757e-92
"1312","nTau1.17.3","nTau1","10","17","4",1.90003602215788,1.29293230942155e-13
"1313","nTau2.17.3","nTau2","11","17","4",7.21485719422843,1.02269785169508e-05
"1314","nCon.17.3","nCon","12","17","4",1.12843259825484,4.04580228873183e-10
"1315","Fm.17.3","Fm","13","17","4",1907.07869239768,5.69841818375281e-110
"1316","Fo.17.3","Fo","14","17","4",1801.87955356622,8.78626434567515e-92
"1317","Quant.18.3","Quant","1","18","4",0.0520086589261196,2.20539536656556e-89
"1318","Sigma.18.3","Sigma","2","18","4",2.8643708214691,3.44182442516012e-31
"1319","Connect.18.3","Connect","3","18","4",0.345659798199365,1.00900118563068e-07
"1320","Tau1.18.3","Tau1","4","18","4",816.237743133617,2.3682301660129e-10
"1321","Tau2.18.3","Tau2","5","18","4",6247403.27122216,3.16485917285709e-07
"1322","NPQ.18.3","NPQ","6","18","4",0.263962350042473,7.37317723627504e-108
"1323","qP.18.3","qP","7","18","4",0.579740706684203,4.41079073313112e-89
"1324","ABQ.18.3","ABQ","8","18","4",0.267762681234607,3.44182442516012e-31
"1325","qm.18.3","qm","9","18","4",0.808560786732453,2.20539536656556e-89
"1326","nTau1.18.3","nTau1","10","18","4",1.5045860372539,2.3682301660129e-10
"1327","nTau2.18.3","nTau2","11","18","4",3.84484710445879,3.16485917285709e-07
"1328","nCon.18.3","nCon","12","18","4",0.987327060017011,1.00900118563068e-07
"1329","Fm.18.3","Fm","13","18","4",1872.19603023629,7.37317723627504e-108
"1330","Fo.18.3","Fo","14","18","4",1774.82562545689,4.41079073313112e-89
"1331","Quant.19.3","Quant","1","19","4",0.0609049349460021,2.00486858763969e-84
"1332","Sigma.19.3","Sigma","2","19","4",3.28148431645438,8.05890653373392e-28
"1333","Connect.19.3","Connect","3","19","4",0.417574314591454,1.1663909056799e-07
"1334","Tau1.19.3","Tau1","4","19","4",965.774955967549,8.1288711877479e-12
"1335","Tau2.19.3","Tau2","5","19","4",7757948.66776142,4.4919649076169e-05
"1336","NPQ.19.3","NPQ","6","19","4",0.282417852942123,3.8689720647346e-103
"1337","qP.19.3","qP","7","19","4",0.620860129909318,4.00973717527937e-84
"1338","ABQ.19.3","ABQ","8","19","4",0.161133307377125,8.05890653373392e-28
"1339","qm.19.3","qm","9","19","4",0.775814391854697,2.00486858763969e-84
"1340","nTau1.19.3","nTau1","10","19","4",1.78023073069338,8.1288711877479e-12
"1341","nTau2.19.3","nTau2","11","19","4",4.77448392185305,4.4919649076169e-05
"1342","nCon.19.3","nCon","12","19","4",1.1927404416478,1.1663909056799e-07
"1343","Fm.19.3","Fm","13","19","4",1845.25292492512,3.8689720647346e-103
"1344","Fo.19.3","Fo","14","19","4",1732.86791557364,4.00973717527937e-84
"1345","Quant.20.3","Quant","1","20","4",0.065244650431241,2.46988214966871e-88
"1346","Sigma.20.3","Sigma","2","20","4",3.20578584295507,3.72466679788717e-32
"1347","Connect.20.3","Connect","3","20","4",0.309423758606489,3.32657402601413e-06
"1348","Tau1.20.3","Tau1","4","20","4",763.949327966349,2.73382119899075e-11
"1349","Tau2.20.3","Tau2","5","20","4",8189882.58554638,0.000174674190216073
"1350","NPQ.20.3","NPQ","6","20","4",0.314646019126228,6.91113035675989e-107
"1351","qP.20.3","qP","7","20","4",0.67014764023561,4.93976429933743e-88
"1352","ABQ.20.3","ABQ","8","20","4",0.180484589290178,3.72466679788717e-32
"1353","qm.20.3","qm","9","20","4",0.75984028801404,2.46988214966871e-88
"1354","nTau1.20.3","nTau1","10","20","4",1.40820184033013,2.73382119899075e-11
"1355","nTau2.20.3","nTau2","11","20","4",5.04030954587879,0.000174674190216073
"1356","nCon.20.3","nCon","12","20","4",0.883824070591381,3.32657402601413e-06
"1357","Fm.20.3","Fm","13","20","4",1800.01708421135,6.91113035675989e-107
"1358","Fo.20.3","Fo","14","20","4",1682.57559878171,4.93976429933743e-88
"1359","Quant.21.3","Quant","1","21","4",0.0661065231655121,1.59324872584176e-91
"1360","Sigma.21.3","Sigma","2","21","4",3.03737325816407,1.04468499580986e-36
"1361","Connect.21.3","Connect","3","21","4",0.527072481138162,8.9280000845541e-19
"1362","Tau1.21.3","Tau1","4","21","4",900.870677166931,1.80747961384328e-09
"1363","Tau2.21.3","Tau2","5","21","4",10758758.892951,0.00315813806576984
"1364","NPQ.21.3","NPQ","6","21","4",0.352761875123601,1.42223049865415e-108
"1365","qP.21.3","qP","7","21","4",0.718086789729735,3.18649745168352e-91
"1366","ABQ.21.3","ABQ","8","21","4",0.22353696875495,1.04468499580986e-36
"1367","qm.21.3","qm","9","21","4",0.756667811707354,1.59324872584176e-91
"1368","nTau1.21.3","nTau1","10","21","4",1.66059148041007,1.80747961384328e-09
"1369","nTau2.21.3","nTau2","11","21","4",6.62127626171961,0.00315813806576984
"1370","nCon.21.3","nCon","12","21","4",1.50550606674216,8.9280000845541e-19
"1371","Fm.21.3","Fm","13","21","4",1749.2992208266,1.42223049865415e-108
"1372","Fo.21.3","Fo","14","21","4",1633.65913136162,3.18649745168352e-91
"1373","Quant.22.3","Quant","1","22","4",0.0599296992065708,1.92233887510078e-86
"1374","Sigma.22.3","Sigma","2","22","4",2.85244637062193,1.11139356114279e-31
"1375","Connect.22.3","Connect","3","22","4",0.396672757160893,4.31838395866224e-10
"1376","Tau1.22.3","Tau1","4","22","4",1043.46446566644,4.99232245908553e-12
"1377","Tau2.22.3","Tau2","5","22","4",10061664.651768,0.000101771979324711
"1378","NPQ.22.3","NPQ","6","22","4",0.392145214321293,4.38746289511342e-105
"1379","qP.22.3","qP","7","22","4",0.753089453085247,3.84467775020157e-86
"1380","ABQ.22.3","ABQ","8","22","4",0.270811004395363,1.11139356114279e-31
"1381","qm.22.3","qm","9","22","4",0.779404147225477,1.92233887510078e-86
"1382","nTau1.22.3","nTau1","10","22","4",1.92343723212922,4.99232245908553e-12
"1383","nTau2.22.3","nTau2","11","22","4",6.19226269265909,0.000101771979324711
"1384","nCon.22.3","nCon","12","22","4",1.13303817556075,4.31838395866224e-10
"1385","Fm.22.3","Fm","13","22","4",1699.81210995386,4.38746289511342e-105
"1386","Fo.22.3","Fo","14","22","4",1597.94288149664,3.84467775020157e-86
"1387","Quant.23.3","Quant","1","23","4",0.180196154950048,6.51773271288164e-86
"1388","Sigma.23.3","Sigma","2","23","4",3.91774400958784,5.25140534665562e-54
"1389","Connect.23.3","Connect","3","23","4",0.289873487050261,3.06849564670072e-19
"1390","Tau1.23.3","Tau1","4","23","4",989.846257189057,5.20557593941738e-20
"1391","Tau2.23.3","Tau2","5","23","4",2713872.1536979,2.02895200621591e-12
"1392","NPQ.23.3","NPQ","6","23","4",0.441288034973774,2.67156142311042e-111
"1393","qP.23.3","qP","7","23","4",1,1.30354654257633e-85
"1394","ABQ.23.3","ABQ","8","23","4",-0.00151780198572782,5.25140534665562e-54
"1395","qm.23.3","qm","9","23","4",0.336714100117867,6.51773271288164e-86
"1396","nTau1.23.3","nTau1","10","23","4",1.82460180275061,5.20557593941738e-20
"1397","nTau2.23.3","nTau2","11","23","4",1.67020168844894,2.02895200621591e-12
"1398","nCon.23.3","nCon","12","23","4",0.827981556539425,3.06849564670072e-19
"1399","Fm.23.3","Fm","13","23","4",1641.85453337279,2.67156142311042e-111
"1400","Fo.23.3","Fo","14","23","4",1345.99865947171,1.30354654257633e-85
"1401","Quant.24.3","Quant","1","24","4",0.18738297257964,1.0018209404155e-80
"1402","Sigma.24.3","Sigma","2","24","4",4.140331040907,2.21523033453435e-50
"1403","Connect.24.3","Connect","3","24","4",0.30537311609357,3.65287426313035e-17
"1404","Tau1.24.3","Tau1","4","24","4",956.212547535233,2.47864691832673e-20
"1405","Tau2.24.3","Tau2","5","24","4",2387582.75994949,4.4681687521429e-12
"1406","NPQ.24.3","NPQ","6","24","4",0.401992015261409,4.35723487338252e-107
"1407","qP.24.3","qP","7","24","4",0.974915235104101,2.003641880831e-80
"1408","ABQ.24.3","ABQ","8","24","4",-0.058419139544212,2.21523033453435e-50
"1409","qm.24.3","qm","9","24","4",0.310260068398631,1.0018209404155e-80
"1410","nTau1.24.3","nTau1","10","24","4",1.76260416743921,2.47864691832673e-20
"1411","nTau2.24.3","nTau2","11","24","4",1.4693930042156,4.4681687521429e-12
"1412","nCon.24.3","nCon","12","24","4",0.872253997981569,3.65287426313035e-17
"1413","Fm.24.3","Fm","13","24","4",1687.8735886926,4.35723487338252e-107
"1414","Fo.24.3","Fo","14","24","4",1371.59481830472,2.003641880831e-80
"1415","Quant.25.3","Quant","1","25","4",0.19027689917567,5.5109875847439e-79
"1416","Sigma.25.3","Sigma","2","25","4",4.15259745409005,7.86289521174848e-49
"1417","Connect.25.3","Connect","3","25","4",0.277529382291105,3.21820569798367e-14
"1418","Tau1.25.3","Tau1","4","25","4",1060.16211083202,5.92462166966087e-19
"1419","Tau2.25.3","Tau2","5","25","4",1928652.0013535,2.3450709640956e-12
"1420","NPQ.25.3","NPQ","6","25","4",0.395739032993434,1.23275394033059e-105
"1421","qP.25.3","qP","7","25","4",0.973701626985853,1.10219751694878e-78
"1422","ABQ.25.3","ABQ","8","25","4",-0.0615548807103719,7.86289521174848e-49
"1423","qm.25.3","qm","9","25","4",0.299607783909138,5.5109875847439e-79
"1424","nTau1.25.3","nTau1","10","25","4",1.95421630842469,5.92462166966087e-19
"1425","nTau2.25.3","nTau2","11","25","4",1.18695268113563,2.3450709640956e-12
"1426","nCon.25.3","nCon","12","25","4",0.792722412363886,3.21820569798367e-14
"1427","Fm.25.3","Fm","13","25","4",1695.43534871449,1.23275394033059e-105
"1428","Fo.25.3","Fo","14","25","4",1372.83316780828,1.10219751694878e-78
"1429","Quant.26.3","Quant","1","26","4",0.193662038458879,1.86336883012642e-77
"1430","Sigma.26.3","Sigma","2","26","4",4.24360597300584,6.17644182353721e-47
"1431","Connect.26.3","Connect","3","26","4",0.214528481071925,3.18162117849798e-09
"1432","Tau1.26.3","Tau1","4","26","4",950.292704596197,4.11347972617553e-19
"1433","Tau2.26.3","Tau2","5","26","4",1955484.4658969,6.02702598426197e-12
"1434","NPQ.26.3","NPQ","6","26","4",0.387428653142065,7.94280143342158e-105
"1435","qP.26.3","qP","7","26","4",0.971301267796932,3.72673766025283e-77
"1436","ABQ.26.3","ABQ","8","26","4",-0.0848199668424567,6.17644182353721e-47
"1437","qm.26.3","qm","9","26","4",0.287147389533287,1.86336883012642e-77
"1438","nTau1.26.3","nTau1","10","26","4",1.75169201212205,4.11347972617553e-19
"1439","nTau2.26.3","nTau2","11","26","4",1.20346621790064,6.02702598426197e-12
"1440","nCon.26.3","nCon","12","26","4",0.61276947915272,3.18162117849798e-09
"1441","Fm.26.3","Fm","13","26","4",1705.59061812553,7.94280143342158e-105
"1442","Fo.26.3","Fo","14","26","4",1375.282462243,3.72673766025283e-77
"1443","Quant.27.3","Quant","1","27","4",0.197698021342431,1.26322343091138e-75
"1444","Sigma.27.3","Sigma","2","27","4",4.52600137905247,9.28126144007368e-47
"1445","Connect.27.3","Connect","3","27","4",0.256951612171907,2.76240595868268e-11
"1446","Tau1.27.3","Tau1","4","27","4",1092.14428282553,3.26062895529736e-21
"1447","Tau2.27.3","Tau2","5","27","4",2249267.13763406,7.30349879479545e-14
"1448","NPQ.27.3","NPQ","6","27","4",0.386403361530111,9.82235182895043e-104
"1449","qP.27.3","qP","7","27","4",0.977055712002797,2.52644686182275e-75
"1450","ABQ.27.3","ABQ","8","27","4",-0.157010499368966,9.28126144007368e-47
"1451","qm.27.3","qm","9","27","4",0.272291298183459,1.26322343091138e-75
"1452","nTau1.27.3","nTau1","10","27","4",2.01316963400573,3.26062895529736e-21
"1453","nTau2.27.3","nTau2","11","27","4",1.38426925009354,7.30349879479545e-14
"1454","nCon.27.3","nCon","12","27","4",0.733944997751801,2.76240595868268e-11
"1455","Fm.27.3","Fm","13","27","4",1706.85195937925,9.82235182895043e-104
"1456","Fo.27.3","Fo","14","27","4",1369.41070428552,2.52644686182275e-75
"1457","MTQuant.2.0","MTQuant","15","2","1",0.677312017156645,NA
"1458","PQpool.2.0","PQpool","16","2","1",0.516244929417988,NA
"1459","MTTau1.2.0","MTTau1","17","2","1",17000,NA
"1460","MTTau2.2.0","MTTau2","18","2","1",1.5e+07,NA
"1461","MTQuant.2.1","MTQuant","15","2","2",0.640926638839143,NA
"1462","PQpool.2.1","PQpool","16","2","2",0.533914914834505,NA
"1463","MTTau1.2.1","MTTau1","17","2","2",17000,NA
"1464","MTTau2.2.1","MTTau2","18","2","2",7492973.85847567,NA
"1465","MTQuant.2.2","MTQuant","15","2","3",0.631862169106313,NA
"1466","PQpool.2.2","PQpool","16","2","3",0.542164141843004,NA
"1467","MTTau1.2.2","MTTau1","17","2","3",17000,NA
"1468","MTTau2.2.2","MTTau2","18","2","3",5010000,NA
"1469","MTQuant.2.3","MTQuant","15","2","4",0.612330413418412,NA
"1470","PQpool.2.3","PQpool","16","2","4",0.554022566611132,NA
"1471","MTTau1.2.3","MTTau1","17","2","4",17000,NA
"1472","MTTau2.2.3","MTTau2","18","2","4",12019693.4921883,NA
"1473","Ratio12","Ratio12","Ratio12","Ratio12","Ratio12",1.03555557829715,NA
"1474","Ratio32","Ratio32","Ratio32","Ratio32","Ratio32",0.898616715846282,NA
"1475","Ratio42","Ratio42","Ratio42","Ratio42","Ratio42",0.777875734126653,NA
"1476","mean.1.rQuant.All","rQuant","1","All","1",0.101843306925691,NA
"1477","min.1.rQuant.All","rQuant","1","All","1",0.0369482409497234,NA
"1478","max.1.rQuant.All","rQuant","1","All","1",0.285772201986295,NA
"1479","range.1.rQuant.All","rQuant","1","All","1",0.248823961036572,NA
"1480","slope.1.rQuant.All","rQuant","1","All","1",0.00283545776761254,NA
"1481","mean.1.rSigma.All","rSigma","2","All","1",4.21229735560955,NA
"1482","min.1.rSigma.All","rSigma","2","All","1",2.73831970542179,NA
"1483","max.1.rSigma.All","rSigma","2","All","1",5.15526660106533,NA
"1484","range.1.rSigma.All","rSigma","2","All","1",2.41694689564354,NA
"1485","slope.1.rSigma.All","rSigma","2","All","1",0.0413903666834764,NA
"1486","mean.1.rConnect.All","rConnect","3","All","1",0.276827993302309,NA
"1487","min.1.rConnect.All","rConnect","3","All","1",0.166695076164499,NA
"1488","max.1.rConnect.All","rConnect","3","All","1",0.593595438253188,NA
"1489","range.1.rConnect.All","rConnect","3","All","1",0.426900362088689,NA
"1490","slope.1.rConnect.All","rConnect","3","All","1",-0.0073307049403695,NA
"1491","mean.1.rTau1.All","rTau1","4","All","1",1511.03169527276,NA
"1492","min.1.rTau1.All","rTau1","4","All","1",820.298407490508,NA
"1493","max.1.rTau1.All","rTau1","4","All","1",4791.82010784726,NA
"1494","range.1.rTau1.All","rTau1","4","All","1",3971.52170035675,NA
"1495","slope.1.rTau1.All","rTau1","4","All","1",-39.5684268513134,NA
"1496","mean.1.rTau2.All","rTau2","5","All","1",6950471.53719459,NA
"1497","min.1.rTau2.All","rTau2","5","All","1",1686548.60446884,NA
"1498","max.1.rTau2.All","rTau2","5","All","1",17816628.5629722,NA
"1499","range.1.rTau2.All","rTau2","5","All","1",16130079.9585034,NA
"1500","slope.1.rTau2.All","rTau2","5","All","1",-188007.250770687,NA
"1501","mean.1.rNPQ.All","rNPQ","6","All","1",0.205906710039725,NA
"1502","min.1.rNPQ.All","rNPQ","6","All","1",-0.0238965576488502,NA
"1503","max.1.rNPQ.All","rNPQ","6","All","1",0.476424416914967,NA
"1504","range.1.rNPQ.All","rNPQ","6","All","1",0.500320974563817,NA
"1505","slope.1.rNPQ.All","rNPQ","6","All","1",0.00508554911089837,NA
"1506","mean.1.rqP.All","rqP","7","All","1",0.639160759086388,NA
"1507","min.1.rqP.All","rqP","7","All","1",0.0400710314233611,NA
"1508","max.1.rqP.All","rqP","7","All","1",1.33578828738922,NA
"1509","range.1.rqP.All","rqP","7","All","1",1.29571725596586,NA
"1510","slope.1.rqP.All","rqP","7","All","1",0.0166341922635737,NA
"1511","mean.1.rABQ.All","rABQ","8","All","1",0.156091759221412,NA
"1512","min.1.rABQ.All","rABQ","8","All","1",-0.0328264129444618,NA
"1513","max.1.rABQ.All","rABQ","8","All","1",0.451394246369048,NA
"1514","range.1.rABQ.All","rABQ","8","All","1",0.48422065931351,NA
"1515","slope.1.rABQ.All","rABQ","8","All","1",-0.00829230906182753,NA
"1516","mean.1.rqm.All","rqm","9","All","1",0.643620666328577,NA
"1517","min.1.rqm.All","rqm","9","All","1",0,NA
"1518","max.1.rqm.All","rqm","9","All","1",0.87070736519189,NA
"1519","range.1.rqm.All","rqm","9","All","1",0.87070736519189,NA
"1520","slope.1.rqm.All","rqm","9","All","1",-0.00992209090983775,NA
"1521","mean.2.rQuant.All","rQuant","1","All","2",0.0967760640386353,NA
"1522","min.2.rQuant.All","rQuant","1","All","2",0.0293377542776192,NA
"1523","max.2.rQuant.All","rQuant","1","All","2",0.272794955114245,NA
"1524","range.2.rQuant.All","rQuant","1","All","2",0.243457200836626,NA
"1525","slope.2.rQuant.All","rQuant","1","All","2",0.00273579860213646,NA
"1526","mean.2.rSigma.All","rSigma","2","All","2",3.81917523622787,NA
"1527","min.2.rSigma.All","rSigma","2","All","2",2.1762827851181,NA
"1528","max.2.rSigma.All","rSigma","2","All","2",5.19624698217294,NA
"1529","range.2.rSigma.All","rSigma","2","All","2",3.01996419705484,NA
"1530","slope.2.rSigma.All","rSigma","2","All","2",0.0535564788315711,NA
"1531","mean.2.rConnect.All","rConnect","3","All","2",0.347010845313954,NA
"1532","min.2.rConnect.All","rConnect","3","All","2",0.179501143486412,NA
"1533","max.2.rConnect.All","rConnect","3","All","2",0.623480944325712,NA
"1534","range.2.rConnect.All","rConnect","3","All","2",0.4439798008393,NA
"1535","slope.2.rConnect.All","rConnect","3","All","2",-0.00854745821654843,NA
"1536","mean.2.rTau1.All","rTau1","4","All","2",1471.36891976937,NA
"1537","min.2.rTau1.All","rTau1","4","All","2",796.027547085818,NA
"1538","max.2.rTau1.All","rTau1","4","All","2",3113.53828571629,NA
"1539","range.2.rTau1.All","rTau1","4","All","2",2317.51073863047,NA
"1540","slope.2.rTau1.All","rTau1","4","All","2",-11.1415084292081,NA
"1541","mean.2.rTau2.All","rTau2","5","All","2",6250858.78192917,NA
"1542","min.2.rTau2.All","rTau2","5","All","2",1348034.61481423,NA
"1543","max.2.rTau2.All","rTau2","5","All","2",11620251.5479984,NA
"1544","range.2.rTau2.All","rTau2","5","All","2",10272216.9331842,NA
"1545","slope.2.rTau2.All","rTau2","5","All","2",-114470.278600765,NA
"1546","mean.2.rNPQ.All","rNPQ","6","All","2",0.265522187889675,NA
"1547","min.2.rNPQ.All","rNPQ","6","All","2",0.0192419294021896,NA
"1548","max.2.rNPQ.All","rNPQ","6","All","2",0.560240968937126,NA
"1549","range.2.rNPQ.All","rNPQ","6","All","2",0.540999039534936,NA
"1550","slope.2.rNPQ.All","rNPQ","6","All","2",0.0051677202613939,NA
"1551","mean.2.rqP.All","rqP","7","All","2",0.680333863186992,NA
"1552","min.2.rqP.All","rqP","7","All","2",0.11643832245059,NA
"1553","max.2.rqP.All","rqP","7","All","2",1.30433933495035,NA
"1554","range.2.rqP.All","rqP","7","All","2",1.18790101249976,NA
"1555","slope.2.rqP.All","rqP","7","All","2",0.0146581731225966,NA
"1556","mean.2.rABQ.All","rABQ","8","All","2",0.200365647302993,NA
"1557","min.2.rABQ.All","rABQ","8","All","2",-0.0879567799427681,NA
"1558","max.2.rABQ.All","rABQ","8","All","2",0.544343904501657,NA
"1559","range.2.rABQ.All","rABQ","8","All","2",0.632300684444425,NA
"1560","slope.2.rABQ.All","rABQ","8","All","2",-0.0112133111560266,NA
"1561","mean.2.rqm.All","rqm","9","All","2",0.645242471591507,NA
"1562","min.2.rqm.All","rqm","9","All","2",0,NA
"1563","max.2.rqm.All","rqm","9","All","2",0.892454923642804,NA
"1564","range.2.rqm.All","rqm","9","All","2",0.892454923642804,NA
"1565","slope.2.rqm.All","rqm","9","All","2",-0.0100287727131564,NA
"1566","mean.3.rQuant.All","rQuant","1","All","3",0.0994051139651892,NA
"1567","min.3.rQuant.All","rQuant","1","All","3",0.0308445980822029,NA
"1568","max.3.rQuant.All","rQuant","1","All","3",0.275418152024285,NA
"1569","range.3.rQuant.All","rQuant","1","All","3",0.244573553942082,NA
"1570","slope.3.rQuant.All","rQuant","1","All","3",0.00262569575064318,NA
"1571","mean.3.rSigma.All","rSigma","2","All","3",3.60468596609675,NA
"1572","min.3.rSigma.All","rSigma","2","All","3",2.24285010369461,NA
"1573","max.3.rSigma.All","rSigma","2","All","3",4.57675269073321,NA
"1574","range.3.rSigma.All","rSigma","2","All","3",2.3339025870386,NA
"1575","slope.3.rSigma.All","rSigma","2","All","3",0.0384709500375766,NA
"1576","mean.3.rConnect.All","rConnect","3","All","3",0.323310417151777,NA
"1577","min.3.rConnect.All","rConnect","3","All","3",0.171981089298646,NA
"1578","max.3.rConnect.All","rConnect","3","All","3",0.706379254962153,NA
"1579","range.3.rConnect.All","rConnect","3","All","3",0.534398165663507,NA
"1580","slope.3.rConnect.All","rConnect","3","All","3",-0.00768700214943303,NA
"1581","mean.3.rTau1.All","rTau1","4","All","3",1248.72408174177,NA
"1582","min.3.rTau1.All","rTau1","4","All","3",711.241919643505,NA
"1583","max.3.rTau1.All","rTau1","4","All","3",2778.43963246138,NA
"1584","range.3.rTau1.All","rTau1","4","All","3",2067.19771281788,NA
"1585","slope.3.rTau1.All","rTau1","4","All","3",-24.5813527651776,NA
"1586","mean.3.rTau2.All","rTau2","5","All","3",7057822.03271714,NA
"1587","min.3.rTau2.All","rTau2","5","All","3",1687065.28969308,NA
"1588","max.3.rTau2.All","rTau2","5","All","3",20130717.1039966,NA
"1589","range.3.rTau2.All","rTau2","5","All","3",18443651.8143035,NA
"1590","slope.3.rTau2.All","rTau2","5","All","3",-183945.389793139,NA
"1591","mean.3.rNPQ.All","rNPQ","6","All","3",0.270983205173951,NA
"1592","min.3.rNPQ.All","rNPQ","6","All","3",0.0160936184257997,NA
"1593","max.3.rNPQ.All","rNPQ","6","All","3",0.582623630426189,NA
"1594","range.3.rNPQ.All","rNPQ","6","All","3",0.566530012000389,NA
"1595","slope.3.rNPQ.All","rNPQ","6","All","3",0.00541620907395473,NA
"1596","mean.3.rqP.All","rqP","7","All","3",0.683278248772213,NA
"1597","min.3.rqP.All","rqP","7","All","3",0.111469236867687,NA
"1598","max.3.rqP.All","rqP","7","All","3",1.30825667188376,NA
"1599","range.3.rqP.All","rqP","7","All","3",1.19678743501607,NA
"1600","slope.3.rqP.All","rqP","7","All","3",0.0146095055831141,NA
"1601","mean.3.rABQ.All","rABQ","8","All","3",0.183379973553624,NA
"1602","min.3.rABQ.All","rABQ","8","All","3",-0.0368359237107445,NA
"1603","max.3.rABQ.All","rABQ","8","All","3",0.491895735656105,NA
"1604","range.3.rABQ.All","rABQ","8","All","3",0.52873165936685,NA
"1605","slope.3.rABQ.All","rABQ","8","All","3",-0.00871536342765562,NA
"1606","mean.3.rqm.All","rqm","9","All","3",0.639075662825506,NA
"1607","min.3.rqm.All","rqm","9","All","3",0,NA
"1608","max.3.rqm.All","rqm","9","All","3",0.888008114732092,NA
"1609","range.3.rqm.All","rqm","9","All","3",0.888008114732092,NA
"1610","slope.3.rqm.All","rqm","9","All","3",-0.00953348837520215,NA
"1611","mean.4.rQuant.All","rQuant","1","All","4",0.10314346660623,NA
"1612","min.4.rQuant.All","rQuant","1","All","4",0.0294067872773249,NA
"1613","max.4.rQuant.All","rQuant","1","All","4",0.271671921538011,NA
"1614","range.4.rQuant.All","rQuant","1","All","4",0.242265134260686,NA
"1615","slope.4.rQuant.All","rQuant","1","All","4",0.00284361189736235,NA
"1616","mean.4.rSigma.All","rSigma","2","All","4",3.49671100360207,NA
"1617","min.4.rSigma.All","rSigma","2","All","4",2.00334565773341,NA
"1618","max.4.rSigma.All","rSigma","2","All","4",4.52600137905247,NA
"1619","range.4.rSigma.All","rSigma","2","All","4",2.52265572131906,NA
"1620","slope.4.rSigma.All","rSigma","2","All","4",0.0327630170640415,NA
"1621","mean.4.rConnect.All","rConnect","3","All","4",0.341863844035831,NA
"1622","min.4.rConnect.All","rConnect","3","All","4",0.111840605448697,NA
"1623","max.4.rConnect.All","rConnect","3","All","4",0.55870321336348,NA
"1624","range.4.rConnect.All","rConnect","3","All","4",0.446862607914783,NA
"1625","slope.4.rConnect.All","rConnect","3","All","4",-0.00389567416306551,NA
"1626","mean.4.rTau1.All","rTau1","4","All","4",1019.32665553138,NA
"1627","min.4.rTau1.All","rTau1","4","All","4",542.499878985569,NA
"1628","max.4.rTau1.All","rTau1","4","All","4",1892.00065105293,NA
"1629","range.4.rTau1.All","rTau1","4","All","4",1349.50077206736,NA
"1630","slope.4.rTau1.All","rTau1","4","All","4",-8.87403229685747,NA
"1631","mean.4.rTau2.All","rTau2","5","All","4",6673135.26312107,NA
"1632","min.4.rTau2.All","rTau2","5","All","4",1624876.90706275,NA
"1633","max.4.rTau2.All","rTau2","5","All","4",14550928.6303386,NA
"1634","range.4.rTau2.All","rTau2","5","All","4",12926051.7232758,NA
"1635","slope.4.rTau2.All","rTau2","5","All","4",-162086.487380782,NA
"1636","mean.4.rNPQ.All","rNPQ","6","All","4",0.303417868941976,NA
"1637","min.4.rNPQ.All","rNPQ","6","All","4",0.0410497116545565,NA
"1638","max.4.rNPQ.All","rNPQ","6","All","4",0.633105228952083,NA
"1639","range.4.rNPQ.All","rNPQ","6","All","4",0.592055517297526,NA
"1640","slope.4.rNPQ.All","rNPQ","6","All","4",0.00551333769683883,NA
"1641","mean.4.rqP.All","rqP","7","All","4",0.704225833191713,NA
"1642","min.4.rqP.All","rqP","7","All","4",0.156953240559399,NA
"1643","max.4.rqP.All","rqP","7","All","4",1.2848373447118,NA
"1644","range.4.rqP.All","rqP","7","All","4",1.1278841041524,NA
"1645","slope.4.rqP.All","rqP","7","All","4",0.0139947292608393,NA
"1646","mean.4.rABQ.All","rABQ","8","All","4",0.106113541380852,NA
"1647","min.4.rABQ.All","rABQ","8","All","4",-0.157010499368966,NA
"1648","max.4.rABQ.All","rABQ","8","All","4",0.487872016435832,NA
"1649","range.4.rABQ.All","rABQ","8","All","4",0.644882515804798,NA
"1650","slope.4.rABQ.All","rABQ","8","All","4",-0.00837541829075551,NA
"1651","mean.4.rqm.All","rqm","9","All","4",0.620338141599963,NA
"1652","min.4.rqm.All","rqm","9","All","4",0,NA
"1653","max.4.rqm.All","rqm","9","All","4",0.891756251029385,NA
"1654","range.4.rqm.All","rqm","9","All","4",0.891756251029385,NA
"1655","slope.4.rqm.All","rqm","9","All","4",-0.010467080592149,NA
"1656","mean.1.rQuant.L1","rQuant","1","L1","1",0.0486588396023467,NA
"1657","min.1.rQuant.L1","rQuant","1","L1","1",0.0369482409497234,NA
"1658","max.1.rQuant.L1","rQuant","1","L1","1",0.0605189279779916,NA
"1659","range.1.rQuant.L1","rQuant","1","L1","1",0.0235706870282682,NA
"1660","slope.1.rQuant.L1","rQuant","1","L1","1",0.00392772134907505,NA
"1661","mean.1.rSigma.L1","rSigma","2","L1","1",3.42436334443171,NA
"1662","min.1.rSigma.L1","rSigma","2","L1","1",2.73831970542179,NA
"1663","max.1.rSigma.L1","rSigma","2","L1","1",4.01354670478066,NA
"1664","range.1.rSigma.L1","rSigma","2","L1","1",1.27522699935887,NA
"1665","slope.1.rSigma.L1","rSigma","2","L1","1",0.218958014983045,NA
"1666","mean.1.rConnect.L1","rConnect","3","L1","1",0.347543665261815,NA
"1667","min.1.rConnect.L1","rConnect","3","L1","1",0.166695076164499,NA
"1668","max.1.rConnect.L1","rConnect","3","L1","1",0.593595438253188,NA
"1669","range.1.rConnect.L1","rConnect","3","L1","1",0.426900362088689,NA
"1670","slope.1.rConnect.L1","rConnect","3","L1","1",-0.0632291053907903,NA
"1671","mean.1.rTau1.L1","rTau1","4","L1","1",2071.6521766683,NA
"1672","min.1.rTau1.L1","rTau1","4","L1","1",1232.69462619272,NA
"1673","max.1.rTau1.L1","rTau1","4","L1","1",4791.82010784726,NA
"1674","range.1.rTau1.L1","rTau1","4","L1","1",3559.12548165454,NA
"1675","slope.1.rTau1.L1","rTau1","4","L1","1",-501.046604772163,NA
"1676","mean.1.rTau2.L1","rTau2","5","L1","1",10201124.6046271,NA
"1677","min.1.rTau2.L1","rTau2","5","L1","1",6697967.30605899,NA
"1678","max.1.rTau2.L1","rTau2","5","L1","1",15320295.6377925,NA
"1679","range.1.rTau2.L1","rTau2","5","L1","1",8622328.33173351,NA
"1680","slope.1.rTau2.L1","rTau2","5","L1","1",-205147.971422253,NA
"1681","mean.1.rNPQ.L1","rNPQ","6","L1","1",0.117419963972845,NA
"1682","min.1.rNPQ.L1","rNPQ","6","L1","1",-0.0238965576488502,NA
"1683","max.1.rNPQ.L1","rNPQ","6","L1","1",0.214164256830026,NA
"1684","range.1.rNPQ.L1","rNPQ","6","L1","1",0.238060814478876,NA
"1685","slope.1.rNPQ.L1","rNPQ","6","L1","1",0.0434399832920571,NA
"1686","mean.1.rqP.L1","rqP","7","L1","1",0.368106021279309,NA
"1687","min.1.rqP.L1","rqP","7","L1","1",0.0400710314233611,NA
"1688","max.1.rqP.L1","rqP","7","L1","1",0.585378088963063,NA
"1689","range.1.rqP.L1","rqP","7","L1","1",0.545307057539702,NA
"1690","slope.1.rqP.L1","rqP","7","L1","1",0.0983303010105347,NA
"1691","mean.1.rABQ.L1","rABQ","8","L1","1",0.313949562003829,NA
"1692","min.1.rABQ.L1","rABQ","8","L1","1",0.195910247313483,NA
"1693","max.1.rABQ.L1","rABQ","8","L1","1",0.451394246369048,NA
"1694","range.1.rABQ.L1","rABQ","8","L1","1",0.255483999055565,NA
"1695","slope.1.rABQ.L1","rABQ","8","L1","1",-0.0438669110058529,NA
"1696","mean.1.rqm.L1","rqm","9","L1","1",0.829728576593044,NA
"1697","min.1.rqm.L1","rqm","9","L1","1",0.788226680001248,NA
"1698","max.1.rqm.L1","rqm","9","L1","1",0.87070736519189,NA
"1699","range.1.rqm.L1","rqm","9","L1","1",0.082480685190642,NA
"1700","slope.1.rqm.L1","rqm","9","L1","1",-0.013744238669034,NA
"1701","mean.2.rQuant.L1","rQuant","1","L1","2",0.0442200452539091,NA
"1702","min.2.rQuant.L1","rQuant","1","L1","2",0.0293377542776192,NA
"1703","max.2.rQuant.L1","rQuant","1","L1","2",0.0571560613875472,NA
"1704","range.2.rQuant.L1","rQuant","1","L1","2",0.027818307109928,NA
"1705","slope.2.rQuant.L1","rQuant","1","L1","2",0.00474353889751085,NA
"1706","mean.2.rSigma.L1","rSigma","2","L1","2",2.96664389582116,NA
"1707","min.2.rSigma.L1","rSigma","2","L1","2",2.1762827851181,NA
"1708","max.2.rSigma.L1","rSigma","2","L1","2",3.60050847680993,NA
"1709","range.2.rSigma.L1","rSigma","2","L1","2",1.42422569169183,NA
"1710","slope.2.rSigma.L1","rSigma","2","L1","2",0.228945786593492,NA
"1711","mean.2.rConnect.L1","rConnect","3","L1","2",0.498433867447095,NA
"1712","min.2.rConnect.L1","rConnect","3","L1","2",0.33014944102693,NA
"1713","max.2.rConnect.L1","rConnect","3","L1","2",0.623480944325712,NA
"1714","range.2.rConnect.L1","rConnect","3","L1","2",0.293331503298782,NA
"1715","slope.2.rConnect.L1","rConnect","3","L1","2",-0.0276888123836912,NA
"1716","mean.2.rTau1.L1","rTau1","4","L1","2",1679.47573859868,NA
"1717","min.2.rTau1.L1","rTau1","4","L1","2",1007.76749157596,NA
"1718","max.2.rTau1.L1","rTau1","4","L1","2",3113.53828571629,NA
"1719","range.2.rTau1.L1","rTau1","4","L1","2",2105.77079414033,NA
"1720","slope.2.rTau1.L1","rTau1","4","L1","2",-297.314739794389,NA
"1721","mean.2.rTau2.L1","rTau2","5","L1","2",8488999.65566131,NA
"1722","min.2.rTau2.L1","rTau2","5","L1","2",6326948.18726051,NA
"1723","max.2.rTau2.L1","rTau2","5","L1","2",11439574.8956546,NA
"1724","range.2.rTau2.L1","rTau2","5","L1","2",5112626.70839409,NA
"1725","slope.2.rTau2.L1","rTau2","5","L1","2",797614.237508619,NA
"1726","mean.2.rNPQ.L1","rNPQ","6","L1","2",0.176163236136751,NA
"1727","min.2.rNPQ.L1","rNPQ","6","L1","2",0.0192419294021896,NA
"1728","max.2.rNPQ.L1","rNPQ","6","L1","2",0.279585236620913,NA
"1729","range.2.rNPQ.L1","rNPQ","6","L1","2",0.260343307218723,NA
"1730","slope.2.rNPQ.L1","rNPQ","6","L1","2",0.0461837625780009,NA
"1731","mean.2.rqP.L1","rqP","7","L1","2",0.442004349024949,NA
"1732","min.2.rqP.L1","rqP","7","L1","2",0.11643832245059,NA
"1733","max.2.rqP.L1","rqP","7","L1","2",0.642903365749661,NA
"1734","range.2.rqP.L1","rqP","7","L1","2",0.526465043299071,NA
"1735","slope.2.rqP.L1","rqP","7","L1","2",0.091746202540278,NA
"1736","mean.2.rABQ.L1","rABQ","8","L1","2",0.378863177364837,NA
"1737","min.2.rABQ.L1","rABQ","8","L1","2",0.246148687307257,NA
"1738","max.2.rABQ.L1","rABQ","8","L1","2",0.544343904501657,NA
"1739","range.2.rABQ.L1","rABQ","8","L1","2",0.2981952171944,NA
"1740","slope.2.rABQ.L1","rABQ","8","L1","2",-0.0479351966175323,NA
"1741","mean.2.rqm.L1","rqm","9","L1","2",0.837900062208298,NA
"1742","min.2.rqm.L1","rqm","9","L1","2",0.790479771286054,NA
"1743","max.2.rqm.L1","rqm","9","L1","2",0.892454923642804,NA
"1744","range.2.rqm.L1","rqm","9","L1","2",0.10197515235675,NA
"1745","slope.2.rqm.L1","rqm","9","L1","2",-0.0173886606353268,NA
"1746","mean.3.rQuant.L1","rQuant","1","L1","3",0.0481037197915012,NA
"1747","min.3.rQuant.L1","rQuant","1","L1","3",0.0308445980822029,NA
"1748","max.3.rQuant.L1","rQuant","1","L1","3",0.0611793445310801,NA
"1749","range.3.rQuant.L1","rQuant","1","L1","3",0.0303347464488772,NA
"1750","slope.3.rQuant.L1","rQuant","1","L1","3",0.00488027239655327,NA
"1751","mean.3.rSigma.L1","rSigma","2","L1","3",3.00484105830635,NA
"1752","min.3.rSigma.L1","rSigma","2","L1","3",2.24285010369461,NA
"1753","max.3.rSigma.L1","rSigma","2","L1","3",3.66641739400685,NA
"1754","range.3.rSigma.L1","rSigma","2","L1","3",1.42356729031224,NA
"1755","slope.3.rSigma.L1","rSigma","2","L1","3",0.21108209838692,NA
"1756","mean.3.rConnect.L1","rConnect","3","L1","3",0.424093147165981,NA
"1757","min.3.rConnect.L1","rConnect","3","L1","3",0.207067165726961,NA
"1758","max.3.rConnect.L1","rConnect","3","L1","3",0.706379254962153,NA
"1759","range.3.rConnect.L1","rConnect","3","L1","3",0.499312089235192,NA
"1760","slope.3.rConnect.L1","rConnect","3","L1","3",-0.0657475405695919,NA
"1761","mean.3.rTau1.L1","rTau1","4","L1","3",1648.777202965,NA
"1762","min.3.rTau1.L1","rTau1","4","L1","3",969.897461510818,NA
"1763","max.3.rTau1.L1","rTau1","4","L1","3",2778.43963246138,NA
"1764","range.3.rTau1.L1","rTau1","4","L1","3",1808.54217095056,NA
"1765","slope.3.rTau1.L1","rTau1","4","L1","3",-252.521982596668,NA
"1766","mean.3.rTau2.L1","rTau2","5","L1","3",10986049.9244906,NA
"1767","min.3.rTau2.L1","rTau2","5","L1","3",6980149.65576419,NA
"1768","max.3.rTau2.L1","rTau2","5","L1","3",20130717.1039966,NA
"1769","range.3.rTau2.L1","rTau2","5","L1","3",13150567.4482324,NA
"1770","slope.3.rTau2.L1","rTau2","5","L1","3",1508621.64995499,NA
"1771","mean.3.rNPQ.L1","rNPQ","6","L1","3",0.176392314035576,NA
"1772","min.3.rNPQ.L1","rNPQ","6","L1","3",0.0160936184257997,NA
"1773","max.3.rNPQ.L1","rNPQ","6","L1","3",0.283159278992761,NA
"1774","range.3.rNPQ.L1","rNPQ","6","L1","3",0.267065660566961,NA
"1775","slope.3.rNPQ.L1","rNPQ","6","L1","3",0.0470246653991383,NA
"1776","mean.3.rqP.L1","rqP","7","L1","3",0.444557021687059,NA
"1777","min.3.rqP.L1","rqP","7","L1","3",0.111469236867687,NA
"1778","max.3.rqP.L1","rqP","7","L1","3",0.647541099056362,NA
"1779","range.3.rqP.L1","rqP","7","L1","3",0.536071862188675,NA
"1780","slope.3.rqP.L1","rqP","7","L1","3",0.092014982848955,NA
"1781","mean.3.rABQ.L1","rABQ","8","L1","3",0.319271246488541,NA
"1782","min.3.rABQ.L1","rABQ","8","L1","3",0.169395088110994,NA
"1783","max.3.rABQ.L1","rABQ","8","L1","3",0.491895735656105,NA
"1784","range.3.rABQ.L1","rABQ","8","L1","3",0.322500647545111,NA
"1785","slope.3.rABQ.L1","rABQ","8","L1","3",-0.0478193857629529,NA
"1786","mean.3.rqm.L1","rqm","9","L1","3",0.825342957833587,NA
"1787","min.3.rqm.L1","rqm","9","L1","3",0.777867420569703,NA
"1788","max.3.rqm.L1","rqm","9","L1","3",0.888008114732092,NA
"1789","range.3.rqm.L1","rqm","9","L1","3",0.110140694162389,NA
"1790","slope.3.rqm.L1","rqm","9","L1","3",-0.0177195016402656,NA
"1791","mean.4.rQuant.L1","rQuant","1","L1","4",0.0498713753163958,NA
"1792","min.4.rQuant.L1","rQuant","1","L1","4",0.0294067872773249,NA
"1793","max.4.rQuant.L1","rQuant","1","L1","4",0.0636481578365612,NA
"1794","range.4.rQuant.L1","rQuant","1","L1","4",0.0342413705592363,NA
"1795","slope.4.rQuant.L1","rQuant","1","L1","4",0.00480050019077096,NA
"1796","mean.4.rSigma.L1","rSigma","2","L1","4",3.04179652182536,NA
"1797","min.4.rSigma.L1","rSigma","2","L1","4",2.00334565773341,NA
"1798","max.4.rSigma.L1","rSigma","2","L1","4",3.7894497835033,NA
"1799","range.4.rSigma.L1","rSigma","2","L1","4",1.78610412576989,NA
"1800","slope.4.rSigma.L1","rSigma","2","L1","4",0.297903562545201,NA
"1801","mean.4.rConnect.L1","rConnect","3","L1","4",0.371352903654386,NA
"1802","min.4.rConnect.L1","rConnect","3","L1","4",0.111840605448697,NA
"1803","max.4.rConnect.L1","rConnect","3","L1","4",0.55870321336348,NA
"1804","range.4.rConnect.L1","rConnect","3","L1","4",0.446862607914783,NA
"1805","slope.4.rConnect.L1","rConnect","3","L1","4",-0.0758552153828258,NA
"1806","mean.4.rTau1.L1","rTau1","4","L1","4",1208.78978526033,NA
"1807","min.4.rTau1.L1","rTau1","4","L1","4",717.872717448062,NA
"1808","max.4.rTau1.L1","rTau1","4","L1","4",1892.00065105293,NA
"1809","range.4.rTau1.L1","rTau1","4","L1","4",1174.12793360487,NA
"1810","slope.4.rTau1.L1","rTau1","4","L1","4",-164.826260927068,NA
"1811","mean.4.rTau2.L1","rTau2","5","L1","4",9782820.31170575,NA
"1812","min.4.rTau2.L1","rTau2","5","L1","4",6202579.41082961,NA
"1813","max.4.rTau2.L1","rTau2","5","L1","4",14550928.6303386,NA
"1814","range.4.rTau2.L1","rTau2","5","L1","4",8348349.21950899,NA
"1815","slope.4.rTau2.L1","rTau2","5","L1","4",352761.555227243,NA
"1816","mean.4.rNPQ.L1","rNPQ","6","L1","4",0.205837810062466,NA
"1817","min.4.rNPQ.L1","rNPQ","6","L1","4",0.0410497116545565,NA
"1818","max.4.rNPQ.L1","rNPQ","6","L1","4",0.311146855469029,NA
"1819","range.4.rNPQ.L1","rNPQ","6","L1","4",0.270097143814472,NA
"1820","slope.4.rNPQ.L1","rNPQ","6","L1","4",0.047726917694923,NA
"1821","mean.4.rqP.L1","rqP","7","L1","4",0.476945310748116,NA
"1822","min.4.rqP.L1","rqP","7","L1","4",0.156953240559399,NA
"1823","max.4.rqP.L1","rqP","7","L1","4",0.66292311514584,NA
"1824","range.4.rqP.L1","rqP","7","L1","4",0.505969874586441,NA
"1825","slope.4.rqP.L1","rqP","7","L1","4",0.0854933839988091,NA
"1826","mean.4.rABQ.L1","rABQ","8","L1","4",0.222406221751365,NA
"1827","min.4.rABQ.L1","rABQ","8","L1","4",0.0312788664543739,NA
"1828","max.4.rABQ.L1","rABQ","8","L1","4",0.487872016435832,NA
"1829","range.4.rABQ.L1","rABQ","8","L1","4",0.456593149981458,NA
"1830","slope.4.rABQ.L1","rABQ","8","L1","4",-0.0761549811406323,NA
"1831","mean.4.rqm.L1","rqm","9","L1","4",0.8164279361884,NA
"1832","min.4.rqm.L1","rqm","9","L1","4",0.765716834201226,NA
"1833","max.4.rqm.L1","rqm","9","L1","4",0.891756251029385,NA
"1834","range.4.rqm.L1","rqm","9","L1","4",0.126039416828159,NA
"1835","slope.4.rqm.L1","rqm","9","L1","4",-0.0176702110530745,NA
"1836","mean.1.rQuant.L2","rQuant","1","L2","1",0.110870146989857,NA
"1837","min.1.rQuant.L2","rQuant","1","L2","1",0.0934565078575051,NA
"1838","max.1.rQuant.L2","rQuant","1","L2","1",0.12510154953098,NA
"1839","range.1.rQuant.L2","rQuant","1","L2","1",0.0316450416734749,NA
"1840","slope.1.rQuant.L2","rQuant","1","L2","1",0.00603233789535998,NA
"1841","mean.1.rSigma.L2","rSigma","2","L2","1",4.96451919828602,NA
"1842","min.1.rSigma.L2","rSigma","2","L2","1",4.6614738177153,NA
"1843","max.1.rSigma.L2","rSigma","2","L2","1",5.14467421149386,NA
"1844","range.1.rSigma.L2","rSigma","2","L2","1",0.48320039377856,NA
"1845","slope.1.rSigma.L2","rSigma","2","L2","1",0.0498764194583773,NA
"1846","mean.1.rConnect.L2","rConnect","3","L2","1",0.276547217169824,NA
"1847","min.1.rConnect.L2","rConnect","3","L2","1",0.226283476288751,NA
"1848","max.1.rConnect.L2","rConnect","3","L2","1",0.346254591453799,NA
"1849","range.1.rConnect.L2","rConnect","3","L2","1",0.119971115165048,NA
"1850","slope.1.rConnect.L2","rConnect","3","L2","1",-0.0083187383402712,NA
"1851","mean.1.rTau1.L2","rTau1","4","L2","1",1443.71589475004,NA
"1852","min.1.rTau1.L2","rTau1","4","L2","1",1277.02599492921,NA
"1853","max.1.rTau1.L2","rTau1","4","L2","1",1515.20448303993,NA
"1854","range.1.rTau1.L2","rTau1","4","L2","1",238.17848811072,NA
"1855","slope.1.rTau1.L2","rTau1","4","L2","1",-39.4169979040992,NA
"1856","mean.1.rTau2.L2","rTau2","5","L2","1",4181776.10792872,NA
"1857","min.1.rTau2.L2","rTau2","5","L2","1",3613280.53445,NA
"1858","max.1.rTau2.L2","rTau2","5","L2","1",4603897.25903061,NA
"1859","range.1.rTau2.L2","rTau2","5","L2","1",990616.72458061,NA
"1860","slope.1.rTau2.L2","rTau2","5","L2","1",-119799.483071011,NA
"1861","mean.1.rNPQ.L2","rNPQ","6","L2","1",0.198950947226774,NA
"1862","min.1.rNPQ.L2","rNPQ","6","L2","1",0.170308917405818,NA
"1863","max.1.rNPQ.L2","rNPQ","6","L2","1",0.239749342281996,NA
"1864","range.1.rNPQ.L2","rNPQ","6","L2","1",0.069440424876178,NA
"1865","slope.1.rNPQ.L2","rNPQ","6","L2","1",-0.013181197427379,NA
"1866","mean.1.rqP.L2","rqP","7","L2","1",0.668362645759536,NA
"1867","min.1.rqP.L2","rqP","7","L2","1",0.65314137615401,NA
"1868","max.1.rqP.L2","rqP","7","L2","1",0.695441435867298,NA
"1869","range.1.rqP.L2","rqP","7","L2","1",0.042300059713288,NA
"1870","slope.1.rqP.L2","rqP","7","L2","1",-0.00801167048816413,NA
"1871","mean.1.rABQ.L2","rABQ","8","L2","1",0.00538867291556216,NA
"1872","min.1.rABQ.L2","rABQ","8","L2","1",-0.0307042919035543,NA
"1873","max.1.rABQ.L2","rABQ","8","L2","1",0.0661019778898513,NA
"1874","range.1.rABQ.L2","rABQ","8","L2","1",0.0968062697934056,NA
"1875","slope.1.rABQ.L2","rABQ","8","L2","1",-0.0099924382938926,NA
"1876","mean.1.rqm.L2","rqm","9","L2","1",0.612033129117388,NA
"1877","min.1.rqm.L2","rqm","9","L2","1",0.562233314991991,NA
"1878","max.1.rqm.L2","rqm","9","L2","1",0.672968514054467,NA
"1879","range.1.rqm.L2","rqm","9","L2","1",0.110735199062476,NA
"1880","slope.1.rqm.L2","rqm","9","L2","1",-0.0211089037122273,NA
"1881","mean.2.rQuant.L2","rQuant","1","L2","2",0.107568997281532,NA
"1882","min.2.rQuant.L2","rQuant","1","L2","2",0.0907027277782086,NA
"1883","max.2.rQuant.L2","rQuant","1","L2","2",0.120179282689126,NA
"1884","range.2.rQuant.L2","rQuant","1","L2","2",0.0294765549109174,NA
"1885","slope.2.rQuant.L2","rQuant","1","L2","2",0.00530981537440527,NA
"1886","mean.2.rSigma.L2","rSigma","2","L2","2",4.44021911833518,NA
"1887","min.2.rSigma.L2","rSigma","2","L2","2",4.10234831361029,NA
"1888","max.2.rSigma.L2","rSigma","2","L2","2",4.60794531140535,NA
"1889","range.2.rSigma.L2","rSigma","2","L2","2",0.505596997795061,NA
"1890","slope.2.rSigma.L2","rSigma","2","L2","2",0.0776797541561655,NA
"1891","mean.2.rConnect.L2","rConnect","3","L2","2",0.237305135428431,NA
"1892","min.2.rConnect.L2","rConnect","3","L2","2",0.179501143486412,NA
"1893","max.2.rConnect.L2","rConnect","3","L2","2",0.28851760255177,NA
"1894","range.2.rConnect.L2","rConnect","3","L2","2",0.109016459065358,NA
"1895","slope.2.rConnect.L2","rConnect","3","L2","2",0.00753223367307798,NA
"1896","mean.2.rTau1.L2","rTau1","4","L2","2",1591.47667076609,NA
"1897","min.2.rTau1.L2","rTau1","4","L2","2",1480.10860390945,NA
"1898","max.2.rTau1.L2","rTau1","4","L2","2",1676.43127117769,NA
"1899","range.2.rTau1.L2","rTau1","4","L2","2",196.32266726824,NA
"1900","slope.2.rTau1.L2","rTau1","4","L2","2",0.904652951853221,NA
"1901","mean.2.rTau2.L2","rTau2","5","L2","2",4738031.2062258,NA
"1902","min.2.rTau2.L2","rTau2","5","L2","2",3788927.29007437,NA
"1903","max.2.rTau2.L2","rTau2","5","L2","2",7926855.21706131,NA
"1904","range.2.rTau2.L2","rTau2","5","L2","2",4137927.92698694,NA
"1905","slope.2.rTau2.L2","rTau2","5","L2","2",-692715.36871578,NA
"1906","mean.2.rNPQ.L2","rNPQ","6","L2","2",0.252098253228168,NA
"1907","min.2.rNPQ.L2","rNPQ","6","L2","2",0.225899057666354,NA
"1908","max.2.rNPQ.L2","rNPQ","6","L2","2",0.291640064110498,NA
"1909","range.2.rNPQ.L2","rNPQ","6","L2","2",0.065741006444144,NA
"1910","slope.2.rNPQ.L2","rNPQ","6","L2","2",-0.0127414456868915,NA
"1911","mean.2.rqP.L2","rqP","7","L2","2",0.701518003013082,NA
"1912","min.2.rqP.L2","rqP","7","L2","2",0.685164686663439,NA
"1913","max.2.rqP.L2","rqP","7","L2","2",0.723152576834024,NA
"1914","range.2.rqP.L2","rqP","7","L2","2",0.037987890170585,NA
"1915","slope.2.rqP.L2","rqP","7","L2","2",-0.00731658017299728,NA
"1916","mean.2.rABQ.L2","rABQ","8","L2","2",0.0703354727368724,NA
"1917","min.2.rABQ.L2","rABQ","8","L2","2",0.0352180409537566,NA
"1918","max.2.rABQ.L2","rABQ","8","L2","2",0.141076689235294,NA
"1919","range.2.rABQ.L2","rABQ","8","L2","2",0.105858648281537,NA
"1920","slope.2.rABQ.L2","rABQ","8","L2","2",-0.0162640874247181,NA
"1921","mean.2.rqm.L2","rqm","9","L2","2",0.605678201649723,NA
"1922","min.2.rqm.L2","rqm","9","L2","2",0.559451960397159,NA
"1923","max.2.rqm.L2","rqm","9","L2","2",0.66750584613919,NA
"1924","range.2.rqm.L2","rqm","9","L2","2",0.108053885742031,NA
"1925","slope.2.rqm.L2","rqm","9","L2","2",-0.0194644925606543,NA
"1926","mean.3.rQuant.L2","rQuant","1","L2","3",0.110734248241503,NA
"1927","min.3.rQuant.L2","rQuant","1","L2","3",0.0936804842262144,NA
"1928","max.3.rQuant.L2","rQuant","1","L2","3",0.122594473480835,NA
"1929","range.3.rQuant.L2","rQuant","1","L2","3",0.0289139892546206,NA
"1930","slope.3.rQuant.L2","rQuant","1","L2","3",0.00554769959357888,NA
"1931","mean.3.rSigma.L2","rSigma","2","L2","3",4.03395887420309,NA
"1932","min.3.rSigma.L2","rSigma","2","L2","3",3.77814402897595,NA
"1933","max.3.rSigma.L2","rSigma","2","L2","3",4.2175494173306,NA
"1934","range.3.rSigma.L2","rSigma","2","L2","3",0.43940538835465,NA
"1935","slope.3.rSigma.L2","rSigma","2","L2","3",0.0624796670872494,NA
"1936","mean.3.rConnect.L2","rConnect","3","L2","3",0.264996067047656,NA
"1937","min.3.rConnect.L2","rConnect","3","L2","3",0.19747847568645,NA
"1938","max.3.rConnect.L2","rConnect","3","L2","3",0.36037617689451,NA
"1939","range.3.rConnect.L2","rConnect","3","L2","3",0.16289770120806,NA
"1940","slope.3.rConnect.L2","rConnect","3","L2","3",-0.0119484642252507,NA
"1941","mean.3.rTau1.L2","rTau1","4","L2","3",1200.73570009767,NA
"1942","min.3.rTau1.L2","rTau1","4","L2","3",1105.30600375633,NA
"1943","max.3.rTau1.L2","rTau1","4","L2","3",1264.11916129494,NA
"1944","range.3.rTau1.L2","rTau1","4","L2","3",158.81315753861,NA
"1945","slope.3.rTau1.L2","rTau1","4","L2","3",-15.4846292804841,NA
"1946","mean.3.rTau2.L2","rTau2","5","L2","3",4360844.59013852,NA
"1947","min.3.rTau2.L2","rTau2","5","L2","3",3306447.374396,NA
"1948","max.3.rTau2.L2","rTau2","5","L2","3",5138731.85106708,NA
"1949","range.3.rTau2.L2","rTau2","5","L2","3",1832284.47667108,NA
"1950","slope.3.rTau2.L2","rTau2","5","L2","3",-401311.040265234,NA
"1951","mean.3.rNPQ.L2","rNPQ","6","L2","3",0.258737102976302,NA
"1952","min.3.rNPQ.L2","rNPQ","6","L2","3",0.233316902812656,NA
"1953","max.3.rNPQ.L2","rNPQ","6","L2","3",0.29583002746547,NA
"1954","range.3.rNPQ.L2","rNPQ","6","L2","3",0.062513124652814,NA
"1955","slope.3.rNPQ.L2","rNPQ","6","L2","3",-0.0125309395189756,NA
"1956","mean.3.rqP.L2","rqP","7","L2","3",0.708098745996388,NA
"1957","min.3.rqP.L2","rqP","7","L2","3",0.693902295950313,NA
"1958","max.3.rqP.L2","rqP","7","L2","3",0.725326109328594,NA
"1959","range.3.rqP.L2","rqP","7","L2","3",0.0314238133782809,NA
"1960","slope.3.rqP.L2","rqP","7","L2","3",-0.00631077799268866,NA
"1961","mean.3.rABQ.L2","rABQ","8","L2","3",0.0861307660310874,NA
"1962","min.3.rABQ.L2","rABQ","8","L2","3",0.0445394275360933,NA
"1963","max.3.rABQ.L2","rABQ","8","L2","3",0.144084087801575,NA
"1964","range.3.rABQ.L2","rABQ","8","L2","3",0.0995446602654817,NA
"1965","slope.3.rABQ.L2","rABQ","8","L2","3",-0.0141543945489373,NA
"1966","mean.3.rqm.L2","rqm","9","L2","3",0.597941357794969,NA
"1967","min.3.rqm.L2","rqm","9","L2","3",0.554878744992722,NA
"1968","max.3.rqm.L2","rqm","9","L2","3",0.659860893199392,NA
"1969","range.3.rqm.L2","rqm","9","L2","3",0.10498214820667,NA
"1970","slope.3.rqm.L2","rqm","9","L2","3",-0.0201428248385379,NA
"1971","mean.4.rQuant.L2","rQuant","1","L2","4",0.115940134555931,NA
"1972","min.4.rQuant.L2","rQuant","1","L2","4",0.100369334121897,NA
"1973","max.4.rQuant.L2","rQuant","1","L2","4",0.126981160968793,NA
"1974","range.4.rQuant.L2","rQuant","1","L2","4",0.026611826846896,NA
"1975","slope.4.rQuant.L2","rQuant","1","L2","4",0.00548917857606967,NA
"1976","mean.4.rSigma.L2","rSigma","2","L2","4",3.92985420998507,NA
"1977","min.4.rSigma.L2","rSigma","2","L2","4",3.73648097444919,NA
"1978","max.4.rSigma.L2","rSigma","2","L2","4",4.08997971798657,NA
"1979","range.4.rSigma.L2","rSigma","2","L2","4",0.35349874353738,NA
"1980","slope.4.rSigma.L2","rSigma","2","L2","4",0.0425936069615719,NA
"1981","mean.4.rConnect.L2","rConnect","3","L2","4",0.306980195328064,NA
"1982","min.4.rConnect.L2","rConnect","3","L2","4",0.227076011559718,NA
"1983","max.4.rConnect.L2","rConnect","3","L2","4",0.401381179910901,NA
"1984","range.4.rConnect.L2","rConnect","3","L2","4",0.174305168351183,NA
"1985","slope.4.rConnect.L2","rConnect","3","L2","4",-0.0108712272287259,NA
"1986","mean.4.rTau1.L2","rTau1","4","L2","4",1014.74989366107,NA
"1987","min.4.rTau1.L2","rTau1","4","L2","4",841.543133935875,NA
"1988","max.4.rTau1.L2","rTau1","4","L2","4",1169.21236301792,NA
"1989","range.4.rTau1.L2","rTau1","4","L2","4",327.669229082045,NA
"1990","slope.4.rTau1.L2","rTau1","4","L2","4",-18.4091573394081,NA
"1991","mean.4.rTau2.L2","rTau2","5","L2","4",4521894.18248181,NA
"1992","min.4.rTau2.L2","rTau2","5","L2","4",3481600.80594292,NA
"1993","max.4.rTau2.L2","rTau2","5","L2","4",5701925.86198184,NA
"1994","range.4.rTau2.L2","rTau2","5","L2","4",2220325.05603892,NA
"1995","slope.4.rTau2.L2","rTau2","5","L2","4",-462829.807480641,NA
"1996","mean.4.rNPQ.L2","rNPQ","6","L2","4",0.291593116791934,NA
"1997","min.4.rNPQ.L2","rNPQ","6","L2","4",0.266179969328018,NA
"1998","max.4.rNPQ.L2","rNPQ","6","L2","4",0.325170956668209,NA
"1999","range.4.rNPQ.L2","rNPQ","6","L2","4",0.058990987340191,NA
"2000","slope.4.rNPQ.L2","rNPQ","6","L2","4",-0.0126062826227433,NA
"2001","mean.4.rqP.L2","rqP","7","L2","4",0.731579732335001,NA
"2002","min.4.rqP.L2","rqP","7","L2","4",0.714998441082762,NA
"2003","max.4.rqP.L2","rqP","7","L2","4",0.744713922825711,NA
"2004","range.4.rqP.L2","rqP","7","L2","4",0.029715481742949,NA
"2005","slope.4.rqP.L2","rqP","7","L2","4",-0.00562502252993969,NA
"2006","mean.4.rABQ.L2","rABQ","8","L2","4",-0.00461360948457247,NA
"2007","min.4.rABQ.L2","rABQ","8","L2","4",-0.0455475108377617,NA
"2008","max.4.rABQ.L2","rABQ","8","L2","4",0.0448196197776767,NA
"2009","range.4.rABQ.L2","rABQ","8","L2","4",0.0903671306154384,NA
"2010","slope.4.rABQ.L2","rABQ","8","L2","4",-0.0108884744685718,NA
"2011","mean.4.rqm.L2","rqm","9","L2","4",0.573234753523435,NA
"2012","min.4.rqm.L2","rqm","9","L2","4",0.532593724629631,NA
"2013","max.4.rqm.L2","rqm","9","L2","4",0.630549474698461,NA
"2014","range.4.rqm.L2","rqm","9","L2","4",0.0979557500688301,NA
"2015","slope.4.rqm.L2","rqm","9","L2","4",-0.0202051744802848,NA
"2016","mean.1.rQuant.L3","rQuant","1","L3","1",0.0559185812400434,NA
"2017","min.1.rQuant.L3","rQuant","1","L3","1",0.0488423574200873,NA
"2018","max.1.rQuant.L3","rQuant","1","L3","1",0.0619241668859752,NA
"2019","range.1.rQuant.L3","rQuant","1","L3","1",0.0130818094658879,NA
"2020","slope.1.rQuant.L3","rQuant","1","L3","1",0.00189697036147813,NA
"2021","mean.1.rSigma.L3","rSigma","2","L3","1",3.66032324232145,NA
"2022","min.1.rSigma.L3","rSigma","2","L3","1",3.36485676956567,NA
"2023","max.1.rSigma.L3","rSigma","2","L3","1",3.96311462362456,NA
"2024","range.1.rSigma.L3","rSigma","2","L3","1",0.59825785405889,NA
"2025","slope.1.rSigma.L3","rSigma","2","L3","1",0.0407366173210453,NA
"2026","mean.1.rConnect.L3","rConnect","3","L3","1",0.273333627696743,NA
"2027","min.1.rConnect.L3","rConnect","3","L3","1",0.206240387353397,NA
"2028","max.1.rConnect.L3","rConnect","3","L3","1",0.307997709979249,NA
"2029","range.1.rConnect.L3","rConnect","3","L3","1",0.101757322625852,NA
"2030","slope.1.rConnect.L3","rConnect","3","L3","1",-0.0108806407407716,NA
"2031","mean.1.rTau1.L3","rTau1","4","L3","1",1253.06438638249,NA
"2032","min.1.rTau1.L3","rTau1","4","L3","1",927.601719419729,NA
"2033","max.1.rTau1.L3","rTau1","4","L3","1",1641.34332604422,NA
"2034","range.1.rTau1.L3","rTau1","4","L3","1",713.741606624491,NA
"2035","slope.1.rTau1.L3","rTau1","4","L3","1",-75.7340328827681,NA
"2036","mean.1.rTau2.L3","rTau2","5","L3","1",10476251.2583636,NA
"2037","min.1.rTau2.L3","rTau2","5","L3","1",7866865.75567349,NA
"2038","max.1.rTau2.L3","rTau2","5","L3","1",17816628.5629722,NA
"2039","range.1.rTau2.L3","rTau2","5","L3","1",9949762.80729871,NA
"2040","slope.1.rTau2.L3","rTau2","5","L3","1",-744107.928836119,NA
"2041","mean.1.rNPQ.L3","rNPQ","6","L3","1",0.201555743965351,NA
"2042","min.1.rNPQ.L3","rNPQ","6","L3","1",0.124034733116224,NA
"2043","max.1.rNPQ.L3","rNPQ","6","L3","1",0.284419475370773,NA
"2044","range.1.rNPQ.L3","rNPQ","6","L3","1",0.160384742254549,NA
"2045","slope.1.rNPQ.L3","rNPQ","6","L3","1",0.0259840424840397,NA
"2046","mean.1.rqP.L3","rqP","7","L3","1",0.550289089672764,NA
"2047","min.1.rqP.L3","rqP","7","L3","1",0.397960113159929,NA
"2048","max.1.rqP.L3","rqP","7","L3","1",0.69772160290844,NA
"2049","range.1.rqP.L3","rqP","7","L3","1",0.299761489748511,NA
"2050","slope.1.rqP.L3","rqP","7","L3","1",0.0480425225495144,NA
"2051","mean.1.rABQ.L3","rABQ","8","L3","1",0.266676426820898,NA
"2052","min.1.rABQ.L3","rABQ","8","L3","1",0.206014009060163,NA
"2053","max.1.rABQ.L3","rABQ","8","L3","1",0.325871343556852,NA
"2054","range.1.rABQ.L3","rABQ","8","L3","1",0.119857334496689,NA
"2055","slope.1.rABQ.L3","rABQ","8","L3","1",-0.00816133434001104,NA
"2056","mean.1.rqm.L3","rqm","9","L3","1",0.804324630417604,NA
"2057","min.1.rqm.L3","rqm","9","L3","1",0.783309340602187,NA
"2058","max.1.rqm.L3","rqm","9","L3","1",0.829086394405745,NA
"2059","range.1.rqm.L3","rqm","9","L3","1",0.045777053803558,NA
"2060","slope.1.rqm.L3","rqm","9","L3","1",-0.00663805068615138,NA
"2061","mean.2.rQuant.L3","rQuant","1","L3","2",0.0536702327230755,NA
"2062","min.2.rQuant.L3","rQuant","1","L3","2",0.0489097090568783,NA
"2063","max.2.rQuant.L3","rQuant","1","L3","2",0.0593550907437408,NA
"2064","range.2.rQuant.L3","rQuant","1","L3","2",0.0104453816868625,NA
"2065","slope.2.rQuant.L3","rQuant","1","L3","2",0.0016663655938864,NA
"2066","mean.2.rSigma.L3","rSigma","2","L3","2",3.20385741244996,NA
"2067","min.2.rSigma.L3","rSigma","2","L3","2",3.05166520379203,NA
"2068","max.2.rSigma.L3","rSigma","2","L3","2",3.38529709185155,NA
"2069","range.2.rSigma.L3","rSigma","2","L3","2",0.33363188805952,NA
"2070","slope.2.rSigma.L3","rSigma","2","L3","2",0.0324868844758744,NA
"2071","mean.2.rConnect.L3","rConnect","3","L3","2",0.385523849476033,NA
"2072","min.2.rConnect.L3","rConnect","3","L3","2",0.273750686677877,NA
"2073","max.2.rConnect.L3","rConnect","3","L3","2",0.499928042730956,NA
"2074","range.2.rConnect.L3","rConnect","3","L3","2",0.226177356053079,NA
"2075","slope.2.rConnect.L3","rConnect","3","L3","2",-0.0259251119820026,NA
"2076","mean.2.rTau1.L3","rTau1","4","L3","2",1197.74429651749,NA
"2077","min.2.rTau1.L3","rTau1","4","L3","2",1008.14390405755,NA
"2078","max.2.rTau1.L3","rTau1","4","L3","2",1313.22729690374,NA
"2079","range.2.rTau1.L3","rTau1","4","L3","2",305.08339284619,NA
"2080","slope.2.rTau1.L3","rTau1","4","L3","2",16.4419944056683,NA
"2081","mean.2.rTau2.L3","rTau2","5","L3","2",9036723.15338067,NA
"2082","min.2.rTau2.L3","rTau2","5","L3","2",7214032.70990554,NA
"2083","max.2.rTau2.L3","rTau2","5","L3","2",11620251.5479984,NA
"2084","range.2.rTau2.L3","rTau2","5","L3","2",4406218.83809286,NA
"2085","slope.2.rTau2.L3","rTau2","5","L3","2",142552.317419109,NA
"2086","mean.2.rNPQ.L3","rNPQ","6","L3","2",0.26292590223856,NA
"2087","min.2.rNPQ.L3","rNPQ","6","L3","2",0.174224986248047,NA
"2088","max.2.rNPQ.L3","rNPQ","6","L3","2",0.355433001486685,NA
"2089","range.2.rNPQ.L3","rNPQ","6","L3","2",0.181208015238638,NA
"2090","slope.2.rNPQ.L3","rNPQ","6","L3","2",0.0296876343697047,NA
"2091","mean.2.rqP.L3","rqP","7","L3","2",0.608055979244803,NA
"2092","min.2.rqP.L3","rqP","7","L3","2",0.464231200101519,NA
"2093","max.2.rqP.L3","rqP","7","L3","2",0.747595645693778,NA
"2094","range.2.rqP.L3","rqP","7","L3","2",0.283364445592259,NA
"2095","slope.2.rqP.L3","rqP","7","L3","2",0.0462889837866909,NA
"2096","mean.2.rABQ.L3","rABQ","8","L3","2",0.32919693659611,NA
"2097","min.2.rABQ.L3","rABQ","8","L3","2",0.291208263226113,NA
"2098","max.2.rABQ.L3","rABQ","8","L3","2",0.361061962610448,NA
"2099","range.2.rABQ.L3","rABQ","8","L3","2",0.069853699384335,NA
"2100","slope.2.rABQ.L3","rABQ","8","L3","2",-0.00680189497266087,NA
"2101","mean.2.rqm.L3","rqm","9","L3","2",0.80325797190568,NA
"2102","min.2.rqm.L3","rqm","9","L3","2",0.782418664161574,NA
"2103","max.2.rqm.L3","rqm","9","L3","2",0.820708894574699,NA
"2104","range.2.rqm.L3","rqm","9","L3","2",0.038290230413125,NA
"2105","slope.2.rqm.L3","rqm","9","L3","2",-0.00610849124093412,NA
"2106","mean.3.rQuant.L3","rQuant","1","L3","3",0.0550148601695458,NA
"2107","min.3.rQuant.L3","rQuant","1","L3","3",0.0495193540290953,NA
"2108","max.3.rQuant.L3","rQuant","1","L3","3",0.0580152066763755,NA
"2109","range.3.rQuant.L3","rQuant","1","L3","3",0.0084958526472802,NA
"2110","slope.3.rQuant.L3","rQuant","1","L3","3",0.00114477378732672,NA
"2111","mean.3.rSigma.L3","rSigma","2","L3","3",3.1261746506919,NA
"2112","min.3.rSigma.L3","rSigma","2","L3","3",2.80774125890692,NA
"2113","max.3.rSigma.L3","rSigma","2","L3","3",3.3654200862137,NA
"2114","range.3.rSigma.L3","rSigma","2","L3","3",0.55767882730678,NA
"2115","slope.3.rSigma.L3","rSigma","2","L3","3",0.0383497644434022,NA
"2116","mean.3.rConnect.L3","rConnect","3","L3","3",0.343019626352528,NA
"2117","min.3.rConnect.L3","rConnect","3","L3","3",0.171981089298646,NA
"2118","max.3.rConnect.L3","rConnect","3","L3","3",0.493769262117367,NA
"2119","range.3.rConnect.L3","rConnect","3","L3","3",0.321788172818721,NA
"2120","slope.3.rConnect.L3","rConnect","3","L3","3",-0.009881840198443,NA
"2121","mean.3.rTau1.L3","rTau1","4","L3","3",1039.8961222988,NA
"2122","min.3.rTau1.L3","rTau1","4","L3","3",751.860624973478,NA
"2123","max.3.rTau1.L3","rTau1","4","L3","3",1334.07038049115,NA
"2124","range.3.rTau1.L3","rTau1","4","L3","3",582.209755517672,NA
"2125","slope.3.rTau1.L3","rTau1","4","L3","3",-51.9657624454548,NA
"2126","mean.3.rTau2.L3","rTau2","5","L3","3",9830342.97903125,NA
"2127","min.3.rTau2.L3","rTau2","5","L3","3",7625399.42183729,NA
"2128","max.3.rTau2.L3","rTau2","5","L3","3",11688526.0441166,NA
"2129","range.3.rTau2.L3","rTau2","5","L3","3",4063126.62227931,NA
"2130","slope.3.rTau2.L3","rTau2","5","L3","3",-24614.3901717613,NA
"2131","mean.3.rNPQ.L3","rNPQ","6","L3","3",0.265960067753999,NA
"2132","min.3.rNPQ.L3","rNPQ","6","L3","3",0.178223974827082,NA
"2133","max.3.rNPQ.L3","rNPQ","6","L3","3",0.361008352688636,NA
"2134","range.3.rNPQ.L3","rNPQ","6","L3","3",0.182784377861554,NA
"2135","slope.3.rNPQ.L3","rNPQ","6","L3","3",0.0306078311967074,NA
"2136","mean.3.rqP.L3","rqP","7","L3","3",0.607361636654895,NA
"2137","min.3.rqP.L3","rqP","7","L3","3",0.466423019897808,NA
"2138","max.3.rqP.L3","rqP","7","L3","3",0.74170364143454,NA
"2139","range.3.rqP.L3","rqP","7","L3","3",0.275280621536732,NA
"2140","slope.3.rqP.L3","rqP","7","L3","3",0.0457152369972426,NA
"2141","mean.3.rABQ.L3","rABQ","8","L3","3",0.291783847487732,NA
"2142","min.3.rABQ.L3","rABQ","8","L3","3",0.237584226294504,NA
"2143","max.3.rABQ.L3","rABQ","8","L3","3",0.363923026119826,NA
"2144","range.3.rABQ.L3","rABQ","8","L3","3",0.126338799825322,NA
"2145","slope.3.rABQ.L3","rABQ","8","L3","3",-0.0086879095567634,NA
"2146","mean.3.rqm.L3","rqm","9","L3","3",0.800249693910172,NA
"2147","min.3.rqm.L3","rqm","9","L3","3",0.789355907553762,NA
"2148","max.3.rqm.L3","rqm","9","L3","3",0.820203012527915,NA
"2149","range.3.rqm.L3","rqm","9","L3","3",0.0308471049741531,NA
"2150","slope.3.rqm.L3","rqm","9","L3","3",-0.0041564936040445,NA
"2151","mean.4.rQuant.L3","rQuant","1","L3","4",0.0594430984524212,NA
"2152","min.4.rQuant.L3","rQuant","1","L3","4",0.0520086589261196,NA
"2153","max.4.rQuant.L3","rQuant","1","L3","4",0.0661065231655121,NA
"2154","range.4.rQuant.L3","rQuant","1","L3","4",0.0140978642393925,NA
"2155","slope.4.rQuant.L3","rQuant","1","L3","4",0.00159567575110863,NA
"2156","mean.4.rSigma.L3","rSigma","2","L3","4",3.02152838037912,NA
"2157","min.4.rSigma.L3","rSigma","2","L3","4",2.80827128337458,NA
"2158","max.4.rSigma.L3","rSigma","2","L3","4",3.28148431645438,NA
"2159","range.4.rSigma.L3","rSigma","2","L3","4",0.4732130330798,NA
"2160","slope.4.rSigma.L3","rSigma","2","L3","4",0.0123840450116709,NA
"2161","mean.4.rConnect.L3","rConnect","3","L3","4",0.393250831132594,NA
"2162","min.4.rConnect.L3","rConnect","3","L3","4",0.309423758606489,NA
"2163","max.4.rConnect.L3","rConnect","3","L3","4",0.527072481138162,NA
"2164","range.4.rConnect.L3","rConnect","3","L3","4",0.217648722531673,NA
"2165","slope.4.rConnect.L3","rConnect","3","L3","4",0.0119260510679462,NA
"2166","mean.4.rTau1.L3","rTau1","4","L3","4",908.758200437657,NA
"2167","min.4.rTau1.L3","rTau1","4","L3","4",763.949327966349,NA
"2168","max.4.rTau1.L3","rTau1","4","L3","4",1043.46446566644,NA
"2169","range.4.rTau1.L3","rTau1","4","L3","4",279.515137700091,NA
"2170","slope.4.rTau1.L3","rTau1","4","L3","4",10.6280338845229,NA
"2171","mean.4.rTau2.L3","rTau2","5","L3","4",9290096.30553175,NA
"2172","min.4.rTau2.L3","rTau2","5","L3","4",6247403.27122216,NA
"2173","max.4.rTau2.L3","rTau2","5","L3","4",11723254.8426573,NA
"2174","range.4.rTau2.L3","rTau2","5","L3","4",5475851.57143514,NA
"2175","slope.4.rTau2.L3","rTau2","5","L3","4",-24171.5110797274,NA
"2176","mean.4.rNPQ.L3","rNPQ","6","L3","4",0.29321212777852,NA
"2177","min.4.rNPQ.L3","rNPQ","6","L3","4",0.205708557616078,NA
"2178","max.4.rNPQ.L3","rNPQ","6","L3","4",0.392145214321293,NA
"2179","range.4.rNPQ.L3","rNPQ","6","L3","4",0.186436656705215,NA
"2180","slope.4.rNPQ.L3","rNPQ","6","L3","4",0.0297796906746755,NA
"2181","mean.4.rqP.L3","rqP","7","L3","4",0.628566415305176,NA
"2182","min.4.rqP.L3","rqP","7","L3","4",0.504812889736203,NA
"2183","max.4.rqP.L3","rqP","7","L3","4",0.753089453085247,NA
"2184","range.4.rqP.L3","rqP","7","L3","4",0.248276563349044,NA
"2185","slope.4.rqP.L3","rqP","7","L3","4",0.0416055574123635,NA
"2186","mean.4.rABQ.L3","rABQ","8","L3","4",0.227587495571681,NA
"2187","min.4.rABQ.L3","rABQ","8","L3","4",0.161133307377125,NA
"2188","max.4.rABQ.L3","rABQ","8","L3","4",0.28210376272113,NA
"2189","range.4.rABQ.L3","rABQ","8","L3","4",0.120970455344005,NA
"2190","slope.4.rABQ.L3","rABQ","8","L3","4",-0.00316581213816635,NA
"2191","mean.4.rqm.L3","rqm","9","L3","4",0.781195280999607,NA
"2192","min.4.rqm.L3","rqm","9","L3","4",0.756667811707354,NA
"2193","max.4.rqm.L3","rqm","9","L3","4",0.808560786732453,NA
"2194","range.4.rqm.L3","rqm","9","L3","4",0.051892975025099,NA
"2195","slope.4.rqm.L3","rqm","9","L3","4",-0.00587353945919419,NA
"2196","mean.1.rQuant.R1","rQuant","1","R1","1",0.19297819004916,NA
"2197","min.1.rQuant.R1","rQuant","1","R1","1",0.184767370535703,NA
"2198","max.1.rQuant.R1","rQuant","1","R1","1",0.200725900596822,NA
"2199","range.1.rQuant.R1","rQuant","1","R1","1",0.015958530061119,NA
"2200","slope.1.rQuant.R1","rQuant","1","R1","1",0.00407464034239011,NA
"2201","mean.1.rSigma.R1","rSigma","2","R1","1",5.0296787281408,NA
"2202","min.1.rSigma.R1","rSigma","2","R1","1",4.84942635157018,NA
"2203","max.1.rSigma.R1","rSigma","2","R1","1",5.15526660106533,NA
"2204","range.1.rSigma.R1","rSigma","2","R1","1",0.30584024949515,NA
"2205","slope.1.rSigma.R1","rSigma","2","R1","1",0.0601038643236901,NA
"2206","mean.1.rConnect.R1","rConnect","3","R1","1",0.187620055377452,NA
"2207","min.1.rConnect.R1","rConnect","3","R1","1",0.169523771394495,NA
"2208","max.1.rConnect.R1","rConnect","3","R1","1",0.201093007049284,NA
"2209","range.1.rConnect.R1","rConnect","3","R1","1",0.031569235654789,NA
"2210","slope.1.rConnect.R1","rConnect","3","R1","1",-0.000125388906841978,NA
"2211","mean.1.rTau1.R1","rTau1","4","R1","1",1306.2428719491,NA
"2212","min.1.rTau1.R1","rTau1","4","R1","1",1192.68507974284,NA
"2213","max.1.rTau1.R1","rTau1","4","R1","1",1388.48241351967,NA
"2214","range.1.rTau1.R1","rTau1","4","R1","1",195.79733377683,NA
"2215","slope.1.rTau1.R1","rTau1","4","R1","1",4.51869182883197,NA
"2216","mean.1.rTau2.R1","rTau2","5","R1","1",1804103.13609557,NA
"2217","min.1.rTau2.R1","rTau2","5","R1","1",1686548.60446884,NA
"2218","max.1.rTau2.R1","rTau2","5","R1","1",1960555.44411479,NA
"2219","range.1.rTau2.R1","rTau2","5","R1","1",274006.83964595,NA
"2220","slope.1.rTau2.R1","rTau2","5","R1","1",-58281.503928764,NA
"2221","mean.1.rNPQ.R1","rNPQ","6","R1","1",0.290122881037974,NA
"2222","min.1.rNPQ.R1","rNPQ","6","R1","1",0.273197804767052,NA
"2223","max.1.rNPQ.R1","rNPQ","6","R1","1",0.328762154368103,NA
"2224","range.1.rNPQ.R1","rNPQ","6","R1","1",0.055564349601051,NA
"2225","slope.1.rNPQ.R1","rNPQ","6","R1","1",-0.0124292561206336,NA
"2226","mean.1.rqP.R1","rqP","7","R1","1",0.968689959527031,NA
"2227","min.1.rqP.R1","rqP","7","R1","1",0.955777464461556,NA
"2228","max.1.rqP.R1","rqP","7","R1","1",1,NA
"2229","range.1.rqP.R1","rqP","7","R1","1",0.044222535538444,NA
"2230","slope.1.rqP.R1","rqP","7","R1","1",-0.00725674823943777,NA
"2231","mean.1.rABQ.R1","rABQ","8","R1","1",-0.00766564390195195,NA
"2232","min.1.rABQ.R1","rABQ","8","R1","1",-0.0328264129444618,NA
"2233","max.1.rABQ.R1","rABQ","8","R1","1",0.0284468270766924,NA
"2234","range.1.rABQ.R1","rABQ","8","R1","1",0.0612732400211542,NA
"2235","slope.1.rABQ.R1","rABQ","8","R1","1",-0.0120414448751707,NA
"2236","mean.1.rqm.R1","rqm","9","R1","1",0.32471322015283,NA
"2237","min.1.rqm.R1","rqm","9","R1","1",0.297601728923766,NA
"2238","max.1.rqm.R1","rqm","9","R1","1",0.353445264264843,NA
"2239","range.1.rqm.R1","rqm","9","R1","1",0.055843535341077,NA
"2240","slope.1.rqm.R1","rqm","9","R1","1",-0.0142583509315071,NA
"2241","mean.2.rQuant.R1","rQuant","1","R1","2",0.182547356072437,NA
"2242","min.2.rQuant.R1","rQuant","1","R1","2",0.174430926770928,NA
"2243","max.2.rQuant.R1","rQuant","1","R1","2",0.188374604257,NA
"2244","range.2.rQuant.R1","rQuant","1","R1","2",0.013943677486072,NA
"2245","slope.2.rQuant.R1","rQuant","1","R1","2",0.0033259866855556,NA
"2246","mean.2.rSigma.R1","rSigma","2","R1","2",4.93751604896915,NA
"2247","min.2.rSigma.R1","rSigma","2","R1","2",4.69538934090824,NA
"2248","max.2.rSigma.R1","rSigma","2","R1","2",5.19624698217294,NA
"2249","range.2.rSigma.R1","rSigma","2","R1","2",0.5008576412647,NA
"2250","slope.2.rSigma.R1","rSigma","2","R1","2",0.135296570444217,NA
"2251","mean.2.rConnect.R1","rConnect","3","R1","2",0.229957958047136,NA
"2252","min.2.rConnect.R1","rConnect","3","R1","2",0.207997173350799,NA
"2253","max.2.rConnect.R1","rConnect","3","R1","2",0.258293103150082,NA
"2254","range.2.rConnect.R1","rConnect","3","R1","2",0.050295929799283,NA
"2255","slope.2.rConnect.R1","rConnect","3","R1","2",0.0110409141058727,NA
"2256","mean.2.rTau1.R1","rTau1","4","R1","2",1554.03281930163,NA
"2257","min.2.rTau1.R1","rTau1","4","R1","2",1490.79491698849,NA
"2258","max.2.rTau1.R1","rTau1","4","R1","2",1642.94394624833,NA
"2259","range.2.rTau1.R1","rTau1","4","R1","2",152.14902925984,NA
"2260","slope.2.rTau1.R1","rTau1","4","R1","2",25.0759774972699,NA
"2261","mean.2.rTau2.R1","rTau2","5","R1","2",2013209.36293911,NA
"2262","min.2.rTau2.R1","rTau2","5","R1","2",1832767.45252192,NA
"2263","max.2.rTau2.R1","rTau2","5","R1","2",2229896.27996703,NA
"2264","range.2.rTau2.R1","rTau2","5","R1","2",397128.82744511,NA
"2265","slope.2.rTau2.R1","rTau2","5","R1","2",-103755.996083897,NA
"2266","mean.2.rNPQ.R1","rNPQ","6","R1","2",0.351424485639648,NA
"2267","min.2.rNPQ.R1","rNPQ","6","R1","2",0.333432842835432,NA
"2268","max.2.rNPQ.R1","rNPQ","6","R1","2",0.397700005107925,NA
"2269","range.2.rNPQ.R1","rNPQ","6","R1","2",0.064267162272493,NA
"2270","slope.2.rNPQ.R1","rNPQ","6","R1","2",-0.013679989936183,NA
"2271","mean.2.rqP.R1","rqP","7","R1","2",0.964962158388937,NA
"2272","min.2.rqP.R1","rqP","7","R1","2",0.954731941809315,NA
"2273","max.2.rqP.R1","rqP","7","R1","2",1,NA
"2274","range.2.rqP.R1","rqP","7","R1","2",0.045268058190685,NA
"2275","slope.2.rqP.R1","rqP","7","R1","2",-0.00873728468782774,NA
"2276","mean.2.rABQ.R1","rABQ","8","R1","2",-0.033785360854011,NA
"2277","min.2.rABQ.R1","rABQ","8","R1","2",-0.0879567799427681,NA
"2278","max.2.rABQ.R1","rABQ","8","R1","2",0.0169095723437049,NA
"2279","range.2.rABQ.R1","rABQ","8","R1","2",0.104866352286473,NA
"2280","slope.2.rABQ.R1","rABQ","8","R1","2",-0.0283275259283838,NA
"2281","mean.2.rqm.R1","rqm","9","R1","2",0.330825762536599,NA
"2282","min.2.rqm.R1","rqm","9","R1","2",0.30946448706095,NA
"2283","max.2.rqm.R1","rqm","9","R1","2",0.360578619579394,NA
"2284","range.2.rqm.R1","rqm","9","R1","2",0.051114132518444,NA
"2285","slope.2.rqm.R1","rqm","9","R1","2",-0.0121922587760569,NA
"2286","mean.3.rQuant.R1","rQuant","1","R1","3",0.184575852378857,NA
"2287","min.3.rQuant.R1","rQuant","1","R1","3",0.178729427752367,NA
"2288","max.3.rQuant.R1","rQuant","1","R1","3",0.19152856400644,NA
"2289","range.3.rQuant.R1","rQuant","1","R1","3",0.012799136254073,NA
"2290","slope.3.rQuant.R1","rQuant","1","R1","3",0.00289830001223071,NA
"2291","mean.3.rSigma.R1","rSigma","2","R1","3",4.43736372658966,NA
"2292","min.3.rSigma.R1","rSigma","2","R1","3",4.17207777710873,NA
"2293","max.3.rSigma.R1","rSigma","2","R1","3",4.57675269073321,NA
"2294","range.3.rSigma.R1","rSigma","2","R1","3",0.40467491362448,NA
"2295","slope.3.rSigma.R1","rSigma","2","R1","3",0.0930878740919404,NA
"2296","mean.3.rConnect.R1","rConnect","3","R1","3",0.230919467682822,NA
"2297","min.3.rConnect.R1","rConnect","3","R1","3",0.221167435312197,NA
"2298","max.3.rConnect.R1","rConnect","3","R1","3",0.246579500353482,NA
"2299","range.3.rConnect.R1","rConnect","3","R1","3",0.025412065041285,NA
"2300","slope.3.rConnect.R1","rConnect","3","R1","3",-0.0015238076388348,NA
"2301","mean.3.rTau1.R1","rTau1","4","R1","3",1146.09134564197,NA
"2302","min.3.rTau1.R1","rTau1","4","R1","3",1105.61071493329,NA
"2303","max.3.rTau1.R1","rTau1","4","R1","3",1207.20599543809,NA
"2304","range.3.rTau1.R1","rTau1","4","R1","3",101.5952805048,NA
"2305","slope.3.rTau1.R1","rTau1","4","R1","3",14.583003168491,NA
"2306","mean.3.rTau2.R1","rTau2","5","R1","3",1987297.93909369,NA
"2307","min.3.rTau2.R1","rTau2","5","R1","3",1782901.97207632,NA
"2308","max.3.rTau2.R1","rTau2","5","R1","3",2196848.09052199,NA
"2309","range.3.rTau2.R1","rTau2","5","R1","3",413946.11844567,NA
"2310","slope.3.rTau2.R1","rTau2","5","R1","3",-59617.8628602811,NA
"2311","mean.3.rNPQ.R1","rNPQ","6","R1","3",0.362810082742338,NA
"2312","min.3.rNPQ.R1","rNPQ","6","R1","3",0.343922528068235,NA
"2313","max.3.rNPQ.R1","rNPQ","6","R1","3",0.402484247572023,NA
"2314","range.3.rNPQ.R1","rNPQ","6","R1","3",0.058561719503788,NA
"2315","slope.3.rNPQ.R1","rNPQ","6","R1","3",-0.0123247324065273,NA
"2316","mean.3.rqP.R1","rqP","7","R1","3",0.968990942364357,NA
"2317","min.3.rqP.R1","rqP","7","R1","3",0.959881568776346,NA
"2318","max.3.rqP.R1","rqP","7","R1","3",1,NA
"2319","range.3.rqP.R1","rqP","7","R1","3",0.040118431223654,NA
"2320","slope.3.rqP.R1","rqP","7","R1","3",-0.00777218491797835,NA
"2321","mean.3.rABQ.R1","rABQ","8","R1","3",-0.00525818832524248,NA
"2322","min.3.rABQ.R1","rABQ","8","R1","3",-0.0368359237107445,NA
"2323","max.3.rABQ.R1","rABQ","8","R1","3",0.0548407554159104,NA
"2324","range.3.rABQ.R1","rABQ","8","R1","3",0.0916766791266549,NA
"2325","slope.3.rABQ.R1","rABQ","8","R1","3",-0.0210885006121936,NA
"2326","mean.3.rqm.R1","rqm","9","R1","3",0.329834104897405,NA
"2327","min.3.rqm.R1","rqm","9","R1","3",0.304589902304071,NA
"2328","max.3.rqm.R1","rqm","9","R1","3",0.351061553355395,NA
"2329","range.3.rqm.R1","rqm","9","R1","3",0.046471651051324,NA
"2330","slope.3.rqm.R1","rqm","9","R1","3",-0.010523271581516,NA
"2331","mean.4.rQuant.R1","rQuant","1","R1","4",0.189843217301334,NA
"2332","min.4.rQuant.R1","rQuant","1","R1","4",0.180196154950048,NA
"2333","max.4.rQuant.R1","rQuant","1","R1","4",0.197698021342431,NA
"2334","range.4.rQuant.R1","rQuant","1","R1","4",0.017501866392383,NA
"2335","slope.4.rQuant.R1","rQuant","1","R1","4",0.00412827986640049,NA
"2336","mean.4.rSigma.R1","rSigma","2","R1","4",4.19605597132864,NA
"2337","min.4.rSigma.R1","rSigma","2","R1","4",3.91774400958784,NA
"2338","max.4.rSigma.R1","rSigma","2","R1","4",4.52600137905247,NA
"2339","range.4.rSigma.R1","rSigma","2","R1","4",0.60825736946463,NA
"2340","slope.4.rSigma.R1","rSigma","2","R1","4",0.13197896710281,NA
"2341","mean.4.rConnect.R1","rConnect","3","R1","4",0.268851215735754,NA
"2342","min.4.rConnect.R1","rConnect","3","R1","4",0.214528481071925,NA
"2343","max.4.rConnect.R1","rConnect","3","R1","4",0.30537311609357,NA
"2344","range.4.rConnect.R1","rConnect","3","R1","4",0.090844635021645,NA
"2345","slope.4.rConnect.R1","rConnect","3","R1","4",-0.0156688384778353,NA
"2346","mean.4.rTau1.R1","rTau1","4","R1","4",1009.73158059561,NA
"2347","min.4.rTau1.R1","rTau1","4","R1","4",950.292704596197,NA
"2348","max.4.rTau1.R1","rTau1","4","R1","4",1092.14428282553,NA
"2349","range.4.rTau1.R1","rTau1","4","R1","4",141.851578229333,NA
"2350","slope.4.rTau1.R1","rTau1","4","R1","4",19.867620833391,NA
"2351","mean.4.rTau2.R1","rTau2","5","R1","4",2246971.70370637,NA
"2352","min.4.rTau2.R1","rTau2","5","R1","4",1928652.0013535,NA
"2353","max.4.rTau2.R1","rTau2","5","R1","4",2713872.1536979,NA
"2354","range.4.rTau2.R1","rTau2","5","R1","4",785220.1523444,NA
"2355","slope.4.rTau2.R1","rTau2","5","R1","4",-136130.832618027,NA
"2356","mean.4.rNPQ.R1","rNPQ","6","R1","4",0.402570219580159,NA
"2357","min.4.rNPQ.R1","rNPQ","6","R1","4",0.386403361530111,NA
"2358","max.4.rNPQ.R1","rNPQ","6","R1","4",0.441288034973774,NA
"2359","range.4.rNPQ.R1","rNPQ","6","R1","4",0.054884673443663,NA
"2360","slope.4.rNPQ.R1","rNPQ","6","R1","4",-0.012433270900667,NA
"2361","mean.4.rqP.R1","rqP","7","R1","4",0.979394768377937,NA
"2362","min.4.rqP.R1","rqP","7","R1","4",0.971301267796932,NA
"2363","max.4.rqP.R1","rqP","7","R1","4",1,NA
"2364","range.4.rqP.R1","rqP","7","R1","4",0.028698732203068,NA
"2365","slope.4.rqP.R1","rqP","7","R1","4",-0.0049502543301575,NA
"2366","mean.4.rABQ.R1","rABQ","8","R1","4",-0.0726644576903469,NA
"2367","min.4.rABQ.R1","rABQ","8","R1","4",-0.157010499368966,NA
"2368","max.4.rABQ.R1","rABQ","8","R1","4",-0.00151780198572782,NA
"2369","range.4.rABQ.R1","rABQ","8","R1","4",0.155492697383238,NA
"2370","slope.4.rABQ.R1","rABQ","8","R1","4",-0.0337386222064721,NA
"2371","mean.4.rqm.R1","rqm","9","R1","4",0.301204128028476,NA
"2372","min.4.rqm.R1","rqm","9","R1","4",0.272291298183459,NA
"2373","max.4.rqm.R1","rqm","9","R1","4",0.336714100117867,NA
"2374","range.4.rqm.R1","rqm","9","R1","4",0.064422801934408,NA
"2375","slope.4.rqm.R1","rqm","9","R1","4",-0.015195828273416,NA
"2376","mean.All.rQuant.All","rQuant","1","All","All",0.100291987883936,NA
"2377","min.All.rQuant.All","rQuant","1","All","All",0.0293377542776192,NA
"2378","max.All.rQuant.All","rQuant","1","All","All",0.285772201986295,NA
"2379","range.All.rQuant.All","rQuant","1","All","All",0.256434447708676,NA
"2380","slope.All.rQuant.All","rQuant","1","All","All",0.00276014100443863,NA
"2381","mean.All.rSigma.All","rSigma","2","All","All",3.78321739038406,NA
"2382","min.All.rSigma.All","rSigma","2","All","All",2.00334565773341,NA
"2383","max.All.rSigma.All","rSigma","2","All","All",5.19624698217294,NA
"2384","range.All.rSigma.All","rSigma","2","All","All",3.19290132443953,NA
"2385","slope.All.rSigma.All","rSigma","2","All","All",0.0415452031541664,NA
"2386","mean.All.rConnect.All","rConnect","3","All","All",0.322253274950968,NA
"2387","min.All.rConnect.All","rConnect","3","All","All",0.111840605448697,NA
"2388","max.All.rConnect.All","rConnect","3","All","All",0.706379254962153,NA
"2389","range.All.rConnect.All","rConnect","3","All","All",0.594538649513456,NA
"2390","slope.All.rConnect.All","rConnect","3","All","All",-0.00686520986735412,NA
"2391","mean.All.rTau1.All","rTau1","4","All","All",1312.61283807882,NA
"2392","min.All.rTau1.All","rTau1","4","All","All",542.499878985569,NA
"2393","max.All.rTau1.All","rTau1","4","All","All",4791.82010784726,NA
"2394","range.All.rTau1.All","rTau1","4","All","All",4249.32022886169,NA
"2395","slope.All.rTau1.All","rTau1","4","All","All",-21.0413300856391,NA
"2396","mean.All.rTau2.All","rTau2","5","All","All",6733071.90374049,NA
"2397","min.All.rTau2.All","rTau2","5","All","All",1348034.61481423,NA
"2398","max.All.rTau2.All","rTau2","5","All","All",20130717.1039966,NA
"2399","range.All.rTau2.All","rTau2","5","All","All",18782682.4891824,NA
"2400","slope.All.rTau2.All","rTau2","5","All","All",-162127.351636343,NA
"2401","mean.All.rNPQ.All","rNPQ","6","All","All",0.261457493011332,NA
"2402","min.All.rNPQ.All","rNPQ","6","All","All",-0.0238965576488502,NA
"2403","max.All.rNPQ.All","rNPQ","6","All","All",0.633105228952083,NA
"2404","range.All.rNPQ.All","rNPQ","6","All","All",0.657001786600933,NA
"2405","slope.All.rNPQ.All","rNPQ","6","All","All",0.00529570403577146,NA
"2406","mean.All.rqP.All","rqP","7","All","All",0.676749676059327,NA
"2407","min.All.rqP.All","rqP","7","All","All",0.0400710314233611,NA
"2408","max.All.rqP.All","rqP","7","All","All",1.33578828738922,NA
"2409","range.All.rqP.All","rqP","7","All","All",1.29571725596586,NA
"2410","slope.All.rqP.All","rqP","7","All","All",0.0149741500575309,NA
"2411","mean.All.rABQ.All","rABQ","8","All","All",0.16148773036472,NA
"2412","min.All.rABQ.All","rABQ","8","All","All",-0.157010499368966,NA
"2413","max.All.rABQ.All","rABQ","8","All","All",0.544343904501657,NA
"2414","range.All.rABQ.All","rABQ","8","All","All",0.701354403870623,NA
"2415","slope.All.rABQ.All","rABQ","8","All","All",-0.0091491004840663,NA
"2416","mean.All.rqm.All","rqm","9","All","All",0.637069235586388,NA
"2417","min.All.rqm.All","rqm","9","All","All",0,NA
"2418","max.All.rqm.All","rqm","9","All","All",0.892454923642804,NA
"2419","range.All.rqm.All","rqm","9","All","All",0.892454923642804,NA
"2420","slope.All.rqm.All","rqm","9","All","All",-0.00998785814758634,NA
"2421","mean.All.rQuant.L1","rQuant","1","L1","All",0.0477134949910382,NA
"2422","min.All.rQuant.L1","rQuant","1","L1","All",0.0293377542776192,NA
"2423","max.All.rQuant.L1","rQuant","1","L1","All",0.0636481578365612,NA
"2424","range.All.rQuant.L1","rQuant","1","L1","All",0.034310403558942,NA
"2425","slope.All.rQuant.L1","rQuant","1","L1","All",0.00458800820847753,NA
"2426","mean.All.rSigma.L1","rSigma","2","L1","All",3.10941120509614,NA
"2427","min.All.rSigma.L1","rSigma","2","L1","All",2.00334565773341,NA
"2428","max.All.rSigma.L1","rSigma","2","L1","All",4.01354670478066,NA
"2429","range.All.rSigma.L1","rSigma","2","L1","All",2.01020104704725,NA
"2430","slope.All.rSigma.L1","rSigma","2","L1","All",0.239222365627164,NA
"2431","mean.All.rConnect.L1","rConnect","3","L1","All",0.410355895882319,NA
"2432","min.All.rConnect.L1","rConnect","3","L1","All",0.111840605448697,NA
"2433","max.All.rConnect.L1","rConnect","3","L1","All",0.706379254962153,NA
"2434","range.All.rConnect.L1","rConnect","3","L1","All",0.594538649513456,NA
"2435","slope.All.rConnect.L1","rConnect","3","L1","All",-0.0581301684317249,NA
"2436","mean.All.rTau1.L1","rTau1","4","L1","All",1652.17372587308,NA
"2437","min.All.rTau1.L1","rTau1","4","L1","All",717.872717448062,NA
"2438","max.All.rTau1.L1","rTau1","4","L1","All",4791.82010784726,NA
"2439","range.All.rTau1.L1","rTau1","4","L1","All",4073.9473903992,NA
"2440","slope.All.rTau1.L1","rTau1","4","L1","All",-303.927397022572,NA
"2441","mean.All.rTau2.L1","rTau2","5","L1","All",9864748.62412119,NA
"2442","min.All.rTau2.L1","rTau2","5","L1","All",6202579.41082961,NA
"2443","max.All.rTau2.L1","rTau2","5","L1","All",20130717.1039966,NA
"2444","range.All.rTau2.L1","rTau2","5","L1","All",13928137.693167,NA
"2445","slope.All.rTau2.L1","rTau2","5","L1","All",613462.36781715,NA
"2446","mean.All.rNPQ.L1","rNPQ","6","L1","All",0.16895333105191,NA
"2447","min.All.rNPQ.L1","rNPQ","6","L1","All",-0.0238965576488502,NA
"2448","max.All.rNPQ.L1","rNPQ","6","L1","All",0.311146855469029,NA
"2449","range.All.rNPQ.L1","rNPQ","6","L1","All",0.335043413117879,NA
"2450","slope.All.rNPQ.L1","rNPQ","6","L1","All",0.0460938322410299,NA
"2451","mean.All.rqP.L1","rqP","7","L1","All",0.432903175684858,NA
"2452","min.All.rqP.L1","rqP","7","L1","All",0.0400710314233611,NA
"2453","max.All.rqP.L1","rqP","7","L1","All",0.66292311514584,NA
"2454","range.All.rqP.L1","rqP","7","L1","All",0.622852083722479,NA
"2455","slope.All.rqP.L1","rqP","7","L1","All",0.0918962175996442,NA
"2456","mean.All.rABQ.L1","rABQ","8","L1","All",0.308622551902143,NA
"2457","min.All.rABQ.L1","rABQ","8","L1","All",0.0312788664543739,NA
"2458","max.All.rABQ.L1","rABQ","8","L1","All",0.544343904501657,NA
"2459","range.All.rABQ.L1","rABQ","8","L1","All",0.513065038047283,NA
"2460","slope.All.rABQ.L1","rABQ","8","L1","All",-0.0539441186317426,NA
"2461","mean.All.rqm.L1","rqm","9","L1","All",0.827349883205832,NA
"2462","min.All.rqm.L1","rqm","9","L1","All",0.765716834201226,NA
"2463","max.All.rqm.L1","rqm","9","L1","All",0.892454923642804,NA
"2464","range.All.rqm.L1","rqm","9","L1","All",0.126738089441578,NA
"2465","slope.All.rqm.L1","rqm","9","L1","All",-0.0166306529994253,NA
"2466","mean.All.rQuant.L2","rQuant","1","L2","All",0.111278381767206,NA
"2467","min.All.rQuant.L2","rQuant","1","L2","All",0.0907027277782086,NA
"2468","max.All.rQuant.L2","rQuant","1","L2","All",0.126981160968793,NA
"2469","range.All.rQuant.L2","rQuant","1","L2","All",0.0362784331905844,NA
"2470","slope.All.rQuant.L2","rQuant","1","L2","All",0.00559475785985345,NA
"2471","mean.All.rSigma.L2","rSigma","2","L2","All",4.34213785020234,NA
"2472","min.All.rSigma.L2","rSigma","2","L2","All",3.73648097444919,NA
"2473","max.All.rSigma.L2","rSigma","2","L2","All",5.14467421149386,NA
"2474","range.All.rSigma.L2","rSigma","2","L2","All",1.40819323704467,NA
"2475","slope.All.rSigma.L2","rSigma","2","L2","All",0.0581573619158412,NA
"2476","mean.All.rConnect.L2","rConnect","3","L2","All",0.271457153743494,NA
"2477","min.All.rConnect.L2","rConnect","3","L2","All",0.179501143486412,NA
"2478","max.All.rConnect.L2","rConnect","3","L2","All",0.401381179910901,NA
"2479","range.All.rConnect.L2","rConnect","3","L2","All",0.221880036424489,NA
"2480","slope.All.rConnect.L2","rConnect","3","L2","All",-0.00590154903029243,NA
"2481","mean.All.rTau1.L2","rTau1","4","L2","All",1312.66953981872,NA
"2482","min.All.rTau1.L2","rTau1","4","L2","All",841.543133935875,NA
"2483","max.All.rTau1.L2","rTau1","4","L2","All",1676.43127117769,NA
"2484","range.All.rTau1.L2","rTau1","4","L2","All",834.888137241815,NA
"2485","slope.All.rTau1.L2","rTau1","4","L2","All",-18.1015328930345,NA
"2486","mean.All.rTau2.L2","rTau2","5","L2","All",4450636.52169371,NA
"2487","min.All.rTau2.L2","rTau2","5","L2","All",3306447.374396,NA
"2488","max.All.rTau2.L2","rTau2","5","L2","All",7926855.21706131,NA
"2489","range.All.rTau2.L2","rTau2","5","L2","All",4620407.84266531,NA
"2490","slope.All.rTau2.L2","rTau2","5","L2","All",-419163.924883167,NA
"2491","mean.All.rNPQ.L2","rNPQ","6","L2","All",0.250344855055795,NA
"2492","min.All.rNPQ.L2","rNPQ","6","L2","All",0.170308917405818,NA
"2493","max.All.rNPQ.L2","rNPQ","6","L2","All",0.325170956668209,NA
"2494","range.All.rNPQ.L2","rNPQ","6","L2","All",0.154862039262391,NA
"2495","slope.All.rNPQ.L2","rNPQ","6","L2","All",-0.0127649663139974,NA
"2496","mean.All.rqP.L2","rqP","7","L2","All",0.702389781776002,NA
"2497","min.All.rqP.L2","rqP","7","L2","All",0.65314137615401,NA
"2498","max.All.rqP.L2","rqP","7","L2","All",0.744713922825711,NA
"2499","range.All.rqP.L2","rqP","7","L2","All",0.091572546671701,NA
"2500","slope.All.rqP.L2","rqP","7","L2","All",-0.00681601279594743,NA
"2501","mean.All.rABQ.L2","rABQ","8","L2","All",0.0393103255497374,NA
"2502","min.All.rABQ.L2","rABQ","8","L2","All",-0.0455475108377617,NA
"2503","max.All.rABQ.L2","rABQ","8","L2","All",0.144084087801575,NA
"2504","range.All.rABQ.L2","rABQ","8","L2","All",0.189631598639337,NA
"2505","slope.All.rABQ.L2","rABQ","8","L2","All",-0.01282484868403,NA
"2506","mean.All.rqm.L2","rqm","9","L2","All",0.597221860521379,NA
"2507","min.All.rqm.L2","rqm","9","L2","All",0.532593724629631,NA
"2508","max.All.rqm.L2","rqm","9","L2","All",0.672968514054467,NA
"2509","range.All.rqm.L2","rqm","9","L2","All",0.140374789424836,NA
"2510","slope.All.rqm.L2","rqm","9","L2","All",-0.0202303488979261,NA
"2511","mean.All.rQuant.L3","rQuant","1","L3","All",0.0560116931462715,NA
"2512","min.All.rQuant.L3","rQuant","1","L3","All",0.0488423574200873,NA
"2513","max.All.rQuant.L3","rQuant","1","L3","All",0.0661065231655121,NA
"2514","range.All.rQuant.L3","rQuant","1","L3","All",0.0172641657454248,NA
"2515","slope.All.rQuant.L3","rQuant","1","L3","All",0.00157594637344997,NA
"2516","mean.All.rSigma.L3","rSigma","2","L3","All",3.25297092146061,NA
"2517","min.All.rSigma.L3","rSigma","2","L3","All",2.80774125890692,NA
"2518","max.All.rSigma.L3","rSigma","2","L3","All",3.96311462362456,NA
"2519","range.All.rSigma.L3","rSigma","2","L3","All",1.15537336471764,NA
"2520","slope.All.rSigma.L3","rSigma","2","L3","All",0.0309893278129979,NA
"2521","mean.All.rConnect.L3","rConnect","3","L3","All",0.348781983664475,NA
"2522","min.All.rConnect.L3","rConnect","3","L3","All",0.171981089298646,NA
"2523","max.All.rConnect.L3","rConnect","3","L3","All",0.527072481138162,NA
"2524","range.All.rConnect.L3","rConnect","3","L3","All",0.355091391839516,NA
"2525","slope.All.rConnect.L3","rConnect","3","L3","All",-0.00869038546331775,NA
"2526","mean.All.rTau1.L3","rTau1","4","L3","All",1099.86575140911,NA
"2527","min.All.rTau1.L3","rTau1","4","L3","All",751.860624973478,NA
"2528","max.All.rTau1.L3","rTau1","4","L3","All",1641.34332604422,NA
"2529","range.All.rTau1.L3","rTau1","4","L3","All",889.482701070742,NA
"2530","slope.All.rTau1.L3","rTau1","4","L3","All",-25.157441759508,NA
"2531","mean.All.rTau2.L3","rTau2","5","L3","All",9658353.42407681,NA
"2532","min.All.rTau2.L3","rTau2","5","L3","All",6247403.27122216,NA
"2533","max.All.rTau2.L3","rTau2","5","L3","All",17816628.5629722,NA
"2534","range.All.rTau2.L3","rTau2","5","L3","All",11569225.29175,NA
"2535","slope.All.rTau2.L3","rTau2","5","L3","All",-162585.378167124,NA
"2536","mean.All.rNPQ.L3","rNPQ","6","L3","All",0.255913460434107,NA
"2537","min.All.rNPQ.L3","rNPQ","6","L3","All",0.124034733116224,NA
"2538","max.All.rNPQ.L3","rNPQ","6","L3","All",0.392145214321293,NA
"2539","range.All.rNPQ.L3","rNPQ","6","L3","All",0.268110481205069,NA
"2540","slope.All.rNPQ.L3","rNPQ","6","L3","All",0.0290147996812818,NA
"2541","mean.All.rqP.L3","rqP","7","L3","All",0.59856828021941,NA
"2542","min.All.rqP.L3","rqP","7","L3","All",0.397960113159929,NA
"2543","max.All.rqP.L3","rqP","7","L3","All",0.753089453085247,NA
"2544","range.All.rqP.L3","rqP","7","L3","All",0.355129339925318,NA
"2545","slope.All.rqP.L3","rqP","7","L3","All",0.0454130751864529,NA
"2546","mean.All.rABQ.L3","rABQ","8","L3","All",0.278811176619105,NA
"2547","min.All.rABQ.L3","rABQ","8","L3","All",0.161133307377125,NA
"2548","max.All.rABQ.L3","rABQ","8","L3","All",0.363923026119826,NA
"2549","range.All.rABQ.L3","rABQ","8","L3","All",0.202789718742701,NA
"2550","slope.All.rABQ.L3","rABQ","8","L3","All",-0.00670423775190042,NA
"2551","mean.All.rqm.L3","rqm","9","L3","All",0.797256894308266,NA
"2552","min.All.rqm.L3","rqm","9","L3","All",0.756667811707354,NA
"2553","max.All.rqm.L3","rqm","9","L3","All",0.829086394405745,NA
"2554","range.All.rqm.L3","rqm","9","L3","All",0.0724185826983911,NA
"2555","slope.All.rqm.L3","rqm","9","L3","All",-0.0056941437475811,NA
"2556","mean.All.rQuant.R1","rQuant","1","R1","All",0.187486153950447,NA
"2557","min.All.rQuant.R1","rQuant","1","R1","All",0.174430926770928,NA
"2558","max.All.rQuant.R1","rQuant","1","R1","All",0.200725900596822,NA
"2559","range.All.rQuant.R1","rQuant","1","R1","All",0.026294973825894,NA
"2560","slope.All.rQuant.R1","rQuant","1","R1","All",0.00360680172664422,NA
"2561","mean.All.rSigma.R1","rSigma","2","R1","All",4.65015361875706,NA
"2562","min.All.rSigma.R1","rSigma","2","R1","All",3.91774400958784,NA
"2563","max.All.rSigma.R1","rSigma","2","R1","All",5.19624698217294,NA
"2564","range.All.rSigma.R1","rSigma","2","R1","All",1.2785029725851,NA
"2565","slope.All.rSigma.R1","rSigma","2","R1","All",0.105116818990664,NA
"2566","mean.All.rConnect.R1","rConnect","3","R1","All",0.229337174210791,NA
"2567","min.All.rConnect.R1","rConnect","3","R1","All",0.169523771394495,NA
"2568","max.All.rConnect.R1","rConnect","3","R1","All",0.30537311609357,NA
"2569","range.All.rConnect.R1","rConnect","3","R1","All",0.135849344699075,NA
"2570","slope.All.rConnect.R1","rConnect","3","R1","All",-0.00156928022940985,NA
"2571","mean.All.rTau1.R1","rTau1","4","R1","All",1254.02465437208,NA
"2572","min.All.rTau1.R1","rTau1","4","R1","All",950.292704596197,NA
"2573","max.All.rTau1.R1","rTau1","4","R1","All",1642.94394624833,NA
"2574","range.All.rTau1.R1","rTau1","4","R1","All",692.651241652133,NA
"2575","slope.All.rTau1.R1","rTau1","4","R1","All",16.011323331996,NA
"2576","mean.All.rTau2.R1","rTau2","5","R1","All",2012895.53545868,NA
"2577","min.All.rTau2.R1","rTau2","5","R1","All",1686548.60446884,NA
"2578","max.All.rTau2.R1","rTau2","5","R1","All",2713872.1536979,NA
"2579","range.All.rTau2.R1","rTau2","5","R1","All",1027323.54922906,NA
"2580","slope.All.rTau2.R1","rTau2","5","R1","All",-89446.5488727423,NA
"2581","mean.All.rNPQ.R1","rNPQ","6","R1","All",0.35173191725003,NA
"2582","min.All.rNPQ.R1","rNPQ","6","R1","All",0.273197804767052,NA
"2583","max.All.rNPQ.R1","rNPQ","6","R1","All",0.441288034973774,NA
"2584","range.All.rNPQ.R1","rNPQ","6","R1","All",0.168090230206722,NA
"2585","slope.All.rNPQ.R1","rNPQ","6","R1","All",-0.0127168123410027,NA
"2586","mean.All.rqP.R1","rqP","7","R1","All",0.970509457164565,NA
"2587","min.All.rqP.R1","rqP","7","R1","All",0.954731941809315,NA
"2588","max.All.rqP.R1","rqP","7","R1","All",1,NA
"2589","range.All.rqP.R1","rqP","7","R1","All",0.045268058190685,NA
"2590","slope.All.rqP.R1","rqP","7","R1","All",-0.00717911804385036,NA
"2591","mean.All.rABQ.R1","rABQ","8","R1","All",-0.0298434126928881,NA
"2592","min.All.rABQ.R1","rABQ","8","R1","All",-0.157010499368966,NA
"2593","max.All.rABQ.R1","rABQ","8","R1","All",0.0548407554159104,NA
"2594","range.All.rABQ.R1","rABQ","8","R1","All",0.211851254784876,NA
"2595","slope.All.rABQ.R1","rABQ","8","R1","All",-0.0237990234055551,NA
"2596","mean.All.rqm.R1","rqm","9","R1","All",0.321644303903828,NA
"2597","min.All.rqm.R1","rqm","9","R1","All",0.272291298183459,NA
"2598","max.All.rqm.R1","rqm","9","R1","All",0.360578619579394,NA
"2599","range.All.rqm.R1","rqm","9","R1","All",0.088287321395935,NA
"2600","slope.All.rqm.R1","rqm","9","R1","All",-0.013042427390624,NA
"2601","DCompL1.qQuant.1","qQuant","99","99","1",0.863482789245082,NA
"2602","DCompL12.qQuant.1","qQuant","99","99","1",0.788226680001248,NA
"2603","DCompL2.qQuant.1","qQuant","99","99","1",0.672968514054467,NA
"2604","DCompL22.qQuant.1","qQuant","99","99","1",0.562233314991989,NA
"2605","DCompL3.qQuant.1","qQuant","99","99","1",0.829086394405745,NA
"2606","DCompL32.qQuant.1","qQuant","99","99","1",0.783309340602187,NA
"2607","DCompR1.qQuant.1","qQuant","99","99","1",0.353445264264843,NA
"2608","DCompR12.qQuant.1","qQuant","99","99","1",0.297601728923766,NA
"2609","L1CompL2.qQuant.1","qQuant","99","99","1",-1.39553301841652,NA
"2610","L1CompL22.qQuant.1","qQuant","99","99","1",-2.20667762392178,NA
"2611","L1CompL3.qQuant.1","qQuant","99","99","1",-0.251956472368062,NA
"2612","L1CompL32.qQuant.1","qQuant","99","99","1",-0.587277224604489,NA
"2613","L1CompR1.qQuant.1","qQuant","99","99","1",-3.73606757829151,NA
"2614","L1CompR12.qQuant.1","qQuant","99","99","1",-4.14512615070352,NA
"2615","L12CompL2.qQuant.1","qQuant","99","99","1",-0.544252533546061,NA
"2616","L12CompL22.qQuant.1","qQuant","99","99","1",-1.0671474811397,NA
"2617","L12CompL3.qQuant.1","qQuant","99","99","1",0.1929408029526,NA
"2618","L12CompL32.qQuant.1","qQuant","99","99","1",-0.0232198248537157,NA
"2619","L12CompR1.qQuant.1","qQuant","99","99","1",-2.0530509496615,NA
"2620","L12CompR12.qQuant.1","qQuant","99","99","1",-2.31674580669734,NA
"2621","L2CompL3.qQuant.1","qQuant","99","99","1",0.477378745046218,NA
"2622","L2CompL32.qQuant.1","qQuant","99","99","1",0.337401232877307,NA
"2623","L2CompR1.qQuant.1","qQuant","99","99","1",-0.977041243798894,NA
"2624","L2CompR12.qQuant.1","qQuant","99","99","1",-1.1478001393212,NA
"2625","L22CompL3.qQuant.1","qQuant","99","99","1",0.609578317749038,NA
"2626","L22CompL32.qQuant.1","qQuant","99","99","1",0.505008793910739,NA
"2627","L22CompR1.qQuant.1","qQuant","99","99","1",-0.476939104498841,NA
"2628","L22CompR12.qQuant.1","qQuant","99","99","1",-0.604503711979319,NA
"2629","L3CompR1.qQuant.1","qQuant","99","99","1",-2.78293309936989,NA
"2630","L3CompR12.qQuant.1","qQuant","99","99","1",-3.10966855818204,NA
"2631","L32CompR1.qQuant.1","qQuant","99","99","1",-1.98376837069002,NA
"2632","L32CompR12.qQuant.1","qQuant","99","99","1",-2.24147922678445,NA
"2633","DCompL1.qSigma.1","qSigma","99","99","1",0.451394246369047,NA
"2634","DCompL12.qSigma.1","qSigma","99","99","1",0.226566722200454,NA
"2635","DCompL2.qSigma.1","qSigma","99","99","1",0.00127511114314377,NA
"2636","DCompL22.qSigma.1","qSigma","99","99","1",-0.0203448988516597,NA
"2637","DCompL3.qSigma.1","qSigma","99","99","1",0.258570912628475,NA
"2638","DCompL32.qSigma.1","qSigma","99","99","1",0.256315608027299,NA
"2639","DCompR1.qSigma.1","qSigma","99","99","1",0.0284468270766906,NA
"2640","DCompR12.qSigma.1","qSigma","99","99","1",-0.0148381144198592,NA
"2641","L1CompL2.qSigma.1","qSigma","99","99","1",-0.820478334845715,NA
"2642","L1CompL22.qSigma.1","qSigma","99","99","1",-0.85988734550904,NA
"2643","L1CompL3.qSigma.1","qSigma","99","99","1",-0.351478876159006,NA
"2644","L1CompL32.qSigma.1","qSigma","99","99","1",-0.355589851274103,NA
"2645","L1CompR1.qSigma.1","qSigma","99","99","1",-0.770949660103042,NA
"2646","L1CompR12.qSigma.1","qSigma","99","99","1",-0.849849564469826,NA
"2647","L12CompL2.qSigma.1","qSigma","99","99","1",-0.291287713528793,NA
"2648","L12CompL22.qSigma.1","qSigma","99","99","1",-0.319241010361732,NA
"2649","L12CompL3.qSigma.1","qSigma","99","99","1",0.0413793811911935,NA
"2650","L12CompL32.qSigma.1","qSigma","99","99","1",0.0384634158895807,NA
"2651","L12CompR1.qSigma.1","qSigma","99","99","1",-0.256156414277161,NA
"2652","L12CompR12.qSigma.1","qSigma","99","99","1",-0.31212108859231,NA
"2653","L2CompL3.qSigma.1","qSigma","99","99","1",0.257624301102412,NA
"2654","L2CompL32.qSigma.1","qSigma","99","99","1",0.255366117065607,NA
"2655","L2CompR1.qSigma.1","qSigma","99","99","1",0.0272064071264387,NA
"2656","L2CompR12.qSigma.1","qSigma","99","99","1",-0.0161337979485484,NA
"2657","L22CompL3.qSigma.1","qSigma","99","99","1",0.273354442986914,NA
"2658","L22CompL32.qSigma.1","qSigma","99","99","1",0.271144107438891,NA
"2659","L22CompR1.qSigma.1","qSigma","99","99","1",0.0478188561370402,NA
"2660","L22CompR12.qSigma.1","qSigma","99","99","1",0.005396983351412,NA
"2661","L3CompR1.qSigma.1","qSigma","99","99","1",-0.310379090153596,NA
"2662","L3CompR12.qSigma.1","qSigma","99","99","1",-0.368759510120664,NA
"2663","L32CompR1.qSigma.1","qSigma","99","99","1",-0.306405221637317,NA
"2664","L32CompR12.qSigma.1","qSigma","99","99","1",-0.364608596568626,NA
"2665","DCompL1.qConnect.1","qConnect","99","99","1",-1.33696051611917,NA
"2666","DCompL12.qConnect.1","qConnect","99","99","1",0.0879675104130976,NA
"2667","DCompL2.qConnect.1","qConnect","99","99","1",-0.363189904446942,NA
"2668","DCompL22.qConnect.1","qConnect","99","99","1",-0.0913967884566689,NA
"2669","DCompL3.qConnect.1","qConnect","99","99","1",-0.152813234382112,NA
"2670","DCompL32.qConnect.1","qConnect","99","99","1",-0.0546506868090409,NA
"2671","DCompR1.qConnect.1","qConnect","99","99","1",0.230988001829078,NA
"2672","DCompR12.qConnect.1","qConnect","99","99","1",0.208305207120874,NA
"2673","L1CompL2.qConnect.1","qConnect","99","99","1",0.416682526279607,NA
"2674","L1CompL22.qConnect.1","qConnect","99","99","1",0.532984498056871,NA
"2675","L1CompL3.qConnect.1","qConnect","99","99","1",0.506704017277747,NA
"2676","L1CompL32.qConnect.1","qConnect","99","99","1",0.548708384444413,NA
"2677","L1CompR1.qConnect.1","qConnect","99","99","1",0.670934963228234,NA
"2678","L1CompR12.qConnect.1","qConnect","99","99","1",0.661228853710444,NA
"2679","L12CompL2.qConnect.1","qConnect","99","99","1",-0.494672525388199,NA
"2680","L12CompL22.qConnect.1","qConnect","99","99","1",-0.196664374260404,NA
"2681","L12CompL3.qConnect.1","qConnect","99","99","1",-0.264004569512945,NA
"2682","L12CompL32.qConnect.1","qConnect","99","99","1",-0.156374031463217,NA
"2683","L12CompR1.qConnect.1","qConnect","99","99","1",0.156815127804011,NA
"2684","L12CompR12.qConnect.1","qConnect","99","99","1",0.131944528382188,NA
"2685","L2CompL3.qConnect.1","qConnect","99","99","1",0.154326751818325,NA
"2686","L2CompL32.qConnect.1","qConnect","99","99","1",0.226336196175894,NA
"2687","L2CompR1.qConnect.1","qConnect","99","99","1",0.435873170962987,NA
"2688","L2CompR12.qConnect.1","qConnect","99","99","1",0.419233673682228,NA
"2689","L22CompL3.qConnect.1","qConnect","99","99","1",-0.0562732514654835,NA
"2690","L22CompL32.qConnect.1","qConnect","99","99","1",0.0336688746350355,NA
"2691","L22CompR1.qConnect.1","qConnect","99","99","1",0.295387336389021,NA
"2692","L22CompR12.qConnect.1","qConnect","99","99","1",0.274604065860729,NA
"2693","L3CompR1.qConnect.1","qConnect","99","99","1",0.332925772158489,NA
"2694","L3CompR12.qConnect.1","qConnect","99","99","1",0.313249736152222,NA
"2695","L32CompR1.qConnect.1","qConnect","99","99","1",0.270837247072156,NA
"2696","L32CompR12.qConnect.1","qConnect","99","99","1",0.249329846572723,NA
"2697","DCompL1.qTau1.1","qTau1","99","99","1",-4.84155724805879,NA
"2698","DCompL12.qTau1.1","qTau1","99","99","1",-0.503820331683741,NA
"2699","DCompL2.qTau1.1","qTau1","99","99","1",-0.827536497513933,NA
"2700","DCompL22.qTau1.1","qTau1","99","99","1",-0.556782243227733,NA
"2701","DCompL3.qTau1.1","qTau1","99","99","1",-0.481214897362567,NA
"2702","DCompL32.qTau1.1","qTau1","99","99","1",-0.372951608075007,NA
"2703","DCompR1.qTau1.1","qTau1","99","99","1",-0.692655259160352,NA
"2704","DCompR12.qTau1.1","qTau1","99","99","1",-0.622702587066113,NA
"2705","L1CompL2.qTau1.1","qTau1","99","99","1",0.687149090574908,NA
"2706","L1CompL22.qTau1.1","qTau1","99","99","1",0.733498761183062,NA
"2707","L1CompL3.qTau1.1","qTau1","99","99","1",0.746434925746077,NA
"2708","L1CompL32.qTau1.1","qTau1","99","99","1",0.764968218272405,NA
"2709","L1CompR1.qTau1.1","qTau1","99","99","1",0.710239036051074,NA
"2710","L1CompR12.qTau1.1","qTau1","99","99","1",0.72221404016791,NA
"2711","L12CompL2.qTau1.1","qTau1","99","99","1",-0.215262527716822,NA
"2712","L12CompL22.qTau1.1","qTau1","99","99","1",-0.03521824411344,NA
"2713","L12CompL3.qTau1.1","qTau1","99","99","1",0.0150320047181856,NA
"2714","L12CompL32.qTau1.1","qTau1","99","99","1",0.0870241749306633,NA
"2715","L12CompR1.qTau1.1","qTau1","99","99","1",-0.125570138598395,NA
"2716","L12CompR12.qTau1.1","qTau1","99","99","1",-0.0790534965365623,NA
"2717","L2CompL3.qTau1.1","qTau1","99","99","1",0.189501878962461,NA
"2718","L2CompL32.qTau1.1","qTau1","99","99","1",0.248741893832115,NA
"2719","L2CompR1.qTau1.1","qTau1","99","99","1",0.073804949196399,NA
"2720","L2CompR12.qTau1.1","qTau1","99","99","1",0.112081980702691,NA
"2721","L22CompL3.qTau1.1","qTau1","99","99","1",0.0485407295682466,NA
"2722","L22CompL32.qTau1.1","qTau1","99","99","1",0.118083717843276,NA
"2723","L22CompR1.qTau1.1","qTau1","99","99","1",-0.0872781126093197,NA
"2724","L22CompR12.qTau1.1","qTau1","99","99","1",-0.0423439720777552,NA
"2725","L3CompR1.qTau1.1","qTau1","99","99","1",-0.142747930887188,NA
"2726","L3CompR12.qTau1.1","qTau1","99","99","1",-0.0955213790757014,NA
"2727","L32CompR1.qTau1.1","qTau1","99","99","1",-0.232858644984288,NA
"2728","L32CompR12.qTau1.1","qTau1","99","99","1",-0.181908071283939,NA
"2729","DCompL1.qTau2.1","qTau2","99","99","1",-7.23912515820895,NA
"2730","DCompL12.qTau2.1","qTau2","99","99","1",-3.76871879744377,NA
"2731","DCompL2.qTau2.1","qTau2","99","99","1",-1.29134730943068,NA
"2732","DCompL22.qTau2.1","qTau2","99","99","1",-0.943191649749604,NA
"2733","DCompL3.qTau2.1","qTau2","99","99","1",-3.33341023780261,NA
"2734","DCompL32.qTau2.1","qTau2","99","99","1",-3.23073373361882,NA
"2735","DCompR1.qTau2.1","qTau2","99","99","1",-0.0543701026122763,NA
"2736","DCompR12.qTau2.1","qTau2","99","99","1",0.092988453607698,NA
"2737","L1CompL2.qTau2.1","qTau2","99","99","1",0.721894343703746,NA
"2738","L1CompL22.qTau2.1","qTau2","99","99","1",0.764150730516148,NA
"2739","L1CompL3.qTau2.1","qTau2","99","99","1",0.474044858575177,NA
"2740","L1CompL32.qTau2.1","qTau2","99","99","1",0.486506922473003,NA
"2741","L1CompR1.qTau2.1","qTau2","99","99","1",0.872028876565643,NA
"2742","L1CompR12.qTau2.1","qTau2","99","99","1",0.889914095371083,NA
"2743","L12CompL2.qTau2.1","qTau2","99","99","1",0.519504628652263,NA
"2744","L12CompL22.qTau2.1","qTau2","99","99","1",0.592512846261509,NA
"2745","L12CompL3.qTau2.1","qTau2","99","99","1",0.0912841746664757,NA
"2746","L12CompL32.qTau2.1","qTau2","99","99","1",0.112815430449231,NA
"2747","L12CompR1.qTau2.1","qTau2","99","99","1",0.778898662848927,NA
"2748","L12CompR12.qTau2.1","qTau2","99","99","1",0.809799741834537,NA
"2749","L2CompL3.qTau2.1","qTau2","99","99","1",-0.891206199936279,NA
"2750","L2CompL32.qTau2.1","qTau2","99","99","1",-0.846395662589453,NA
"2751","L2CompR1.qTau2.1","qTau2","99","99","1",0.539847102936895,NA
"2752","L2CompR12.qTau2.1","qTau2","99","99","1",0.60415798047758,NA
"2753","L22CompL3.qTau2.1","qTau2","99","99","1",-1.2300477867744,NA
"2754","L22CompL32.qTau2.1","qTau2","99","99","1",-1.1772086835408,NA
"2755","L22CompR1.qTau2.1","qTau2","99","99","1",0.4574029263927,NA
"2756","L22CompR12.qTau2.1","qTau2","99","99","1",0.533236185679792,NA
"2757","L3CompR1.qTau2.1","qTau2","99","99","1",0.756688140574725,NA
"2758","L3CompR12.qTau2.1","qTau2","99","99","1",0.790693357743985,NA
"2759","L32CompR1.qTau2.1","qTau2","99","99","1",0.75078315748545,NA
"2760","L32CompR12.qTau2.1","qTau2","99","99","1",0.785613653918968,NA
"2761","DCompL1.qNPQ.1","qNPQ","99","99","1",1.05015812960131,NA
"2762","DCompL12.qNPQ.1","qNPQ","99","99","1",0.550475900843154,NA
"2763","DCompL2.qNPQ.1","qNPQ","99","99","1",0.496773604017892,NA
"2764","DCompL22.qNPQ.1","qNPQ","99","99","1",0.642526891235688,NA
"2765","DCompL3.qNPQ.1","qNPQ","99","99","1",0.739654961600421,NA
"2766","DCompL32.qNPQ.1","qNPQ","99","99","1",0.403012387122181,NA
"2767","DCompR1.qNPQ.1","qNPQ","99","99","1",0.309938486157016,NA
"2768","DCompR12.qNPQ.1","qNPQ","99","99","1",0.426566323917414,NA
"2769","L1CompL2.qNPQ.1","qNPQ","99","99","1",11.0327982718269,NA
"2770","L1CompL22.qNPQ.1","qNPQ","99","99","1",8.12692262661574,NA
"2771","L1CompL3.qNPQ.1","qNPQ","99","99","1",6.19048538031552,NA
"2772","L1CompL32.qNPQ.1","qNPQ","99","99","1",12.9021107370441,NA
"2773","L1CompR1.qNPQ.1","qNPQ","99","99","1",14.7577202205909,NA
"2774","L1CompR12.qNPQ.1","qNPQ","99","99","1",12.4325171341236,NA
"2775","L12CompL2.qNPQ.1","qNPQ","99","99","1",-0.119464778253245,NA
"2776","L12CompL22.qNPQ.1","qNPQ","99","99","1",0.204774317028141,NA
"2777","L12CompL3.qNPQ.1","qNPQ","99","99","1",0.420842978412286,NA
"2778","L12CompL32.qNPQ.1","qNPQ","99","99","1",-0.328043622127412,NA
"2779","L12CompR1.qNPQ.1","qNPQ","99","99","1",-0.535093480276819,NA
"2780","L12CompR12.qNPQ.1","qNPQ","99","99","1",-0.275646126999982,NA
"2781","L2CompL3.qNPQ.1","qNPQ","99","99","1",0.482648286182438,NA
"2782","L2CompL32.qNPQ.1","qNPQ","99","99","1",-0.186320148633549,NA
"2783","L2CompR1.qNPQ.1","qNPQ","99","99","1",-0.371274478748764,NA
"2784","L2CompR12.qNPQ.1","qNPQ","99","99","1",-0.139514303424923,NA
"2785","L22CompL3.qNPQ.1","qNPQ","99","99","1",0.271707348002984,NA
"2786","L22CompL32.qNPQ.1","qNPQ","99","99","1",-0.670021040020168,NA
"2787","L22CompR1.qNPQ.1","qNPQ","99","99","1",-0.930387200951534,NA
"2788","L22CompR12.qNPQ.1","qNPQ","99","99","1",-0.604130945862728,NA
"2789","L3CompR1.qNPQ.1","qNPQ","99","99","1",-1.65056525787856,NA
"2790","L3CompR12.qNPQ.1","qNPQ","99","99","1",-1.20259114445837,NA
"2791","L32CompR1.qNPQ.1","qNPQ","99","99","1",-0.155905916567508,NA
"2792","L32CompR12.qNPQ.1","qNPQ","99","99","1",0.0394546491202554,NA
"2793","DCompL1.qqP.1","qqP","99","99","1",0.970001959291259,NA
"2794","DCompL12.qqP.1","qqP","99","99","1",0.561773303082948,NA
"2795","DCompL2.qqP.1","qqP","99","99","1",0.479377501335538,NA
"2796","DCompL22.qqP.1","qqP","99","99","1",0.51104424082759,NA
"2797","DCompL3.qqP.1","qqP","99","99","1",0.702078452912821,NA
"2798","DCompL32.qqP.1","qqP","99","99","1",0.47767051897713,NA
"2799","DCompR1.qqP.1","qqP","99","99","1",0.251378373773222,NA
"2800","DCompR12.qqP.1","qqP","99","99","1",0.278964326363596,NA
"2801","L1CompL2.qqP.1","qqP","99","99","1",-16.3552167529649,NA
"2802","L1CompL22.qqP.1","qqP","99","99","1",-15.2995898272095,NA
"2803","L1CompL3.qqP.1","qqP","99","99","1",-8.93136685091468,NA
"2804","L1CompL32.qqP.1","qqP","99","99","1",-16.4121198812385,NA
"2805","L1CompR1.qqP.1","qqP","99","99","1",-23.9556840560138,NA
"2806","L1CompR12.qqP.1","qqP","99","99","1",-23.0360922447281,NA
"2807","L12CompL2.qqP.1","qqP","99","99","1",-0.188020954284778,NA
"2808","L12CompL22.qqP.1","qqP","99","99","1",-0.115759862674366,NA
"2809","L12CompL3.qqP.1","qqP","99","99","1",0.320165683234105,NA
"2810","L12CompL32.qqP.1","qqP","99","99","1",-0.19191615822926,NA
"2811","L12CompR1.qqP.1","qqP","99","99","1",-0.708297626532959,NA
"2812","L12CompR12.qqP.1","qqP","99","99","1",-0.645348580332803,NA
"2813","L2CompL3.qqP.1","qqP","99","99","1",0.427758984962371,NA
"2814","L2CompL32.qqP.1","qqP","99","99","1",-0.00327873336781887,NA
"2815","L2CompR1.qqP.1","qqP","99","99","1",-0.437935602374456,NA
"2816","L2CompR12.qqP.1","qqP","99","99","1",-0.384949124338761,NA
"2817","L22CompL3.qqP.1","qqP","99","99","1",0.390698357676715,NA
"2818","L22CompL32.qqP.1","qqP","99","99","1",-0.0682550951172905,NA
"2819","L22CompR1.qqP.1","qqP","99","99","1",-0.531062089326586,NA
"2820","L22CompR12.qqP.1","qqP","99","99","1",-0.474643994084054,NA
"2821","L3CompR1.qqP.1","qqP","99","99","1",-1.51281464380861,NA
"2822","L3CompR12.qqP.1","qqP","99","99","1",-1.42021995617998,NA
"2823","L32CompR1.qqP.1","qqP","99","99","1",-0.433236402358072,NA
"2824","L32CompR12.qqP.1","qqP","99","99","1",-0.38042308510791,NA
"2825","DCompL1.qABQ.1","qABQ","99","99","1",0,NA
"2826","DCompL12.qABQ.1","qABQ","99","99","1",0,NA
"2827","DCompL2.qABQ.1","qABQ","99","99","1",0,NA
"2828","DCompL22.qABQ.1","qABQ","99","99","1",1,NA
"2829","DCompL3.qABQ.1","qABQ","99","99","1",0,NA
"2830","DCompL32.qABQ.1","qABQ","99","99","1",0,NA
"2831","DCompR1.qABQ.1","qABQ","99","99","1",0,NA
"2832","DCompR12.qABQ.1","qABQ","99","99","1",1,NA
"2833","L1CompL2.qABQ.1","qABQ","99","99","1",0.997175171918113,NA
"2834","L1CompL22.qABQ.1","qABQ","99","99","1",1.04507124097241,NA
"2835","L1CompL3.qABQ.1","qABQ","99","99","1",0.427172776993982,NA
"2836","L1CompL32.qABQ.1","qABQ","99","99","1",0.43216908480986,NA
"2837","L1CompR1.qABQ.1","qABQ","99","99","1",0.936980084913544,NA
"2838","L1CompR12.qABQ.1","qABQ","99","99","1",1.03287174025636,NA
"2839","L12CompL2.qABQ.1","qABQ","99","99","1",0.994372028112684,NA
"2840","L12CompL22.qABQ.1","qABQ","99","99","1",1.08979650080147,NA
"2841","L12CompL3.qABQ.1","qABQ","99","99","1",-0.141257242534084,NA
"2842","L12CompL32.qABQ.1","qABQ","99","99","1",-0.131302980146068,NA
"2843","L12CompR1.qABQ.1","qABQ","99","99","1",0.874443930686678,NA
"2844","L12CompR12.qABQ.1","qABQ","99","99","1",1.06549114660682,NA
"2845","L2CompL3.qABQ.1","qABQ","99","99","1",-201.783038967569,NA
"2846","L2CompL32.qABQ.1","qABQ","99","99","1",-200.014326794282,NA
"2847","L2CompR1.qABQ.1","qABQ","99","99","1",-21.3092921974757,NA
"2848","L2CompR12.qABQ.1","qABQ","99","99","1",12.6367224140578,NA
"2849","L22CompL3.qABQ.1","qABQ","99","99","1",13.7093732199797,NA
"2850","L22CompL32.qABQ.1","qABQ","99","99","1",13.5985196533131,NA
"2851","L22CompR1.qABQ.1","qABQ","99","99","1",2.39822897543538,NA
"2852","L22CompR12.qABQ.1","qABQ","99","99","1",0.270671506993166,NA
"2853","L3CompR1.qABQ.1","qABQ","99","99","1",0.889984427144109,NA
"2854","L3CompR12.qABQ.1","qABQ","99","99","1",1.05738508739835,NA
"2855","L32CompR1.qABQ.1","qABQ","99","99","1",0.889016407172276,NA
"2856","L32CompR12.qABQ.1","qABQ","99","99","1",1.05789001510309,NA
"2857","DCompL1.qqm.1","qqm","99","99","1",0,NA
"2858","DCompL12.qqm.1","qqm","99","99","1",0,NA
"2859","DCompL2.qqm.1","qqm","99","99","1",0,NA
"2860","DCompL22.qqm.1","qqm","99","99","1",0,NA
"2861","DCompL3.qqm.1","qqm","99","99","1",0,NA
"2862","DCompL32.qqm.1","qqm","99","99","1",0,NA
"2863","DCompR1.qqm.1","qqm","99","99","1",0,NA
"2864","DCompR12.qqm.1","qqm","99","99","1",0,NA
"2865","L1CompL2.qqm.1","qqm","99","99","1",0.22063471045807,NA
"2866","L1CompL22.qqm.1","qqm","99","99","1",0.348877219100643,NA
"2867","L1CompL3.qqm.1","qqm","99","99","1",0.0398344880381562,NA
"2868","L1CompL32.qqm.1","qqm","99","99","1",0.0928489248905451,NA
"2869","L1CompR1.qqm.1","qqm","99","99","1",0.590674801319607,NA
"2870","L1CompR12.qqm.1","qqm","99","99","1",0.655347237222932,NA
"2871","L12CompL2.qqm.1","qqm","99","99","1",0.146224644345455,NA
"2872","L12CompL22.qqm.1","qqm","99","99","1",0.286711133666395,NA
"2873","L12CompL3.qqm.1","qqm","99","99","1",-0.0518375176090619,NA
"2874","L12CompL32.qqm.1","qqm","99","99","1",0.00623848383190116,NA
"2875","L12CompR1.qqm.1","qqm","99","99","1",0.551594391267898,NA
"2876","L12CompR12.qqm.1","qqm","99","99","1",0.62244144168871,NA
"2877","L2CompL3.qqm.1","qqm","99","99","1",-0.231983929546283,NA
"2878","L2CompL32.qqm.1","qqm","99","99","1",-0.163961350707099,NA
"2879","L2CompR1.qqm.1","qqm","99","99","1",0.474796729886479,NA
"2880","L2CompR12.qqm.1","qqm","99","99","1",0.557777633412907,NA
"2881","L22CompL3.qqm.1","qqm","99","99","1",-0.474630500004354,NA
"2882","L22CompL32.qqm.1","qqm","99","99","1",-0.393210469239706,NA
"2883","L22CompR1.qqm.1","qqm","99","99","1",0.371354818648771,NA
"2884","L22CompR12.qqm.1","qqm","99","99","1",0.470679305213343,NA
"2885","L3CompR1.qqm.1","qqm","99","99","1",0.573693083555933,NA
"2886","L3CompR12.qqm.1","qqm","99","99","1",0.641048591640351,NA
"2887","L32CompR1.qqm.1","qqm","99","99","1",0.548779459219618,NA
"2888","L32CompR12.qqm.1","qqm","99","99","1",0.620071262401929,NA
"2889","DCompL1.qQuant.2","qQuant","99","99","2",0.892454923642805,NA
"2890","DCompL12.qQuant.2","qQuant","99","99","2",0.790479771286054,NA
"2891","DCompL2.qQuant.2","qQuant","99","99","2",0.66750584613919,NA
"2892","DCompL22.qQuant.2","qQuant","99","99","2",0.559451960397158,NA
"2893","DCompL3.qQuant.2","qQuant","99","99","2",0.820708894574699,NA
"2894","DCompL32.qQuant.2","qQuant","99","99","2",0.782418664161574,NA
"2895","DCompR1.qQuant.2","qQuant","99","99","2",0.360578619579393,NA
"2896","DCompR12.qQuant.2","qQuant","99","99","2",0.309464487060951,NA
"2897","L1CompL2.qQuant.2","qQuant","99","99","2",-2.0916724886268,NA
"2898","L1CompL22.qQuant.2","qQuant","99","99","2",-3.09640361535125,NA
"2899","L1CompL3.qQuant.2","qQuant","99","99","2",-0.667125185999322,NA
"2900","L1CompL32.qQuant.2","qQuant","99","99","2",-1.02316408345614,NA
"2901","L1CompR1.qQuant.2","qQuant","99","99","2",-4.94561278004825,NA
"2902","L1CompR12.qQuant.2","qQuant","99","99","2",-5.42089379011211,NA
"2903","L12CompL2.qQuant.2","qQuant","99","99","2",-0.586931037168533,NA
"2904","L12CompL22.qQuant.2","qQuant","99","99","2",-1.10265157835578,NA
"2905","L12CompL3.qQuant.2","qQuant","99","99","2",0.144277826891437,NA
"2906","L12CompL32.qQuant.2","qQuant","99","99","2",-0.0384741233529557,NA
"2907","L12CompR1.qQuant.2","qQuant","99","99","2",-2.05183601767444,NA
"2908","L12CompR12.qQuant.2","qQuant","99","99","2",-2.29579400126479,NA
"2909","L2CompL3.qQuant.2","qQuant","99","99","2",0.460769149341627,NA
"2910","L2CompL32.qQuant.2","qQuant","99","99","2",0.345608536836079,NA
"2911","L2CompR1.qQuant.2","qQuant","99","99","2",-0.92310563357539,NA
"2912","L2CompR12.qQuant.2","qQuant","99","99","2",-1.0768350508446,NA
"2913","L22CompL3.qQuant.2","qQuant","99","99","2",0.593027117798701,NA
"2914","L22CompL32.qQuant.2","qQuant","99","99","2",0.506112123357587,NA
"2915","L22CompR1.qQuant.2","qQuant","99","99","2",-0.451422598536701,NA
"2916","L22CompR12.qQuant.2","qQuant","99","99","2",-0.567446568509469,NA
"2917","L3CompR1.qQuant.2","qQuant","99","99","2",-2.56638651373039,NA
"2918","L3CompR12.qQuant.2","qQuant","99","99","2",-2.85147668815479,NA
"2919","L32CompR1.qQuant.2","qQuant","99","99","2",-1.93876943974384,NA
"2920","L32CompR12.qQuant.2","qQuant","99","99","2",-2.17368909551983,NA
"2921","DCompL1.qSigma.2","qSigma","99","99","2",0.544343904501658,NA
"2922","DCompL12.qSigma.2","qSigma","99","99","2",0.28893266558233,NA
"2923","DCompL2.qSigma.2","qSigma","99","99","2",0.141076689235294,NA
"2924","DCompL22.qSigma.2","qSigma","99","99","2",0.0352180409537569,NA
"2925","DCompL3.qSigma.2","qSigma","99","99","2",0.361061962610447,NA
"2926","DCompL32.qSigma.2","qSigma","99","99","2",0.299230074050524,NA
"2927","DCompR1.qSigma.2","qSigma","99","99","2",0.0169095723437062,NA
"2928","DCompR12.qSigma.2","qSigma","99","99","2",-0.0879567799427674,NA
"2929","L1CompL2.qSigma.2","qSigma","99","99","2",-0.88502539360374,NA
"2930","L1CompL22.qSigma.2","qSigma","99","99","2",-1.11734676344246,NA
"2931","L1CompL3.qSigma.2","qSigma","99","99","2",-0.402237441135861,NA
"2932","L1CompL32.qSigma.2","qSigma","99","99","2",-0.537936028668852,NA
"2933","L1CompR1.qSigma.2","qSigma","99","99","2",-1.15752721705853,NA
"2934","L1CompR12.qSigma.2","qSigma","99","99","2",-1.38767085679583,NA
"2935","L12CompL2.qSigma.2","qSigma","99","99","2",-0.20793526743585,NA
"2936","L12CompL22.qSigma.2","qSigma","99","99","2",-0.356808156341977,NA
"2937","L12CompL3.qSigma.2","qSigma","99","99","2",0.101438068572209,NA
"2938","L12CompL32.qSigma.2","qSigma","99","99","2",0.0144816221611806,NA
"2939","L12CompR1.qSigma.2","qSigma","99","99","2",-0.382556025388787,NA
"2940","L12CompR12.qSigma.2","qSigma","99","99","2",-0.530033412143382,NA
"2941","L2CompL3.qSigma.2","qSigma","99","99","2",0.256117479428167,NA
"2942","L2CompL32.qSigma.2","qSigma","99","99","2",0.184129808602383,NA
"2943","L2CompR1.qSigma.2","qSigma","99","99","2",-0.144561354122571,NA
"2944","L2CompR12.qSigma.2","qSigma","99","99","2",-0.266651825963544,NA
"2945","L22CompL3.qSigma.2","qSigma","99","99","2",0.337738406695343,NA
"2946","L22CompL32.qSigma.2","qSigma","99","99","2",0.273649429926905,NA
"2947","L22CompR1.qSigma.2","qSigma","99","99","2",-0.0189767941226326,NA
"2948","L22CompR12.qSigma.2","qSigma","99","99","2",-0.127671148637866,NA
"2949","L3CompR1.qSigma.2","qSigma","99","99","2",-0.538631870584526,NA
"2950","L3CompR12.qSigma.2","qSigma","99","99","2",-0.702757883045634,NA
"2951","L32CompR1.qSigma.2","qSigma","99","99","2",-0.402871885982123,NA
"2952","L32CompR12.qSigma.2","qSigma","99","99","2",-0.552516367577691,NA
"2953","DCompL1.qConnect.2","qConnect","99","99","2",-1.38920623562798,NA
"2954","DCompL12.qConnect.2","qConnect","99","99","2",-0.709275253665989,NA
"2955","DCompL2.qConnect.2","qConnect","99","99","2",0.0693539054763915,NA
"2956","DCompL22.qConnect.2","qConnect","99","99","2",-0.105612066220607,NA
"2957","DCompL3.qConnect.2","qConnect","99","99","2",-0.915746115304066,NA
"2958","DCompL32.qConnect.2","qConnect","99","99","2",-0.0490245990205381,NA
"2959","DCompR1.qConnect.2","qConnect","99","99","2",0.202945738622103,NA
"2960","DCompR12.qConnect.2","qConnect","99","99","2",0.0505103976870899,NA
"2961","L1CompL2.qConnect.2","qConnect","99","99","2",0.610478961319555,NA
"2962","L1CompL22.qConnect.2","qConnect","99","99","2",0.537247120096351,NA
"2963","L1CompL3.qConnect.2","qConnect","99","99","2",0.198166283539551,NA
"2964","L1CompL32.qConnect.2","qConnect","99","99","2",0.560931750730673,NA
"2965","L1CompR1.qConnect.2","qConnect","99","99","2",0.666393696160601,NA
"2966","L1CompR12.qConnect.2","qConnect","99","99","2",0.602592029037065,NA
"2967","L12CompL2.qConnect.2","qConnect","99","99","2",0.45553175679131,NA
"2968","L12CompL22.qConnect.2","qConnect","99","99","2",0.353169090906025,NA
"2969","L12CompL3.qConnect.2","qConnect","99","99","2",-0.120794390017199,NA
"2970","L12CompL32.qConnect.2","qConnect","99","99","2",0.386275208296248,NA
"2971","L12CompR1.qConnect.2","qConnect","99","99","2",0.533688760971409,NA
"2972","L12CompR12.qConnect.2","qConnect","99","99","2",0.444507489196675,NA
"2973","L2CompL3.qConnect.2","qConnect","99","99","2",-1.0585119591403,NA
"2974","L2CompL32.qConnect.2","qConnect","99","99","2",-0.127200345215575,NA
"2975","L2CompR1.qConnect.2","qConnect","99","99","2",0.1435474064006,NA
"2976","L2CompR12.qConnect.2","qConnect","99","99","2",-0.0202477696948241,NA
"2977","L22CompL3.qConnect.2","qConnect","99","99","2",-0.732747112513704,NA
"2978","L22CompL32.qConnect.2","qConnect","99","99","2",0.0511820275202908,NA
"2979","L22CompR1.qConnect.2","qConnect","99","99","2",0.279083246529206,NA
"2980","L22CompR12.qConnect.2","qConnect","99","99","2",0.141209081085178,NA
"2981","L3CompR1.qConnect.2","qConnect","99","99","2",0.583945777047086,NA
"2982","L3CompR12.qConnect.2","qConnect","99","99","2",0.504376078475196,NA
"2983","L32CompR1.qConnect.2","qConnect","99","99","2",0.240194879965544,NA
"2984","L32CompR12.qConnect.2","qConnect","99","99","2",0.0948833771873058,NA
"2985","DCompL1.qTau1.2","qTau1","99","99","2",-2.91134489894811,NA
"2986","DCompL12.qTau1.2","qTau1","99","99","2",-0.675595257880245,NA
"2987","DCompL2.qTau1.2","qTau1","99","99","2",-1.05419707973478,NA
"2988","DCompL22.qTau1.2","qTau1","99","99","2",-1.10599655415814,NA
"2989","DCompL3.qTau1.2","qTau1","99","99","2",-0.435765417209406,NA
"2990","DCompL32.qTau1.2","qTau1","99","99","2",-0.523866254204837,NA
"2991","DCompR1.qTau1.2","qTau1","99","99","2",-0.889598757627314,NA
"2992","DCompR12.qTau1.2","qTau1","99","99","2",-1.03215008908091,NA
"2993","L1CompL2.qTau1.2","qTau1","99","99","2",0.47481054910621,NA
"2994","L1CompL22.qTau1.2","qTau1","99","99","2",0.461567156932514,NA
"2995","L1CompL3.qTau1.2","qTau1","99","99","2",0.632922829793013,NA
"2996","L1CompL32.qTau1.2","qTau1","99","99","2",0.61039839401157,NA
"2997","L1CompR1.qTau1.2","qTau1","99","99","2",0.516892831891279,NA
"2998","L1CompR12.qTau1.2","qTau1","99","99","2",0.480447226827934,NA
"2999","L12CompL2.qTau1.2","qTau1","99","99","2",-0.225950640570264,NA
"3000","L12CompL22.qTau1.2","qTau1","99","99","2",-0.256864713750973,NA
"3001","L12CompL3.qTau1.2","qTau1","99","99","2",0.143131128799112,NA
"3002","L12CompL32.qTau1.2","qTau1","99","99","2",0.0905522995256961,NA
"3003","L12CompR1.qTau1.2","qTau1","99","99","2",-0.127717895321451,NA
"3004","L12CompR12.qTau1.2","qTau1","99","99","2",-0.212792934047647,NA
"3005","L2CompL3.qTau1.2","qTau1","99","99","2",0.30105760962586,NA
"3006","L2CompL32.qTau1.2","qTau1","99","99","2",0.258169399013272,NA
"3007","L2CompR1.qTau1.2","qTau1","99","99","2",0.080127814283876,NA
"3008","L2CompR12.qTau1.2","qTau1","99","99","2",0.0107326560199005,NA
"3009","L22CompL3.qTau1.2","qTau1","99","99","2",0.318248923829154,NA
"3010","L22CompL32.qTau1.2","qTau1","99","99","2",0.276415599448123,NA
"3011","L22CompR1.qTau1.2","qTau1","99","99","2",0.102753157930655,NA
"3012","L22CompR12.qTau1.2","qTau1","99","99","2",0.0350648556054997,NA
"3013","L3CompR1.qTau1.2","qTau1","99","99","2",-0.316091566893978,NA
"3014","L3CompR12.qTau1.2","qTau1","99","99","2",-0.415377515521058,NA
"3015","L32CompR1.qTau1.2","qTau1","99","99","2",-0.240003020221298,NA
"3016","L32CompR12.qTau1.2","qTau1","99","99","2",-0.333548848839949,NA
"3017","DCompL1.qTau2.2","qTau2","99","99","2",-3.69346121956402,NA
"3018","DCompL12.qTau2.2","qTau2","99","99","2",-7.39586097329845,NA
"3019","DCompL2.qTau2.2","qTau2","99","99","2",-4.88030539420065,NA
"3020","DCompL22.qTau2.2","qTau2","99","99","2",-1.81070474632917,NA
"3021","DCompL3.qTau2.2","qTau2","99","99","2",-5.0018422267437,NA
"3022","DCompL32.qTau2.2","qTau2","99","99","2",-7.38320231913114,NA
"3023","DCompR1.qTau2.2","qTau2","99","99","2",-0.654183249793128,NA
"3024","DCompR12.qTau2.2","qTau2","99","99","2",-0.3595848596028,NA
"3025","L1CompL2.qTau2.2","qTau2","99","99","2",-0.25287184001637,NA
"3026","L1CompL22.qTau2.2","qTau2","99","99","2",0.401144567976156,NA
"3027","L1CompL3.qTau2.2","qTau2","99","99","2",-0.278766766352703,NA
"3028","L1CompL32.qTau2.2","qTau2","99","99","2",-0.786145006202876,NA
"3029","L1CompR1.qTau2.2","qTau2","99","99","2",0.647555786143944,NA
"3030","L1CompR12.qTau2.2","qTau2","99","99","2",0.7103236191799,NA
"3031","L12CompL2.qTau2.2","qTau2","99","99","2",0.29961853669303,NA
"3032","L12CompL22.qTau2.2","qTau2","99","99","2",0.665227335794611,NA
"3033","L12CompL3.qTau2.2","qTau2","99","99","2",0.285142733326398,NA
"3034","L12CompL32.qTau2.2","qTau2","99","99","2",0.0015077255575778,NA
"3035","L12CompR1.qTau2.2","qTau2","99","99","2",0.80297634095491,NA
"3036","L12CompR12.qTau2.2","qTau2","99","99","2",0.838064867447577,NA
"3037","L2CompL3.qTau2.2","qTau2","99","99","2",-0.0206684558701513,NA
"3038","L2CompL32.qTau2.2","qTau2","99","99","2",-0.425640635501504,NA
"3039","L2CompR1.qTau2.2","qTau2","99","99","2",0.718690928633649,NA
"3040","L2CompR12.qTau2.2","qTau2","99","99","2",0.768790093632948,NA
"3041","L22CompL3.qTau2.2","qTau2","99","99","2",-1.13535136857836,NA
"3042","L22CompL32.qTau2.2","qTau2","99","99","2",-1.98259798724137,NA
"3043","L22CompR1.qTau2.2","qTau2","99","99","2",0.411470289807736,NA
"3044","L22CompR12.qTau2.2","qTau2","99","99","2",0.516283287535469,NA
"3045","L3CompR1.qTau2.2","qTau2","99","99","2",0.724387415180255,NA
"3046","L3CompR12.qTau2.2","qTau2","99","99","2",0.773472076032821,NA
"3047","L32CompR1.qTau2.2","qTau2","99","99","2",0.802678834791074,NA
"3048","L32CompR12.qTau2.2","qTau2","99","99","2",0.83782034503687,NA
"3049","DCompL1.qNPQ.2","qNPQ","99","99","2",0.965654190840961,NA
"3050","DCompL12.qNPQ.2","qNPQ","99","99","2",0.500955388622623,NA
"3051","DCompL2.qNPQ.2","qNPQ","99","99","2",0.479438169857892,NA
"3052","DCompL22.qNPQ.2","qNPQ","99","99","2",0.596782330833599,NA
"3053","DCompL3.qNPQ.2","qNPQ","99","99","2",0.689017769302766,NA
"3054","DCompL32.qNPQ.2","qNPQ","99","99","2",0.365571207402053,NA
"3055","DCompR1.qNPQ.2","qNPQ","99","99","2",0.290126879042012,NA
"3056","DCompR12.qNPQ.2","qNPQ","99","99","2",0.404840307434118,NA
"3057","L1CompL2.qNPQ.2","qNPQ","99","99","2",-14.1564875857673,NA
"3058","L1CompL22.qNPQ.2","qNPQ","99","99","2",-10.7399379731976,NA
"3059","L1CompL3.qNPQ.2","qNPQ","99","99","2",-8.05444472882337,NA
"3060","L1CompL32.qNPQ.2","qNPQ","99","99","2",-17.4717963597891,NA
"3061","L1CompR1.qNPQ.2","qNPQ","99","99","2",-19.6684057921276,NA
"3062","L1CompR12.qNPQ.2","qNPQ","99","99","2",-16.3284516259315,NA
"3063","L12CompL2.qNPQ.2","qNPQ","99","99","2",-0.0431168241759847,NA
"3064","L12CompL22.qNPQ.2","qNPQ","99","99","2",0.192020793384565,NA
"3065","L12CompL3.qNPQ.2","qNPQ","99","99","2",0.376844827882393,NA
"3066","L12CompL32.qNPQ.2","qNPQ","99","99","2",-0.271286730953585,NA
"3067","L12CompR1.qNPQ.2","qNPQ","99","99","2",-0.422464254245165,NA
"3068","L12CompR12.qNPQ.2","qNPQ","99","99","2",-0.192598174586487,NA
"3069","L2CompL3.qNPQ.2","qNPQ","99","99","2",0.402602702137537,NA
"3070","L2CompL32.qNPQ.2","qNPQ","99","99","2",-0.218738593309378,NA
"3071","L2CompR1.qNPQ.2","qNPQ","99","99","2",-0.363667253060411,NA
"3072","L2CompR12.qNPQ.2","qNPQ","99","99","2",-0.143302597509715,NA
"3073","L22CompL3.qNPQ.2","qNPQ","99","99","2",0.228748503655239,NA
"3074","L22CompL32.qNPQ.2","qNPQ","99","99","2",-0.573415157896093,NA
"3075","L22CompR1.qNPQ.2","qNPQ","99","99","2",-0.760520868109666,NA
"3076","L22CompR12.qNPQ.2","qNPQ","99","99","2",-0.476025824454311,NA
"3077","L3CompR1.qNPQ.2","qNPQ","99","99","2",-1.2826806514521,NA
"3078","L3CompR12.qNPQ.2","qNPQ","99","99","2",-0.913806107929423,NA
"3079","L32CompR1.qNPQ.2","qNPQ","99","99","2",-0.118916936369015,NA
"3080","L32CompR12.qNPQ.2","qNPQ","99","99","2",0.061896780994539,NA
"3081","DCompL1.qqP.2","qqP","99","99","2",0.910730038318577,NA
"3082","DCompL12.qqP.2","qqP","99","99","2",0.507104210903727,NA
"3083","DCompL2.qqP.2","qqP","99","99","2",0.445579415220541,NA
"3084","DCompL22.qqP.2","qqP","99","99","2",0.471253317852015,NA
"3085","DCompL3.qqP.2","qqP","99","99","2",0.64408709630827,NA
"3086","DCompL32.qqP.2","qqP","99","99","2",0.426839607100989,NA
"3087","DCompR1.qqP.2","qqP","99","99","2",0.233328342399438,NA
"3088","DCompR12.qqP.2","qqP","99","99","2",0.267062281036461,NA
"3089","L1CompL2.qqP.2","qqP","99","99","2",-5.2106062816294,NA
"3090","L1CompL22.qqP.2","qqP","99","99","2",-4.92300783140158,NA
"3091","L1CompL3.qqP.2","qqP","99","99","2",-2.98692793172551,NA
"3092","L1CompL32.qqP.2","qqP","99","99","2",-5.42052916908878,NA
"3093","L1CompR1.qqP.2","qqP","99","99","2",-7.58823778077312,NA
"3094","L1CompR12.qqP.2","qqP","99","99","2",-7.21035099778771,NA
"3095","L12CompL2.qqP.2","qqP","99","99","2",-0.124823131063854,NA
"3096","L12CompL22.qqP.2","qqP","99","99","2",-0.0727352390602579,NA
"3097","L12CompL3.qqP.2","qqP","99","99","2",0.277914497211879,NA
"3098","L12CompL32.qqP.2","qqP","99","99","2",-0.162842948911988,NA
"3099","L12CompR1.qqP.2","qqP","99","99","2",-0.555443715610268,NA
"3100","L12CompR12.qqP.2","qqP","99","99","2",-0.487003409599793,NA
"3101","L2CompL3.qqP.2","qqP","99","99","2",0.358045293658591,NA
"3102","L2CompL32.qqP.2","qqP","99","99","2",-0.0338007076829709,NA
"3103","L2CompR1.qqP.2","qqP","99","99","2",-0.382834040885285,NA
"3104","L2CompR12.qqP.2","qqP","99","99","2",-0.321988647400405,NA
"3105","L22CompL3.qqP.2","qqP","99","99","2",0.326874445347125,NA
"3106","L22CompL32.qqP.2","qqP","99","99","2",-0.0839980887834601,NA
"3107","L22CompR1.qqP.2","qqP","99","99","2",-0.449979136485602,NA
"3108","L22CompR12.qqP.2","qqP","99","99","2",-0.386179325014478,NA
"3109","L3CompR1.qqP.2","qqP","99","99","2",-1.15409907774686,NA
"3110","L3CompR12.qqP.2","qqP","99","99","2",-1.0593176346266,NA
"3111","L32CompR1.qqP.2","qqP","99","99","2",-0.337621487979625,NA
"3112","L32CompR12.qqP.2","qqP","99","99","2",-0.278765469568445,NA
"3113","DCompL1.qABQ.2","qABQ","99","99","2",0,NA
"3114","DCompL12.qABQ.2","qABQ","99","99","2",0,NA
"3115","DCompL2.qABQ.2","qABQ","99","99","2",0,NA
"3116","DCompL22.qABQ.2","qABQ","99","99","2",0,NA
"3117","DCompL3.qABQ.2","qABQ","99","99","2",0,NA
"3118","DCompL32.qABQ.2","qABQ","99","99","2",0,NA
"3119","DCompR1.qABQ.2","qABQ","99","99","2",0,NA
"3120","DCompR12.qABQ.2","qABQ","99","99","2",1,NA
"3121","L1CompL2.qABQ.2","qABQ","99","99","2",0.740831691016273,NA
"3122","L1CompL22.qABQ.2","qABQ","99","99","2",0.935301854833851,NA
"3123","L1CompL3.qABQ.2","qABQ","99","99","2",0.336702478663745,NA
"3124","L1CompL32.qABQ.2","qABQ","99","99","2",0.450292229643929,NA
"3125","L1CompR1.qABQ.2","qABQ","99","99","2",0.968935865353015,NA
"3126","L1CompR12.qABQ.2","qABQ","99","99","2",1.16158310805977,NA
"3127","L12CompL2.qABQ.2","qABQ","99","99","2",0.511731603794397,NA
"3128","L12CompL22.qABQ.2","qABQ","99","99","2",0.878109867284212,NA
"3129","L12CompL3.qABQ.2","qABQ","99","99","2",-0.249640506665263,NA
"3130","L12CompL32.qABQ.2","qABQ","99","99","2",-0.0356394748494084,NA
"3131","L12CompR1.qABQ.2","qABQ","99","99","2",0.941475733421749,NA
"3132","L12CompR12.qABQ.2","qABQ","99","99","2",1.30441964658269,NA
"3133","L2CompL3.qABQ.2","qABQ","99","99","2",-1.55933113094434,NA
"3134","L2CompL32.qABQ.2","qABQ","99","99","2",-1.12104548010377,NA
"3135","L2CompR1.qABQ.2","qABQ","99","99","2",0.88013914676221,NA
"3136","L2CompR12.qABQ.2","qABQ","99","99","2",1.62346784872496,NA
"3137","L22CompL3.qABQ.2","qABQ","99","99","2",-9.25218759568552,NA
"3138","L22CompL32.qABQ.2","qABQ","99","99","2",-7.49649969012845,NA
"3139","L22CompR1.qABQ.2","qABQ","99","99","2",0.519860506553781,NA
"3140","L22CompR12.qABQ.2","qABQ","99","99","2",3.49749212508046,NA
"3141","L3CompR1.qABQ.2","qABQ","99","99","2",0.953167117850216,NA
"3142","L3CompR12.qABQ.2","qABQ","99","99","2",1.24360577698866,NA
"3143","L32CompR1.qABQ.2","qABQ","99","99","2",0.943489729776126,NA
"3144","L32CompR12.qABQ.2","qABQ","99","99","2",1.29394364928679,NA
"3145","DCompL1.qqm.2","qqm","99","99","2",0,NA
"3146","DCompL12.qqm.2","qqm","99","99","2",0,NA
"3147","DCompL2.qqm.2","qqm","99","99","2",0,NA
"3148","DCompL22.qqm.2","qqm","99","99","2",0,NA
"3149","DCompL3.qqm.2","qqm","99","99","2",0,NA
"3150","DCompL32.qqm.2","qqm","99","99","2",0,NA
"3151","DCompR1.qqm.2","qqm","99","99","2",0,NA
"3152","DCompR12.qqm.2","qqm","99","99","2",0,NA
"3153","L1CompL2.qqm.2","qqm","99","99","2",0.252056514614118,NA
"3154","L1CompL22.qqm.2","qqm","99","99","2",0.373131409132016,NA
"3155","L1CompL3.qqm.2","qqm","99","99","2",0.0803917678836412,NA
"3156","L1CompL32.qqm.2","qqm","99","99","2",0.123296153750921,NA
"3157","L1CompR1.qqm.2","qqm","99","99","2",0.595969936377748,NA
"3158","L1CompR12.qqm.2","qqm","99","99","2",0.653243565739114,NA
"3159","L12CompL2.qqm.2","qqm","99","99","2",0.155568718661572,NA
"3160","L12CompL22.qqm.2","qqm","99","99","2",0.292262774179571,NA
"3161","L12CompL3.qqm.2","qqm","99","99","2",-0.0382414887600026,NA
"3162","L12CompL32.qqm.2","qqm","99","99","2",0.0101977399261781,NA
"3163","L12CompR1.qqm.2","qqm","99","99","2",0.543848390967983,NA
"3164","L12CompR12.qqm.2","qqm","99","99","2",0.60851055485269,NA
"3165","L2CompL3.qqm.2","qqm","99","99","2",-0.229515665400723,NA
"3166","L2CompL32.qqm.2","qqm","99","99","2",-0.172152526733709,NA
"3167","L2CompR1.qqm.2","qqm","99","99","2",0.459812042598642,NA
"3168","L2CompR12.qqm.2","qqm","99","99","2",0.536386851364865,NA
"3169","L22CompL3.qqm.2","qqm","99","99","2",-0.466987253011093,NA
"3170","L22CompL32.qqm.2","qqm","99","99","2",-0.398544860949507,NA
"3171","L22CompR1.qqm.2","qqm","99","99","2",0.355478852333601,NA
"3172","L22CompR12.qqm.2","qqm","99","99","2",0.446843502270939,NA
"3173","L3CompR1.qqm.2","qqm","99","99","2",0.560649796824427,NA
"3174","L3CompR12.qqm.2","qqm","99","99","2",0.622930262963315,NA
"3175","L32CompR1.qqm.2","qqm","99","99","2",0.53914874977352,NA
"3176","L32CompR12.qqm.2","qqm","99","99","2",0.604477115340076,NA
"3177","DCompL1.qQuant.3","qQuant","99","99","3",0.888008114732092,NA
"3178","DCompL12.qQuant.3","qQuant","99","99","3",0.777867420569703,NA
"3179","DCompL2.qQuant.3","qQuant","99","99","3",0.659860893199392,NA
"3180","DCompL22.qQuant.3","qQuant","99","99","3",0.559426356109932,NA
"3181","DCompL3.qQuant.3","qQuant","99","99","3",0.820203012527914,NA
"3182","DCompL32.qQuant.3","qQuant","99","99","3",0.791839056728175,NA
"3183","DCompR1.qQuant.3","qQuant","99","99","3",0.351061553355396,NA
"3184","DCompR12.qQuant.3","qQuant","99","99","3",0.304589902304072,NA
"3185","L1CompL2.qQuant.3","qQuant","99","99","3",-2.03717636315279,NA
"3186","L1CompL22.qQuant.3","qQuant","99","99","3",-2.93397827740934,NA
"3187","L1CompL3.qQuant.3","qQuant","99","99","3",-0.605446564650411,NA
"3188","L1CompL32.qQuant.3","qQuant","99","99","3",-0.858714520019566,NA
"3189","L1CompR1.qQuant.3","qQuant","99","99","3",-4.79451310326824,NA
"3190","L1CompR12.qQuant.3","qQuant","99","99","3",-5.20946862384148,NA
"3191","L12CompL2.qQuant.3","qQuant","99","99","3",-0.531243672913547,NA
"3192","L12CompL22.qQuant.3","qQuant","99","99","3",-0.983381478844781,NA
"3193","L12CompL3.qQuant.3","qQuant","99","99","3",0.19058704520872,NA
"3194","L12CompL32.qQuant.3","qQuant","99","99","3",0.0628977351917694,NA
"3195","L12CompR1.qQuant.3","qQuant","99","99","3",-1.92140148153385,NA
"3196","L12CompR12.qQuant.3","qQuant","99","99","3",-2.13060830374115,NA
"3197","L2CompL3.qQuant.3","qQuant","99","99","3",0.471401600470822,NA
"3198","L2CompL32.qQuant.3","qQuant","99","99","3",0.388012318754483,NA
"3199","L2CompR1.qQuant.3","qQuant","99","99","3",-0.90786191199419,NA
"3200","L2CompR12.qQuant.3","qQuant","99","99","3",-1.04448734000934,NA
"3201","L22CompL3.qQuant.3","qQuant","99","99","3",0.591902534421809,NA
"3202","L22CompL32.qQuant.3","qQuant","99","99","3",0.527522932525292,NA
"3203","L22CompR1.qQuant.3","qQuant","99","99","3",-0.472939781224243,NA
"3204","L22CompR12.qQuant.3","qQuant","99","99","3",-0.578419652060364,NA
"3205","L3CompR1.qQuant.3","qQuant","99","99","3",-2.60928431431787,NA
"3206","L3CompR12.qQuant.3","qQuant","99","99","3",-2.86775166521572,NA
"3207","L32CompR1.qQuant.3","qQuant","99","99","3",-2.11748417568032,NA
"3208","L32CompR12.qQuant.3","qQuant","99","99","3",-2.34073283280539,NA
"3209","DCompL1.qSigma.3","qSigma","99","99","3",0.491895735656106,NA
"3210","DCompL12.qSigma.3","qSigma","99","99","3",0.229964044808011,NA
"3211","DCompL2.qSigma.3","qSigma","99","99","3",0.144084087801576,NA
"3212","DCompL22.qSigma.3","qSigma","99","99","3",0.0579864167574029,NA
"3213","DCompL3.qSigma.3","qSigma","99","99","3",0.363923026119827,NA
"3214","DCompL32.qSigma.3","qSigma","99","99","3",0.291440085002205,NA
"3215","DCompR1.qSigma.3","qSigma","99","99","3",0.0548407554159118,NA
"3216","DCompR12.qSigma.3","qSigma","99","99","3",-0.0368359237107431,NA
"3217","L1CompL2.qSigma.3","qSigma","99","99","3",-0.684528102324928,NA
"3218","L1CompL22.qSigma.3","qSigma","99","99","3",-0.853976928257041,NA
"3219","L1CompL3.qSigma.3","qSigma","99","99","3",-0.251863088969599,NA
"3220","L1CompL32.qSigma.3","qSigma","99","99","3",-0.394516765004413,NA
"3221","L1CompR1.qSigma.3","qSigma","99","99","3",-0.860167904326792,NA
"3222","L1CompR12.qSigma.3","qSigma","99","99","3",-1.04059677603688,NA
"3223","L12CompL2.qSigma.3","qSigma","99","99","3",-0.111527203927799,NA
"3224","L12CompL22.qSigma.3","qSigma","99","99","3",-0.223337140156955,NA
"3225","L12CompL3.qSigma.3","qSigma","99","99","3",0.173964579716822,NA
"3226","L12CompL32.qSigma.3","qSigma","99","99","3",0.0798352853262119,NA
"3227","L12CompR1.qSigma.3","qSigma","99","99","3",-0.227422223873217,NA
"3228","L12CompR12.qSigma.3","qSigma","99","99","3",-0.346477286832968,NA
"3229","L2CompL3.qSigma.3","qSigma","99","99","3",0.256846420524644,NA
"3230","L2CompL32.qSigma.3","qSigma","99","99","3",0.172161768580917,NA
"3231","L2CompR1.qSigma.3","qSigma","99","99","3",-0.104266471873904,NA
"3232","L2CompR12.qSigma.3","qSigma","99","99","3",-0.211375917813731,NA
"3233","L22CompL3.qSigma.3","qSigma","99","99","3",0.32476878763184,NA
"3234","L22CompL32.qSigma.3","qSigma","99","99","3",0.247824099777,NA
"3235","L22CompR1.qSigma.3","qSigma","99","99","3",-0.00333929509876396,NA
"3236","L22CompR12.qSigma.3","qSigma","99","99","3",-0.100659207207765,NA
"3237","L3CompR1.qSigma.3","qSigma","99","99","3",-0.485919603123601,NA
"3238","L3CompR12.qSigma.3","qSigma","99","99","3",-0.630047881447232,NA
"3239","L32CompR1.qSigma.3","qSigma","99","99","3",-0.333915769969897,NA
"3240","L32CompR12.qSigma.3","qSigma","99","99","3",-0.463300282395978,NA
"3241","DCompL1.qConnect.3","qConnect","99","99","3",-1.42153113436633,NA
"3242","DCompL12.qConnect.3","qConnect","99","99","3",-0.0183111186241153,NA
"3243","DCompL2.qConnect.3","qConnect","99","99","3",-0.23540170001272,NA
"3244","DCompL22.qConnect.3","qConnect","99","99","3",0.148415376477952,NA
"3245","DCompL3.qConnect.3","qConnect","99","99","3",-0.311646822545046,NA
"3246","DCompL32.qConnect.3","qConnect","99","99","3",-0.107760645649838,NA
"3247","DCompR1.qConnect.3","qConnect","99","99","3",0.209275321353484,NA
"3248","DCompR12.qConnect.3","qConnect","99","99","3",0.24181829130142,NA
"3249","L1CompL2.qConnect.3","qConnect","99","99","3",0.489826216776682,NA
"3250","L1CompL22.qConnect.3","qConnect","99","99","3",0.648328030378642,NA
"3251","L1CompL3.qConnect.3","qConnect","99","99","3",0.458339889200606,NA
"3252","L1CompL32.qConnect.3","qConnect","99","99","3",0.542537103930435,NA
"3253","L1CompR1.qConnect.3","qConnect","99","99","3",0.673460866381371,NA
"3254","L1CompR12.qConnect.3","qConnect","99","99","3",0.68689987176358,NA
"3255","L12CompL2.qConnect.3","qConnect","99","99","3",-0.213186890939505,NA
"3256","L12CompL22.qConnect.3","qConnect","99","99","3",0.163728444139291,NA
"3257","L12CompL3.qConnect.3","qConnect","99","99","3",-0.288060985052652,NA
"3258","L12CompL32.qConnect.3","qConnect","99","99","3",-0.0878410589747674,NA
"3259","L12CompR1.qConnect.3","qConnect","99","99","3",0.223494014565118,NA
"3260","L12CompR12.qConnect.3","qConnect","99","99","3",0.255451801682188,NA
"3261","L2CompL3.qConnect.3","qConnect","99","99","3",-0.0617168670979977,NA
"3262","L2CompL32.qConnect.3","qConnect","99","99","3",0.103319474436184,NA
"3263","L2CompR1.qConnect.3","qConnect","99","99","3",0.359945288533783,NA
"3264","L2CompR12.qConnect.3","qConnect","99","99","3",0.386287303400364,NA
"3265","L22CompL3.qConnect.3","qConnect","99","99","3",-0.540242491838612,NA
"3266","L22CompL32.qConnect.3","qConnect","99","99","3",-0.300822742745492,NA
"3267","L22CompR1.qConnect.3","qConnect","99","99","3",0.0714667024209797,NA
"3268","L22CompR12.qConnect.3","qConnect","99","99","3",0.109681307345786,NA
"3269","L3CompR1.qConnect.3","qConnect","99","99","3",0.397151226187368,NA
"3270","L3CompR12.qConnect.3","qConnect","99","99","3",0.421961997950449,NA
"3271","L32CompR1.qConnect.3","qConnect","99","99","3",0.286195369232802,NA
"3272","L32CompR12.qConnect.3","qConnect","99","99","3",0.315572626924462,NA
"3273","DCompL1.qTau1.3","qTau1","99","99","3",-2.44235285419618,NA
"3274","DCompL12.qTau1.3","qTau1","99","99","3",-0.457392093806413,NA
"3275","DCompL2.qTau1.3","qTau1","99","99","3",-0.657988259841356,NA
"3276","DCompL22.qTau1.3","qTau1","99","99","3",-0.554050700934981,NA
"3277","DCompL3.qTau1.3","qTau1","99","99","3",-0.875691440065603,NA
"3278","DCompL32.qTau1.3","qTau1","99","99","3",-0.567732443635239,NA
"3279","DCompR1.qTau1.3","qTau1","99","99","3",-0.5544791222197,NA
"3280","DCompR12.qTau1.3","qTau1","99","99","3",-0.587658701973953,NA
"3281","L1CompL2.qTau1.3","qTau1","99","99","3",0.51835609826567,NA
"3282","L1CompL22.qTau1.3","qTau1","99","99","3",0.548549853324707,NA
"3283","L1CompL3.qTau1.3","qTau1","99","99","3",0.455113546021535,NA
"3284","L1CompL32.qTau1.3","qTau1","99","99","3",0.544575320997615,NA
"3285","L1CompR1.qTau1.3","qTau1","99","99","3",0.548425397377607,NA
"3286","L1CompR12.qTau1.3","qTau1","99","99","3",0.538786763234159,NA
"3287","L12CompL2.qTau1.3","qTau1","99","99","3",-0.137640492827861,NA
"3288","L12CompL22.qTau1.3","qTau1","99","99","3",-0.0663229940242883,NA
"3289","L12CompL3.qTau1.3","qTau1","99","99","3",-0.287019085692085,NA
"3290","L12CompL32.qTau1.3","qTau1","99","99","3",-0.0757108195507217,NA
"3291","L12CompR1.qTau1.3","qTau1","99","99","3",-0.0666169583503884,NA
"3292","L12CompR12.qTau1.3","qTau1","99","99","3",-0.0893833641071227,NA
"3293","L2CompL3.qTau1.3","qTau1","99","99","3",-0.13130562229981,NA
"3294","L2CompL32.qTau1.3","qTau1","99","99","3",0.0544369452982454,NA
"3295","L2CompR1.qTau1.3","qTau1","99","99","3",0.0624305612583529,NA
"3296","L2CompR12.qTau1.3","qTau1","99","99","3",0.0424186102947024,NA
"3297","L22CompL3.qTau1.3","qTau1","99","99","3",-0.20696927000973,NA
"3298","L22CompL32.qTau1.3","qTau1","99","99","3",-0.00880392299429263,NA
"3299","L22CompR1.qTau1.3","qTau1","99","99","3",-0.000275680378035024,NA
"3300","L22CompR12.qTau1.3","qTau1","99","99","3",-0.0216260647215389,NA
"3301","L3CompR1.qTau1.3","qTau1","99","99","3",0.171250084627282,NA
"3302","L3CompR12.qTau1.3","qTau1","99","99","3",0.153560831989283,NA
"3303","L32CompR1.qTau1.3","qTau1","99","99","3",0.00845381587230986,NA
"3304","L32CompR12.qTau1.3","qTau1","99","99","3",-0.0127102417377483,NA
"3305","DCompL1.qTau2.3","qTau2","99","99","3",-3.13745081379397,NA
"3306","DCompL12.qTau2.3","qTau2","99","99","3",-6.46233642340815,NA
"3307","DCompL2.qTau2.3","qTau2","99","99","3",-2.04259593621714,NA
"3308","DCompL22.qTau2.3","qTau2","99","99","3",-0.959881099206022,NA
"3309","DCompL3.qTau2.3","qTau2","99","99","3",-5.32320541750676,NA
"3310","DCompL32.qTau2.3","qTau2","99","99","3",-5.84188828085712,NA
"3311","DCompR1.qTau2.3","qTau2","99","99","3",-0.174903089828961,NA
"3312","DCompR12.qTau2.3","qTau2","99","99","3",-0.0568067418426203,NA
"3313","L1CompL2.qTau2.3","qTau2","99","99","3",0.264620638854886,NA
"3314","L1CompL22.qTau2.3","qTau2","99","99","3",0.526307094051265,NA
"3315","L1CompL3.qTau2.3","qTau2","99","99","3",-0.528285338504967,NA
"3316","L1CompL32.qTau2.3","qTau2","99","99","3",-0.653648245931226,NA
"3317","L1CompR1.qTau2.3","qTau2","99","99","3",0.716032131206994,NA
"3318","L1CompR12.qTau2.3","qTau2","99","99","3",0.744575394511204,NA
"3319","L12CompL2.qTau2.3","qTau2","99","99","3",0.592273014297103,NA
"3320","L12CompL22.qTau2.3","qTau2","99","99","3",0.737363610000456,NA
"3321","L12CompL3.qTau2.3","qTau2","99","99","3",0.152650717049974,NA
"3322","L12CompL32.qTau2.3","qTau2","99","99","3",0.0831439521548226,NA
"3323","L12CompR1.qTau2.3","qTau2","99","99","3",0.842555598787603,NA
"3324","L12CompR12.qTau2.3","qTau2","99","99","3",0.85838125194576,NA
"3325","L2CompL3.qTau2.3","qTau2","99","99","3",-1.07822712909043,NA
"3326","L2CompL32.qTau2.3","qTau2","99","99","3",-1.24870091996627,NA
"3327","L2CompR1.qTau2.3","qTau2","99","99","3",0.613848465435829,NA
"3328","L2CompR12.qTau2.3","qTau2","99","99","3",0.652662803738393,NA
"3329","L22CompL3.qTau2.3","qTau2","99","99","3",-2.22632093348336,NA
"3330","L22CompL32.qTau2.3","qTau2","99","99","3",-2.49097110208822,NA
"3331","L22CompR1.qTau2.3","qTau2","99","99","3",0.400523281588392,NA
"3332","L22CompR12.qTau2.3","qTau2","99","99","3",0.460780175761301,NA
"3333","L3CompR1.qTau2.3","qTau2","99","99","3",0.81419185171874,NA
"3334","L3CompR12.qTau2.3","qTau2","99","99","3",0.832868510183666,NA
"3335","L32CompR1.qTau2.3","qTau2","99","99","3",0.82827794877677,NA
"3336","L32CompR12.qTau2.3","qTau2","99","99","3",0.845538731639414,NA
"3337","DCompL1.qNPQ.3","qNPQ","99","99","3",0.972377333178149,NA
"3338","DCompL12.qNPQ.3","qNPQ","99","99","3",0.513992800488319,NA
"3339","DCompL2.qNPQ.3","qNPQ","99","99","3",0.492245058359424,NA
"3340","DCompL22.qNPQ.3","qNPQ","99","99","3",0.599540954694912,NA
"3341","DCompL3.qNPQ.3","qNPQ","99","99","3",0.694101019046016,NA
"3342","DCompL32.qNPQ.3","qNPQ","99","99","3",0.380374681293722,NA
"3343","DCompR1.qNPQ.3","qNPQ","99","99","3",0.309186537323236,NA
"3344","DCompR12.qNPQ.3","qNPQ","99","99","3",0.409700344943689,NA
"3345","L1CompL2.qNPQ.3","qNPQ","99","99","3",-17.381821889801,NA
"3346","L1CompL22.qNPQ.3","qNPQ","99","99","3",-13.4974794753817,NA
"3347","L1CompL3.qNPQ.3","qNPQ","99","99","3",-10.0742015941779,NA
"3348","L1CompL32.qNPQ.3","qNPQ","99","99","3",-21.4317703537635,NA
"3349","L1CompR1.qNPQ.3","qNPQ","99","99","3",-24.0089344063731,NA
"3350","L1CompR12.qNPQ.3","qNPQ","99","99","3",-20.3701182026841,NA
"3351","L12CompL2.qNPQ.3","qNPQ","99","99","3",-0.0447477777093539,NA
"3352","L12CompL22.qNPQ.3","qNPQ","99","99","3",0.176022401093129,NA
"3353","L12CompL3.qNPQ.3","qNPQ","99","99","3",0.370587552486181,NA
"3354","L12CompL32.qNPQ.3","qNPQ","99","99","3",-0.274930328869305,NA
"3355","L12CompR1.qNPQ.3","qNPQ","99","99","3",-0.421405821499894,NA
"3356","L12CompR12.qNPQ.3","qNPQ","99","99","3",-0.214590351026524,NA
"3357","L2CompL3.qNPQ.3","qNPQ","99","99","3",0.397546028866577,NA
"3358","L2CompL32.qNPQ.3","qNPQ","99","99","3",-0.22032356140985,NA
"3359","L2CompR1.qNPQ.3","qNPQ","99","99","3",-0.3605253361882,NA
"3360","L2CompR12.qNPQ.3","qNPQ","99","99","3",-0.162568015879924,NA
"3361","L22CompL3.qNPQ.3","qNPQ","99","99","3",0.236129175903777,NA
"3362","L22CompL32.qNPQ.3","qNPQ","99","99","3",-0.547287608984382,NA
"3363","L22CompR1.qNPQ.3","qNPQ","99","99","3",-0.725053961886343,NA
"3364","L22CompR12.qNPQ.3","qNPQ","99","99","3",-0.474057489715569,NA
"3365","L3CompR1.qNPQ.3","qNPQ","99","99","3",-1.25830586464321,NA
"3366","L3CompR12.qNPQ.3","qNPQ","99","99","3",-0.929720894183392,NA
"3367","L32CompR1.qNPQ.3","qNPQ","99","99","3",-0.114889017316337,NA
"3368","L32CompR12.qNPQ.3","qNPQ","99","99","3",0.0473280590134636,NA
"3369","DCompL1.qqP.3","qqP","99","99","3",0.914795590755763,NA
"3370","DCompL12.qqP.3","qqP","99","99","3",0.505035125772401,NA
"3371","DCompL2.qqP.3","qqP","99","99","3",0.445578130869231,NA
"3372","DCompL22.qqP.3","qqP","99","99","3",0.469597739600164,NA
"3373","DCompL3.qqP.3","qqP","99","99","3",0.643477438394253,NA
"3374","DCompL32.qqP.3","qqP","99","99","3",0.433059538411098,NA
"3375","DCompR1.qqP.3","qqP","99","99","3",0.235624001397142,NA
"3376","DCompR12.qqP.3","qqP","99","99","3",0.26512278163192,NA
"3377","L1CompL2.qqP.3","qqP","99","99","3",-5.50696218715079,NA
"3378","L1CompL22.qqP.3","qqP","99","99","3",-5.2250564859789,NA
"3379","L1CompL3.qqP.3","qqP","99","99","3",-3.18432056237586,NA
"3380","L1CompL32.qqP.3","qqP","99","99","3",-5.65388641993607,NA
"3381","L1CompR1.qqP.3","qqP","99","99","3",-7.97108501053964,NA
"3382","L1CompR12.qqP.3","qqP","99","99","3",-7.6248731126293,NA
"3383","L12CompL2.qqP.3","qqP","99","99","3",-0.120123665332726,NA
"3384","L12CompL22.qqP.3","qqP","99","99","3",-0.0715957596537293,NA
"3385","L12CompL3.qqP.3","qqP","99","99","3",0.279701287566906,NA
"3386","L12CompL32.qqP.3","qqP","99","99","3",-0.14541554584782,NA
"3387","L12CompR1.qqP.3","qqP","99","99","3",-0.544303522135141,NA
"3388","L12CompR12.qqP.3","qqP","99","99","3",-0.484705797587898,NA
"3389","L2CompL3.qqP.3","qqP","99","99","3",0.356947152599322,NA
"3390","L2CompL32.qqP.3","qqP","99","99","3",-0.0225795430432059,NA
"3391","L2CompR1.qqP.3","qqP","99","99","3",-0.378690201743407,NA
"3392","L2CompR12.qqP.3","qqP","99","99","3",-0.325483822491042,NA
"3393","L22CompL3.qqP.3","qqP","99","99","3",0.327826089321361,NA
"3394","L22CompL32.qqP.3","qqP","99","99","3",-0.0688877177135754,NA
"3395","L22CompR1.qqP.3","qqP","99","99","3",-0.441125077458463,NA
"3396","L22CompR12.qqP.3","qqP","99","99","3",-0.385509212977531,NA
"3397","L3CompR1.qqP.3","qqP","99","99","3",-1.14397651346432,NA
"3398","L3CompR12.qqP.3","qqP","99","99","3",-1.06123622319512,NA
"3399","L32CompR1.qqP.3","qqP","99","99","3",-0.348247391728973,NA
"3400","L32CompR12.qqP.3","qqP","99","99","3",-0.296215860671719,NA
"3401","DCompL1.qABQ.3","qABQ","99","99","3",0,NA
"3402","DCompL12.qABQ.3","qABQ","99","99","3",0,NA
"3403","DCompL2.qABQ.3","qABQ","99","99","3",0,NA
"3404","DCompL22.qABQ.3","qABQ","99","99","3",0,NA
"3405","DCompL3.qABQ.3","qABQ","99","99","3",0,NA
"3406","DCompL32.qABQ.3","qABQ","99","99","3",0,NA
"3407","DCompR1.qABQ.3","qABQ","99","99","3",0,NA
"3408","DCompR12.qABQ.3","qABQ","99","99","3",1,NA
"3409","L1CompL2.qABQ.3","qABQ","99","99","3",0.70708408844124,NA
"3410","L1CompL22.qABQ.3","qABQ","99","99","3",0.882116447543385,NA
"3411","L1CompL3.qABQ.3","qABQ","99","99","3",0.260162266634788,NA
"3412","L1CompL32.qABQ.3","qABQ","99","99","3",0.407516544916832,NA
"3413","L1CompR1.qABQ.3","qABQ","99","99","3",0.888511423375602,NA
"3414","L1CompR12.qABQ.3","qABQ","99","99","3",1.07488563335808,NA
"3415","L12CompL2.qABQ.3","qABQ","99","99","3",0.373449497629656,NA
"3416","L12CompL22.qABQ.3","qABQ","99","99","3",0.747845726031594,NA
"3417","L12CompL3.qABQ.3","qABQ","99","99","3",-0.582521417309625,NA
"3418","L12CompL32.qABQ.3","qABQ","99","99","3",-0.267328921986567,NA
"3419","L12CompR1.qABQ.3","qABQ","99","99","3",0.761524652857383,NA
"3420","L12CompR12.qABQ.3","qABQ","99","99","3",1.16018123068542,NA
"3421","L2CompL3.qABQ.3","qABQ","99","99","3",-1.52576833203817,NA
"3422","L2CompL32.qABQ.3","qABQ","99","99","3",-1.02270833267558,NA
"3423","L2CompR1.qABQ.3","qABQ","99","99","3",0.619383678984496,NA
"3424","L2CompR12.qABQ.3","qABQ","99","99","3",1.25565573737381,NA
"3425","L22CompL3.qABQ.3","qABQ","99","99","3",-5.27600473473597,NA
"3426","L22CompL32.qABQ.3","qABQ","99","99","3",-4.02600611142272,NA
"3427","L22CompR1.qABQ.3","qABQ","99","99","3",0.0542482449752299,NA
"3428","L22CompR12.qABQ.3","qABQ","99","99","3",1.63525090479129,NA
"3429","L3CompR1.qABQ.3","qABQ","99","99","3",0.849306717410474,NA
"3430","L3CompR12.qABQ.3","qABQ","99","99","3",1.1012189970596,NA
"3431","L32CompR1.qABQ.3","qABQ","99","99","3",0.811828371462713,NA
"3432","L32CompR12.qABQ.3","qABQ","99","99","3",1.12639278399355,NA
"3433","DCompL1.qqm.3","qqm","99","99","3",0,NA
"3434","DCompL12.qqm.3","qqm","99","99","3",0,NA
"3435","DCompL2.qqm.3","qqm","99","99","3",0,NA
"3436","DCompL22.qqm.3","qqm","99","99","3",0,NA
"3437","DCompL3.qqm.3","qqm","99","99","3",0,NA
"3438","DCompL32.qqm.3","qqm","99","99","3",0,NA
"3439","DCompR1.qqm.3","qqm","99","99","3",0,NA
"3440","DCompR12.qqm.3","qqm","99","99","3",0,NA
"3441","L1CompL2.qqm.3","qqm","99","99","3",0.256920198979861,NA
"3442","L1CompL22.qqm.3","qqm","99","99","3",0.370021121621498,NA
"3443","L1CompL3.qqm.3","qqm","99","99","3",0.0763563993158254,NA
"3444","L1CompL32.qqm.3","qqm","99","99","3",0.108297499097664,NA
"3445","L1CompR1.qqm.3","qqm","99","99","3",0.604664025551941,NA
"3446","L1CompR12.qqm.3","qqm","99","99","3",0.65699648769993,NA
"3447","L12CompL2.qqm.3","qqm","99","99","3",0.151705193262734,NA
"3448","L12CompL22.qqm.3","qqm","99","99","3",0.280820431198658,NA
"3449","L12CompL3.qqm.3","qqm","99","99","3",-0.0544252025971287,NA
"3450","L12CompL32.qqm.3","qqm","99","99","3",-0.0179614620551138,NA
"3451","L12CompR1.qqm.3","qqm","99","99","3",0.548687161755302,NA
"3452","L12CompR12.qqm.3","qqm","99","99","3",0.608429541783622,NA
"3453","L2CompL3.qqm.3","qqm","99","99","3",-0.242993820335511,NA
"3454","L2CompL32.qqm.3","qqm","99","99","3",-0.200009069925141,NA
"3455","L2CompR1.qqm.3","qqm","99","99","3",0.467976422040647,NA
"3456","L2CompR12.qqm.3","qqm","99","99","3",0.538402858173272,NA
"3457","L22CompL3.qqm.3","qqm","99","99","3",-0.466150108177491,NA
"3458","L22CompL32.qqm.3","qqm","99","99","3",-0.415448249943686,NA
"3459","L22CompR1.qqm.3","qqm","99","99","3",0.37246154114625,NA
"3460","L22CompR12.qqm.3","qqm","99","99","3",0.455531726424028,NA
"3461","L3CompR1.qqm.3","qqm","99","99","3",0.571982121507452,NA
"3462","L3CompR12.qqm.3","qqm","99","99","3",0.628640839338901,NA
"3463","L32CompR1.qqm.3","qqm","99","99","3",0.55665036932384,NA
"3464","L32CompR12.qqm.3","qqm","99","99","3",0.615338622519309,NA
"3465","DCompL1.qQuant.4","qQuant","99","99","4",0.891756251029386,NA
"3466","DCompL12.qQuant.4","qQuant","99","99","4",0.765716834201227,NA
"3467","DCompL2.qQuant.4","qQuant","99","99","4",0.63054947469846,NA
"3468","DCompL22.qQuant.4","qQuant","99","99","4",0.542856366725876,NA
"3469","DCompL3.qQuant.4","qQuant","99","99","4",0.791127588303706,NA
"3470","DCompL32.qQuant.4","qQuant","99","99","4",0.779404147225477,NA
"3471","DCompR1.qQuant.4","qQuant","99","99","4",0.336714100117866,NA
"3472","DCompR12.qQuant.4","qQuant","99","99","4",0.27229129818346,NA
"3473","L1CompL2.qQuant.4","qQuant","99","99","4",-2.41313497375112,NA
"3474","L1CompL22.qQuant.4","qQuant","99","99","4",-3.2232797516855,NA
"3475","L1CompL3.qQuant.4","qQuant","99","99","4",-0.929648720435557,NA
"3476","L1CompL32.qQuant.4","qQuant","99","99","4",-1.03795466133023,NA
"3477","L1CompR1.qQuant.4","qQuant","99","99","4",-5.12770627578873,NA
"3478","L1CompR12.qQuant.4","qQuant","99","99","4",-5.72287045429382,NA
"3479","L12CompL2.qQuant.4","qQuant","99","99","4",-0.576940127310993,NA
"3480","L12CompL22.qQuant.4","qQuant","99","99","4",-0.951244049974832,NA
"3481","L12CompL3.qQuant.4","qQuant","99","99","4",0.108461715615988,NA
"3482","L12CompL32.qQuant.4","qQuant","99","99","4",0.0584220935276531,NA
"3483","L12CompR1.qQuant.4","qQuant","99","99","4",-1.83112914929548,NA
"3484","L12CompR12.qQuant.4","qQuant","99","99","4",-2.10610751453466,NA
"3485","L2CompL3.qQuant.4","qQuant","99","99","4",0.434640371601002,NA
"3486","L2CompL32.qQuant.4","qQuant","99","99","4",0.402908271426937,NA
"3487","L2CompR1.qQuant.4","qQuant","99","99","4",-0.79533078032781,NA
"3488","L2CompR12.qQuant.4","qQuant","99","99","4",-0.969705419210312,NA
"3489","L22CompL3.qQuant.4","qQuant","99","99","4",0.54309237514625,NA
"3490","L22CompL32.qQuant.4","qQuant","99","99","4",0.517447391327347,NA
"3491","L22CompR1.qQuant.4","qQuant","99","99","4",-0.450935442612624,NA
"3492","L22CompR12.qQuant.4","qQuant","99","99","4",-0.591860082584096,NA
"3493","L3CompR1.qQuant.4","qQuant","99","99","4",-2.17555532822865,NA
"3494","L3CompR12.qQuant.4","qQuant","99","99","4",-2.48398668788605,NA
"3495","L32CompR1.qQuant.4","qQuant","99","99","4",-2.00679224717836,NA
"3496","L32CompR12.qQuant.4","qQuant","99","99","4",-2.29883219772201,NA
"3497","DCompL1.qSigma.4","qSigma","99","99","4",0.487872016435833,NA
"3498","DCompL12.qSigma.4","qSigma","99","99","4",0.0312788664543754,NA
"3499","DCompL2.qSigma.4","qSigma","99","99","4",0.0282763584507643,NA
"3500","DCompL22.qSigma.4","qSigma","99","99","4",-0.00343401787121267,NA
"3501","DCompL3.qSigma.4","qSigma","99","99","4",0.28210376272113,NA
"3502","DCompL32.qSigma.4","qSigma","99","99","4",0.270811004395363,NA
"3503","DCompR1.qSigma.4","qSigma","99","99","4",-0.00151780198572673,NA
"3504","DCompR12.qSigma.4","qSigma","99","99","4",-0.157010499368965,NA
"3505","L1CompL2.qSigma.4","qSigma","99","99","4",-0.897423442449877,NA
"3506","L1CompL22.qSigma.4","qSigma","99","99","4",-0.959342293478653,NA
"3507","L1CompL3.qSigma.4","qSigma","99","99","4",-0.401790685763068,NA
"3508","L1CompL32.qSigma.4","qSigma","99","99","4",-0.423841342411771,NA
"3509","L1CompR1.qSigma.4","qSigma","99","99","4",-0.955600619625664,NA
"3510","L1CompR12.qSigma.4","qSigma","99","99","4",-1.25922139875412,NA
"3511","L12CompL2.qSigma.4","qSigma","99","99","4",-0.00309945545692964,NA
"3512","L12CompL22.qSigma.4","qSigma","99","99","4",-0.0358337225477214,NA
"3513","L12CompL3.qSigma.4","qSigma","99","99","4",0.258923737266583,NA
"3514","L12CompL32.qSigma.4","qSigma","99","99","4",0.247266349051635,NA
"3515","L12CompR1.qSigma.4","qSigma","99","99","4",-0.0338556343042324,NA
"3516","L12CompR12.qSigma.4","qSigma","99","99","4",-0.194369008069619,NA
"3517","L2CompL3.qSigma.4","qSigma","99","99","4",0.261213572889596,NA
"3518","L2CompL32.qSigma.4","qSigma","99","99","4",0.249592204588047,NA
"3519","L2CompR1.qSigma.4","qSigma","99","99","4",-0.0306611459910451,NA
"3520","L2CompR12.qSigma.4","qSigma","99","99","4",-0.190678552931287,NA
"3521","L22CompL3.qSigma.4","qSigma","99","99","4",0.284560594425642,NA
"3522","L22CompL32.qSigma.4","qSigma","99","99","4",0.273306482919911,NA
"3523","L22CompR1.qSigma.4","qSigma","99","99","4",0.00190965808549245,NA
"3524","L22CompR12.qSigma.4","qSigma","99","99","4",-0.153050901965199,NA
"3525","L3CompR1.qSigma.4","qSigma","99","99","4",-0.395073201361107,NA
"3526","L3CompR12.qSigma.4","qSigma","99","99","4",-0.611668148247333,NA
"3527","L32CompR1.qSigma.4","qSigma","99","99","4",-0.373468069351866,NA
"3528","L32CompR12.qSigma.4","qSigma","99","99","4",-0.586708667222251,NA
"3529","DCompL1.qConnect.4","qConnect","99","99","4",-0.595854663879844,NA
"3530","DCompL12.qConnect.4","qConnect","99","99","4",0.680543538058492,NA
"3531","DCompL2.qConnect.4","qConnect","99","99","4",0.148258298625052,NA
"3532","DCompL22.qConnect.4","qConnect","99","99","4",0.0559839468392937,NA
"3533","DCompL3.qConnect.4","qConnect","99","99","4",-0.0319791697451435,NA
"3534","DCompL32.qConnect.4","qConnect","99","99","4",-0.133038175560754,NA
"3535","DCompR1.qConnect.4","qConnect","99","99","4",0.172018443460575,NA
"3536","DCompR12.qConnect.4","qConnect","99","99","4",0.2660550022482,NA
"3537","L1CompL2.qConnect.4","qConnect","99","99","4",0.466278652653625,NA
"3538","L1CompL22.qConnect.4","qConnect","99","99","4",0.40845737739951,NA
"3539","L1CompL3.qConnect.4","qConnect","99","99","4",0.353337623342094,NA
"3540","L1CompL32.qConnect.4","qConnect","99","99","4",0.290011677626013,NA
"3541","L1CompR1.qConnect.4","qConnect","99","99","4",0.481167317250284,NA
"3542","L1CompR12.qConnect.4","qConnect","99","99","4",0.540092832785016,NA
"3543","L12CompL2.qConnect.4","qConnect","99","99","4",-1.66622154455245,NA
"3544","L12CompL22.qConnect.4","qConnect","99","99","4",-1.95506951846714,NA
"3545","L12CompL3.qConnect.4","qConnect","99","99","4",-2.23042195945342,NA
"3546","L12CompL32.qConnect.4","qConnect","99","99","4",-2.54676868539354,NA
"3547","L12CompR1.qConnect.4","qConnect","99","99","4",-1.59184475877351,NA
"3548","L12CompR12.qConnect.4","qConnect","99","99","4",-1.29748051828792,NA
"3549","L2CompL3.qConnect.4","qConnect","99","99","4",-0.211610477776587,NA
"3550","L2CompL32.qConnect.4","qConnect","99","99","4",-0.330260305127383,NA
"3551","L2CompR1.qConnect.4","qConnect","99","99","4",0.0278959510813748,NA
"3552","L2CompR12.qConnect.4","qConnect","99","99","4",0.138300970156787,NA
"3553","L22CompL3.qConnect.4","qConnect","99","99","4",-0.0931796830042494,NA
"3554","L22CompL32.qConnect.4","qConnect","99","99","4",-0.200231894115755,NA
"3555","L22CompR1.qConnect.4","qConnect","99","99","4",0.122915808722511,NA
"3556","L22CompR12.qConnect.4","qConnect","99","99","4",0.222529113467464,NA
"3557","L3CompR1.qConnect.4","qConnect","99","99","4",0.197676095784082,NA
"3558","L3CompR12.qConnect.4","qConnect","99","99","4",0.288798631533373,NA
"3559","L32CompR1.qConnect.4","qConnect","99","99","4",0.269237723495374,NA
"3560","L32CompR12.qConnect.4","qConnect","99","99","4",0.352232772396604,NA
"3561","DCompL1.qTau1.4","qTau1","99","99","4",-2.48755958174741,NA
"3562","DCompL12.qTau1.4","qTau1","99","99","4",-0.727216853247183,NA
"3563","DCompL2.qTau1.4","qTau1","99","99","4",-1.02698211619977,NA
"3564","DCompL22.qTau1.4","qTau1","99","99","4",-0.551231929322257,NA
"3565","DCompL3.qTau1.4","qTau1","99","99","4",-0.5488315364144,NA
"3566","DCompL32.qTau1.4","qTau1","99","99","4",-0.923437232129221,NA
"3567","DCompR1.qTau1.4","qTau1","99","99","4",-0.82460180275061,NA
"3568","DCompR12.qTau1.4","qTau1","99","99","4",-1.01316963400573,NA
"3569","L1CompL2.qTau1.4","qTau1","99","99","4",0.418796419476746,NA
"3570","L1CompL22.qTau1.4","qTau1","99","99","4",0.555209913132143,NA
"3571","L1CompL3.qTau1.4","qTau1","99","99","4",0.555898186078194,NA
"3572","L1CompL32.qTau1.4","qTau1","99","99","4",0.44848620158469,NA
"3573","L1CompR1.qTau1.4","qTau1","99","99","4",0.476825625488981,NA
"3574","L1CompR12.qTau1.4","qTau1","99","99","4",0.422756920185131,NA
"3575","L12CompL2.qTau1.4","qTau1","99","99","4",-0.173553924273625,NA
"3576","L12CompL22.qTau1.4","qTau1","99","99","4",0.10188930451557,NA
"3577","L12CompL3.qTau1.4","qTau1","99","99","4",0.103279050628424,NA
"3578","L12CompL32.qTau1.4","qTau1","99","99","4",-0.113604946890798,NA
"3579","L12CompR1.qTau1.4","qTau1","99","99","4",-0.056382584109426,NA
"3580","L12CompR12.qTau1.4","qTau1","99","99","4",-0.165556965369433,NA
"3581","L2CompL3.qTau1.4","qTau1","99","99","4",0.235892845804589,NA
"3582","L2CompL32.qTau1.4","qTau1","99","99","4",0.0510832746095862,NA
"3583","L2CompR1.qTau1.4","qTau1","99","99","4",0.0998431667609334,NA
"3584","L2CompR12.qTau1.4","qTau1","99","99","4",0.00681430886027816,NA
"3585","L22CompL3.qTau1.4","qTau1","99","99","4",0.00154741071433798,NA
"3586","L22CompL32.qTau1.4","qTau1","99","99","4",-0.239941749374372,NA
"3587","L22CompR1.qTau1.4","qTau1","99","99","4",-0.176227595797226,NA
"3588","L22CompR12.qTau1.4","qTau1","99","99","4",-0.297787646032593,NA
"3589","L3CompR1.qTau1.4","qTau1","99","99","4",-0.178050523799785,NA
"3590","L3CompR12.qTau1.4","qTau1","99","99","4",-0.299798968883528,NA
"3591","L32CompR1.qTau1.4","qTau1","99","99","4",0.0513847957852001,NA
"3592","L32CompR12.qTau1.4","qTau1","99","99","4",-0.0466521082037989,NA
"3593","DCompL1.qTau2.4","qTau2","99","99","4",-7.58716144878404,NA
"3594","DCompL12.qTau2.4","qTau2","99","99","4",-7.95509596271016,NA
"3595","DCompL2.qTau2.4","qTau2","99","99","4",-2.50914326937483,NA
"3596","DCompL22.qTau2.4","qTau2","99","99","4",-1.14268588027171,NA
"3597","DCompL3.qTau2.4","qTau2","99","99","4",-5.33387131177842,NA
"3598","DCompL32.qTau2.4","qTau2","99","99","4",-5.19226269265912,NA
"3599","DCompR1.qTau2.4","qTau2","99","99","4",-0.670201688448942,NA
"3600","DCompR12.qTau2.4","qTau2","99","99","4",-0.384269250093538,NA
"3601","L1CompL2.qTau2.4","qTau2","99","99","4",0.59135002989006,NA
"3602","L1CompL22.qTau2.4","qTau2","99","99","4",0.750477978893117,NA
"3603","L1CompL3.qTau2.4","qTau2","99","99","4",0.262402209443109,NA
"3604","L1CompL32.qTau2.4","qTau2","99","99","4",0.278892946220785,NA
"3605","L1CompR1.qTau2.4","qTau2","99","99","4",0.80550014129693,NA
"3606","L1CompR12.qTau2.4","qTau2","99","99","4",0.838797807826293,NA
"3607","L12CompL2.qTau2.4","qTau2","99","99","4",0.608140070861638,NA
"3608","L12CompL22.qTau2.4","qTau2","99","99","4",0.760729992264287,NA
"3609","L12CompL3.qTau2.4","qTau2","99","99","4",0.292707600437422,NA
"3610","L12CompL32.qTau2.4","qTau2","99","99","4",0.308520788783921,NA
"3611","L12CompR1.qTau2.4","qTau2","99","99","4",0.813491480671584,NA
"3612","L12CompR12.qTau2.4","qTau2","99","99","4",0.84542105904194,NA
"3613","L2CompL3.qTau2.4","qTau2","99","99","4",-0.804962301498402,NA
"3614","L2CompL32.qTau2.4","qTau2","99","99","4",-0.764608115804373,NA
"3615","L2CompR1.qTau2.4","qTau2","99","99","4",0.524042890176298,NA
"3616","L2CompR12.qTau2.4","qTau2","99","99","4",0.605525011710294,NA
"3617","L22CompL3.qTau2.4","qTau2","99","99","4",-1.95604286661712,NA
"3618","L22CompL32.qTau2.4","qTau2","99","99","4",-1.88995356233639,NA
"3619","L22CompR1.qTau2.4","qTau2","99","99","4",0.220510246589599,NA
"3620","L22CompR12.qTau2.4","qTau2","99","99","4",0.353956049816317,NA
"3621","L3CompR1.qTau2.4","qTau2","99","99","4",0.736306343113879,NA
"3622","L3CompR12.qTau2.4","qTau2","99","99","4",0.781449735563878,NA
"3623","L32CompR1.qTau2.4","qTau2","99","99","4",0.730276028110217,NA
"3624","L32CompR12.qTau2.4","qTau2","99","99","4",0.776451788498156,NA
"3625","DCompL1.qNPQ.4","qNPQ","99","99","4",0.935161313195119,NA
"3626","DCompL12.qNPQ.4","qNPQ","99","99","4",0.508538484220009,NA
"3627","DCompL2.qNPQ.4","qNPQ","99","99","4",0.486387188419795,NA
"3628","DCompL22.qNPQ.4","qNPQ","99","99","4",0.579564411798336,NA
"3629","DCompL3.qNPQ.4","qNPQ","99","99","4",0.675079989535757,NA
"3630","DCompL32.qNPQ.4","qNPQ","99","99","4",0.380600259817199,NA
"3631","DCompR1.qNPQ.4","qNPQ","99","99","4",0.302978375799873,NA
"3632","DCompR12.qNPQ.4","qNPQ","99","99","4",0.389669609632372,NA
"3633","L1CompL2.qNPQ.4","qNPQ","99","99","4",-6.92139441574165,NA
"3634","L1CompL22.qNPQ.4","qNPQ","99","99","4",-5.48433225470591,NA
"3635","L1CompL3.qNPQ.4","qNPQ","99","99","4",-4.01120590924405,NA
"3636","L1CompL32.qNPQ.4","qNPQ","99","99","4",-8.55293468615059,NA
"3637","L1CompR1.qNPQ.4","qNPQ","99","99","4",-9.75008854355232,NA
"3638","L1CompR12.qNPQ.4","qNPQ","99","99","4",-8.41305909239488,NA
"3639","L12CompL2.qNPQ.4","qNPQ","99","99","4",-0.045072289668619,NA
"3640","L12CompL22.qNPQ.4","qNPQ","99","99","4",0.144519815484643,NA
"3641","L12CompL3.qNPQ.4","qNPQ","99","99","4",0.338869880892774,NA
"3642","L12CompL32.qNPQ.4","qNPQ","99","99","4",-0.260321958678212,NA
"3643","L12CompR1.qNPQ.4","qNPQ","99","99","4",-0.418262878821538,NA
"3644","L12CompR12.qNPQ.4","qNPQ","99","99","4",-0.241868123486702,NA
"3645","L2CompL3.qNPQ.4","qNPQ","99","99","4",0.367383361282248,NA
"3646","L2CompL32.qNPQ.4","qNPQ","99","99","4",-0.205966296434714,NA
"3647","L2CompR1.qNPQ.4","qNPQ","99","99","4",-0.357095478314953,NA
"3648","L2CompR12.qNPQ.4","qNPQ","99","99","4",-0.18830834552171,NA
"3649","L22CompL3.qNPQ.4","qNPQ","99","99","4",0.227182427981349,NA
"3650","L22CompL32.qNPQ.4","qNPQ","99","99","4",-0.473233374063718,NA
"3651","L22CompR1.qNPQ.4","qNPQ","99","99","4",-0.657855908871818,NA
"3652","L22CompR12.qNPQ.4","qNPQ","99","99","4",-0.451662055960115,NA
"3653","L3CompR1.qNPQ.4","qNPQ","99","99","4",-1.14520990321349,NA
"3654","L3CompR12.qNPQ.4","qNPQ","99","99","4",-0.878401978060975,NA
"3655","L32CompR1.qNPQ.4","qNPQ","99","99","4",-0.125317915042098,NA
"3656","L32CompR12.qNPQ.4","qNPQ","99","99","4",0.0146421595406175,NA
"3657","DCompL1.qqP.4","qqP","99","99","4",0.87784193757646,NA
"3658","DCompL12.qqP.4","qqP","99","99","4",0.484041215120083,NA
"3659","DCompL2.qqP.4","qqP","99","99","4",0.420382723236647,NA
"3660","DCompL22.qqP.4","qqP","99","99","4",0.443510539271302,NA
"3661","DCompL3.qqP.4","qqP","99","99","4",0.607099768843163,NA
"3662","DCompL32.qqP.4","qqP","99","99","4",0.413863975712683,NA
"3663","DCompR1.qqP.4","qqP","99","99","4",0.221691364968607,NA
"3664","DCompR12.qqP.4","qqP","99","99","4",0.239549102441478,NA
"3665","L1CompL2.qqP.4","qqP","99","99","4",-3.74481393421039,NA
"3666","L1CompL22.qqP.4","qqP","99","99","4",-3.5554869624509,NA
"3667","L1CompL3.qqP.4","qqP","99","99","4",-2.21632664567481,NA
"3668","L1CompL32.qqP.4","qqP","99","99","4",-3.79817715391636,NA
"3669","L1CompR1.qqP.4","qqP","99","99","4",-5.3713243284171,NA
"3670","L1CompR12.qqP.4","qqP","99","99","4",-5.22513882810231,NA
"3671","L12CompL2.qqP.4","qqP","99","99","4",-0.123379025125527,NA
"3672","L12CompL22.qqP.4","qqP","99","99","4",-0.0785540958629353,NA
"3673","L12CompL3.qqP.4","qqP","99","99","4",0.238504619611663,NA
"3674","L12CompL32.qqP.4","qqP","99","99","4",-0.136013265911796,NA
"3675","L12CompR1.qqP.4","qqP","99","99","4",-0.508470555865298,NA
"3676","L12CompR12.qqP.4","qqP","99","99","4",-0.473859772996223,NA
"3677","L2CompL3.qqP.4","qqP","99","99","4",0.32213850948192,NA
"3678","L2CompL32.qqP.4","qqP","99","99","4",-0.0112466411635709,NA
"3679","L2CompR1.qqP.4","qqP","99","99","4",-0.342797508344738,NA
"3680","L2CompR12.qqP.4","qqP","99","99","4",-0.311987975591349,NA
"3681","L22CompL3.qqP.4","qqP","99","99","4",0.293966447015274,NA
"3682","L22CompL32.qqP.4","qqP","99","99","4",-0.0532742588148887,NA
"3683","L22CompR1.qqP.4","qqP","99","99","4",-0.398604447984032,NA
"3684","L22CompR12.qqP.4","qqP","99","99","4",-0.366514464735317,NA
"3685","L3CompR1.qqP.4","qqP","99","99","4",-0.980931985557191,NA
"3686","L3CompR12.qqP.4","qqP","99","99","4",-0.935480911577696,NA
"3687","L32CompR1.qqP.4","qqP","99","99","4",-0.327863504001036,NA
"3688","L32CompR12.qqP.4","qqP","99","99","4",-0.297396621344261,NA
"3689","DCompL1.qABQ.4","qABQ","99","99","4",0,NA
"3690","DCompL12.qABQ.4","qABQ","99","99","4",0,NA
"3691","DCompL2.qABQ.4","qABQ","99","99","4",0,NA
"3692","DCompL22.qABQ.4","qABQ","99","99","4",1,NA
"3693","DCompL3.qABQ.4","qABQ","99","99","4",0,NA
"3694","DCompL32.qABQ.4","qABQ","99","99","4",0,NA
"3695","DCompR1.qABQ.4","qABQ","99","99","4",1,NA
"3696","DCompR12.qABQ.4","qABQ","99","99","4",1,NA
"3697","L1CompL2.qABQ.4","qABQ","99","99","4",0.942041442226309,NA
"3698","L1CompL22.qABQ.4","qABQ","99","99","4",1.00703876786437,NA
"3699","L1CompL3.qABQ.4","qABQ","99","99","4",0.421766870782936,NA
"3700","L1CompL32.qABQ.4","qABQ","99","99","4",0.444913839547955,NA
"3701","L1CompR1.qABQ.4","qABQ","99","99","4",1.00311106588325,NA
"3702","L1CompR12.qABQ.4","qABQ","99","99","4",1.32182722943614,NA
"3703","L12CompL2.qABQ.4","qABQ","99","99","4",0.0959915861398054,NA
"3704","L12CompL22.qABQ.4","qABQ","99","99","4",1.10978715856671,NA
"3705","L12CompL3.qABQ.4","qABQ","99","99","4",-8.0189893272709,NA
"3706","L12CompL32.qABQ.4","qABQ","99","99","4",-7.65795455824436,NA
"3707","L12CompR1.qABQ.4","qABQ","99","99","4",1.04852483986086,NA
"3708","L12CompR12.qABQ.4","qABQ","99","99","4",6.01969915047898,NA
"3709","L2CompL3.qABQ.4","qABQ","99","99","4",-8.97666524889855,NA
"3710","L2CompL32.qABQ.4","qABQ","99","99","4",-8.57729422149307,NA
"3711","L2CompR1.qABQ.4","qABQ","99","99","4",1.05367742060459,NA
"3712","L2CompR12.qABQ.4","qABQ","99","99","4",6.55271286585091,NA
"3713","L22CompL3.qABQ.4","qABQ","99","99","4",83.1497654645153,NA
"3714","L22CompL32.qABQ.4","qABQ","99","99","4",79.8612682145645,NA
"3715","L22CompR1.qABQ.4","qABQ","99","99","4",0.558009875705296,NA
"3716","L22CompR12.qABQ.4","qABQ","99","99","4",-44.7220973382674,NA
"3717","L3CompR1.qABQ.4","qABQ","99","99","4",1.00538029684924,NA
"3718","L3CompR12.qABQ.4","qABQ","99","99","4",1.55657002889457,NA
"3719","L32CompR1.qABQ.4","qABQ","99","99","4",1.00560465402474,NA
"3720","L32CompR12.qABQ.4","qABQ","99","99","4",1.57977887464183,NA
"3721","DCompL1.qqm.4","qqm","99","99","4",0,NA
"3722","DCompL12.qqm.4","qqm","99","99","4",0,NA
"3723","DCompL2.qqm.4","qqm","99","99","4",0,NA
"3724","DCompL22.qqm.4","qqm","99","99","4",0,NA
"3725","DCompL3.qqm.4","qqm","99","99","4",0,NA
"3726","DCompL32.qqm.4","qqm","99","99","4",0,NA
"3727","DCompR1.qqm.4","qqm","99","99","4",0,NA
"3728","DCompR12.qqm.4","qqm","99","99","4",0,NA
"3729","L1CompL2.qqm.4","qqm","99","99","4",0.292912750574391,NA
"3730","L1CompL22.qqm.4","qqm","99","99","4",0.391250281566025,NA
"3731","L1CompL3.qqm.4","qqm","99","99","4",0.112843237834913,NA
"3732","L1CompL32.qqm.4","qqm","99","99","4",0.125989701416969,NA
"3733","L1CompR1.qqm.4","qqm","99","99","4",0.622414645561288,NA
"3734","L1CompR12.qqm.4","qqm","99","99","4",0.694657258786643,NA
"3735","L12CompL2.qqm.4","qqm","99","99","4",0.176523949148601,NA
"3736","L12CompL22.qqm.4","qqm","99","99","4",0.291048149291158,NA
"3737","L12CompL3.qqm.4","qqm","99","99","4",-0.0331855758780434,NA
"3738","L12CompL32.qqm.4","qqm","99","99","4",-0.0178751627401913,NA
"3739","L12CompR1.qqm.4","qqm","99","99","4",0.5602628999673,NA
"3740","L12CompR12.qqm.4","qqm","99","99","4",0.644396876206195,NA
"3741","L2CompL3.qqm.4","qqm","99","99","4",-0.254663781429738,NA
"3742","L2CompL32.qqm.4","qqm","99","99","4",-0.236071360773396,NA
"3743","L2CompR1.qqm.4","qqm","99","99","4",0.465998920578137,NA
"3744","L2CompR12.qqm.4","qqm","99","99","4",0.568168226111562,NA
"3745","L22CompL3.qqm.4","qqm","99","99","4",-0.457342377828646,NA
"3746","L22CompL32.qqm.4","qqm","99","99","4",-0.435746534440207,NA
"3747","L22CompR1.qqm.4","qqm","99","99","4",0.379736297192777,NA
"3748","L22CompR12.qqm.4","qqm","99","99","4",0.498410049373231,NA
"3749","L3CompR1.qqm.4","qqm","99","99","4",0.574387108860871,NA
"3750","L3CompR12.qqm.4","qqm","99","99","4",0.655818729862156,NA
"3751","L32CompR1.qqm.4","qqm","99","99","4",0.567985234211927,NA
"3752","L32CompR12.qqm.4","qqm","99","99","4",0.650641712450772,NA
"3753","DCampL1.mQuant.1","mQuant","99","99","1",0.829728576593044,NA
"3754","DCampL2.mQuant.1","mQuant","99","99","1",0.612033129117388,NA
"3755","DCampL3.mQuant.1","mQuant","99","99","1",0.804324630417604,NA
"3756","DCampR1.mQuant.1","mQuant","99","99","1",0.324713220152829,NA
"3757","L1CampL2.mQuant.1","mQuant","99","99","1",-1.2785201598706,NA
"3758","L1CampL3.mQuant.1","mQuant","99","99","1",-0.149196768706884,NA
"3759","L1CampR1.mQuant.1","mQuant","99","99","1",-2.96594311796646,NA
"3760","L2CampL3.mQuant.1","mQuant","99","99","1",0.495638972633821,NA
"3761","L2CampR1.mQuant.1","mQuant","99","99","1",-0.74057846308092,NA
"3762","L3CampR1.mQuant.1","mQuant","99","99","1",-2.4510566214253,NA
"3763","DCampL1.mSigma.1","mSigma","99","99","1",0.313949562003828,NA
"3764","DCampL2.mSigma.1","mSigma","99","99","1",0.00538867291556096,NA
"3765","DCampL3.mSigma.1","mSigma","99","99","1",0.266676426820898,NA
"3766","DCampR1.mSigma.1","mSigma","99","99","1",-0.00766564390195325,NA
"3767","L1CampL2.mSigma.1","mSigma","99","99","1",-0.449764145606433,NA
"3768","L1CampL3.mSigma.1","mSigma","99","99","1",-0.0689062094632676,NA
"3769","L1CampR1.mSigma.1","mSigma","99","99","1",-0.468792362913084,NA
"3770","L2CampL3.mSigma.1","mSigma","99","99","1",0.262703376474974,NA
"3771","L2CampR1.mSigma.1","mSigma","99","99","1",-0.0131250433833094,NA
"3772","L3CampR1.mSigma.1","mSigma","99","99","1",-0.374107802826416,NA
"3773","DCampL1.mConnect.1","mConnect","99","99","1",-0.368264934336932,NA
"3774","DCampL2.mConnect.1","mConnect","99","99","1",-0.0887548753244528,NA
"3775","DCampL3.mConnect.1","mConnect","99","99","1",-0.0761031074205279,NA
"3776","DCampR1.mConnect.1","mConnect","99","99","1",0.261347656680979,NA
"3777","L1CampL2.mConnect.1","mConnect","99","99","1",0.204280656470913,NA
"3778","L1CampL3.mConnect.1","mConnect","99","99","1",0.213527234079113,NA
"3779","L1CampR1.mConnect.1","mConnect","99","99","1",0.460154006155997,NA
"3780","L2CampL3.mConnect.1","mConnect","99","99","1",0.0116204006895074,NA
"3781","L2CampR1.mConnect.1","mConnect","99","99","1",0.321562309331657,NA
"3782","L3CampR1.mConnect.1","mConnect","99","99","1",0.313585902479543,NA
"3783","DCampL1.mTau1.1","mTau1","99","99","1",-1.52548603989856,NA
"3784","DCampL2.mTau1.1","mTau1","99","99","1",-0.759988659696072,NA
"3785","DCampL3.mTau1.1","mTau1","99","99","1",-0.527571399554362,NA
"3786","DCampR1.mTau1.1","mTau1","99","99","1",-0.592399619481418,NA
"3787","L1CampL2.mTau1.1","mTau1","99","99","1",0.303108933531557,NA
"3788","L1CampL3.mTau1.1","mTau1","99","99","1",0.395137658485842,NA
"3789","L1CampR1.mTau1.1","mTau1","99","99","1",0.369468057108968,NA
"3790","L2CampL3.mTau1.1","mTau1","99","99","1",0.1320561123285,NA
"3791","L2CampR1.mTau1.1","mTau1","99","99","1",0.0952216591234144,NA
"3792","L3CampR1.mTau1.1","mTau1","99","99","1",-0.0424387494725077,NA
"3793","DCampL1.mTau2.1","mTau2","99","99","1",-4.48607836030754,NA
"3794","DCampL2.mTau2.1","mTau2","99","99","1",-1.24892375130413,NA
"3795","DCampL3.mTau2.1","mTau2","99","99","1",-4.63403914305525,NA
"3796","DCampR1.mTau2.1","mTau2","99","99","1",0.0297686227450322,NA
"3797","L1CampL2.mTau2.1","mTau2","99","99","1",0.590067147495491,NA
"3798","L1CampL3.mTau2.1","mTau2","99","99","1",-0.0269702277346657,NA
"3799","L1CampR1.mTau2.1","mTau2","99","99","1",0.823146642549856,NA
"3800","L2CampL3.mTau2.1","mTau2","99","99","1",-1.5052157236492,NA
"3801","L2CampR1.mTau2.1","mTau2","99","99","1",0.568579692089454,NA
"3802","L3CampR1.mTau2.1","mTau2","99","99","1",0.827791154335355,NA
"3803","DCampL1.mNPQ.1","mNPQ","99","99","1",0.753539155836753,NA
"3804","DCampL2.mNPQ.1","mNPQ","99","99","1",0.582408163471011,NA
"3805","DCampL3.mNPQ.1","mNPQ","99","99","1",0.576940776313476,NA
"3806","DCampR1.mNPQ.1","mNPQ","99","99","1",0.391041116413319,NA
"3807","L1CampL2.mNPQ.1","mNPQ","99","99","1",-0.69435367287954,NA
"3808","L1CampL3.mNPQ.1","mNPQ","99","99","1",-0.716537266286017,NA
"3809","L1CampR1.mNPQ.1","mNPQ","99","99","1",-1.47081391632063,NA
"3810","L2CampL3.mNPQ.1","mNPQ","99","99","1",-0.0130926581395352,NA
"3811","L2CampR1.mNPQ.1","mNPQ","99","99","1",-0.458263381411689,NA
"3812","L3CampR1.mNPQ.1","mNPQ","99","99","1",-0.439417579128127,NA
"3813","DCampL1.mqP.1","mqP","99","99","1",0.724427871726015,NA
"3814","DCampL2.mqP.1","mqP","99","99","1",0.499649269222265,NA
"3815","DCampL3.mqP.1","mqP","99","99","1",0.588041686794322,NA
"3816","DCampR1.mqP.1","mqP","99","99","1",0.274817747189323,NA
"3817","L1CampL2.mqP.1","mqP","99","99","1",-0.815679742039319,NA
"3818","L1CampL3.mqP.1","mqP","99","99","1",-0.494920098726719,NA
"3819","L1CampR1.mqP.1","mqP","99","99","1",-1.6315515192076,NA
"3820","L2CampL3.mqP.1","mqP","99","99","1",0.176660914304376,NA
"3821","L2CampR1.mqP.1","mqP","99","99","1",-0.449347843828405,NA
"3822","L3CampR1.mqP.1","mqP","99","99","1",-0.760329211874932,NA
"3823","DCampL1.mABQ.1","mABQ","99","99","1",0,NA
"3824","DCampL2.mABQ.1","mABQ","99","99","1",0,NA
"3825","DCampL3.mABQ.1","mABQ","99","99","1",0,NA
"3826","DCampR1.mABQ.1","mABQ","99","99","1",1,NA
"3827","L1CampL2.mABQ.1","mABQ","99","99","1",0.982835864203256,NA
"3828","L1CampL3.mABQ.1","mABQ","99","99","1",0.150575572971668,NA
"3829","L1CampR1.mABQ.1","mABQ","99","99","1",1.02441680075304,NA
"3830","L2CampL3.mABQ.1","mABQ","99","99","1",-48.4883306149002,NA
"3831","L2CampR1.mABQ.1","mABQ","99","99","1",2.42254763316846,NA
"3832","L3CampR1.mABQ.1","mABQ","99","99","1",1.02874511254458,NA
"3833","DCampL1.mqm.1","mqm","99","99","1",0,NA
"3834","DCampL2.mqm.1","mqm","99","99","1",0,NA
"3835","DCampL3.mqm.1","mqm","99","99","1",0,NA
"3836","DCampR1.mqm.1","mqm","99","99","1",0,NA
"3837","L1CampL2.mqm.1","mqm","99","99","1",0.262369470712383,NA
"3838","L1CampL3.mqm.1","mqm","99","99","1",0.0306171763780283,NA
"3839","L1CampR1.mqm.1","mqm","99","99","1",0.608651275473555,NA
"3840","L2CampL3.mqm.1","mqm","99","99","1",-0.314184791887849,NA
"3841","L2CampR1.mqm.1","mqm","99","99","1",0.469451562824551,NA
"3842","L3CampR1.mqm.1","mqm","99","99","1",0.596290840945354,NA
"3843","DCampL1.mQuant.2","mQuant","99","99","2",0.837900062208299,NA
"3844","DCampL2.mQuant.2","mQuant","99","99","2",0.605678201649723,NA
"3845","DCampL3.mQuant.2","mQuant","99","99","2",0.80325797190568,NA
"3846","DCampR1.mQuant.2","mQuant","99","99","2",0.3308257625366,NA
"3847","L1CampL2.mQuant.2","mQuant","99","99","2",-1.43258451373979,NA
"3848","L1CampL3.mQuant.2","mQuant","99","99","2",-0.21370822700212,NA
"3849","L1CampR1.mQuant.2","mQuant","99","99","2",-3.12815850875458,NA
"3850","L2CampL3.mQuant.2","mQuant","99","99","2",0.50106225697532,NA
"3851","L2CampR1.mQuant.2","mQuant","99","99","2",-0.697025729399245,NA
"3852","L3CampR1.mQuant.2","mQuant","99","99","2",-2.40127752034045,NA
"3853","DCampL1.mSigma.2","mSigma","99","99","2",0.378863177364838,NA
"3854","DCampL2.mSigma.2","mSigma","99","99","2",0.0703354727368728,NA
"3855","DCampL3.mSigma.2","mSigma","99","99","2",0.32919693659611,NA
"3856","DCampR1.mSigma.2","mSigma","99","99","2",-0.0337853608540105,NA
"3857","L1CampL2.mSigma.2","mSigma","99","99","2",-0.496714561727384,NA
"3858","L1CampL3.mSigma.2","mSigma","99","99","2",-0.0799602260867738,NA
"3859","L1CampR1.mSigma.2","mSigma","99","99","2",-0.664344027243778,NA
"3860","L2CampL3.mSigma.2","mSigma","99","99","2",0.278446102080832,NA
"3861","L2CampR1.mSigma.2","mSigma","99","99","2",-0.111998285981082,NA
"3862","L3CampR1.mSigma.2","mSigma","99","99","2",-0.541116040240217,NA
"3863","DCampL1.mConnect.2","mConnect","99","99","2",-0.910020370294837,NA
"3864","DCampL2.mConnect.2","mConnect","99","99","2",0.090636346672435,NA
"3865","DCampL3.mConnect.2","mConnect","99","99","2",-0.477344245296218,NA
"3866","DCampR1.mConnect.2","mConnect","99","99","2",0.11879105159712,NA
"3867","L1CampL2.mConnect.2","mConnect","99","99","2",0.523898452880273,NA
"3868","L1CampL3.mConnect.2","mConnect","99","99","2",0.226529586661858,NA
"3869","L1CampR1.mConnect.2","mConnect","99","99","2",0.538638978878087,NA
"3870","L2CampL3.mConnect.2","mConnect","99","99","2",-0.624591262131805,NA
"3871","L2CampR1.mConnect.2","mConnect","99","99","2",0.0309608865734419,NA
"3872","L3CampR1.mConnect.2","mConnect","99","99","2",0.403518204231275,NA
"3873","DCampL1.mTau1.2","mTau1","99","99","2",-1.10982112961679,NA
"3874","DCampL2.mTau1.2","mTau1","99","99","2",-0.999273362576875,NA
"3875","DCampL3.mTau1.2","mTau1","99","99","2",-0.504651818774769,NA
"3876","DCampR1.mTau1.2","mTau1","99","99","2",-0.952234976026644,NA
"3877","L1CampL2.mTau1.2","mTau1","99","99","2",0.0523967484674843,NA
"3878","L1CampL3.mTau1.2","mTau1","99","99","2",0.286834415651121,NA
"3879","L1CampR1.mTau1.2","mTau1","99","99","2",0.0746917126660725,NA
"3880","L2CampL3.mTau1.2","mTau1","99","99","2",0.247400657189063,NA
"3881","L2CampR1.mTau1.2","mTau1","99","99","2",0.0235277413437866,NA
"3882","L3CampR1.mTau1.2","mTau1","99","99","2",-0.297466265395764,NA
"3883","DCampL1.mTau2.2","mTau2","99","99","2",-5.29731578282296,NA
"3884","DCampL2.mTau2.2","mTau2","99","99","2",-2.51476969074621,NA
"3885","DCampL3.mTau2.2","mTau2","99","99","2",-5.70362841878953,NA
"3886","DCampR1.mTau2.2","mTau2","99","99","2",-0.493440406362668,NA
"3887","L1CampL2.mTau2.2","mTau2","99","99","2",0.441862245445374,NA
"3888","L1CampL3.mTau2.2","mTau2","99","99","2",-0.0645215596579842,NA
"3889","L1CampR1.mTau2.2","mTau2","99","99","2",0.76284492347735,NA
"3890","L2CampL3.mTau2.2","mTau2","99","99","2",-0.907273878126081,NA
"3891","L2CampR1.mTau2.2","mTau2","99","99","2",0.575095799222737,NA
"3892","L3CampR1.mTau2.2","mTau2","99","99","2",0.777219094934212,NA
"3893","DCampL1.mNPQ.2","mNPQ","99","99","2",0.685558097489793,NA
"3894","DCampL2.mNPQ.2","mNPQ","99","99","2",0.550018175738839,NA
"3895","DCampL3.mNPQ.2","mNPQ","99","99","2",0.530691404562262,NA
"3896","DCampR1.mNPQ.2","mNPQ","99","99","2",0.372726192612509,NA
"3897","L1CampL2.mNPQ.2","mNPQ","99","99","2",-0.431049172101211,NA
"3898","L1CampL3.mNPQ.2","mNPQ","99","99","2",-0.492512898857379,NA
"3899","L1CampR1.mNPQ.2","mNPQ","99","99","2",-0.99487982479412,NA
"3900","L2CampL3.mNPQ.2","mNPQ","99","99","2",-0.0429501151703413,NA
"3901","L2CampR1.mNPQ.2","mNPQ","99","99","2",-0.393998098517493,NA
"3902","L3CampR1.mNPQ.2","mNPQ","99","99","2",-0.336591346259947,NA
"3903","DCampL1.mqP.2","mqP","99","99","2",0.661127793066384,NA
"3904","DCampL2.mqP.2","mqP","99","99","2",0.462166029793324,NA
"3905","DCampL3.mqP.2","mqP","99","99","2",0.533820714478454,NA
"3906","DCampR1.mqP.2","mqP","99","99","2",0.260190862506137,NA
"3907","L1CampL2.mqP.2","mqP","99","99","2",-0.587129186761652,NA
"3908","L1CampL3.mqP.2","mqP","99","99","2",-0.375678724850014,NA
"3909","L1CampR1.mqP.2","mqP","99","99","2",-1.18315082310303,NA
"3910","L2CampL3.mqP.2","mqP","99","99","2",0.13322826123756,NA
"3911","L2CampR1.mqP.2","mqP","99","99","2",-0.375534418567078,NA
"3912","L3CampR1.mqP.2","mqP","99","99","2",-0.586962699696508,NA
"3913","DCampL1.mABQ.2","mABQ","99","99","2",0,NA
"3914","DCampL2.mABQ.2","mABQ","99","99","2",0,NA
"3915","DCampL3.mABQ.2","mABQ","99","99","2",0,NA
"3916","DCampR1.mABQ.2","mABQ","99","99","2",1,NA
"3917","L1CampL2.mABQ.2","mABQ","99","99","2",0.814351256762172,NA
"3918","L1CampL3.mABQ.2","mABQ","99","99","2",0.131092815918872,NA
"3919","L1CampR1.mABQ.2","mABQ","99","99","2",1.08917562558864,NA
"3920","L2CampL3.mABQ.2","mABQ","99","99","2",-3.68038279670982,NA
"3921","L2CampR1.mABQ.2","mABQ","99","99","2",1.48034596967029,NA
"3922","L3CampR1.mABQ.2","mABQ","99","99","2",1.10262963320179,NA
"3923","DCampL1.mqm.2","mqm","99","99","2",0,NA
"3924","DCampL2.mqm.2","mqm","99","99","2",0,NA
"3925","DCampL3.mqm.2","mqm","99","99","2",0,NA
"3926","DCampR1.mqm.2","mqm","99","99","2",0,NA
"3927","L1CampL2.mqm.2","mqm","99","99","2",0.27714744398819,NA
"3928","L1CampL3.mqm.2","mqm","99","99","2",0.0413439404829719,NA
"3929","L1CampR1.mqm.2","mqm","99","99","2",0.605172767663124,NA
"3930","L2CampL3.mqm.2","mqm","99","99","2",-0.326212450304133,NA
"3931","L2CampR1.mqm.2","mqm","99","99","2",0.453792852977855,NA
"3932","L3CampR1.mqm.2","mqm","99","99","2",0.588145061602395,NA
"3933","DCampL1.mQuant.3","mQuant","99","99","3",0.825342957833587,NA
"3934","DCampL2.mQuant.3","mQuant","99","99","3",0.597941357794969,NA
"3935","DCampL3.mQuant.3","mQuant","99","99","3",0.800249693910172,NA
"3936","DCampR1.mQuant.3","mQuant","99","99","3",0.329834104897406,NA
"3937","L1CampL2.mQuant.3","mQuant","99","99","3",-1.30198929981849,NA
"3938","L1CampL3.mQuant.3","mQuant","99","99","3",-0.143671641361624,NA
"3939","L1CampR1.mQuant.3","mQuant","99","99","3",-2.83703907263046,NA
"3940","L2CampL3.mQuant.3","mQuant","99","99","3",0.503181165328701,NA
"3941","L2CampR1.mQuant.3","mQuant","99","99","3",-0.666836189435374,NA
"3942","L3CampR1.mQuant.3","mQuant","99","99","3",-2.35501811347022,NA
"3943","DCampL1.mSigma.3","mSigma","99","99","3",0.319271246488542,NA
"3944","DCampL2.mSigma.3","mSigma","99","99","3",0.0861307660310881,NA
"3945","DCampL3.mSigma.3","mSigma","99","99","3",0.291783847487732,NA
"3946","DCampR1.mSigma.3","mSigma","99","99","3",-0.00525818832524125,NA
"3947","L1CampL2.mSigma.3","mSigma","99","99","3",-0.342486606089175,NA
"3948","L1CampL3.mSigma.3","mSigma","99","99","3",-0.0403793711651221,NA
"3949","L1CampR1.mSigma.3","mSigma","99","99","3",-0.476738250205734,NA
"3950","L2CampL3.mSigma.3","mSigma","99","99","3",0.22503556724795,NA
"3951","L2CampR1.mSigma.3","mSigma","99","99","3",-0.100002222374233,NA
"3952","L3CampR1.mSigma.3","mSigma","99","99","3",-0.419422848178865,NA
"3953","DCampL1.mConnect.3","mConnect","99","99","3",-0.45382916120441,NA
"3954","DCampL2.mConnect.3","mConnect","99","99","3",0.0915698297582278,NA
"3955","DCampL3.mConnect.3","mConnect","99","99","3",-0.175901895584201,NA
"3956","DCampR1.mConnect.3","mConnect","99","99","3",0.208387453910702,NA
"3957","L1CampL2.mConnect.3","mConnect","99","99","3",0.375146547831526,NA
"3958","L1CampL3.mConnect.3","mConnect","99","99","3",0.191169136674878,NA
"3959","L1CampR1.mConnect.3","mConnect","99","99","3",0.455498233758432,NA
"3960","L2CampL3.mConnect.3","mConnect","99","99","3",-0.294432895454411,NA
"3961","L2CampR1.mConnect.3","mConnect","99","99","3",0.128592849488237,NA
"3962","L3CampR1.mConnect.3","mConnect","99","99","3",0.32680392041037,NA
"3963","DCampL1.mTau1.3","mTau1","99","99","3",-1.31816651610103,NA
"3964","DCampL2.mTau1.3","mTau1","99","99","3",-0.688224030298313,NA
"3965","DCampL3.mTau1.3","mTau1","99","99","3",-0.462084972185026,NA
"3966","DCampR1.mTau1.3","mTau1","99","99","3",-0.611394539591291,NA
"3967","L1CampL2.mTau1.3","mTau1","99","99","3",0.271741689575533,NA
"3968","L1CampL3.mTau1.3","mTau1","99","99","3",0.369292515429766,NA
"3969","L1CampR1.mTau1.3","mTau1","99","99","3",0.30488404159097,NA
"3970","L2CampL3.mTau1.3","mTau1","99","99","3",0.133950858449354,NA
"3971","L2CampR1.mTau1.3","mTau1","99","99","3",0.0455090611957737,NA
"3972","L3CampR1.mTau1.3","mTau1","99","99","3",-0.102120991766387,NA
"3973","DCampL1.mTau2.3","mTau2","99","99","3",-5.51192931987193,NA
"3974","DCampL2.mTau2.3","mTau2","99","99","3",-1.58487007988403,NA
"3975","DCampL3.mTau2.3","mTau2","99","99","3",-4.82688947433661,NA
"3976","DCampR1.mTau2.3","mTau2","99","99","3",-0.177961488055525,NA
"3977","L1CampL2.mTau2.3","mTau2","99","99","3",0.603056183058378,NA
"3978","L1CampL3.mTau2.3","mTau2","99","99","3",0.105197678274062,NA
"3979","L1CampR1.mTau2.3","mTau2","99","99","3",0.81910714471964,NA
"3980","L2CampL3.mTau2.3","mTau2","99","99","3",-1.25422914663396,NA
"3981","L2CampR1.mTau2.3","mTau2","99","99","3",0.54428599827022,NA
"3982","L3CampR1.mTau2.3","mTau2","99","99","3",0.797840426999066,NA
"3983","DCampL1.mNPQ.3","mNPQ","99","99","3",0.697244833844887,NA
"3984","DCampL2.mNPQ.3","mNPQ","99","99","3",0.555910386286536,NA
"3985","DCampL3.mNPQ.3","mNPQ","99","99","3",0.543513077972054,NA
"3986","DCampR1.mNPQ.3","mNPQ","99","99","3",0.377282238832397,NA
"3987","L1CampL2.mNPQ.3","mNPQ","99","99","3",-0.466827533789925,NA
"3988","L1CampL3.mNPQ.3","mNPQ","99","99","3",-0.507775830302661,NA
"3989","L1CampR1.mNPQ.3","mNPQ","99","99","3",-1.05683611968015,NA
"3990","L2CampL3.mNPQ.3","mNPQ","99","99","3",-0.0279162311651837,NA
"3991","L2CampR1.mNPQ.3","mNPQ","99","99","3",-0.402234463356295,NA
"3992","L3CampR1.mNPQ.3","mNPQ","99","99","3",-0.364152467722789,NA
"3993","DCampL1.mqP.3","mqP","99","99","3",0.660191282612042,NA
"3994","DCampL2.mqP.3","mqP","99","99","3",0.45874631391958,NA
"3995","DCampL3.mqP.3","mqP","99","99","3",0.535747342468849,NA
"3996","DCampR1.mqP.3","mqP","99","99","3",0.259326580793121,NA
"3997","L1CampL2.mqP.3","mqP","99","99","3",-0.592818719428183,NA
"3998","L1CampL3.mqP.3","mqP","99","99","3",-0.366217621195151,NA
"3999","L1CampR1.mqP.3","mqP","99","99","3",-1.17967751063095,NA
"4000","L2CampL3.mqP.3","mqP","99","99","3",0.14226421090429,NA
"4001","L2CampR1.mqP.3","mqP","99","99","3",-0.368440415751421,NA
"4002","L3CampR1.mqP.3","mqP","99","99","3",-0.595410187085855,NA
"4003","DCampL1.mABQ.3","mABQ","99","99","3",0,NA
"4004","DCampL2.mABQ.3","mABQ","99","99","3",0,NA
"4005","DCampL3.mABQ.3","mABQ","99","99","3",0,NA
"4006","DCampR1.mABQ.3","mABQ","99","99","3",1,NA
"4007","L1CampL2.mABQ.3","mABQ","99","99","3",0.730226987308177,NA
"4008","L1CampL3.mABQ.3","mABQ","99","99","3",0.086094188885237,NA
"4009","L1CampR1.mABQ.3","mABQ","99","99","3",1.01646934505714,NA
"4010","L2CampL3.mABQ.3","mABQ","99","99","3",-2.38768434246152,NA
"4011","L2CampR1.mABQ.3","mABQ","99","99","3",1.06104889771147,NA
"4012","L3CampR1.mABQ.3","mABQ","99","99","3",1.01802083415691,NA
"4013","DCampL1.mqm.3","mqm","99","99","3",0,NA
"4014","DCampL2.mqm.3","mqm","99","99","3",0,NA
"4015","DCampL3.mqm.3","mqm","99","99","3",0,NA
"4016","DCampR1.mqm.3","mqm","99","99","3",0,NA
"4017","L1CampL2.mqm.3","mqm","99","99","3",0.27552376606631,NA
"4018","L1CampL3.mqm.3","mqm","99","99","3",0.0304034385769537,NA
"4019","L1CampR1.mqm.3","mqm","99","99","3",0.600367214905213,NA
"4020","L2CampL3.mqm.3","mqm","99","99","3",-0.338341433449689,NA
"4021","L2CampR1.mqm.3","mqm","99","99","3",0.44838385805301,NA
"4022","L3CampR1.mqm.3","mqm","99","99","3",0.587836012425355,NA
"4023","DCampL1.mQuant.4","mQuant","99","99","4",0.8164279361884,NA
"4024","DCampL2.mQuant.4","mQuant","99","99","4",0.573234753523435,NA
"4025","DCampL3.mQuant.4","mQuant","99","99","4",0.781195280999607,NA
"4026","DCampR1.mQuant.4","mQuant","99","99","4",0.301204128028477,NA
"4027","L1CampL2.mQuant.4","mQuant","99","99","4",-1.32478318114108,NA
"4028","L1CampL3.mQuant.4","mQuant","99","99","4",-0.191928196792251,NA
"4029","L1CampR1.mQuant.4","mQuant","99","99","4",-2.80665694693446,NA
"4030","L2CampL3.mQuant.4","mQuant","99","99","4",0.487294898525885,NA
"4031","L2CampR1.mQuant.4","mQuant","99","99","4",-0.637424503848152,NA
"4032","L3CampR1.mQuant.4","mQuant","99","99","4",-2.19369653069626,NA
"4033","DCampL1.mSigma.4","mSigma","99","99","4",0.222406221751366,NA
"4034","DCampL2.mSigma.4","mSigma","99","99","4",-0.00461360948457174,NA
"4035","DCampL3.mSigma.4","mSigma","99","99","4",0.227587495571681,NA
"4036","DCampR1.mSigma.4","mSigma","99","99","4",-0.0726644576903462,NA
"4037","L1CampL2.mSigma.4","mSigma","99","99","4",-0.291951707416244,NA
"4038","L1CampL3.mSigma.4","mSigma","99","99","4",0.00666321409102017,NA
"4039","L1CampR1.mSigma.4","mSigma","99","99","4",-0.379466358522436,NA
"4040","L2CampL3.mSigma.4","mSigma","99","99","4",0.231134739629285,NA
"4041","L2CampR1.mSigma.4","mSigma","99","99","4",-0.067738330003999,NA
"4042","L3CampR1.mSigma.4","mSigma","99","99","4",-0.388719695163728,NA
"4043","DCampL1.mConnect.4","mConnect","99","99","4",-0.0607156878058367,NA
"4044","DCampL2.mConnect.4","mConnect","99","99","4",0.123155613364404,NA
"4045","DCampL3.mConnect.4","mConnect","99","99","4",-0.123263940365584,NA
"4046","DCampR1.mConnect.4","mConnect","99","99","4",0.23206551124212,NA
"4047","L1CampL2.mConnect.4","mConnect","99","99","4",0.173346452102157,NA
"4048","L1CampL3.mConnect.4","mConnect","99","99","4",-0.0589679716052207,NA
"4049","L1CampR1.mConnect.4","mConnect","99","99","4",0.276022314380581,NA
"4050","L2CampL3.mConnect.4","mConnect","99","99","4",-0.281029972348327,NA
"4051","L2CampR1.mConnect.4","mConnect","99","99","4",0.12420664320564,NA
"4052","L3CampR1.mConnect.4","mConnect","99","99","4",0.316336560659159,NA
"4053","DCampL1.mTau1.4","mTau1","99","99","4",-1.22818443300056,NA
"4054","DCampL2.mTau1.4","mTau1","99","99","4",-0.870507133676359,NA
"4055","DCampL3.mTau1.4","mTau1","99","99","4",-0.675130697055567,NA
"4056","DCampR1.mTau1.4","mTau1","99","99","4",-0.861256784948457,NA
"4057","L1CampL2.mTau1.4","mTau1","99","99","4",0.160524099363956,NA
"4058","L1CampL3.mTau1.4","mTau1","99","99","4",0.248208239746218,NA
"4059","L1CampR1.mTau1.4","mTau1","99","99","4",0.164675617788957,NA
"4060","L2CampL3.mTau1.4","mTau1","99","99","4",0.104451051323601,NA
"4061","L2CampR1.mTau1.4","mTau1","99","99","4",0.0049453693928026,NA
"4062","L3CampR1.mTau1.4","mTau1","99","99","4",-0.111111382664081,NA
"4063","DCampL1.mTau2.4","mTau2","99","99","4",-5.0206531763627,NA
"4064","DCampL2.mTau2.4","mTau2","99","99","4",-1.78291491670955,NA
"4065","DCampL3.mTau2.4","mTau2","99","99","4",-4.71741543322517,NA
"4066","DCampR1.mTau2.4","mTau2","99","99","4",-0.38285656835887,NA
"4067","L1CampL2.mTau2.4","mTau2","99","99","4",0.537771926867441,NA
"4068","L1CampL3.mTau2.4","mTau2","99","99","4",0.050366253337437,NA
"4069","L1CampR1.mTau2.4","mTau2","99","99","4",0.77031452770141,NA
"4070","L2CampL3.mTau2.4","mTau2","99","99","4",-1.05447008059639,NA
"4071","L2CampR1.mTau2.4","mTau2","99","99","4",0.503090604726815,NA
"4072","L3CampR1.mTau2.4","mTau2","99","99","4",0.758132571524752,NA
"4073","DCampL1.mNPQ.4","mNPQ","99","99","4",0.674875833195741,NA
"4074","DCampL2.mNPQ.4","mNPQ","99","99","4",0.539423932298618,NA
"4075","DCampL3.mNPQ.4","mNPQ","99","99","4",0.536866678128934,NA
"4076","DCampR1.mNPQ.4","mNPQ","99","99","4",0.364133794556564,NA
"4077","L1CampL2.mNPQ.4","mNPQ","99","99","4",-0.416615910864207,NA
"4078","L1CampL3.mNPQ.4","mNPQ","99","99","4",-0.424481380216485,NA
"4079","L1CampR1.mNPQ.4","mNPQ","99","99","4",-0.955764198317064,NA
"4080","L2CampL3.mNPQ.4","mNPQ","99","99","4",-0.00555229493891514,NA
"4081","L2CampR1.mNPQ.4","mNPQ","99","99","4",-0.380588897327822,NA
"4082","L3CampR1.mNPQ.4","mNPQ","99","99","4",-0.372965786341017,NA
"4083","DCampL1.mqP.4","mqP","99","99","4",0.628789346207011,NA
"4084","DCampL2.mqP.4","mqP","99","99","4",0.430605177109714,NA
"4085","DCampL3.mqP.4","mqP","99","99","4",0.510781331277253,NA
"4086","DCampR1.mqP.4","mqP","99","99","4",0.237728594666881,NA
"4087","L1CampL2.mqP.4","mqP","99","99","4",-0.533885994575513,NA
"4088","L1CampL3.mqP.4","mqP","99","99","4",-0.317900398935119,NA
"4089","L1CampR1.mqP.4","mqP","99","99","4",-1.05347394409162,NA
"4090","L2CampL3.mqP.4","mqP","99","99","4",0.140809418955654,NA
"4091","L2CampR1.mqP.4","mqP","99","99","4",-0.338739613865434,NA
"4092","L3CampR1.mqP.4","mqP","99","99","4",-0.558140467785619,NA
"4093","DCampL1.mABQ.4","mABQ","99","99","4",0,NA
"4094","DCampL2.mABQ.4","mABQ","99","99","4",1,NA
"4095","DCampL3.mABQ.4","mABQ","99","99","4",0,NA
"4096","DCampR1.mABQ.4","mABQ","99","99","4",1,NA
"4097","L1CampL2.mABQ.4","mABQ","99","99","4",1.02074406663735,NA
"4098","L1CampL3.mABQ.4","mABQ","99","99","4",-0.0232964427861568,NA
"4099","L1CampR1.mABQ.4","mABQ","99","99","4",1.32671953652259,NA
"4100","L2CampL3.mABQ.4","mABQ","99","99","4",50.3295967794229,NA
"4101","L2CampR1.mABQ.4","mABQ","99","99","4",-14.750023475834,NA
"4102","L3CampR1.mABQ.4","mABQ","99","99","4",1.31928141529841,NA
"4103","DCampL1.mqm.4","mqm","99","99","4",0,NA
"4104","DCampL2.mqm.4","mqm","99","99","4",0,NA
"4105","DCampL3.mqm.4","mqm","99","99","4",0,NA
"4106","DCampR1.mqm.4","mqm","99","99","4",0,NA
"4107","L1CampL2.mqm.4","mqm","99","99","4",0.297874646230681,NA
"4108","L1CampL3.mqm.4","mqm","99","99","4",0.0431546418576522,NA
"4109","L1CampR1.mqm.4","mqm","99","99","4",0.631070772229222,NA
"4110","L2CampL3.mqm.4","mqm","99","99","4",-0.362784227923944,NA
"4111","L2CampR1.mqm.4","mqm","99","99","4",0.474553616686532,NA
"4112","L3CampR1.mqm.4","mqm","99","99","4",0.614431710796999,NA
"4113","secDer1TOJp.1","OJIP2","99","99","1",7.62483871131291,NA
"4114","secDer2TJ.1","OJIP2","99","99","1",73.6614646168402,NA
"4115","secDer3TJIp.1","OJIP2","99","99","1",169.735123741122,NA
"4116","secDer4TI.1","OJIP2","99","99","1",332.345311308611,NA
"4117","secDer5TIPp.1","OJIP2","99","99","1",589.631779629394,NA
"4118","secDer1FOJp.1","OJIP2","99","99","1",0.490741604605656,NA
"4119","secDer2FJ.1","OJIP2","99","99","1",0.640121934152577,NA
"4120","secDer3FJIp.1","OJIP2","99","99","1",0.696719868297947,NA
"4121","secDer4FI.1","OJIP2","99","99","1",0.708375989084793,NA
"4122","secDer5FIPp.1","OJIP2","99","99","1",0.713529901282191,NA
"4123","firDer1TOJ.1","OJIP2","99","99","1",26.4874300595293,NA
"4124","firDer2TJp.1","OJIP2","99","99","1",45.7171939198474,NA
"4125","firDer3TJI.1","OJIP2","99","99","1",63.7521059242773,NA
"4126","firDer4TIp.1","OJIP2","99","99","1",137.764994253075,NA
"4127","firDer5TIP.1","OJIP2","99","99","1",307.416189977245,NA
"4128","firDer1FOJ.1","OJIP2","99","99","1",0.563123726092417,NA
"4129","firDer2FJp.1","OJIP2","99","99","1",0.607072515346809,NA
"4130","firDer3FJI.1","OJIP2","99","99","1",0.630828874734364,NA
"4131","firDer4FIp.1","OJIP2","99","99","1",0.691920213311126,NA
"4132","firDer5FIP.1","OJIP2","99","99","1",0.696037358868673,NA
"4133","MTFm.1","OJIP2","99","99","1",2846.55882352941,NA
"4134","MTFo.1","OJIP2","99","99","1",0,NA
"4135","secDer1TOJp.2","OJIP2","99","99","2",28.5697656552493,NA
"4136","secDer2TJ.2","OJIP2","99","99","2",132.497434178992,NA
"4137","secDer3TJIp.2","OJIP2","99","99","2",864.782891317625,NA
"4138","secDer4TI.2","OJIP2","99","99","2",2105.4339809505,NA
"4139","secDer5TIPp.2","OJIP2","99","99","2",2654.20292830998,NA
"4140","secDer1FOJp.2","OJIP2","99","99","2",0.59332298366115,NA
"4141","secDer2FJ.2","OJIP2","99","99","2",0.767465045846779,NA
"4142","secDer3FJIp.2","OJIP2","99","99","2",0.824072522657602,NA
"4143","secDer4FI.2","OJIP2","99","99","2",0.835887138894053,NA
"4144","secDer5FIPp.2","OJIP2","99","99","2",0.846634474867521,NA
"4145","firDer1TOJ.2","OJIP2","99","99","2",78.7269349650618,NA
"4146","firDer2TJp.2","OJIP2","99","99","2",563.198613142063,NA
"4147","firDer3TJI.2","OJIP2","99","99","2",6491.7321666151,NA
"4148","firDer4TIp.2","OJIP2","99","99","2",0,NA
"4149","firDer5TIP.2","OJIP2","99","99","2",0,NA
"4150","firDer1FOJ.2","OJIP2","99","99","2",0.690845985125844,NA
"4151","firDer2FJp.2","OJIP2","99","99","2",0.832965202473631,NA
"4152","firDer3FJI.2","OJIP2","99","99","2",0.901555832279709,NA
"4153","firDer4FIp.2","OJIP2","99","99","2",0,NA
"4154","firDer5FIP.2","OJIP2","99","99","2",0,NA
"4155","MTFm.2","OJIP2","99","99","2",3237.16529411765,NA
"4156","MTFo.2","OJIP2","99","99","2",0,NA
"4157","secDer1TOJp.3","OJIP2","99","99","3",29.9312791537225,NA
"4158","secDer2TJ.3","OJIP2","99","99","3",142.422855572225,NA
"4159","secDer3TJIp.3","OJIP2","99","99","3",1108.01841604402,NA
"4160","secDer4TI.3","OJIP2","99","99","3",0,NA
"4161","secDer5TIPp.3","OJIP2","99","99","3",0,NA
"4162","secDer1FOJp.3","OJIP2","99","99","3",0.577987500071436,NA
"4163","secDer2FJ.3","OJIP2","99","99","3",0.77098015137726,NA
"4164","secDer3FJIp.3","OJIP2","99","99","3",0.847731089781702,NA
"4165","secDer4FI.3","OJIP2","99","99","3",0,NA
"4166","secDer5FIPp.3","OJIP2","99","99","3",0,NA
"4167","firDer1TOJ.3","OJIP2","99","99","3",82.8165032052056,NA
"4168","firDer2TJp.3","OJIP2","99","99","3",677.694718129817,NA
"4169","firDer3TJI.3","OJIP2","99","99","3",6468.42880277105,NA
"4170","firDer4TIp.3","OJIP2","99","99","3",0,NA
"4171","firDer5TIP.3","OJIP2","99","99","3",0,NA
"4172","firDer1FOJ.3","OJIP2","99","99","3",0.684276829736626,NA
"4173","firDer2FJp.3","OJIP2","99","99","3",0.854189851850492,NA
"4174","firDer3FJI.3","OJIP2","99","99","3",0.910148162143071,NA
"4175","firDer4FIp.3","OJIP2","99","99","3",0,NA
"4176","firDer5FIP.3","OJIP2","99","99","3",0,NA
"4177","MTFm.3","OJIP2","99","99","3",2648.82431372549,NA
"4178","MTFo.3","OJIP2","99","99","3",0,NA
"4179","secDer1TOJp.4","OJIP2","99","99","4",32.2145772659512,NA
"4180","secDer2TJ.4","OJIP2","99","99","4",143.40782869218,NA
"4181","secDer3TJIp.4","OJIP2","99","99","4",1184.35246111189,NA
"4182","secDer4TI.4","OJIP2","99","99","4",0,NA
"4183","secDer5TIPp.4","OJIP2","99","99","4",0,NA
"4184","secDer1FOJp.4","OJIP2","99","99","4",0.553654682346136,NA
"4185","secDer2FJ.4","OJIP2","99","99","4",0.748022804563079,NA
"4186","secDer3FJIp.4","OJIP2","99","99","4",0.842571347325193,NA
"4187","secDer4FI.4","OJIP2","99","99","4",0,NA
"4188","secDer5FIPp.4","OJIP2","99","99","4",0,NA
"4189","firDer1TOJ.4","OJIP2","99","99","4",87.3101099077248,NA
"4190","firDer2TJp.4","OJIP2","99","99","4",760.186735353262,NA
"4191","firDer3TJI.4","OJIP2","99","99","4",6468.42880277105,NA
"4192","firDer4TIp.4","OJIP2","99","99","4",0,NA
"4193","firDer5TIP.4","OJIP2","99","99","4",0,NA
"4194","firDer1FOJ.4","OJIP2","99","99","4",0.663231778049767,NA
"4195","firDer2FJp.4","OJIP2","99","99","4",0.846621816128467,NA
"4196","firDer3FJI.4","OJIP2","99","99","4",0.901072890493736,NA
"4197","firDer4FIp.4","OJIP2","99","99","4",0,NA
"4198","firDer5FIP.4","OJIP2","99","99","4",0,NA
"4199","MTFm.4","OJIP2","99","99","4",2366.82823529412,NA
"4200","MTFo.4","OJIP2","99","99","4",0,NA
