"","uni","metric","metrix","stage","col","ASnormalized.t5_aglo2.002r","pval"
"1","Quant.1.0","Quant","1","1","1",0.373291345345592,4.23374857127405e-55
"2","Sigma.1.0","Sigma","2","1","1",5.39925532671989,5.38158912121439e-47
"3","Connect.1.0","Connect","3","1","1",0.31936732561064,9.26920106511551e-17
"4","Tau1.1.0","Tau1","4","1","1",640.988414523705,3.31921696253561e-27
"5","Tau2.1.0","Tau2","5","1","1",752642.120681853,1.60487280773201e-25
"6","NPQ.1.0","NPQ","6","1","1",0.800805867805373,8.73766485723352e-84
"7","qP.1.0","qP","7","1","1",1.24677463341266,8.4674971425481e-55
"8","ABQ.1.0","ABQ","8","1","1",0,5.38158912121439e-47
"9","qm.1.0","qm","9","1","1",0,4.23374857127405e-55
"10","nTau1.1.0","nTau1","10","1","1",1,3.31921696253561e-27
"11","nTau2.1.0","nTau2","11","1","1",1,1.60487280773201e-25
"12","nCon.1.0","nCon","12","1","1",1,9.26920106511551e-17
"13","Fm.1.0","Fm","13","1","1",1996.66098817822,8.73766485723352e-84
"14","Fo.1.0","Fo","14","1","1",1251.32472170211,8.4674971425481e-55
"15","Quant.3.0","Quant","1","3","1",0.0493063564318024,1.86559359193896e-81
"16","Sigma.3.0","Sigma","2","3","1",3.14201715833715,1.09048521118742e-30
"17","Connect.3.0","Connect","3","3","1",0.51596495531103,1.32259771211564e-15
"18","Tau1.3.0","Tau1","4","3","1",5345.8392037164,6.86607481367169e-06
"19","Tau2.3.0","Tau2","5","3","1",4607983.69718209,6.41802238124001e-11
"20","NPQ.3.0","NPQ","6","3","1",0.121517990710592,6.88106720083683e-95
"21","qP.3.0","qP","7","3","1",0.291269038714472,3.73118718387786e-81
"22","ABQ.3.0","ABQ","8","3","1",0.418064720372103,1.09048521118742e-30
"23","qm.3.0","qm","9","3","1",0.867914547051299,1.86559359193896e-81
"24","nTau1.3.0","nTau1","10","3","1",8.33999348910026,6.86607481367169e-06
"25","nTau2.3.0","nTau2","11","3","1",6.1224100678919,6.41802238124001e-11
"26","nCon.3.0","nCon","12","3","1",1.61558466986092,1.32259771211564e-15
"27","Fm.3.0","Fm","13","3","1",3206.01082935036,6.88106720083683e-95
"28","Fo.3.0","Fo","14","3","1",3047.93411667419,3.73118718387786e-81
"29","Quant.4.0","Quant","1","4","1",0.0399951142477715,6.86798554899453e-81
"30","Sigma.4.0","Sigma","2","4","1",3.06064083802108,4.23514521745508e-27
"31","Connect.4.0","Connect","3","4","1",0.434285531598557,2.05117959617196e-10
"32","Tau1.4.0","Tau1","4","4","1",2597.67370189634,4.95968521579151e-07
"33","Tau2.4.0","Tau2","5","4","1",5772002.30662477,3.99188642677327e-07
"34","NPQ.4.0","NPQ","6","4","1",0.166011549363003,9.22337284220338e-97
"35","qP.4.0","qP","7","4","1",0.337854115798962,1.37359710979891e-80
"36","ABQ.4.0","ABQ","8","4","1",0.433136487753311,4.23514521745508e-27
"37","qm.4.0","qm","9","4","1",0.892858179686046,6.86798554899453e-81
"38","nTau1.4.0","nTau1","10","4","1",4.05260632335544,4.95968521579151e-07
"39","nTau2.4.0","nTau2","11","4","1",7.66898655817409,3.99188642677327e-07
"40","nCon.4.0","nCon","12","4","1",1.35983081790909,2.05117959617196e-10
"41","Fm.4.0","Fm","13","4","1",3083.67342115411,9.22337284220338e-97
"42","Fo.4.0","Fo","14","4","1",2960.34155037223,1.37359710979891e-80
"43","Quant.5.0","Quant","1","5","1",0.0399726662537296,2.43217393890378e-79
"44","Sigma.5.0","Sigma","2","5","1",4.17951175309961,5.95327980408472e-23
"45","Connect.5.0","Connect","3","5","1",0.0673474391937946,0.497404210534232
"46","Tau1.5.0","Tau1","4","5","1",2024.50279967368,2.1545831899155e-12
"47","Tau2.5.0","Tau2","5","5","1",10706025.4871088,2.20595295018563e-06
"48","NPQ.5.0","NPQ","6","5","1",0.168382998500607,2.475001723762e-99
"49","qP.5.0","qP","7","5","1",0.341012957524148,4.86434787780755e-79
"50","ABQ.5.0","ABQ","8","5","1",0.225909593047768,5.95327980408472e-23
"51","qm.5.0","qm","9","5","1",0.892918315004804,2.43217393890378e-79
"52","nTau1.5.0","nTau1","10","5","1",3.15840778678974,2.1545831899155e-12
"53","nTau2.5.0","nTau2","11","5","1",14.2245898720228,2.20595295018563e-06
"54","nCon.5.0","nCon","12","5","1",0.210877675307028,0.497404210534232
"55","Fm.5.0","Fm","13","5","1",3077.41453628105,2.475001723762e-99
"56","Fo.5.0","Fo","14","5","1",2954.40207209791,4.86434787780755e-79
"57","Quant.6.0","Quant","1","6","1",0.041942741929866,5.72996402103012e-82
"58","Sigma.6.0","Sigma","2","6","1",3.90130709744502,1.01981559059358e-26
"59","Connect.6.0","Connect","3","6","1",0.226107766980721,0.00228014413316692
"60","Tau1.6.0","Tau1","4","6","1",1466.28257214978,2.22627596964805e-10
"61","Tau2.6.0","Tau2","5","6","1",12761302.0146885,0.00135246516429891
"62","NPQ.6.0","NPQ","6","6","1",0.21261983138992,1.76909267989554e-100
"63","qP.6.0","qP","7","6","1",0.401440036614097,1.14599280420602e-81
"64","ABQ.6.0","ABQ","8","6","1",0.277436079353723,1.01981559059358e-26
"65","qm.6.0","qm","9","6","1",0.887640733028419,5.72996402103012e-82
"66","nTau1.6.0","nTau1","10","6","1",2.28753365728041,2.22627596964805e-10
"67","nTau2.6.0","nTau2","11","6","1",16.9553386184757,0.00135246516429891
"68","nCon.6.0","nCon","12","6","1",0.707986537283975,0.00228014413316692
"69","Fm.6.0","Fm","13","6","1",2965.14928294393,1.76909267989554e-100
"70","Fo.6.0","Fo","14","6","1",2840.78279178589,1.14599280420602e-81
"71","Quant.7.0","Quant","1","7","1",0.0492113008716941,1.45950589214803e-80
"72","Sigma.7.0","Sigma","2","7","1",4.22821834193034,5.95316915684185e-29
"73","Connect.7.0","Connect","3","7","1",0.228501643151149,0.000393652046386
"74","Tau1.7.0","Tau1","4","7","1",1584.80006884606,8.45794009498922e-13
"75","Tau2.7.0","Tau2","5","7","1",22179383.918348,0.0889662428097295
"76","NPQ.7.0","NPQ","6","7","1",0.266600343156951,7.14160294153446e-101
"77","qP.7.0","qP","7","7","1",0.476803390176068,2.91901178429607e-80
"78","ABQ.7.0","ABQ","8","7","1",0.216888610359712,5.95316915684185e-29
"79","qm.7.0","qm","9","7","1",0.868169188797736,1.45950589214803e-80
"80","nTau1.7.0","nTau1","10","7","1",2.47243168977347,8.45794009498922e-13
"81","nTau2.7.0","nTau2","11","7","1",29.4686987465633,0.0889662428097295
"82","nCon.7.0","nCon","12","7","1",0.715482220087,0.000393652046386
"83","Fm.7.0","Fm","13","7","1",2838.77929052784,7.14160294153446e-101
"84","Fo.7.0","Fo","14","7","1",2699.07926875334,2.91901178429607e-80
"85","Quant.8.0","Quant","1","8","1",0.0519225637069369,4.35818719667181e-79
"86","Sigma.8.0","Sigma","2","8","1",4.25130534336186,3.13879987067214e-29
"87","Connect.8.0","Connect","3","8","1",0.340714428498813,6.92848086493347e-08
"88","Tau1.8.0","Tau1","4","8","1",1639.47780262597,4.86704655426552e-14
"89","Tau2.8.0","Tau2","5","8","1",15757601.2891719,0.0118949073709073
"90","NPQ.8.0","NPQ","6","8","1",0.298961968757795,1.84462823588797e-99
"91","qP.8.0","qP","7","8","1",0.516557398147583,8.71637439334361e-79
"92","ABQ.8.0","ABQ","8","8","1",0.212612650058805,3.13879987067214e-29
"93","qm.8.0","qm","9","8","1",0.860906060763699,4.35818719667181e-79
"94","nTau1.8.0","nTau1","10","8","1",2.55773390825511,4.86704655426552e-14
"95","nTau2.8.0","nTau2","11","8","1",20.9363797961459,0.0118949073709073
"96","nCon.8.0","nCon","12","8","1",1.06684185004636,6.92848086493347e-08
"97","Fm.8.0","Fm","13","8","1",2768.05550124605,1.84462823588797e-99
"98","Fo.8.0","Fo","14","8","1",2624.33096313826,8.71637439334361e-79
"99","Quant.9.0","Quant","1","9","1",0.0624625459664157,4.72518006646321e-80
"100","Sigma.9.0","Sigma","2","9","1",4.05045484582743,5.13007887338781e-32
"101","Connect.9.0","Connect","3","9","1",0.321800046438827,3.30752539335971e-08
"102","Tau1.9.0","Tau1","4","9","1",1563.53584812302,1.05255502819035e-13
"103","Tau2.9.0","Tau2","5","9","1",8256239.56375826,0.000120422017641533
"104","NPQ.9.0","NPQ","6","9","1",0.320811677471383,6.06569008526743e-99
"105","qP.9.0","qP","7","9","1",0.554906114086333,9.45036013292642e-80
"106","ABQ.9.0","ABQ","8","9","1",0.249812316564749,5.13007887338781e-32
"107","qm.9.0","qm","9","9","1",0.832670789866323,4.72518006646321e-80
"108","nTau1.9.0","nTau1","10","9","1",2.439257578914,1.05255502819035e-13
"109","nTau2.9.0","nTau2","11","9","1",10.9696751442486,0.000120422017641533
"110","nCon.9.0","nCon","12","9","1",1.00761731283417,3.30752539335971e-08
"111","Fm.9.0","Fm","13","9","1",2722.26456266118,6.06569008526743e-99
"112","Fo.9.0","Fo","14","9","1",2552.22498728321,9.45036013292642e-80
"113","Quant.10.0","Quant","1","10","1",0.094550513909483,1.12709056850744e-75
"114","Sigma.10.0","Sigma","2","10","1",5.35411109704264,7.15892825580884e-37
"115","Connect.10.0","Connect","3","10","1",0.260772121246425,3.63369768743646e-08
"116","Tau1.10.0","Tau1","4","10","1",1514.38632938123,1.81752933762485e-16
"117","Tau2.10.0","Tau2","5","10","1",4558857.81039219,4.7431509100223e-06
"118","NPQ.10.0","NPQ","6","10","1",0.355926567642657,2.86862299627292e-99
"119","qP.10.0","qP","7","10","1",0.635312394239282,2.25418113701489e-75
"120","ABQ.10.0","ABQ","8","10","1",0.00836119556225434,7.15892825580884e-37
"121","qm.10.0","qm","9","10","1",0.746711208045961,1.12709056850744e-75
"122","nTau1.10.0","nTau1","10","10","1",2.36257987674631,1.81752933762485e-16
"123","nTau2.10.0","nTau2","11","10","1",6.0571388248403,4.7431509100223e-06
"124","nCon.10.0","nCon","12","10","1",0.816527241000063,3.63369768743646e-08
"125","Fm.10.0","Fm","13","10","1",2651.76515405295,2.86862299627292e-99
"126","Fo.10.0","Fo","14","10","1",2401.03939596998,2.25418113701489e-75
"127","Quant.11.0","Quant","1","11","1",0.109202119852943,8.19930035106939e-73
"128","Sigma.11.0","Sigma","2","11","1",5.16102501679455,7.02354994344093e-36
"129","Connect.11.0","Connect","3","11","1",0.175831365696355,0.000240136522259515
"130","Tau1.11.0","Tau1","4","11","1",1605.49430286253,7.10983349419758e-18
"131","Tau2.11.0","Tau2","5","11","1",5047429.42557346,5.97253266865687e-05
"132","NPQ.11.0","NPQ","6","11","1",0.325390143320654,2.26997750269713e-96
"133","qP.11.0","qP","7","11","1",0.627031056279322,1.63986007021388e-72
"134","ABQ.11.0","ABQ","8","11","1",0.044122808704078,7.02354994344093e-36
"135","qm.11.0","qm","9","11","1",0.707461420644928,8.19930035106939e-73
"136","nTau1.11.0","nTau1","10","11","1",2.50471656973008,7.10983349419758e-18
"137","nTau2.11.0","nTau2","11","11","1",6.70628082972656,5.97253266865687e-05
"138","nCon.11.0","nCon","12","11","1",0.550561537127068,0.000240136522259515
"139","Fm.11.0","Fm","13","11","1",2712.86069362259,2.26997750269713e-96
"140","Fo.11.0","Fo","14","11","1",2416.61055501328,1.63986007021388e-72
"141","Quant.12.0","Quant","1","12","1",0.118564232551773,9.20196116491917e-74
"142","Sigma.12.0","Sigma","2","12","1",5.30768881937741,1.20484355515996e-38
"143","Connect.12.0","Connect","3","12","1",0.193784353495846,6.08208427383428e-06
"144","Tau1.12.0","Tau1","4","12","1",1614.23310962615,5.14340276501364e-18
"145","Tau2.12.0","Tau2","5","12","1",4204943.58292064,5.93893879398799e-06
"146","NPQ.12.0","NPQ","6","12","1",0.307388503874287,1.38873653637979e-97
"147","qP.12.0","qP","7","12","1",0.623027975997616,1.84039223298383e-73
"148","ABQ.12.0","ABQ","8","12","1",0.0169590993204819,1.20484355515996e-38
"149","qm.12.0","qm","9","12","1",0.682381512376061,9.20196116491917e-74
"150","nTau1.12.0","nTau1","10","12","1",2.51834990001438,5.14340276501364e-18
"151","nTau2.12.0","nTau2","11","12","1",5.58690972425405,5.93893879398799e-06
"152","nCon.12.0","nCon","12","12","1",0.606775765571272,6.08208427383428e-06
"153","Fm.12.0","Fm","13","12","1",2750.21450232604,1.38873653637979e-97
"154","Fo.12.0","Fo","14","12","1",2424.137430505,1.84039223298383e-73
"155","Quant.13.0","Quant","1","13","1",0.126344453604216,8.34601029915974e-71
"156","Sigma.13.0","Sigma","2","13","1",5.84692370632398,2.49874329658838e-37
"157","Connect.13.0","Connect","3","13","1",0.226743857814716,9.55363166951914e-07
"158","Tau1.13.0","Tau1","4","13","1",1641.82928296775,1.2737644178446e-19
"159","Tau2.13.0","Tau2","5","13","1",3807635.15202502,4.02219917359458e-07
"160","NPQ.13.0","NPQ","6","13","1",0.297649551461759,5.45968605678574e-96
"161","qP.13.0","qP","7","13","1",0.624817367372905,1.66920205983195e-70
"162","ABQ.13.0","ABQ","8","13","1",-0.0829129856831663,2.49874329658838e-37
"163","qm.13.0","qm","9","13","1",0.661539290477665,8.34601029915974e-71
"164","nTau1.13.0","nTau1","10","13","1",2.56140243063165,1.2737644178446e-19
"165","nTau2.13.0","nTau2","11","13","1",5.05902479730407,4.02219917359458e-07
"166","nCon.13.0","nCon","12","13","1",0.709978258988063,9.55363166951914e-07
"167","Fm.13.0","Fm","13","13","1",2770.85505826985,5.45968605678574e-96
"168","Fo.13.0","Fo","14","13","1",2420.77288991626,1.66920205983195e-70
"169","Quant.14.0","Quant","1","14","1",0.131058419905636,1.59935639949933e-73
"170","Sigma.14.0","Sigma","2","14","1",5.53365705948147,1.05975335174566e-40
"171","Connect.14.0","Connect","3","14","1",0.286230743728663,1.52386887605466e-11
"172","Tau1.14.0","Tau1","4","14","1",1644.06402622305,5.56771696765222e-17
"173","Tau2.14.0","Tau2","5","14","1",3409360.98140043,2.5654717457664e-06
"174","NPQ.14.0","NPQ","6","14","1",0.284454837618068,9.75639868257795e-98
"175","qP.14.0","qP","7","14","1",0.618609868504796,3.19871279899866e-73
"176","ABQ.14.0","ABQ","8","14","1",-0.0248926425272846,1.05975335174566e-40
"177","qm.14.0","qm","9","14","1",0.648911174770736,1.59935639949933e-73
"178","nTau1.14.0","nTau1","10","14","1",2.56488883257694,5.56771696765222e-17
"179","nTau2.14.0","nTau2","11","14","1",4.52985673763745,2.5654717457664e-06
"180","nCon.14.0","nCon","12","14","1",0.896243042964339,1.52386887605466e-11
"181","Fm.14.0","Fm","13","14","1",2799.31899372749,9.75639868257795e-98
"182","Fo.14.0","Fo","14","14","1",2432.44466959773,3.19871279899866e-73
"183","Quant.15.0","Quant","1","15","1",0.135285914168613,6.25423066807483e-73
"184","Sigma.15.0","Sigma","2","15","1",5.80112826018759,8.53106963483246e-41
"185","Connect.15.0","Connect","3","15","1",0.224371313096238,3.95938124321138e-08
"186","Tau1.15.0","Tau1","4","15","1",1469.16752144311,9.44558423988124e-19
"187","Tau2.15.0","Tau2","5","15","1",2917006.12613071,1.89497965270463e-08
"188","NPQ.15.0","NPQ","6","15","1",0.275104094071252,1.0350290891213e-97
"189","qP.15.0","qP","7","15","1",0.615462980762249,1.25084613361497e-72
"190","ABQ.15.0","ABQ","8","15","1",-0.0744311778476014,8.53106963483246e-41
"191","qm.15.0","qm","9","15","1",0.637586255734471,6.25423066807483e-73
"192","nTau1.15.0","nTau1","10","15","1",2.29203443955347,9.44558423988124e-19
"193","nTau2.15.0","nTau2","11","15","1",3.87568812052142,1.89497965270463e-08
"194","nCon.15.0","nCon","12","15","1",0.702549369029012,3.95938124321138e-08
"195","Fm.15.0","Fm","13","15","1",2819.84728952528,1.0350290891213e-97
"196","Fo.15.0","Fo","14","15","1",2438.36167114597,1.25084613361497e-72
"197","Quant.16.0","Quant","1","16","1",0.0497944836301715,7.47237271542298e-79
"198","Sigma.16.0","Sigma","2","16","1",3.82436846049387,1.32379429231122e-27
"199","Connect.16.0","Connect","3","16","1",0.311519336002104,5.64360046549222e-06
"200","Tau1.16.0","Tau1","4","16","1",1343.60502148263,8.61238434232652e-11
"201","Tau2.16.0","Tau2","5","16","1",7195442.2631572,3.79504882387889e-07
"202","NPQ.16.0","NPQ","6","16","1",0.253220593957845,1.84487678992982e-97
"203","qP.16.0","qP","7","16","1",0.462367727559165,1.4944745430846e-78
"204","ABQ.16.0","ABQ","8","16","1",0.29168594017627,1.32379429231122e-27
"205","qm.16.0","qm","9","16","1",0.866606916417867,7.47237271542298e-79
"206","nTau1.16.0","nTau1","10","16","1",2.09614556369324,8.61238434232652e-11
"207","nTau2.16.0","nTau2","11","16","1",9.56024392660686,3.79504882387889e-07
"208","nCon.16.0","nCon","12","16","1",0.975426447920023,5.64360046549222e-06
"209","Fm.16.0","Fm","13","16","1",2869.08692760467,1.84487678992982e-97
"210","Fo.16.0","Fo","14","16","1",2726.22222555452,1.4944745430846e-78
"211","Quant.17.0","Quant","1","17","1",0.0482891518413812,2.06953151971381e-81
"212","Sigma.17.0","Sigma","2","17","1",3.67010950738522,7.5125797356389e-30
"213","Connect.17.0","Connect","3","17","1",0.286936645047932,2.74125019373708e-06
"214","Tau1.17.0","Tau1","4","17","1",1894.2875013637,3.78609265386544e-10
"215","Tau2.17.0","Tau2","5","17","1",12110345.580367,0.0127390196374693
"216","NPQ.17.0","NPQ","6","17","1",0.314624347855949,7.82651652441689e-100
"217","qP.17.0","qP","7","17","1",0.527900714120853,4.13906303942762e-81
"218","ABQ.17.0","ABQ","8","17","1",0.320256352904344,7.5125797356389e-30
"219","qm.17.0","qm","9","17","1",0.870639508674718,2.06953151971381e-81
"220","nTau1.17.0","nTau1","10","17","1",2.95526012396227,3.78609265386544e-10
"221","nTau2.17.0","nTau2","11","17","1",16.0904435821313,0.0127390196374693
"222","nCon.17.0","nCon","12","17","1",0.898453354610713,2.74125019373708e-06
"223","Fm.17.0","Fm","13","17","1",2735.07700461623,7.82651652441689e-100
"224","Fo.17.0","Fo","14","17","1",2603.00245584245,4.13906303942762e-81
"225","Quant.18.0","Quant","1","18","1",0.0502836575830933,9.14359343952925e-80
"226","Sigma.18.0","Sigma","2","18","1",3.91442433778728,1.97157623323754e-28
"227","Connect.18.0","Connect","3","18","1",0.384840585626345,1.1685354499214e-08
"228","Tau1.18.0","Tau1","4","18","1",1509.34797889586,9.32640030494652e-14
"229","Tau2.18.0","Tau2","5","18","1",10074083.8083083,1.33765534495673e-06
"230","NPQ.18.0","NPQ","6","18","1",0.373285505943686,4.69535845440046e-98
"231","qP.18.0","qP","7","18","1",0.589812940073116,1.82871868790585e-79
"232","ABQ.18.0","ABQ","8","18","1",0.275006625744195,1.97157623323754e-28
"233","qm.18.0","qm","9","18","1",0.865296481662223,9.14359343952925e-80
"234","nTau1.18.0","nTau1","10","18","1",2.35471959351622,9.32640030494652e-14
"235","nTau2.18.0","nTau2","11","18","1",13.3849588423005,1.33765534495673e-06
"236","nCon.18.0","nCon","12","18","1",1.2050092628935,1.1685354499214e-08
"237","Fm.18.0","Fm","13","18","1",2618.24566557164,4.69535845440046e-98
"238","Fo.18.0","Fo","14","18","1",2486.59069705562,1.82871868790585e-79
"239","Quant.19.0","Quant","1","19","1",0.0529382927449377,2.5248350958017e-76
"240","Sigma.19.0","Sigma","2","19","1",3.72124136150231,1.97715526768461e-26
"241","Connect.19.0","Connect","3","19","1",0.319190201281809,1.02839176600407e-05
"242","Tau1.19.0","Tau1","4","19","1",1505.91883668252,1.83772132738747e-11
"243","Tau2.19.0","Tau2","5","19","1",11016730.2390007,0.00333700450966584
"244","NPQ.19.0","NPQ","6","19","1",0.436488708983392,1.07571717145886e-94
"245","qP.19.0","qP","7","19","1",0.651533133580322,5.0496701916034e-76
"246","ABQ.19.0","ABQ","8","19","1",0.310786185071377,1.97715526768461e-26
"247","qm.19.0","qm","9","19","1",0.858185051957399,2.5248350958017e-76
"248","nTau1.19.0","nTau1","10","19","1",2.34936982098423,1.83772132738747e-11
"249","nTau2.19.0","nTau2","11","19","1",14.637408585398,0.00333700450966584
"250","nCon.19.0","nCon","12","19","1",0.999445389948729,1.02839176600407e-05
"251","Fm.19.0","Fm","13","19","1",2503.04704871229,1.07571717145886e-94
"252","Fo.19.0","Fo","14","19","1",2370.54001129321,5.0496701916034e-76
"253","Quant.20.0","Quant","1","20","1",0.0585294591576477,2.18413757243872e-77
"254","Sigma.20.0","Sigma","2","20","1",3.90944250679608,1.58424880539494e-27
"255","Connect.20.0","Connect","3","20","1",0.249957766630507,0.000573621901377472
"256","Tau1.20.0","Tau1","4","20","1",1332.5594706245,1.06188139737065e-11
"257","Tau2.20.0","Tau2","5","20","1",8740477.8598126,0.000140513491413988
"258","NPQ.20.0","NPQ","6","20","1",0.498370289624009,1.40412821227895e-95
"259","qP.20.0","qP","7","20","1",0.710736577208789,4.36827514487744e-77
"260","ABQ.20.0","ABQ","8","20","1",0.275929314279881,1.58424880539494e-27
"261","qm.20.0","qm","9","20","1",0.84320702880625,2.18413757243872e-77
"262","nTau1.20.0","nTau1","10","20","1",2.07891350363123,1.06188139737065e-11
"263","nTau2.20.0","nTau2","11","20","1",11.613059672895,0.000140513491413988
"264","nCon.20.0","nCon","12","20","1",0.782665434394643,0.000573621901377472
"265","Fm.20.0","Fm","13","20","1",2399.67306374692,1.40412821227895e-95
"266","Fo.20.0","Fo","14","20","1",2259.22149717064,4.36827514487744e-77
"267","Quant.21.0","Quant","1","21","1",0.054086071721756,1.31314182660489e-76
"268","Sigma.21.0","Sigma","2","21","1",4.52402349644388,3.83613485777765e-27
"269","Connect.21.0","Connect","3","21","1",0.149950801511233,0.0393570404662528
"270","Tau1.21.0","Tau1","4","21","1",1003.85222647175,3.89871817493415e-15
"271","Tau2.21.0","Tau2","5","21","1",9529618.70250789,3.81139583967462e-05
"272","NPQ.21.0","NPQ","6","21","1",0.557786822144642,2.14034323849273e-98
"273","qP.21.0","qP","7","21","1",0.751110764576588,2.62628365320977e-76
"274","ABQ.21.0","ABQ","8","21","1",0.162102322878612,3.83613485777765e-27
"275","qm.21.0","qm","9","21","1",0.855110298172911,1.31314182660489e-76
"276","nTau1.21.0","nTau1","10","21","1",1.56610042198294,3.89871817493415e-15
"277","nTau2.21.0","nTau2","11","21","1",12.6615537991344,3.81139583967462e-05
"278","nCon.21.0","nCon","12","21","1",0.469524555226563,0.0393570404662528
"279","Fm.21.0","Fm","13","21","1",2308.14561557227,2.14034323849273e-98
"280","Fo.21.0","Fo","14","21","1",2183.30708626417,2.62628365320977e-76
"281","Quant.22.0","Quant","1","22","1",0.0588657645250694,5.27392908999847e-79
"282","Sigma.22.0","Sigma","2","22","1",3.81664309573563,6.11918535679948e-31
"283","Connect.22.0","Connect","3","22","1",0.305799740375202,2.13438832799562e-07
"284","Tau1.22.0","Tau1","4","22","1",1119.25035749494,3.28309815687901e-13
"285","Tau2.22.0","Tau2","5","22","1",8092952.44661451,2.5357048298652e-05
"286","NPQ.22.0","NPQ","6","22","1",0.604257476440466,5.9480296084704e-98
"287","qP.22.0","qP","7","22","1",0.790443759024333,1.05478581799969e-78
"288","ABQ.22.0","ABQ","8","22","1",0.293116760593301,6.11918535679948e-31
"289","qm.22.0","qm","9","22","1",0.842306109533368,5.27392908999847e-79
"290","nTau1.22.0","nTau1","10","22","1",1.74613196141246,3.28309815687901e-13
"291","nTau2.22.0","nTau2","11","22","1",10.7527232720948,2.5357048298652e-05
"292","nCon.22.0","nCon","12","22","1",0.957517303282367,2.13438832799562e-07
"293","Fm.22.0","Fm","13","22","1",2241.28537739923,5.9480296084704e-98
"294","Fo.22.0","Fo","14","22","1",2109.35040013977,1.05478581799969e-78
"295","Quant.23.0","Quant","1","23","1",0.19403006605544,1.4850503436179e-68
"296","Sigma.23.0","Sigma","2","23","1",5.35763088832179,1.64416614486004e-43
"297","Connect.23.0","Connect","3","23","1",0.235293640181441,3.75806072409434e-10
"298","Tau1.23.0","Tau1","4","23","1",1467.07944041296,1.25824544508822e-17
"299","Tau2.23.0","Tau2","5","23","1",2109770.06565047,2.58400185925952e-10
"300","NPQ.23.0","NPQ","6","23","1",0.689440578924197,3.30012301012387e-93
"301","qP.23.0","qP","7","23","1",1,2.97010068723579e-68
"302","ABQ.23.0","ABQ","8","23","1",0.00770929246337082,1.64416614486004e-43
"303","qm.23.0","qm","9","23","1",0.480218150046293,1.4850503436179e-68
"304","nTau1.23.0","nTau1","10","23","1",2.28877684396698,1.25824544508822e-17
"305","nTau2.23.0","nTau2","11","23","1",2.80315173397303,2.58400185925952e-10
"306","nCon.23.0","nCon","12","23","1",0.73674925802617,3.75806072409434e-10
"307","Fm.23.0","Fm","13","23","1",2128.2777674365,3.30012301012387e-93
"308","Fo.23.0","Fo","14","23","1",1715.32789163647,2.97010068723579e-68
"309","Quant.24.0","Quant","1","24","1",0.206636780420286,1.34686787076044e-67
"310","Sigma.24.0","Sigma","2","24","1",5.4559296636986,3.8627427979756e-44
"311","Connect.24.0","Connect","3","24","1",0.231514391313967,5.91043054336698e-10
"312","Tau1.24.0","Tau1","4","24","1",1127.31582972586,2.01006224811265e-16
"313","Tau2.24.0","Tau2","5","24","1",1476516.18874814,2.87111096718426e-13
"314","NPQ.24.0","NPQ","6","24","1",0.607227564330773,2.41866191842753e-92
"315","qP.24.0","qP","7","24","1",0.968334595370568,2.69373574152089e-67
"316","ABQ.24.0","ABQ","8","24","1",-0.0104966951087189,3.8627427979756e-44
"317","qm.24.0","qm","9","24","1",0.446446366901482,1.34686787076044e-67
"318","nTau1.24.0","nTau1","10","24","1",1.75871482882187,2.01006224811265e-16
"319","nTau2.24.0","nTau2","11","24","1",1.96177724867496,2.87111096718426e-13
"320","nCon.24.0","nCon","12","24","1",0.724915709117407,5.91043054336698e-10
"321","Fm.24.0","Fm","13","24","1",2237.14357775252,2.41866191842753e-92
"322","Fo.24.0","Fo","14","24","1",1774.86743150782,2.69373574152089e-67
"323","Quant.25.0","Quant","1","25","1",0.213447795185346,6.13870532277895e-67
"324","Sigma.25.0","Sigma","2","25","1",5.69792344031809,6.13026159019738e-44
"325","Connect.25.0","Connect","3","25","1",0.188976289079162,1.35553649931902e-07
"326","Tau1.25.0","Tau1","4","25","1",1165.49715641039,3.00737464824768e-19
"327","Tau2.25.0","Tau2","5","25","1",1491465.81196852,1.78628621409484e-14
"328","NPQ.25.0","NPQ","6","25","1",0.572120429408672,1.12386019547164e-92
"329","qP.25.0","qP","7","25","1",0.955540050118969,1.22774106455579e-66
"330","ABQ.25.0","ABQ","8","25","1",-0.0553165382122502,6.13026159019738e-44
"331","qm.25.0","qm","9","25","1",0.428200525282105,6.13870532277895e-67
"332","nTau1.25.0","nTau1","10","25","1",1.81828115766558,3.00737464824768e-19
"333","nTau2.25.0","nTau2","11","25","1",1.98164010621321,1.78628621409484e-14
"334","nCon.25.0","nCon","12","25","1",0.59172079898228,1.35553649931902e-07
"335","Fm.25.0","Fm","13","25","1",2287.10139265975,1.12386019547164e-92
"336","Fo.25.0","Fo","14","25","1",1798.92464303119,1.22774106455579e-66
"337","Quant.26.0","Quant","1","26","1",0.219792852627727,1.50374319353537e-66
"338","Sigma.26.0","Sigma","2","26","1",5.59944560670465,1.74236574483764e-44
"339","Connect.26.0","Connect","3","26","1",0.207182087001908,1.37538474407634e-08
"340","Tau1.26.0","Tau1","4","26","1",1415.93292089314,1.06927231796831e-17
"341","Tau2.26.0","Tau2","5","26","1",1517428.49271725,4.08975943522526e-12
"342","NPQ.26.0","NPQ","6","26","1",0.547247168525172,9.61873121218496e-92
"343","qP.26.0","qP","7","26","1",0.948001719948017,3.00748638707074e-66
"344","ABQ.26.0","ABQ","8","26","1",-0.0370773871341217,1.74236574483764e-44
"345","qm.26.0","qm","9","26","1",0.411202924021068,1.50374319353537e-66
"346","nTau1.26.0","nTau1","10","26","1",2.20898363965793,1.06927231796831e-17
"347","nTau2.26.0","nTau2","11","26","1",2.01613549257985,4.08975943522526e-12
"348","nCon.26.0","nCon","12","26","1",0.648726624133417,1.37538474407634e-08
"349","Fm.26.0","Fm","13","26","1",2323.86841396305,9.61873121218496e-92
"350","Fo.26.0","Fo","14","26","1",1813.09874612664,3.00748638707074e-66
"351","Quant.27.0","Quant","1","27","1",0.22230988229002,2.6721675070838e-65
"352","Sigma.27.0","Sigma","2","27","1",5.78618142737081,6.86767493343069e-44
"353","Connect.27.0","Connect","3","27","1",0.250643441458807,1.02301020997372e-10
"354","Tau1.27.0","Tau1","4","27","1",1362.53264478659,2.6009756642235e-18
"355","Tau2.27.0","Tau2","5","27","1",1454152.18080454,1.23256427578417e-12
"356","NPQ.27.0","NPQ","6","27","1",0.535346166464138,4.65344035314792e-91
"357","qP.27.0","qP","7","27","1",0.943662252964528,5.3443350141676e-65
"358","ABQ.27.0","ABQ","8","27","1",-0.0716628640872188,6.86767493343069e-44
"359","qm.27.0","qm","9","27","1",0.404460121934501,2.6721675070838e-65
"360","nTau1.27.0","nTau1","10","27","1",2.12567437088397,2.6009756642235e-18
"361","nTau2.27.0","nTau2","11","27","1",1.93206324871528,1.23256427578417e-12
"362","nCon.27.0","nCon","12","27","1",0.784812413040592,1.02301020997372e-10
"363","Fm.27.0","Fm","13","27","1",2341.88152617724,4.65344035314792e-91
"364","Fo.27.0","Fo","14","27","1",1821.25811975561,5.3443350141676e-65
"365","Quant.1.1","Quant","1","1","2",0.350739910727889,1.1036457561312e-55
"366","Sigma.1.1","Sigma","2","1","2",5.29101929589696,1.68598177954511e-46
"367","Connect.1.1","Connect","3","1","2",0.356412248566585,2.28998949983783e-18
"368","Tau1.1.1","Tau1","4","1","2",692.463807750953,1.08574973372565e-24
"369","Tau2.1.1","Tau2","5","1","2",705753.365259583,2.56493697708773e-24
"370","NPQ.1.1","NPQ","6","1","2",0.755481726785847,9.68744413487483e-85
"371","qP.1.1","qP","7","1","2",1.27108457567321,2.2072915122624e-55
"372","ABQ.1.1","ABQ","8","1","2",0,1.68598177954511e-46
"373","qm.1.1","qm","9","1","2",0,1.1036457561312e-55
"374","nTau1.1.1","nTau1","10","1","2",1,1.08574973372565e-24
"375","nTau2.1.1","nTau2","11","1","2",1,2.56493697708773e-24
"376","nCon.1.1","nCon","12","1","2",1,2.28998949983783e-18
"377","Fm.1.1","Fm","13","1","2",2131.21256051602,9.68744413487483e-85
"378","Fo.1.1","Fo","14","1","2",1383.71125729848,2.2072915122624e-55
"379","Quant.3.1","Quant","1","3","2",0.0465843264602102,5.25513050569188e-82
"380","Sigma.3.1","Sigma","2","3","2",2.92748163307924,1.27477140984521e-29
"381","Connect.3.1","Connect","3","3","2",0.415644166645249,2.36819116954325e-10
"382","Tau1.3.1","Tau1","4","3","2",6222.38864282737,1.50094289200062e-06
"383","Tau2.3.1","Tau2","5","3","2",3772617.29271964,6.25009262463191e-11
"384","NPQ.3.1","NPQ","6","3","2",0.0737706587583062,9.24233245049742e-96
"385","qP.3.1","qP","7","3","2",0.226089901303133,1.05102610113837e-81
"386","ABQ.3.1","ABQ","8","3","2",0.446707435871682,1.27477140984521e-29
"387","qm.3.1","qm","9","3","2",0.867182704233648,5.25513050569188e-82
"388","nTau1.3.1","nTau1","10","3","2",8.98586839222256,1.50094289200062e-06
"389","nTau2.3.1","nTau2","11","3","2",5.34551796480919,6.25009262463191e-11
"390","nCon.3.1","nCon","12","3","2",1.16618934482999,2.36819116954325e-10
"391","Fm.3.1","Fm","13","3","2",3484.26796296403,9.24233245049742e-96
"392","Fo.3.1","Fo","14","3","2",3321.95568670247,1.05102610113837e-81
"393","Quant.4.1","Quant","1","4","2",0.0380358900520707,4.27708762563643e-81
"394","Sigma.4.1","Sigma","2","4","2",2.9046987709522,1.45872184058947e-25
"395","Connect.4.1","Connect","3","4","2",0.398916896176525,8.08555510929231e-08
"396","Tau1.4.1","Tau1","4","4","2",2403.35589898671,1.14811250047686e-10
"397","Tau2.4.1","Tau2","5","4","2",5562132.41042216,1.25256716863096e-09
"398","NPQ.4.1","NPQ","6","4","2",0.114096535375311,4.22307503463881e-97
"399","qP.4.1","qP","7","4","2",0.275440360721958,8.55417525127286e-81
"400","ABQ.4.1","ABQ","8","4","2",0.451013385416168,1.45872184058947e-25
"401","qm.4.1","qm","9","4","2",0.891555283876491,4.27708762563643e-81
"402","nTau1.4.1","nTau1","10","4","2",3.47073142608355,1.14811250047686e-10
"403","nTau2.4.1","nTau2","11","4","2",7.88112771998806,1.25256716863096e-09
"404","nCon.4.1","nCon","12","4","2",1.11925697778593,8.08555510929231e-08
"405","Fm.4.1","Fm","13","4","2",3358.15127961241,4.22307503463881e-97
"406","Fo.4.1","Fo","14","4","2",3230.42100676285,8.55417525127286e-81
"407","Quant.5.1","Quant","1","5","2",0.0296993677981496,6.28471021840608e-80
"408","Sigma.5.1","Sigma","2","5","2",2.73574983878286,7.179138339039e-22
"409","Connect.5.1","Connect","3","5","2",0.609926094163034,3.10327822608053e-14
"410","Tau1.5.1","Tau1","4","5","2",2015.31286932212,5.5693581709963e-09
"411","Tau2.5.1","Tau2","5","5","2",8312752.70100988,1.97097190902245e-06
"412","NPQ.5.1","NPQ","6","5","2",0.1344703766286,4.52470661922629e-96
"413","qP.5.1","qP","7","5","2",0.291896289868979,1.25694204368122e-79
"414","ABQ.5.1","ABQ","8","5","2",0.482944649076528,7.179138339039e-22
"415","qm.5.1","qm","9","5","2",0.915323671787124,6.28471021840608e-80
"416","nTau1.5.1","nTau1","10","5","2",2.91035119346906,5.5693581709963e-09
"417","nTau2.5.1","nTau2","11","5","2",11.7785519845908,1.97097190902245e-06
"418","nCon.5.1","nCon","12","5","2",1.71129386438325,3.10327822608053e-14
"419","Fm.5.1","Fm","13","5","2",3297.84257302575,4.52470661922629e-96
"420","Fo.5.1","Fo","14","5","2",3199.89873350906,1.25694204368122e-79
"421","Quant.6.1","Quant","1","6","2",0.0387158095457656,1.0115590914144e-81
"422","Sigma.6.1","Sigma","2","6","2",3.36623997245738,3.49080020817666e-26
"423","Connect.6.1","Connect","3","6","2",0.550378540471761,1.33281861873484e-13
"424","Tau1.6.1","Tau1","4","6","2",1476.24188260178,4.30432667114253e-11
"425","Tau2.6.1","Tau2","5","6","2",10420937.184662,0.00028836785370059
"426","NPQ.6.1","NPQ","6","6","2",0.173889572316196,1.32136461562711e-98
"427","qP.6.1","qP","7","6","2",0.365321827992152,2.02311818282879e-81
"428","ABQ.6.1","ABQ","8","6","2",0.363782329225711,3.49080020817666e-26
"429","qm.6.1","qm","9","6","2",0.889616754861405,1.0115590914144e-81
"430","nTau1.6.1","nTau1","10","6","2",2.13186864941932,4.30432667114253e-11
"431","nTau2.6.1","nTau2","11","6","2",14.7656925175681,0.00028836785370059
"432","nCon.6.1","nCon","12","6","2",1.54421892818013,1.33281861873484e-13
"433","Fm.6.1","Fm","13","6","2",3187.10106479641,1.32136461562711e-98
"434","Fo.6.1","Fo","14","6","2",3063.70986696865,2.02311818282879e-81
"435","Quant.7.1","Quant","1","7","2",0.0453544714462454,1.85763978656888e-84
"436","Sigma.7.1","Sigma","2","7","2",3.86508241894237,3.64474231015606e-31
"437","Connect.7.1","Connect","3","7","2",0.410522016447611,2.13938434523069e-11
"438","Tau1.7.1","Tau1","4","7","2",1252.37999456525,8.38368810906871e-12
"439","Tau2.7.1","Tau2","5","7","2",9094999.21685978,7.10009950895757e-05
"440","NPQ.7.1","NPQ","6","7","2",0.216350683729719,1.22588529849877e-103
"441","qP.7.1","qP","7","7","2",0.433992362669552,3.71527957313777e-84
"442","ABQ.7.1","ABQ","8","7","2",0.269501356394667,3.64474231015606e-31
"443","qm.7.1","qm","9","7","2",0.870689162940934,1.85763978656888e-84
"444","nTau1.7.1","nTau1","10","7","2",1.8085854893021,8.38368810906871e-12
"445","nTau2.7.1","nTau2","11","7","2",12.8869370867464,7.10009950895757e-05
"446","nCon.7.1","nCon","12","7","2",1.15181792460457,2.13938434523069e-11
"447","Fm.7.1","Fm","13","7","2",3075.84379729234,1.22588529849877e-103
"448","Fo.7.1","Fo","14","7","2",2936.34052761493,3.71527957313777e-84
"449","Quant.8.1","Quant","1","8","2",0.0465508074029888,1.6002878999445e-77
"450","Sigma.8.1","Sigma","2","8","2",3.8736376512416,5.41644571987373e-27
"451","Connect.8.1","Connect","3","8","2",0.390413499684608,1.18462517421131e-08
"452","Tau1.8.1","Tau1","4","8","2",1176.95536018253,3.43051272095983e-13
"453","Tau2.8.1","Tau2","5","8","2",10418571.1309379,0.000659629763126784
"454","NPQ.8.1","NPQ","6","8","2",0.254241193052853,1.26794507059926e-98
"455","qP.8.1","qP","7","8","2",0.483742043314196,3.200575799889e-77
"456","ABQ.8.1","ABQ","8","8","2",0.267884421770017,5.41644571987373e-27
"457","qm.8.1","qm","9","8","2",0.867278270937624,1.6002878999445e-77
"458","nTau1.8.1","nTau1","10","8","2",1.69966335714375,3.43051272095983e-13
"459","nTau2.8.1","nTau2","11","8","2",14.7623399955108,0.000659629763126784
"460","nCon.8.1","nCon","12","8","2",1.09539866055325,1.18462517421131e-08
"461","Fm.8.1","Fm","13","8","2",2982.9228433934,1.26794507059926e-98
"462","Fo.8.1","Fo","14","8","2",2844.06537661262,3.200575799889e-77
"463","Quant.9.1","Quant","1","9","2",0.0498363817440235,2.76822270197039e-80
"464","Sigma.9.1","Sigma","2","9","2",3.94064096094454,1.71303312584248e-29
"465","Connect.9.1","Connect","3","9","2",0.343862685734906,4.71369453041716e-08
"466","Tau1.9.1","Tau1","4","9","2",1390.63393324204,6.13398663610372e-14
"467","Tau2.9.1","Tau2","5","9","2",9500712.83086761,0.000332439094324236
"468","NPQ.9.1","NPQ","6","9","2",0.280785662545882,7.15106647567952e-101
"469","qP.9.1","qP","7","9","2",0.520695665502981,5.53644540394078e-80
"470","ABQ.9.1","ABQ","8","9","2",0.255220829755733,1.71303312584248e-29
"471","qm.9.1","qm","9","9","2",0.857910718969512,2.76822270197039e-80
"472","nTau1.9.1","nTau1","10","9","2",2.00824060070181,6.13398663610372e-14
"473","nTau2.9.1","nTau2","11","9","2",13.4618030866536,0.000332439094324236
"474","nCon.9.1","nCon","12","9","2",0.96478919318247,4.71369453041716e-08
"475","Fm.9.1","Fm","13","9","2",2921.10133279098,7.15106647567952e-101
"476","Fo.9.1","Fo","14","9","2",2775.52421165703,5.53644540394078e-80
"477","Quant.10.1","Quant","1","10","2",0.0923253846348723,4.64598396118185e-72
"478","Sigma.10.1","Sigma","2","10","2",4.74956972259037,3.55113677283196e-32
"479","Connect.10.1","Connect","3","10","2",0.242289825124658,2.28098463508932e-05
"480","Tau1.10.1","Tau1","4","10","2",1813.92507056216,1.69346947272241e-16
"481","Tau2.10.1","Tau2","5","10","2",5057102.61601261,3.38409255371878e-05
"482","NPQ.10.1","NPQ","6","10","2",0.300293445264779,1.20956100563781e-95
"483","qP.10.1","qP","7","10","2",0.609057596077389,9.29196792236369e-72
"484","ABQ.10.1","ABQ","8","10","2",0.102333698485369,3.55113677283196e-32
"485","qm.10.1","qm","9","10","2",0.736769663756629,4.64598396118185e-72
"486","nTau1.10.1","nTau1","10","10","2",2.61952328808864,1.69346947272241e-16
"487","nTau2.10.1","nTau2","11","10","2",7.16553808305619,3.38409255371878e-05
"488","nCon.10.1","nCon","12","10","2",0.679802184406109,2.28098463508932e-05
"489","Fm.10.1","Fm","13","10","2",2877.27721731344,1.20956100563781e-95
"490","Fo.10.1","Fo","14","10","2",2611.63149152382,9.29196792236369e-72
"491","Quant.11.1","Quant","1","11","2",0.104634889466288,2.73714453254309e-73
"492","Sigma.11.1","Sigma","2","11","2",5.085756868202,1.52022411864107e-36
"493","Connect.11.1","Connect","3","11","2",0.27280188702484,1.75154942375229e-08
"494","Tau1.11.1","Tau1","4","11","2",1773.31842577348,9.81985683708653e-18
"495","Tau2.11.1","Tau2","5","11","2",3988932.50577381,1.85825175661879e-06
"496","NPQ.11.1","NPQ","6","11","2",0.271910167554326,9.73378891171671e-98
"497","qP.11.1","qP","7","11","2",0.597157821136646,5.47428906508618e-73
"498","ABQ.11.1","ABQ","8","11","2",0.0387944961482429,1.52022411864107e-36
"499","qm.11.1","qm","9","11","2",0.701673843592138,2.73714453254309e-73
"500","nTau1.11.1","nTau1","10","11","2",2.56088246912575,9.81985683708653e-18
"501","nTau2.11.1","nTau2","11","11","2",5.65202052462993,1.85825175661879e-06
"502","nCon.11.1","nCon","12","11","2",0.765411088204717,1.75154942375229e-08
"503","Fm.11.1","Fm","13","11","2",2941.48502097146,9.73378891171671e-98
"504","Fo.11.1","Fo","14","11","2",2633.70306093537,5.47428906508618e-73
"505","Quant.12.1","Quant","1","12","2",0.109751403830784,1.24086884821792e-73
"506","Sigma.12.1","Sigma","2","12","2",5.19080436913314,1.78841754103392e-37
"507","Connect.12.1","Connect","3","12","2",0.229651856474282,5.57967131460999e-07
"508","Tau1.12.1","Tau1","4","12","2",1642.41253558805,8.2190520825818e-18
"509","Tau2.12.1","Tau2","5","12","2",3514041.09592636,3.28964386993974e-07
"510","NPQ.12.1","NPQ","6","12","2",0.255951643504073,2.19788979506722e-98
"511","qP.12.1","qP","7","12","2",0.587332825128436,2.48173769643583e-73
"512","ABQ.12.1","ABQ","8","12","2",0.0189405710240987,1.78841754103392e-37
"513","qm.12.1","qm","9","12","2",0.687086070122396,1.24086884821792e-73
"514","nTau1.12.1","nTau1","10","12","2",2.3718388126629,8.2190520825818e-18
"515","nTau2.12.1","nTau2","11","12","2",4.97913473587739,3.28964386993974e-07
"516","nCon.12.1","nCon","12","12","2",0.644343333872204,5.57967131460999e-07
"517","Fm.12.1","Fm","13","12","2",2978.86047224255,2.19788979506722e-98
"518","Fo.12.1","Fo","14","12","2",2651.9263535979,2.48173769643583e-73
"519","Quant.13.1","Quant","1","13","2",0.117592567435729,2.72194703905955e-70
"520","Sigma.13.1","Sigma","2","13","2",4.96414874392773,2.23051544802297e-35
"521","Connect.13.1","Connect","3","13","2",0.171298096636533,0.000582065929458351
"522","Tau1.13.1","Tau1","4","13","2",1724.12970662027,4.3691613927665e-18
"523","Tau2.13.1","Tau2","5","13","2",3232161.25489432,1.28659473623276e-07
"524","NPQ.13.1","NPQ","6","13","2",0.244168318251521,7.6271935520424e-95
"525","qP.13.1","qP","7","13","2",0.586504141256766,5.4438940781191e-70
"526","ABQ.13.1","ABQ","8","13","2",0.0617783707994992,2.23051544802297e-35
"527","qm.13.1","qm","9","13","2",0.664730006939645,2.72194703905955e-70
"528","nTau1.13.1","nTau1","10","13","2",2.48984811526837,4.3691613927665e-18
"529","nTau2.13.1","nTau2","11","13","2",4.57973197719786,1.28659473623276e-07
"530","nCon.13.1","nCon","12","13","2",0.48061787249304,0.000582065929458351
"531","Fm.13.1","Fm","13","13","2",3007.07279794759,7.6271935520424e-95
"532","Fo.13.1","Fo","14","13","2",2653.46338717079,5.4438940781191e-70
"533","Quant.14.1","Quant","1","14","2",0.127130804725047,9.8686645130677e-69
"534","Sigma.14.1","Sigma","2","14","2",5.04862366614819,3.35822580390345e-35
"535","Connect.14.1","Connect","3","14","2",0.191674083342373,0.0001373864388041
"536","Tau1.14.1","Tau1","4","14","2",1633.49310044984,2.89071855239529e-18
"537","Tau2.14.1","Tau2","5","14","2",3016192.85565977,6.72985769460653e-08
"538","NPQ.14.1","NPQ","6","14","2",0.229459497358167,1.24339048053075e-93
"539","qP.14.1","qP","7","14","2",0.585037782871895,1.97373290261354e-68
"540","ABQ.14.1","ABQ","8","14","2",0.0458126527598833,3.35822580390345e-35
"541","qm.14.1","qm","9","14","2",0.637535390651116,9.8686645130677e-69
"542","nTau1.14.1","nTau1","10","14","2",2.35895808873427,2.89071855239529e-18
"543","nTau2.14.1","nTau2","11","14","2",4.2737208267514,6.72985769460653e-08
"544","nCon.14.1","nCon","12","14","2",0.537787587585009,0.0001373864388041
"545","Fm.14.1","Fm","13","14","2",3043.04835899156,1.24339048053075e-93
"546","Fo.14.1","Fo","14","14","2",2656.18317229573,1.97373290261354e-68
"547","Quant.15.1","Quant","1","15","2",0.130982325563013,1.45539196646314e-72
"548","Sigma.15.1","Sigma","2","15","2",5.14389333399448,8.48128201709621e-40
"549","Connect.15.1","Connect","3","15","2",0.244307096072258,9.68504399198713e-09
"550","Tau1.15.1","Tau1","4","15","2",1755.96282376687,1.67904315835843e-19
"551","Tau2.15.1","Tau2","5","15","2",3097926.47358659,5.23742790809711e-08
"552","NPQ.15.1","NPQ","6","15","2",0.225277394057721,2.71297360541653e-97
"553","qP.15.1","qP","7","15","2",0.586490408007254,2.91078393292628e-72
"554","ABQ.15.1","ABQ","8","15","2",0.0278067331972432,8.48128201709621e-40
"555","qm.15.1","qm","9","15","2",0.626554259846888,1.45539196646314e-72
"556","nTau1.15.1","nTau1","10","15","2",2.53581891806021,1.67904315835843e-19
"557","nTau2.15.1","nTau2","11","15","2",4.38953128115392,5.23742790809711e-08
"558","nCon.15.1","nCon","12","15","2",0.685462121615656,9.68504399198713e-09
"559","Fm.15.1","Fm","13","15","2",3053.43485812006,2.71297360541653e-97
"560","Fo.15.1","Fo","14","15","2",2653.48885944832,2.91078393292628e-72
"561","Quant.16.1","Quant","1","16","2",0.0507419113513186,1.68194137474092e-79
"562","Sigma.16.1","Sigma","2","16","2",3.76185462528245,2.23147630998595e-29
"563","Connect.16.1","Connect","3","16","2",0.332965404920637,1.25158990418221e-07
"564","Tau1.16.1","Tau1","4","16","2",1167.85484703473,8.64081132856699e-11
"565","Tau2.16.1","Tau2","5","16","2",5853948.40766467,9.39885359055221e-08
"566","NPQ.16.1","NPQ","6","16","2",0.20275895065293,8.16561149099529e-100
"567","qP.16.1","qP","7","16","2",0.425137540597257,3.36388274948185e-79
"568","ABQ.16.1","ABQ","8","16","2",0.289011357754892,2.23147630998595e-29
"569","qm.16.1","qm","9","16","2",0.855328949459974,1.68194137474092e-79
"570","nTau1.16.1","nTau1","10","16","2",1.686521135058,8.64081132856699e-11
"571","nTau2.16.1","nTau2","11","16","2",8.29460927261966,9.39885359055221e-08
"572","nCon.16.1","nCon","12","16","2",0.934214259638252,1.25158990418221e-07
"573","Fm.16.1","Fm","13","16","2",3110.60225646323,8.16561149099529e-100
"574","Fo.16.1","Fo","14","16","2",2952.76435251656,3.36388274948185e-79
"575","Quant.17.1","Quant","1","17","2",0.0495912663414391,2.51428120657526e-77
"576","Sigma.17.1","Sigma","2","17","2",3.51779227715687,2.67530913013769e-27
"577","Connect.17.1","Connect","3","17","2",0.431112853904841,3.49807661042574e-10
"578","Tau1.17.1","Tau1","4","17","2",1306.3770964176,2.06360007403395e-13
"579","Tau2.17.1","Tau2","5","17","2",9261529.10183769,2.21858582571017e-05
"580","NPQ.17.1","NPQ","6","17","2",0.262125593076446,9.60486652414781e-97
"581","qP.17.1","qP","7","17","2",0.498180049632419,5.02856241315052e-77
"582","ABQ.17.1","ABQ","8","17","2",0.335139019454187,2.67530913013769e-27
"583","qm.17.1","qm","9","17","2",0.858609571295943,2.51428120657526e-77
"584","nTau1.17.1","nTau1","10","17","2",1.88656371899142,2.06360007403395e-13
"585","nTau2.17.1","nTau2","11","17","2",13.1228975414537,2.21858582571017e-05
"586","nCon.17.1","nCon","12","17","2",1.20959045498208,3.49807661042574e-10
"587","Fm.17.1","Fm","13","17","2",2964.28875732001,9.60486652414781e-97
"588","Fo.17.1","Fo","14","17","2",2817.28592404282,5.02856241315052e-77
"589","Quant.18.1","Quant","1","18","2",0.0472370621451224,4.00010701820507e-80
"590","Sigma.18.1","Sigma","2","18","2",3.565042009359,1.23815638239455e-28
"591","Connect.18.1","Connect","3","18","2",0.323889165065544,5.22356482415131e-07
"592","Tau1.18.1","Tau1","4","18","2",1216.96068884294,6.16515611064412e-13
"593","Tau2.18.1","Tau2","5","18","2",11328220.7760001,0.00115199165110978
"594","NPQ.18.1","NPQ","6","18","2",0.323803036078727,1.01240212908423e-99
"595","qP.18.1","qP","7","18","2",0.565361312288712,8.00021403641014e-80
"596","ABQ.18.1","ABQ","8","18","2",0.326208843705486,1.23815638239455e-28
"597","qm.18.1","qm","9","18","2",0.865321679397445,4.00010701820507e-80
"598","nTau1.18.1","nTau1","10","18","2",1.75743580418376,6.16515611064412e-13
"599","nTau2.18.1","nTau2","11","18","2",16.0512458510679,0.00115199165110978
"600","nCon.18.1","nCon","12","18","2",0.908748693032179,5.22356482415131e-07
"601","Fm.18.1","Fm","13","18","2",2826.17927585706,1.01240212908423e-99
"602","Fo.18.1","Fo","14","18","2",2692.67886977014,8.00021403641014e-80
"603","Quant.19.1","Quant","1","19","2",0.0488961238214964,3.90713239670212e-80
"604","Sigma.19.1","Sigma","2","19","2",3.07461048204453,3.12013912560736e-29
"605","Connect.19.1","Connect","3","19","2",0.440831728791332,7.13169073609665e-12
"606","Tau1.19.1","Tau1","4","19","2",1425.35633935482,8.42483177260039e-11
"607","Tau2.19.1","Tau2","5","19","2",9827983.40708681,0.00109447290864393
"608","NPQ.19.1","NPQ","6","19","2",0.389163240649588,3.59734765103728e-97
"609","qP.19.1","qP","7","19","2",0.636074959498676,7.81426479340424e-80
"610","ABQ.19.1","ABQ","8","19","2",0.41890015702101,3.12013912560736e-29
"611","qm.19.1","qm","9","19","2",0.860591502917297,3.90713239670212e-80
"612","nTau1.19.1","nTau1","10","19","2",2.05838387999544,8.42483177260039e-11
"613","nTau2.19.1","nTau2","11","19","2",13.9255211393459,0.00109447290864393
"614","nCon.19.1","nCon","12","19","2",1.23685908821671,7.13169073609665e-12
"615","Fm.19.1","Fm","13","19","2",2693.20739017891,3.59734765103728e-97
"616","Fo.19.1","Fo","14","19","2",2561.51998815175,7.81426479340424e-80
"617","Quant.20.1","Quant","1","20","2",0.0488938019346888,2.99577044009019e-83
"618","Sigma.20.1","Sigma","2","20","2",3.38132026047919,3.00051877159731e-31
"619","Connect.20.1","Connect","3","20","2",0.23479482090543,4.72800991055425e-05
"620","Tau1.20.1","Tau1","4","20","2",1168.88876967836,2.83815830253576e-13
"621","Tau2.20.1","Tau2","5","20","2",7247935.57312217,1.08230294391093e-06
"622","NPQ.20.1","NPQ","6","20","2",0.452614223274847,7.77756206111435e-102
"623","qP.20.1","qP","7","20","2",0.696395903447569,5.99154088018038e-83
"624","ABQ.20.1","ABQ","8","20","2",0.360932162333765,3.00051877159731e-31
"625","qm.20.1","qm","9","20","2",0.860598122884791,2.99577044009019e-83
"626","nTau1.20.1","nTau1","10","20","2",1.68801424218081,2.83815830253576e-13
"627","nTau2.20.1","nTau2","11","20","2",10.2697853526441,1.08230294391093e-06
"628","nCon.20.1","nCon","12","20","2",0.658773153419182,4.72800991055425e-05
"629","Fm.20.1","Fm","13","20","2",2575.56662046704,7.77756206111435e-102
"630","Fo.20.1","Fo","14","20","2",2449.63737625633,5.99154088018038e-83
"631","Quant.21.1","Quant","1","21","2",0.0536832254668469,1.87991622106842e-76
"632","Sigma.21.1","Sigma","2","21","2",3.40455896771924,4.93428425842674e-28
"633","Connect.21.1","Connect","3","21","2",0.493647729885514,2.1367939605095e-13
"634","Tau1.21.1","Tau1","4","21","2",1033.52345723084,9.00943252152376e-11
"635","Tau2.21.1","Tau2","5","21","2",6404469.77003343,1.06990412372114e-06
"636","NPQ.21.1","NPQ","6","21","2",0.510580189967959,1.98192520985506e-95
"637","qP.21.1","qP","7","21","2",0.75347131156572,3.75983244213685e-76
"638","ABQ.21.1","ABQ","8","21","2",0.356540058290965,4.93428425842674e-28
"639","qm.21.1","qm","9","21","2",0.846942923160817,1.87991622106842e-76
"640","nTau1.21.1","nTau1","10","21","2",1.49253065021205,9.00943252152376e-11
"641","nTau2.21.1","nTau2","11","21","2",9.07465707609881,1.06990412372114e-06
"642","nCon.21.1","nCon","12","21","2",1.38504703996807,2.1367939605095e-13
"643","Fm.21.1","Fm","13","21","2",2476.73359595806,1.98192520985506e-95
"644","Fo.21.1","Fo","14","21","2",2343.77454790493,3.75983244213685e-76
"645","Quant.22.1","Quant","1","22","2",0.0537808656602075,1.88784224914259e-79
"646","Sigma.22.1","Sigma","2","22","2",3.47884430452011,6.68838687632259e-29
"647","Connect.22.1","Connect","3","22","2",0.39211084205511,4.78420835917104e-09
"648","Tau1.22.1","Tau1","4","22","2",1375.85696507544,3.96573309542361e-14
"649","Tau2.22.1","Tau2","5","22","2",17080771.3028632,0.00443952160446747
"650","NPQ.22.1","NPQ","6","22","2",0.559950775675359,2.81462496010634e-97
"651","qP.22.1","qP","7","22","2",0.793590084154797,3.77568449828518e-79
"652","ABQ.22.1","ABQ","8","22","2",0.342500166798132,6.68838687632259e-29
"653","qm.22.1","qm","9","22","2",0.846664539690974,1.88784224914259e-79
"654","nTau1.22.1","nTau1","10","22","2",1.98690090323142,3.96573309542361e-14
"655","nTau2.22.1","nTau2","11","22","2",24.2021818721059,0.00443952160446747
"656","nCon.22.1","nCon","12","22","2",1.10016096144871,4.78420835917104e-09
"657","Fm.22.1","Fm","13","22","2",2398.34792496103,2.81462496010634e-97
"658","Fo.22.1","Fo","14","22","2",2269.36269740227,3.77568449828518e-79
"659","Quant.23.1","Quant","1","23","2",0.178514598333876,2.34834391023823e-65
"660","Sigma.23.1","Sigma","2","23","2",5.05784344684712,6.65675200855514e-39
"661","Connect.23.1","Connect","3","23","2",0.213955439232748,1.42234567019257e-06
"662","Tau1.23.1","Tau1","4","23","2",1400.18522351352,5.3296358698448e-19
"663","Tau2.23.1","Tau2","5","23","2",1887486.97576041,1.02765423054159e-12
"664","NPQ.23.1","NPQ","6","23","2",0.629155209948715,1.1362885972573e-90
"665","qP.23.1","qP","7","23","2",1,4.69668782047645e-65
"666","ABQ.23.1","ABQ","8","23","2",0.0440701188201408,6.65675200855514e-39
"667","qm.23.1","qm","9","23","2",0.491034259650106,2.34834391023823e-65
"668","nTau1.23.1","nTau1","10","23","2",2.02203379850445,5.3296358698448e-19
"669","nTau2.23.1","nTau2","11","23","2",2.67442858747995,1.02765423054159e-12
"670","nCon.23.1","nCon","12","23","2",0.600303272665941,1.42234567019257e-06
"671","Fm.23.1","Fm","13","23","2",2296.46916575869,1.1362885972573e-90
"672","Fo.23.1","Fo","14","23","2",1886.51589504715,4.69668782047645e-65
"673","Quant.24.1","Quant","1","24","2",0.192066020253934,2.17687481137161e-65
"674","Sigma.24.1","Sigma","2","24","2",5.35264356953131,5.62861308198921e-41
"675","Connect.24.1","Connect","3","24","2",0.252592962218418,3.03992308170545e-09
"676","Tau1.24.1","Tau1","4","24","2",1521.2916319642,5.05927605419252e-18
"677","Tau2.24.1","Tau2","5","24","2",1921134.87315581,4.82139129771526e-10
"678","NPQ.24.1","NPQ","6","24","2",0.543965107960009,2.8427987667751e-91
"679","qP.24.1","qP","7","24","2",0.96158418797095,4.35374962274322e-65
"680","ABQ.24.1","ABQ","8","24","2",-0.0116469568882773,5.62861308198921e-41
"681","qm.24.1","qm","9","24","2",0.452397590410113,2.17687481137161e-65
"682","nTau1.24.1","nTau1","10","24","2",2.19692583920767,5.05927605419252e-18
"683","nTau2.24.1","nTau2","11","24","2",2.72210515418399,4.82139129771526e-10
"684","nCon.24.1","nCon","12","24","2",0.708710105318472,3.03992308170545e-09
"685","Fm.24.1","Fm","13","24","2",2423.17956966373,2.8427987667751e-91
"686","Fo.24.1","Fo","14","24","2",1957.76911335778,4.35374962274322e-65
"687","Quant.25.1","Quant","1","25","2",0.199809629424437,2.67988213217107e-64
"688","Sigma.25.1","Sigma","2","25","2",5.33806855383804,1.63166196200463e-40
"689","Connect.25.1","Connect","3","25","2",0.226778705310172,7.73650580475175e-08
"690","Tau1.25.1","Tau1","4","25","2",1686.42372271849,8.64036298143625e-18
"691","Tau2.25.1","Tau2","5","25","2",1638354.07040728,3.79973526975632e-11
"692","NPQ.25.1","NPQ","6","25","2",0.510800370603754,1.45992577394189e-90
"693","qP.25.1","qP","7","25","2",0.948752307109963,5.35976426434214e-64
"694","ABQ.25.1","ABQ","8","25","2",-0.00889228621365423,1.63166196200463e-40
"695","qm.25.1","qm","9","25","2",0.430319666188623,2.67988213217107e-64
"696","nTau1.25.1","nTau1","10","25","2",2.43539619521172,8.64036298143625e-18
"697","nTau2.25.1","nTau2","11","25","2",2.32142579979718,3.79973526975632e-11
"698","nCon.25.1","nCon","12","25","2",0.636282019549632,7.73650580475175e-08
"699","Fm.25.1","Fm","13","25","2",2476.37264239433,1.45992577394189e-90
"700","Fo.25.1","Fo","14","25","2",1981.56954240071,5.35976426434214e-64
"701","Quant.26.1","Quant","1","26","2",0.207012331515909,1.1351700246516e-60
"702","Sigma.26.1","Sigma","2","26","2",5.52115003048494,3.9079276487431e-38
"703","Connect.26.1","Connect","3","26","2",0.243263056289027,2.32934518476462e-07
"704","Tau1.26.1","Tau1","4","26","2",1692.32094680462,5.09822932787812e-17
"705","Tau2.26.1","Tau2","5","26","2",1631972.14019971,6.61845663321593e-10
"706","NPQ.26.1","NPQ","6","26","2",0.486502051429334,1.05410138738317e-87
"707","qP.26.1","qP","7","26","2",0.941062726860876,2.27034004930319e-60
"708","ABQ.26.1","ABQ","8","26","2",-0.043494593710222,3.9079276487431e-38
"709","qm.26.1","qm","9","26","2",0.40978393053047,1.1351700246516e-60
"710","nTau1.26.1","nTau1","10","26","2",2.44391248735598,5.09822932787812e-17
"711","nTau2.26.1","nTau2","11","26","2",2.31238307960382,6.61845663321593e-10
"712","nCon.26.1","nCon","12","26","2",0.6825328177339,2.32934518476462e-07
"713","Fm.26.1","Fm","13","26","2",2516.85135737615,1.05410138738317e-87
"714","Fo.26.1","Fo","14","26","2",1995.83208980673,2.27034004930319e-60
"715","Quant.27.1","Quant","1","27","2",0.213274752254157,6.57097346298166e-66
"716","Sigma.27.1","Sigma","2","27","2",5.55564022038305,1.29667770689326e-43
"717","Connect.27.1","Connect","3","27","2",0.21600977464978,1.28505303860043e-08
"718","Tau1.27.1","Tau1","4","27","2",1784.94685595271,3.46872487282888e-18
"719","Tau2.27.1","Tau2","5","27","2",1507114.87973763,2.30723748510315e-11
"720","NPQ.27.1","NPQ","6","27","2",0.464542784050463,2.31972818547039e-92
"721","qP.27.1","qP","7","27","2",0.933553797983701,1.31419469259633e-65
"722","ABQ.27.1","ABQ","8","27","2",-0.0500132223466474,1.29667770689326e-43
"723","qm.27.1","qm","9","27","2",0.391929045623725,6.57097346298166e-66
"724","nTau1.27.1","nTau1","10","27","2",2.57767530371013,3.46872487282888e-18
"725","nTau2.27.1","nTau2","11","27","2",2.13546963277078,2.30723748510315e-11
"726","nCon.27.1","nCon","12","27","2",0.606067203129315,1.28505303860043e-08
"727","Fm.27.1","Fm","13","27","2",2554.58887690197,2.31972818547039e-92
"728","Fo.27.1","Fo","14","27","2",2009.75956706948,1.31419469259633e-65
"729","Quant.1.2","Quant","1","1","3",0.355040482586507,2.36909558919651e-69
"730","Sigma.1.2","Sigma","2","1","3",4.640492281631,6.15118307591305e-58
"731","Connect.1.2","Connect","3","1","3",0.343354977992943,3.65894803123426e-24
"732","Tau1.1.2","Tau1","4","1","3",619.365829564756,2.26457567011956e-24
"733","Tau2.1.2","Tau2","5","1","3",788238.430870411,7.77451835852448e-19
"734","NPQ.1.2","NPQ","6","1","3",0.901441191189383,1.65616914692906e-101
"735","qP.1.2","qP","7","1","3",1.24044199887855,4.73819117839302e-69
"736","ABQ.1.2","ABQ","8","1","3",0,6.15118307591305e-58
"737","qm.1.2","qm","9","1","3",0,2.36909558919651e-69
"738","nTau1.1.2","nTau1","10","1","3",1,2.26457567011956e-24
"739","nTau2.1.2","nTau2","11","1","3",1,7.77451835852448e-19
"740","nCon.1.2","nCon","12","1","3",1,3.65894803123426e-24
"741","Fm.1.2","Fm","13","1","3",1732.44369543768,1.65616914692906e-101
"742","Fo.1.2","Fo","14","1","3",1117.35604975554,4.73819117839302e-69
"743","Quant.3.2","Quant","1","3","3",0.0479300914183187,1.217688771287e-93
"744","Sigma.3.2","Sigma","2","3","3",2.66744044355745,2.82825923682936e-33
"745","Connect.3.2","Connect","3","3","3",0.519669386731518,9.88814661948624e-16
"746","Tau1.3.2","Tau1","4","3","3",1802.3133397502,4.08243926655508e-06
"747","Tau2.3.2","Tau2","5","3","3",2874981.14372964,1.11622097959509e-18
"748","NPQ.3.2","NPQ","6","3","3",0.155020639328746,4.12833552561612e-108
"749","qP.3.2","qP","7","3","3",0.329840572772715,2.43537754257399e-93
"750","ABQ.3.2","ABQ","8","3","3",0.425181579524163,2.82825923682936e-33
"751","qm.3.2","qm","9","3","3",0.865001052642946,1.217688771287e-93
"752","nTau1.3.2","nTau1","10","3","3",2.90993344114048,4.08243926655508e-06
"753","nTau2.3.2","nTau2","11","3","3",3.64734962307655,1.11622097959509e-18
"754","nCon.3.2","nCon","12","3","3",1.5135047401066,9.88814661948624e-16
"755","Fm.3.2","Fm","13","3","3",2852.01813002753,4.12833552561612e-108
"756","Fo.3.2","Fo","14","3","3",2715.32064032861,2.43537754257399e-93
"757","Quant.4.2","Quant","1","4","3",0.0435438414823188,1.38492691610149e-90
"758","Sigma.4.2","Sigma","2","4","3",2.87664488713768,8.37285399952511e-28
"759","Connect.4.2","Connect","3","4","3",0.555627166119799,2.40910325482818e-13
"760","Tau1.4.2","Tau1","4","4","3",2770.9405460098,5.28716991157578e-09
"761","Tau2.4.2","Tau2","5","4","3",7839257.46696261,3.64934571280647e-05
"762","NPQ.4.2","NPQ","6","4","3",0.194497331469023,2.37460378411372e-107
"763","qP.4.2","qP","7","4","3",0.374084831882552,2.76985383220299e-90
"764","ABQ.4.2","ABQ","8","4","3",0.380099197982801,8.37285399952511e-28
"765","qm.4.2","qm","9","4","3",0.877355277445835,1.38492691610149e-90
"766","nTau1.4.2","nTau1","10","4","3",4.47383503212797,5.28716991157578e-09
"767","nTau2.4.2","nTau2","11","4","3",9.94528706029485,3.64934571280647e-05
"768","nCon.4.2","nCon","12","4","3",1.61822953424959,2.40910325482818e-13
"769","Fm.4.2","Fm","13","4","3",2757.76238015564,2.37460378411372e-107
"770","Fo.4.2","Fo","14","4","3",2637.67881222824,2.76985383220299e-90
"771","Quant.5.2","Quant","1","5","3",0.0392057829900569,5.38779193058731e-96
"772","Sigma.5.2","Sigma","2","5","3",3.09137635478382,2.53706297268572e-30
"773","Connect.5.2","Connect","3","5","3",0.384008708222646,3.81015954914186e-08
"774","Tau1.5.2","Tau1","4","5","3",1291.92515896741,4.59233905814315e-09
"775","Tau2.5.2","Tau2","5","5","3",9779857.52990507,1.57483201760201e-07
"776","NPQ.5.2","NPQ","6","5","3",0.204832533354067,8.78493050738874e-115
"777","qP.5.2","qP","7","5","3",0.380219630485574,1.07755838611746e-95
"778","ABQ.5.2","ABQ","8","5","3",0.333825773825597,2.53706297268572e-30
"779","qm.5.2","qm","9","5","3",0.889573767181594,5.38779193058731e-96
"780","nTau1.5.2","nTau1","10","5","3",2.08588381421571,4.59233905814315e-09
"781","nTau2.5.2","nTau2","11","5","3",12.4072325668081,1.57483201760201e-07
"782","nCon.5.2","nCon","12","5","3",1.11840145865175,3.81015954914186e-08
"783","Fm.5.2","Fm","13","5","3",2734.1059547514,8.78493050738874e-115
"784","Fo.5.2","Fo","14","5","3",2626.91319001759,1.07755838611746e-95
"785","Quant.6.2","Quant","1","6","3",0.0447966383598964,3.13841384478323e-91
"786","Sigma.6.2","Sigma","2","6","3",3.61048515219306,4.99679049189783e-27
"787","Connect.6.2","Connect","3","6","3",0.336102280231682,6.86600058746109e-05
"788","Tau1.6.2","Tau1","4","6","3",981.357030350999,4.06992222305684e-12
"789","Tau2.6.2","Tau2","5","6","3",9353411.83931894,1.51255125386265e-05
"790","NPQ.6.2","NPQ","6","6","3",0.259322233624528,1.02385275627364e-111
"791","qP.6.2","qP","7","6","3",0.453325032483415,6.27682768956647e-91
"792","ABQ.6.2","ABQ","8","6","3",0.221960746172369,4.99679049189783e-27
"793","qm.6.2","qm","9","6","3",0.873826674542722,3.13841384478323e-91
"794","nTau1.6.2","nTau1","10","6","3",1.58445458807539,4.06992222305684e-12
"795","nTau2.6.2","nTau2","11","6","3",11.8662215301916,1.51255125386265e-05
"796","nCon.6.2","nCon","12","6","3",0.978876969241408,6.86600058746109e-05
"797","Fm.6.2","Fm","13","6","3",2615.80373630069,1.02385275627364e-111
"798","Fo.6.2","Fo","14","6","3",2498.62452230516,6.27682768956647e-91
"799","Quant.7.2","Quant","1","7","3",0.0470992374407236,9.5451800050209e-91
"800","Sigma.7.2","Sigma","2","7","3",3.66044393944331,2.40304082219623e-30
"801","Connect.7.2","Connect","3","7","3",0.259669206800677,0.000123407004259451
"802","Tau1.7.2","Tau1","4","7","3",1888.32140557843,3.73825430071761e-09
"803","Tau2.7.2","Tau2","5","7","3",11342917.4585546,0.00891474978730177
"804","NPQ.7.2","NPQ","6","7","3",0.304469643682009,2.33724191167258e-114
"805","qP.7.2","qP","7","7","3",0.505917440510008,1.90903600100418e-90
"806","ABQ.7.2","ABQ","8","7","3",0.211194908365032,2.40304082219623e-30
"807","qm.7.2","qm","9","7","3",0.867341219520656,9.5451800050209e-91
"808","nTau1.7.2","nTau1","10","7","3",3.04879816651397,3.73825430071761e-09
"809","nTau2.7.2","nTau2","11","7","3",14.3902111522641,0.00891474978730177
"810","nCon.7.2","nCon","12","7","3",0.756270400733825,0.000123407004259451
"811","Fm.7.2","Fm","13","7","3",2525.27133910414,2.33724191167258e-114
"812","Fo.7.2","Fo","14","7","3",2406.33298470142,1.90903600100418e-90
"813","Quant.8.2","Quant","1","8","3",0.0496354365820226,3.17916417140742e-86
"814","Sigma.8.2","Sigma","2","8","3",3.6792188755627,5.36017926866871e-28
"815","Connect.8.2","Connect","3","8","3",0.313237635503467,1.80579093048349e-05
"816","Tau1.8.2","Tau1","4","8","3",1310.82241546743,1.22475698188402e-11
"817","Tau2.8.2","Tau2","5","8","3",12575827.8500029,0.00818921496071107
"818","NPQ.8.2","NPQ","6","8","3",0.345053423939287,2.536085501545e-110
"819","qP.8.2","qP","7","8","3",0.550831206169123,6.35832834281484e-86
"820","ABQ.8.2","ABQ","8","8","3",0.207149015175269,5.36017926866871e-28
"821","qm.8.2","qm","9","8","3",0.860197811189239,3.17916417140742e-86
"822","nTau1.8.2","nTau1","10","8","3",2.11639446817494,1.22475698188402e-11
"823","nTau2.8.2","nTau2","11","8","3",15.9543449767046,0.00818921496071107
"824","nCon.8.2","nCon","12","8","3",0.91228511476512,1.80579093048349e-05
"825","Fm.8.2","Fm","13","8","3",2449.07729707416,2.536085501545e-110
"826","Fo.8.2","Fo","14","8","3",2327.51627621076,6.35832834281484e-86
"827","Quant.9.2","Quant","1","9","3",0.0549557657441834,8.49712613503946e-91
"828","Sigma.9.2","Sigma","2","9","3",3.68122388732221,1.51073993668973e-33
"829","Connect.9.2","Connect","3","9","3",0.244845757234416,2.99323738480153e-05
"830","Tau1.9.2","Tau1","4","9","3",1367.60006493258,9.52521014509218e-13
"831","Tau2.9.2","Tau2","5","9","3",10341623.3993207,0.000748634857972903
"832","NPQ.9.2","NPQ","6","9","3",0.371579217604619,7.66689371620054e-115
"833","qP.9.2","qP","7","9","3",0.583763533621732,1.69942522700789e-90
"834","ABQ.9.2","ABQ","8","9","3",0.20671694641234,1.51073993668973e-33
"835","qm.9.2","qm","9","9","3",0.845212677315485,8.49712613503946e-91
"836","nTau1.9.2","nTau1","10","9","3",2.20806508795234,9.52521014509218e-13
"837","nTau2.9.2","nTau2","11","9","3",13.1199177739925,0.000748634857972903
"838","nCon.9.2","nCon","12","9","3",0.713098026612704,2.99323738480153e-05
"839","Fm.9.2","Fm","13","9","3",2401.71312137157,7.66689371620054e-115
"840","Fo.9.2","Fo","14","9","3",2269.72513768875,1.69942522700789e-90
"841","Quant.10.2","Quant","1","10","3",0.0977252804880268,1.26905579553168e-82
"842","Sigma.10.2","Sigma","2","10","3",4.57392537537926,5.60477782030066e-38
"843","Connect.10.2","Connect","3","10","3",0.279436221020414,3.94690060359991e-08
"844","Tau1.10.2","Tau1","4","10","3",1329.11087020602,1.62886606912491e-17
"845","Tau2.10.2","Tau2","5","10","3",4032023.96520826,2.60463609324639e-08
"846","NPQ.10.2","NPQ","6","10","3",0.395846927628773,2.65259738589201e-110
"847","qP.10.2","qP","7","10","3",0.66376768301757,2.53811159106337e-82
"848","ABQ.10.2","ABQ","8","10","3",0.014344794089033,5.60477782030066e-38
"849","qm.10.2","qm","9","10","3",0.724748908135523,1.26905579553168e-82
"850","nTau1.10.2","nTau1","10","10","3",2.14592217839983,1.62886606912491e-17
"851","nTau2.10.2","nTau2","11","10","3",5.11523392833803,2.60463609324639e-08
"852","nCon.10.2","nCon","12","10","3",0.813840599177675,3.94690060359991e-08
"853","Fm.10.2","Fm","13","10","3",2359.95777095528,2.65259738589201e-110
"854","Fo.10.2","Fo","14","10","3",2129.33023584877,2.53811159106337e-82
"855","Quant.11.2","Quant","1","11","3",0.106089416761842,2.24080769179655e-85
"856","Sigma.11.2","Sigma","2","11","3",4.64756505309459,1.22436714298129e-42
"857","Connect.11.2","Connect","3","11","3",0.225757061393986,1.23402203046349e-07
"858","Tau1.11.2","Tau1","4","11","3",1394.79389581086,8.24277301251342e-18
"859","Tau2.11.2","Tau2","5","11","3",4962067.76031111,4.08882692866737e-05
"860","NPQ.11.2","NPQ","6","11","3",0.36793143294809,2.88721178152103e-113
"861","qP.11.2","qP","7","11","3",0.650483547792609,4.48161538359311e-85
"862","ABQ.11.2","ABQ","8","11","3",-0.00152414249056831,1.22436714298129e-42
"863","qm.11.2","qm","9","11","3",0.701190647362325,2.24080769179655e-85
"864","nTau1.11.2","nTau1","10","11","3",2.25197101491863,8.24277301251342e-18
"865","nTau2.11.2","nTau2","11","11","3",6.2951355401839,4.08882692866737e-05
"866","nCon.11.2","nCon","12","11","3",0.657503388224143,1.23402203046349e-07
"867","Fm.11.2","Fm","13","11","3",2408.11763263764,2.88721178152103e-113
"868","Fo.11.2","Fo","14","11","3",2152.6418374972,4.48161538359311e-85
"869","Quant.12.2","Quant","1","12","3",0.11481541109664,2.39932663724078e-80
"870","Sigma.12.2","Sigma","2","12","3",4.86347589542436,2.60070186259011e-39
"871","Connect.12.2","Connect","3","12","3",0.192775831857027,6.13740142980219e-05
"872","Tau1.12.2","Tau1","4","12","3",1439.79331075592,1.85618094787323e-19
"873","Tau2.12.2","Tau2","5","12","3",4621580.48634658,1.51221254027185e-06
"874","NPQ.12.2","NPQ","6","12","3",0.354092987594715,2.23882170489657e-109
"875","qP.12.2","qP","7","12","3",0.65004395484203,4.79865327448156e-80
"876","ABQ.12.2","ABQ","8","12","3",-0.0480517152621978,2.60070186259011e-39
"877","qm.12.2","qm","9","12","3",0.676613184332678,2.39932663724078e-80
"878","nTau1.12.2","nTau1","10","12","3",2.32462503100582,1.85618094787323e-19
"879","nTau2.12.2","nTau2","11","12","3",5.86317579218157,1.51221254027185e-06
"880","nCon.12.2","nCon","12","12","3",0.561447610236741,6.13740142980219e-05
"881","Fm.12.2","Fm","13","12","3",2432.72791019542,2.23882170489657e-109
"882","Fo.12.2","Fo","14","12","3",2153.41325510007,4.79865327448156e-80
"883","Quant.13.2","Quant","1","13","3",0.120911243520419,3.60539305216739e-82
"884","Sigma.13.2","Sigma","2","13","3",4.64848784852297,3.03251808431862e-42
"885","Connect.13.2","Connect","3","13","3",0.215353351739072,6.15748046884615e-07
"886","Tau1.13.2","Tau1","4","13","3",1445.42040199306,7.92352147530323e-19
"887","Tau2.13.2","Tau2","5","13","3",3767383.44649344,3.30330573138731e-07
"888","NPQ.13.2","NPQ","6","13","3",0.340119092512142,1.97696540781421e-110
"889","qP.13.2","qP","7","13","3",0.645787017419244,7.21078610433478e-82
"890","ABQ.13.2","ABQ","8","13","3",-0.00172299971785628,3.03251808431862e-42
"891","qm.13.2","qm","9","13","3",0.65944378331291,3.60539305216739e-82
"892","nTau1.13.2","nTau1","10","13","3",2.33371027750884,7.92352147530323e-19
"893","nTau2.13.2","nTau2","11","13","3",4.77949729288549,3.30330573138731e-07
"894","nCon.13.2","nCon","12","13","3",0.627203231471712,6.15748046884615e-07
"895","Fm.13.2","Fm","13","13","3",2458.09482330894,1.97696540781421e-110
"896","Fo.13.2","Fo","14","13","3",2160.88352153155,7.21078610433478e-82
"897","Quant.14.2","Quant","1","14","3",0.126519529173684,1.05003736909894e-80
"898","Sigma.14.2","Sigma","2","14","3",4.94082685410876,3.59685234584639e-42
"899","Connect.14.2","Connect","3","14","3",0.251546188555743,1.45176421090669e-08
"900","Tau1.14.2","Tau1","4","14","3",1433.46003898578,7.93788872162746e-19
"901","Tau2.14.2","Tau2","5","14","3",3652770.87687154,8.78298576221884e-07
"902","NPQ.14.2","NPQ","6","14","3",0.323579843100907,9.11268214809214e-110
"903","qP.14.2","qP","7","14","3",0.638353823513407,2.10007473819788e-80
"904","ABQ.14.2","ABQ","8","14","3",-0.0647204120275358,3.59685234584639e-42
"905","qm.14.2","qm","9","14","3",0.643647596882541,1.05003736909894e-80
"906","nTau1.14.2","nTau1","10","14","3",2.31439961741691,7.93788872162746e-19
"907","nTau2.14.2","nTau2","11","14","3",4.63409386527624,8.78298576221884e-07
"908","nCon.14.2","nCon","12","14","3",0.732612615742863,1.45176421090669e-08
"909","Fm.14.2","Fm","13","14","3",2488.8107967888,9.11268214809214e-110
"910","Fo.14.2","Fo","14","14","3",2173.9276265767,2.10007473819788e-80
"911","Quant.15.2","Quant","1","15","3",0.130957679948923,5.32529013961054e-79
"912","Sigma.15.2","Sigma","2","15","3",4.81045618275565,2.66526554060581e-41
"913","Connect.15.2","Connect","3","15","3",0.229239134494824,4.68359262180653e-07
"914","Tau1.15.2","Tau1","4","15","3",1406.83165164061,1.07866405758152e-17
"915","Tau2.15.2","Tau2","5","15","3",3388104.86504418,1.77008423414688e-06
"916","NPQ.15.2","NPQ","6","15","3",0.319235504479553,7.00294250144965e-108
"917","qP.15.2","qP","7","15","3",0.640589456466614,1.06505802792211e-78
"918","ABQ.15.2","ABQ","8","15","3",-0.0366262652342806,2.66526554060581e-41
"919","qm.15.2","qm","9","15","3",0.63114718920253,5.32529013961054e-79
"920","nTau1.15.2","nTau1","10","15","3",2.27140662995442,1.07866405758152e-17
"921","nTau2.15.2","nTau2","11","15","3",4.29832488794395,1.77008423414688e-06
"922","nCon.15.2","nCon","12","15","3",0.667644709375775,4.68359262180653e-07
"923","Fm.15.2","Fm","13","15","3",2497.00663205022,7.00294250144965e-108
"924","Fo.15.2","Fo","14","15","3",2170.00443669985,1.06505802792211e-78
"925","Quant.16.2","Quant","1","16","3",0.0521202679944989,1.73285265877241e-93
"926","Sigma.16.2","Sigma","2","16","3",3.26608867998893,1.76438190392855e-33
"927","Connect.16.2","Connect","3","16","3",0.402744249894872,1.48517400555589e-10
"928","Tau1.16.2","Tau1","4","16","3",1439.53913487545,3.95421170563106e-11
"929","Tau2.16.2","Tau2","5","16","3",9350939.3012806,0.000598193941078147
"930","NPQ.16.2","NPQ","6","16","3",0.290363384859166,3.67826668590456e-113
"931","qP.16.2","qP","7","16","3",0.4982313112688,3.46570531754482e-93
"932","ABQ.16.2","ABQ","8","16","3",0.296176249895413,1.76438190392855e-33
"933","qm.16.2","qm","9","16","3",0.853199084186689,1.73285265877241e-93
"934","nTau1.16.2","nTau1","10","16","3",2.32421465014795,3.95421170563106e-11
"935","nTau2.16.2","nTau2","11","16","3",11.8630847406854,0.000598193941078147
"936","nCon.16.2","nCon","12","16","3",1.1729675575088,1.48517400555589e-10
"937","Fm.16.2","Fm","13","16","3",2552.87761771162,3.67826668590456e-113
"938","Fo.16.2","Fo","14","16","3",2419.82095211933,3.46570531754482e-93
"939","Quant.17.2","Quant","1","17","3",0.0529717643477706,1.74493147933977e-91
"940","Sigma.17.2","Sigma","2","17","3",3.50032693469591,9.66703148590137e-31
"941","Connect.17.2","Connect","3","17","3",0.382622200631951,8.00794106078353e-08
"942","Tau1.17.2","Tau1","4","17","3",1315.83684475989,1.14470662492005e-14
"943","Tau2.17.2","Tau2","5","17","3",10755190.4423788,1.32150454913899e-05
"944","NPQ.17.2","NPQ","6","17","3",0.352035877318371,2.55879044819562e-111
"945","qP.17.2","qP","7","17","3",0.562313102061651,3.48986295867955e-91
"946","ABQ.17.2","ABQ","8","17","3",0.245699222784691,9.66703148590137e-31
"947","qm.17.2","qm","9","17","3",0.850800776401987,1.74493147933977e-91
"948","nTau1.17.2","nTau1","10","17","3",2.12449053846668,1.14470662492005e-14
"949","nTau2.17.2","nTau2","11","17","3",13.6445902929427,1.32150454913899e-05
"950","nCon.17.2","nCon","12","17","3",1.11436334160216,8.00794106078353e-08
"951","Fm.17.2","Fm","13","17","3",2436.42928355952,2.55879044819562e-111
"952","Fo.17.2","Fo","14","17","3",2307.3673257008,3.48986295867955e-91
"953","Quant.18.2","Quant","1","18","3",0.0533458565179166,2.96336980313978e-88
"954","Sigma.18.2","Sigma","2","18","3",3.90170529309854,8.95342136673929e-29
"955","Connect.18.2","Connect","3","18","3",0.206987273307093,0.00754418833878553
"956","Tau1.18.2","Tau1","4","18","3",1241.19812351498,1.33608157284731e-12
"957","Tau2.18.2","Tau2","5","18","3",10524380.0112067,3.3836019504754e-05
"958","NPQ.18.2","NPQ","6","18","3",0.413922775694602,5.28823948771284e-112
"959","qP.18.2","qP","7","18","3",0.620360502268665,5.92673960627956e-88
"960","ABQ.18.2","ABQ","8","18","3",0.159204442911561,8.95342136673929e-29
"961","qm.18.2","qm","9","18","3",0.849747115795679,2.96336980313978e-88
"962","nTau1.18.2","nTau1","10","18","3",2.00398224162156,1.33608157284731e-12
"963","nTau2.18.2","nTau2","11","18","3",13.3517722544754,3.3836019504754e-05
"964","nCon.18.2","nCon","12","18","3",0.602837548816161,0.00754418833878553
"965","Fm.18.2","Fm","13","18","3",2329.7876380153,5.28823948771284e-112
"966","Fo.18.2","Fo","14","18","3",2205.50312096052,5.92673960627956e-88
"967","Quant.19.2","Quant","1","19","3",0.0524453775340881,8.71876614259956e-89
"968","Sigma.19.2","Sigma","2","19","3",3.44397412868613,4.89121496052672e-31
"969","Connect.19.2","Connect","3","19","3",0.223131768078534,0.000694644409915163
"970","Tau1.19.2","Tau1","4","19","3",794.214878995019,6.92431818314169e-11
"971","Tau2.19.2","Tau2","5","19","3",7408636.92802007,1.03836636647086e-07
"972","NPQ.19.2","NPQ","6","19","3",0.491066283525823,4.06106234366586e-112
"973","qP.19.2","qP","7","19","3",0.684250491105825,1.74375322851991e-88
"974","ABQ.19.2","ABQ","8","19","3",0.257842935690507,4.89121496052672e-31
"975","qm.19.2","qm","9","19","3",0.852283387088655,8.71876614259956e-89
"976","nTau1.19.2","nTau1","10","19","3",1.28230335140241,6.92431818314169e-11
"977","nTau2.19.2","nTau2","11","19","3",9.39897959534795,1.03836636647086e-07
"978","nCon.19.2","nCon","12","19","3",0.649857384864012,0.000694644409915163
"979","Fm.19.2","Fm","13","19","3",2209.2510844871,4.06106234366586e-112
"980","Fo.19.2","Fo","14","19","3",2093.38607729358,1.74375322851991e-88
"981","Quant.20.2","Quant","1","20","3",0.0531293625173071,1.91602029813193e-92
"982","Sigma.20.2","Sigma","2","20","3",3.41593438297117,1.56547909408421e-33
"983","Connect.20.2","Connect","3","20","3",0.274337294282341,4.91261596668469e-06
"984","Tau1.20.2","Tau1","4","20","3",1392.86685216837,2.29008540292254e-13
"985","Tau2.20.2","Tau2","5","20","3",12124780.0051872,0.00233222846300367
"986","NPQ.20.2","NPQ","6","20","3",0.54888981966225,2.13816638433025e-114
"987","qP.20.2","qP","7","20","3",0.729613742563674,3.83204059626387e-92
"988","ABQ.20.2","ABQ","8","20","3",0.263885343265658,1.56547909408421e-33
"989","qm.20.2","qm","9","20","3",0.850356888515208,1.91602029813193e-92
"990","nTau1.20.2","nTau1","10","20","3",2.24885969758321,2.29008540292254e-13
"991","nTau2.20.2","nTau2","11","20","3",15.3821223760917,0.00233222846300367
"992","nCon.20.2","nCon","12","20","3",0.79899029245465,4.91261596668469e-06
"993","Fm.20.2","Fm","13","20","3",2126.77477900906,2.13816638433025e-114
"994","Fo.20.2","Fo","14","20","3",2013.78059078242,3.83204059626387e-92
"995","Quant.21.2","Quant","1","21","3",0.053129960281315,1.0041856993852e-91
"996","Sigma.21.2","Sigma","2","21","3",3.17473391937181,2.94400836379756e-34
"997","Connect.21.2","Connect","3","21","3",0.454202780698011,1.75619544041923e-14
"998","Tau1.21.2","Tau1","4","21","3",930.402014962287,3.95804657461473e-11
"999","Tau2.21.2","Tau2","5","21","3",9267338.05678949,0.000553173690609317
"1000","NPQ.21.2","NPQ","6","21","3",0.624735084619254,1.39999672065481e-112
"1001","qP.21.2","qP","7","21","3",0.783184136305467,2.00837139877039e-91
"1002","ABQ.21.2","ABQ","8","21","3",0.315862687254383,2.94400836379756e-34
"1003","qm.21.2","qm","9","21","3",0.850355204864928,1.0041856993852e-91
"1004","nTau1.21.2","nTau1","10","21","3",1.50218492940772,3.95804657461473e-11
"1005","nTau2.21.2","nTau2","11","21","3",11.7570238824261,0.000553173690609317
"1006","nCon.21.2","nCon","12","21","3",1.32283732524579,1.75619544041923e-14
"1007","Fm.21.2","Fm","13","21","3",2027.49348808057,1.39999672065481e-112
"1008","Fo.21.2","Fo","14","21","3",1919.77283958822,2.00837139877039e-91
"1009","Quant.22.2","Quant","1","22","3",0.0591715371096784,7.15940070021719e-84
"1010","Sigma.22.2","Sigma","2","22","3",3.28988744896302,4.91578421496227e-26
"1011","Connect.22.2","Connect","3","22","3",0.243160171102384,0.00644802141434677
"1012","Tau1.22.2","Tau1","4","22","3",1111.06504445248,4.51683023070193e-09
"1013","Tau2.22.2","Tau2","5","22","3",11193764.6354919,0.0105611719964825
"1014","NPQ.22.2","NPQ","6","22","3",0.669292576238351,2.32567047791487e-104
"1015","qP.22.2","qP","7","22","3",0.819179171163925,1.43188014004344e-83
"1016","ABQ.22.2","ABQ","8","22","3",0.291047748967116,4.91578421496227e-26
"1017","qm.22.2","qm","9","22","3",0.833338619081949,7.15940070021719e-84
"1018","nTau1.22.2","nTau1","10","22","3",1.793875269537,4.51683023070193e-09
"1019","nTau2.22.2","nTau2","11","22","3",14.2009881745187,0.0105611719964825
"1020","nCon.22.2","nCon","12","22","3",0.708188861928724,0.00644802141434677
"1021","Fm.22.2","Fm","13","22","3",1973.37474018168,2.32567047791487e-104
"1022","Fo.22.2","Fo","14","22","3",1856.60712351172,1.43188014004344e-83
"1023","Quant.23.2","Quant","1","23","3",0.184819708447027,5.09078775216913e-78
"1024","Sigma.23.2","Sigma","2","23","3",4.61595933204848,4.02501181887955e-48
"1025","Connect.23.2","Connect","3","23","3",0.310600683361975,1.60073197919202e-15
"1026","Tau1.23.2","Tau1","4","23","3",1158.36619006832,1.23949845722317e-16
"1027","Tau2.23.2","Tau2","5","23","3",1689147.97142029,4.09310965684603e-13
"1028","NPQ.23.2","NPQ","6","23","3",0.744512020335272,8.19215145579306e-107
"1029","qP.23.2","qP","7","23","3",1,1.01815755043383e-77
"1030","ABQ.23.2","ABQ","8","23","3",0.00528671272218895,4.02501181887955e-48
"1031","qm.23.2","qm","9","23","3",0.479440465209498,5.09078775216913e-78
"1032","nTau1.23.2","nTau1","10","23","3",1.87024555565543,1.23949845722317e-16
"1033","nTau2.23.2","nTau2","11","23","3",2.14294039121519,4.09310965684603e-13
"1034","nCon.23.2","nCon","12","23","3",0.904605155799893,1.60073197919202e-15
"1035","Fm.23.2","Fm","13","23","3",1888.28724911192,8.19215145579306e-107
"1036","Fo.23.2","Fo","14","23","3",1539.29455026682,1.01815755043383e-77
"1037","Quant.24.2","Quant","1","24","3",0.196220398846082,1.72353392915054e-77
"1038","Sigma.24.2","Sigma","2","24","3",4.84559566715236,6.71528692785887e-49
"1039","Connect.24.2","Connect","3","24","3",0.232498659693184,9.55814982208962e-11
"1040","Tau1.24.2","Tau1","4","24","3",1137.96972735197,9.34571715691095e-19
"1041","Tau2.24.2","Tau2","5","24","3",1735840.38177576,4.47239181997708e-13
"1042","NPQ.24.2","NPQ","6","24","3",0.66218935208653,4.06221451491562e-107
"1043","qP.24.2","qP","7","24","3",0.969431992123996,3.44706785830108e-77
"1044","ABQ.24.2","ABQ","8","24","3",-0.0441986265839165,6.71528692785887e-49
"1045","qm.24.2","qm","9","24","3",0.447329506154914,1.72353392915054e-77
"1046","nTau1.24.2","nTau1","10","24","3",1.83731435128033,9.34571715691095e-19
"1047","nTau2.24.2","nTau2","11","24","3",2.20217679548936,4.47239181997708e-13
"1048","nCon.24.2","nCon","12","24","3",0.677137873614761,9.55814982208962e-11
"1049","Fm.24.2","Fm","13","24","3",1981.80778849682,4.06221451491562e-107
"1050","Fo.24.2","Fo","14","24","3",1592.9366738017,3.44706785830108e-77
"1051","Quant.25.2","Quant","1","25","3",0.206777468336208,8.70223959790968e-73
"1052","Sigma.25.2","Sigma","2","25","3",4.77776549650606,1.15772905356699e-45
"1053","Connect.25.2","Connect","3","25","3",0.218665051027026,3.86179147925419e-08
"1054","Tau1.25.2","Tau1","4","25","3",1244.297135797,7.8501155733079e-20
"1055","Tau2.25.2","Tau2","5","25","3",1725041.99271736,5.80355803992516e-13
"1056","NPQ.25.2","NPQ","6","25","3",0.62448814639147,1.04635093744978e-102
"1057","qP.25.2","qP","7","25","3",0.960564364555688,1.74044791958194e-72
"1058","ABQ.25.2","ABQ","8","25","3",-0.0295816061193426,1.15772905356699e-45
"1059","qm.25.2","qm","9","25","3",0.417594673064286,8.70223959790968e-73
"1060","nTau1.25.2","nTau1","10","25","3",2.00898576641111,7.8501155733079e-20
"1061","nTau2.25.2","nTau2","11","25","3",2.18847740120015,5.80355803992516e-13
"1062","nCon.25.2","nCon","12","25","3",0.636848349498868,3.86179147925419e-08
"1063","Fm.25.2","Fm","13","25","3",2027.80168709692,1.04635093744978e-102
"1064","Fo.25.2","Fo","14","25","3",1608.49798795113,1.74044791958194e-72
"1065","Quant.26.2","Quant","1","26","3",0.208318018992227,3.49688610537328e-78
"1066","Sigma.26.2","Sigma","2","26","3",4.7644298559343,4.89886624728632e-51
"1067","Connect.26.2","Connect","3","26","3",0.238200514359036,2.61671508493681e-12
"1068","Tau1.26.2","Tau1","4","26","3",1284.34856742846,1.69255357033517e-20
"1069","Tau2.26.2","Tau2","5","26","3",1631619.30959903,1.62309817214192e-13
"1070","NPQ.26.2","NPQ","6","26","3",0.60191185463588,1.43077533088025e-107
"1071","qP.26.2","qP","7","26","3",0.949451615728323,6.99377221074655e-78
"1072","ABQ.26.2","ABQ","8","26","3",-0.0267078505429041,4.89886624728632e-51
"1073","qm.26.2","qm","9","26","3",0.413255588561033,3.49688610537328e-78
"1074","nTau1.26.2","nTau1","10","26","3",2.07365099287283,1.69255357033517e-20
"1075","nTau2.26.2","nTau2","11","26","3",2.06995655844554,1.62309817214192e-13
"1076","nCon.26.2","nCon","12","26","3",0.693744170395956,2.61671508493681e-12
"1077","Fm.26.2","Fm","13","26","3",2056.38018995142,1.43077533088025e-107
"1078","Fo.26.2","Fo","14","26","3",1627.99914248588,6.99377221074655e-78
"1079","Quant.27.2","Quant","1","27","3",0.217682126303577,3.29997988110601e-74
"1080","Sigma.27.2","Sigma","2","27","3",4.96666064370581,2.20840079911901e-48
"1081","Connect.27.2","Connect","3","27","3",0.21196032249944,5.3635122612748e-09
"1082","Tau1.27.2","Tau1","4","27","3",1319.23620548975,4.20986321411155e-19
"1083","Tau2.27.2","Tau2","5","27","3",1533763.47242458,9.94775918929544e-13
"1084","NPQ.27.2","NPQ","6","27","3",0.579232167286046,1.16074133925826e-104
"1085","qP.27.2","qP","7","27","3",0.947259209552459,6.59995976221201e-74
"1086","ABQ.27.2","ABQ","8","27","3",-0.0702874484601372,2.20840079911901e-48
"1087","qm.27.2","qm","9","27","3",0.386880829144495,3.29997988110601e-74
"1088","nTau1.27.2","nTau1","10","27","3",2.12997899224891,4.20986321411155e-19
"1089","nTau2.27.2","nTau2","11","27","3",1.94581158740373,9.94775918929544e-13
"1090","nCon.27.2","nCon","12","27","3",0.617321245022976,5.3635122612748e-09
"1091","Fm.27.2","Fm","13","27","3",2085.91230102831,1.16074133925826e-104
"1092","Fo.27.2","Fo","14","27","3",1631.84647605768,6.59995976221201e-74
"1093","Quant.1.3","Quant","1","1","4",0.352211688050933,8.7180231245463e-72
"1094","Sigma.1.3","Sigma","2","1","4",4.02385353066784,2.28186821670831e-59
"1095","Connect.1.3","Connect","3","1","4",0.390712890336767,5.90305881651211e-30
"1096","Tau1.1.3","Tau1","4","1","4",491.659065115425,1.36506574652513e-25
"1097","Tau2.1.3","Tau2","5","1","4",831274.116473423,2.32253514524722e-21
"1098","NPQ.1.3","NPQ","6","1","4",0.924045543842443,1.92521048552819e-101
"1099","qP.1.3","qP","7","1","4",1.22555660734455,1.74360462490926e-71
"1100","ABQ.1.3","ABQ","8","1","4",0,2.28186821670831e-59
"1101","qm.1.3","qm","9","1","4",0,8.7180231245463e-72
"1102","nTau1.1.3","nTau1","10","1","4",1,1.36506574652513e-25
"1103","nTau2.1.3","nTau2","11","1","4",1,2.32253514524722e-21
"1104","nCon.1.3","nCon","12","1","4",1,5.90305881651211e-30
"1105","Fm.1.3","Fm","13","1","4",1499.81264859994,1.92521048552819e-101
"1106","Fo.1.3","Fo","14","1","4",971.561103876418,1.74360462490926e-71
"1107","Quant.3.3","Quant","1","3","4",0.0476427207056992,3.34382732086525e-91
"1108","Sigma.3.3","Sigma","2","3","4",2.48714289770931,1.04995595211651e-31
"1109","Connect.3.3","Connect","3","3","4",0.470911871469852,1.2544984736202e-12
"1110","Tau1.3.3","Tau1","4","3","4",1605.56563437188,5.34920094416239e-08
"1111","Tau2.3.3","Tau2","5","3","4",3712628.60700661,9.22610197969796e-14
"1112","NPQ.3.3","NPQ","6","3","4",0.188096534870022,2.49872144056391e-104
"1113","qP.3.3","qP","7","3","4",0.366598502135926,6.68765464173026e-91
"1114","ABQ.3.3","ABQ","8","3","4",0.38190024096217,1.04995595211651e-31
"1115","qm.3.3","qm","9","3","4",0.864732709555028,3.34382732086525e-91
"1116","nTau1.3.3","nTau1","10","3","4",3.26560771130081,5.34920094416239e-08
"1117","nTau2.3.3","nTau2","11","3","4",4.46619055427465,9.22610197969796e-14
"1118","nCon.3.3","nCon","12","3","4",1.20526320763044,1.2544984736202e-12
"1119","Fm.3.3","Fm","13","3","4",2428.84964179527,2.49872144056391e-104
"1120","Fo.3.3","Fo","14","3","4",2313.13263667508,6.68765464173026e-91
"1121","Quant.4.3","Quant","1","4","4",0.0413876033977167,3.92985869381025e-93
"1122","Sigma.4.3","Sigma","2","4","4",2.83401924631414,5.53604355778175e-30
"1123","Connect.4.3","Connect","3","4","4",0.3710512043672,6.12729045271131e-08
"1124","Tau1.4.3","Tau1","4","4","4",2339.19455644547,1.54554941029508e-08
"1125","Tau2.4.3","Tau2","5","4","4",7465426.99191217,0.000114663520616038
"1126","NPQ.4.3","NPQ","6","4","4",0.215966695000713,9.29097773286038e-111
"1127","qP.4.3","qP","7","4","4",0.391039162514227,7.8597173876205e-93
"1128","ABQ.4.3","ABQ","8","4","4",0.295695227295269,5.53604355778175e-30
"1129","qm.4.3","qm","9","4","4",0.882492248832663,3.92985869381025e-93
"1130","nTau1.4.3","nTau1","10","4","4",4.75775740226879,1.54554941029508e-08
"1131","nTau2.4.3","nTau2","11","4","4",8.98070425142468,0.000114663520616038
"1132","nCon.4.3","nCon","12","4","4",0.949677406464324,6.12729045271131e-08
"1133","Fm.4.3","Fm","13","4","4",2373.18000155881,9.29097773286038e-111
"1134","Fo.4.3","Fo","14","4","4",2274.9597688629,7.8597173876205e-93
"1135","Quant.5.3","Quant","1","5","4",0.0371529525917431,2.39869975322776e-91
"1136","Sigma.5.3","Sigma","2","5","4",3.19710978104613,1.29609366445177e-24
"1137","Connect.5.3","Connect","3","5","4",0.267022839978828,0.0041524046885018
"1138","Tau1.5.3","Tau1","4","5","4",1221.08073280731,4.09072940270651e-10
"1139","Tau2.5.3","Tau2","5","5","4",6774072.65929979,9.27291713957553e-08
"1140","NPQ.5.3","NPQ","6","5","4",0.228079655589963,3.20434982294275e-110
"1141","qP.5.3","qP","7","5","4",0.399034905094874,4.79739950645551e-91
"1142","ABQ.5.3","ABQ","8","5","4",0.205460696648292,1.29609366445177e-24
"1143","qm.5.3","qm","9","5","4",0.89451527631766,2.39869975322776e-91
"1144","nTau1.5.3","nTau1","10","5","4",2.48359243111005,4.09072940270651e-10
"1145","nTau2.5.3","nTau2","11","5","4",8.14902392009744,9.27291713957553e-08
"1146","nCon.5.3","nCon","12","5","4",0.683424700292518,0.0041524046885018
"1147","Fm.5.3","Fm","13","5","4",2349.77253307806,3.20434982294275e-110
"1148","Fo.5.3","Fo","14","5","4",2262.47154555523,4.79739950645551e-91
"1149","Quant.6.3","Quant","1","6","4",0.0462354840934035,2.07043041678986e-91
"1150","Sigma.6.3","Sigma","2","6","4",3.38279107714008,1.56845174197035e-28
"1151","Connect.6.3","Connect","3","6","4",0.418795232659708,5.48448076487307e-08
"1152","Tau1.6.3","Tau1","4","6","4",904.679896643225,1.7642927859359e-10
"1153","Tau2.6.3","Tau2","5","6","4",8704973.34821114,3.44180067791851e-05
"1154","NPQ.6.3","NPQ","6","6","4",0.282462945912686,6.28102765805125e-110
"1155","qP.6.3","qP","7","6","4",0.473547241857402,4.14086083357973e-91
"1156","ABQ.6.3","ABQ","8","6","4",0.159315553770012,1.56845174197035e-28
"1157","qm.6.3","qm","9","6","4",0.868728138043172,2.07043041678986e-91
"1158","nTau1.6.3","nTau1","10","6","4",1.84005535712198,1.7642927859359e-10
"1159","nTau2.6.3","nTau2","11","6","4",10.471844576541,3.44180067791851e-05
"1160","nCon.6.3","nCon","12","6","4",1.07187462460923,5.48448076487307e-08
"1161","Fm.6.3","Fm","13","6","4",2250.12960595411,6.28102765805125e-110
"1162","Fo.6.3","Fo","14","6","4",2146.09377434992,4.14086083357973e-91
"1163","Quant.7.3","Quant","1","7","4",0.052062129756226,1.91734095952385e-87
"1164","Sigma.7.3","Sigma","2","7","4",3.7167931004189,1.95045070671104e-26
"1165","Connect.7.3","Connect","3","7","4",0.111746681450614,0.225120198358672
"1166","Tau1.7.3","Tau1","4","7","4",1240.37641206549,2.2994158364226e-11
"1167","Tau2.7.3","Tau2","5","7","4",10774398.8465675,0.000390136556324742
"1168","NPQ.7.3","NPQ","6","7","4",0.326774167777566,1.95022546223122e-109
"1169","qP.7.3","qP","7","7","4",0.52755176928223,3.8346819190477e-87
"1170","ABQ.7.3","ABQ","8","7","4",0.076310041582943,1.95045070671104e-26
"1171","qm.7.3","qm","9","7","4",0.852185116160321,1.91734095952385e-87
"1172","nTau1.7.3","nTau1","10","7","4",2.52283848722343,2.2994158364226e-11
"1173","nTau2.7.3","nTau2","11","7","4",12.9613067856323,0.000390136556324742
"1174","nCon.7.3","nCon","12","7","4",0.28600715311516,0.225120198358672
"1175","Fm.7.3","Fm","13","7","4",2174.98042486839,1.95022546223122e-109
"1176","Fo.7.3","Fo","14","7","4",2061.74631177164,3.8346819190477e-87
"1177","Quant.8.3","Quant","1","8","4",0.0538951617665194,4.71010492223734e-88
"1178","Sigma.8.3","Sigma","2","8","4",3.99622895594869,2.02099640956523e-30
"1179","Connect.8.3","Connect","3","8","4",0.348113262865818,2.99750259285058e-07
"1180","Tau1.8.3","Tau1","4","8","4",941.01425284753,9.3164840823687e-12
"1181","Tau2.8.3","Tau2","5","8","4",10161398.632715,0.000595881227786195
"1182","NPQ.8.3","NPQ","6","8","4",0.362532530987266,1.45161186765432e-111
"1183","qP.8.3","qP","7","8","4",0.564681071766561,9.42020984447469e-88
"1184","ABQ.8.3","ABQ","8","8","4",0.00686520384218869,2.02099640956523e-30
"1185","qm.8.3","qm","9","8","4",0.846980768682708,4.71010492223734e-88
"1186","nTau1.8.3","nTau1","10","8","4",1.9139568851977,9.3164840823687e-12
"1187","nTau2.8.3","nTau2","11","8","4",12.2238843136647,0.000595881227786195
"1188","nCon.8.3","nCon","12","8","4",0.890969485459692,2.99750259285058e-07
"1189","Fm.8.3","Fm","13","8","4",2117.90014367314,1.45161186765432e-111
"1190","Fo.8.3","Fo","14","8","4",2003.75557282454,9.42020984447469e-88
"1191","Quant.9.3","Quant","1","9","4",0.0607987431043286,3.55328863492819e-89
"1192","Sigma.9.3","Sigma","2","9","4",4.2080365653301,1.84610417310366e-33
"1193","Connect.9.3","Connect","3","9","4",0.0607428379722547,0.333313569546108
"1194","Tau1.9.3","Tau1","4","9","4",744.359506649472,4.10199894194789e-13
"1195","Tau2.9.3","Tau2","5","9","4",7338820.30343765,1.95547371357338e-05
"1196","NPQ.9.3","NPQ","6","9","4",0.387538035815529,5.35562788019087e-115
"1197","qP.9.3","qP","7","9","4",0.596994015910461,7.10657726985637e-89
"1198","ABQ.9.3","ABQ","8","9","4",-0.0457727979556184,1.84610417310366e-33
"1199","qm.9.3","qm","9","9","4",0.82738010927242,3.55328863492819e-89
"1200","nTau1.9.3","nTau1","10","9","4",1.51397494618496,4.10199894194789e-13
"1201","nTau2.9.3","nTau2","11","9","4",8.82839987196002,1.95547371357338e-05
"1202","nCon.9.3","nCon","12","9","4",0.15546668531949,0.333313569546108
"1203","Fm.9.3","Fm","13","9","4",2079.73242437363,5.35562788019087e-115
"1204","Fo.9.3","Fo","14","9","4",1953.2873069784,7.10657726985637e-89
"1205","Quant.10.3","Quant","1","10","4",0.106619075821952,7.3419854209417e-83
"1206","Sigma.10.3","Sigma","2","10","4",4.40708011086492,2.28574051810299e-39
"1207","Connect.10.3","Connect","3","10","4",0.252863912842696,1.13330045192059e-07
"1208","Tau1.10.3","Tau1","4","10","4",1240.15076454552,1.43061180928024e-16
"1209","Tau2.10.3","Tau2","5","10","4",4709648.27415204,4.3299190979328e-07
"1210","NPQ.10.3","NPQ","6","10","4",0.409426377163506,3.34341952912711e-109
"1211","qP.10.3","qP","7","10","4",0.676481724469585,1.46839708418834e-82
"1212","ABQ.10.3","ABQ","8","10","4",-0.0952387002350645,2.28574051810299e-39
"1213","qm.10.3","qm","9","10","4",0.697286945779796,7.3419854209417e-83
"1214","nTau1.10.3","nTau1","10","10","4",2.52237953601928,1.43061180928024e-16
"1215","nTau2.10.3","nTau2","11","10","4",5.66557791325458,4.3299190979328e-07
"1216","nCon.10.3","nCon","12","10","4",0.647186000504731,1.13330045192059e-07
"1217","Fm.10.3","Fm","13","10","4",2047.43425402949,3.34341952912711e-109
"1218","Fo.10.3","Fo","14","10","4",1829.13870605866,1.46839708418834e-82
"1219","Quant.11.3","Quant","1","11","4",0.110797749081143,1.75119045452252e-85
"1220","Sigma.11.3","Sigma","2","11","4",4.40759104949686,3.47083090480152e-43
"1221","Connect.11.3","Connect","3","11","4",0.311693519921856,6.72097696691723e-13
"1222","Tau1.11.3","Tau1","4","11","4",1095.02560333662,6.99750354466364e-17
"1223","Tau2.11.3","Tau2","5","11","4",3955145.84277383,6.60997804793088e-07
"1224","NPQ.11.3","NPQ","6","11","4",0.396943161784355,1.08678570059607e-111
"1225","qP.11.3","qP","7","11","4",0.671543159052102,3.50238090904503e-85
"1226","ABQ.11.3","ABQ","8","11","4",-0.0953656776779681,3.47083090480152e-43
"1227","qm.11.3","qm","9","11","4",0.685422849837054,1.75119045452252e-85
"1228","nTau1.11.3","nTau1","10","11","4",2.22720515298451,6.99750354466364e-17
"1229","nTau2.11.3","nTau2","11","11","4",4.75793214824617,6.60997804793088e-07
"1230","nCon.11.3","nCon","12","11","4",0.797755916507384,6.72097696691723e-13
"1231","Fm.11.3","Fm","13","11","4",2065.73031894244,1.08678570059607e-111
"1232","Fo.11.3","Fo","14","11","4",1836.85204939495,3.50238090904503e-85
"1233","Quant.12.3","Quant","1","12","4",0.123483930425374,1.61466459144312e-87
"1234","Sigma.12.3","Sigma","2","12","4",4.50830161180822,1.1951137658687e-47
"1235","Connect.12.3","Connect","3","12","4",0.33472672146007,1.74863659207035e-17
"1236","Tau1.12.3","Tau1","4","12","4",1234.6482675024,1.23518230999433e-16
"1237","Tau2.12.3","Tau2","5","12","4",4536922.52692079,3.40565554102346e-05
"1238","NPQ.12.3","NPQ","6","12","4",0.367872068764646,5.10956393878618e-114
"1239","qP.12.3","qP","7","12","4",0.663683910042451,3.22932918288624e-87
"1240","ABQ.12.3","ABQ","8","12","4",-0.120394064408198,1.1951137658687e-47
"1241","qm.12.3","qm","9","12","4",0.649404223043508,1.61466459144312e-87
"1242","nTau1.12.3","nTau1","10","12","4",2.51118784357723,1.23518230999433e-16
"1243","nTau2.12.3","nTau2","11","12","4",5.45779356894705,3.40565554102346e-05
"1244","nCon.12.3","nCon","12","12","4",0.856707648349045,1.74863659207035e-17
"1245","Fm.12.3","Fm","13","12","4",2109.63284435174,5.10956393878618e-114
"1246","Fo.12.3","Fo","14","12","4",1849.12708897672,3.22932918288624e-87
"1247","Quant.13.3","Quant","1","13","4",0.129555129665097,4.14569129928807e-85
"1248","Sigma.13.3","Sigma","2","13","4",4.47671105012724,6.30335729724922e-46
"1249","Connect.13.3","Connect","3","13","4",0.211889864626893,1.60749227692172e-08
"1250","Tau1.13.3","Tau1","4","13","4",1219.33907391276,1.07721279448644e-18
"1251","Tau2.13.3","Tau2","5","13","4",4148380.91886344,4.43382345167254e-06
"1252","NPQ.13.3","NPQ","6","13","4",0.353801000504072,6.86910448373818e-112
"1253","qP.13.3","qP","7","13","4",0.659664188293458,8.29138259857614e-85
"1254","ABQ.13.3","ABQ","8","13","4",-0.112543241449507,6.30335729724922e-46
"1255","qm.13.3","qm","9","13","4",0.63216686424568,4.14569129928807e-85
"1256","nTau1.13.3","nTau1","10","13","4",2.48005001926792,1.07721279448644e-18
"1257","nTau2.13.3","nTau2","11","13","4",4.99038865357967,4.43382345167254e-06
"1258","nCon.13.3","nCon","12","13","4",0.542316032737642,1.60749227692172e-08
"1259","Fm.13.3","Fm","13","13","4",2131.5598393433,6.86910448373818e-112
"1260","Fo.13.3","Fo","14","13","4",1855.40532796826,8.29138259857614e-85
"1261","Quant.14.3","Quant","1","14","4",0.133525348202824,1.73825913881797e-79
"1262","Sigma.14.3","Sigma","2","14","4",4.52083853394437,1.48488219741536e-41
"1263","Connect.14.3","Connect","3","14","4",0.29664507300018,7.68125570016012e-11
"1264","Tau1.14.3","Tau1","4","14","4",1209.97794429934,9.7516411694547e-18
"1265","Tau2.14.3","Tau2","5","14","4",3070106.15716569,3.84523547349581e-08
"1266","NPQ.14.3","NPQ","6","14","4",0.34727416469756,1.43500371807338e-106
"1267","qP.14.3","qP","7","14","4",0.6593538475983,3.47651827763595e-79
"1268","ABQ.14.3","ABQ","8","14","4",-0.123509715124758,1.48488219741536e-41
"1269","qm.14.3","qm","9","14","4",0.620894613288598,1.73825913881797e-79
"1270","nTau1.14.3","nTau1","10","14","4",2.46101013924207,9.7516411694547e-18
"1271","nTau2.14.3","nTau2","11","14","4",3.69325364079689,3.84523547349581e-08
"1272","nCon.14.3","nCon","12","14","4",0.759240558315066,7.68125570016012e-11
"1273","Fm.14.3","Fm","13","14","4",2141.8861273756,1.43500371807338e-106
"1274","Fo.14.3","Fo","14","14","4",1855.89003640697,3.47651827763595e-79
"1275","Quant.15.3","Quant","1","15","4",0.136810024187713,2.99304768906894e-83
"1276","Sigma.15.3","Sigma","2","15","4",4.45794691002156,1.36503959550484e-45
"1277","Connect.15.3","Connect","3","15","4",0.281735944559086,1.79889743123983e-12
"1278","Tau1.15.3","Tau1","4","15","4",1151.32732434672,9.51362833703756e-16
"1279","Tau2.15.3","Tau2","5","15","4",3452447.1178153,9.92365185733714e-06
"1280","NPQ.15.3","NPQ","6","15","4",0.33853474080876,5.56033984078589e-110
"1281","qP.15.3","qP","7","15","4",0.656129516844285,5.98609537813788e-83
"1282","ABQ.15.3","ABQ","8","15","4",-0.107880015026709,1.36503959550484e-45
"1283","qm.15.3","qm","9","15","4",0.611568755867268,2.99304768906894e-83
"1284","nTau1.15.3","nTau1","10","15","4",2.34171889839239,9.51362833703756e-16
"1285","nTau2.15.3","nTau2","11","15","4",4.15319934712014,9.92365185733714e-06
"1286","nCon.15.3","nCon","12","15","4",0.721081775203909,1.79889743123983e-12
"1287","Fm.15.3","Fm","13","15","4",2155.87071082942,5.56033984078589e-110
"1288","Fo.15.3","Fo","14","15","4",1860.92598673526,5.98609537813788e-83
"1289","Quant.16.3","Quant","1","16","4",0.0542780948981684,1.53505229683737e-87
"1290","Sigma.16.3","Sigma","2","16","4",3.20353106443484,1.09901814572232e-28
"1291","Connect.16.3","Connect","3","16","4",0.39422613202729,1.42714552381862e-07
"1292","Tau1.16.3","Tau1","4","16","4",904.066058124272,2.65055363368676e-12
"1293","Tau2.16.3","Tau2","5","16","4",10865256.2452928,2.33485325392982e-05
"1294","NPQ.16.3","NPQ","6","16","4",0.311226512939021,4.45896685069693e-106
"1295","qP.16.3","qP","7","16","4",0.515021835086012,3.07010459367474e-87
"1296","ABQ.16.3","ABQ","8","16","4",0.20386489219374,1.09901814572232e-28
"1297","qm.16.3","qm","9","16","4",0.845893544309866,1.53505229683737e-87
"1298","nTau1.16.3","nTau1","10","16","4",1.83880685269583,2.65055363368676e-12
"1299","nTau2.16.3","nTau2","11","16","4",13.0706057484231,2.33485325392982e-05
"1300","nCon.16.3","nCon","12","16","4",1.00899187556237,1.42714552381862e-07
"1301","Fm.16.3","Fm","13","16","4",2200.76990105176,4.45896685069693e-106
"1302","Fo.16.3","Fo","14","16","4",2081.31630351344,3.07010459367474e-87
"1303","Quant.17.3","Quant","1","17","4",0.0511750209419005,1.27389617621055e-88
"1304","Sigma.17.3","Sigma","2","17","4",3.51201903873653,3.29438949237313e-28
"1305","Connect.17.3","Connect","3","17","4",0.270487450689575,0.00053017914450656
"1306","Tau1.17.3","Tau1","4","17","4",1163.52697647142,1.27160613939166e-12
"1307","Tau2.17.3","Tau2","5","17","4",14672254.4753632,0.000526831019804214
"1308","NPQ.17.3","NPQ","6","17","4",0.375302016312139,2.98526428252518e-109
"1309","qP.17.3","qP","7","17","4",0.572938597239574,2.5477923524211e-88
"1310","ABQ.17.3","ABQ","8","17","4",0.127200080229154,3.29438949237313e-28
"1311","qm.17.3","qm","9","17","4",0.854703796954915,1.27389617621055e-88
"1312","nTau1.17.3","nTau1","10","17","4",2.36653213380345,1.27160613939166e-12
"1313","nTau2.17.3","nTau2","11","17","4",17.6503203751952,0.000526831019804214
"1314","nCon.17.3","nCon","12","17","4",0.692292108551716,0.00053017914450656
"1315","Fm.17.3","Fm","13","17","4",2098.23573943072,2.98526428252518e-109
"1316","Fo.17.3","Fo","14","17","4",1990.8584815243,2.5477923524211e-88
"1317","Quant.18.3","Quant","1","18","4",0.0520081478218001,5.39459013687912e-85
"1318","Sigma.18.3","Sigma","2","18","4",3.39114212394845,5.98303314341265e-28
"1319","Connect.18.3","Connect","3","18","4",0.41476257429191,8.465187932768e-09
"1320","Tau1.18.3","Tau1","4","18","4",940.504250579138,2.51002709289015e-08
"1321","Tau2.18.3","Tau2","5","18","4",11700646.0524341,0.0134965675026079
"1322","NPQ.18.3","NPQ","6","18","4",0.442886487860351,1.03559040814448e-106
"1323","qP.18.3","qP","7","18","4",0.633710769323342,1.07891802737582e-84
"1324","ABQ.18.3","ABQ","8","18","4",0.157240168385149,5.98303314341265e-28
"1325","qm.18.3","qm","9","18","4",0.852338381756714,5.39459013687912e-85
"1326","nTau1.18.3","nTau1","10","18","4",1.91291957641082,2.51002709289015e-08
"1327","nTau2.18.3","nTau2","11","18","4",14.0755568115997,0.0134965675026079
"1328","nCon.18.3","nCon","12","18","4",1.06155334146876,8.465187932768e-09
"1329","Fm.18.3","Fm","13","18","4",1999.9548595236,1.03559040814448e-106
"1330","Fo.18.3","Fo","14","18","4",1895.94091155257,1.07891802737582e-84
"1331","Quant.19.3","Quant","1","19","4",0.0584866373084934,6.54652468383047e-85
"1332","Sigma.19.3","Sigma","2","19","4",3.42000981241671,2.6823574887264e-27
"1333","Connect.19.3","Connect","3","19","4",0.330058060837717,4.8876907827715e-05
"1334","Tau1.19.3","Tau1","4","19","4",1260.01849899569,2.87382186933874e-09
"1335","Tau2.19.3","Tau2","5","19","4",11861736.5745302,0.00685433813505478
"1336","NPQ.19.3","NPQ","6","19","4",0.50063408703721,8.75384976072118e-105
"1337","qP.19.3","qP","7","19","4",0.688400679731791,1.30930493676609e-84
"1338","ABQ.19.3","ABQ","8","19","4",0.150066028410063,2.6823574887264e-27
"1339","qm.19.3","qm","9","19","4",0.833944643824438,6.54652468383047e-85
"1340","nTau1.19.3","nTau1","10","19","4",2.56278911220702,2.87382186933874e-09
"1341","nTau2.19.3","nTau2","11","19","4",14.2693442986678,0.00685433813505478
"1342","nCon.19.3","nCon","12","19","4",0.844758565690604,4.8876907827715e-05
"1343","Fm.19.3","Fm","13","19","4",1922.99233241774,8.75384976072118e-105
"1344","Fo.19.3","Fo","14","19","4",1810.52297732461,1.30930493676609e-84
"1345","Quant.20.3","Quant","1","20","4",0.0567226472946218,8.45499834362778e-89
"1346","Sigma.20.3","Sigma","2","20","4",3.29352554616055,3.52862768658584e-30
"1347","Connect.20.3","Connect","3","20","4",0.328068673144456,4.57845588230816e-06
"1348","Tau1.20.3","Tau1","4","20","4",766.076327962765,1.84448146885099e-09
"1349","Tau2.20.3","Tau2","5","20","4",5604530.54609039,1.12979982170925e-06
"1350","NPQ.20.3","NPQ","6","20","4",0.56456155593099,7.76699020335286e-108
"1351","qP.20.3","qP","7","20","4",0.733682506912264,1.69099966872556e-88
"1352","ABQ.20.3","ABQ","8","20","4",0.181499644293981,3.52862768658584e-30
"1353","qm.20.3","qm","9","20","4",0.83895296715304,8.45499834362778e-89
"1354","nTau1.20.3","nTau1","10","20","4",1.5581454351562,1.84448146885099e-09
"1355","nTau2.20.3","nTau2","11","20","4",6.74209678254738,1.12979982170925e-06
"1356","nCon.20.3","nCon","12","20","4",0.839666878821645,4.57845588230816e-06
"1357","Fm.20.3","Fm","13","20","4",1844.41950027343,7.76699020335286e-108
"1358","Fo.20.3","Fo","14","20","4",1739.7991434961,1.69099966872556e-88
"1359","Quant.21.3","Quant","1","21","4",0.0600412862413449,1.01617303615097e-85
"1360","Sigma.21.3","Sigma","2","21","4",3.34206670783365,1.16532510851664e-30
"1361","Connect.21.3","Connect","3","21","4",0.392634460815933,3.17149841999824e-09
"1362","Tau1.21.3","Tau1","4","21","4",890.971612906034,1.07571256552864e-09
"1363","Tau2.21.3","Tau2","5","21","4",9904127.0359911,0.000566658047019894
"1364","NPQ.21.3","NPQ","6","21","4",0.633833098981659,1.11909473960091e-106
"1365","qP.21.3","qP","7","21","4",0.784663901334444,2.03234607230193e-85
"1366","ABQ.21.3","ABQ","8","21","4",0.169436292260129,1.16532510851664e-30
"1367","qm.21.3","qm","9","21","4",0.829530682034997,1.01617303615097e-85
"1368","nTau1.21.3","nTau1","10","21","4",1.81217367099061,1.07571256552864e-09
"1369","nTau2.21.3","nTau2","11","21","4",11.9143936274693,0.000566658047019894
"1370","nCon.21.3","nCon","12","21","4",1.00491811385468,3.17149841999824e-09
"1371","Fm.21.3","Fm","13","21","4",1766.21947794782,1.11909473960091e-106
"1372","Fo.21.3","Fo","14","21","4",1660.17338870732,2.03234607230193e-85
"1373","Quant.22.3","Quant","1","22","4",0.0563419505047745,3.04075041257178e-89
"1374","Sigma.22.3","Sigma","2","22","4",2.98712958888315,3.29769719494345e-32
"1375","Connect.22.3","Connect","3","22","4",0.407055112159275,1.6135524457936e-10
"1376","Tau1.22.3","Tau1","4","22","4",1144.02001707368,2.58256552311265e-10
"1377","Tau2.22.3","Tau2","5","22","4",12702397.6970869,0.00161710215163396
"1378","NPQ.22.3","NPQ","6","22","4",0.690837601052123,1.29724799266791e-107
"1379","qP.22.3","qP","7","22","4",0.816457510309857,6.08150082514357e-89
"1380","ABQ.22.3","ABQ","8","22","4",0.257644552388225,3.29769719494345e-32
"1381","qm.22.3","qm","9","22","4",0.840033842100586,3.04075041257178e-89
"1382","nTau1.22.3","nTau1","10","22","4",2.32685634872837,2.58256552311265e-10
"1383","nTau2.22.3","nTau2","11","22","4",15.2806366099491,0.00161710215163396
"1384","nCon.22.3","nCon","12","22","4",1.04182667689418,1.6135524457936e-10
"1385","Fm.22.3","Fm","13","22","4",1706.67356897056,1.29724799266791e-107
"1386","Fo.22.3","Fo","14","22","4",1610.51625121982,6.08150082514357e-89
"1387","Quant.23.3","Quant","1","23","4",0.189055531075336,1.74963363860154e-79
"1388","Sigma.23.3","Sigma","2","23","4",4.10914921006849,6.57027388228537e-49
"1389","Connect.23.3","Connect","3","23","4",0.271148236756853,5.55089632345233e-14
"1390","Tau1.23.3","Tau1","4","23","4",964.377800718263,1.19111769863108e-19
"1391","Tau2.23.3","Tau2","5","23","4",2145610.04925608,1.44329164443884e-12
"1392","NPQ.23.3","NPQ","6","23","4",0.767685942790492,4.75339148787235e-106
"1393","qP.23.3","qP","7","23","4",1,3.49926727720308e-79
"1394","ABQ.23.3","ABQ","8","23","4",-0.0211975109805989,6.57027388228537e-49
"1395","qm.23.3","qm","9","23","4",0.463233227376607,1.74963363860154e-79
"1396","nTau1.23.3","nTau1","10","23","4",1.96147670030626,1.19111769863108e-19
"1397","nTau2.23.3","nTau2","11","23","4",2.58111013772276,1.44329164443884e-12
"1398","nCon.23.3","nCon","12","23","4",0.693983340358038,5.55089632345233e-14
"1399","Fm.23.3","Fm","13","23","4",1632.4776778967,4.75339148787235e-106
"1400","Fo.23.3","Fo","14","23","4",1323.8487435333,3.49926727720308e-79
"1401","Quant.24.3","Quant","1","24","4",0.20144468921687,5.3494209520754e-79
"1402","Sigma.24.3","Sigma","2","24","4",4.39136140289449,1.92039327494771e-50
"1403","Connect.24.3","Connect","3","24","4",0.282768847716894,1.41795127100455e-15
"1404","Tau1.24.3","Tau1","4","24","4",871.143740978769,1.02086844239346e-18
"1405","Tau2.24.3","Tau2","5","24","4",1970247.71648625,3.19011646011918e-13
"1406","NPQ.24.3","NPQ","6","24","4",0.690412706453879,1.36788959797212e-106
"1407","qP.24.3","qP","7","24","4",0.974794740133246,1.06988419041508e-78
"1408","ABQ.24.3","ABQ","8","24","4",-0.0913323184916375,1.92039327494771e-50
"1409","qm.24.3","qm","9","24","4",0.428057909345303,5.3494209520754e-79
"1410","nTau1.24.3","nTau1","10","24","4",1.77184517237418,1.02086844239346e-18
"1411","nTau2.24.3","nTau2","11","24","4",2.37015405320785,3.19011646011918e-13
"1412","nCon.24.3","nCon","12","24","4",0.723725412471462,1.41795127100455e-15
"1413","Fm.24.3","Fm","13","24","4",1707.10255082668,1.36788959797212e-106
"1414","Fo.24.3","Fo","14","24","4",1363.21580801408,1.06988419041508e-78
"1415","Quant.25.3","Quant","1","25","4",0.207530414456339,7.70163182084163e-80
"1416","Sigma.25.3","Sigma","2","25","4",4.34132355309698,4.66253994799476e-52
"1417","Connect.25.3","Connect","3","25","4",0.295884325143239,1.2482575445581e-17
"1418","Tau1.25.3","Tau1","4","25","4",1045.97526703687,2.84861179001948e-19
"1419","Tau2.25.3","Tau2","5","25","4",1745017.08971941,7.17543992935959e-13
"1420","NPQ.25.3","NPQ","6","25","4",0.650645304754437,3.14162391564472e-107
"1421","qP.25.3","qP","7","25","4",0.960578737864422,1.54032636416833e-79
"1422","ABQ.25.3","ABQ","8","25","4",-0.0788970125302884,4.66253994799476e-52
"1423","qm.25.3","qm","9","25","4",0.410779308305271,7.70163182084163e-80
"1424","nTau1.25.3","nTau1","10","25","4",2.12744021467663,2.84861179001948e-19
"1425","nTau2.25.3","nTau2","11","25","4",2.09920777651832,7.17543992935959e-13
"1426","nCon.25.3","nCon","12","25","4",0.757293481892056,1.2482575445581e-17
"1427","Fm.25.3","Fm","13","25","4",1748.23012238026,3.14162391564472e-107
"1428","Fo.25.3","Fo","14","25","4",1385.41920051763,1.54032636416833e-79
"1429","Quant.26.3","Quant","1","26","4",0.216246656125086,6.37789308253724e-81
"1430","Sigma.26.3","Sigma","2","26","4",4.31179864192439,1.4676910835475e-53
"1431","Connect.26.3","Connect","3","26","4",0.240128186783155,5.66042746004807e-15
"1432","Tau1.26.3","Tau1","4","26","4",1058.07955848171,2.0400910198845e-20
"1433","Tau2.26.3","Tau2","5","26","4",1704054.93237381,1.8478947231172e-13
"1434","NPQ.26.3","NPQ","6","26","4",0.617474459078712,1.10247042411573e-108
"1435","qP.26.3","qP","7","26","4",0.9523440588362,1.27557861650745e-80
"1436","ABQ.26.3","ABQ","8","26","4",-0.0715595408883478,1.4676910835475e-53
"1437","qm.26.3","qm","9","26","4",0.38603214072267,6.37789308253724e-81
"1438","nTau1.26.3","nTau1","10","26","4",2.15205949316385,2.0400910198845e-20
"1439","nTau2.26.3","nTau2","11","26","4",2.04993142286572,1.8478947231172e-13
"1440","nCon.26.3","nCon","12","26","4",0.614589875896291,5.66042746004807e-15
"1441","Fm.26.3","Fm","13","26","4",1784.08247928744,1.10247042411573e-108
"1442","Fo.26.3","Fo","14","26","4",1398.28060889018,1.27557861650745e-80
"1443","Quant.27.3","Quant","1","27","4",0.221567122058742,6.62161736863412e-74
"1444","Sigma.27.3","Sigma","2","27","4",4.54044250130791,3.44720477909564e-48
"1445","Connect.27.3","Connect","3","27","4",0.279839234579083,1.6379398132609e-13
"1446","Tau1.27.3","Tau1","4","27","4",1202.15831156243,6.41214649481538e-18
"1447","Tau2.27.3","Tau2","5","27","4",1636298.83358025,1.54873076795892e-11
"1448","NPQ.27.3","NPQ","6","27","4",0.606601035184575,1.68191784852236e-102
"1449","qP.27.3","qP","7","27","4",0.952403522995675,1.32432347372682e-73
"1450","ABQ.27.3","ABQ","8","27","4",-0.128381653731399,3.44720477909564e-48
"1451","qm.27.3","qm","9","27","4",0.370926265153639,6.62161736863412e-74
"1452","nTau1.27.3","nTau1","10","27","4",2.44510555557479,6.41214649481538e-18
"1453","nTau2.27.3","nTau2","11","27","4",1.9684226913284,1.54873076795892e-11
"1454","nCon.27.3","nCon","12","27","4",0.71622728991071,1.6379398132609e-13
"1455","Fm.27.3","Fm","13","27","4",1796.15709186054,1.68191784852236e-102
"1456","Fo.27.3","Fo","14","27","4",1398.1877342516,1.32432347372682e-73
"1457","MTQuant.2.0","MTQuant","15","2","1",0.555306942229532,NA
"1458","PQpool.2.0","PQpool","16","2","1",0.651984333315077,NA
"1459","MTTau1.2.0","MTTau1","17","2","1",17000,NA
"1460","MTTau2.2.0","MTTau2","18","2","1",1.5e+07,NA
"1461","MTQuant.2.1","MTQuant","15","2","2",0.569644209188622,NA
"1462","PQpool.2.1","PQpool","16","2","2",0.630152749888855,NA
"1463","MTTau1.2.1","MTTau1","17","2","2",17000,NA
"1464","MTTau2.2.1","MTTau2","18","2","2",1.5e+07,NA
"1465","MTQuant.2.2","MTQuant","15","2","3",0.52591687012654,NA
"1466","PQpool.2.2","PQpool","16","2","3",0.660804909243572,NA
"1467","MTTau1.2.2","MTTau1","17","2","3",150000,NA
"1468","MTTau2.2.2","MTTau2","18","2","3",6848.78029119525,NA
"1469","MTQuant.2.3","MTQuant","15","2","4",0.519738216800698,NA
"1470","PQpool.2.3","PQpool","16","2","4",0.663319657883258,NA
"1471","MTTau1.2.3","MTTau1","17","2","4",17000,NA
"1472","MTTau2.2.3","MTTau2","18","2","4",1.5e+07,NA
"1473","Ratio12","Ratio12","Ratio12","Ratio12","Ratio12",1.04294665494982,NA
"1474","Ratio32","Ratio32","Ratio32","Ratio32","Ratio32",0.904933971136597,NA
"1475","Ratio42","Ratio42","Ratio42","Ratio42","Ratio42",0.783420217137593,NA
"1476","mean.1.rQuant.All","rQuant","1","All","1",0.109696713328052,NA
"1477","min.1.rQuant.All","rQuant","1","All","1",0.0399726662537296,NA
"1478","max.1.rQuant.All","rQuant","1","All","1",0.373291345345592,NA
"1479","range.1.rQuant.All","rQuant","1","All","1",0.333318679091862,NA
"1480","slope.1.rQuant.All","rQuant","1","All","1",0.00261344143216072,NA
"1481","mean.1.rSigma.All","rSigma","2","All","1",4.63440801755801,NA
"1482","min.1.rSigma.All","rSigma","2","All","1",3.06064083802108,NA
"1483","max.1.rSigma.All","rSigma","2","All","1",5.84692370632398,NA
"1484","range.1.rSigma.All","rSigma","2","All","1",2.7862828683029,NA
"1485","slope.1.rSigma.All","rSigma","2","All","1",0.0428184190217019,NA
"1486","mean.1.rConnect.All","rConnect","3","All","1",0.267062608360469,NA
"1487","min.1.rConnect.All","rConnect","3","All","1",0.0673474391937946,NA
"1488","max.1.rConnect.All","rConnect","3","All","1",0.51596495531103,NA
"1489","range.1.rConnect.All","rConnect","3","All","1",0.448617516117235,NA
"1490","slope.1.rConnect.All","rConnect","3","All","1",-0.00344803659726331,NA
"1491","mean.1.rTau1.All","rTau1","4","All","1",1638.44055266552,NA
"1492","min.1.rTau1.All","rTau1","4","All","1",640.988414523705,NA
"1493","max.1.rTau1.All","rTau1","4","All","1",5345.8392037164,NA
"1494","range.1.rTau1.All","rTau1","4","All","1",4704.8507891927,NA
"1495","slope.1.rTau1.All","rTau1","4","All","1",-45.5734634169328,NA
"1496","mean.1.rTau2.All","rTau2","5","All","1",6905669.11983322,NA
"1497","min.1.rTau2.All","rTau2","5","All","1",752642.120681853,NA
"1498","max.1.rTau2.All","rTau2","5","All","1",22179383.918348,NA
"1499","range.1.rTau2.All","rTau2","5","All","1",21426741.7976661,NA
"1500","slope.1.rTau2.All","rTau2","5","All","1",-212298.084130842,NA
"1501","mean.1.rNPQ.All","rNPQ","6","All","1",0.391963137605663,NA
"1502","min.1.rNPQ.All","rNPQ","6","All","1",0.121517990710592,NA
"1503","max.1.rNPQ.All","rNPQ","6","All","1",0.800805867805373,NA
"1504","range.1.rNPQ.All","rNPQ","6","All","1",0.679287877094781,NA
"1505","slope.1.rNPQ.All","rNPQ","6","All","1",0.0129820191110893,NA
"1506","mean.1.rqP.All","rqP","7","All","1",0.661935521622144,NA
"1507","min.1.rqP.All","rqP","7","All","1",0.291269038714472,NA
"1508","max.1.rqP.All","rqP","7","All","1",1.24677463341266,NA
"1509","range.1.rqP.All","rqP","7","All","1",0.955505594698188,NA
"1510","slope.1.rqP.All","rqP","7","All","1",0.0167322634406597,NA
"1511","mean.1.rABQ.All","rABQ","8","All","1",0.141657925561845,NA
"1512","min.1.rABQ.All","rABQ","8","All","1",-0.0829129856831663,NA
"1513","max.1.rABQ.All","rABQ","8","All","1",0.433136487753311,NA
"1514","range.1.rABQ.All","rABQ","8","All","1",0.516049473436477,NA
"1515","slope.1.rABQ.All","rABQ","8","All","1",-0.0079304304817373,NA
"1516","mean.1.rqm.All","rqm","9","All","1",0.706136467679167,NA
"1517","min.1.rqm.All","rqm","9","All","1",0,NA
"1518","max.1.rqm.All","rqm","9","All","1",0.892918315004804,NA
"1519","range.1.rqm.All","rqm","9","All","1",0.892918315004804,NA
"1520","slope.1.rqm.All","rqm","9","All","1",-0.00700107694632244,NA
"1521","mean.2.rQuant.All","rQuant","1","All","2",0.102747535743712,NA
"1522","min.2.rQuant.All","rQuant","1","All","2",0.0296993677981496,NA
"1523","max.2.rQuant.All","rQuant","1","All","2",0.350739910727889,NA
"1524","range.2.rQuant.All","rQuant","1","All","2",0.321040542929739,NA
"1525","slope.2.rQuant.All","rQuant","1","All","2",0.00253101079180084,NA
"1526","mean.2.rSigma.All","rSigma","2","All","2",4.23448907668996,NA
"1527","min.2.rSigma.All","rSigma","2","All","2",2.73574983878286,NA
"1528","max.2.rSigma.All","rSigma","2","All","2",5.55564022038305,NA
"1529","range.2.rSigma.All","rSigma","2","All","2",2.81989038160019,NA
"1530","slope.2.rSigma.All","rSigma","2","All","2",0.0463886385382267,NA
"1531","mean.2.rConnect.All","rConnect","3","All","2",0.331925056761299,NA
"1532","min.2.rConnect.All","rConnect","3","All","2",0.171298096636533,NA
"1533","max.2.rConnect.All","rConnect","3","All","2",0.609926094163034,NA
"1534","range.2.rConnect.All","rConnect","3","All","2",0.438627997526501,NA
"1535","slope.2.rConnect.All","rConnect","3","All","2",-0.00674913883198981,NA
"1536","mean.2.rTau1.All","rTau1","4","All","2",1682.80617680107,NA
"1537","min.2.rTau1.All","rTau1","4","All","2",692.463807750953,NA
"1538","max.2.rTau1.All","rTau1","4","All","2",6222.38864282737,NA
"1539","range.2.rTau1.All","rTau1","4","All","2",5529.92483507642,NA
"1540","slope.2.rTau1.All","rTau1","4","All","2",-38.1949910406912,NA
"1541","mean.2.rTau2.All","rTau2","5","All","2",5972529.00817157,NA
"1542","min.2.rTau2.All","rTau2","5","All","2",705753.365259583,NA
"1543","max.2.rTau2.All","rTau2","5","All","2",17080771.3028632,NA
"1544","range.2.rTau2.All","rTau2","5","All","2",16375017.9376036,NA
"1545","slope.2.rTau2.All","rTau2","5","All","2",-65085.9252638717,NA
"1546","mean.2.rNPQ.All","rNPQ","6","All","2",0.34100416955967,NA
"1547","min.2.rNPQ.All","rNPQ","6","All","2",0.0737706587583062,NA
"1548","max.2.rNPQ.All","rNPQ","6","All","2",0.755481726785847,NA
"1549","range.2.rNPQ.All","rNPQ","6","All","2",0.681711068027541,NA
"1550","slope.2.rNPQ.All","rNPQ","6","All","2",0.0123225051378749,NA
"1551","mean.2.rqP.All","rqP","7","All","2",0.6374233762552,NA
"1552","min.2.rqP.All","rqP","7","All","2",0.226089901303133,NA
"1553","max.2.rqP.All","rqP","7","All","2",1.27108457567321,NA
"1554","range.2.rqP.All","rqP","7","All","2",1.04499467437008,NA
"1555","slope.2.rqP.All","rqP","7","All","2",0.0182461051854208,NA
"1556","mean.2.rABQ.All","rABQ","8","All","2",0.199683682882485,NA
"1557","min.2.rABQ.All","rABQ","8","All","2",-0.0500132223466474,NA
"1558","max.2.rABQ.All","rABQ","8","All","2",0.482944649076528,NA
"1559","range.2.rABQ.All","rABQ","8","All","2",0.532957871423175,NA
"1560","slope.2.rABQ.All","rABQ","8","All","2",-0.00876742947700076,NA
"1561","mean.2.rqm.All","rqm","9","All","2",0.707054907066378,NA
"1562","min.2.rqm.All","rqm","9","All","2",0,NA
"1563","max.2.rqm.All","rqm","9","All","2",0.915323671787124,NA
"1564","range.2.rqm.All","rqm","9","All","2",0.915323671787124,NA
"1565","slope.2.rqm.All","rqm","9","All","2",-0.00721620412843305,NA
"1566","mean.3.rQuant.All","rQuant","1","All","3",0.10651375710851,NA
"1567","min.3.rQuant.All","rQuant","1","All","3",0.0392057829900569,NA
"1568","max.3.rQuant.All","rQuant","1","All","3",0.355040482586507,NA
"1569","range.3.rQuant.All","rQuant","1","All","3",0.31583469959645,NA
"1570","slope.3.rQuant.All","rQuant","1","All","3",0.00250864118744936,NA
"1571","mean.3.rSigma.All","rSigma","2","All","3",4.01365864669382,NA
"1572","min.3.rSigma.All","rSigma","2","All","3",2.66744044355745,NA
"1573","max.3.rSigma.All","rSigma","2","All","3",4.96666064370581,NA
"1574","range.3.rSigma.All","rSigma","2","All","3",2.29922020014836,NA
"1575","slope.3.rSigma.All","rSigma","2","All","3",0.0349217388267351,NA
"1576","mean.3.rConnect.All","rConnect","3","All","3",0.298066687570541,NA
"1577","min.3.rConnect.All","rConnect","3","All","3",0.192775831857027,NA
"1578","max.3.rConnect.All","rConnect","3","All","3",0.555627166119799,NA
"1579","range.3.rConnect.All","rConnect","3","All","3",0.362851334262772,NA
"1580","slope.3.rConnect.All","rConnect","3","All","3",-0.00587094859899073,NA
"1581","mean.3.rTau1.All","rTau1","4","All","3",1340.43833384146,NA
"1582","min.3.rTau1.All","rTau1","4","All","3",619.365829564756,NA
"1583","max.3.rTau1.All","rTau1","4","All","3",2770.9405460098,NA
"1584","range.3.rTau1.All","rTau1","4","All","3",2151.57471644504,NA
"1585","slope.3.rTau1.All","rTau1","4","All","3",-16.0667434227546,NA
"1586","mean.3.rTau2.All","rTau2","5","All","3",6471557.27027814,NA
"1587","min.3.rTau2.All","rTau2","5","All","3",788238.430870411,NA
"1588","max.3.rTau2.All","rTau2","5","All","3",12575827.8500029,NA
"1589","range.3.rTau2.All","rTau2","5","All","3",11787589.4191325,NA
"1590","slope.3.rTau2.All","rTau2","5","All","3",-107249.354445574,NA
"1591","mean.3.rNPQ.All","rNPQ","6","All","3",0.439986974811879,NA
"1592","min.3.rNPQ.All","rNPQ","6","All","3",0.155020639328746,NA
"1593","max.3.rNPQ.All","rNPQ","6","All","3",0.901441191189383,NA
"1594","range.3.rNPQ.All","rNPQ","6","All","3",0.746420551860637,NA
"1595","slope.3.rNPQ.All","rNPQ","6","All","3",0.0132155970233922,NA
"1596","mean.3.rqP.All","rqP","7","All","3",0.685818821867447,NA
"1597","min.3.rqP.All","rqP","7","All","3",0.329840572772715,NA
"1598","max.3.rqP.All","rqP","7","All","3",1.24044199887855,NA
"1599","range.3.rqP.All","rqP","7","All","3",0.910601426105835,NA
"1600","slope.3.rqP.All","rqP","7","All","3",0.0157998983329917,NA
"1601","mean.3.rABQ.All","rABQ","8","All","3",0.135079124561515,NA
"1602","min.3.rABQ.All","rABQ","8","All","3",-0.0702874484601372,NA
"1603","max.3.rABQ.All","rABQ","8","All","3",0.425181579524163,NA
"1604","range.3.rABQ.All","rABQ","8","All","3",0.4954690279843,NA
"1605","slope.3.rABQ.All","rABQ","8","All","3",-0.00752543840337153,NA
"1606","mean.3.rqm.All","rqm","9","All","3",0.699995458736012,NA
"1607","min.3.rqm.All","rqm","9","All","3",0,NA
"1608","max.3.rqm.All","rqm","9","All","3",0.889573767181594,NA
"1609","range.3.rqm.All","rqm","9","All","3",0.889573767181594,NA
"1610","slope.3.rqm.All","rqm","9","All","3",-0.00706578914374398,NA
"1611","mean.4.rQuant.All","rQuant","1","All","4",0.109887536107467,NA
"1612","min.4.rQuant.All","rQuant","1","All","4",0.0371529525917431,NA
"1613","max.4.rQuant.All","rQuant","1","All","4",0.352211688050933,NA
"1614","range.4.rQuant.All","rQuant","1","All","4",0.31505873545919,NA
"1615","slope.4.rQuant.All","rQuant","1","All","4",0.00263226842938085,NA
"1616","mean.4.rSigma.All","rSigma","2","All","4",3.82569013894402,NA
"1617","min.4.rSigma.All","rSigma","2","All","4",2.48714289770931,NA
"1618","max.4.rSigma.All","rSigma","2","All","4",4.54044250130791,NA
"1619","range.4.rSigma.All","rSigma","2","All","4",2.0532996035986,NA
"1620","slope.4.rSigma.All","rSigma","2","All","4",0.0224414385827076,NA
"1621","mean.4.rConnect.All","rConnect","3","All","4",0.309065890479123,NA
"1622","min.4.rConnect.All","rConnect","3","All","4",0.0607428379722547,NA
"1623","max.4.rConnect.All","rConnect","3","All","4",0.470911871469852,NA
"1624","range.4.rConnect.All","rConnect","3","All","4",0.410169033497597,NA
"1625","slope.4.rConnect.All","rConnect","3","All","4",-0.000825136918784597,NA
"1626","mean.4.rTau1.All","rTau1","4","All","4",1109.58913291462,NA
"1627","min.4.rTau1.All","rTau1","4","All","4",491.659065115425,NA
"1628","max.4.rTau1.All","rTau1","4","All","4",2339.19455644547,NA
"1629","range.4.rTau1.All","rTau1","4","All","4",1847.53549133005,NA
"1630","slope.4.rTau1.All","rTau1","4","All","4",-10.2472628297376,NA
"1631","mean.4.rTau2.All","rTau2","5","All","4",6390300.83044303,NA
"1632","min.4.rTau2.All","rTau2","5","All","4",831274.116473423,NA
"1633","max.4.rTau2.All","rTau2","5","All","4",14672254.4753632,NA
"1634","range.4.rTau2.All","rTau2","5","All","4",13840980.3588898,NA
"1635","slope.4.rTau2.All","rTau2","5","All","4",-47555.4086961073,NA
"1636","mean.4.rNPQ.All","rNPQ","6","All","4",0.460824939688257,NA
"1637","min.4.rNPQ.All","rNPQ","6","All","4",0.188096534870022,NA
"1638","max.4.rNPQ.All","rNPQ","6","All","4",0.924045543842443,NA
"1639","range.4.rNPQ.All","rNPQ","6","All","4",0.735949008972421,NA
"1640","slope.4.rNPQ.All","rNPQ","6","All","4",0.0131520983798958,NA
"1641","mean.4.rqP.All","rqP","7","All","4",0.696802172383586,NA
"1642","min.4.rqP.All","rqP","7","All","4",0.366598502135926,NA
"1643","max.4.rqP.All","rqP","7","All","4",1.22555660734455,NA
"1644","range.4.rqP.All","rqP","7","All","4",0.858958105208624,NA
"1645","slope.4.rqP.All","rqP","7","All","4",0.0151444218452069,NA
"1646","mean.4.rABQ.All","rABQ","8","All","4",0.0492471682215854,NA
"1647","min.4.rABQ.All","rABQ","8","All","4",-0.128381653731399,NA
"1648","max.4.rABQ.All","rABQ","8","All","4",0.38190024096217,NA
"1649","range.4.rABQ.All","rABQ","8","All","4",0.510281894693569,NA
"1650","slope.4.rABQ.All","rABQ","8","All","4",-0.00557710125671074,NA
"1651","mean.4.rqm.All","rqm","9","All","4",0.688007127998612,NA
"1652","min.4.rqm.All","rqm","9","All","4",0,NA
"1653","max.4.rqm.All","rqm","9","All","4",0.89451527631766,NA
"1654","range.4.rqm.All","rqm","9","All","4",0.89451527631766,NA
"1655","slope.4.rqm.All","rqm","9","All","4",-0.00747354082411997,NA
"1656","mean.1.rQuant.L1","rQuant","1","L1","1",0.0478304699154595,NA
"1657","min.1.rQuant.L1","rQuant","1","L1","1",0.0399726662537296,NA
"1658","max.1.rQuant.L1","rQuant","1","L1","1",0.0624625459664157,NA
"1659","range.1.rQuant.L1","rQuant","1","L1","1",0.0224898797126861,NA
"1660","slope.1.rQuant.L1","rQuant","1","L1","1",0.00259150364786197,NA
"1661","mean.1.rSigma.L1","rSigma","2","L1","1",3.83049362543178,NA
"1662","min.1.rSigma.L1","rSigma","2","L1","1",3.06064083802108,NA
"1663","max.1.rSigma.L1","rSigma","2","L1","1",4.25130534336186,NA
"1664","range.1.rSigma.L1","rSigma","2","L1","1",1.19066450534078,NA
"1665","slope.1.rSigma.L1","rSigma","2","L1","1",0.184119595070826,NA
"1666","mean.1.rConnect.L1","rConnect","3","L1","1",0.304960258738985,NA
"1667","min.1.rConnect.L1","rConnect","3","L1","1",0.0673474391937946,NA
"1668","max.1.rConnect.L1","rConnect","3","L1","1",0.51596495531103,NA
"1669","range.1.rConnect.L1","rConnect","3","L1","1",0.448617516117235,NA
"1670","slope.1.rConnect.L1","rConnect","3","L1","1",-0.0217315260306694,NA
"1671","mean.1.rTau1.L1","rTau1","4","L1","1",2317.44457100446,NA
"1672","min.1.rTau1.L1","rTau1","4","L1","1",1466.28257214978,NA
"1673","max.1.rTau1.L1","rTau1","4","L1","1",5345.8392037164,NA
"1674","range.1.rTau1.L1","rTau1","4","L1","1",3879.55663156662,NA
"1675","slope.1.rTau1.L1","rTau1","4","L1","1",-489.393021291018,NA
"1676","mean.1.rTau2.L1","rTau2","5","L1","1",11434362.6109832,NA
"1677","min.1.rTau2.L1","rTau2","5","L1","1",4607983.69718209,NA
"1678","max.1.rTau2.L1","rTau2","5","L1","1",22179383.918348,NA
"1679","range.1.rTau2.L1","rTau2","5","L1","1",17571400.2211659,NA
"1680","slope.1.rTau2.L1","rTau2","5","L1","1",1513904.42843078,NA
"1681","mean.1.rNPQ.L1","rNPQ","6","L1","1",0.222129479907179,NA
"1682","min.1.rNPQ.L1","rNPQ","6","L1","1",0.121517990710592,NA
"1683","max.1.rNPQ.L1","rNPQ","6","L1","1",0.320811677471383,NA
"1684","range.1.rNPQ.L1","rNPQ","6","L1","1",0.199293686760791,NA
"1685","slope.1.rNPQ.L1","rNPQ","6","L1","1",0.0343571158474393,NA
"1686","mean.1.rqP.L1","rqP","7","L1","1",0.417120435865952,NA
"1687","min.1.rqP.L1","rqP","7","L1","1",0.291269038714472,NA
"1688","max.1.rqP.L1","rqP","7","L1","1",0.554906114086333,NA
"1689","range.1.rqP.L1","rqP","7","L1","1",0.263637075371861,NA
"1690","slope.1.rqP.L1","rqP","7","L1","1",0.0458610079808837,NA
"1691","mean.1.rABQ.L1","rABQ","8","L1","1",0.290551493930024,NA
"1692","min.1.rABQ.L1","rABQ","8","L1","1",0.212612650058805,NA
"1693","max.1.rABQ.L1","rABQ","8","L1","1",0.433136487753311,NA
"1694","range.1.rABQ.L1","rABQ","8","L1","1",0.220523837694506,NA
"1695","slope.1.rABQ.L1","rABQ","8","L1","1",-0.0341009239106832,NA
"1696","mean.1.rqm.L1","rqm","9","L1","1",0.871868259171189,NA
"1697","min.1.rqm.L1","rqm","9","L1","1",0.832670789866323,NA
"1698","max.1.rqm.L1","rqm","9","L1","1",0.892918315004804,NA
"1699","range.1.rqm.L1","rqm","9","L1","1",0.060247525138481,NA
"1700","slope.1.rqm.L1","rqm","9","L1","1",-0.0069423084145246,NA
"1701","mean.2.rQuant.L1","rQuant","1","L1","2",0.0421110077784934,NA
"1702","min.2.rQuant.L1","rQuant","1","L1","2",0.0296993677981496,NA
"1703","max.2.rQuant.L1","rQuant","1","L1","2",0.0498363817440235,NA
"1704","range.2.rQuant.L1","rQuant","1","L1","2",0.0201370139458739,NA
"1705","slope.2.rQuant.L1","rQuant","1","L1","2",0.00151575372147757,NA
"1706","mean.2.rSigma.L1","rSigma","2","L1","2",3.3733616066286,NA
"1707","min.2.rSigma.L1","rSigma","2","L1","2",2.73574983878286,NA
"1708","max.2.rSigma.L1","rSigma","2","L1","2",3.94064096094454,NA
"1709","range.2.rSigma.L1","rSigma","2","L1","2",1.20489112216168,NA
"1710","slope.2.rSigma.L1","rSigma","2","L1","2",0.218096011583365,NA
"1711","mean.2.rConnect.L1","rConnect","3","L1","2",0.445666271331956,NA
"1712","min.2.rConnect.L1","rConnect","3","L1","2",0.343862685734906,NA
"1713","max.2.rConnect.L1","rConnect","3","L1","2",0.609926094163034,NA
"1714","range.2.rConnect.L1","rConnect","3","L1","2",0.266063408428128,NA
"1715","slope.2.rConnect.L1","rConnect","3","L1","2",-0.0154198326225102,NA
"1716","mean.2.rTau1.L1","rTau1","4","L1","2",2276.75265453254,NA
"1717","min.2.rTau1.L1","rTau1","4","L1","2",1176.95536018253,NA
"1718","max.2.rTau1.L1","rTau1","4","L1","2",6222.38864282737,NA
"1719","range.2.rTau1.L1","rTau1","4","L1","2",5045.43328264484,NA
"1720","slope.2.rTau1.L1","rTau1","4","L1","2",-632.535645754329,NA
"1721","mean.2.rTau2.L1","rTau2","5","L1","2",8154674.68106842,NA
"1722","min.2.rTau2.L1","rTau2","5","L1","2",3772617.29271964,NA
"1723","max.2.rTau2.L1","rTau2","5","L1","2",10420937.184662,NA
"1724","range.2.rTau2.L1","rTau2","5","L1","2",6648319.89194236,NA
"1725","slope.2.rTau2.L1","rTau2","5","L1","2",988550.377547332,NA
"1726","mean.2.rNPQ.L1","rNPQ","6","L1","2",0.178229240343838,NA
"1727","min.2.rNPQ.L1","rNPQ","6","L1","2",0.0737706587583062,NA
"1728","max.2.rNPQ.L1","rNPQ","6","L1","2",0.280785662545882,NA
"1729","range.2.rNPQ.L1","rNPQ","6","L1","2",0.207015003787576,NA
"1730","slope.2.rNPQ.L1","rNPQ","6","L1","2",0.0351148083506761,NA
"1731","mean.2.rqP.L1","rqP","7","L1","2",0.371025493053279,NA
"1732","min.2.rqP.L1","rqP","7","L1","2",0.226089901303133,NA
"1733","max.2.rqP.L1","rqP","7","L1","2",0.520695665502981,NA
"1734","range.2.rqP.L1","rqP","7","L1","2",0.294605764199848,NA
"1735","slope.2.rqP.L1","rqP","7","L1","2",0.0515184546637355,NA
"1736","mean.2.rABQ.L1","rABQ","8","L1","2",0.362436343930072,NA
"1737","min.2.rABQ.L1","rABQ","8","L1","2",0.255220829755733,NA
"1738","max.2.rABQ.L1","rABQ","8","L1","2",0.482944649076528,NA
"1739","range.2.rABQ.L1","rABQ","8","L1","2",0.227723819320795,NA
"1740","slope.2.rABQ.L1","rABQ","8","L1","2",-0.0412200370829289,NA
"1741","mean.2.rqm.L1","rqm","9","L1","2",0.879936652515248,NA
"1742","min.2.rqm.L1","rqm","9","L1","2",0.857910718969512,NA
"1743","max.2.rqm.L1","rqm","9","L1","2",0.915323671787124,NA
"1744","range.2.rqm.L1","rqm","9","L1","2",0.0574129528176121,NA
"1745","slope.2.rqm.L1","rqm","9","L1","2",-0.00432158894701185,NA
"1746","mean.3.rQuant.L1","rQuant","1","L1","3",0.0467381134310743,NA
"1747","min.3.rQuant.L1","rQuant","1","L1","3",0.0392057829900569,NA
"1748","max.3.rQuant.L1","rQuant","1","L1","3",0.0549557657441834,NA
"1749","range.3.rQuant.L1","rQuant","1","L1","3",0.0157499827541265,NA
"1750","slope.3.rQuant.L1","rQuant","1","L1","3",0.0014697738438453,NA
"1751","mean.3.rSigma.L1","rSigma","2","L1","3",3.32383336285718,NA
"1752","min.3.rSigma.L1","rSigma","2","L1","3",2.66744044355745,NA
"1753","max.3.rSigma.L1","rSigma","2","L1","3",3.68122388732221,NA
"1754","range.3.rSigma.L1","rSigma","2","L1","3",1.01378344376476,NA
"1755","slope.3.rSigma.L1","rSigma","2","L1","3",0.186270210457279,NA
"1756","mean.3.rConnect.L1","rConnect","3","L1","3",0.373308591549172,NA
"1757","min.3.rConnect.L1","rConnect","3","L1","3",0.244845757234416,NA
"1758","max.3.rConnect.L1","rConnect","3","L1","3",0.555627166119799,NA
"1759","range.3.rConnect.L1","rConnect","3","L1","3",0.310781408885383,NA
"1760","slope.3.rConnect.L1","rConnect","3","L1","3",-0.0511996232552121,NA
"1761","mean.3.rTau1.L1","rTau1","4","L1","3",1630.46856586526,NA
"1762","min.3.rTau1.L1","rTau1","4","L1","3",981.357030350999,NA
"1763","max.3.rTau1.L1","rTau1","4","L1","3",2770.9405460098,NA
"1764","range.3.rTau1.L1","rTau1","4","L1","3",1789.5835156588,NA
"1765","slope.3.rTau1.L1","rTau1","4","L1","3",-129.570708533092,NA
"1766","mean.3.rTau2.L1","rTau2","5","L1","3",9158268.09825635,NA
"1767","min.3.rTau2.L1","rTau2","5","L1","3",2874981.14372964,NA
"1768","max.3.rTau2.L1","rTau2","5","L1","3",12575827.8500029,NA
"1769","range.3.rTau2.L1","rTau2","5","L1","3",9700846.70627326,NA
"1770","slope.3.rTau2.L1","rTau2","5","L1","3",1194147.4093394,NA
"1771","mean.3.rNPQ.L1","rNPQ","6","L1","3",0.262110717571754,NA
"1772","min.3.rNPQ.L1","rNPQ","6","L1","3",0.155020639328746,NA
"1773","max.3.rNPQ.L1","rNPQ","6","L1","3",0.371579217604619,NA
"1774","range.3.rNPQ.L1","rNPQ","6","L1","3",0.216558578275873,NA
"1775","slope.3.rNPQ.L1","rNPQ","6","L1","3",0.0375151796462889,NA
"1776","mean.3.rqP.L1","rqP","7","L1","3",0.453997463989303,NA
"1777","min.3.rqP.L1","rqP","7","L1","3",0.329840572772715,NA
"1778","max.3.rqP.L1","rqP","7","L1","3",0.583763533621732,NA
"1779","range.3.rqP.L1","rqP","7","L1","3",0.253922960849017,NA
"1780","slope.3.rqP.L1","rqP","7","L1","3",0.0443199800408795,NA
"1781","mean.3.rABQ.L1","rABQ","8","L1","3",0.283732595351082,NA
"1782","min.3.rABQ.L1","rABQ","8","L1","3",0.20671694641234,NA
"1783","max.3.rABQ.L1","rABQ","8","L1","3",0.425181579524163,NA
"1784","range.3.rABQ.L1","rABQ","8","L1","3",0.218464633111823,NA
"1785","slope.3.rABQ.L1","rABQ","8","L1","3",-0.0401401832289678,NA
"1786","mean.3.rqm.L1","rqm","9","L1","3",0.86835835426264,NA
"1787","min.3.rqm.L1","rqm","9","L1","3",0.845212677315485,NA
"1788","max.3.rqm.L1","rqm","9","L1","3",0.889573767181594,NA
"1789","range.3.rqm.L1","rqm","9","L1","3",0.044361089866109,NA
"1790","slope.3.rqm.L1","rqm","9","L1","3",-0.00413973593416113,NA
"1791","mean.4.rQuant.L1","rQuant","1","L1","4",0.0484535422022338,NA
"1792","min.4.rQuant.L1","rQuant","1","L1","4",0.0371529525917431,NA
"1793","max.4.rQuant.L1","rQuant","1","L1","4",0.0607987431043286,NA
"1794","range.4.rQuant.L1","rQuant","1","L1","4",0.0236457905125855,NA
"1795","slope.4.rQuant.L1","rQuant","1","L1","4",0.00283544146778487,NA
"1796","mean.4.rSigma.L1","rSigma","2","L1","4",3.40316023198676,NA
"1797","min.4.rSigma.L1","rSigma","2","L1","4",2.48714289770931,NA
"1798","max.4.rSigma.L1","rSigma","2","L1","4",4.2080365653301,NA
"1799","range.4.rSigma.L1","rSigma","2","L1","4",1.72089366762079,NA
"1800","slope.4.rSigma.L1","rSigma","2","L1","4",0.28595656219658,NA
"1801","mean.4.rConnect.L1","rConnect","3","L1","4",0.292626275823468,NA
"1802","min.4.rConnect.L1","rConnect","3","L1","4",0.0607428379722547,NA
"1803","max.4.rConnect.L1","rConnect","3","L1","4",0.470911871469852,NA
"1804","range.4.rConnect.L1","rConnect","3","L1","4",0.410169033497597,NA
"1805","slope.4.rConnect.L1","rConnect","3","L1","4",-0.051130683643706,NA
"1806","mean.4.rTau1.L1","rTau1","4","L1","4",1285.18157026148,NA
"1807","min.4.rTau1.L1","rTau1","4","L1","4",744.359506649472,NA
"1808","max.4.rTau1.L1","rTau1","4","L1","4",2339.19455644547,NA
"1809","range.4.rTau1.L1","rTau1","4","L1","4",1594.835049796,NA
"1810","slope.4.rTau1.L1","rTau1","4","L1","4",-191.452975396604,NA
"1811","mean.4.rTau2.L1","rTau2","5","L1","4",7847388.48416427,NA
"1812","min.4.rTau2.L1","rTau2","5","L1","4",3712628.60700661,NA
"1813","max.4.rTau2.L1","rTau2","5","L1","4",10774398.8465675,NA
"1814","range.4.rTau2.L1","rTau2","5","L1","4",7061770.23956089,NA
"1815","slope.4.rTau2.L1","rTau2","5","L1","4",723958.734220232,NA
"1816","mean.4.rNPQ.L1","rNPQ","6","L1","4",0.284492937993392,NA
"1817","min.4.rNPQ.L1","rNPQ","6","L1","4",0.188096534870022,NA
"1818","max.4.rNPQ.L1","rNPQ","6","L1","4",0.387538035815529,NA
"1819","range.4.rNPQ.L1","rNPQ","6","L1","4",0.199441500945507,NA
"1820","slope.4.rNPQ.L1","rNPQ","6","L1","4",0.0353625245356154,NA
"1821","mean.4.rqP.L1","rqP","7","L1","4",0.474206666937383,NA
"1822","min.4.rqP.L1","rqP","7","L1","4",0.366598502135926,NA
"1823","max.4.rqP.L1","rqP","7","L1","4",0.596994015910461,NA
"1824","range.4.rqP.L1","rqP","7","L1","4",0.230395513774535,NA
"1825","slope.4.rqP.L1","rqP","7","L1","4",0.0416781151434153,NA
"1826","mean.4.rABQ.L1","rABQ","8","L1","4",0.154253452306465,NA
"1827","min.4.rABQ.L1","rABQ","8","L1","4",-0.0457727979556184,NA
"1828","max.4.rABQ.L1","rABQ","8","L1","4",0.38190024096217,NA
"1829","range.4.rABQ.L1","rABQ","8","L1","4",0.427673038917788,NA
"1830","slope.4.rABQ.L1","rABQ","8","L1","4",-0.0710653506687455,NA
"1831","mean.4.rqm.L1","rqm","9","L1","4",0.86243062383771,NA
"1832","min.4.rqm.L1","rqm","9","L1","4",0.82738010927242,NA
"1833","max.4.rqm.L1","rqm","9","L1","4",0.89451527631766,NA
"1834","range.4.rqm.L1","rqm","9","L1","4",0.06713516704524,NA
"1835","slope.4.rqm.L1","rqm","9","L1","4",-0.00805039004660971,NA
"1836","mean.1.rQuant.L2","rQuant","1","L2","1",0.119167608998777,NA
"1837","min.1.rQuant.L2","rQuant","1","L2","1",0.094550513909483,NA
"1838","max.1.rQuant.L2","rQuant","1","L2","1",0.135285914168613,NA
"1839","range.1.rQuant.L2","rQuant","1","L2","1",0.04073540025913,NA
"1840","slope.1.rQuant.L2","rQuant","1","L2","1",0.00791503207160491,NA
"1841","mean.1.rSigma.L2","rSigma","2","L2","1",5.50075565986794,NA
"1842","min.1.rSigma.L2","rSigma","2","L2","1",5.16102501679455,NA
"1843","max.1.rSigma.L2","rSigma","2","L2","1",5.84692370632398,NA
"1844","range.1.rSigma.L2","rSigma","2","L2","1",0.68589868952943,NA
"1845","slope.1.rSigma.L2","rSigma","2","L2","1",0.111206195163774,NA
"1846","mean.1.rConnect.L2","rConnect","3","L2","1",0.227955625846374,NA
"1847","min.1.rConnect.L2","rConnect","3","L2","1",0.175831365696355,NA
"1848","max.1.rConnect.L2","rConnect","3","L2","1",0.286230743728663,NA
"1849","range.1.rConnect.L2","rConnect","3","L2","1",0.110399378032308,NA
"1850","slope.1.rConnect.L2","rConnect","3","L2","1",0.00520438850471026,NA
"1851","mean.1.rTau1.L2","rTau1","4","L2","1",1581.5290954173,NA
"1852","min.1.rTau1.L2","rTau1","4","L2","1",1469.16752144311,NA
"1853","max.1.rTau1.L2","rTau1","4","L2","1",1644.06402622305,NA
"1854","range.1.rTau1.L2","rTau1","4","L2","1",174.89650477994,NA
"1855","slope.1.rTau1.L2","rTau1","4","L2","1",-2.36539132192708,NA
"1856","mean.1.rTau2.L2","rTau2","5","L2","1",3990872.17974041,NA
"1857","min.1.rTau2.L2","rTau2","5","L2","1",2917006.12613071,NA
"1858","max.1.rTau2.L2","rTau2","5","L2","1",5047429.42557346,NA
"1859","range.1.rTau2.L2","rTau2","5","L2","1",2130423.29944275,NA
"1860","slope.1.rTau2.L2","rTau2","5","L2","1",-386307.776706346,NA
"1861","mean.1.rNPQ.L2","rNPQ","6","L2","1",0.307652282998113,NA
"1862","min.1.rNPQ.L2","rNPQ","6","L2","1",0.275104094071252,NA
"1863","max.1.rNPQ.L2","rNPQ","6","L2","1",0.355926567642657,NA
"1864","range.1.rNPQ.L2","rNPQ","6","L2","1",0.080822473571405,NA
"1865","slope.1.rNPQ.L2","rNPQ","6","L2","1",-0.015333063925066,NA
"1866","mean.1.rqP.L2","rqP","7","L2","1",0.624043607192695,NA
"1867","min.1.rqP.L2","rqP","7","L2","1",0.615462980762249,NA
"1868","max.1.rqP.L2","rqP","7","L2","1",0.635312394239282,NA
"1869","range.1.rqP.L2","rqP","7","L2","1",0.019849413477033,NA
"1870","slope.1.rqP.L2","rqP","7","L2","1",-0.00350632112381301,NA
"1871","mean.1.rABQ.L2","rABQ","8","L2","1",-0.018798950411873,NA
"1872","min.1.rABQ.L2","rABQ","8","L2","1",-0.0829129856831663,NA
"1873","max.1.rABQ.L2","rABQ","8","L2","1",0.044122808704078,NA
"1874","range.1.rABQ.L2","rABQ","8","L2","1",0.127035794387244,NA
"1875","slope.1.rABQ.L2","rABQ","8","L2","1",-0.0205965801642004,NA
"1876","mean.1.rqm.L2","rqm","9","L2","1",0.68076514367497,NA
"1877","min.1.rqm.L2","rqm","9","L2","1",0.637586255734471,NA
"1878","max.1.rqm.L2","rqm","9","L2","1",0.746711208045961,NA
"1879","range.1.rqm.L2","rqm","9","L2","1",0.10912495231149,NA
"1880","slope.1.rqm.L2","rqm","9","L2","1",-0.0212033634593835,NA
"1881","mean.2.rQuant.L2","rQuant","1","L2","2",0.113736229275956,NA
"1882","min.2.rQuant.L2","rQuant","1","L2","2",0.0923253846348723,NA
"1883","max.2.rQuant.L2","rQuant","1","L2","2",0.130982325563013,NA
"1884","range.2.rQuant.L2","rQuant","1","L2","2",0.0386569409281407,NA
"1885","slope.2.rQuant.L2","rQuant","1","L2","2",0.00767467468634072,NA
"1886","mean.2.rSigma.L2","rSigma","2","L2","2",5.03046611733265,NA
"1887","min.2.rSigma.L2","rSigma","2","L2","2",4.74956972259037,NA
"1888","max.2.rSigma.L2","rSigma","2","L2","2",5.19080436913314,NA
"1889","range.2.rSigma.L2","rSigma","2","L2","2",0.44123464654277,NA
"1890","slope.2.rSigma.L2","rSigma","2","L2","2",0.0466732235901059,NA
"1891","mean.2.rConnect.L2","rConnect","3","L2","2",0.225337140779157,NA
"1892","min.2.rConnect.L2","rConnect","3","L2","2",0.171298096636533,NA
"1893","max.2.rConnect.L2","rConnect","3","L2","2",0.27280188702484,NA
"1894","range.2.rConnect.L2","rConnect","3","L2","2",0.101503790388307,NA
"1895","slope.2.rConnect.L2","rConnect","3","L2","2",-0.00833288046134715,NA
"1896","mean.2.rTau1.L2","rTau1","4","L2","2",1723.87361046011,NA
"1897","min.2.rTau1.L2","rTau1","4","L2","2",1633.49310044984,NA
"1898","max.2.rTau1.L2","rTau1","4","L2","2",1813.92507056216,NA
"1899","range.2.rTau1.L2","rTau1","4","L2","2",180.43197011232,NA
"1900","slope.2.rTau1.L2","rTau1","4","L2","2",-17.9305725404329,NA
"1901","mean.2.rTau2.L2","rTau2","5","L2","2",3651059.46697558,NA
"1902","min.2.rTau2.L2","rTau2","5","L2","2",3016192.85565977,NA
"1903","max.2.rTau2.L2","rTau2","5","L2","2",5057102.61601261,NA
"1904","range.2.rTau2.L2","rTau2","5","L2","2",2040909.76035284,NA
"1905","slope.2.rTau2.L2","rTau2","5","L2","2",-371313.700100122,NA
"1906","mean.2.rNPQ.L2","rNPQ","6","L2","2",0.254510077665098,NA
"1907","min.2.rNPQ.L2","rNPQ","6","L2","2",0.225277394057721,NA
"1908","max.2.rNPQ.L2","rNPQ","6","L2","2",0.300293445264779,NA
"1909","range.2.rNPQ.L2","rNPQ","6","L2","2",0.075016051207058,NA
"1910","slope.2.rNPQ.L2","rNPQ","6","L2","2",-0.0146918740536091,NA
"1911","mean.2.rqP.L2","rqP","7","L2","2",0.591930095746398,NA
"1912","min.2.rqP.L2","rqP","7","L2","2",0.585037782871895,NA
"1913","max.2.rqP.L2","rqP","7","L2","2",0.609057596077389,NA
"1914","range.2.rqP.L2","rqP","7","L2","2",0.024019813205494,NA
"1915","slope.2.rqP.L2","rqP","7","L2","2",-0.00428642111475997,NA
"1916","mean.2.rABQ.L2","rABQ","8","L2","2",0.0492444204023894,NA
"1917","min.2.rABQ.L2","rABQ","8","L2","2",0.0189405710240987,NA
"1918","max.2.rABQ.L2","rABQ","8","L2","2",0.102333698485369,NA
"1919","range.2.rABQ.L2","rABQ","8","L2","2",0.0833931274612703,NA
"1920","slope.2.rABQ.L2","rABQ","8","L2","2",-0.00882121590943735,NA
"1921","mean.2.rqm.L2","rqm","9","L2","2",0.675724872484802,NA
"1922","min.2.rqm.L2","rqm","9","L2","2",0.626554259846888,NA
"1923","max.2.rqm.L2","rqm","9","L2","2",0.736769663756629,NA
"1924","range.2.rqm.L2","rqm","9","L2","2",0.110215403909741,NA
"1925","slope.2.rqm.L2","rqm","9","L2","2",-0.021881384044415,NA
"1926","mean.3.rQuant.L2","rQuant","1","L2","3",0.116169760164922,NA
"1927","min.3.rQuant.L2","rQuant","1","L2","3",0.0977252804880268,NA
"1928","max.3.rQuant.L2","rQuant","1","L2","3",0.130957679948923,NA
"1929","range.3.rQuant.L2","rQuant","1","L2","3",0.0332323994608962,NA
"1930","slope.3.rQuant.L2","rQuant","1","L2","3",0.00667280477039388,NA
"1931","mean.3.rSigma.L2","rSigma","2","L2","3",4.7474562015476,NA
"1932","min.3.rSigma.L2","rSigma","2","L2","3",4.57392537537926,NA
"1933","max.3.rSigma.L2","rSigma","2","L2","3",4.94082685410876,NA
"1934","range.3.rSigma.L2","rSigma","2","L2","3",0.3669014787295,NA
"1935","slope.3.rSigma.L2","rSigma","2","L2","3",0.0527843255149447,NA
"1936","mean.3.rConnect.L2","rConnect","3","L2","3",0.232351298176844,NA
"1937","min.3.rConnect.L2","rConnect","3","L2","3",0.192775831857027,NA
"1938","max.3.rConnect.L2","rConnect","3","L2","3",0.279436221020414,NA
"1939","range.3.rConnect.L2","rConnect","3","L2","3",0.086660389163387,NA
"1940","slope.3.rConnect.L2","rConnect","3","L2","3",-0.00431544375030383,NA
"1941","mean.3.rTau1.L2","rTau1","4","L2","3",1408.23502823204,NA
"1942","min.3.rTau1.L2","rTau1","4","L2","3",1329.11087020602,NA
"1943","max.3.rTau1.L2","rTau1","4","L2","3",1445.42040199306,NA
"1944","range.3.rTau1.L2","rTau1","4","L2","3",116.30953178704,NA
"1945","slope.3.rTau1.L2","rTau1","4","L2","3",14.5779836552814,NA
"1946","mean.3.rTau2.L2","rTau2","5","L2","3",4070655.23337919,NA
"1947","min.3.rTau2.L2","rTau2","5","L2","3",3388104.86504418,NA
"1948","max.3.rTau2.L2","rTau2","5","L2","3",4962067.76031111,NA
"1949","range.3.rTau2.L2","rTau2","5","L2","3",1573962.89526693,NA
"1950","slope.3.rTau2.L2","rTau2","5","L2","3",-228619.519742636,NA
"1951","mean.3.rNPQ.L2","rNPQ","6","L2","3",0.35013429804403,NA
"1952","min.3.rNPQ.L2","rNPQ","6","L2","3",0.319235504479553,NA
"1953","max.3.rNPQ.L2","rNPQ","6","L2","3",0.395846927628773,NA
"1954","range.3.rNPQ.L2","rNPQ","6","L2","3",0.07661142314922,NA
"1955","slope.3.rNPQ.L2","rNPQ","6","L2","3",-0.0151453080105778,NA
"1956","mean.3.rqP.L2","rqP","7","L2","3",0.648170913841912,NA
"1957","min.3.rqP.L2","rqP","7","L2","3",0.638353823513407,NA
"1958","max.3.rqP.L2","rqP","7","L2","3",0.66376768301757,NA
"1959","range.3.rqP.L2","rqP","7","L2","3",0.0254138595041631,NA
"1960","slope.3.rqP.L2","rqP","7","L2","3",-0.00447249265757639,NA
"1961","mean.3.rABQ.L2","rABQ","8","L2","3",-0.0230501234405676,NA
"1962","min.3.rABQ.L2","rABQ","8","L2","3",-0.0647204120275358,NA
"1963","max.3.rABQ.L2","rABQ","8","L2","3",0.014344794089033,NA
"1964","range.3.rABQ.L2","rABQ","8","L2","3",0.0790652061165688,NA
"1965","slope.3.rABQ.L2","rABQ","8","L2","3",-0.011374725419518,NA
"1966","mean.3.rqm.L2","rqm","9","L2","3",0.672798551538085,NA
"1967","min.3.rqm.L2","rqm","9","L2","3",0.63114718920253,NA
"1968","max.3.rqm.L2","rqm","9","L2","3",0.724748908135523,NA
"1969","range.3.rqm.L2","rqm","9","L2","3",0.093601718932993,NA
"1970","slope.3.rqm.L2","rqm","9","L2","3",-0.018794489917831,NA
"1971","mean.4.rQuant.L2","rQuant","1","L2","4",0.123465209564017,NA
"1972","min.4.rQuant.L2","rQuant","1","L2","4",0.106619075821952,NA
"1973","max.4.rQuant.L2","rQuant","1","L2","4",0.136810024187713,NA
"1974","range.4.rQuant.L2","rQuant","1","L2","4",0.030190948365761,NA
"1975","slope.4.rQuant.L2","rQuant","1","L2","4",0.00643453538381632,NA
"1976","mean.4.rSigma.L2","rSigma","2","L2","4",4.46307821104386,NA
"1977","min.4.rSigma.L2","rSigma","2","L2","4",4.40708011086492,NA
"1978","max.4.rSigma.L2","rSigma","2","L2","4",4.52083853394437,NA
"1979","range.4.rSigma.L2","rSigma","2","L2","4",0.11375842307945,NA
"1980","slope.4.rSigma.L2","rSigma","2","L2","4",0.0160710253555641,NA
"1981","mean.4.rConnect.L2","rConnect","3","L2","4",0.281592506068463,NA
"1982","min.4.rConnect.L2","rConnect","3","L2","4",0.211889864626893,NA
"1983","max.4.rConnect.L2","rConnect","3","L2","4",0.33472672146007,NA
"1984","range.4.rConnect.L2","rConnect","3","L2","4",0.122836856833177,NA
"1985","slope.4.rConnect.L2","rConnect","3","L2","4",-0.000674915400464452,NA
"1986","mean.4.rTau1.L2","rTau1","4","L2","4",1191.74482965723,NA
"1987","min.4.rTau1.L2","rTau1","4","L2","4",1095.02560333662,NA
"1988","max.4.rTau1.L2","rTau1","4","L2","4",1240.15076454552,NA
"1989","range.4.rTau1.L2","rTau1","4","L2","4",145.1251612089,NA
"1990","slope.4.rTau1.L2","rTau1","4","L2","4",-3.27341061987093,NA
"1991","mean.4.rTau2.L2","rTau2","5","L2","4",3978775.13961518,NA
"1992","min.4.rTau2.L2","rTau2","5","L2","4",3070106.15716569,NA
"1993","max.4.rTau2.L2","rTau2","5","L2","4",4709648.27415204,NA
"1994","range.4.rTau2.L2","rTau2","5","L2","4",1639542.11698635,NA
"1995","slope.4.rTau2.L2","rTau2","5","L2","4",-266561.898473299,NA
"1996","mean.4.rNPQ.L2","rNPQ","6","L2","4",0.36897525228715,NA
"1997","min.4.rNPQ.L2","rNPQ","6","L2","4",0.33853474080876,NA
"1998","max.4.rNPQ.L2","rNPQ","6","L2","4",0.409426377163506,NA
"1999","range.4.rNPQ.L2","rNPQ","6","L2","4",0.070891636354746,NA
"2000","slope.4.rNPQ.L2","rNPQ","6","L2","4",-0.0147867497512769,NA
"2001","mean.4.rqP.L2","rqP","7","L2","4",0.664476057716697,NA
"2002","min.4.rqP.L2","rqP","7","L2","4",0.656129516844285,NA
"2003","max.4.rqP.L2","rqP","7","L2","4",0.676481724469585,NA
"2004","range.4.rqP.L2","rqP","7","L2","4",0.0203522076253,NA
"2005","slope.4.rqP.L2","rqP","7","L2","4",-0.00406710554962575,NA
"2006","mean.4.rABQ.L2","rABQ","8","L2","4",-0.109155235653701,NA
"2007","min.4.rABQ.L2","rABQ","8","L2","4",-0.123509715124758,NA
"2008","max.4.rABQ.L2","rABQ","8","L2","4",-0.0952387002350645,NA
"2009","range.4.rABQ.L2","rABQ","8","L2","4",0.0282710148896935,NA
"2010","slope.4.rABQ.L2","rABQ","8","L2","4",-0.00399393895256861,NA
"2011","mean.4.rqm.L2","rqm","9","L2","4",0.649457375343651,NA
"2012","min.4.rqm.L2","rqm","9","L2","4",0.611568755867268,NA
"2013","max.4.rqm.L2","rqm","9","L2","4",0.697286945779796,NA
"2014","range.4.rqm.L2","rqm","9","L2","4",0.085718189912528,NA
"2015","slope.4.rqm.L2","rqm","9","L2","4",-0.0182689433715954,NA
"2016","mean.1.rQuant.L3","rQuant","1","L3","1",0.0532552687434367,NA
"2017","min.1.rQuant.L3","rQuant","1","L3","1",0.0482891518413812,NA
"2018","max.1.rQuant.L3","rQuant","1","L3","1",0.0588657645250694,NA
"2019","range.1.rQuant.L3","rQuant","1","L3","1",0.0105766126836882,NA
"2020","slope.1.rQuant.L3","rQuant","1","L3","1",0.00168048157214278,NA
"2021","mean.1.rSigma.L3","rSigma","2","L3","1",3.91146468087775,NA
"2022","min.1.rSigma.L3","rSigma","2","L3","1",3.67010950738522,NA
"2023","max.1.rSigma.L3","rSigma","2","L3","1",4.52402349644388,NA
"2024","range.1.rSigma.L3","rSigma","2","L3","1",0.85391398905866,NA
"2025","slope.1.rSigma.L3","rSigma","2","L3","1",0.0599882161732645,NA
"2026","mean.1.rConnect.L3","rConnect","3","L3","1",0.286885010925019,NA
"2027","min.1.rConnect.L3","rConnect","3","L3","1",0.149950801511233,NA
"2028","max.1.rConnect.L3","rConnect","3","L3","1",0.384840585626345,NA
"2029","range.1.rConnect.L3","rConnect","3","L3","1",0.234889784115112,NA
"2030","slope.1.rConnect.L3","rConnect","3","L3","1",-0.0152147604624979,NA
"2031","mean.1.rTau1.L3","rTau1","4","L3","1",1386.97448471656,NA
"2032","min.1.rTau1.L3","rTau1","4","L3","1",1003.85222647175,NA
"2033","max.1.rTau1.L3","rTau1","4","L3","1",1894.2875013637,NA
"2034","range.1.rTau1.L3","rTau1","4","L3","1",890.43527489195,NA
"2035","slope.1.rTau1.L3","rTau1","4","L3","1",-93.9543946435114,NA
"2036","mean.1.rTau2.L3","rTau2","5","L3","1",9537092.98568117,NA
"2037","min.1.rTau2.L3","rTau2","5","L3","1",7195442.2631572,NA
"2038","max.1.rTau2.L3","rTau2","5","L3","1",12110345.580367,NA
"2039","range.1.rTau2.L3","rTau2","5","L3","1",4914903.3172098,NA
"2040","slope.1.rTau2.L3","rTau2","5","L3","1",-135804.612637212,NA
"2041","mean.1.rNPQ.L3","rNPQ","6","L3","1",0.434004820707141,NA
"2042","min.1.rNPQ.L3","rNPQ","6","L3","1",0.253220593957845,NA
"2043","max.1.rNPQ.L3","rNPQ","6","L3","1",0.604257476440466,NA
"2044","range.1.rNPQ.L3","rNPQ","6","L3","1",0.351036882482621,NA
"2045","slope.1.rNPQ.L3","rNPQ","6","L3","1",0.0594471564180561,NA
"2046","mean.1.rqP.L3","rqP","7","L3","1",0.640557945163309,NA
"2047","min.1.rqP.L3","rqP","7","L3","1",0.462367727559165,NA
"2048","max.1.rqP.L3","rqP","7","L3","1",0.790443759024333,NA
"2049","range.1.rqP.L3","rqP","7","L3","1",0.328076031465168,NA
"2050","slope.1.rqP.L3","rqP","7","L3","1",0.0554132797300945,NA
"2051","mean.1.rABQ.L3","rABQ","8","L3","1",0.275554785949711,NA
"2052","min.1.rABQ.L3","rABQ","8","L3","1",0.162102322878612,NA
"2053","max.1.rABQ.L3","rABQ","8","L3","1",0.320256352904344,NA
"2054","range.1.rABQ.L3","rABQ","8","L3","1",0.158154030025732,NA
"2055","slope.1.rABQ.L3","rABQ","8","L3","1",-0.0111104610808816,NA
"2056","mean.1.rqm.L3","rqm","9","L3","1",0.857335913603534,NA
"2057","min.1.rqm.L3","rqm","9","L3","1",0.842306109533368,NA
"2058","max.1.rqm.L3","rqm","9","L3","1",0.870639508674718,NA
"2059","range.1.rqm.L3","rqm","9","L3","1",0.0283333991413499,NA
"2060","slope.1.rqm.L3","rqm","9","L3","1",-0.00450179623261005,NA
"2061","mean.2.rQuant.L3","rQuant","1","L3","2",0.0504034652458742,NA
"2062","min.2.rQuant.L3","rQuant","1","L3","2",0.0472370621451224,NA
"2063","max.2.rQuant.L3","rQuant","1","L3","2",0.0537808656602075,NA
"2064","range.2.rQuant.L3","rQuant","1","L3","2",0.0065438035150851,NA
"2065","slope.2.rQuant.L3","rQuant","1","L3","2",0.000677054320251739,NA
"2066","mean.2.rSigma.L3","rSigma","2","L3","2",3.4548604180802,NA
"2067","min.2.rSigma.L3","rSigma","2","L3","2",3.07461048204453,NA
"2068","max.2.rSigma.L3","rSigma","2","L3","2",3.76185462528245,NA
"2069","range.2.rSigma.L3","rSigma","2","L3","2",0.68724414323792,NA
"2070","slope.2.rSigma.L3","rSigma","2","L3","2",-0.0449721189300746,NA
"2071","mean.2.rConnect.L3","rConnect","3","L3","2",0.378478935075487,NA
"2072","min.2.rConnect.L3","rConnect","3","L3","2",0.23479482090543,NA
"2073","max.2.rConnect.L3","rConnect","3","L3","2",0.493647729885514,NA
"2074","range.2.rConnect.L3","rConnect","3","L3","2",0.258852908980084,NA
"2075","slope.2.rConnect.L3","rConnect","3","L3","2",0.00762184711445184,NA
"2076","mean.2.rTau1.L3","rTau1","4","L3","2",1242.11688051925,NA
"2077","min.2.rTau1.L3","rTau1","4","L3","2",1033.52345723084,NA
"2078","max.2.rTau1.L3","rTau1","4","L3","2",1425.35633935482,NA
"2079","range.2.rTau1.L3","rTau1","4","L3","2",391.83288212398,NA
"2080","slope.2.rTau1.L3","rTau1","4","L3","2",1.07954130657255,NA
"2081","mean.2.rTau2.L3","rTau2","5","L3","2",9572122.61980115,NA
"2082","min.2.rTau2.L3","rTau2","5","L3","2",5853948.40766467,NA
"2083","max.2.rTau2.L3","rTau2","5","L3","2",17080771.3028632,NA
"2084","range.2.rTau2.L3","rTau2","5","L3","2",11226822.8951985,NA
"2085","slope.2.rTau2.L3","rTau2","5","L3","2",853073.743539612,NA
"2086","mean.2.rNPQ.L3","rNPQ","6","L3","2",0.385856572767979,NA
"2087","min.2.rNPQ.L3","rNPQ","6","L3","2",0.20275895065293,NA
"2088","max.2.rNPQ.L3","rNPQ","6","L3","2",0.559950775675359,NA
"2089","range.2.rNPQ.L3","rNPQ","6","L3","2",0.357191825022429,NA
"2090","slope.2.rNPQ.L3","rNPQ","6","L3","2",0.0606177091445154,NA
"2091","mean.2.rqP.L3","rqP","7","L3","2",0.624030165883593,NA
"2092","min.2.rqP.L3","rqP","7","L3","2",0.425137540597257,NA
"2093","max.2.rqP.L3","rqP","7","L3","2",0.793590084154797,NA
"2094","range.2.rqP.L3","rqP","7","L3","2",0.36845254355754,NA
"2095","slope.2.rqP.L3","rqP","7","L3","2",0.0623919552035028,NA
"2096","mean.2.rABQ.L3","rABQ","8","L3","2",0.34703310933692,NA
"2097","min.2.rABQ.L3","rABQ","8","L3","2",0.289011357754892,NA
"2098","max.2.rABQ.L3","rABQ","8","L3","2",0.41890015702101,NA
"2099","range.2.rABQ.L3","rABQ","8","L3","2",0.129888799266118,NA
"2100","slope.2.rABQ.L3","rABQ","8","L3","2",0.0084997079796984,NA
"2101","mean.2.rqm.L3","rqm","9","L3","2",0.856293898401034,NA
"2102","min.2.rqm.L3","rqm","9","L3","2",0.846664539690974,NA
"2103","max.2.rqm.L3","rqm","9","L3","2",0.865321679397445,NA
"2104","range.2.rqm.L3","rqm","9","L3","2",0.018657139706471,NA
"2105","slope.2.rqm.L3","rqm","9","L3","2",-0.00193036007463944,NA
"2106","mean.3.rQuant.L3","rQuant","1","L3","3",0.0537591609003678,NA
"2107","min.3.rQuant.L3","rQuant","1","L3","3",0.0521202679944989,NA
"2108","max.3.rQuant.L3","rQuant","1","L3","3",0.0591715371096784,NA
"2109","range.3.rQuant.L3","rQuant","1","L3","3",0.0070512691151795,NA
"2110","slope.3.rQuant.L3","rQuant","1","L3","3",0.000759060900429207,NA
"2111","mean.3.rSigma.L3","rSigma","2","L3","3",3.42752154111079,NA
"2112","min.3.rSigma.L3","rSigma","2","L3","3",3.17473391937181,NA
"2113","max.3.rSigma.L3","rSigma","2","L3","3",3.90170529309854,NA
"2114","range.3.rSigma.L3","rSigma","2","L3","3",0.72697137372673,NA
"2115","slope.3.rSigma.L3","rSigma","2","L3","3",-0.0380557369233318,NA
"2116","mean.3.rConnect.L3","rConnect","3","L3","3",0.312455105427884,NA
"2117","min.3.rConnect.L3","rConnect","3","L3","3",0.206987273307093,NA
"2118","max.3.rConnect.L3","rConnect","3","L3","3",0.454202780698011,NA
"2119","range.3.rConnect.L3","rConnect","3","L3","3",0.247215507390918,NA
"2120","slope.3.rConnect.L3","rConnect","3","L3","3",-0.00958003768821773,NA
"2121","mean.3.rTau1.L3","rTau1","4","L3","3",1175.01755624693,NA
"2122","min.3.rTau1.L3","rTau1","4","L3","3",794.214878995019,NA
"2123","max.3.rTau1.L3","rTau1","4","L3","3",1439.53913487545,NA
"2124","range.3.rTau1.L3","rTau1","4","L3","3",645.324255880431,NA
"2125","slope.3.rTau1.L3","rTau1","4","L3","3",-57.3079715075259,NA
"2126","mean.3.rTau2.L3","rTau2","5","L3","3",10089289.9114793,NA
"2127","min.3.rTau2.L3","rTau2","5","L3","3",7408636.92802007,NA
"2128","max.3.rTau2.L3","rTau2","5","L3","3",12124780.0051872,NA
"2129","range.3.rTau2.L3","rTau2","5","L3","3",4716143.07716713,NA
"2130","slope.3.rTau2.L3","rTau2","5","L3","3",148327.543765564,NA
"2131","mean.3.rNPQ.L3","rNPQ","6","L3","3",0.484329400273974,NA
"2132","min.3.rNPQ.L3","rNPQ","6","L3","3",0.290363384859166,NA
"2133","max.3.rNPQ.L3","rNPQ","6","L3","3",0.669292576238351,NA
"2134","range.3.rNPQ.L3","rNPQ","6","L3","3",0.378929191379185,NA
"2135","slope.3.rNPQ.L3","rNPQ","6","L3","3",0.0648983225966774,NA
"2136","mean.3.rqP.L3","rqP","7","L3","3",0.671018922391144,NA
"2137","min.3.rqP.L3","rqP","7","L3","3",0.4982313112688,NA
"2138","max.3.rqP.L3","rqP","7","L3","3",0.819179171163925,NA
"2139","range.3.rqP.L3","rqP","7","L3","3",0.320947859895125,NA
"2140","slope.3.rqP.L3","rqP","7","L3","3",0.0540656745881434,NA
"2141","mean.3.rABQ.L3","rABQ","8","L3","3",0.26138837582419,NA
"2142","min.3.rABQ.L3","rABQ","8","L3","3",0.159204442911561,NA
"2143","max.3.rABQ.L3","rABQ","8","L3","3",0.315862687254383,NA
"2144","range.3.rABQ.L3","rABQ","8","L3","3",0.156658244342822,NA
"2145","slope.3.rABQ.L3","rABQ","8","L3","3",0.00820079737530674,NA
"2146","mean.3.rqm.L3","rqm","9","L3","3",0.848583010847871,NA
"2147","min.3.rqm.L3","rqm","9","L3","3",0.833338619081949,NA
"2148","max.3.rqm.L3","rqm","9","L3","3",0.853199084186689,NA
"2149","range.3.rqm.L3","rqm","9","L3","3",0.01986046510474,NA
"2150","slope.3.rqm.L3","rqm","9","L3","3",-0.00213795591674314,NA
"2151","mean.4.rQuant.L3","rQuant","1","L3","4",0.0555791121444434,NA
"2152","min.4.rQuant.L3","rQuant","1","L3","4",0.0511750209419005,NA
"2153","max.4.rQuant.L3","rQuant","1","L3","4",0.0600412862413449,NA
"2154","range.4.rQuant.L3","rQuant","1","L3","4",0.0088662652994444,NA
"2155","slope.4.rQuant.L3","rQuant","1","L3","4",0.00102280703184031,NA
"2156","mean.4.rSigma.L3","rSigma","2","L3","4",3.30706055463055,NA
"2157","min.4.rSigma.L3","rSigma","2","L3","4",2.98712958888315,NA
"2158","max.4.rSigma.L3","rSigma","2","L3","4",3.51201903873653,NA
"2159","range.4.rSigma.L3","rSigma","2","L3","4",0.52488944985338,NA
"2160","slope.4.rSigma.L3","rSigma","2","L3","4",-0.0388116309374544,NA
"2161","mean.4.rConnect.L3","rConnect","3","L3","4",0.362470351995165,NA
"2162","min.4.rConnect.L3","rConnect","3","L3","4",0.270487450689575,NA
"2163","max.4.rConnect.L3","rConnect","3","L3","4",0.41476257429191,NA
"2164","range.4.rConnect.L3","rConnect","3","L3","4",0.144275123602335,NA
"2165","slope.4.rConnect.L3","rConnect","3","L3","4",0.00700310926790057,NA
"2166","mean.4.rTau1.L3","rTau1","4","L3","4",1009.88339173043,NA
"2167","min.4.rTau1.L3","rTau1","4","L3","4",766.076327962765,NA
"2168","max.4.rTau1.L3","rTau1","4","L3","4",1260.01849899569,NA
"2169","range.4.rTau1.L3","rTau1","4","L3","4",493.942171032925,NA
"2170","slope.4.rTau1.L3","rTau1","4","L3","4",0.01154382503864,NA
"2171","mean.4.rTau2.L3","rTau2","5","L3","4",11044421.2323984,NA
"2172","min.4.rTau2.L3","rTau2","5","L3","4",5604530.54609039,NA
"2173","max.4.rTau2.L3","rTau2","5","L3","4",14672254.4753632,NA
"2174","range.4.rTau2.L3","rTau2","5","L3","4",9067723.92927281,NA
"2175","slope.4.rTau2.L3","rTau2","5","L3","4",-361462.35820377,NA
"2176","mean.4.rNPQ.L3","rNPQ","6","L3","4",0.502754480016213,NA
"2177","min.4.rNPQ.L3","rNPQ","6","L3","4",0.311226512939021,NA
"2178","max.4.rNPQ.L3","rNPQ","6","L3","4",0.690837601052123,NA
"2179","range.4.rNPQ.L3","rNPQ","6","L3","4",0.379611088113102,NA
"2180","slope.4.rNPQ.L3","rNPQ","6","L3","4",0.0634846606338923,NA
"2181","mean.4.rqP.L3","rqP","7","L3","4",0.677839399991041,NA
"2182","min.4.rqP.L3","rqP","7","L3","4",0.515021835086012,NA
"2183","max.4.rqP.L3","rqP","7","L3","4",0.816457510309857,NA
"2184","range.4.rqP.L3","rqP","7","L3","4",0.301435675223845,NA
"2185","slope.4.rqP.L3","rqP","7","L3","4",0.0509903346946499,NA
"2186","mean.4.rABQ.L3","rABQ","8","L3","4",0.178135951165777,NA
"2187","min.4.rABQ.L3","rABQ","8","L3","4",0.127200080229154,NA
"2188","max.4.rABQ.L3","rABQ","8","L3","4",0.257644552388225,NA
"2189","range.4.rABQ.L3","rABQ","8","L3","4",0.130444472159071,NA
"2190","slope.4.rABQ.L3","rABQ","8","L3","4",0.00964538859122272,NA
"2191","mean.4.rqm.L3","rqm","9","L3","4",0.842199694019222,NA
"2192","min.4.rqm.L3","rqm","9","L3","4",0.829530682034997,NA
"2193","max.4.rqm.L3","rqm","9","L3","4",0.854703796954915,NA
"2194","range.4.rqm.L3","rqm","9","L3","4",0.025173114919918,NA
"2195","slope.4.rqm.L3","rqm","9","L3","4",-0.00290395539540534,NA
"2196","mean.1.rQuant.R1","rQuant","1","R1","1",0.211243475315764,NA
"2197","min.1.rQuant.R1","rQuant","1","R1","1",0.19403006605544,NA
"2198","max.1.rQuant.R1","rQuant","1","R1","1",0.22230988229002,NA
"2199","range.1.rQuant.R1","rQuant","1","R1","1",0.02827981623458,NA
"2200","slope.1.rQuant.R1","rQuant","1","R1","1",0.00697157046766011,NA
"2201","mean.1.rSigma.R1","rSigma","2","R1","1",5.57942220528279,NA
"2202","min.1.rSigma.R1","rSigma","2","R1","1",5.35763088832179,NA
"2203","max.1.rSigma.R1","rSigma","2","R1","1",5.78618142737081,NA
"2204","range.1.rSigma.R1","rSigma","2","R1","1",0.42855053904902,NA
"2205","slope.1.rSigma.R1","rSigma","2","R1","1",0.100061702110409,NA
"2206","mean.1.rConnect.R1","rConnect","3","R1","1",0.222721969807057,NA
"2207","min.1.rConnect.R1","rConnect","3","R1","1",0.188976289079162,NA
"2208","max.1.rConnect.R1","rConnect","3","R1","1",0.250643441458807,NA
"2209","range.1.rConnect.R1","rConnect","3","R1","1",0.061667152379645,NA
"2210","slope.1.rConnect.R1","rConnect","3","R1","1",0.000636729824267316,NA
"2211","mean.1.rTau1.R1","rTau1","4","R1","1",1307.67159844579,NA
"2212","min.1.rTau1.R1","rTau1","4","R1","1",1127.31582972586,NA
"2213","max.1.rTau1.R1","rTau1","4","R1","1",1467.07944041296,NA
"2214","range.1.rTau1.R1","rTau1","4","R1","1",339.7636106871,NA
"2215","slope.1.rTau1.R1","rTau1","4","R1","1",7.95234999145428,NA
"2216","mean.1.rTau2.R1","rTau2","5","R1","1",1609866.54797778,NA
"2217","min.1.rTau2.R1","rTau2","5","R1","1",1454152.18080454,NA
"2218","max.1.rTau2.R1","rTau2","5","R1","1",2109770.06565047,NA
"2219","range.1.rTau2.R1","rTau2","5","R1","1",655617.88484593,NA
"2220","slope.1.rTau2.R1","rTau2","5","R1","1",-127032.346572275,NA
"2221","mean.1.rNPQ.R1","rNPQ","6","R1","1",0.59027638153059,NA
"2222","min.1.rNPQ.R1","rNPQ","6","R1","1",0.535346166464138,NA
"2223","max.1.rNPQ.R1","rNPQ","6","R1","1",0.689440578924197,NA
"2224","range.1.rNPQ.R1","rNPQ","6","R1","1",0.154094412460059,NA
"2225","slope.1.rNPQ.R1","rNPQ","6","R1","1",-0.0368169220725719,NA
"2226","mean.1.rqP.R1","rqP","7","R1","1",0.963107723680416,NA
"2227","min.1.rqP.R1","rqP","7","R1","1",0.943662252964528,NA
"2228","max.1.rqP.R1","rqP","7","R1","1",1,NA
"2229","range.1.rqP.R1","rqP","7","R1","1",0.056337747035472,NA
"2230","slope.1.rqP.R1","rqP","7","R1","1",-0.0133008369493495,NA
"2231","mean.1.rABQ.R1","rABQ","8","R1","1",-0.0333688384157878,NA
"2232","min.1.rABQ.R1","rABQ","8","R1","1",-0.0716628640872188,NA
"2233","max.1.rABQ.R1","rABQ","8","R1","1",0.00770929246337082,NA
"2234","range.1.rABQ.R1","rABQ","8","R1","1",0.0793721565505896,NA
"2235","slope.1.rABQ.R1","rABQ","8","R1","1",-0.0185325005126582,NA
"2236","mean.1.rqm.R1","rqm","9","R1","1",0.43410561763709,NA
"2237","min.1.rqm.R1","rqm","9","R1","1",0.404460121934501,NA
"2238","max.1.rqm.R1","rqm","9","R1","1",0.480218150046293,NA
"2239","range.1.rqm.R1","rqm","9","R1","1",0.075758028111792,NA
"2240","slope.1.rqm.R1","rqm","9","R1","1",-0.0186759499103998,NA
"2241","mean.2.rQuant.R1","rQuant","1","R1","2",0.198135466356463,NA
"2242","min.2.rQuant.R1","rQuant","1","R1","2",0.178514598333876,NA
"2243","max.2.rQuant.R1","rQuant","1","R1","2",0.213274752254157,NA
"2244","range.2.rQuant.R1","rQuant","1","R1","2",0.034760153920281,NA
"2245","slope.2.rQuant.R1","rQuant","1","R1","2",0.00844666191025371,NA
"2246","mean.2.rSigma.R1","rSigma","2","R1","2",5.36506916421689,NA
"2247","min.2.rSigma.R1","rSigma","2","R1","2",5.05784344684712,NA
"2248","max.2.rSigma.R1","rSigma","2","R1","2",5.55564022038305,NA
"2249","range.2.rSigma.R1","rSigma","2","R1","2",0.49779677353593,NA
"2250","slope.2.rSigma.R1","rSigma","2","R1","2",0.116410000802549,NA
"2251","mean.2.rConnect.R1","rConnect","3","R1","2",0.230519987540029,NA
"2252","min.2.rConnect.R1","rConnect","3","R1","2",0.213955439232748,NA
"2253","max.2.rConnect.R1","rConnect","3","R1","2",0.252592962218418,NA
"2254","range.2.rConnect.R1","rConnect","3","R1","2",0.03863752298567,NA
"2255","slope.2.rConnect.R1","rConnect","3","R1","2",-0.000522123509532732,NA
"2256","mean.2.rTau1.R1","rTau1","4","R1","2",1617.03367619071,NA
"2257","min.2.rTau1.R1","rTau1","4","R1","2",1400.18522351352,NA
"2258","max.2.rTau1.R1","rTau1","4","R1","2",1784.94685595271,NA
"2259","range.2.rTau1.R1","rTau1","4","R1","2",384.76163243919,NA
"2260","slope.2.rTau1.R1","rTau1","4","R1","2",94.0552579718802,NA
"2261","mean.2.rTau2.R1","rTau2","5","R1","2",1717212.58785217,NA
"2262","min.2.rTau2.R1","rTau2","5","R1","2",1507114.87973763,NA
"2263","max.2.rTau2.R1","rTau2","5","R1","2",1921134.87315581,NA
"2264","range.2.rTau2.R1","rTau2","5","R1","2",414019.99341818,NA
"2265","slope.2.rTau2.R1","rTau2","5","R1","2",-104990.692500166,NA
"2266","mean.2.rNPQ.R1","rNPQ","6","R1","2",0.526993104798455,NA
"2267","min.2.rNPQ.R1","rNPQ","6","R1","2",0.464542784050463,NA
"2268","max.2.rNPQ.R1","rNPQ","6","R1","2",0.629155209948715,NA
"2269","range.2.rNPQ.R1","rNPQ","6","R1","2",0.164612425898252,NA
"2270","slope.2.rNPQ.R1","rNPQ","6","R1","2",-0.0386687908327179,NA
"2271","mean.2.rqP.R1","rqP","7","R1","2",0.956990603985098,NA
"2272","min.2.rqP.R1","rqP","7","R1","2",0.933553797983701,NA
"2273","max.2.rqP.R1","rqP","7","R1","2",1,NA
"2274","range.2.rqP.R1","rqP","7","R1","2",0.066446202016299,NA
"2275","slope.2.rqP.R1","rqP","7","R1","2",-0.0153413865142672,NA
"2276","mean.2.rABQ.R1","rABQ","8","R1","2",-0.013995388067732,NA
"2277","min.2.rABQ.R1","rABQ","8","R1","2",-0.0500132223466474,NA
"2278","max.2.rABQ.R1","rABQ","8","R1","2",0.0440701188201408,NA
"2279","range.2.rABQ.R1","rABQ","8","R1","2",0.0940833411667882,NA
"2280","slope.2.rABQ.R1","rABQ","8","R1","2",-0.0220014319155521,NA
"2281","mean.2.rqm.R1","rqm","9","R1","2",0.435092898480607,NA
"2282","min.2.rqm.R1","rqm","9","R1","2",0.391929045623725,NA
"2283","max.2.rqm.R1","rqm","9","R1","2",0.491034259650106,NA
"2284","range.2.rqm.R1","rqm","9","R1","2",0.099105214026381,NA
"2285","slope.2.rqm.R1","rqm","9","R1","2",-0.0240824087932405,NA
"2286","mean.3.rQuant.R1","rQuant","1","R1","3",0.202763544185024,NA
"2287","min.3.rQuant.R1","rQuant","1","R1","3",0.184819708447027,NA
"2288","max.3.rQuant.R1","rQuant","1","R1","3",0.217682126303577,NA
"2289","range.3.rQuant.R1","rQuant","1","R1","3",0.03286241785655,NA
"2290","slope.3.rQuant.R1","rQuant","1","R1","3",0.00778224558592452,NA
"2291","mean.3.rSigma.R1","rSigma","2","R1","3",4.7940821990694,NA
"2292","min.3.rSigma.R1","rSigma","2","R1","3",4.61595933204848,NA
"2293","max.3.rSigma.R1","rSigma","2","R1","3",4.96666064370581,NA
"2294","range.3.rSigma.R1","rSigma","2","R1","3",0.350701311657329,NA
"2295","slope.3.rSigma.R1","rSigma","2","R1","3",0.0620236812096601,NA
"2296","mean.3.rConnect.R1","rConnect","3","R1","3",0.242385046188132,NA
"2297","min.3.rConnect.R1","rConnect","3","R1","3",0.21196032249944,NA
"2298","max.3.rConnect.R1","rConnect","3","R1","3",0.310600683361975,NA
"2299","range.3.rConnect.R1","rConnect","3","R1","3",0.098640360862535,NA
"2300","slope.3.rConnect.R1","rConnect","3","R1","3",-0.0191578867059218,NA
"2301","mean.3.rTau1.R1","rTau1","4","R1","3",1228.8435652271,NA
"2302","min.3.rTau1.R1","rTau1","4","R1","3",1137.96972735197,NA
"2303","max.3.rTau1.R1","rTau1","4","R1","3",1319.23620548975,NA
"2304","range.3.rTau1.R1","rTau1","4","R1","3",181.26647813778,NA
"2305","slope.3.rTau1.R1","rTau1","4","R1","3",46.8118870919352,NA
"2306","mean.3.rTau2.R1","rTau2","5","R1","3",1663082.6255874,NA
"2307","min.3.rTau2.R1","rTau2","5","R1","3",1533763.47242458,NA
"2308","max.3.rTau2.R1","rTau2","5","R1","3",1735840.38177576,NA
"2309","range.3.rTau2.R1","rTau2","5","R1","3",202076.90935118,NA
"2310","slope.3.rTau2.R1","rTau2","5","R1","3",-41499.0070168153,NA
"2311","mean.3.rNPQ.R1","rNPQ","6","R1","3",0.64246670814704,NA
"2312","min.3.rNPQ.R1","rNPQ","6","R1","3",0.579232167286046,NA
"2313","max.3.rNPQ.R1","rNPQ","6","R1","3",0.744512020335272,NA
"2314","range.3.rNPQ.R1","rNPQ","6","R1","3",0.165279853049226,NA
"2315","slope.3.rNPQ.R1","rNPQ","6","R1","3",-0.0390837203549103,NA
"2316","mean.3.rqP.R1","rqP","7","R1","3",0.965341436392093,NA
"2317","min.3.rqP.R1","rqP","7","R1","3",0.947259209552459,NA
"2318","max.3.rqP.R1","rqP","7","R1","3",1,NA
"2319","range.3.rqP.R1","rqP","7","R1","3",0.052740790447541,NA
"2320","slope.3.rqP.R1","rqP","7","R1","3",-0.0125461957290755,NA
"2321","mean.3.rABQ.R1","rABQ","8","R1","3",-0.0330977637968223,NA
"2322","min.3.rABQ.R1","rABQ","8","R1","3",-0.0702874484601372,NA
"2323","max.3.rABQ.R1","rABQ","8","R1","3",0.00528671272218895,NA
"2324","range.3.rABQ.R1","rABQ","8","R1","3",0.0755741611823261,NA
"2325","slope.3.rABQ.R1","rABQ","8","R1","3",-0.013365754632364,NA
"2326","mean.3.rqm.R1","rqm","9","R1","3",0.428900212426845,NA
"2327","min.3.rqm.R1","rqm","9","R1","3",0.386880829144495,NA
"2328","max.3.rqm.R1","rqm","9","R1","3",0.479440465209498,NA
"2329","range.3.rqm.R1","rqm","9","R1","3",0.092559636065003,NA
"2330","slope.3.rqm.R1","rqm","9","R1","3",-0.0219193189723888,NA
"2331","mean.4.rQuant.R1","rQuant","1","R1","4",0.207168882586475,NA
"2332","min.4.rQuant.R1","rQuant","1","R1","4",0.189055531075336,NA
"2333","max.4.rQuant.R1","rQuant","1","R1","4",0.221567122058742,NA
"2334","range.4.rQuant.R1","rQuant","1","R1","4",0.032511590983406,NA
"2335","slope.4.rQuant.R1","rQuant","1","R1","4",0.00798251488750283,NA
"2336","mean.4.rSigma.R1","rSigma","2","R1","4",4.33881506185845,NA
"2337","min.4.rSigma.R1","rSigma","2","R1","4",4.10914921006849,NA
"2338","max.4.rSigma.R1","rSigma","2","R1","4",4.54044250130791,NA
"2339","range.4.rSigma.R1","rSigma","2","R1","4",0.43129329123942,NA
"2340","slope.4.rSigma.R1","rSigma","2","R1","4",0.0783023821508744,NA
"2341","mean.4.rConnect.R1","rConnect","3","R1","4",0.273953766195845,NA
"2342","min.4.rConnect.R1","rConnect","3","R1","4",0.240128186783155,NA
"2343","max.4.rConnect.R1","rConnect","3","R1","4",0.295884325143239,NA
"2344","range.4.rConnect.R1","rConnect","3","R1","4",0.055756138360084,NA
"2345","slope.4.rConnect.R1","rConnect","3","R1","4",-0.00252586652892791,NA
"2346","mean.4.rTau1.R1","rTau1","4","R1","4",1028.34693575561,NA
"2347","min.4.rTau1.R1","rTau1","4","R1","4",871.143740978769,NA
"2348","max.4.rTau1.R1","rTau1","4","R1","4",1202.15831156243,NA
"2349","range.4.rTau1.R1","rTau1","4","R1","4",331.014570583661,NA
"2350","slope.4.rTau1.R1","rTau1","4","R1","4",66.2496839191277,NA
"2351","mean.4.rTau2.R1","rTau2","5","R1","4",1840245.72428316,NA
"2352","min.4.rTau2.R1","rTau2","5","R1","4",1636298.83358025,NA
"2353","max.4.rTau2.R1","rTau2","5","R1","4",2145610.04925608,NA
"2354","range.4.rTau2.R1","rTau2","5","R1","4",509311.21567583,NA
"2355","slope.4.rTau2.R1","rTau2","5","R1","4",-128481.52154641,NA
"2356","mean.4.rNPQ.R1","rNPQ","6","R1","4",0.666563889652419,NA
"2357","min.4.rNPQ.R1","rNPQ","6","R1","4",0.606601035184575,NA
"2358","max.4.rNPQ.R1","rNPQ","6","R1","4",0.767685942790492,NA
"2359","range.4.rNPQ.R1","rNPQ","6","R1","4",0.161084907605917,NA
"2360","slope.4.rNPQ.R1","rNPQ","6","R1","4",-0.0395108062587002,NA
"2361","mean.4.rqP.R1","rqP","7","R1","4",0.968024211965909,NA
"2362","min.4.rqP.R1","rqP","7","R1","4",0.9523440588362,NA
"2363","max.4.rqP.R1","rqP","7","R1","4",1,NA
"2364","range.4.rqP.R1","rqP","7","R1","4",0.0476559411638,NA
"2365","slope.4.rqP.R1","rqP","7","R1","4",-0.0117643635305696,NA
"2366","mean.4.rABQ.R1","rABQ","8","R1","4",-0.0782736073244543,NA
"2367","min.4.rABQ.R1","rABQ","8","R1","4",-0.128381653731399,NA
"2368","max.4.rABQ.R1","rABQ","8","R1","4",-0.0211975109805989,NA
"2369","range.4.rABQ.R1","rABQ","8","R1","4",0.1071841427508,NA
"2370","slope.4.rABQ.R1","rABQ","8","R1","4",-0.0194595507898311,NA
"2371","mean.4.rqm.R1","rqm","9","R1","4",0.411805770180698,NA
"2372","min.4.rqm.R1","rqm","9","R1","4",0.370926265153639,NA
"2373","max.4.rqm.R1","rqm","9","R1","4",0.463233227376607,NA
"2374","range.4.rqm.R1","rqm","9","R1","4",0.092306962222968,NA
"2375","slope.4.rqm.R1","rqm","9","R1","4",-0.0226639693068569,NA
"2376","mean.All.rQuant.All","rQuant","1","All","All",0.107211385571935,NA
"2377","min.All.rQuant.All","rQuant","1","All","All",0.0296993677981496,NA
"2378","max.All.rQuant.All","rQuant","1","All","All",0.373291345345592,NA
"2379","range.All.rQuant.All","rQuant","1","All","All",0.343591977547442,NA
"2380","slope.All.rQuant.All","rQuant","1","All","All",0.00257134046019794,NA
"2381","mean.All.rSigma.All","rSigma","2","All","All",4.17706146997145,NA
"2382","min.All.rSigma.All","rSigma","2","All","All",2.48714289770931,NA
"2383","max.All.rSigma.All","rSigma","2","All","All",5.84692370632398,NA
"2384","range.All.rSigma.All","rSigma","2","All","All",3.35978080861467,NA
"2385","slope.All.rSigma.All","rSigma","2","All","All",0.0366425587423429,NA
"2386","mean.All.rConnect.All","rConnect","3","All","All",0.301530060792858,NA
"2387","min.All.rConnect.All","rConnect","3","All","All",0.0607428379722547,NA
"2388","max.All.rConnect.All","rConnect","3","All","All",0.609926094163034,NA
"2389","range.All.rConnect.All","rConnect","3","All","All",0.549183256190779,NA
"2390","slope.All.rConnect.All","rConnect","3","All","All",-0.00422331523675711,NA
"2391","mean.All.rTau1.All","rTau1","4","All","All",1442.81854905567,NA
"2392","min.All.rTau1.All","rTau1","4","All","All",491.659065115425,NA
"2393","max.All.rTau1.All","rTau1","4","All","All",6222.38864282737,NA
"2394","range.All.rTau1.All","rTau1","4","All","All",5730.72957771195,NA
"2395","slope.All.rTau1.All","rTau1","4","All","All",-27.5206151775291,NA
"2396","mean.All.rTau2.All","rTau2","5","All","All",6435014.05718149,NA
"2397","min.All.rTau2.All","rTau2","5","All","All",705753.365259583,NA
"2398","max.All.rTau2.All","rTau2","5","All","All",22179383.918348,NA
"2399","range.All.rTau2.All","rTau2","5","All","All",21473630.5530884,NA
"2400","slope.All.rTau2.All","rTau2","5","All","All",-108047.193134099,NA
"2401","mean.All.rNPQ.All","rNPQ","6","All","All",0.408444805416367,NA
"2402","min.All.rNPQ.All","rNPQ","6","All","All",0.0737706587583062,NA
"2403","max.All.rNPQ.All","rNPQ","6","All","All",0.924045543842443,NA
"2404","range.All.rNPQ.All","rNPQ","6","All","All",0.850274885084137,NA
"2405","slope.All.rNPQ.All","rNPQ","6","All","All",0.0129180549130631,NA
"2406","mean.All.rqP.All","rqP","7","All","All",0.670494973032094,NA
"2407","min.All.rqP.All","rqP","7","All","All",0.226089901303133,NA
"2408","max.All.rqP.All","rqP","7","All","All",1.27108457567321,NA
"2409","range.All.rqP.All","rqP","7","All","All",1.04499467437008,NA
"2410","slope.All.rqP.All","rqP","7","All","All",0.0164806722010698,NA
"2411","mean.All.rABQ.All","rABQ","8","All","All",0.131416975306858,NA
"2412","min.All.rABQ.All","rABQ","8","All","All",-0.128381653731399,NA
"2413","max.All.rABQ.All","rABQ","8","All","All",0.482944649076528,NA
"2414","range.All.rABQ.All","rABQ","8","All","All",0.611326302807927,NA
"2415","slope.All.rABQ.All","rABQ","8","All","All",-0.00745009990470509,NA
"2416","mean.All.rqm.All","rqm","9","All","All",0.700298490370042,NA
"2417","min.All.rqm.All","rqm","9","All","All",0,NA
"2418","max.All.rqm.All","rqm","9","All","All",0.915323671787124,NA
"2419","range.All.rqm.All","rqm","9","All","All",0.915323671787124,NA
"2420","slope.All.rqm.All","rqm","9","All","All",-0.00718915276065487,NA
"2421","mean.All.rQuant.L1","rQuant","1","L1","All",0.0462832833318152,NA
"2422","min.All.rQuant.L1","rQuant","1","L1","All",0.0296993677981496,NA
"2423","max.All.rQuant.L1","rQuant","1","L1","All",0.0624625459664157,NA
"2424","range.All.rQuant.L1","rQuant","1","L1","All",0.0327631781682661,NA
"2425","slope.All.rQuant.L1","rQuant","1","L1","All",0.00210311817024243,NA
"2426","mean.All.rSigma.L1","rSigma","2","L1","All",3.48271220672608,NA
"2427","min.All.rSigma.L1","rSigma","2","L1","All",2.48714289770931,NA
"2428","max.All.rSigma.L1","rSigma","2","L1","All",4.25130534336186,NA
"2429","range.All.rSigma.L1","rSigma","2","L1","All",1.76416244565255,NA
"2430","slope.All.rSigma.L1","rSigma","2","L1","All",0.218610594827012,NA
"2431","mean.All.rConnect.L1","rConnect","3","L1","All",0.354140349360895,NA
"2432","min.All.rConnect.L1","rConnect","3","L1","All",0.0607428379722547,NA
"2433","max.All.rConnect.L1","rConnect","3","L1","All",0.609926094163034,NA
"2434","range.All.rConnect.L1","rConnect","3","L1","All",0.549183256190779,NA
"2435","slope.All.rConnect.L1","rConnect","3","L1","All",-0.0348704163880244,NA
"2436","mean.All.rTau1.L1","rTau1","4","L1","All",1877.46184041594,NA
"2437","min.All.rTau1.L1","rTau1","4","L1","All",744.359506649472,NA
"2438","max.All.rTau1.L1","rTau1","4","L1","All",6222.38864282737,NA
"2439","range.All.rTau1.L1","rTau1","4","L1","All",5478.0291361779,NA
"2440","slope.All.rTau1.L1","rTau1","4","L1","All",-360.738087743761,NA
"2441","mean.All.rTau2.L1","rTau2","5","L1","All",9148673.46861806,NA
"2442","min.All.rTau2.L1","rTau2","5","L1","All",2874981.14372964,NA
"2443","max.All.rTau2.L1","rTau2","5","L1","All",22179383.918348,NA
"2444","range.All.rTau2.L1","rTau2","5","L1","All",19304402.7746184,NA
"2445","slope.All.rTau2.L1","rTau2","5","L1","All",1105140.23738444,NA
"2446","mean.All.rNPQ.L1","rNPQ","6","L1","All",0.236740593954041,NA
"2447","min.All.rNPQ.L1","rNPQ","6","L1","All",0.0737706587583062,NA
"2448","max.All.rNPQ.L1","rNPQ","6","L1","All",0.387538035815529,NA
"2449","range.All.rNPQ.L1","rNPQ","6","L1","All",0.313767377057223,NA
"2450","slope.All.rNPQ.L1","rNPQ","6","L1","All",0.0355874070950049,NA
"2451","mean.All.rqP.L1","rqP","7","L1","All",0.429087514961479,NA
"2452","min.All.rqP.L1","rqP","7","L1","All",0.226089901303133,NA
"2453","max.All.rqP.L1","rqP","7","L1","All",0.596994015910461,NA
"2454","range.All.rqP.L1","rqP","7","L1","All",0.370904114607328,NA
"2455","slope.All.rqP.L1","rqP","7","L1","All",0.0458443894572285,NA
"2456","mean.All.rABQ.L1","rABQ","8","L1","All",0.272743471379411,NA
"2457","min.All.rABQ.L1","rABQ","8","L1","All",-0.0457727979556184,NA
"2458","max.All.rABQ.L1","rABQ","8","L1","All",0.482944649076528,NA
"2459","range.All.rABQ.L1","rABQ","8","L1","All",0.528717447032146,NA
"2460","slope.All.rABQ.L1","rABQ","8","L1","All",-0.0466316237228314,NA
"2461","mean.All.rqm.L1","rqm","9","L1","All",0.870648472446697,NA
"2462","min.All.rqm.L1","rqm","9","L1","All",0.82738010927242,NA
"2463","max.All.rqm.L1","rqm","9","L1","All",0.915323671787124,NA
"2464","range.All.rqm.L1","rqm","9","L1","All",0.087943562514704,NA
"2465","slope.All.rqm.L1","rqm","9","L1","All",-0.00586350583557684,NA
"2466","mean.All.rQuant.L2","rQuant","1","L2","All",0.118134702000918,NA
"2467","min.All.rQuant.L2","rQuant","1","L2","All",0.0923253846348723,NA
"2468","max.All.rQuant.L2","rQuant","1","L2","All",0.136810024187713,NA
"2469","range.All.rQuant.L2","rQuant","1","L2","All",0.0444846395528407,NA
"2470","slope.All.rQuant.L2","rQuant","1","L2","All",0.00717426172803896,NA
"2471","mean.All.rSigma.L2","rSigma","2","L2","All",4.93543904744801,NA
"2472","min.All.rSigma.L2","rSigma","2","L2","All",4.40708011086492,NA
"2473","max.All.rSigma.L2","rSigma","2","L2","All",5.84692370632398,NA
"2474","range.All.rSigma.L2","rSigma","2","L2","All",1.43984359545906,NA
"2475","slope.All.rSigma.L2","rSigma","2","L2","All",0.0566836924060972,NA
"2476","mean.All.rConnect.L2","rConnect","3","L2","All",0.24180914271771,NA
"2477","min.All.rConnect.L2","rConnect","3","L2","All",0.171298096636533,NA
"2478","max.All.rConnect.L2","rConnect","3","L2","All",0.33472672146007,NA
"2479","range.All.rConnect.L2","rConnect","3","L2","All",0.163428624823537,NA
"2480","slope.All.rConnect.L2","rConnect","3","L2","All",-0.00202971277685129,NA
"2481","mean.All.rTau1.L2","rTau1","4","L2","All",1476.34564094167,NA
"2482","min.All.rTau1.L2","rTau1","4","L2","All",1095.02560333662,NA
"2483","max.All.rTau1.L2","rTau1","4","L2","All",1813.92507056216,NA
"2484","range.All.rTau1.L2","rTau1","4","L2","All",718.89946722554,NA
"2485","slope.All.rTau1.L2","rTau1","4","L2","All",-2.24784770673732,NA
"2486","mean.All.rTau2.L2","rTau2","5","L2","All",3922840.50492759,NA
"2487","min.All.rTau2.L2","rTau2","5","L2","All",2917006.12613071,NA
"2488","max.All.rTau2.L2","rTau2","5","L2","All",5057102.61601261,NA
"2489","range.All.rTau2.L2","rTau2","5","L2","All",2140096.4898819,NA
"2490","slope.All.rTau2.L2","rTau2","5","L2","All",-313200.723755601,NA
"2491","mean.All.rNPQ.L2","rNPQ","6","L2","All",0.320317977748598,NA
"2492","min.All.rNPQ.L2","rNPQ","6","L2","All",0.225277394057721,NA
"2493","max.All.rNPQ.L2","rNPQ","6","L2","All",0.409426377163506,NA
"2494","range.All.rNPQ.L2","rNPQ","6","L2","All",0.184148983105785,NA
"2495","slope.All.rNPQ.L2","rNPQ","6","L2","All",-0.0149892489351325,NA
"2496","mean.All.rqP.L2","rqP","7","L2","All",0.632155168624425,NA
"2497","min.All.rqP.L2","rqP","7","L2","All",0.585037782871895,NA
"2498","max.All.rqP.L2","rqP","7","L2","All",0.676481724469585,NA
"2499","range.All.rqP.L2","rqP","7","L2","All",0.09144394159769,NA
"2500","slope.All.rqP.L2","rqP","7","L2","All",-0.00408308511144378,NA
"2501","mean.All.rABQ.L2","rABQ","8","L2","All",-0.025439972275938,NA
"2502","min.All.rABQ.L2","rABQ","8","L2","All",-0.123509715124758,NA
"2503","max.All.rABQ.L2","rABQ","8","L2","All",0.102333698485369,NA
"2504","range.All.rABQ.L2","rABQ","8","L2","All",0.225843413610127,NA
"2505","slope.All.rABQ.L2","rABQ","8","L2","All",-0.0111966151114311,NA
"2506","mean.All.rqm.L2","rqm","9","L2","All",0.669686485760377,NA
"2507","min.All.rqm.L2","rqm","9","L2","All",0.611568755867268,NA
"2508","max.All.rqm.L2","rqm","9","L2","All",0.746711208045961,NA
"2509","range.All.rqm.L2","rqm","9","L2","All",0.135142452178693,NA
"2510","slope.All.rqm.L2","rqm","9","L2","All",-0.0200370451983062,NA
"2511","mean.All.rQuant.L3","rQuant","1","L3","All",0.0532492517585305,NA
"2512","min.All.rQuant.L3","rQuant","1","L3","All",0.0472370621451224,NA
"2513","max.All.rQuant.L3","rQuant","1","L3","All",0.0600412862413449,NA
"2514","range.All.rQuant.L3","rQuant","1","L3","All",0.0128042240962225,NA
"2515","slope.All.rQuant.L3","rQuant","1","L3","All",0.00103485095616601,NA
"2516","mean.All.rSigma.L3","rSigma","2","L3","All",3.52522679867482,NA
"2517","min.All.rSigma.L3","rSigma","2","L3","All",2.98712958888315,NA
"2518","max.All.rSigma.L3","rSigma","2","L3","All",4.52402349644388,NA
"2519","range.All.rSigma.L3","rSigma","2","L3","All",1.53689390756073,NA
"2520","slope.All.rSigma.L3","rSigma","2","L3","All",-0.0154628176543992,NA
"2521","mean.All.rConnect.L3","rConnect","3","L3","All",0.335072350855889,NA
"2522","min.All.rConnect.L3","rConnect","3","L3","All",0.149950801511233,NA
"2523","max.All.rConnect.L3","rConnect","3","L3","All",0.493647729885514,NA
"2524","range.All.rConnect.L3","rConnect","3","L3","All",0.343696928374281,NA
"2525","slope.All.rConnect.L3","rConnect","3","L3","All",-0.00254246044209078,NA
"2526","mean.All.rTau1.L3","rTau1","4","L3","All",1203.49807830329,NA
"2527","min.All.rTau1.L3","rTau1","4","L3","All",766.076327962765,NA
"2528","max.All.rTau1.L3","rTau1","4","L3","All",1894.2875013637,NA
"2529","range.All.rTau1.L3","rTau1","4","L3","All",1128.21117340093,NA
"2530","slope.All.rTau1.L3","rTau1","4","L3","All",-37.5428202548567,NA
"2531","mean.All.rTau2.L3","rTau2","5","L3","All",10060731.68734,NA
"2532","min.All.rTau2.L3","rTau2","5","L3","All",5604530.54609039,NA
"2533","max.All.rTau2.L3","rTau2","5","L3","All",17080771.3028632,NA
"2534","range.All.rTau2.L3","rTau2","5","L3","All",11476240.7567728,NA
"2535","slope.All.rTau2.L3","rTau2","5","L3","All",126033.579116048,NA
"2536","mean.All.rNPQ.L3","rNPQ","6","L3","All",0.451736318441327,NA
"2537","min.All.rNPQ.L3","rNPQ","6","L3","All",0.20275895065293,NA
"2538","max.All.rNPQ.L3","rNPQ","6","L3","All",0.690837601052123,NA
"2539","range.All.rNPQ.L3","rNPQ","6","L3","All",0.488078650399193,NA
"2540","slope.All.rNPQ.L3","rNPQ","6","L3","All",0.0621119621982853,NA
"2541","mean.All.rqP.L3","rqP","7","L3","All",0.653361608357272,NA
"2542","min.All.rqP.L3","rqP","7","L3","All",0.425137540597257,NA
"2543","max.All.rqP.L3","rqP","7","L3","All",0.819179171163925,NA
"2544","range.All.rqP.L3","rqP","7","L3","All",0.394041630566668,NA
"2545","slope.All.rqP.L3","rqP","7","L3","All",0.0557153110540977,NA
"2546","mean.All.rABQ.L3","rABQ","8","L3","All",0.26552805556915,NA
"2547","min.All.rABQ.L3","rABQ","8","L3","All",0.127200080229154,NA
"2548","max.All.rABQ.L3","rABQ","8","L3","All",0.41890015702101,NA
"2549","range.All.rABQ.L3","rABQ","8","L3","All",0.291700076791856,NA
"2550","slope.All.rABQ.L3","rABQ","8","L3","All",0.00380885821633657,NA
"2551","mean.All.rqm.L3","rqm","9","L3","All",0.851103129217915,NA
"2552","min.All.rqm.L3","rqm","9","L3","All",0.829530682034997,NA
"2553","max.All.rqm.L3","rqm","9","L3","All",0.870639508674718,NA
"2554","range.All.rqm.L3","rqm","9","L3","All",0.0411088266397209,NA
"2555","slope.All.rqm.L3","rqm","9","L3","All",-0.00286851690484953,NA
"2556","mean.All.rQuant.R1","rQuant","1","R1","All",0.204827842110931,NA
"2557","min.All.rQuant.R1","rQuant","1","R1","All",0.178514598333876,NA
"2558","max.All.rQuant.R1","rQuant","1","R1","All",0.22230988229002,NA
"2559","range.All.rQuant.R1","rQuant","1","R1","All",0.043795283956144,NA
"2560","slope.All.rQuant.R1","rQuant","1","R1","All",0.00779574821283526,NA
"2561","mean.All.rSigma.R1","rSigma","2","R1","All",5.01934715760688,NA
"2562","min.All.rSigma.R1","rSigma","2","R1","All",4.10914921006849,NA
"2563","max.All.rSigma.R1","rSigma","2","R1","All",5.78618142737081,NA
"2564","range.All.rSigma.R1","rSigma","2","R1","All",1.67703221730232,NA
"2565","slope.All.rSigma.R1","rSigma","2","R1","All",0.0891994415683725,NA
"2566","mean.All.rConnect.R1","rConnect","3","R1","All",0.242395192432766,NA
"2567","min.All.rConnect.R1","rConnect","3","R1","All",0.188976289079162,NA
"2568","max.All.rConnect.R1","rConnect","3","R1","All",0.310600683361975,NA
"2569","range.All.rConnect.R1","rConnect","3","R1","All",0.121624394282813,NA
"2570","slope.All.rConnect.R1","rConnect","3","R1","All",-0.00539228673002876,NA
"2571","mean.All.rTau1.R1","rTau1","4","R1","All",1295.4739439048,NA
"2572","min.All.rTau1.R1","rTau1","4","R1","All",871.143740978769,NA
"2573","max.All.rTau1.R1","rTau1","4","R1","All",1784.94685595271,NA
"2574","range.All.rTau1.R1","rTau1","4","R1","All",913.803114973941,NA
"2575","slope.All.rTau1.R1","rTau1","4","R1","All",53.767294743599,NA
"2576","mean.All.rTau2.R1","rTau2","5","R1","All",1707601.87142513,NA
"2577","min.All.rTau2.R1","rTau2","5","R1","All",1454152.18080454,NA
"2578","max.All.rTau2.R1","rTau2","5","R1","All",2145610.04925608,NA
"2579","range.All.rTau2.R1","rTau2","5","R1","All",691457.86845154,NA
"2580","slope.All.rTau2.R1","rTau2","5","R1","All",-100500.891908916,NA
"2581","mean.All.rNPQ.R1","rNPQ","6","R1","All",0.606575021032126,NA
"2582","min.All.rNPQ.R1","rNPQ","6","R1","All",0.464542784050463,NA
"2583","max.All.rNPQ.R1","rNPQ","6","R1","All",0.767685942790492,NA
"2584","range.All.rNPQ.R1","rNPQ","6","R1","All",0.303143158740029,NA
"2585","slope.All.rNPQ.R1","rNPQ","6","R1","All",-0.038520059879725,NA
"2586","mean.All.rqP.R1","rqP","7","R1","All",0.963365994005879,NA
"2587","min.All.rqP.R1","rqP","7","R1","All",0.933553797983701,NA
"2588","max.All.rqP.R1","rqP","7","R1","All",1,NA
"2589","range.All.rqP.R1","rqP","7","R1","All",0.066446202016299,NA
"2590","slope.All.rqP.R1","rqP","7","R1","All",-0.0132381956808154,NA
"2591","mean.All.rABQ.R1","rABQ","8","R1","All",-0.0396838994011991,NA
"2592","min.All.rABQ.R1","rABQ","8","R1","All",-0.128381653731399,NA
"2593","max.All.rABQ.R1","rABQ","8","R1","All",0.0440701188201408,NA
"2594","range.All.rABQ.R1","rABQ","8","R1","All",0.17245177255154,NA
"2595","slope.All.rABQ.R1","rABQ","8","R1","All",-0.0183398094626013,NA
"2596","mean.All.rqm.R1","rqm","9","R1","All",0.42747612468131,NA
"2597","min.All.rqm.R1","rqm","9","R1","All",0.370926265153639,NA
"2598","max.All.rqm.R1","rqm","9","R1","All",0.491034259650106,NA
"2599","range.All.rqm.R1","rqm","9","R1","All",0.120107994496467,NA
"2600","slope.All.rqm.R1","rqm","9","R1","All",-0.0218354117457215,NA
"2601","DCompL1.qQuant.1","qQuant","99","99","1",0.867914547051299,NA
"2602","DCompL12.qQuant.1","qQuant","99","99","1",0.832670789866323,NA
"2603","DCompL2.qQuant.1","qQuant","99","99","1",0.746711208045961,NA
"2604","DCompL22.qQuant.1","qQuant","99","99","1",0.63758625573447,NA
"2605","DCompL3.qQuant.1","qQuant","99","99","1",0.866606916417867,NA
"2606","DCompL32.qQuant.1","qQuant","99","99","1",0.842306109533368,NA
"2607","DCompR1.qQuant.1","qQuant","99","99","1",0.480218150046293,NA
"2608","DCompR12.qQuant.1","qQuant","99","99","1",0.404460121934501,NA
"2609","L1CompL2.qQuant.1","qQuant","99","99","1",-0.917613077743021,NA
"2610","L1CompL22.qQuant.1","qQuant","99","99","1",-1.74378242399096,NA
"2611","L1CompL3.qQuant.1","qQuant","99","99","1",-0.00989988378160218,NA
"2612","L1CompL32.qQuant.1","qQuant","99","99","1",-0.193877803696345,NA
"2613","L1CompR1.qQuant.1","qQuant","99","99","1",-2.93519375790443,NA
"2614","L1CompR12.qQuant.1","qQuant","99","99","1",-3.5087469117193,NA
"2615","L12CompL2.qQuant.1","qQuant","99","99","1",-0.513715338473716,NA
"2616","L12CompL22.qQuant.1","qQuant","99","99","1",-1.16587255731382,NA
"2617","L12CompL3.qQuant.1","qQuant","99","99","1",0.202810534541058,NA
"2618","L12CompL32.qQuant.1","qQuant","99","99","1",0.0575830105176978,NA
"2619","L12CompR1.qQuant.1","qQuant","99","99","1",-2.10634257783479,NA
"2620","L12CompR12.qQuant.1","qQuant","99","99","1",-2.55909095363403,NA
"2621","L2CompL3.qQuant.1","qQuant","99","99","1",0.473355759040699,NA
"2622","L2CompL32.qQuant.1","qQuant","99","99","1",0.377414652855045,NA
"2623","L2CompR1.qQuant.1","qQuant","99","99","1",-1.05213126859567,NA
"2624","L2CompR12.qQuant.1","qQuant","99","99","1",-1.35122870408559,NA
"2625","L22CompL3.qQuant.1","qQuant","99","99","1",0.63193149903167,NA
"2626","L22CompL32.qQuant.1","qQuant","99","99","1",0.564878835414437,NA
"2627","L22CompR1.qQuant.1","qQuant","99","99","1",-0.434222234057653,NA
"2628","L22CompR12.qQuant.1","qQuant","99","99","1",-0.643259637606803,NA
"2629","L3CompR1.qQuant.1","qQuant","99","99","1",-2.89661769557689,NA
"2630","L3CompR12.qQuant.1","qQuant","99","99","1",-3.46454840140802,NA
"2631","L32CompR1.qQuant.1","qQuant","99","99","1",-2.29614450132229,NA
"2632","L32CompR12.qQuant.1","qQuant","99","99","1",-2.77655644301271,NA
"2633","DCompL1.qSigma.1","qSigma","99","99","1",0.418064720372103,NA
"2634","DCompL12.qSigma.1","qSigma","99","99","1",0.24981231656475,NA
"2635","DCompL2.qSigma.1","qSigma","99","99","1",0.00836119556225466,NA
"2636","DCompL22.qSigma.1","qSigma","99","99","1",-0.0744311778476018,NA
"2637","DCompL3.qSigma.1","qSigma","99","99","1",0.291685940176269,NA
"2638","DCompL32.qSigma.1","qSigma","99","99","1",0.293116760593301,NA
"2639","DCompR1.qSigma.1","qSigma","99","99","1",0.0077092924633716,NA
"2640","DCompR12.qSigma.1","qSigma","99","99","1",-0.0716628640872188,NA
"2641","L1CompL2.qSigma.1","qSigma","99","99","1",-0.704036237623921,NA
"2642","L1CompL22.qSigma.1","qSigma","99","99","1",-0.846306995744645,NA
"2643","L1CompL3.qSigma.1","qSigma","99","99","1",-0.217169820459491,NA
"2644","L1CompL32.qSigma.1","qSigma","99","99","1",-0.214711092715837,NA
"2645","L1CompR1.qSigma.1","qSigma","99","99","1",-0.70515647061495,NA
"2646","L1CompR12.qSigma.1","qSigma","99","99","1",-0.841549913888131,NA
"2647","L12CompL2.qSigma.1","qSigma","99","99","1",-0.32185428571267,NA
"2648","L12CompL22.qSigma.1","qSigma","99","99","1",-0.432216499379968,NA
"2649","L12CompL3.qSigma.1","qSigma","99","99","1",0.0558175301142938,NA
"2650","L12CompL32.qSigma.1","qSigma","99","99","1",0.0577248133830353,NA
"2651","L12CompR1.qSigma.1","qSigma","99","99","1",-0.322723272385309,NA
"2652","L12CompR12.qSigma.1","qSigma","99","99","1",-0.428526337809058,NA
"2653","L2CompL3.qSigma.1","qSigma","99","99","1",0.285713652336002,NA
"2654","L2CompL32.qSigma.1","qSigma","99","99","1",0.287156536993832,NA
"2655","L2CompR1.qSigma.1","qSigma","99","99","1",-0.000657399746728034,NA
"2656","L2CompR12.qSigma.1","qSigma","99","99","1",-0.0806987980818749,NA
"2657","L22CompL3.qSigma.1","qSigma","99","99","1",0.340754368983698,NA
"2658","L22CompL32.qSigma.1","qSigma","99","99","1",0.342086069372269,NA
"2659","L22CompR1.qSigma.1","qSigma","99","99","1",0.0764501924409199,NA
"2660","L22CompR12.qSigma.1","qSigma","99","99","1",0.00257653893284145,NA
"2661","L3CompR1.qSigma.1","qSigma","99","99","1",-0.400919117408974,NA
"2662","L3CompR12.qSigma.1","qSigma","99","99","1",-0.51297697571316,NA
"2663","L32CompR1.qSigma.1","qSigma","99","99","1",-0.403754753570728,NA
"2664","L32CompR12.qSigma.1","qSigma","99","99","1",-0.516039431047604,NA
"2665","DCompL1.qConnect.1","qConnect","99","99","1",-0.615584669860918,NA
"2666","DCompL12.qConnect.1","qConnect","99","99","1",-0.00761731283416526,NA
"2667","DCompL2.qConnect.1","qConnect","99","99","1",0.183472758999936,NA
"2668","DCompL22.qConnect.1","qConnect","99","99","1",0.297450630970989,NA
"2669","DCompL3.qConnect.1","qConnect","99","99","1",0.0245735520799769,NA
"2670","DCompL32.qConnect.1","qConnect","99","99","1",0.0424826967176318,NA
"2671","DCompR1.qConnect.1","qConnect","99","99","1",0.263250741973831,NA
"2672","DCompR12.qConnect.1","qConnect","99","99","1",0.215187586959407,NA
"2673","L1CompL2.qConnect.1","qConnect","99","99","1",0.494593346772499,NA
"2674","L1CompL22.qConnect.1","qConnect","99","99","1",0.56514234002388,NA
"2675","L1CompL3.qConnect.1","qConnect","99","99","1",0.396239351538291,NA
"2676","L1CompL32.qConnect.1","qConnect","99","99","1",0.407324592053229,NA
"2677","L1CompR1.qConnect.1","qConnect","99","99","1",0.543973601773781,NA
"2678","L1CompR12.qConnect.1","qConnect","99","99","1",0.514223904397313,NA
"2679","L12CompL2.qConnect.1","qConnect","99","99","1",0.189645482863543,NA
"2680","L12CompL22.qConnect.1","qConnect","99","99","1",0.302761713122095,NA
"2681","L12CompL3.qConnect.1","qConnect","99","99","1",0.0319475107306341,NA
"2682","L12CompL32.qConnect.1","qConnect","99","99","1",0.0497212671057416,NA
"2683","L12CompR1.qConnect.1","qConnect","99","99","1",0.2688203659841,NA
"2684","L12CompR12.qConnect.1","qConnect","99","99","1",0.221120555349412,NA
"2685","L2CompL3.qConnect.1","qConnect","99","99","1",-0.194603681226046,NA
"2686","L2CompL32.qConnect.1","qConnect","99","99","1",-0.172670371792645,NA
"2687","L2CompR1.qConnect.1","qConnect","99","99","1",0.0977040066369185,NA
"2688","L2CompR12.qConnect.1","qConnect","99","99","1",0.0388411143768186,NA
"2689","L22CompL3.qConnect.1","qConnect","99","99","1",-0.388409827010667,NA
"2690","L22CompL32.qConnect.1","qConnect","99","99","1",-0.362918174143044,NA
"2691","L22CompR1.qConnect.1","qConnect","99","99","1",-0.0486796949863112,NA
"2692","L22CompR12.qConnect.1","qConnect","99","99","1",-0.117092189727928,NA
"2693","L3CompR1.qConnect.1","qConnect","99","99","1",0.2446900946789,NA
"2694","L3CompR12.qConnect.1","qConnect","99","99","1",0.195416102655297,NA
"2695","L32CompR1.qConnect.1","qConnect","99","99","1",0.230562982516772,NA
"2696","L32CompR12.qConnect.1","qConnect","99","99","1",0.180367383074691,NA
"2697","DCompL1.qTau1.1","qTau1","99","99","1",-7.33999348910026,NA
"2698","DCompL12.qTau1.1","qTau1","99","99","1",-1.43925757891401,NA
"2699","DCompL2.qTau1.1","qTau1","99","99","1",-1.36257987674631,NA
"2700","DCompL22.qTau1.1","qTau1","99","99","1",-1.29203443955347,NA
"2701","DCompL3.qTau1.1","qTau1","99","99","1",-1.09614556369324,NA
"2702","DCompL32.qTau1.1","qTau1","99","99","1",-0.74613196141246,NA
"2703","DCompR1.qTau1.1","qTau1","99","99","1",-1.28877684396697,NA
"2704","DCompR12.qTau1.1","qTau1","99","99","1",-1.12567437088397,NA
"2705","L1CompL2.qTau1.1","qTau1","99","99","1",0.716716820003034,NA
"2706","L1CompL22.qTau1.1","qTau1","99","99","1",0.725175512121324,NA
"2707","L1CompL3.qTau1.1","qTau1","99","99","1",0.748663405261317,NA
"2708","L1CompL32.qTau1.1","qTau1","99","99","1",0.790631495852542,NA
"2709","L1CompR1.qTau1.1","qTau1","99","99","1",0.725566111417445,NA
"2710","L1CompR12.qTau1.1","qTau1","99","99","1",0.745122778133812,NA
"2711","L12CompL2.qTau1.1","qTau1","99","99","1",0.031434852485661,NA
"2712","L12CompL22.qTau1.1","qTau1","99","99","1",0.0603557166874022,NA
"2713","L12CompL3.qTau1.1","qTau1","99","99","1",0.140662477873092,NA
"2714","L12CompL32.qTau1.1","qTau1","99","99","1",0.284154335931237,NA
"2715","L12CompR1.qTau1.1","qTau1","99","99","1",0.0616912031955349,NA
"2716","L12CompR12.qTau1.1","qTau1","99","99","1",0.128556824314408,NA
"2717","L2CompL3.qTau1.1","qTau1","99","99","1",0.11277261593373,NA
"2718","L2CompL32.qTau1.1","qTau1","99","99","1",0.260921512707884,NA
"2719","L2CompR1.qTau1.1","qTau1","99","99","1",0.0312383227783095,NA
"2720","L2CompR12.qTau1.1","qTau1","99","99","1",0.100274072506113,NA
"2721","L22CompL3.qTau1.1","qTau1","99","99","1",0.0854650665277057,NA
"2722","L22CompL32.qTau1.1","qTau1","99","99","1",0.238173767688833,NA
"2723","L22CompR1.qTau1.1","qTau1","99","99","1",0.00142126816695419,NA
"2724","L22CompR12.qTau1.1","qTau1","99","99","1",0.0725818363802219,NA
"2725","L3CompR1.qTau1.1","qTau1","99","99","1",-0.0918978546195662,NA
"2726","L3CompR12.qTau1.1","qTau1","99","99","1",-0.0140871930376339,NA
"2727","L32CompR1.qTau1.1","qTau1","99","99","1",-0.310769686682537,NA
"2728","L32CompR12.qTau1.1","qTau1","99","99","1",-0.217361813344562,NA
"2729","DCompL1.qTau2.1","qTau2","99","99","1",-5.1224100678919,NA
"2730","DCompL12.qTau2.1","qTau2","99","99","1",-9.96967514424857,NA
"2731","DCompL2.qTau2.1","qTau2","99","99","1",-5.0571388248403,NA
"2732","DCompL22.qTau2.1","qTau2","99","99","1",-2.87568812052142,NA
"2733","DCompL3.qTau2.1","qTau2","99","99","1",-8.56024392660687,NA
"2734","DCompL32.qTau2.1","qTau2","99","99","1",-9.75272327209476,NA
"2735","DCompR1.qTau2.1","qTau2","99","99","1",-1.80315173397302,NA
"2736","DCompR12.qTau2.1","qTau2","99","99","1",-0.932063248715281,NA
"2737","L1CompL2.qTau2.1","qTau2","99","99","1",0.0106610374554802,NA
"2738","L1CompL22.qTau2.1","qTau2","99","99","1",0.366966917023917,NA
"2739","L1CompL3.qTau2.1","qTau2","99","99","1",-0.561516432351402,NA
"2740","L1CompL32.qTau2.1","qTau2","99","99","1",-0.756289296675154,NA
"2741","L1CompR1.qTau2.1","qTau2","99","99","1",0.542148973543319,NA
"2742","L1CompR12.qTau2.1","qTau2","99","99","1",0.684427663732015,NA
"2743","L12CompL2.qTau2.1","qTau2","99","99","1",0.447828787526487,NA
"2744","L12CompL22.qTau2.1","qTau2","99","99","1",0.646690711478958,NA
"2745","L12CompL3.qTau2.1","qTau2","99","99","1",0.128484316910759,NA
"2746","L12CompL32.qTau2.1","qTau2","99","99","1",0.0197774199601132,NA
"2747","L12CompR1.qTau2.1","qTau2","99","99","1",0.744463560031427,NA
"2748","L12CompR12.qTau2.1","qTau2","99","99","1",0.823872336845976,NA
"2749","L2CompL3.qTau2.1","qTau2","99","99","1",-0.578343208413905,NA
"2750","L2CompL32.qTau2.1","qTau2","99","99","1",-0.775214929530406,NA
"2751","L2CompR1.qTau2.1","qTau2","99","99","1",0.537215207537045,NA
"2752","L2CompR12.qTau2.1","qTau2","99","99","1",0.681027081500609,NA
"2753","L22CompL3.qTau2.1","qTau2","99","99","1",-1.46672168381822,NA
"2754","L22CompL32.qTau2.1","qTau2","99","99","1",-1.77440365109877,NA
"2755","L22CompR1.qTau2.1","qTau2","99","99","1",0.276734441264615,NA
"2756","L22CompR12.qTau2.1","qTau2","99","99","1",0.501491557464292,NA
"2757","L3CompR1.qTau2.1","qTau2","99","99","1",0.706790772757205,NA
"2758","L3CompR12.qTau2.1","qTau2","99","99","1",0.797906490300085,NA
"2759","L32CompR1.qTau2.1","qTau2","99","99","1",0.739307739719509,NA
"2760","L32CompR12.qTau2.1","qTau2","99","99","1",0.820318704403997,NA
"2761","DCompL1.qNPQ.1","qNPQ","99","99","1",0.848255369252457,NA
"2762","DCompL12.qNPQ.1","qNPQ","99","99","1",0.599388952592749,NA
"2763","DCompL2.qNPQ.1","qNPQ","99","99","1",0.555539510945291,NA
"2764","DCompL22.qNPQ.1","qNPQ","99","99","1",0.656465936213503,NA
"2765","DCompL3.qNPQ.1","qNPQ","99","99","1",0.683792784071623,NA
"2766","DCompL32.qNPQ.1","qNPQ","99","99","1",0.24543825072555,NA
"2767","DCompR1.qNPQ.1","qNPQ","99","99","1",0.139066524557787,NA
"2768","DCompR12.qNPQ.1","qNPQ","99","99","1",0.331490704568304,NA
"2769","L1CompL2.qNPQ.1","qNPQ","99","99","1",-1.92900306828093,NA
"2770","L1CompL22.qNPQ.1","qNPQ","99","99","1",-1.26389600801121,NA
"2771","L1CompL3.qNPQ.1","qNPQ","99","99","1",-1.08381156137544,NA
"2772","L1CompL32.qNPQ.1","qNPQ","99","99","1",-3.97257626551421,NA
"2773","L1CompR1.qNPQ.1","qNPQ","99","99","1",-4.67356796218079,NA
"2774","L1CompR12.qNPQ.1","qNPQ","99","99","1",-3.40548895956585,NA
"2775","L12CompL2.qNPQ.1","qNPQ","99","99","1",-0.109456396500425,NA
"2776","L12CompL22.qNPQ.1","qNPQ","99","99","1",0.142474811890874,NA
"2777","L12CompL3.qNPQ.1","qNPQ","99","99","1",0.21068772822201,NA
"2778","L12CompL32.qNPQ.1","qNPQ","99","99","1",-0.88352706236626,NA
"2779","L12CompR1.qNPQ.1","qNPQ","99","99","1",-1.14905075886989,NA
"2780","L12CompR12.qNPQ.1","qNPQ","99","99","1",-0.668724064796213,NA
"2781","L2CompL3.qNPQ.1","qNPQ","99","99","1",0.288559447430535,NA
"2782","L2CompL32.qNPQ.1","qNPQ","99","99","1",-0.697702648168507,NA
"2783","L2CompR1.qNPQ.1","qNPQ","99","99","1",-0.937030392225121,NA
"2784","L2CompR12.qNPQ.1","qNPQ","99","99","1",-0.504091616452792,NA
"2785","L22CompL3.qNPQ.1","qNPQ","99","99","1",0.0795462538908606,NA
"2786","L22CompL32.qNPQ.1","qNPQ","99","99","1",-1.19646849851665,NA
"2787","L22CompR1.qNPQ.1","qNPQ","99","99","1",-1.50610802885991,NA
"2788","L22CompR12.qNPQ.1","qNPQ","99","99","1",-0.94597673390307,NA
"2789","L3CompR1.qNPQ.1","qNPQ","99","99","1",-1.7226876303709,NA
"2790","L3CompR12.qNPQ.1","qNPQ","99","99","1",-1.11414939873832,NA
"2791","L32CompR1.qNPQ.1","qNPQ","99","99","1",-0.14097153250883,NA
"2792","L32CompR12.qNPQ.1","qNPQ","99","99","1",0.114042957949429,NA
"2793","DCompL1.qqP.1","qqP","99","99","1",0.766381965987539,NA
"2794","DCompL12.qqP.1","qqP","99","99","1",0.554926689062121,NA
"2795","DCompL2.qqP.1","qqP","99","99","1",0.490435258134575,NA
"2796","DCompL22.qqP.1","qqP","99","99","1",0.506355868760652,NA
"2797","DCompL3.qqP.1","qqP","99","99","1",0.629148913389763,NA
"2798","DCompL32.qqP.1","qqP","99","99","1",0.366009110354822,NA
"2799","DCompR1.qqP.1","qqP","99","99","1",0.197930425274366,NA
"2800","DCompR12.qqP.1","qqP","99","99","1",0.243117218080108,NA
"2801","L1CompL2.qqP.1","qqP","99","99","1",-1.18118752697939,NA
"2802","L1CompL22.qqP.1","qqP","99","99","1",-1.11303948912188,NA
"2803","L1CompL3.qqP.1","qqP","99","99","1",-0.587424909972732,NA
"2804","L1CompL32.qqP.1","qqP","99","99","1",-1.7137925902217,NA
"2805","L1CompR1.qqP.1","qqP","99","99","1",-2.43325196668187,NA
"2806","L1CompR12.qqP.1","qqP","99","99","1",-2.23983028587391,NA
"2807","L12CompL2.qqP.1","qqP","99","99","1",-0.144900692408733,NA
"2808","L12CompL22.qqP.1","qqP","99","99","1",-0.1091299323231,NA
"2809","L12CompL3.qqP.1","qqP","99","99","1",0.166764042020937,NA
"2810","L12CompL32.qqP.1","qqP","99","99","1",-0.424463956980937,NA
"2811","L12CompR1.qqP.1","qqP","99","99","1",-0.802106653026387,NA
"2812","L12CompR12.qqP.1","qqP","99","99","1",-0.700580024277245,NA
"2813","L2CompL3.qqP.1","qqP","99","99","1",0.272219884655642,NA
"2814","L2CompL32.qqP.1","qqP","99","99","1",-0.244181234604755,NA
"2815","L2CompR1.qqP.1","qqP","99","99","1",-0.574028791296276,NA
"2816","L2CompR12.qqP.1","qqP","99","99","1",-0.485351555425676,NA
"2817","L22CompL3.qqP.1","qqP","99","99","1",0.248748109940708,NA
"2818","L22CompL32.qqP.1","qqP","99","99","1",-0.284307559888282,NA
"2819","L22CompR1.qqP.1","qqP","99","99","1",-0.624793092773026,NA
"2820","L22CompR12.qqP.1","qqP","99","99","1",-0.533255910527397,NA
"2821","L3CompR1.qqP.1","qqP","99","99","1",-1.16278070547655,NA
"2822","L3CompR12.qqP.1","qqP","99","99","1",-1.04093451319821,NA
"2823","L32CompR1.qqP.1","qqP","99","99","1",-0.26511214565642,NA
"2824","L32CompR12.qqP.1","qqP","99","99","1",-0.193838577622925,NA
"2825","DCompL1.qABQ.1","qABQ","99","99","1",0,NA
"2826","DCompL12.qABQ.1","qABQ","99","99","1",0,NA
"2827","DCompL2.qABQ.1","qABQ","99","99","1",0,NA
"2828","DCompL22.qABQ.1","qABQ","99","99","1",1,NA
"2829","DCompL3.qABQ.1","qABQ","99","99","1",0,NA
"2830","DCompL32.qABQ.1","qABQ","99","99","1",0,NA
"2831","DCompR1.qABQ.1","qABQ","99","99","1",0,NA
"2832","DCompR12.qABQ.1","qABQ","99","99","1",1,NA
"2833","L1CompL2.qABQ.1","qABQ","99","99","1",0.980000236435133,NA
"2834","L1CompL22.qABQ.1","qABQ","99","99","1",1.1780374526254,NA
"2835","L1CompL3.qABQ.1","qABQ","99","99","1",0.30229477408031,NA
"2836","L1CompL32.qABQ.1","qABQ","99","99","1",0.298872288643707,NA
"2837","L1CompR1.qABQ.1","qABQ","99","99","1",0.981559571789485,NA
"2838","L1CompR12.qABQ.1","qABQ","99","99","1",1.17141571769901,NA
"2839","L12CompL2.qABQ.1","qABQ","99","99","1",0.966530090760808,NA
"2840","L12CompL22.qABQ.1","qABQ","99","99","1",1.29794839130083,NA
"2841","L12CompL3.qABQ.1","qABQ","99","99","1",-0.167620332685509,NA
"2842","L12CompL32.qABQ.1","qABQ","99","99","1",-0.173347914242362,NA
"2843","L12CompR1.qABQ.1","qABQ","99","99","1",0.969139662249709,NA
"2844","L12CompR12.qABQ.1","qABQ","99","99","1",1.28686681694753,NA
"2845","L2CompL3.qABQ.1","qABQ","99","99","1",-33.8856737059294,NA
"2846","L2CompL32.qABQ.1","qABQ","99","99","1",-34.056800000773,NA
"2847","L2CompR1.qABQ.1","qABQ","99","99","1",0.0779676894326527,NA
"2848","L2CompR12.qABQ.1","qABQ","99","99","1",9.57088720789316,NA
"2849","L22CompL3.qABQ.1","qABQ","99","99","1",4.91886771929768,NA
"2850","L22CompL32.qABQ.1","qABQ","99","99","1",4.93809112081312,NA
"2851","L22CompR1.qABQ.1","qABQ","99","99","1",1.10357611805036,NA
"2852","L22CompR12.qABQ.1","qABQ","99","99","1",0.0371929323226721,NA
"2853","L3CompR1.qABQ.1","qABQ","99","99","1",0.973569886643449,NA
"2854","L3CompR12.qABQ.1","qABQ","99","99","1",1.24568501328488,NA
"2855","L32CompR1.qABQ.1","qABQ","99","99","1",0.973698902622401,NA
"2856","L32CompR12.qABQ.1","qABQ","99","99","1",1.24448572624153,NA
"2857","DCompL1.qqm.1","qqm","99","99","1",0,NA
"2858","DCompL12.qqm.1","qqm","99","99","1",0,NA
"2859","DCompL2.qqm.1","qqm","99","99","1",0,NA
"2860","DCompL22.qqm.1","qqm","99","99","1",0,NA
"2861","DCompL3.qqm.1","qqm","99","99","1",0,NA
"2862","DCompL32.qqm.1","qqm","99","99","1",0,NA
"2863","DCompR1.qqm.1","qqm","99","99","1",0,NA
"2864","DCompR12.qqm.1","qqm","99","99","1",0,NA
"2865","L1CompL2.qqm.1","qqm","99","99","1",0.139648931357495,NA
"2866","L1CompL22.qqm.1","qqm","99","99","1",0.265381300612322,NA
"2867","L1CompL3.qqm.1","qqm","99","99","1",0.00150663523024772,NA
"2868","L1CompL32.qqm.1","qqm","99","99","1",0.0295057129816921,NA
"2869","L1CompR1.qqm.1","qqm","99","99","1",0.446698811907448,NA
"2870","L1CompR12.qqm.1","qqm","99","99","1",0.533986239418804,NA
"2871","L12CompL2.qqm.1","qqm","99","99","1",0.103233574260677,NA
"2872","L12CompL22.qqm.1","qqm","99","99","1",0.234287711909734,NA
"2873","L12CompL3.qqm.1","qqm","99","99","1",-0.0407557548127659,NA
"2874","L12CompL32.qqm.1","qqm","99","99","1",-0.0115715836130049,NA
"2875","L12CompR1.qqm.1","qqm","99","99","1",0.423279697221771,NA
"2876","L12CompR12.qqm.1","qqm","99","99","1",0.514261666367049,NA
"2877","L2CompL3.qqm.1","qqm","99","99","1",-0.160565031139222,NA
"2878","L2CompL32.qqm.1","qqm","99","99","1",-0.128021248988033,NA
"2879","L2CompR1.qqm.1","qqm","99","99","1",0.356889055806519,NA
"2880","L2CompR12.qqm.1","qqm","99","99","1",0.458344648404412,NA
"2881","L22CompL3.qqm.1","qqm","99","99","1",-0.359199494379901,NA
"2882","L22CompL32.qqm.1","qqm","99","99","1",-0.321085738529713,NA
"2883","L22CompR1.qqm.1","qqm","99","99","1",0.24681853517513,NA
"2884","L22CompR12.qqm.1","qqm","99","99","1",0.365638580981359,NA
"2885","L3CompR1.qqm.1","qqm","99","99","1",0.445863930983517,NA
"2886","L3CompR12.qqm.1","qqm","99","99","1",0.533283067245363,NA
"2887","L32CompR1.qqm.1","qqm","99","99","1",0.42987692406466,NA
"2888","L32CompR12.qqm.1","qqm","99","99","1",0.519818131013475,NA
"2889","DCompL1.qQuant.2","qQuant","99","99","2",0.867182704233647,NA
"2890","DCompL12.qQuant.2","qQuant","99","99","2",0.857910718969511,NA
"2891","DCompL2.qQuant.2","qQuant","99","99","2",0.736769663756629,NA
"2892","DCompL22.qQuant.2","qQuant","99","99","2",0.626554259846888,NA
"2893","DCompL3.qQuant.2","qQuant","99","99","2",0.855328949459974,NA
"2894","DCompL32.qQuant.2","qQuant","99","99","2",0.846664539690974,NA
"2895","DCompR1.qQuant.2","qQuant","99","99","2",0.491034259650105,NA
"2896","DCompR12.qQuant.2","qQuant","99","99","2",0.391929045623725,NA
"2897","L1CompL2.qQuant.2","qQuant","99","99","2",-0.981898025588749,NA
"2898","L1CompL22.qQuant.2","qQuant","99","99","2",-1.81172521995979,NA
"2899","L1CompL3.qQuant.2","qQuant","99","99","2",-0.0892485779451933,NA
"2900","L1CompL32.qQuant.2","qQuant","99","99","2",-0.154484131183998,NA
"2901","L1CompR1.qQuant.2","qQuant","99","99","2",-2.83207425970521,NA
"2902","L1CompR12.qQuant.2","qQuant","99","99","2",-3.57825128020955,NA
"2903","L12CompL2.qQuant.2","qQuant","99","99","2",-0.852569978075188,NA
"2904","L12CompL22.qQuant.2","qQuant","99","99","2",-1.62824709538069,NA
"2905","L12CompL3.qQuant.2","qQuant","99","99","2",-0.0181700511876284,NA
"2906","L12CompL32.qQuant.2","qQuant","99","99","2",-0.0791486817089611,NA
"2907","L12CompR1.qQuant.2","qQuant","99","99","2",-2.58201362311548,NA
"2908","L12CompR12.qQuant.2","qQuant","99","99","2",-3.27949912876116,NA
"2909","L2CompL3.qQuant.2","qQuant","99","99","2",0.450401300227534,NA
"2910","L2CompL32.qQuant.2","qQuant","99","99","2",0.417485604063285,NA
"2911","L2CompR1.qQuant.2","qQuant","99","99","2",-0.933537553511032,NA
"2912","L2CompR12.qQuant.2","qQuant","99","99","2",-1.31003372580157,NA
"2913","L22CompL3.qQuant.2","qQuant","99","99","2",0.612604898155456,NA
"2914","L22CompL32.qQuant.2","qQuant","99","99","2",0.589403643361527,NA
"2915","L22CompR1.qQuant.2","qQuant","99","99","2",-0.36289073786521,NA
"2916","L22CompR12.qQuant.2","qQuant","99","99","2",-0.628271229247298,NA
"2917","L3CompR1.qQuant.2","qQuant","99","99","2",-2.51808975223471,NA
"2918","L3CompR12.qQuant.2","qQuant","99","99","2",-3.20312807646365,NA
"2919","L32CompR1.qQuant.2","qQuant","99","99","2",-2.3192957410122,NA
"2920","L32CompR12.qQuant.2","qQuant","99","99","2",-2.96562512774797,NA
"2921","DCompL1.qSigma.2","qSigma","99","99","2",0.446707435871681,NA
"2922","DCompL12.qSigma.2","qSigma","99","99","2",0.255220829755734,NA
"2923","DCompL2.qSigma.2","qSigma","99","99","2",0.102333698485369,NA
"2924","DCompL22.qSigma.2","qSigma","99","99","2",0.0278067331972445,NA
"2925","DCompL3.qSigma.2","qSigma","99","99","2",0.289011357754891,NA
"2926","DCompL32.qSigma.2","qSigma","99","99","2",0.342500166798133,NA
"2927","DCompR1.qSigma.2","qSigma","99","99","2",0.0440701188201413,NA
"2928","DCompR12.qSigma.2","qSigma","99","99","2",-0.0500132223466462,NA
"2929","L1CompL2.qSigma.2","qSigma","99","99","2",-0.622408034579054,NA
"2930","L1CompL22.qSigma.2","qSigma","99","99","2",-0.7571052456387,NA
"2931","L1CompL3.qSigma.2","qSigma","99","99","2",-0.285013911880835,NA
"2932","L1CompL32.qSigma.2","qSigma","99","99","2",-0.18834026666836,NA
"2933","L1CompR1.qSigma.2","qSigma","99","99","2",-0.727711419158276,NA
"2934","L1CompR12.qSigma.2","qSigma","99","99","2",-0.897754082419096,NA
"2935","L12CompL2.qSigma.2","qSigma","99","99","2",-0.205278473645043,NA
"2936","L12CompL22.qSigma.2","qSigma","99","99","2",-0.305344329761403,NA
"2937","L12CompL3.qSigma.2","qSigma","99","99","2",0.0453698617646294,NA
"2938","L12CompL32.qSigma.2","qSigma","99","99","2",0.117188208974446,NA
"2939","L12CompR1.qSigma.2","qSigma","99","99","2",-0.283507809256187,NA
"2940","L12CompR12.qSigma.2","qSigma","99","99","2",-0.409831617608575,NA
"2941","L2CompL3.qSigma.2","qSigma","99","99","2",0.207958858380382,NA
"2942","L2CompL32.qSigma.2","qSigma","99","99","2",0.267545376168774,NA
"2943","L2CompR1.qSigma.2","qSigma","99","99","2",-0.06490561087892,NA
"2944","L2CompR12.qSigma.2","qSigma","99","99","2",-0.169714425700242,NA
"2945","L22CompL3.qSigma.2","qSigma","99","99","2",0.268675615720595,NA
"2946","L22CompL32.qSigma.2","qSigma","99","99","2",0.323694315057148,NA
"2947","L22CompR1.qSigma.2","qSigma","99","99","2",0.0167285520052839,NA
"2948","L22CompR12.qSigma.2","qSigma","99","99","2",-0.0800457668255785,NA
"2949","L3CompR1.qSigma.2","qSigma","99","99","2",-0.344507949045842,NA
"2950","L3CompR12.qSigma.2","qSigma","99","99","2",-0.47683543724551,NA
"2951","L32CompR1.qSigma.2","qSigma","99","99","2",-0.453886119673535,NA
"2952","L32CompR12.qSigma.2","qSigma","99","99","2",-0.596978690068001,NA
"2953","DCompL1.qConnect.2","qConnect","99","99","2",-0.166189344829989,NA
"2954","DCompL12.qConnect.2","qConnect","99","99","2",0.0352108068175285,NA
"2955","DCompL2.qConnect.2","qConnect","99","99","2",0.32019781559389,NA
"2956","DCompL22.qConnect.2","qConnect","99","99","2",0.314537878384344,NA
"2957","DCompL3.qConnect.2","qConnect","99","99","2",0.0657857403617476,NA
"2958","DCompL32.qConnect.2","qConnect","99","99","2",-0.100160961448708,NA
"2959","DCompR1.qConnect.2","qConnect","99","99","2",0.399696727334058,NA
"2960","DCompR12.qConnect.2","qConnect","99","99","2",0.393932796870686,NA
"2961","L1CompL2.qConnect.2","qConnect","99","99","2",0.417073919068251,NA
"2962","L1CompL22.qConnect.2","qConnect","99","99","2",0.412220558647288,NA
"2963","L1CompL3.qConnect.2","qConnect","99","99","2",0.19891717088665,NA
"2964","L1CompL32.qConnect.2","qConnect","99","99","2",0.0566189218534724,NA
"2965","L1CompR1.qConnect.2","qConnect","99","99","2",0.485243733938029,NA
"2966","L1CompR12.qConnect.2","qConnect","99","99","2",0.480301199958512,NA
"2967","L12CompL2.qConnect.2","qConnect","99","99","2",0.295387853419355,NA
"2968","L12CompL22.qConnect.2","qConnect","99","99","2",0.289521351960237,NA
"2969","L12CompL3.qConnect.2","qConnect","99","99","2",0.0316907918955478,NA
"2970","L12CompL32.qConnect.2","qConnect","99","99","2",-0.140312276736534,NA
"2971","L12CompR1.qConnect.2","qConnect","99","99","2",0.377788145941218,NA
"2972","L12CompR12.qConnect.2","qConnect","99","99","2",0.371813855905528,NA
"2973","L2CompL3.qConnect.2","qConnect","99","99","2",-0.374244274390501,NA
"2974","L2CompL32.qConnect.2","qConnect","99","99","2",-0.618354554729523,NA
"2975","L2CompR1.qConnect.2","qConnect","99","99","2",0.11694418400497,NA
"2976","L2CompR12.qConnect.2","qConnect","99","99","2",0.108465349138607,NA
"2977","L22CompL3.qConnect.2","qConnect","99","99","2",-0.362896986103739,NA
"2978","L22CompL32.qConnect.2","qConnect","99","99","2",-0.604991620624628,NA
"2979","L22CompR1.qConnect.2","qConnect","99","99","2",0.124235674392908,NA
"2980","L22CompR12.qConnect.2","qConnect","99","99","2",0.11582685021195,NA
"2981","L3CompR1.qConnect.2","qConnect","99","99","2",0.357424416858728,NA
"2982","L3CompR12.qConnect.2","qConnect","99","99","2",0.351254600455364,NA
"2983","L32CompR1.qConnect.2","qConnect","99","99","2",0.454349596375922,NA
"2984","L32CompR12.qConnect.2","qConnect","99","99","2",0.449110426231416,NA
"2985","DCompL1.qTau1.2","qTau1","99","99","2",-7.98586839222256,NA
"2986","DCompL12.qTau1.2","qTau1","99","99","2",-1.00824060070181,NA
"2987","DCompL2.qTau1.2","qTau1","99","99","2",-1.61952328808865,NA
"2988","DCompL22.qTau1.2","qTau1","99","99","2",-1.5358189180602,NA
"2989","DCompL3.qTau1.2","qTau1","99","99","2",-0.686521135058012,NA
"2990","DCompL32.qTau1.2","qTau1","99","99","2",-0.986900903231424,NA
"2991","DCompR1.qTau1.2","qTau1","99","99","2",-1.02203379850446,NA
"2992","DCompR12.qTau1.2","qTau1","99","99","2",-1.57767530371013,NA
"2993","L1CompL2.qTau1.2","qTau1","99","99","2",0.708484124878137,NA
"2994","L1CompL22.qTau1.2","qTau1","99","99","2",0.717799236826682,NA
"2995","L1CompL3.qTau1.2","qTau1","99","99","2",0.812314062320596,NA
"2996","L1CompL32.qTau1.2","qTau1","99","99","2",0.778886044564026,NA
"2997","L1CompR1.qTau1.2","qTau1","99","99","2",0.77497625045849,NA
"2998","L1CompR12.qTau1.2","qTau1","99","99","2",0.713141213381096,NA
"2999","L12CompL2.qTau1.2","qTau1","99","99","2",-0.304387177100795,NA
"3000","L12CompL22.qTau1.2","qTau1","99","99","2",-0.262706728055402,NA
"3001","L12CompL3.qTau1.2","qTau1","99","99","2",0.160199662097944,NA
"3002","L12CompL32.qTau1.2","qTau1","99","99","2",0.0106260661511041,NA
"3003","L12CompR1.qTau1.2","qTau1","99","99","2",-0.00686829944470912,NA
"3004","L12CompR12.qTau1.2","qTau1","99","99","2",-0.283549044277521,NA
"3005","L2CompL3.qTau1.2","qTau1","99","99","2",0.356172497978213,NA
"3006","L2CompL32.qTau1.2","qTau1","99","99","2",0.241502867233075,NA
"3007","L2CompR1.qTau1.2","qTau1","99","99","2",0.228090924902657,NA
"3008","L2CompR12.qTau1.2","qTau1","99","99","2",0.015975419866968,NA
"3009","L22CompL3.qTau1.2","qTau1","99","99","2",0.334920516979134,NA
"3010","L22CompL32.qTau1.2","qTau1","99","99","2",0.216465777946273,NA
"3011","L22CompR1.qTau1.2","qTau1","99","99","2",0.202611123332406,NA
"3012","L22CompR12.qTau1.2","qTau1","99","99","2",-0.0165060625393331,NA
"3013","L3CompR1.qTau1.2","qTau1","99","99","2",-0.198937716505347,NA
"3014","L3CompR12.qTau1.2","qTau1","99","99","2",-0.528397865954679,NA
"3015","L32CompR1.qTau1.2","qTau1","99","99","2",-0.0176822584437373,NA
"3016","L32CompR12.qTau1.2","qTau1","99","99","2",-0.297334607638403,NA
"3017","DCompL1.qTau2.2","qTau2","99","99","2",-4.34551796480919,NA
"3018","DCompL12.qTau2.2","qTau2","99","99","2",-12.4618030866536,NA
"3019","DCompL2.qTau2.2","qTau2","99","99","2",-6.16553808305619,NA
"3020","DCompL22.qTau2.2","qTau2","99","99","2",-3.38953128115392,NA
"3021","DCompL3.qTau2.2","qTau2","99","99","2",-7.29460927261966,NA
"3022","DCompL32.qTau2.2","qTau2","99","99","2",-23.2021818721059,NA
"3023","DCompR1.qTau2.2","qTau2","99","99","2",-1.67442858747995,NA
"3024","DCompR12.qTau2.2","qTau2","99","99","2",-1.13546963277079,NA
"3025","L1CompL2.qTau2.2","qTau2","99","99","2",-0.340475914631404,NA
"3026","L1CompL22.qTau2.2","qTau2","99","99","2",0.178838924487533,NA
"3027","L1CompL3.qTau2.2","qTau2","99","99","2",-0.551694209471383,NA
"3028","L1CompL32.qTau2.2","qTau2","99","99","2",-3.52756534192469,NA
"3029","L1CompR1.qTau2.2","qTau2","99","99","2",0.499687662620096,NA
"3030","L1CompR12.qTau2.2","qTau2","99","99","2",0.600512121214615,NA
"3031","L12CompL2.qTau2.2","qTau2","99","99","2",0.467713348878182,NA
"3032","L12CompL22.qTau2.2","qTau2","99","99","2",0.67392694330035,NA
"3033","L12CompL3.qTau2.2","qTau2","99","99","2",0.383841137830699,NA
"3034","L12CompL32.qTau2.2","qTau2","99","99","2",-0.797841025924722,NA
"3035","L12CompR1.qTau2.2","qTau2","99","99","2",0.801332067460454,NA
"3036","L12CompR12.qTau2.2","qTau2","99","99","2",0.841368231356173,NA
"3037","L2CompL3.qTau2.2","qTau2","99","99","2",-0.157569630706911,NA
"3038","L2CompL32.qTau2.2","qTau2","99","99","2",-2.37758052383183,NA
"3039","L2CompR1.qTau2.2","qTau2","99","99","2",0.626765142201397,NA
"3040","L2CompR12.qTau2.2","qTau2","99","99","2",0.701980561959419,NA
"3041","L22CompL3.qTau2.2","qTau2","99","99","2",-0.889634391770224,NA
"3042","L22CompL32.qTau2.2","qTau2","99","99","2",-4.51361417015431,NA
"3043","L22CompR1.qTau2.2","qTau2","99","99","2",0.390725702545421,NA
"3044","L22CompR12.qTau2.2","qTau2","99","99","2",0.513508505580255,NA
"3045","L3CompR1.qTau2.2","qTau2","99","99","2",0.677570274912383,NA
"3046","L3CompR12.qTau2.2","qTau2","99","99","2",0.742547290344353,NA
"3047","L32CompR1.qTau2.2","qTau2","99","99","2",0.889496385011372,NA
"3048","L32CompR12.qTau2.2","qTau2","99","99","2",0.911765408422452,NA
"3049","DCompL1.qNPQ.2","qNPQ","99","99","2",0.902352821858235,NA
"3050","DCompL12.qNPQ.2","qNPQ","99","99","2",0.628335600199798,NA
"3051","DCompL2.qNPQ.2","qNPQ","99","99","2",0.602513952862421,NA
"3052","DCompL22.qNPQ.2","qNPQ","99","99","2",0.701809605619251,NA
"3053","DCompL3.qNPQ.2","qNPQ","99","99","2",0.731616340324264,NA
"3054","DCompL32.qNPQ.2","qNPQ","99","99","2",0.258816254818449,NA
"3055","DCompR1.qNPQ.2","qNPQ","99","99","2",0.167213199681984,NA
"3056","DCompR12.qNPQ.2","qNPQ","99","99","2",0.385103877989434,NA
"3057","L1CompL2.qNPQ.2","qNPQ","99","99","2",-3.0706352677238,NA
"3058","L1CompL22.qNPQ.2","qNPQ","99","99","2",-2.05375331940296,NA
"3059","L1CompL3.qNPQ.2","qNPQ","99","99","2",-1.74850399963523,NA
"3060","L1CompL32.qNPQ.2","qNPQ","99","99","2",-6.59042666963187,NA
"3061","L1CompR1.qNPQ.2","qNPQ","99","99","2",-7.52852910003159,NA
"3062","L1CompR12.qNPQ.2","qNPQ","99","99","2",-5.29712126568421,NA
"3063","L12CompL2.qNPQ.2","qNPQ","99","99","2",-0.0694757080615159,NA
"3064","L12CompL22.qNPQ.2","qNPQ","99","99","2",0.19768911270208,NA
"3065","L12CompL3.qNPQ.2","qNPQ","99","99","2",0.277887094324846,NA
"3066","L12CompL32.qNPQ.2","qNPQ","99","99","2",-0.994228517931751,NA
"3067","L12CompR1.qNPQ.2","qNPQ","99","99","2",-1.24069564038337,NA
"3068","L12CompR12.qNPQ.2","qNPQ","99","99","2",-0.654439118573421,NA
"3069","L2CompL3.qNPQ.2","qNPQ","99","99","2",0.324797281292136,NA
"3070","L2CompL32.qNPQ.2","qNPQ","99","99","2",-0.864678648518722,NA
"3071","L2CompR1.qNPQ.2","qNPQ","99","99","2",-1.09513467533055,NA
"3072","L2CompR12.qNPQ.2","qNPQ","99","99","2",-0.546962783822536,NA
"3073","L22CompL3.qNPQ.2","qNPQ","99","99","2",0.0999587353137673,NA
"3074","L22CompL32.qNPQ.2","qNPQ","99","99","2",-1.48560570410313,NA
"3075","L22CompR1.qNPQ.2","qNPQ","99","99","2",-1.79280223646191,NA
"3076","L22CompR12.qNPQ.2","qNPQ","99","99","2",-1.06209231953135,NA
"3077","L3CompR1.qNPQ.2","qNPQ","99","99","2",-2.10297132591529,NA
"3078","L3CompR12.qNPQ.2","qNPQ","99","99","2",-1.29110864183568,NA
"3079","L32CompR1.qNPQ.2","qNPQ","99","99","2",-0.123590210567863,NA
"3080","L32CompR12.qNPQ.2","qNPQ","99","99","2",0.170386390678402,NA
"3081","DCompL1.qqP.2","qqP","99","99","2",0.822128357443573,NA
"3082","DCompL12.qqP.2","qqP","99","99","2",0.590353249918714,NA
"3083","DCompL2.qqP.2","qqP","99","99","2",0.520836293875401,NA
"3084","DCompL22.qqP.2","qqP","99","99","2",0.538590571208349,NA
"3085","DCompL3.qqP.2","qqP","99","99","2",0.665531665843644,NA
"3086","DCompL32.qqP.2","qqP","99","99","2",0.375659102987317,NA
"3087","DCompR1.qqP.2","qqP","99","99","2",0.21327028968913,NA
"3088","DCompR12.qqP.2","qqP","99","99","2",0.26554549095267,NA
"3089","L1CompL2.qqP.2","qqP","99","99","2",-1.69387351034661,NA
"3090","L1CompL22.qqP.2","qqP","99","99","2",-1.59405840166611,NA
"3091","L1CompL3.qqP.2","qqP","99","99","2",-0.880391552859534,NA
"3092","L1CompL32.qqP.2","qqP","99","99","2",-2.51006426903951,NA
"3093","L1CompR1.qqP.2","qqP","99","99","2",-3.42301931327413,NA
"3094","L1CompR12.qqP.2","qqP","99","99","2",-3.12912647846233,NA
"3095","L12CompL2.qqP.2","qqP","99","99","2",-0.169699762123144,NA
"3096","L12CompL22.qqP.2","qqP","99","99","2",-0.126359305182072,NA
"3097","L12CompL3.qqP.2","qqP","99","99","2",0.183520108264041,NA
"3098","L12CompL32.qqP.2","qqP","99","99","2",-0.524095813988015,NA
"3099","L12CompR1.qqP.2","qqP","99","99","2",-0.920507632868465,NA
"3100","L12CompR12.qqP.2","qqP","99","99","2",-0.792897194721043,NA
"3101","L2CompL3.qqP.2","qqP","99","99","2",0.301974815952813,NA
"3102","L2CompL32.qqP.2","qqP","99","99","2",-0.30298035730263,NA
"3103","L2CompR1.qqP.2","qqP","99","99","2",-0.641880844177069,NA
"3104","L2CompR12.qqP.2","qqP","99","99","2",-0.532784097918188,NA
"3105","L22CompL3.qqP.2","qqP","99","99","2",0.27511595280515,NA
"3106","L22CompL32.qqP.2","qqP","99","99","2",-0.353116902373928,NA
"3107","L22CompR1.qqP.2","qqP","99","99","2",-0.705057723616908,NA
"3108","L22CompR12.qqP.2","qqP","99","99","2",-0.591763113664008,NA
"3109","L3CompR1.qqP.2","qqP","99","99","2",-1.35217995238704,NA
"3110","L3CompR12.qqP.2","qqP","99","99","2",-1.19588652809204,NA
"3111","L32CompR1.qqP.2","qqP","99","99","2",-0.26009638976908,NA
"3112","L32CompR12.qqP.2","qqP","99","99","2",-0.176367770494474,NA
"3113","DCompL1.qABQ.2","qABQ","99","99","2",0,NA
"3114","DCompL12.qABQ.2","qABQ","99","99","2",0,NA
"3115","DCompL2.qABQ.2","qABQ","99","99","2",0,NA
"3116","DCompL22.qABQ.2","qABQ","99","99","2",0,NA
"3117","DCompL3.qABQ.2","qABQ","99","99","2",0,NA
"3118","DCompL32.qABQ.2","qABQ","99","99","2",0,NA
"3119","DCompR1.qABQ.2","qABQ","99","99","2",0,NA
"3120","DCompR12.qABQ.2","qABQ","99","99","2",1,NA
"3121","L1CompL2.qABQ.2","qABQ","99","99","2",0.770915614409507,NA
"3122","L1CompL22.qABQ.2","qABQ","99","99","2",0.937751801370885,NA
"3123","L1CompL3.qABQ.2","qABQ","99","99","2",0.353018699608324,NA
"3124","L1CompL32.qABQ.2","qABQ","99","99","2",0.233278563787964,NA
"3125","L1CompR1.qABQ.2","qABQ","99","99","2",0.901344559590452,NA
"3126","L1CompR12.qABQ.2","qABQ","99","99","2",1.11195968173007,NA
"3127","L12CompL2.qABQ.2","qABQ","99","99","2",0.599038610667826,NA
"3128","L12CompL22.qABQ.2","qABQ","99","99","2",0.891048339495423,NA
"3129","L12CompL3.qABQ.2","qABQ","99","99","2",-0.132397218641986,NA
"3130","L12CompL32.qABQ.2","qABQ","99","99","2",-0.341975759290229,NA
"3131","L12CompR1.qABQ.2","qABQ","99","99","2",0.827325540543382,NA
"3132","L12CompR12.qABQ.2","qABQ","99","99","2",1.19596058203601,NA
"3133","L2CompL3.qABQ.2","qABQ","99","99","2",-1.82420514485962,NA
"3134","L2CompL32.qABQ.2","qABQ","99","99","2",-2.34689522481297,NA
"3135","L2CompR1.qABQ.2","qABQ","99","99","2",0.569348909768548,NA
"3136","L2CompR12.qABQ.2","qABQ","99","99","2",1.48872681322857,NA
"3137","L22CompL3.qABQ.2","qABQ","99","99","2",-9.393574667863,NA
"3138","L22CompL32.qABQ.2","qABQ","99","99","2",-11.317166650561,NA
"3139","L22CompR1.qABQ.2","qABQ","99","99","2",-0.584872214493358,NA
"3140","L22CompR12.qABQ.2","qABQ","99","99","2",2.79860115145082,NA
"3141","L3CompR1.qABQ.2","qABQ","99","99","2",0.847514232096317,NA
"3142","L3CompR12.qABQ.2","qABQ","99","99","2",1.17304933181575,NA
"3143","L32CompR1.qABQ.2","qABQ","99","99","2",0.871328182896578,NA
"3144","L32CompR12.qABQ.2","qABQ","99","99","2",1.1460239357376,NA
"3145","DCompL1.qqm.2","qqm","99","99","2",0,NA
"3146","DCompL12.qqm.2","qqm","99","99","2",0,NA
"3147","DCompL2.qqm.2","qqm","99","99","2",0,NA
"3148","DCompL22.qqm.2","qqm","99","99","2",0,NA
"3149","DCompL3.qqm.2","qqm","99","99","2",0,NA
"3150","DCompL32.qqm.2","qqm","99","99","2",0,NA
"3151","DCompR1.qqm.2","qqm","99","99","2",0,NA
"3152","DCompR12.qqm.2","qqm","99","99","2",0,NA
"3153","L1CompL2.qqm.2","qqm","99","99","2",0.15038704051676,NA
"3154","L1CompL22.qqm.2","qqm","99","99","2",0.27748298393406,NA
"3155","L1CompL3.qqm.2","qqm","99","99","2",0.0136692702884907,NA
"3156","L1CompL32.qqm.2","qqm","99","99","2",0.023660716989053,NA
"3157","L1CompR1.qqm.2","qqm","99","99","2",0.433759163723121,NA
"3158","L1CompR12.qqm.2","qqm","99","99","2",0.54804328579168,NA
"3159","L12CompL2.qqm.2","qqm","99","99","2",0.141204734402191,NA
"3160","L12CompL22.qqm.2","qqm","99","99","2",0.269674284289769,NA
"3161","L12CompL3.qqm.2","qqm","99","99","2",0.00300936851871854,NA
"3162","L12CompL32.qqm.2","qqm","99","99","2",0.0131087991207832,NA
"3163","L12CompR1.qqm.2","qqm","99","99","2",0.42763943987095,NA
"3164","L12CompR12.qqm.2","qqm","99","99","2",0.543158702930656,NA
"3165","L2CompL3.qqm.2","qqm","99","99","2",-0.16091770811903,NA
"3166","L2CompL32.qqm.2","qqm","99","99","2",-0.149157710123426,NA
"3167","L2CompR1.qqm.2","qqm","99","99","2",0.333530839005465,NA
"3168","L2CompR12.qqm.2","qqm","99","99","2",0.468043996782707,NA
"3169","L22CompL3.qqm.2","qqm","99","99","2",-0.365131488642328,NA
"3170","L22CompL32.qqm.2","qqm","99","99","2",-0.351302822357117,NA
"3171","L22CompR1.qqm.2","qqm","99","99","2",0.216294116697729,NA
"3172","L22CompR12.qqm.2","qqm","99","99","2",0.374469107081801,NA
"3173","L3CompR1.qqm.2","qqm","99","99","2",0.42591179690559,NA
"3174","L3CompR12.qqm.2","qqm","99","99","2",0.541779749333662,NA
"3175","L32CompR1.qqm.2","qqm","99","99","2",0.420036819034219,NA
"3176","L32CompR12.qqm.2","qqm","99","99","2",0.537090515487071,NA
"3177","DCompL1.qQuant.3","qQuant","99","99","3",0.865001052642946,NA
"3178","DCompL12.qQuant.3","qQuant","99","99","3",0.845212677315486,NA
"3179","DCompL2.qQuant.3","qQuant","99","99","3",0.724748908135523,NA
"3180","DCompL22.qQuant.3","qQuant","99","99","3",0.631147189202531,NA
"3181","DCompL3.qQuant.3","qQuant","99","99","3",0.85319908418669,NA
"3182","DCompL32.qQuant.3","qQuant","99","99","3",0.833338619081949,NA
"3183","DCompR1.qQuant.3","qQuant","99","99","3",0.479440465209499,NA
"3184","DCompR12.qQuant.3","qQuant","99","99","3",0.386880829144497,NA
"3185","L1CompL2.qQuant.3","qQuant","99","99","3",-1.03891287490173,NA
"3186","L1CompL22.qQuant.3","qQuant","99","99","3",-1.73226434737972,NA
"3187","L1CompL3.qQuant.3","qQuant","99","99","3",-0.087422670230475,NA
"3188","L1CompL32.qQuant.3","qQuant","99","99","3",-0.234538373675275,NA
"3189","L1CompR1.qQuant.3","qQuant","99","99","3",-2.85602662081278,NA
"3190","L1CompR12.qQuant.3","qQuant","99","99","3",-3.54165890074601,NA
"3191","L12CompL2.qQuant.3","qQuant","99","99","3",-0.778253458298326,NA
"3192","L12CompL22.qQuant.3","qQuant","99","99","3",-1.38296524806014,NA
"3193","L12CompL3.qQuant.3","qQuant","99","99","3",0.0515960010981125,NA
"3194","L12CompL32.qQuant.3","qQuant","99","99","3",-0.0767120848632922,NA
"3195","L12CompR1.qQuant.3","qQuant","99","99","3",-2.36306310983554,NA
"3196","L12CompR12.qQuant.3","qQuant","99","99","3",-2.96104254677985,NA
"3197","L2CompL3.qQuant.3","qQuant","99","99","3",0.466665455098032,NA
"3198","L2CompL32.qQuant.3","qQuant","99","99","3",0.394511463009533,NA
"3199","L2CompR1.qQuant.3","qQuant","99","99","3",-0.891216965805188,NA
"3200","L2CompR12.qQuant.3","qQuant","99","99","3",-1.22749042229914,NA
"3201","L22CompL3.qQuant.3","qQuant","99","99","3",0.602006785590374,NA
"3202","L22CompL32.qQuant.3","qQuant","99","99","3",0.548162909324929,NA
"3203","L22CompR1.qQuant.3","qQuant","99","99","3",-0.411293392790035,NA
"3204","L22CompR12.qQuant.3","qQuant","99","99","3",-0.662232611241119,NA
"3205","L3CompR1.qQuant.3","qQuant","99","99","3",-2.54602375541381,NA
"3206","L3CompR12.qQuant.3","qQuant","99","99","3",-3.17653505401301,NA
"3207","L32CompR1.qQuant.3","qQuant","99","99","3",-2.12345626757086,NA
"3208","L32CompR12.qQuant.3","qQuant","99","99","3",-2.67883169741034,NA
"3209","DCompL1.qSigma.3","qSigma","99","99","3",0.425181579524162,NA
"3210","DCompL12.qSigma.3","qSigma","99","99","3",0.206716946412339,NA
"3211","DCompL2.qSigma.3","qSigma","99","99","3",0.0143447940890323,NA
"3212","DCompL22.qSigma.3","qSigma","99","99","3",-0.0366262652342807,NA
"3213","DCompL3.qSigma.3","qSigma","99","99","3",0.296176249895411,NA
"3214","DCompL32.qSigma.3","qSigma","99","99","3",0.291047748967116,NA
"3215","DCompR1.qSigma.3","qSigma","99","99","3",0.00528671272218932,NA
"3216","DCompR12.qSigma.3","qSigma","99","99","3",-0.0702874484601385,NA
"3217","L1CompL2.qSigma.3","qSigma","99","99","3",-0.714724460456637,NA
"3218","L1CompL22.qSigma.3","qSigma","99","99","3",-0.803397783209792,NA
"3219","L1CompL3.qSigma.3","qSigma","99","99","3",-0.2244279672213,NA
"3220","L1CompL32.qSigma.3","qSigma","99","99","3",-0.2333499167372,NA
"3221","L1CompR1.qSigma.3","qSigma","99","99","3",-0.730482621719709,NA
"3222","L1CompR12.qSigma.3","qSigma","99","99","3",-0.861957464018199,NA
"3223","L12CompL2.qSigma.3","qSigma","99","99","3",-0.242501275494661,NA
"3224","L12CompL22.qSigma.3","qSigma","99","99","3",-0.306754582171003,NA
"3225","L12CompL3.qSigma.3","qSigma","99","99","3",0.112770975099604,NA
"3226","L12CompL32.qSigma.3","qSigma","99","99","3",0.106306068399403,NA
"3227","L12CompR1.qSigma.3","qSigma","99","99","3",-0.253919748794799,NA
"3228","L12CompR12.qSigma.3","qSigma","99","99","3",-0.349187334356523,NA
"3229","L2CompL3.qSigma.3","qSigma","99","99","3",0.285933107354618,NA
"3230","L2CompL32.qSigma.3","qSigma","99","99","3",0.280729968470413,NA
"3231","L2CompR1.qSigma.3","qSigma","99","99","3",-0.00918990871505745,NA
"3232","L2CompR12.qSigma.3","qSigma","99","99","3",-0.0858639431330872,NA
"3233","L22CompL3.qSigma.3","qSigma","99","99","3",0.321043876941009,NA
"3234","L22CompL32.qSigma.3","qSigma","99","99","3",0.316096577127864,NA
"3235","L22CompR1.qSigma.3","qSigma","99","99","3",0.0404321010976869,NA
"3236","L22CompR12.qSigma.3","qSigma","99","99","3",-0.0324718602593483,NA
"3237","L3CompR1.qSigma.3","qSigma","99","99","3",-0.413298836718703,NA
"3238","L3CompR12.qSigma.3","qSigma","99","99","3",-0.520675379739733,NA
"3239","L32CompR1.qSigma.3","qSigma","99","99","3",-0.403075151857685,NA
"3240","L32CompR12.qSigma.3","qSigma","99","99","3",-0.509674942001834,NA
"3241","DCompL1.qConnect.3","qConnect","99","99","3",-0.513504740106604,NA
"3242","DCompL12.qConnect.3","qConnect","99","99","3",0.286901973387296,NA
"3243","DCompL2.qConnect.3","qConnect","99","99","3",0.186159400822325,NA
"3244","DCompL22.qConnect.3","qConnect","99","99","3",0.332355290624225,NA
"3245","DCompL3.qConnect.3","qConnect","99","99","3",-0.172967557508805,NA
"3246","DCompL32.qConnect.3","qConnect","99","99","3",0.291811138071277,NA
"3247","DCompR1.qConnect.3","qConnect","99","99","3",0.0953948442001071,NA
"3248","DCompR12.qConnect.3","qConnect","99","99","3",0.382678754977024,NA
"3249","L1CompL2.qConnect.3","qConnect","99","99","3",0.462280772823776,NA
"3250","L1CompL22.qConnect.3","qConnect","99","99","3",0.5588750456581,NA
"3251","L1CompL3.qConnect.3","qConnect","99","99","3",0.224999085614897,NA
"3252","L1CompL32.qConnect.3","qConnect","99","99","3",0.532086789580295,NA
"3253","L1CompR1.qConnect.3","qConnect","99","99","3",0.402310985999174,NA
"3254","L1CompR12.qConnect.3","qConnect","99","99","3",0.592124670201235,NA
"3255","L12CompL2.qConnect.3","qConnect","99","99","3",-0.141274507578585,NA
"3256","L12CompL22.qConnect.3","qConnect","99","99","3",0.063740629675891,NA
"3257","L12CompL3.qConnect.3","qConnect","99","99","3",-0.64488964172364,NA
"3258","L12CompL32.qConnect.3","qConnect","99","99","3",0.00688427747767027,NA
"3259","L12CompR1.qConnect.3","qConnect","99","99","3",-0.268556526648755,NA
"3260","L12CompR12.qConnect.3","qConnect","99","99","3",0.134310821255079,NA
"3261","L2CompL3.qConnect.3","qConnect","99","99","3",-0.441274321647264,NA
"3262","L2CompL32.qConnect.3","qConnect","99","99","3",0.129818710636585,NA
"3263","L2CompR1.qConnect.3","qConnect","99","99","3",-0.111526208834911,NA
"3264","L2CompR12.qConnect.3","qConnect","99","99","3",0.241471553954505,NA
"3265","L22CompL3.qConnect.3","qConnect","99","99","3",-0.756873889715221,NA
"3266","L22CompL32.qConnect.3","qConnect","99","99","3",-0.0607271382272398,NA
"3267","L22CompR1.qConnect.3","qConnect","99","99","3",-0.354919979289086,NA
"3268","L22CompR12.qConnect.3","qConnect","99","99","3",0.0753746171370846,NA
"3269","L3CompR1.qConnect.3","qConnect","99","99","3",0.228789278945507,NA
"3270","L3CompR12.qConnect.3","qConnect","99","99","3",0.473709872816886,NA
"3271","L32CompR1.qConnect.3","qConnect","99","99","3",-0.277350159583474,NA
"3272","L32CompR12.qConnect.3","qConnect","99","99","3",0.128309864487664,NA
"3273","DCompL1.qTau1.3","qTau1","99","99","3",-1.90993344114048,NA
"3274","DCompL12.qTau1.3","qTau1","99","99","3",-1.20806508795234,NA
"3275","DCompL2.qTau1.3","qTau1","99","99","3",-1.14592217839983,NA
"3276","DCompL22.qTau1.3","qTau1","99","99","3",-1.27140662995443,NA
"3277","DCompL3.qTau1.3","qTau1","99","99","3",-1.32421465014796,NA
"3278","DCompL32.qTau1.3","qTau1","99","99","3",-0.793875269536993,NA
"3279","DCompR1.qTau1.3","qTau1","99","99","3",-0.870245555655424,NA
"3280","DCompR12.qTau1.3","qTau1","99","99","3",-1.12997899224891,NA
"3281","L1CompL2.qTau1.3","qTau1","99","99","3",0.262552830913278,NA
"3282","L1CompL22.qTau1.3","qTau1","99","99","3",0.219430039931016,NA
"3283","L1CompL3.qTau1.3","qTau1","99","99","3",0.20128253887586,NA
"3284","L1CompL32.qTau1.3","qTau1","99","99","3",0.383533917245226,NA
"3285","L1CompR1.qTau1.3","qTau1","99","99","3",0.357289232387932,NA
"3286","L1CompR12.qTau1.3","qTau1","99","99","3",0.268031714356286,NA
"3287","L12CompL2.qTau1.3","qTau1","99","99","3",0.0281436040502508,NA
"3288","L12CompL22.qTau1.3","qTau1","99","99","3",-0.0286864469474591,NA
"3289","L12CompL3.qTau1.3","qTau1","99","99","3",-0.0526024177590372,NA
"3290","L12CompL32.qTau1.3","qTau1","99","99","3",0.187580438944149,NA
"3291","L12CompR1.qTau1.3","qTau1","99","99","3",0.152993466605732,NA
"3292","L12CompR12.qTau1.3","qTau1","99","99","3",0.0353640371062823,NA
"3293","L2CompL3.qTau1.3","qTau1","99","99","3",-0.0830843138408106,NA
"3294","L2CompL32.qTau1.3","qTau1","99","99","3",0.164053902982331,NA
"3295","L2CompR1.qTau1.3","qTau1","99","99","3",0.128465340224953,NA
"3296","L2CompR12.qTau1.3","qTau1","99","99","3",0.00742952671415543,NA
"3297","L22CompL3.qTau1.3","qTau1","99","99","3",-0.0232490385020107,NA
"3298","L22CompL32.qTau1.3","qTau1","99","99","3",0.210235963089979,NA
"3299","L22CompR1.qTau1.3","qTau1","99","99","3",0.176613499762062,NA
"3300","L22CompR12.qTau1.3","qTau1","99","99","3",0.062264341329475,NA
"3301","L3CompR1.qTau1.3","qTau1","99","99","3",0.195321501163257,NA
"3302","L3CompR12.qTau1.3","qTau1","99","99","3",0.0835704472849281,NA
"3303","L32CompR1.qTau1.3","qTau1","99","99","3",-0.0425727961220755,NA
"3304","L32CompR12.qTau1.3","qTau1","99","99","3",-0.187361812952953,NA
"3305","DCompL1.qTau2.3","qTau2","99","99","3",-2.64734962307654,NA
"3306","DCompL12.qTau2.3","qTau2","99","99","3",-12.1199177739925,NA
"3307","DCompL2.qTau2.3","qTau2","99","99","3",-4.11523392833803,NA
"3308","DCompL22.qTau2.3","qTau2","99","99","3",-3.29832488794396,NA
"3309","DCompL3.qTau2.3","qTau2","99","99","3",-10.8630847406854,NA
"3310","DCompL32.qTau2.3","qTau2","99","99","3",-13.2009881745187,NA
"3311","DCompR1.qTau2.3","qTau2","99","99","3",-1.14294039121519,NA
"3312","DCompR12.qTau2.3","qTau2","99","99","3",-0.94581158740373,NA
"3313","L1CompL2.qTau2.3","qTau2","99","99","3",-0.402452316601151,NA
"3314","L1CompL22.qTau2.3","qTau2","99","99","3",-0.178478986700023,NA
"3315","L1CompL3.qTau2.3","qTau2","99","99","3",-2.25252195885705,NA
"3316","L1CompL32.qTau2.3","qTau2","99","99","3",-2.89350888784283,NA
"3317","L1CompR1.qTau2.3","qTau2","99","99","3",0.412466417352219,NA
"3318","L1CompR12.qTau2.3","qTau2","99","99","3",0.4665135540907,NA
"3319","L12CompL2.qTau2.3","qTau2","99","99","3",0.610116921732703,NA
"3320","L12CompL22.qTau2.3","qTau2","99","99","3",0.672381720526902,NA
"3321","L12CompL3.qTau2.3","qTau2","99","99","3",0.0957958010833361,NA
"3322","L12CompL32.qTau2.3","qTau2","99","99","3",-0.0823991749909569,NA
"3323","L12CompR1.qTau2.3","qTau2","99","99","3",0.836665105061625,NA
"3324","L12CompR12.qTau2.3","qTau2","99","99","3",0.85169026049379,NA
"3325","L2CompL3.qTau2.3","qTau2","99","99","3",-1.31916758976843,NA
"3326","L2CompL32.qTau2.3","qTau2","99","99","3",-1.77621480727328,NA
"3327","L2CompR1.qTau2.3","qTau2","99","99","3",0.581066981249194,NA
"3328","L2CompR12.qTau2.3","qTau2","99","99","3",0.619604574362851,NA
"3329","L22CompL3.qTau2.3","qTau2","99","99","3",-1.7599320781822,NA
"3330","L22CompL32.qTau2.3","qTau2","99","99","3",-2.30384243739927,NA
"3331","L22CompR1.qTau2.3","qTau2","99","99","3",0.501447552923288,NA
"3332","L22CompR12.qTau2.3","qTau2","99","99","3",0.547309326742288,NA
"3333","L3CompR1.qTau2.3","qTau2","99","99","3",0.819360609988243,NA
"3334","L3CompR12.qTau2.3","qTau2","99","99","3",0.835977603638756,NA
"3335","L32CompR1.qTau2.3","qTau2","99","99","3",0.84909920599326,NA
"3336","L32CompR12.qTau2.3","qTau2","99","99","3",0.862980550121494,NA
"3337","DCompL1.qNPQ.3","qNPQ","99","99","3",0.8280302244407,NA
"3338","DCompL12.qNPQ.3","qNPQ","99","99","3",0.587794277390022,NA
"3339","DCompL2.qNPQ.3","qNPQ","99","99","3",0.560873264392896,NA
"3340","DCompL22.qNPQ.3","qNPQ","99","99","3",0.645860975069992,NA
"3341","DCompL3.qNPQ.3","qNPQ","99","99","3",0.677889819438966,NA
"3342","DCompL32.qNPQ.3","qNPQ","99","99","3",0.257530515822923,NA
"3343","DCompR1.qNPQ.3","qNPQ","99","99","3",0.174086975820414,NA
"3344","DCompR12.qNPQ.3","qNPQ","99","99","3",0.357437653229721,NA
"3345","L1CompL2.qNPQ.3","qNPQ","99","99","3",-1.55351112821381,NA
"3346","L1CompL22.qNPQ.3","qNPQ","99","99","3",-1.05930968845099,NA
"3347","L1CompL3.qNPQ.3","qNPQ","99","99","3",-0.873062749040817,NA
"3348","L1CompL32.qNPQ.3","qNPQ","99","99","3",-3.31744172347922,NA
"3349","L1CompR1.qNPQ.3","qNPQ","99","99","3",-3.80266384888541,NA
"3350","L1CompR12.qNPQ.3","qNPQ","99","99","3",-2.73648418555217,NA
"3351","L12CompL2.qNPQ.3","qNPQ","99","99","3",-0.0653096537007519,NA
"3352","L12CompL22.qNPQ.3","qNPQ","99","99","3",0.140868247321524,NA
"3353","L12CompL3.qNPQ.3","qNPQ","99","99","3",0.218569362595168,NA
"3354","L12CompL32.qNPQ.3","qNPQ","99","99","3",-0.801211005698698,NA
"3355","L12CompR1.qNPQ.3","qNPQ","99","99","3",-1.00364279018283,NA
"3356","L12CompR12.qNPQ.3","qNPQ","99","99","3",-0.558838976571562,NA
"3357","L2CompL3.qNPQ.3","qNPQ","99","99","3",0.266475587928599,NA
"3358","L2CompL32.qNPQ.3","qNPQ","99","99","3",-0.690786335636326,NA
"3359","L2CompR1.qNPQ.3","qNPQ","99","99","3",-0.880807878932128,NA
"3360","L2CompR12.qNPQ.3","qNPQ","99","99","3",-0.463273116090098,NA
"3361","L22CompL3.qNPQ.3","qNPQ","99","99","3",0.0904414428071118,NA
"3362","L22CompL32.qNPQ.3","qNPQ","99","99","3",-1.09654805573551,NA
"3363","L22CompR1.qNPQ.3","qNPQ","99","99","3",-1.33217173493607,NA
"3364","L22CompR12.qNPQ.3","qNPQ","99","99","3",-0.814435296695345,NA
"3365","L3CompR1.qNPQ.3","qNPQ","99","99","3",-1.56406991775626,NA
"3366","L3CompR12.qNPQ.3","qNPQ","99","99","3",-0.99485264840465,NA
"3367","L32CompR1.qNPQ.3","qNPQ","99","99","3",-0.112386491001707,NA
"3368","L32CompR12.qNPQ.3","qNPQ","99","99","3",0.134560597487088,NA
"3369","DCompL1.qqP.3","qqP","99","99","3",0.734094320354426,NA
"3370","DCompL12.qqP.3","qqP","99","99","3",0.529390705773025,NA
"3371","DCompL2.qqP.3","qqP","99","99","3",0.464894220271754,NA
"3372","DCompL22.qqP.3","qqP","99","99","3",0.483579678013358,NA
"3373","DCompL3.qqP.3","qqP","99","99","3",0.598343726091798,NA
"3374","DCompL32.qqP.3","qqP","99","99","3",0.339607033698857,NA
"3375","DCompR1.qqP.3","qqP","99","99","3",0.193835744916673,NA
"3376","DCompR12.qqP.3","qqP","99","99","3",0.23635348496032,NA
"3377","L1CompL2.qqP.3","qqP","99","99","3",-1.01238943237876,NA
"3378","L1CompL22.qqP.3","qqP","99","99","3",-0.942118433404578,NA
"3379","L1CompL3.qqP.3","qqP","99","99","3",-0.510521604666624,NA
"3380","L1CompL32.qqP.3","qqP","99","99","3",-1.48356096485559,NA
"3381","L1CompR1.qqP.3","qqP","99","99","3",-2.0317677161235,NA
"3382","L1CompR12.qqP.3","qqP","99","99","3",-1.87186989032181,NA
"3383","L12CompL2.qqP.3","qqP","99","99","3",-0.137048898720144,NA
"3384","L12CompL22.qqP.3","qqP","99","99","3",-0.0973440778191949,NA
"3385","L12CompL3.qqP.3","qqP","99","99","3",0.146518611435491,NA
"3386","L12CompL32.qqP.3","qqP","99","99","3",-0.403272256630436,NA
"3387","L12CompR1.qqP.3","qqP","99","99","3",-0.71302238390242,NA
"3388","L12CompR12.qqP.3","qqP","99","99","3",-0.622676229321076,NA
"3389","L2CompL3.qqP.3","qqP","99","99","3",0.249389019658537,NA
"3390","L2CompL32.qqP.3","qqP","99","99","3",-0.234135364107868,NA
"3391","L2CompR1.qqP.3","qqP","99","99","3",-0.506551200947109,NA
"3392","L2CompR12.qqP.3","qqP","99","99","3",-0.427094499759466,NA
"3393","L22CompL3.qqP.3","qqP","99","99","3",0.222229922395286,NA
"3394","L22CompL32.qqP.3","qqP","99","99","3",-0.278789656767663,NA
"3395","L22CompR1.qqP.3","qqP","99","99","3",-0.56106222152927,NA
"3396","L22CompR12.qqP.3","qqP","99","99","3",-0.478730566028022,NA
"3397","L3CompR1.qqP.3","qqP","99","99","3",-1.00709986984437,NA
"3398","L3CompR12.qqP.3","qqP","99","99","3",-0.901243836201625,NA
"3399","L32CompR1.qqP.3","qqP","99","99","3",-0.220734163173555,NA
"3400","L32CompR12.qqP.3","qqP","99","99","3",-0.156351678481464,NA
"3401","DCompL1.qABQ.3","qABQ","99","99","3",0,NA
"3402","DCompL12.qABQ.3","qABQ","99","99","3",0,NA
"3403","DCompL2.qABQ.3","qABQ","99","99","3",0,NA
"3404","DCompL22.qABQ.3","qABQ","99","99","3",1,NA
"3405","DCompL3.qABQ.3","qABQ","99","99","3",0,NA
"3406","DCompL32.qABQ.3","qABQ","99","99","3",0,NA
"3407","DCompR1.qABQ.3","qABQ","99","99","3",0,NA
"3408","DCompR12.qABQ.3","qABQ","99","99","3",1,NA
"3409","L1CompL2.qABQ.3","qABQ","99","99","3",0.966261957761466,NA
"3410","L1CompL22.qABQ.3","qABQ","99","99","3",1.08614264351544,NA
"3411","L1CompL3.qABQ.3","qABQ","99","99","3",0.303412320385857,NA
"3412","L1CompL32.qABQ.3","qABQ","99","99","3",0.31547422799257,NA
"3413","L1CompR1.qABQ.3","qABQ","99","99","3",0.987565988328785,NA
"3414","L1CompR12.qABQ.3","qABQ","99","99","3",1.16531160295984,NA
"3415","L12CompL2.qABQ.3","qABQ","99","99","3",0.930606588680836,NA
"3416","L12CompL22.qABQ.3","qABQ","99","99","3",1.17718075789114,NA
"3417","L12CompL3.qABQ.3","qABQ","99","99","3",-0.432762311149023,NA
"3418","L12CompL32.qABQ.3","qABQ","99","99","3",-0.407953019906557,NA
"3419","L12CompR1.qABQ.3","qABQ","99","99","3",0.974425354021806,NA
"3420","L12CompR12.qABQ.3","qABQ","99","99","3",1.34001783443499,NA
"3421","L2CompL3.qABQ.3","qABQ","99","99","3",-19.6469502494879,NA
"3422","L2CompL32.qABQ.3","qABQ","99","99","3",-19.289433724924,NA
"3423","L2CompR1.qABQ.3","qABQ","99","99","3",0.631454262126301,NA
"3424","L2CompR12.qABQ.3","qABQ","99","99","3",5.89985760854343,NA
"3425","L22CompL3.qABQ.3","qABQ","99","99","3",9.08644419519479,NA
"3426","L22CompL32.qABQ.3","qABQ","99","99","3",8.94642170326195,NA
"3427","L22CompR1.qABQ.3","qABQ","99","99","3",1.14434211865098,NA
"3428","L22CompR12.qABQ.3","qABQ","99","99","3",-0.919044926108141,NA
"3429","L3CompR1.qABQ.3","qABQ","99","99","3",0.982150112562855,NA
"3430","L3CompR12.qABQ.3","qABQ","99","99","3",1.23731628881437,NA
"3431","L32CompR1.qABQ.3","qABQ","99","99","3",0.981835582852124,NA
"3432","L32CompR12.qABQ.3","qABQ","99","99","3",1.24149799718286,NA
"3433","DCompL1.qqm.3","qqm","99","99","3",0,NA
"3434","DCompL12.qqm.3","qqm","99","99","3",0,NA
"3435","DCompL2.qqm.3","qqm","99","99","3",0,NA
"3436","DCompL22.qqm.3","qqm","99","99","3",0,NA
"3437","DCompL3.qqm.3","qqm","99","99","3",0,NA
"3438","DCompL32.qqm.3","qqm","99","99","3",0,NA
"3439","DCompR1.qqm.3","qqm","99","99","3",0,NA
"3440","DCompR12.qqm.3","qqm","99","99","3",0,NA
"3441","L1CompL2.qqm.3","qqm","99","99","3",0.162141010209055,NA
"3442","L1CompL22.qqm.3","qqm","99","99","3",0.270350958216632,NA
"3443","L1CompL3.qqm.3","qqm","99","99","3",0.0136438775654631,NA
"3444","L1CompL32.qqm.3","qqm","99","99","3",0.036603924890328,NA
"3445","L1CompR1.qqm.3","qqm","99","99","3",0.445734240733461,NA
"3446","L1CompR12.qqm.3","qqm","99","99","3",0.552739470128493,NA
"3447","L12CompL2.qqm.3","qqm","99","99","3",0.142524801642318,NA
"3448","L12CompL22.qqm.3","qqm","99","99","3",0.253268193743683,NA
"3449","L12CompL3.qqm.3","qqm","99","99","3",-0.00944899087004937,NA
"3450","L12CompL32.qqm.3","qqm","99","99","3",0.0140486040404052,NA
"3451","L12CompR1.qqm.3","qqm","99","99","3",0.432757602817472,NA
"3452","L12CompR12.qqm.3","qqm","99","99","3",0.542268071069067,NA
"3453","L2CompL3.qqm.3","qqm","99","99","3",-0.177234038726067,NA
"3454","L2CompL32.qqm.3","qqm","99","99","3",-0.149830803092594,NA
"3455","L2CompR1.qqm.3","qqm","99","99","3",0.338473697817774,NA
"3456","L2CompR12.qqm.3","qqm","99","99","3",0.466186392553832,NA
"3457","L22CompL3.qqm.3","qqm","99","99","3",-0.351822679056413,NA
"3458","L22CompL32.qqm.3","qqm","99","99","3",-0.320355431091902,NA
"3459","L22CompR1.qqm.3","qqm","99","99","3",0.240366631727723,NA
"3460","L22CompR12.qqm.3","qqm","99","99","3",0.387019643336559,NA
"3461","L3CompR1.qqm.3","qqm","99","99","3",0.438067299771513,NA
"3462","L3CompR12.qqm.3","qqm","99","99","3",0.546552690556051,NA
"3463","L32CompR1.qqm.3","qqm","99","99","3",0.424675090976012,NA
"3464","L32CompR12.qqm.3","qqm","99","99","3",0.53574594974285,NA
"3465","DCompL1.qQuant.4","qQuant","99","99","4",0.864732709555029,NA
"3466","DCompL12.qQuant.4","qQuant","99","99","4",0.82738010927242,NA
"3467","DCompL2.qQuant.4","qQuant","99","99","4",0.697286945779795,NA
"3468","DCompL22.qQuant.4","qQuant","99","99","4",0.61156875586727,NA
"3469","DCompL3.qQuant.4","qQuant","99","99","4",0.845893544309866,NA
"3470","DCompL32.qQuant.4","qQuant","99","99","4",0.840033842100587,NA
"3471","DCompR1.qQuant.4","qQuant","99","99","4",0.463233227376609,NA
"3472","DCompR12.qQuant.4","qQuant","99","99","4",0.370926265153639,NA
"3473","L1CompL2.qQuant.4","qQuant","99","99","4",-1.23788806018372,NA
"3474","L1CompL22.qQuant.4","qQuant","99","99","4",-1.87158294407287,NA
"3475","L1CompL3.qQuant.4","qQuant","99","99","4",-0.139273620275751,NA
"3476","L1CompL32.qQuant.4","qQuant","99","99","4",-0.182593052416393,NA
"3477","L1CompR1.qQuant.4","qQuant","99","99","4",-2.96819342545902,NA
"3478","L1CompR12.qQuant.4","qQuant","99","99","4",-3.65059758923964,NA
"3479","L12CompL2.qQuant.4","qQuant","99","99","4",-0.753639473089061,NA
"3480","L12CompL22.qQuant.4","qQuant","99","99","4",-1.2502113892873,NA
"3481","L12CompL3.qQuant.4","qQuant","99","99","4",0.107249720524172,NA
"3482","L12CompL32.qQuant.4","qQuant","99","99","4",0.0733040252477981,NA
"3483","L12CompR1.qQuant.4","qQuant","99","99","4",-2.10953025379033,NA
"3484","L12CompR12.qQuant.4","qQuant","99","99","4",-2.64427142315328,NA
"3485","L2CompL3.qQuant.4","qQuant","99","99","4",0.490915725167138,NA
"3486","L2CompL32.qQuant.4","qQuant","99","99","4",0.47155844232919,NA
"3487","L2CompR1.qQuant.4","qQuant","99","99","4",-0.773186736218276,NA
"3488","L2CompR12.qQuant.4","qQuant","99","99","4",-1.07811895151621,NA
"3489","L22CompL3.qQuant.4","qQuant","99","99","4",0.603259372107887,NA
"3490","L22CompL32.qQuant.4","qQuant","99","99","4",0.588173813729691,NA
"3491","L22CompR1.qQuant.4","qQuant","99","99","4",-0.381883617065505,NA
"3492","L22CompR12.qQuant.4","qQuant","99","99","4",-0.61952403249879,NA
"3493","L3CompR1.qQuant.4","qQuant","99","99","4",-2.48309076488452,NA
"3494","L3CompR12.qQuant.4","qQuant","99","99","4",-3.08207256489798,NA
"3495","L32CompR1.qQuant.4","qQuant","99","99","4",-2.3555020616355,NA
"3496","L32CompR12.qQuant.4","qQuant","99","99","4",-2.93254262718445,NA
"3497","DCompL1.qSigma.4","qSigma","99","99","4",0.381900240962171,NA
"3498","DCompL12.qSigma.4","qSigma","99","99","4",-0.0457727979556181,NA
"3499","DCompL2.qSigma.4","qSigma","99","99","4",-0.0952387002350642,NA
"3500","DCompL22.qSigma.4","qSigma","99","99","4",-0.107880015026708,NA
"3501","DCompL3.qSigma.4","qSigma","99","99","4",0.20386489219374,NA
"3502","DCompL32.qSigma.4","qSigma","99","99","4",0.257644552388224,NA
"3503","DCompR1.qSigma.4","qSigma","99","99","4",-0.0211975109805981,NA
"3504","DCompR12.qSigma.4","qSigma","99","99","4",-0.1283816537314,NA
"3505","L1CompL2.qSigma.4","qSigma","99","99","4",-0.771944874950248,NA
"3506","L1CompL22.qSigma.4","qSigma","99","99","4",-0.792396775483783,NA
"3507","L1CompL3.qSigma.4","qSigma","99","99","4",-0.288036593066419,NA
"3508","L1CompL32.qSigma.4","qSigma","99","99","4",-0.201028534240768,NA
"3509","L1CompR1.qSigma.4","qSigma","99","99","4",-0.65215646187964,NA
"3510","L1CompR12.qSigma.4","qSigma","99","99","4",-0.825565593955102,NA
"3511","L12CompL2.qSigma.4","qSigma","99","99","4",-0.0473008117787602,NA
"3512","L12CompL22.qSigma.4","qSigma","99","99","4",-0.0593888244105255,NA
"3513","L12CompL3.qSigma.4","qSigma","99","99","4",0.238711210157096,NA
"3514","L12CompL32.qSigma.4","qSigma","99","99","4",0.290136969461237,NA
"3515","L12CompR1.qSigma.4","qSigma","99","99","4",0.0234996425830374,NA
"3516","L12CompR12.qSigma.4","qSigma","99","99","4",-0.0789931196692762,NA
"3517","L2CompL3.qSigma.4","qSigma","99","99","4",0.273094433537283,NA
"3518","L2CompL32.qSigma.4","qSigma","99","99","4",0.322197574416929,NA
"3519","L2CompR1.qSigma.4","qSigma","99","99","4",0.0676027876284642,NA
"3520","L2CompR12.qSigma.4","qSigma","99","99","4",-0.0302609408243358,NA
"3521","L22CompL3.qSigma.4","qSigma","99","99","4",0.281388691006339,NA
"3522","L22CompL32.qSigma.4","qSigma","99","99","4",0.329931547150546,NA
"3523","L22CompR1.qSigma.4","qSigma","99","99","4",0.07824177967866,NA
"3524","L22CompR12.qSigma.4","qSigma","99","99","4",-0.018505287961348,NA
"3525","L3CompR1.qSigma.4","qSigma","99","99","4",-0.282693729955579,NA
"3526","L3CompR12.qSigma.4","qSigma","99","99","4",-0.417324324310532,NA
"3527","L32CompR1.qSigma.4","qSigma","99","99","4",-0.375617993059635,NA
"3528","L32CompR12.qSigma.4","qSigma","99","99","4",-0.520001850005284,NA
"3529","DCompL1.qConnect.4","qConnect","99","99","4",-0.20526320763044,NA
"3530","DCompL12.qConnect.4","qConnect","99","99","4",0.84453331468051,NA
"3531","DCompL2.qConnect.4","qConnect","99","99","4",0.352813999495268,NA
"3532","DCompL22.qConnect.4","qConnect","99","99","4",0.278918224796091,NA
"3533","DCompL3.qConnect.4","qConnect","99","99","4",-0.00899187556237231,NA
"3534","DCompL32.qConnect.4","qConnect","99","99","4",-0.0418266768941822,NA
"3535","DCompR1.qConnect.4","qConnect","99","99","4",0.306016659641963,NA
"3536","DCompR12.qConnect.4","qConnect","99","99","4",0.28377271008929,NA
"3537","L1CompL2.qConnect.4","qConnect","99","99","4",0.463033471521041,NA
"3538","L1CompL22.qConnect.4","qConnect","99","99","4",0.401722569278819,NA
"3539","L1CompL3.qConnect.4","qConnect","99","99","4",0.16284520329293,NA
"3540","L1CompL32.qConnect.4","qConnect","99","99","4",0.13560235615055,NA
"3541","L1CompR1.qConnect.4","qConnect","99","99","4",0.424205985908741,NA
"3542","L1CompR12.qConnect.4","qConnect","99","99","4",0.405750308002166,NA
"3543","L12CompL2.qConnect.4","qConnect","99","99","4",-3.16285970962035,NA
"3544","L12CompL22.qConnect.4","qConnect","99","99","4",-3.63817552758687,NA
"3545","L12CompL3.qConnect.4","qConnect","99","99","4",-5.49008418420225,NA
"3546","L12CompL32.qConnect.4","qConnect","99","99","4",-5.70128571116819,NA
"3547","L12CompR1.qConnect.4","qConnect","99","99","4",-3.46387172230419,NA
"3548","L12CompR12.qConnect.4","qConnect","99","99","4",-3.60695028287786,NA
"3549","L2CompL3.qConnect.4","qConnect","99","99","4",-0.559044656057877,NA
"3550","L2CompL32.qConnect.4","qConnect","99","99","4",-0.609779377306796,NA
"3551","L2CompR1.qConnect.4","qConnect","99","99","4",-0.0723089495397135,NA
"3552","L2CompR12.qConnect.4","qConnect","99","99","4",-0.10667920714004,NA
"3553","L22CompL3.qConnect.4","qConnect","99","99","4",-0.399275242086167,NA
"3554","L22CompL32.qConnect.4","qConnect","99","99","4",-0.444810717341418,NA
"3555","L22CompR1.qConnect.4","qConnect","99","99","4",0.0375802520292633,NA
"3556","L22CompR12.qConnect.4","qConnect","99","99","4",0.00673222574766366,NA
"3557","L3CompR1.qConnect.4","qConnect","99","99","4",0.312201260321112,NA
"3558","L3CompR12.qConnect.4","qConnect","99","99","4",0.290155543114247,NA
"3559","L32CompR1.qConnect.4","qConnect","99","99","4",0.333878316087192,NA
"3560","L32CompR12.qConnect.4","qConnect","99","99","4",0.312527404226321,NA
"3561","DCompL1.qTau1.4","qTau1","99","99","4",-2.26560771130081,NA
"3562","DCompL12.qTau1.4","qTau1","99","99","4",-0.513974946184957,NA
"3563","DCompL2.qTau1.4","qTau1","99","99","4",-1.52237953601928,NA
"3564","DCompL22.qTau1.4","qTau1","99","99","4",-1.34171889839238,NA
"3565","DCompL3.qTau1.4","qTau1","99","99","4",-0.838806852695837,NA
"3566","DCompL32.qTau1.4","qTau1","99","99","4",-1.32685634872837,NA
"3567","DCompR1.qTau1.4","qTau1","99","99","4",-0.961476700306257,NA
"3568","DCompR12.qTau1.4","qTau1","99","99","4",-1.44510555557478,NA
"3569","L1CompL2.qTau1.4","qTau1","99","99","4",0.227592607865773,NA
"3570","L1CompL22.qTau1.4","qTau1","99","99","4",0.282914818491905,NA
"3571","L1CompL3.qTau1.4","qTau1","99","99","4",0.436917408563023,NA
"3572","L1CompL32.qTau1.4","qTau1","99","99","4",0.287466053967182,NA
"3573","L1CompR1.qTau1.4","qTau1","99","99","4",0.399353237218769,NA
"3574","L1CompR12.qTau1.4","qTau1","99","99","4",0.251255578827376,NA
"3575","L12CompL2.qTau1.4","qTau1","99","99","4",-0.66606425183943,NA
"3576","L12CompL22.qTau1.4","qTau1","99","99","4",-0.546735568044399,NA
"3577","L12CompL3.qTau1.4","qTau1","99","99","4",-0.214555668394261,NA
"3578","L12CompL32.qTau1.4","qTau1","99","99","4",-0.536918662090001,NA
"3579","L12CompR1.qTau1.4","qTau1","99","99","4",-0.295580686621633,NA
"3580","L12CompR12.qTau1.4","qTau1","99","99","4",-0.615023790014603,NA
"3581","L2CompL3.qTau1.4","qTau1","99","99","4",0.27100310383989,NA
"3582","L2CompL32.qTau1.4","qTau1","99","99","4",0.077515371695206,NA
"3583","L2CompR1.qTau1.4","qTau1","99","99","4",0.222370514707798,NA
"3584","L2CompR12.qTau1.4","qTau1","99","99","4",0.0306353502084184,NA
"3585","L22CompL3.qTau1.4","qTau1","99","99","4",0.214761919563359,NA
"3586","L22CompL32.qTau1.4","qTau1","99","99","4",0.00634685472889838,NA
"3587","L22CompR1.qTau1.4","qTau1","99","99","4",0.162377387972213,NA
"3588","L22CompR12.qTau1.4","qTau1","99","99","4",-0.0441499008499189,NA
"3589","L3CompR1.qTau1.4","qTau1","99","99","4",-0.0667116545876348,NA
"3590","L3CompR12.qTau1.4","qTau1","99","99","4",-0.329723973994368,NA
"3591","L32CompR1.qTau1.4","qTau1","99","99","4",0.157027161827927,NA
"3592","L32CompR12.qTau1.4","qTau1","99","99","4",-0.0508192982824405,NA
"3593","DCompL1.qTau2.4","qTau2","99","99","4",-3.46619055427465,NA
"3594","DCompL12.qTau2.4","qTau2","99","99","4",-7.82839987196002,NA
"3595","DCompL2.qTau2.4","qTau2","99","99","4",-4.66557791325458,NA
"3596","DCompL22.qTau2.4","qTau2","99","99","4",-3.15319934712015,NA
"3597","DCompL3.qTau2.4","qTau2","99","99","4",-12.070605748423,NA
"3598","DCompL32.qTau2.4","qTau2","99","99","4",-14.2806366099491,NA
"3599","DCompR1.qTau2.4","qTau2","99","99","4",-1.58111013772276,NA
"3600","DCompR12.qTau2.4","qTau2","99","99","4",-0.968422691328396,NA
"3601","L1CompL2.qTau2.4","qTau2","99","99","4",-0.268548183156219,NA
"3602","L1CompL22.qTau2.4","qTau2","99","99","4",0.0700801283220966,NA
"3603","L1CompL3.qTau2.4","qTau2","99","99","4",-1.92656696788563,NA
"3604","L1CompL32.qTau2.4","qTau2","99","99","4",-2.42140274228197,NA
"3605","L1CompR1.qTau2.4","qTau2","99","99","4",0.4220779193462,NA
"3606","L1CompR12.qTau2.4","qTau2","99","99","4",0.559261373332047,NA
"3607","L12CompL2.qTau2.4","qTau2","99","99","4",0.358255403535914,NA
"3608","L12CompL22.qTau2.4","qTau2","99","99","4",0.529563747977573,NA
"3609","L12CompL3.qTau2.4","qTau2","99","99","4",-0.480518093651005,NA
"3610","L12CompL32.qTau2.4","qTau2","99","99","4",-0.730850078334367,NA
"3611","L12CompR1.qTau2.4","qTau2","99","99","4",0.707635565316808,NA
"3612","L12CompR12.qTau2.4","qTau2","99","99","4",0.777035168334375,NA
"3613","L2CompL3.qTau2.4","qTau2","99","99","4",-1.30702073972797,NA
"3614","L2CompL32.qTau2.4","qTau2","99","99","4",-1.69710113317834,NA
"3615","L2CompR1.qTau2.4","qTau2","99","99","4",0.544422444233929,NA
"3616","L2CompR12.qTau2.4","qTau2","99","99","4",0.652564535963174,NA
"3617","L22CompL3.qTau2.4","qTau2","99","99","4",-2.14711735604174,NA
"3618","L22CompL32.qTau2.4","qTau2","99","99","4",-2.67924468170419,NA
"3619","L22CompR1.qTau2.4","qTau2","99","99","4",0.378524861920603,NA
"3620","L22CompR12.qTau2.4","qTau2","99","99","4",0.526046662630507,NA
"3621","L3CompR1.qTau2.4","qTau2","99","99","4",0.802525591590568,NA
"3622","L3CompR12.qTau2.4","qTau2","99","99","4",0.849400805959901,NA
"3623","L32CompR1.qTau2.4","qTau2","99","99","4",0.831086216915713,NA
"3624","L32CompR12.qTau2.4","qTau2","99","99","4",0.871181892379617,NA
"3625","DCompL1.qNPQ.4","qNPQ","99","99","4",0.796442354899669,NA
"3626","DCompL12.qNPQ.4","qNPQ","99","99","4",0.580607213142291,NA
"3627","DCompL2.qNPQ.4","qNPQ","99","99","4",0.556919699584292,NA
"3628","DCompL22.qNPQ.4","qNPQ","99","99","4",0.633638468293417,NA
"3629","DCompL3.qNPQ.4","qNPQ","99","99","4",0.663191370800996,NA
"3630","DCompL32.qNPQ.4","qNPQ","99","99","4",0.252377108838787,NA
"3631","DCompR1.qNPQ.4","qNPQ","99","99","4",0.169212007020524,NA
"3632","DCompR12.qNPQ.4","qNPQ","99","99","4",0.34353773011863,NA
"3633","L1CompL2.qNPQ.4","qNPQ","99","99","4",-1.1766821884647,NA
"3634","L1CompL22.qNPQ.4","qNPQ","99","99","4",-0.799792542923204,NA
"3635","L1CompL3.qNPQ.4","qNPQ","99","99","4",-0.654610560232191,NA
"3636","L1CompL32.qNPQ.4","qNPQ","99","99","4",-2.67278217820176,NA
"3637","L1CompR1.qNPQ.4","qNPQ","99","99","4",-3.08134016568129,NA
"3638","L1CompR12.qNPQ.4","qNPQ","99","99","4",-2.22494529526419,NA
"3639","L12CompL2.qNPQ.4","qNPQ","99","99","4",-0.0564804982352649,NA
"3640","L12CompL22.qNPQ.4","qNPQ","99","99","4",0.126447704426347,NA
"3641","L12CompL3.qNPQ.4","qNPQ","99","99","4",0.196913633821566,NA
"3642","L12CompL32.qNPQ.4","qNPQ","99","99","4",-0.782631734710466,NA
"3643","L12CompR1.qNPQ.4","qNPQ","99","99","4",-0.980930571563087,NA
"3644","L12CompR12.qNPQ.4","qNPQ","99","99","4",-0.565268384322724,NA
"3645","L2CompL3.qNPQ.4","qNPQ","99","99","4",0.239847429725488,NA
"3646","L2CompL32.qNPQ.4","qNPQ","99","99","4",-0.687330469126649,NA
"3647","L2CompR1.qNPQ.4","qNPQ","99","99","4",-0.875028052928582,NA
"3648","L2CompR12.qNPQ.4","qNPQ","99","99","4",-0.481587579645184,NA
"3649","L22CompL3.qNPQ.4","qNPQ","99","99","4",0.0806659541189174,NA
"3650","L22CompL32.qNPQ.4","qNPQ","99","99","4",-1.04066973865581,NA
"3651","L22CompR1.qNPQ.4","qNPQ","99","99","4",-1.26767256133444,NA
"3652","L22CompR12.qNPQ.4","qNPQ","99","99","4",-0.791842792073287,NA
"3653","L3CompR1.qNPQ.4","qNPQ","99","99","4",-1.4666469946309,NA
"3654","L3CompR12.qNPQ.4","qNPQ","99","99","4",-0.949066065921662,NA
"3655","L32CompR1.qNPQ.4","qNPQ","99","99","4",-0.111239373220756,NA
"3656","L32CompR12.qNPQ.4","qNPQ","99","99","4",0.121933962105216,NA
"3657","DCompL1.qqP.4","qqP","99","99","4",0.700871832489039,NA
"3658","DCompL12.qqP.4","qqP","99","99","4",0.512879280864892,NA
"3659","DCompL2.qqP.4","qqP","99","99","4",0.448020825463674,NA
"3660","DCompL22.qqP.4","qqP","99","99","4",0.464627326953146,NA
"3661","DCompL3.qqP.4","qqP","99","99","4",0.579764955776359,NA
"3662","DCompL32.qqP.4","qqP","99","99","4",0.33380677365944,NA
"3663","DCompR1.qqP.4","qqP","99","99","4",0.184044217943772,NA
"3664","DCompR12.qqP.4","qqP","99","99","4",0.222880838560957,NA
"3665","L1CompL2.qqP.4","qqP","99","99","4",-0.84529320367698,NA
"3666","L1CompL22.qqP.4","qqP","99","99","4",-0.789776862211531,NA
"3667","L1CompL3.qqP.4","qqP","99","99","4",-0.404866173989588,NA
"3668","L1CompL32.qqP.4","qqP","99","99","4",-1.22711632904363,NA
"3669","L1CompR1.qqP.4","qqP","99","99","4",-1.7277798304512,NA
"3670","L1CompR12.qqP.4","qqP","99","99","4",-1.59794712047827,NA
"3671","L12CompL2.qqP.4","qqP","99","99","4",-0.13314657507563,NA
"3672","L12CompL22.qqP.4","qqP","99","99","4",-0.0990554333172635,NA
"3673","L12CompL3.qqP.4","qqP","99","99","4",0.137308211874511,NA
"3674","L12CompL32.qqP.4","qqP","99","99","4",-0.36761422820076,NA
"3675","L12CompR1.qqP.4","qqP","99","99","4",-0.675058666165899,NA
"3676","L12CompR12.qqP.4","qqP","99","99","4",-0.595331774880838,NA
"3677","L2CompL3.qqP.4","qqP","99","99","4",0.238675907335369,NA
"3678","L2CompL32.qqP.4","qqP","99","99","4",-0.206917320567712,NA
"3679","L2CompR1.qqP.4","qqP","99","99","4",-0.478236534451953,NA
"3680","L2CompR12.qqP.4","qqP","99","99","4",-0.407877683232957,NA
"3681","L22CompL3.qqP.4","qqP","99","99","4",0.215060713069187,NA
"3682","L22CompL32.qqP.4","qqP","99","99","4",-0.244354185186919,NA
"3683","L22CompR1.qqP.4","qqP","99","99","4",-0.524089336522447,NA
"3684","L22CompR12.qqP.4","qqP","99","99","4",-0.451548053464119,NA
"3685","L3CompR1.qqP.4","qqP","99","99","4",-0.941665249654888,NA
"3686","L3CompR12.qqP.4","qqP","99","99","4",-0.849248824249592,NA
"3687","L32CompR1.qqP.4","qqP","99","99","4",-0.224803480122911,NA
"3688","L32CompR12.qqP.4","qqP","99","99","4",-0.166507149446423,NA
"3689","DCompL1.qABQ.4","qABQ","99","99","4",0,NA
"3690","DCompL12.qABQ.4","qABQ","99","99","4",1,NA
"3691","DCompL2.qABQ.4","qABQ","99","99","4",1,NA
"3692","DCompL22.qABQ.4","qABQ","99","99","4",1,NA
"3693","DCompL3.qABQ.4","qABQ","99","99","4",0,NA
"3694","DCompL32.qABQ.4","qABQ","99","99","4",0,NA
"3695","DCompR1.qABQ.4","qABQ","99","99","4",1,NA
"3696","DCompR12.qABQ.4","qABQ","99","99","4",1,NA
"3697","L1CompL2.qABQ.4","qABQ","99","99","4",1.24938109490352,NA
"3698","L1CompL22.qABQ.4","qABQ","99","99","4",1.28248218632938,NA
"3699","L1CompL3.qABQ.4","qABQ","99","99","4",0.466182865765894,NA
"3700","L1CompL32.qABQ.4","qABQ","99","99","4",0.325361639628432,NA
"3701","L1CompR1.qABQ.4","qABQ","99","99","4",1.05550536162845,NA
"3702","L1CompR12.qABQ.4","qABQ","99","99","4",1.33616541693703,NA
"3703","L12CompL2.qABQ.4","qABQ","99","99","4",-1.08068338595793,NA
"3704","L12CompL22.qABQ.4","qABQ","99","99","4",-1.35685865503154,NA
"3705","L12CompL3.qABQ.4","qABQ","99","99","4",5.45384379585903,NA
"3706","L12CompL32.qABQ.4","qABQ","99","99","4",6.62877000960349,NA
"3707","L12CompR1.qABQ.4","qABQ","99","99","4",0.536897198175385,NA
"3708","L12CompR12.qABQ.4","qABQ","99","99","4",-1.80475870965718,NA
"3709","L2CompL3.qABQ.4","qABQ","99","99","4",3.14056777014563,NA
"3710","L2CompL32.qABQ.4","qABQ","99","99","4",3.70525061505792,NA
"3711","L2CompR1.qABQ.4","qABQ","99","99","4",0.777427548588126,NA
"3712","L2CompR12.qABQ.4","qABQ","99","99","4",-0.347998801060203,NA
"3713","L22CompL3.qABQ.4","qABQ","99","99","4",2.88973733590292,NA
"3714","L22CompL32.qABQ.4","qABQ","99","99","4",3.38825098721424,NA
"3715","L22CompR1.qABQ.4","qABQ","99","99","4",0.803508453578257,NA
"3716","L22CompR12.qABQ.4","qABQ","99","99","4",-0.190041118362972,NA
"3717","L3CompR1.qABQ.4","qABQ","99","99","4",1.10397823162437,NA
"3718","L3CompR12.qABQ.4","qABQ","99","99","4",1.62973890379023,NA
"3719","L32CompR1.qABQ.4","qABQ","99","99","4",1.08227424482338,NA
"3720","L32CompR12.qABQ.4","qABQ","99","99","4",1.49828980485468,NA
"3721","DCompL1.qqm.4","qqm","99","99","4",0,NA
"3722","DCompL12.qqm.4","qqm","99","99","4",0,NA
"3723","DCompL2.qqm.4","qqm","99","99","4",0,NA
"3724","DCompL22.qqm.4","qqm","99","99","4",0,NA
"3725","DCompL3.qqm.4","qqm","99","99","4",0,NA
"3726","DCompL32.qqm.4","qqm","99","99","4",0,NA
"3727","DCompR1.qqm.4","qqm","99","99","4",0,NA
"3728","DCompR12.qqm.4","qqm","99","99","4",0,NA
"3729","L1CompL2.qqm.4","qqm","99","99","4",0.193638753252893,NA
"3730","L1CompL22.qqm.4","qqm","99","99","4",0.292765557368626,NA
"3731","L1CompL3.qqm.4","qqm","99","99","4",0.0217861138326273,NA
"3732","L1CompL32.qqm.4","qqm","99","99","4",0.0285624299642274,NA
"3733","L1CompR1.qqm.4","qqm","99","99","4",0.464304724155773,NA
"3734","L1CompR12.qqm.4","qqm","99","99","4",0.571050960539576,NA
"3735","L12CompL2.qqm.4","qqm","99","99","4",0.157235062862491,NA
"3736","L12CompL22.qqm.4","qqm","99","99","4",0.260837009479152,NA
"3737","L12CompL3.qqm.4","qqm","99","99","4",-0.0223759730624009,NA
"3738","L12CompL32.qqm.4","qqm","99","99","4",-0.0152937358371999,NA
"3739","L12CompR1.qqm.4","qqm","99","99","4",0.440120420849899,NA
"3740","L12CompR12.qqm.4","qqm","99","99","4",0.551685783841452,NA
"3741","L2CompL3.qqm.4","qqm","99","99","4",-0.213121153966075,NA
"3742","L2CompL32.qqm.4","qqm","99","99","4",-0.204717580308566,NA
"3743","L2CompR1.qqm.4","qqm","99","99","4",0.335663416359301,NA
"3744","L2CompR12.qqm.4","qqm","99","99","4",0.46804358320688,NA
"3745","L22CompL3.qqm.4","qqm","99","99","4",-0.383153629407214,NA
"3746","L22CompL32.qqm.4","qqm","99","99","4",-0.373572201067288,NA
"3747","L22CompR1.qqm.4","qqm","99","99","4",0.242549226178675,NA
"3748","L22CompR12.qqm.4","qqm","99","99","4",0.393483951567102,NA
"3749","L3CompR1.qqm.4","qqm","99","99","4",0.452374083603461,NA
"3750","L3CompR12.qqm.4","qqm","99","99","4",0.561497699505126,NA
"3751","L32CompR1.qqm.4","qqm","99","99","4",0.448554088942122,NA
"3752","L32CompR12.qqm.4","qqm","99","99","4",0.558438902620754,NA
"3753","DCampL1.mQuant.1","mQuant","99","99","1",0.871868259171189,NA
"3754","DCampL2.mQuant.1","mQuant","99","99","1",0.68076514367497,NA
"3755","DCampL3.mQuant.1","mQuant","99","99","1",0.857335913603534,NA
"3756","DCampR1.mQuant.1","mQuant","99","99","1",0.434105617637089,NA
"3757","L1CampL2.mQuant.1","mQuant","99","99","1",-1.49145804357362,NA
"3758","L1CampL3.mQuant.1","mQuant","99","99","1",-0.113417217885703,NA
"3759","L1CampR1.mQuant.1","mQuant","99","99","1",-3.41650428459385,NA
"3760","L2CampL3.mQuant.1","mQuant","99","99","1",0.553106173809503,NA
"3761","L2CampR1.mQuant.1","mQuant","99","99","1",-0.772658502512467,NA
"3762","L3CampR1.mQuant.1","mQuant","99","99","1",-2.96662114942004,NA
"3763","DCampL1.mSigma.1","mSigma","99","99","1",0.290551493930024,NA
"3764","DCampL2.mSigma.1","mSigma","99","99","1",-0.0187989504118732,NA
"3765","DCampL3.mSigma.1","mSigma","99","99","1",0.275554785949711,NA
"3766","DCampR1.mSigma.1","mSigma","99","99","1",-0.0333688384157878,NA
"3767","L1CampL2.mSigma.1","mSigma","99","99","1",-0.436043548890616,NA
"3768","L1CampL3.mSigma.1","mSigma","99","99","1",-0.021138543322035,NA
"3769","L1CampR1.mSigma.1","mSigma","99","99","1",-0.456580470005053,NA
"3770","L2CampL3.mSigma.1","mSigma","99","99","1",0.288922300364154,NA
"3771","L2CampR1.mSigma.1","mSigma","99","99","1",-0.0143010433982332,NA
"3772","L3CampR1.mSigma.1","mSigma","99","99","1",-0.426427862830845,NA
"3773","DCampL1.mConnect.1","mConnect","99","99","1",0.0451112738102082,NA
"3774","DCampL2.mConnect.1","mConnect","99","99","1",0.28622746422003,NA
"3775","DCampL3.mConnect.1","mConnect","99","99","1",0.10170832167478,NA
"3776","DCampR1.mConnect.1","mConnect","99","99","1",0.302615039340027,NA
"3777","L1CampL2.mConnect.1","mConnect","99","99","1",0.252507107683559,NA
"3778","L1CampL3.mConnect.1","mConnect","99","99","1",0.0592708305295487,NA
"3779","L1CampR1.mConnect.1","mConnect","99","99","1",0.269668871845742,NA
"3780","L2CampL3.mConnect.1","mConnect","99","99","1",-0.258512527865223,NA
"3781","L2CampR1.mConnect.1","mConnect","99","99","1",0.0229591001313736,NA
"3782","L3CampR1.mConnect.1","mConnect","99","99","1",0.223654212226277,NA
"3783","DCampL1.mTau1.1","mTau1","99","99","1",-2.61542349049549,NA
"3784","DCampL2.mTau1.1","mTau1","99","99","1",-1.46732867487547,NA
"3785","DCampL3.mTau1.1","mTau1","99","99","1",-1.16380585559751,NA
"3786","DCampR1.mTau1.1","mTau1","99","99","1",-1.04008616819927,NA
"3787","L1CampL2.mTau1.1","mTau1","99","99","1",0.317554725923041,NA
"3788","L1CampL3.mTau1.1","mTau1","99","99","1",0.40150694343667,NA
"3789","L1CampR1.mTau1.1","mTau1","99","99","1",0.43572691454752,NA
"3790","L2CampL3.mTau1.1","mTau1","99","99","1",0.123016776146892,NA
"3791","L2CampR1.mTau1.1","mTau1","99","99","1",0.173159948663009,NA
"3792","L3CampR1.mTau1.1","mTau1","99","99","1",0.0571768890809663,NA
"3793","DCampL1.mTau2.1","mTau2","99","99","1",-14.1922969719317,NA
"3794","DCampL2.mTau2.1","mTau2","99","99","1",-4.30248317238065,NA
"3795","DCampL3.mTau2.1","mTau2","99","99","1",-11.6714845257944,NA
"3796","DCampR1.mTau2.1","mTau2","99","99","1",-1.13895356603127,NA
"3797","L1CampL2.mTau2.1","mTau2","99","99","1",0.65097554489771,NA
"3798","L1CampL3.mTau2.1","mTau2","99","99","1",0.165927012274354,NA
"3799","L1CampR1.mTau2.1","mTau2","99","99","1",0.859208020355115,NA
"3800","L2CampL3.mTau2.1","mTau2","99","99","1",-1.38972649489905,NA
"3801","L2CampR1.mTau2.1","mTau2","99","99","1",0.596612851659283,NA
"3802","L3CampR1.mTau2.1","mTau2","99","99","1",0.83119944930863,NA
"3803","DCampL1.mNPQ.1","mNPQ","99","99","1",0.722617567081608,NA
"3804","DCampL2.mNPQ.1","mNPQ","99","99","1",0.615821642464682,NA
"3805","DCampL3.mNPQ.1","mNPQ","99","99","1",0.458039909352136,NA
"3806","DCampR1.mNPQ.1","mNPQ","99","99","1",0.262897032525178,NA
"3807","L1CampL2.mNPQ.1","mNPQ","99","99","1",-0.385013295518774,NA
"3808","L1CampL3.mNPQ.1","mNPQ","99","99","1",-0.953837108377055,NA
"3809","L1CampR1.mNPQ.1","mNPQ","99","99","1",-1.65735273758913,NA
"3810","L2CampL3.mNPQ.1","mNPQ","99","99","1",-0.410699171407753,NA
"3811","L2CampR1.mNPQ.1","mNPQ","99","99","1",-0.918647818174036,NA
"3812","L3CampR1.mNPQ.1","mNPQ","99","99","1",-0.360068721284777,NA
"3813","DCampL1.mqP.1","mqP","99","99","1",0.665440389395625,NA
"3814","DCampL2.mqP.1","mqP","99","99","1",0.499473609368705,NA
"3815","DCampL3.mqP.1","mqP","99","99","1",0.486227961335739,NA
"3816","DCampR1.mqP.1","mqP","99","99","1",0.227520597652675,NA
"3817","L1CampL2.mqP.1","mqP","99","99","1",-0.496075362256385,NA
"3818","L1CampL3.mqP.1","mqP","99","99","1",-0.535666656641975,NA
"3819","L1CampR1.mqP.1","mqP","99","99","1",-1.30894399043524,NA
"3820","L2CampL3.mqP.1","mqP","99","99","1",-0.0264634358565187,NA
"3821","L2CampR1.mqP.1","mqP","99","99","1",-0.543334011565355,NA
"3822","L3CampR1.mqP.1","mqP","99","99","1",-0.503545043742878,NA
"3823","DCampL1.mABQ.1","mABQ","99","99","1",0,NA
"3824","DCampL2.mABQ.1","mABQ","99","99","1",1,NA
"3825","DCampL3.mABQ.1","mABQ","99","99","1",0,NA
"3826","DCampR1.mABQ.1","mABQ","99","99","1",1,NA
"3827","L1CampL2.mABQ.1","mABQ","99","99","1",1.06470092498096,NA
"3828","L1CampL3.mABQ.1","mABQ","99","99","1",0.051614630430793,NA
"3829","L1CampR1.mABQ.1","mABQ","99","99","1",1.1148465559906,NA
"3830","L2CampL3.mABQ.1","mABQ","99","99","1",15.6579878084937,NA
"3831","L2CampR1.mABQ.1","mABQ","99","99","1",-0.775037312440205,NA
"3832","L3CampR1.mABQ.1","mABQ","99","99","1",1.12109692923961,NA
"3833","DCampL1.mqm.1","mqm","99","99","1",0,NA
"3834","DCampL2.mqm.1","mqm","99","99","1",0,NA
"3835","DCampL3.mqm.1","mqm","99","99","1",0,NA
"3836","DCampR1.mqm.1","mqm","99","99","1",0,NA
"3837","L1CampL2.mqm.1","mqm","99","99","1",0.219188063662146,NA
"3838","L1CampL3.mqm.1","mqm","99","99","1",0.0166680520993738,NA
"3839","L1CampR1.mqm.1","mqm","99","99","1",0.502097234220045,NA
"3840","L2CampL3.mqm.1","mqm","99","99","1",-0.259371049721175,NA
"3841","L2CampR1.mqm.1","mqm","99","99","1",0.362326902794024,NA
"3842","L3CampR1.mqm.1","mqm","99","99","1",0.493657490898209,NA
"3843","DCampL1.mQuant.2","mQuant","99","99","2",0.879936652515248,NA
"3844","DCampL2.mQuant.2","mQuant","99","99","2",0.675724872484802,NA
"3845","DCampL3.mQuant.2","mQuant","99","99","2",0.856293898401034,NA
"3846","DCampR1.mQuant.2","mQuant","99","99","2",0.435092898480607,NA
"3847","L1CampL2.mQuant.2","mQuant","99","99","2",-1.70086695322552,NA
"3848","L1CampL3.mQuant.2","mQuant","99","99","2",-0.19691899825812,NA
"3849","L1CampR1.mQuant.2","mQuant","99","99","2",-3.70507539023212,NA
"3850","L2CampL3.mQuant.2","mQuant","99","99","2",0.556838963567348,NA
"3851","L2CampR1.mQuant.2","mQuant","99","99","2",-0.742061149888582,NA
"3852","L3CampR1.mQuant.2","mQuant","99","99","2",-2.93098897843499,NA
"3853","DCampL1.mSigma.2","mSigma","99","99","2",0.362436343930073,NA
"3854","DCampL2.mSigma.2","mSigma","99","99","2",0.0492444204023901,NA
"3855","DCampL3.mSigma.2","mSigma","99","99","2",0.34703310933692,NA
"3856","DCampR1.mSigma.2","mSigma","99","99","2",-0.0139953880677312,NA
"3857","L1CampL2.mSigma.2","mSigma","99","99","2",-0.491232397809909,NA
"3858","L1CampL3.mSigma.2","mSigma","99","99","2",-0.0241595242239836,NA
"3859","L1CampR1.mSigma.2","mSigma","99","99","2",-0.590422193006116,NA
"3860","L2CampL3.mSigma.2","mSigma","99","99","2",0.313212665089552,NA
"3861","L2CampR1.mSigma.2","mSigma","99","99","2",-0.066515316688319,NA
"3862","L3CampR1.mSigma.2","mSigma","99","99","2",-0.552904753008274,NA
"3863","DCampL1.mConnect.2","mConnect","99","99","2",-0.250423556217083,NA
"3864","DCampL2.mConnect.2","mConnect","99","99","2",0.367762635303877,NA
"3865","DCampL3.mConnect.2","mConnect","99","99","2",-0.0619133786721681,NA
"3866","DCampR1.mConnect.2","mConnect","99","99","2",0.353220916320548,NA
"3867","L1CampL2.mConnect.2","mConnect","99","99","2",0.494381434552596,NA
"3868","L1CampL3.mConnect.2","mConnect","99","99","2",0.150757058764325,NA
"3869","L1CampR1.mConnect.2","mConnect","99","99","2",0.482751999941397,NA
"3870","L2CampL3.mConnect.2","mConnect","99","99","2",-0.679611864101963,NA
"3871","L2CampR1.mConnect.2","mConnect","99","99","2",-0.0230004105978745,NA
"3872","L3CampR1.mConnect.2","mConnect","99","99","2",0.390930468840882,NA
"3873","DCampL1.mTau1.2","mTau1","99","99","2",-2.28790130119174,NA
"3874","DCampL2.mTau1.2","mTau1","99","99","2",-1.48947828199002,NA
"3875","DCampL3.mTau1.2","mTau1","99","99","2",-0.793764333407557,NA
"3876","DCampR1.mTau1.2","mTau1","99","99","2",-1.33518872479799,NA
"3877","L1CampL2.mTau1.2","mTau1","99","99","2",0.242836674845536,NA
"3878","L1CampL3.mTau1.2","mTau1","99","99","2",0.454434860086163,NA
"3879","L1CampR1.mTau1.2","mTau1","99","99","2",0.289763131286339,NA
"3880","L2CampL3.mTau1.2","mTau1","99","99","2",0.279461746509526,NA
"3881","L2CampR1.mTau1.2","mTau1","99","99","2",0.0619766632664489,NA
"3882","L3CampR1.mTau1.2","mTau1","99","99","2",-0.301836970056097,NA
"3883","DCampL1.mTau2.2","mTau2","99","99","2",-10.5545671936953,NA
"3884","DCampL2.mTau2.2","mTau2","99","99","2",-4.17327957144445,NA
"3885","DCampL3.mTau2.2","mTau2","99","99","2",-12.5629854436194,NA
"3886","DCampR1.mTau2.2","mTau2","99","99","2",-1.43316245076715,NA
"3887","L1CampL2.mTau2.2","mTau2","99","99","2",0.552274050189674,NA
"3888","L1CampL3.mTau2.2","mTau2","99","99","2",-0.173820292552371,NA
"3889","L1CampR1.mTau2.2","mTau2","99","99","2",0.789419853640663,NA
"3890","L2CampL3.mTau2.2","mTau2","99","99","2",-1.62173834920591,NA
"3891","L2CampR1.mTau2.2","mTau2","99","99","2",0.529667318929031,NA
"3892","L3CampR1.mTau2.2","mTau2","99","99","2",0.820602738174301,NA
"3893","DCampL1.mNPQ.2","mNPQ","99","99","2",0.764085306070732,NA
"3894","DCampL2.mNPQ.2","mNPQ","99","99","2",0.663115508103821,NA
"3895","DCampL3.mNPQ.2","mNPQ","99","99","2",0.48925757025311,NA
"3896","DCampR1.mNPQ.2","mNPQ","99","99","2",0.302440964336071,NA
"3897","L1CampL2.mNPQ.2","mNPQ","99","99","2",-0.427992832007247,NA
"3898","L1CampL3.mNPQ.2","mNPQ","99","99","2",-1.16494539293097,NA
"3899","L1CampR1.mNPQ.2","mNPQ","99","99","2",-1.9568274194615,NA
"3900","L2CampL3.mNPQ.2","mNPQ","99","99","2",-0.516075812430958,NA
"3901","L2CampR1.mNPQ.2","mNPQ","99","99","2",-1.07061783027668,NA
"3902","L3CampR1.mNPQ.2","mNPQ","99","99","2",-0.365774596031937,NA
"3903","DCampL1.mqP.2","mqP","99","99","2",0.708103221332246,NA
"3904","DCampL2.mqP.2","mqP","99","99","2",0.534311007249151,NA
"3905","DCampL3.mqP.2","mqP","99","99","2",0.509056928369157,NA
"3906","DCampR1.mqP.2","mqP","99","99","2",0.247107059356579,NA
"3907","L1CampL2.mqP.2","mqP","99","99","2",-0.595389284103444,NA
"3908","L1CampL3.mqP.2","mqP","99","99","2",-0.68190643922676,NA
"3909","L1CampR1.mqP.2","mqP","99","99","2",-1.57931226264195,NA
"3910","L2CampL3.mqP.2","mqP","99","99","2",-0.0542294949485858,NA
"3911","L2CampR1.mqP.2","mqP","99","99","2",-0.61672908821839,NA
"3912","L3CampR1.mqP.2","mqP","99","99","2",-0.533564651686431,NA
"3913","DCampL1.mABQ.2","mABQ","99","99","2",0,NA
"3914","DCampL2.mABQ.2","mABQ","99","99","2",0,NA
"3915","DCampL3.mABQ.2","mABQ","99","99","2",0,NA
"3916","DCampR1.mABQ.2","mABQ","99","99","2",1,NA
"3917","L1CampL2.mABQ.2","mABQ","99","99","2",0.864129463760702,NA
"3918","L1CampL3.mABQ.2","mABQ","99","99","2",0.0424991446115145,NA
"3919","L1CampR1.mABQ.2","mABQ","99","99","2",1.03861474794711,NA
"3920","L2CampL3.mABQ.2","mABQ","99","99","2",-6.04715593160035,NA
"3921","L2CampR1.mABQ.2","mABQ","99","99","2",1.2842025137746,NA
"3922","L3CampR1.mABQ.2","mABQ","99","99","2",1.04032868245475,NA
"3923","DCampL1.mqm.2","mqm","99","99","2",0,NA
"3924","DCampL2.mqm.2","mqm","99","99","2",0,NA
"3925","DCampL3.mqm.2","mqm","99","99","2",0,NA
"3926","DCampR1.mqm.2","mqm","99","99","2",0,NA
"3927","L1CampL2.mqm.2","mqm","99","99","2",0.23207554708253,NA
"3928","L1CampL3.mqm.2","mqm","99","99","2",0.0268687002031708,NA
"3929","L1CampR1.mqm.2","mqm","99","99","2",0.505540657686074,NA
"3930","L2CampL3.mqm.2","mqm","99","99","2",-0.267222701529747,NA
"3931","L2CampR1.mqm.2","mqm","99","99","2",0.35610939274639,NA
"3932","L3CampR1.mqm.2","mqm","99","99","2",0.491888358315924,NA
"3933","DCampL1.mQuant.3","mQuant","99","99","3",0.86835835426264,NA
"3934","DCampL2.mQuant.3","mQuant","99","99","3",0.672798551538085,NA
"3935","DCampL3.mQuant.3","mQuant","99","99","3",0.848583010847871,NA
"3936","DCampR1.mQuant.3","mQuant","99","99","3",0.428900212426846,NA
"3937","L1CampL2.mQuant.3","mQuant","99","99","3",-1.48554662644311,NA
"3938","L1CampL3.mQuant.3","mQuant","99","99","3",-0.150221028489897,NA
"3939","L1CampR1.mQuant.3","mQuant","99","99","3",-3.33829115683165,NA
"3940","L2CampL3.mQuant.3","mQuant","99","99","3",0.537236189314262,NA
"3941","L2CampR1.mQuant.3","mQuant","99","99","3",-0.745407272057439,NA
"3942","L3CampR1.mQuant.3","mQuant","99","99","3",-2.77170217669147,NA
"3943","DCampL1.mSigma.3","mSigma","99","99","3",0.283732595351081,NA
"3944","DCampL2.mSigma.3","mSigma","99","99","3",-0.0230501234405682,NA
"3945","DCampL3.mSigma.3","mSigma","99","99","3",0.261388375824189,NA
"3946","DCampR1.mSigma.3","mSigma","99","99","3",-0.0330977637968227,NA
"3947","L1CampL2.mSigma.3","mSigma","99","99","3",-0.428307524257676,NA
"3948","L1CampL3.mSigma.3","mSigma","99","99","3",-0.031195359975712,NA
"3949","L1CampR1.mSigma.3","mSigma","99","99","3",-0.442335302558127,NA
"3950","L2CampL3.mSigma.3","mSigma","99","99","3",0.278029876295969,NA
"3951","L2CampR1.mSigma.3","mSigma","99","99","3",-0.00982125912116981,NA
"3952","L3CampR1.mSigma.3","mSigma","99","99","3",-0.398702281391277,NA
"3953","DCampL1.mConnect.3","mConnect","99","99","3",-0.0872380349087141,NA
"3954","DCampL2.mConnect.3","mConnect","99","99","3",0.323291307628515,NA
"3955","DCampL3.mConnect.3","mConnect","99","99","3",0.0899939553685293,NA
"3956","DCampR1.mConnect.3","mConnect","99","99","3",0.29406864113351,NA
"3957","L1CampL2.mConnect.3","mConnect","99","99","3",0.377589202507708,NA
"3958","L1CampL3.mConnect.3","mConnect","99","99","3",0.163011212436221,NA
"3959","L1CampR1.mConnect.3","mConnect","99","99","3",0.35071131049443,NA
"3960","L2CampL3.mConnect.3","mConnect","99","99","3",-0.344753000648491,NA
"3961","L2CampR1.mConnect.3","mConnect","99","99","3",-0.0431835246457332,NA
"3962","L3CampR1.mConnect.3","mConnect","99","99","3",0.224256406832578,NA
"3963","DCampL1.mTau1.3","mTau1","99","99","3",-1.63248065688583,NA
"3964","DCampL2.mTau1.3","mTau1","99","99","3",-1.27367245820074,NA
"3965","DCampL3.mTau1.3","mTau1","99","99","3",-0.897130096880933,NA
"3966","DCampR1.mTau1.3","mTau1","99","99","3",-0.984035131693719,NA
"3967","L1CampL2.mTau1.3","mTau1","99","99","3",0.136300412216341,NA
"3968","L1CampL3.mTau1.3","mTau1","99","99","3",0.279337497915293,NA
"3969","L1CampR1.mTau1.3","mTau1","99","99","3",0.246324896441673,NA
"3970","L2CampL3.mTau1.3","mTau1","99","99","3",0.165609764925325,NA
"3971","L2CampR1.mTau1.3","mTau1","99","99","3",0.127387445567348,NA
"3972","L3CampR1.mTau1.3","mTau1","99","99","3",-0.0458086848949716,NA
"3973","DCampL1.mTau2.3","mTau2","99","99","3",-10.6186520976189,NA
"3974","DCampL2.mTau2.3","mTau2","99","99","3",-4.16424355113486,NA
"3975","DCampL3.mTau2.3","mTau2","99","99","3",-11.799794473784,NA
"3976","DCampR1.mTau2.3","mTau2","99","99","3",-1.10987254675079,NA
"3977","L1CampL2.mTau2.3","mTau2","99","99","3",0.555521285279451,NA
"3978","L1CampL3.mTau2.3","mTau2","99","99","3",-0.10165915686615,NA
"3979","L1CampR1.mTau2.3","mTau2","99","99","3",0.818406427094656,NA
"3980","L2CampL3.mTau2.3","mTau2","99","99","3",-1.4785419872328,NA
"3981","L2CampR1.mTau2.3","mTau2","99","99","3",0.59144596379713,NA
"3982","L3CampR1.mTau2.3","mTau2","99","99","3",0.835163560549964,NA
"3983","DCampL1.mNPQ.3","mNPQ","99","99","3",0.709231483835436,NA
"3984","DCampL2.mNPQ.3","mNPQ","99","99","3",0.611583870954405,NA
"3985","DCampL3.mNPQ.3","mNPQ","99","99","3",0.46271658649752,NA
"3986","DCampR1.mNPQ.3","mNPQ","99","99","3",0.287289382350774,NA
"3987","L1CampL2.mNPQ.3","mNPQ","99","99","3",-0.335825949002558,NA
"3988","L1CampL3.mNPQ.3","mNPQ","99","99","3",-0.847804640576692,NA
"3989","L1CampR1.mNPQ.3","mNPQ","99","99","3",-1.45112719578573,NA
"3990","L2CampL3.mNPQ.3","mNPQ","99","99","3",-0.383267514721076,NA
"3991","L2CampR1.mNPQ.3","mNPQ","99","99","3",-0.834915093254441,NA
"3992","L3CampR1.mNPQ.3","mNPQ","99","99","3",-0.326507760593536,NA
"3993","DCampL1.mqP.3","mqP","99","99","3",0.634003472633344,NA
"3994","DCampL2.mqP.3","mqP","99","99","3",0.477467778075955,NA
"3995","DCampL3.mqP.3","mqP","99","99","3",0.459048530283726,NA
"3996","DCampR1.mqP.3","mqP","99","99","3",0.221776240029899,NA
"3997","L1CampL2.mqP.3","mqP","99","99","3",-0.427697212549154,NA
"3998","L1CampL3.mqP.3","mqP","99","99","3",-0.478023503688458,NA
"3999","L1CampR1.mqP.3","mqP","99","99","3",-1.12631460076799,NA
"4000","L2CampL3.mqP.3","mqP","99","99","3",-0.0352499750626021,NA
"4001","L2CampR1.mqP.3","mqP","99","99","3",-0.489331618832156,NA
"4002","L3CampR1.mqP.3","mqP","99","99","3",-0.438620289502635,NA
"4003","DCampL1.mABQ.3","mABQ","99","99","3",0,NA
"4004","DCampL2.mABQ.3","mABQ","99","99","3",1,NA
"4005","DCampL3.mABQ.3","mABQ","99","99","3",0,NA
"4006","DCampR1.mABQ.3","mABQ","99","99","3",1,NA
"4007","L1CampL2.mABQ.3","mABQ","99","99","3",1.08123889823813,NA
"4008","L1CampL3.mABQ.3","mABQ","99","99","3",0.0787509785375337,NA
"4009","L1CampR1.mABQ.3","mABQ","99","99","3",1.11665125663785,NA
"4010","L2CampL3.mABQ.3","mABQ","99","99","3",12.3399989591445,NA
"4011","L2CampR1.mABQ.3","mABQ","99","99","3",-0.435903971714575,NA
"4012","L3CampR1.mABQ.3","mABQ","99","99","3",1.12662293681753,NA
"4013","DCampL1.mqm.3","mqm","99","99","3",0,NA
"4014","DCampL2.mqm.3","mqm","99","99","3",0,NA
"4015","DCampL3.mqm.3","mqm","99","99","3",0,NA
"4016","DCampR1.mqm.3","mqm","99","99","3",0,NA
"4017","L1CampL2.mqm.3","mqm","99","99","3",0.22520633533907,NA
"4018","L1CampL3.mqm.3","mqm","99","99","3",0.0227732517545258,NA
"4019","L1CampR1.mqm.3","mqm","99","99","3",0.506079246751714,NA
"4020","L2CampL3.mqm.3","mqm","99","99","3",-0.261273540063256,NA
"4021","L2CampR1.mqm.3","mqm","99","99","3",0.362513175085861,NA
"4022","L3CampR1.mqm.3","mqm","99","99","3",0.494568937930651,NA
"4023","DCampL1.mQuant.4","mQuant","99","99","4",0.86243062383771,NA
"4024","DCampL2.mQuant.4","mQuant","99","99","4",0.649457375343651,NA
"4025","DCampL3.mQuant.4","mQuant","99","99","4",0.842199694019222,NA
"4026","DCampR1.mQuant.4","mQuant","99","99","4",0.411805770180699,NA
"4027","L1CampL2.mQuant.4","mQuant","99","99","4",-1.5481152450878,NA
"4028","L1CampL3.mQuant.4","mQuant","99","99","4",-0.147059835428938,NA
"4029","L1CampR1.mQuant.4","mQuant","99","99","4",-3.27561893662593,NA
"4030","L2CampL3.mQuant.4","mQuant","99","99","4",0.549839891409852,NA
"4031","L2CampR1.mQuant.4","mQuant","99","99","4",-0.677953516768275,NA
"4032","L3CampR1.mQuant.4","mQuant","99","99","4",-2.7274593744511,NA
"4033","DCampL1.mSigma.4","mSigma","99","99","4",0.154253452306466,NA
"4034","DCampL2.mSigma.4","mSigma","99","99","4",-0.1091552356537,NA
"4035","DCampL3.mSigma.4","mSigma","99","99","4",0.178135951165777,NA
"4036","DCampR1.mSigma.4","mSigma","99","99","4",-0.0782736073244539,NA
"4037","L1CampL2.mSigma.4","mSigma","99","99","4",-0.311451094513501,NA
"4038","L1CampL3.mSigma.4","mSigma","99","99","4",0.0282383639926666,NA
"4039","L1CampR1.mSigma.4","mSigma","99","99","4",-0.274937048534283,NA
"4040","L2CampL3.mSigma.4","mSigma","99","99","4",0.259018014417213,NA
"4041","L2CampR1.mSigma.4","mSigma","99","99","4",0.027842476270732,NA
"4042","L3CampR1.mSigma.4","mSigma","99","99","4",-0.311985368935332,NA
"4043","DCampL1.mConnect.4","mConnect","99","99","4",0.251045248158451,NA
"4044","DCampL2.mConnect.4","mConnect","99","99","4",0.279285344730371,NA
"4045","DCampL3.mConnect.4","mConnect","99","99","4",0.0722846341651507,NA
"4046","DCampR1.mConnect.4","mConnect","99","99","4",0.298836119894289,NA
"4047","L1CampL2.mConnect.4","mConnect","99","99","4",0.0377060116148308,NA
"4048","L1CampL3.mConnect.4","mConnect","99","99","4",-0.238680125272934,NA
"4049","L1CampR1.mConnect.4","mConnect","99","99","4",0.0638100921562068,NA
"4050","L2CampL3.mConnect.4","mConnect","99","99","4",-0.287215903064685,NA
"4051","L2CampR1.mConnect.4","mConnect","99","99","4",0.0271269288351072,NA
"4052","L3CampR1.mConnect.4","mConnect","99","99","4",0.244203657794613,NA
"4053","DCampL1.mTau1.4","mTau1","99","99","4",-1.61396903148682,NA
"4054","DCampL2.mTau1.4","mTau1","99","99","4",-1.4239252649139,NA
"4055","DCampL3.mTau1.4","mTau1","99","99","4",-1.05403187571319,NA
"4056","DCampR1.mTau1.4","mTau1","99","99","4",-1.09158542721914,NA
"4057","L1CampL2.mTau1.4","mTau1","99","99","4",0.0727031438719163,NA
"4058","L1CampL3.mTau1.4","mTau1","99","99","4",0.214209559879576,NA
"4059","L1CampR1.mTau1.4","mTau1","99","99","4",0.199843073110377,NA
"4060","L2CampL3.mTau1.4","mTau1","99","99","4",0.152600987561327,NA
"4061","L2CampR1.mTau1.4","mTau1","99","99","4",0.137108120660876,NA
"4062","L3CampR1.mTau1.4","mTau1","99","99","4",-0.0182828474815719,NA
"4063","DCampL1.mTau2.4","mTau2","99","99","4",-8.44019346765642,NA
"4064","DCampL2.mTau2.4","mTau2","99","99","4",-3.78635754532409,NA
"4065","DCampL3.mTau2.4","mTau2","99","99","4",-12.2861363219788,NA
"4066","DCampR1.mTau2.4","mTau2","99","99","4",-1.21376521632861,NA
"4067","L1CampL2.mTau2.4","mTau2","99","99","4",0.492980990090627,NA
"4068","L1CampL3.mTau2.4","mTau2","99","99","4",-0.40740085121128,NA
"4069","L1CampR1.mTau2.4","mTau2","99","99","4",0.765495778882783,NA
"4070","L2CampL3.mTau2.4","mTau2","99","99","4",-1.77583448293752,NA
"4071","L2CampR1.mTau2.4","mTau2","99","99","4",0.537484361465789,NA
"4072","L3CampR1.mTau2.4","mTau2","99","99","4",0.833377803548015,NA
"4073","DCampL1.mNPQ.4","mNPQ","99","99","4",0.692122385212324,NA
"4074","DCampL2.mNPQ.4","mNPQ","99","99","4",0.600695815540816,NA
"4075","DCampL3.mNPQ.4","mNPQ","99","99","4",0.455920237518145,NA
"4076","DCampR1.mNPQ.4","mNPQ","99","99","4",0.278646064477885,NA
"4077","L1CampL2.mNPQ.4","mNPQ","99","99","4",-0.29695750934851,NA
"4078","L1CampL3.mNPQ.4","mNPQ","99","99","4",-0.767194938342865,NA
"4079","L1CampR1.mNPQ.4","mNPQ","99","99","4",-1.34298922972879,NA
"4080","L2CampL3.mNPQ.4","mNPQ","99","99","4",-0.362569649047768,NA
"4081","L2CampR1.mNPQ.4","mNPQ","99","99","4",-0.806527363341092,NA
"4082","L3CampR1.mNPQ.4","mNPQ","99","99","4",-0.325823868602669,NA
"4083","DCampL1.mqP.4","mqP","99","99","4",0.61306832822283,NA
"4084","DCampL2.mqP.4","mqP","99","99","4",0.457816918668133,NA
"4085","DCampL3.mqP.4","mqP","99","99","4",0.446913022271786,NA
"4086","DCampR1.mqP.4","mqP","99","99","4",0.210135047075993,NA
"4087","L1CampL2.mqP.4","mqP","99","99","4",-0.401237274895669,NA
"4088","L1CampL3.mqP.4","mqP","99","99","4",-0.429417693278754,NA
"4089","L1CampR1.mqP.4","mqP","99","99","4",-1.04135512943712,NA
"4090","L2CampL3.mqP.4","mqP","99","99","4",-0.0201110967342653,NA
"4091","L2CampR1.mqP.4","mqP","99","99","4",-0.456823313231598,NA
"4092","L3CampR1.mqP.4","mqP","99","99","4",-0.428102603623666,NA
"4093","DCampL1.mABQ.4","mABQ","99","99","4",0,NA
"4094","DCampL2.mABQ.4","mABQ","99","99","4",1,NA
"4095","DCampL3.mABQ.4","mABQ","99","99","4",0,NA
"4096","DCampR1.mABQ.4","mABQ","99","99","4",1,NA
"4097","L1CampL2.mABQ.4","mABQ","99","99","4",1.70763560893817,NA
"4098","L1CampL3.mABQ.4","mABQ","99","99","4",-0.154826349117057,NA
"4099","L1CampR1.mABQ.4","mABQ","99","99","4",1.50743504378069,NA
"4100","L2CampL3.mABQ.4","mABQ","99","99","4",2.63195058944237,NA
"4101","L2CampR1.mABQ.4","mABQ","99","99","4",0.282914769450177,NA
"4102","L3CampR1.mABQ.4","mABQ","99","99","4",1.43940376331789,NA
"4103","DCampL1.mqm.4","mqm","99","99","4",0,NA
"4104","DCampL2.mqm.4","mqm","99","99","4",0,NA
"4105","DCampL3.mqm.4","mqm","99","99","4",0,NA
"4106","DCampR1.mqm.4","mqm","99","99","4",0,NA
"4107","L1CampL2.mqm.4","mqm","99","99","4",0.246945368830196,NA
"4108","L1CampL3.mqm.4","mqm","99","99","4",0.0234580373879384,NA
"4109","L1CampR1.mqm.4","mqm","99","99","4",0.522505626773533,NA
"4110","L2CampL3.mqm.4","mqm","99","99","4",-0.29677439350594,NA
"4111","L2CampR1.mqm.4","mqm","99","99","4",0.365923329513662,NA
"4112","L3CampR1.mqm.4","mqm","99","99","4",0.51103547875274,NA
"4113","secDer1TOJp.1","OJIP2","99","99","1",7.67747758884811,NA
"4114","secDer2TJ.1","OJIP2","99","99","1",68.6065254496955,NA
"4115","secDer3TJIp.1","OJIP2","99","99","1",180.577145933674,NA
"4116","secDer4TI.1","OJIP2","99","99","1",239.423357822436,NA
"4117","secDer5TIPp.1","OJIP2","99","99","1",547.910966556901,NA
"4118","secDer1FOJp.1","OJIP2","99","99","1",0.361748756096415,NA
"4119","secDer2FJ.1","OJIP2","99","99","1",0.526021110746982,NA
"4120","secDer3FJIp.1","OJIP2","99","99","1",0.57255559428963,NA
"4121","secDer4FI.1","OJIP2","99","99","1",0.546405150785458,NA
"4122","secDer5FIPp.1","OJIP2","99","99","1",0.581690654675572,NA
"4123","firDer1TOJ.1","OJIP2","99","99","1",25.9463418179647,NA
"4124","firDer2TJp.1","OJIP2","99","99","1",138.716069408326,NA
"4125","firDer3TJI.1","OJIP2","99","99","1",320.371674563504,NA
"4126","firDer4TIp.1","OJIP2","99","99","1",431.647868944192,NA
"4127","firDer5TIP.1","OJIP2","99","99","1",1165.1519836928,NA
"4128","firDer1FOJ.1","OJIP2","99","99","1",0.442224344754318,NA
"4129","firDer2FJp.1","OJIP2","99","99","1",0.57499433030254,NA
"4130","firDer3FJI.1","OJIP2","99","99","1",0.578057543797031,NA
"4131","firDer4FIp.1","OJIP2","99","99","1",0.58336856000765,NA
"4132","firDer5FIP.1","OJIP2","99","99","1",0.625563752751777,NA
"4133","MTFm.1","OJIP2","99","99","1",3594.5662745098,NA
"4134","MTFo.1","OJIP2","99","99","1",0,NA
"4135","secDer1TOJp.2","OJIP2","99","99","2",24.0001145619271,NA
"4136","secDer2TJ.2","OJIP2","99","99","2",117.064534267212,NA
"4137","secDer3TJIp.2","OJIP2","99","99","2",822.234797200317,NA
"4138","secDer4TI.2","OJIP2","99","99","2",4818.20311107603,NA
"4139","secDer5TIPp.2","OJIP2","99","99","2",0,NA
"4140","secDer1FOJp.2","OJIP2","99","99","2",0.518087962391009,NA
"4141","secDer2FJ.2","OJIP2","99","99","2",0.748248185142918,NA
"4142","secDer3FJIp.2","OJIP2","99","99","2",0.790459487036153,NA
"4143","secDer4FI.2","OJIP2","99","99","2",0.896714509222702,NA
"4144","secDer5FIPp.2","OJIP2","99","99","2",0,NA
"4145","firDer1TOJ.2","OJIP2","99","99","2",68.1361404242142,NA
"4146","firDer2TJp.2","OJIP2","99","99","2",501.034170876986,NA
"4147","firDer3TJI.2","OJIP2","99","99","2",3964.86178703279,NA
"4148","firDer4TIp.2","OJIP2","99","99","2",0,NA
"4149","firDer5TIP.2","OJIP2","99","99","2",0,NA
"4150","firDer1FOJ.2","OJIP2","99","99","2",0.647453873018486,NA
"4151","firDer2FJp.2","OJIP2","99","99","2",0.815683475369834,NA
"4152","firDer3FJI.2","OJIP2","99","99","2",0.87430513975213,NA
"4153","firDer4FIp.2","OJIP2","99","99","2",0,NA
"4154","firDer5FIP.2","OJIP2","99","99","2",0,NA
"4155","MTFm.2","OJIP2","99","99","2",3743.02411764706,NA
"4156","MTFo.2","OJIP2","99","99","2",0,NA
"4157","secDer1TOJp.3","OJIP2","99","99","3",25.6023637650347,NA
"4158","secDer2TJ.3","OJIP2","99","99","3",126.385734064047,NA
"4159","secDer3TJIp.3","OJIP2","99","99","3",892.81391063807,NA
"4160","secDer4TI.3","OJIP2","99","99","3",0,NA
"4161","secDer5TIPp.3","OJIP2","99","99","3",0,NA
"4162","secDer1FOJp.3","OJIP2","99","99","3",0.455069189768025,NA
"4163","secDer2FJ.3","OJIP2","99","99","3",0.684048381562261,NA
"4164","secDer3FJIp.3","OJIP2","99","99","3",0.738641721828687,NA
"4165","secDer4FI.3","OJIP2","99","99","3",0,NA
"4166","secDer5FIPp.3","OJIP2","99","99","3",0,NA
"4167","firDer1TOJ.3","OJIP2","99","99","3",72.485128458575,NA
"4168","firDer2TJp.3","OJIP2","99","99","3",536.125273130122,NA
"4169","firDer3TJI.3","OJIP2","99","99","3",5648.49959948057,NA
"4170","firDer4TIp.3","OJIP2","99","99","3",5687.56369668051,NA
"4171","firDer5TIP.3","OJIP2","99","99","3",5793.06048961173,NA
"4172","firDer1FOJ.3","OJIP2","99","99","3",0.581898301945402,NA
"4173","firDer2FJp.3","OJIP2","99","99","3",0.759909169300908,NA
"4174","firDer3FJI.3","OJIP2","99","99","3",0.854125649129498,NA
"4175","firDer4FIp.3","OJIP2","99","99","3",0.854162487289262,NA
"4176","firDer5FIP.3","OJIP2","99","99","3",0.855861907132547,NA
"4177","MTFm.3","OJIP2","99","99","3",3293.19392156863,NA
"4178","MTFo.3","OJIP2","99","99","3",0,NA
"4179","secDer1TOJp.4","OJIP2","99","99","4",28.1311014362883,NA
"4180","secDer2TJ.4","OJIP2","99","99","4",131.41936324408,NA
"4181","secDer3TJIp.4","OJIP2","99","99","4",926.242123534132,NA
"4182","secDer4TI.4","OJIP2","99","99","4",0,NA
"4183","secDer5TIPp.4","OJIP2","99","99","4",0,NA
"4184","secDer1FOJp.4","OJIP2","99","99","4",0.44059435527366,NA
"4185","secDer2FJ.4","OJIP2","99","99","4",0.673400898000653,NA
"4186","secDer3FJIp.4","OJIP2","99","99","4",0.74022614576117,NA
"4187","secDer4FI.4","OJIP2","99","99","4",0,NA
"4188","secDer5FIPp.4","OJIP2","99","99","4",0,NA
"4189","firDer1TOJ.4","OJIP2","99","99","4",77.4788027354534,NA
"4190","firDer2TJp.4","OJIP2","99","99","4",563.918318437934,NA
"4191","firDer3TJI.4","OJIP2","99","99","4",6065.44316873905,NA
"4192","firDer4TIp.4","OJIP2","99","99","4",0,NA
"4193","firDer5TIP.4","OJIP2","99","99","4",0,NA
"4194","firDer1FOJ.4","OJIP2","99","99","4",0.569962666602118,NA
"4195","firDer2FJp.4","OJIP2","99","99","4",0.755590021345773,NA
"4196","firDer3FJI.4","OJIP2","99","99","4",0.861116869952429,NA
"4197","firDer4FIp.4","OJIP2","99","99","4",0,NA
"4198","firDer5FIP.4","OJIP2","99","99","4",0,NA
"4199","MTFm.4","OJIP2","99","99","4",2886.28509803922,NA
"4200","MTFo.4","OJIP2","99","99","4",0,NA
