"","uni","metric","metrix","stage","col","ASnormalized.t7_aglo1.005r","pval"
"1","Quant.1.0","Quant","1","1","1",0.389426348582313,9.95551623931692e-55
"2","Sigma.1.0","Sigma","2","1","1",4.74399496927871,2.40152292104e-47
"3","Connect.1.0","Connect","3","1","1",0.317381723145945,3.29205714391911e-17
"4","Tau1.1.0","Tau1","4","1","1",740.566683960732,5.25791367627838e-27
"5","Tau2.1.0","Tau2","5","1","1",775727.541602975,3.34836095610047e-26
"6","NPQ.1.0","NPQ","6","1","1",0.813707269181969,1.05254021608461e-82
"7","qP.1.0","qP","7","1","1",1.53548912052482,1.99110324786338e-54
"8","ABQ.1.0","ABQ","8","1","1",0,2.40152292104e-47
"9","qm.1.0","qm","9","1","1",0,9.95551623931692e-55
"10","nTau1.1.0","nTau1","10","1","1",1,5.25791367627838e-27
"11","nTau2.1.0","nTau2","11","1","1",1,3.34836095610047e-26
"12","nCon.1.0","nCon","12","1","1",1,3.29205714391911e-17
"13","Fm.1.0","Fm","13","1","1",1957.54334150991,1.05254021608461e-82
"14","Fo.1.0","Fo","14","1","1",1195.22438583409,1.99110324786338e-54
"15","Quant.3.0","Quant","1","3","1",0.055199761703745,2.31315715395991e-83
"16","Sigma.3.0","Sigma","2","3","1",2.9389263317113,6.15222755246365e-34
"17","Connect.3.0","Connect","3","3","1",0.402363619550049,8.23837065209116e-13
"18","Tau1.3.0","Tau1","4","3","1",2226.11039094386,1.54329669602004e-06
"19","Tau2.3.0","Tau2","5","3","1",5431652.29123167,3.24653457232817e-07
"20","NPQ.3.0","NPQ","6","3","1",0.111517318518644,4.53062041226006e-96
"21","qP.3.0","qP","7","3","1",0.347187385377842,4.62631430791936e-83
"22","ABQ.3.0","ABQ","8","3","1",0.380495478864697,6.15222755246365e-34
"23","qm.3.0","qm","9","3","1",0.858253654626357,2.31315715395991e-83
"24","nTau1.3.0","nTau1","10","3","1",3.00595535710313,1.54329669602004e-06
"25","nTau2.3.0","nTau2","11","3","1",7.00201037081604,3.24653457232817e-07
"26","nCon.3.0","nCon","12","3","1",1.26775926339346,8.23837065209116e-13
"27","Fm.3.0","Fm","13","3","1",3194.20177183298,4.53062041226006e-96
"28","Fo.3.0","Fo","14","3","1",3017.88259519412,4.62631430791936e-83
"29","Quant.4.0","Quant","1","4","1",0.0410183725842635,2.61540226145591e-89
"30","Sigma.4.0","Sigma","2","4","1",2.73947267367138,2.72727959940895e-33
"31","Connect.4.0","Connect","3","4","1",0.465849366595568,9.94548083523918e-15
"32","Tau1.4.0","Tau1","4","4","1",7186.09102202122,3.75243393614274e-05
"33","Tau2.4.0","Tau2","5","4","1",4921145.68914417,7.490029936498e-06
"34","NPQ.4.0","NPQ","6","4","1",0.0797520681877369,7.17548262587831e-101
"35","qP.4.0","qP","7","4","1",0.258902761123279,5.23080452290464e-89
"36","ABQ.4.0","ABQ","8","4","1",0.422538874637994,2.72727959940895e-33
"37","qm.4.0","qm","9","4","1",0.894669755311656,2.61540226145591e-89
"38","nTau1.4.0","nTau1","10","4","1",9.70350297638054,3.75243393614274e-05
"39","nTau2.4.0","nTau2","11","4","1",6.34390997511192,7.490029936498e-06
"40","nCon.4.0","nCon","12","4","1",1.46778888833921,9.94548083523918e-15
"41","Fm.4.0","Fm","13","4","1",3288.17206545789,7.17548262587831e-101
"42","Fo.4.0","Fo","14","4","1",3153.29659855577,5.23080452290464e-89
"43","Quant.5.0","Quant","1","5","1",0.0415611085788166,1.99945986209489e-84
"44","Sigma.5.0","Sigma","2","5","1",3.12728427782833,6.29739170029179e-31
"45","Connect.5.0","Connect","3","5","1",0.420007705383365,1.71096420488584e-12
"46","Tau1.5.0","Tau1","4","5","1",2723.65725302323,1.28878624002683e-06
"47","Tau2.5.0","Tau2","5","5","1",5595076.76949471,2.87634905512075e-07
"48","NPQ.5.0","NPQ","6","5","1",0.106041673609968,7.24553284593065e-101
"49","qP.5.0","qP","7","5","1",0.308903712836405,3.99891972418977e-84
"50","ABQ.5.0","ABQ","8","5","1",0.34079097931594,6.29739170029179e-31
"51","qm.5.0","qm","9","5","1",0.893276074589925,1.99945986209489e-84
"52","nTau1.5.0","nTau1","10","5","1",3.67780148906571,1.28878624002683e-06
"53","nTau2.5.0","nTau2","11","5","1",7.21268289370384,2.87634905512075e-07
"54","nCon.5.0","nCon","12","5","1",1.3233518969529,1.71096420488584e-12
"55","Fm.5.0","Fm","13","5","1",3210.01520371944,7.24553284593065e-101
"56","Fo.5.0","Fo","14","5","1",3076.60341329801,3.99891972418977e-84
"57","Quant.6.0","Quant","1","6","1",0.0436738886303362,1.60505760881228e-86
"58","Sigma.6.0","Sigma","2","6","1",2.96339181735709,7.77927537793747e-33
"59","Connect.6.0","Connect","3","6","1",0.4515019872678,1.05388634803318e-14
"60","Tau1.6.0","Tau1","4","6","1",1966.05655240811,2.73745405215368e-08
"61","Tau2.6.0","Tau2","5","6","1",6752204.07050812,6.91583869124372e-07
"62","NPQ.6.0","NPQ","6","6","1",0.12169007757879,6.35839790573171e-101
"63","qP.6.0","qP","7","6","1",0.341246399144614,3.21011521762455e-86
"64","ABQ.6.0","ABQ","8","6","1",0.375338330553152,7.77927537793747e-33
"65","qm.6.0","qm","9","6","1",0.887850709667364,1.60505760881228e-86
"66","nTau1.6.0","nTau1","10","6","1",2.65480016180739,2.73745405215368e-08
"67","nTau2.6.0","nTau2","11","6","1",8.70435005640674,6.91583869124372e-07
"68","nCon.6.0","nCon","12","6","1",1.42258345185233,1.05388634803318e-14
"69","Fm.6.0","Fm","13","6","1",3165.23312384022,6.35839790573171e-101
"70","Fo.6.0","Fo","14","6","1",3026.99508490057,3.21011521762455e-86
"71","Quant.7.0","Quant","1","7","1",0.0428001017654849,3.77406339831167e-83
"72","Sigma.7.0","Sigma","2","7","1",3.53000150235569,6.17870226596262e-28
"73","Connect.7.0","Connect","3","7","1",0.298353477111606,1.94865158072478e-05
"74","Tau1.7.0","Tau1","4","7","1",1617.85608997221,6.87631050146886e-14
"75","Tau2.7.0","Tau2","5","7","1",7003554.01022574,1.51324580164811e-10
"76","NPQ.7.0","NPQ","6","7","1",0.15549273915283,6.18990087565041e-100
"77","qP.7.0","qP","7","7","1",0.397228032701234,7.54812679662334e-83
"78","ABQ.7.0","ABQ","8","7","1",0.255901086486102,6.17870226596262e-28
"79","qm.7.0","qm","9","7","1",0.890094489185705,3.77406339831167e-83
"80","nTau1.7.0","nTau1","10","7","1",2.18461905593635,6.87631050146886e-14
"81","nTau2.7.0","nTau2","11","7","1",9.02836838273589,1.51324580164811e-10
"82","nCon.7.0","nCon","12","7","1",0.940046182099814,1.94865158072478e-05
"83","Fm.7.0","Fm","13","7","1",3072.63773101538,6.18990087565041e-100
"84","Fo.7.0","Fo","14","7","1",2941.12852343945,7.54812679662334e-83
"85","Quant.8.0","Quant","1","8","1",0.0492319372520497,1.30548643354537e-83
"86","Sigma.8.0","Sigma","2","8","1",3.59333986345135,4.58983332982825e-32
"87","Connect.8.0","Connect","3","8","1",0.28233741485966,3.92222725604503e-07
"88","Tau1.8.0","Tau1","4","8","1",1644.49162668996,1.0197217281181e-09
"89","Tau2.8.0","Tau2","5","8","1",10366972.4001068,0.000482100074871823
"90","NPQ.8.0","NPQ","6","8","1",0.182914386605468,6.45480571073096e-102
"91","qP.8.0","qP","7","8","1",0.454264263251337,2.61097286709073e-83
"92","ABQ.8.0","ABQ","8","8","1",0.242549815773163,4.58983332982825e-32
"93","qm.8.0","qm","9","8","1",0.87357830965656,1.30548643354537e-83
"94","nTau1.8.0","nTau1","10","8","1",2.22058548177569,1.0197217281181e-09
"95","nTau2.8.0","nTau2","11","8","1",13.3641927662956,0.000482100074871823
"96","nCon.8.0","nCon","12","8","1",0.889583092753675,3.92222725604503e-07
"97","Fm.8.0","Fm","13","8","1",3001.40959349026,6.45480571073096e-102
"98","Fo.8.0","Fo","14","8","1",2853.64438471585,2.61097286709073e-83
"99","Quant.9.0","Quant","1","9","1",0.0516332649830198,1.79008137387555e-79
"100","Sigma.9.0","Sigma","2","9","1",3.94840602798966,3.26404853514195e-29
"101","Connect.9.0","Connect","3","9","1",0.362571375987246,1.42607170759191e-08
"102","Tau1.9.0","Tau1","4","9","1",1909.32835376635,5.69252534087856e-17
"103","Tau2.9.0","Tau2","5","9","1",14593463.5017761,0.00105441183124351
"104","NPQ.9.0","NPQ","6","9","1",0.210339492197,6.89042415549157e-99
"105","qP.9.0","qP","7","9","1",0.501013008420785,3.58016274775111e-79
"106","ABQ.9.0","ABQ","8","9","1",0.167704423474551,3.26404853514195e-29
"107","qm.9.0","qm","9","9","1",0.867411989016696,1.79008137387555e-79
"108","nTau1.9.0","nTau1","10","9","1",2.57819909417852,5.69252534087856e-17
"109","nTau2.9.0","nTau2","11","9","1",18.8126148926206,0.00105441183124351
"110","nCon.9.0","nCon","12","9","1",1.14238265642197,1.42607170759191e-08
"111","Fm.9.0","Fm","13","9","1",2933.40059638194,6.89042415549157e-99
"112","Fo.9.0","Fo","14","9","1",2781.9395460876,3.58016274775111e-79
"113","Quant.10.0","Quant","1","10","1",0.0867542620455788,1.34548904481928e-74
"114","Sigma.10.0","Sigma","2","10","1",4.93457386245788,5.79123465619602e-34
"115","Connect.10.0","Connect","3","10","1",0.269784994455869,3.93099945506054e-07
"116","Tau1.10.0","Tau1","4","10","1",2078.11550570878,2.45964361131258e-18
"117","Tau2.10.0","Tau2","5","10","1",5974605.73288177,1.56214308300178e-06
"118","NPQ.10.0","NPQ","6","10","1",0.248963097855217,1.78653437137847e-97
"119","qP.10.0","qP","7","10","1",0.622191777822482,2.69097808963855e-74
"120","ABQ.10.0","ABQ","8","10","1",-0.0401726592067058,5.79123465619602e-34
"121","qm.10.0","qm","9","10","1",0.777225494984088,1.34548904481928e-74
"122","nTau1.10.0","nTau1","10","10","1",2.80611530428903,2.45964361131258e-18
"123","nTau2.10.0","nTau2","11","10","1",7.70193839003801,1.56214308300178e-06
"124","nCon.10.0","nCon","12","10","1",0.850033177026425,3.93099945506054e-07
"125","Fm.10.0","Fm","13","10","1",2842.68654080512,1.78653437137847e-97
"126","Fo.10.0","Fo","14","10","1",2596.07136773067,2.69097808963855e-74
"127","Quant.11.0","Quant","1","11","1",0.0995075266009506,1.73016299744259e-74
"128","Sigma.11.0","Sigma","2","11","1",4.89794097180171,7.62892951332167e-36
"129","Connect.11.0","Connect","3","11","1",0.174230405987814,0.00025632624446697
"130","Tau1.11.0","Tau1","4","11","1",1879.76687759281,7.94888781015185e-18
"131","Tau2.11.0","Tau2","5","11","1",4581159.33250539,1.4207106542577e-06
"132","NPQ.11.0","NPQ","6","11","1",0.233166141536973,1.32792578992382e-97
"133","qP.11.0","qP","7","11","1",0.624448907585421,3.46032599488519e-74
"134","ABQ.11.0","ABQ","8","11","1",-0.0324507094800743,7.62892951332167e-36
"135","qm.11.0","qm","9","11","1",0.744476646320407,1.73016299744259e-74
"136","nTau1.11.0","nTau1","10","11","1",2.53828172169365,7.94888781015185e-18
"137","nTau2.11.0","nTau2","11","11","1",5.9056293438271,1.4207106542577e-06
"138","nCon.11.0","nCon","12","11","1",0.548961686453809,0.00025632624446697
"139","Fm.11.0","Fm","13","11","1",2879.10158140589,1.32792578992382e-97
"140","Fo.11.0","Fo","14","11","1",2592.6093042073,3.46032599488519e-74
"141","Quant.12.0","Quant","1","12","1",0.104538417030987,4.13735757127586e-72
"142","Sigma.12.0","Sigma","2","12","1",4.98846200045639,7.5007019433832e-35
"143","Connect.12.0","Connect","3","12","1",0.273299083594482,1.0650137689322e-07
"144","Tau1.12.0","Tau1","4","12","1",1963.75845546403,8.91289661714569e-18
"145","Tau2.12.0","Tau2","5","12","1",4003280.26373023,3.88458616183842e-07
"146","NPQ.12.0","NPQ","6","12","1",0.229007238789256,2.31649565620802e-95
"147","qP.12.0","qP","7","12","1",0.628204326551335,8.27471514255173e-72
"148","ABQ.12.0","ABQ","8","12","1",-0.0515318908980293,7.5007019433832e-35
"149","qm.12.0","qm","9","12","1",0.731557925108166,4.13735757127586e-72
"150","nTau1.12.0","nTau1","10","12","1",2.65169700176272,8.91289661714569e-18
"151","nTau2.12.0","nTau2","11","12","1",5.16067826528086,3.88458616183842e-07
"152","nCon.12.0","nCon","12","12","1",0.861105298961427,1.0650137689322e-07
"153","Fm.12.0","Fm","13","12","1",2888.84432587472,2.31649565620802e-95
"154","Fo.12.0","Fo","14","12","1",2586.84911299883,8.27471514255173e-72
"155","Quant.13.0","Quant","1","13","1",0.115699021883212,5.42186156483295e-74
"156","Sigma.13.0","Sigma","2","13","1",4.97411838807411,2.70361665116914e-38
"157","Connect.13.0","Connect","3","13","1",0.207103520439156,2.1812980954164e-06
"158","Tau1.13.0","Tau1","4","13","1",1862.94742497182,3.86241966995502e-18
"159","Tau2.13.0","Tau2","5","13","1",3346382.88655549,1.16152767713163e-08
"160","NPQ.13.0","NPQ","6","13","1",0.217694049068403,3.34898674412563e-97
"161","qP.13.0","qP","7","13","1",0.63375071332843,1.08437231296659e-73
"162","ABQ.13.0","ABQ","8","13","1",-0.0485083606297292,2.70361665116914e-38
"163","qm.13.0","qm","9","13","1",0.702898834903164,5.42186156483295e-74
"164","nTau1.13.0","nTau1","10","13","1",2.51557012396011,3.86241966995502e-18
"165","nTau2.13.0","nTau2","11","13","1",4.31386370482667,1.16152767713163e-08
"166","nCon.13.0","nCon","12","13","1",0.652537639490731,2.1812980954164e-06
"167","Fm.13.0","Fm","13","13","1",2915.68361605408,3.34898674412563e-97
"168","Fo.13.0","Fo","14","13","1",2578.34187355572,1.08437231296659e-73
"169","Quant.14.0","Quant","1","14","1",0.118686940989752,6.86102097457703e-72
"170","Sigma.14.0","Sigma","2","14","1",4.74322374253273,1.25620705733343e-36
"171","Connect.14.0","Connect","3","14","1",0.208677210956231,9.66391519478306e-06
"172","Tau1.14.0","Tau1","4","14","1",1990.11954129861,1.87191577971363e-19
"173","Tau2.14.0","Tau2","5","14","1",4183201.86259923,2.54643937158133e-06
"174","NPQ.14.0","NPQ","6","14","1",0.219282446285043,1.39598022241065e-94
"175","qP.14.0","qP","7","14","1",0.641612946053027,1.37220419491541e-71
"176","ABQ.14.0","ABQ","8","14","1",0.000162569048023586,1.25620705733343e-36
"177","qm.14.0","qm","9","14","1",0.695226218200627,6.86102097457703e-72
"178","nTau1.14.0","nTau1","10","14","1",2.68729283182841,1.87191577971363e-19
"179","nTau2.14.0","nTau2","11","14","1",5.39261743105704,2.54643937158133e-06
"180","nCon.14.0","nCon","12","14","1",0.657495992169256,9.66391519478306e-06
"181","Fm.14.0","Fm","13","14","1",2911.88526420012,1.39598022241065e-94
"182","Fo.14.0","Fo","14","14","1",2566.28250967907,1.37220419491541e-71
"183","Quant.15.0","Quant","1","15","1",0.12785335904143,2.29843314044459e-73
"184","Sigma.15.0","Sigma","2","15","1",4.76599044545873,2.46425966606979e-39
"185","Connect.15.0","Connect","3","15","1",0.158502571504161,0.000121471055509249
"186","Tau1.15.0","Tau1","4","15","1",1883.12104880805,3.80183188264193e-21
"187","Tau2.15.0","Tau2","5","15","1",3611358.11312968,4.32187337577768e-09
"188","NPQ.15.0","NPQ","6","15","1",0.202853305751839,3.72974687848219e-96
"189","qP.15.0","qP","7","15","1",0.636400272103007,4.59686628088918e-73
"190","ABQ.15.0","ABQ","8","15","1",-0.00463648809125194,2.46425966606979e-39
"191","qm.15.0","qm","9","15","1",0.671687959721077,2.29843314044459e-73
"192","nTau1.15.0","nTau1","10","15","1",2.54281091708941,3.80183188264193e-21
"193","nTau2.15.0","nTau2","11","15","1",4.65544655752084,4.32187337577768e-09
"194","nCon.15.0","nCon","12","15","1",0.499406739408479,0.000121471055509249
"195","Fm.15.0","Fm","13","15","1",2951.65717320461,3.72974687848219e-96
"196","Fo.15.0","Fo","14","15","1",2574.27788887167,4.59686628088918e-73
"197","Quant.16.0","Quant","1","16","1",0.0495637518897747,3.57150304294432e-82
"198","Sigma.16.0","Sigma","2","16","1",3.54936835944507,2.52219907518344e-30
"199","Connect.16.0","Connect","3","16","1",0.262566535781338,1.57058879573627e-05
"200","Tau1.16.0","Tau1","4","16","1",2501.82144905044,5.60642851186001e-14
"201","Tau2.16.0","Tau2","5","16","1",15513230.7458976,0.000266009616770839
"202","NPQ.16.0","NPQ","6","16","1",0.15266094903048,4.87130520769556e-100
"203","qP.16.0","qP","7","16","1",0.406099726651256,7.14300608588865e-82
"204","ABQ.16.0","ABQ","8","16","1",0.251818692382653,2.52219907518344e-30
"205","qm.16.0","qm","9","16","1",0.872726249597108,3.57150304294432e-82
"206","nTau1.16.0","nTau1","10","16","1",3.37825276674626,5.60642851186001e-14
"207","nTau2.16.0","nTau2","11","16","1",19.9982982605475,0.000266009616770839
"208","nCon.16.0","nCon","12","16","1",0.8272894014776,1.57058879573627e-05
"209","Fm.16.0","Fm","13","16","1",3080.18640799933,4.87130520769556e-100
"210","Fo.16.0","Fo","14","16","1",2927.520813099,7.14300608588865e-82
"211","Quant.17.0","Quant","1","17","1",0.047735868788084,5.20526512321617e-79
"212","Sigma.17.0","Sigma","2","17","1",3.73707000870727,1.39107383319394e-25
"213","Connect.17.0","Connect","3","17","1",0.327025261405274,3.62000178588894e-05
"214","Tau1.17.0","Tau1","4","17","1",1099.3111974574,1.93642052392809e-10
"215","Tau2.17.0","Tau2","5","17","1",9263000.88232453,4.5150539869017e-05
"216","NPQ.17.0","NPQ","6","17","1",0.18196691120186,3.05080912520987e-96
"217","qP.17.0","qP","7","17","1",0.449843042505276,1.04105302464323e-78
"218","ABQ.17.0","ABQ","8","17","1",0.212252535487941,1.39107383319394e-25
"219","qm.17.0","qm","9","17","1",0.87742003343671,5.20526512321617e-79
"220","nTau1.17.0","nTau1","10","17","1",1.48441892035706,1.93642052392809e-10
"221","nTau2.17.0","nTau2","11","17","1",11.9410493833741,4.5150539869017e-05
"222","nCon.17.0","nCon","12","17","1",1.03038466791263,3.62000178588894e-05
"223","Fm.17.0","Fm","13","17","1",3003.81555066134,3.05080912520987e-96
"224","Fo.17.0","Fo","14","17","1",2860.42580567136,1.04105302464323e-78
"225","Quant.18.0","Quant","1","18","1",0.0476500936306612,4.73649464158381e-78
"226","Sigma.18.0","Sigma","2","18","1",3.61255481786427,2.52120883907431e-26
"227","Connect.18.0","Connect","3","18","1",0.375896149823925,2.21643965172365e-07
"228","Tau1.18.0","Tau1","4","18","1",1184.25482443315,5.38087102822593e-09
"229","Tau2.18.0","Tau2","5","18","1",7849080.62178585,5.79095348641481e-06
"230","NPQ.18.0","NPQ","6","18","1",0.205841314794468,4.32472464278341e-96
"231","qP.18.0","qP","7","18","1",0.486601182571391,9.47298928316763e-78
"232","ABQ.18.0","ABQ","8","18","1",0.238499441660763,2.52120883907431e-26
"233","qm.18.0","qm","9","18","1",0.877640293718879,4.73649464158381e-78
"234","nTau1.18.0","nTau1","10","18","1",1.59911976879579,5.38087102822593e-09
"235","nTau2.18.0","nTau2","11","18","1",10.1183472299648,5.79095348641481e-06
"236","nCon.18.0","nCon","12","18","1",1.1843660879334,2.21643965172365e-07
"237","Fm.18.0","Fm","13","18","1",2944.34312763653,4.32472464278341e-96
"238","Fo.18.0","Fo","14","18","1",2804.04490192386,9.47298928316763e-78
"239","Quant.19.0","Quant","1","19","1",0.0467454534347221,1.2437046305965e-83
"240","Sigma.19.0","Sigma","2","19","1",3.56394079027921,3.8552118701699e-29
"241","Connect.19.0","Connect","3","19","1",0.242294666384885,0.000318240542776157
"242","Tau1.19.0","Tau1","4","19","1",1277.51042435848,3.07274339658426e-09
"243","Tau2.19.0","Tau2","5","19","1",9806860.21005355,0.00108524076698289
"244","NPQ.19.0","NPQ","6","19","1",0.219143441479749,2.44394912961406e-100
"245","qP.19.0","qP","7","19","1",0.504830363042173,2.487409261193e-83
"246","ABQ.19.0","ABQ","8","19","1",0.248746928831361,3.8552118701699e-29
"247","qm.19.0","qm","9","19","1",0.879963300878596,1.2437046305965e-83
"248","nTau1.19.0","nTau1","10","19","1",1.7250444180476,3.07274339658426e-09
"249","nTau2.19.0","nTau2","11","19","1",12.6421451915817,0.00108524076698289
"250","nCon.19.0","nCon","12","19","1",0.763417199904319,0.000318240542776157
"251","Fm.19.0","Fm","13","19","1",2912.21727274843,2.44394912961406e-100
"252","Fo.19.0","Fo","14","19","1",2776.08435583338,2.487409261193e-83
"253","Quant.20.0","Quant","1","20","1",0.0455214813044702,2.90896217818065e-83
"254","Sigma.20.0","Sigma","2","20","1",3.37399775301173,1.46653607652794e-28
"255","Connect.20.0","Connect","3","20","1",0.240756335197617,0.000492135695079236
"256","Tau1.20.0","Tau1","4","20","1",1771.12443917396,1.32454762590832e-07
"257","Tau2.20.0","Tau2","5","20","1",8219420.32512927,0.00066961511219328
"258","NPQ.20.0","NPQ","6","20","1",0.244063605952927,2.55663456756871e-99
"259","qP.20.0","qP","7","20","1",0.538807563203983,5.8179243563613e-83
"260","ABQ.20.0","ABQ","8","20","1",0.288785554187735,1.46653607652794e-28
"261","qm.20.0","qm","9","20","1",0.883106314017557,2.90896217818065e-83
"262","nTau1.20.0","nTau1","10","20","1",2.39157995833886,1.32454762590832e-07
"263","nTau2.20.0","nTau2","11","20","1",10.5957567371458,0.00066961511219328
"264","nCon.20.0","nCon","12","20","1",0.758570256696565,0.000492135695079236
"265","Fm.20.0","Fm","13","20","1",2853.88188453255,2.55663456756871e-99
"266","Fo.20.0","Fo","14","20","1",2723.96895368063,5.8179243563613e-83
"267","Quant.21.0","Quant","1","21","1",0.0486882570542104,4.99192901336409e-81
"268","Sigma.21.0","Sigma","2","21","1",3.40095111288953,5.17416595489922e-29
"269","Connect.21.0","Connect","3","21","1",0.274131887365879,2.25458359224639e-05
"270","Tau1.21.0","Tau1","4","21","1",1755.01755211265,1.38310371415663e-08
"271","Tau2.21.0","Tau2","5","21","1",15365920.6429914,0.0240376781501236
"272","NPQ.21.0","NPQ","6","21","1",0.265710318936998,2.7216043629856e-98
"273","qP.21.0","qP","7","21","1",0.57497150875227,9.98385802672818e-81
"274","ABQ.21.0","ABQ","8","21","1",0.283103979891736,5.17416595489922e-29
"275","qm.21.0","qm","9","21","1",0.874974414978705,4.99192901336409e-81
"276","nTau1.21.0","nTau1","10","21","1",2.36983055020297,1.38310371415663e-08
"277","nTau2.21.0","nTau2","11","21","1",19.8083989788979,0.0240376781501236
"278","nCon.21.0","nCon","12","21","1",0.863729280465914,2.25458359224639e-05
"279","Fm.21.0","Fm","13","21","1",2805.07358999577,2.7216043629856e-98
"280","Fo.21.0","Fo","14","21","1",2668.49944599008,9.98385802672818e-81
"281","Quant.22.0","Quant","1","22","1",0.045222103751622,2.55669362131325e-80
"282","Sigma.22.0","Sigma","2","22","1",3.67450548616101,3.44593419309818e-28
"283","Connect.22.0","Connect","3","22","1",0.339789769632584,2.11194094510594e-07
"284","Tau1.22.0","Tau1","4","22","1",1497.00920412586,8.5629511837309e-12
"285","Tau2.22.0","Tau2","5","22","1",14284052.9927295,0.00238586318300968
"286","NPQ.22.0","NPQ","6","22","1",0.302976065398259,3.0487664857846e-99
"287","qP.22.0","qP","7","22","1",0.618571804699348,5.11338724262649e-80
"288","ABQ.22.0","ABQ","8","22","1",0.225440686603493,3.44593419309818e-28
"289","qm.22.0","qm","9","22","1",0.88387507954649,2.55669362131325e-80
"290","nTau1.22.0","nTau1","10","22","1",2.02143741616824,8.5629511837309e-12
"291","nTau2.22.0","nTau2","11","22","1",18.4137499658872,0.00238586318300968
"292","nCon.22.0","nCon","12","22","1",1.07060282572206,2.11194094510594e-07
"293","Fm.22.0","Fm","13","22","1",2724.8471269118,3.0487664857846e-99
"294","Fo.22.0","Fo","14","22","1",2601.62380743129,5.11338724262649e-80
"295","Quant.23.0","Quant","1","23","1",0.203648993622158,1.92712092200356e-66
"296","Sigma.23.0","Sigma","2","23","1",5.12729401624051,1.89432340102119e-42
"297","Connect.23.0","Connect","3","23","1",0.19183916704727,5.27539153659586e-07
"298","Tau1.23.0","Tau1","4","23","1",1890.96355491688,1.55100696260976e-17
"299","Tau2.23.0","Tau2","5","23","1",1676182.28685309,1.84494389672492e-11
"300","NPQ.23.0","NPQ","6","23","1",0.402066143279091,5.77352930909003e-91
"301","qP.23.0","qP","7","23","1",1,3.85424184400712e-66
"302","ABQ.23.0","ABQ","8","23","1",-0.0807966807393292,1.89432340102119e-42
"303","qm.23.0","qm","9","23","1",0.477053891285138,1.92712092200356e-66
"304","nTau1.23.0","nTau1","10","23","1",2.55340078870892,1.55100696260976e-17
"305","nTau2.23.0","nTau2","11","23","1",2.16078738598013,1.84494389672492e-11
"306","nCon.23.0","nCon","12","23","1",0.604443019420669,5.27539153659586e-07
"307","Fm.23.0","Fm","13","23","1",2532.270396268,5.77352930909003e-91
"308","Fo.23.0","Fo","14","23","1",2016.57607848884,3.85424184400712e-66
"309","Quant.24.0","Quant","1","24","1",0.211145439508983,3.91185151643786e-66
"310","Sigma.24.0","Sigma","2","24","1",5.4342628124026,4.51926753996237e-43
"311","Connect.24.0","Connect","3","24","1",0.168848808798011,5.38315165828153e-06
"312","Tau1.24.0","Tau1","4","24","1",1812.14967558641,1.00265362465159e-18
"313","Tau2.24.0","Tau2","5","24","1",1703441.99451905,1.54437167464657e-11
"314","NPQ.24.0","NPQ","6","24","1",0.349213911274289,2.16235136466332e-91
"315","qP.24.0","qP","7","24","1",0.96135964631235,7.82370303287572e-66
"316","ABQ.24.0","ABQ","8","24","1",-0.145503493910499,4.51926753996237e-43
"317","qm.24.0","qm","9","24","1",0.457803920362226,3.91185151643786e-66
"318","nTau1.24.0","nTau1","10","24","1",2.44697704451758,1.00265362465159e-18
"319","nTau2.24.0","nTau2","11","24","1",2.19592821340213,1.54437167464657e-11
"320","nCon.24.0","nCon","12","24","1",0.532005457416863,5.38315165828153e-06
"321","Fm.24.0","Fm","13","24","1",2631.46604001588,2.16235136466332e-91
"322","Fo.24.0","Fo","14","24","1",2075.84398644377,7.82370303287572e-66
"323","Quant.25.0","Quant","1","25","1",0.215306600513511,7.29896792613419e-61
"324","Sigma.25.0","Sigma","2","25","1",5.42729014094762,1.68876152158247e-38
"325","Connect.25.0","Connect","3","25","1",0.169217009028707,0.000164494239131472
"326","Tau1.25.0","Tau1","4","25","1",1867.80784287032,1.58876062096736e-18
"327","Tau2.25.0","Tau2","5","25","1",1669868.62692176,5.97620646336417e-11
"328","NPQ.25.0","NPQ","6","25","1",0.326542303782387,6.94527585816003e-87
"329","qP.25.0","qP","7","25","1",0.94549050212274,1.45979358522684e-60
"330","ABQ.25.0","ABQ","8","25","1",-0.144033704945685,1.68876152158247e-38
"331","qm.25.0","qm","9","25","1",0.447118559652359,7.29896792613419e-61
"332","nTau1.25.0","nTau1","10","25","1",2.52213323029984,1.58876062096736e-18
"333","nTau2.25.0","nTau2","11","25","1",2.1526483686155,5.97620646336417e-11
"334","nCon.25.0","nCon","12","25","1",0.533165575356381,0.000164494239131472
"335","Fm.25.0","Fm","13","25","1",2676.43977739116,6.94527585816003e-87
"336","Fo.25.0","Fo","14","25","1",2100.18462744193,1.45979358522684e-60
"337","Quant.26.0","Quant","1","26","1",0.220373004931306,5.08463097304811e-63
"338","Sigma.26.0","Sigma","2","26","1",5.6360929687836,2.15457995298932e-41
"339","Connect.26.0","Connect","3","26","1",0.215783594029992,1.62310806643478e-07
"340","Tau1.26.0","Tau1","4","26","1",1899.85484394969,5.73380369999388e-18
"341","Tau2.26.0","Tau2","5","26","1",1541275.40166856,4.97806977878325e-11
"342","NPQ.26.0","NPQ","6","26","1",0.320101827445918,4.61707287780265e-89
"343","qP.26.0","qP","7","26","1",0.947693972789423,1.01692619460962e-62
"344","ABQ.26.0","ABQ","8","26","1",-0.188047838431946,2.15457995298932e-41
"345","qm.26.0","qm","9","26","1",0.43410864279327,5.08463097304811e-63
"346","nTau1.26.0","nTau1","10","26","1",2.56540685004733,5.73380369999388e-18
"347","nTau2.26.0","nTau2","11","26","1",1.98687724620896,4.97806977878325e-11
"348","nCon.26.0","nCon","12","26","1",0.679886642151622,1.62310806643478e-07
"349","Fm.26.0","Fm","13","26","1",2689.49751785776,4.61707287780265e-89
"350","Fo.26.0","Fo","14","26","1",2096.80486809216,1.01692619460962e-62
"351","Quant.27.0","Quant","1","27","1",0.227770293567936,1.54530188309126e-62
"352","Sigma.27.0","Sigma","2","27","1",5.45213998201803,2.71362277652069e-41
"353","Connect.27.0","Connect","3","27","1",0.184616309995692,4.58652602145839e-06
"354","Tau1.27.0","Tau1","4","27","1",1960.48060194527,1.65886661131675e-17
"355","Tau2.27.0","Tau2","5","27","1",1594202.6151681,1.03347758929224e-09
"356","NPQ.27.0","NPQ","6","27","1",0.306046032357492,1.79658743657034e-88
"357","qP.27.0","qP","7","27","1",0.946092158692321,3.09060376618252e-62
"358","ABQ.27.0","ABQ","8","27","1",-0.149271872614778,2.71362277652069e-41
"359","qm.27.0","qm","9","27","1",0.415113295756379,1.54530188309126e-62
"360","nTau1.27.0","nTau1","10","27","1",2.64727085947229,1.65886661131675e-17
"361","nTau2.27.0","nTau2","11","27","1",2.05510637391295,1.03347758929224e-09
"362","nCon.27.0","nCon","12","27","1",0.581685385553214,4.58652602145839e-06
"363","Fm.27.0","Fm","13","27","1",2718.44215308904,1.79658743657034e-88
"364","Fo.27.0","Fo","14","27","1",2099.26178583249,3.09060376618252e-62
"365","Quant.1.1","Quant","1","1","2",0.365220006969963,3.9325473295644e-56
"366","Sigma.1.1","Sigma","2","1","2",4.74510926429218,5.09552662391598e-47
"367","Connect.1.1","Connect","3","1","2",0.313420948806049,1.13019487731231e-16
"368","Tau1.1.1","Tau1","4","1","2",808.207630212179,5.30082089866401e-26
"369","Tau2.1.1","Tau2","5","1","2",830872.140904714,1.05115920441696e-26
"370","NPQ.1.1","NPQ","6","1","2",0.910207967809782,4.74724041205466e-84
"371","qP.1.1","qP","7","1","2",1.49158771880374,7.86509465912879e-56
"372","ABQ.1.1","ABQ","8","1","2",0,5.09552662391598e-47
"373","qm.1.1","qm","9","1","2",0,3.9325473295644e-56
"374","nTau1.1.1","nTau1","10","1","2",1,5.30082089866401e-26
"375","nTau2.1.1","nTau2","11","1","2",1,1.05115920441696e-26
"376","nCon.1.1","nCon","12","1","2",1,1.13019487731231e-16
"377","Fm.1.1","Fm","13","1","2",2007.22441903937,4.74724041205466e-84
"378","Fo.1.1","Fo","14","1","2",1274.14590272753,7.86509465912879e-56
"379","Quant.3.1","Quant","1","3","2",0.0447579751906374,3.56299538371912e-87
"380","Sigma.3.1","Sigma","2","3","2",2.84779333876389,1.28328437943674e-34
"381","Connect.3.1","Connect","3","3","2",0.582314183022455,3.14372521399814e-22
"382","Tau1.3.1","Tau1","4","3","2",3240.21691056728,4.52818692400576e-07
"383","Tau2.3.1","Tau2","5","3","2",5008224.68633487,2.64127010142933e-11
"384","NPQ.3.1","NPQ","6","3","2",0.122525828242023,8.5345519189033e-100
"385","qP.3.1","qP","7","3","2",0.332913237699603,7.1259907674374e-87
"386","ABQ.3.1","ABQ","8","3","2",0.399846625199116,1.28328437943674e-34
"387","qm.3.1","qm","9","3","2",0.877449278964834,3.56299538371912e-87
"388","nTau1.3.1","nTau1","10","3","2",4.00913922294525,4.52818692400576e-07
"389","nTau2.3.1","nTau2","11","3","2",6.02767193623985,2.64127010142933e-11
"390","nCon.3.1","nCon","12","3","2",1.85792999874684,3.14372521399814e-22
"391","Fm.3.1","Fm","13","3","2",3415.70410405265,8.5345519189033e-100
"392","Fo.3.1","Fo","14","3","2",3262.8241045049,7.1259907674374e-87
"393","Quant.4.1","Quant","1","4","2",0.0436387571502609,2.68804638352737e-84
"394","Sigma.4.1","Sigma","2","4","2",2.88701486198862,4.27648244849772e-29
"395","Connect.4.1","Connect","3","4","2",0.607357109833515,3.96557024441514e-17
"396","Tau1.4.1","Tau1","4","4","2",2772.04812396987,4.52890537426977e-07
"397","Tau2.4.1","Tau2","5","4","2",3577306.57574872,4.8233718335744e-15
"398","NPQ.4.1","NPQ","6","4","2",0.120883878965459,2.13763935974755e-96
"399","qP.4.1","qP","7","4","2",0.327897835038764,5.37609276705261e-84
"400","ABQ.4.1","ABQ","8","4","2",0.391580951841524,4.27648244849772e-29
"401","qm.4.1","qm","9","4","2",0.880513782603783,2.68804638352737e-84
"402","nTau1.4.1","nTau1","10","4","2",3.42987126122792,4.52890537426977e-07
"403","nTau2.4.1","nTau2","11","4","2",4.30548383997265,4.8233718335744e-15
"404","nCon.4.1","nCon","12","4","2",1.93783189077562,3.96557024441514e-17
"405","Fm.4.1","Fm","13","4","2",3420.70766685505,2.13763935974755e-96
"406","Fo.4.1","Fo","14","4","2",3271.43223569912,5.37609276705261e-84
"407","Quant.5.1","Quant","1","5","2",0.0393960463438951,2.17534586324783e-84
"408","Sigma.5.1","Sigma","2","5","2",2.9569975515157,9.86796653499935e-29
"409","Connect.5.1","Connect","3","5","2",0.471033450467729,3.06711324359515e-12
"410","Tau1.5.1","Tau1","4","5","2",2426.05546603679,5.74275971152361e-15
"411","Tau2.5.1","Tau2","5","5","2",6103442.33345936,6.35000861265859e-17
"412","NPQ.5.1","NPQ","6","5","2",0.152013751448979,2.9255641551465e-99
"413","qP.5.1","qP","7","5","2",0.371176108276615,4.35069172649566e-84
"414","ABQ.5.1","ABQ","8","5","2",0.376832568689694,9.86796653499935e-29
"415","qm.5.1","qm","9","5","2",0.892130645660014,2.17534586324783e-84
"416","nTau1.5.1","nTau1","10","5","2",3.00177253387212,5.74275971152361e-15
"417","nTau2.5.1","nTau2","11","5","2",7.34582619031309,6.35000861265859e-17
"418","nCon.5.1","nCon","12","5","2",1.50287800564095,3.06711324359515e-12
"419","Fm.5.1","Fm","13","5","2",3328.27283841775,2.9255641551465e-99
"420","Fo.5.1","Fo","14","5","2",3197.15204743032,4.35069172649566e-84
"421","Quant.6.1","Quant","1","6","2",0.0398926960725284,3.47954463961323e-86
"422","Sigma.6.1","Sigma","2","6","2",3.05462253771981,3.96903226335663e-30
"423","Connect.6.1","Connect","3","6","2",0.486169708672984,1.28668981611182e-13
"424","Tau1.6.1","Tau1","4","6","2",2048.79984567654,3.35883370645583e-08
"425","Tau2.6.1","Tau2","5","6","2",5896447.47766237,4.15604445317788e-08
"426","NPQ.6.1","NPQ","6","6","2",0.17570517596828,8.93869227623971e-101
"427","qP.6.1","qP","7","6","2",0.409656219294493,6.95908927922645e-86
"428","ABQ.6.1","ABQ","8","6","2",0.356258756630453,3.96903226335663e-30
"429","qm.6.1","qm","9","6","2",0.890770781142312,3.47954463961323e-86
"430","nTau1.6.1","nTau1","10","6","2",2.53499196133383,3.35883370645583e-08
"431","nTau2.6.1","nTau2","11","6","2",7.09669657625286,4.15604445317788e-08
"432","nCon.6.1","nCon","12","6","2",1.55117170860789,1.28668981611182e-13
"433","Fm.6.1","Fm","13","6","2",3261.20540829771,8.93869227623971e-101
"434","Fo.6.1","Fo","14","6","2",3131.10713211441,6.95908927922645e-86
"435","Quant.7.1","Quant","1","7","2",0.0435318422612645,5.03323340487798e-86
"436","Sigma.7.1","Sigma","2","7","2",3.90986450268315,1.27966956865878e-31
"437","Connect.7.1","Connect","3","7","2",0.280459252379876,1.2305390159587e-06
"438","Tau1.7.1","Tau1","4","7","2",1615.58076616549,8.389433522939e-12
"439","Tau2.7.1","Tau2","5","7","2",7823408.40059575,7.9693338856442e-09
"440","NPQ.7.1","NPQ","6","7","2",0.205227921605769,1.42734005885254e-105
"441","qP.7.1","qP","7","7","2",0.461088684238446,1.0066466809756e-85
"442","ABQ.7.1","ABQ","8","7","2",0.176022239971249,1.27966956865878e-31
"443","qm.7.1","qm","9","7","2",0.880806523655631,5.03323340487798e-86
"444","nTau1.7.1","nTau1","10","7","2",1.99896747540153,8.389433522939e-12
"445","nTau2.7.1","nTau2","11","7","2",9.41589928876066,7.9693338856442e-09
"446","nCon.7.1","nCon","12","7","2",0.894832503852287,1.2305390159587e-06
"447","Fm.7.1","Fm","13","7","2",3181.32032099199,1.42734005885254e-105
"448","Fo.7.1","Fo","14","7","2",3042.83158659601,1.0066466809756e-85
"449","Quant.8.1","Quant","1","8","2",0.0452902441800107,9.03469462437377e-87
"450","Sigma.8.1","Sigma","2","8","2",3.5756211246744,1.32263276358575e-31
"451","Connect.8.1","Connect","3","8","2",0.272715406175633,5.13999025198027e-06
"452","Tau1.8.1","Tau1","4","8","2",1702.59499633782,5.01424322493575e-13
"453","Tau2.8.1","Tau2","5","8","2",10224737.0709268,0.000202978920380777
"454","NPQ.8.1","NPQ","6","8","2",0.234923394632324,5.0346048712505e-104
"455","qP.8.1","qP","7","8","2",0.506900552386687,1.80693892487475e-86
"456","ABQ.8.1","ABQ","8","8","2",0.246461793497232,1.32263276358575e-31
"457","qm.8.1","qm","9","8","2",0.875991886217407,9.03469462437377e-87
"458","nTau1.8.1","nTau1","10","8","2",2.1066306883181,5.01424322493575e-13
"459","nTau2.8.1","nTau2","11","8","2",12.3060294930497,0.000202978920380777
"460","nCon.8.1","nCon","12","8","2",0.870125009877355,5.13999025198027e-06
"461","Fm.8.1","Fm","13","8","2",3104.82099140485,5.0346048712505e-104
"462","Fo.8.1","Fo","14","8","2",2964.2028905689,1.80693892487475e-86
"463","Quant.9.1","Quant","1","9","2",0.0503594872527247,6.84506548597955e-82
"464","Sigma.9.1","Sigma","2","9","2",3.76302511202395,2.2896129694003e-31
"465","Connect.9.1","Connect","3","9","2",0.298845756787911,2.00770258403115e-07
"466","Tau1.9.1","Tau1","4","9","2",1538.75786621235,1.05630407576762e-11
"467","Tau2.9.1","Tau2","5","9","2",9714350.08559766,0.000471494928237535
"468","NPQ.9.1","NPQ","6","9","2",0.259739103723827,7.88563095869186e-102
"469","qP.9.1","qP","7","9","2",0.549911364659379,1.36901309719591e-81
"470","ABQ.9.1","ABQ","8","9","2",0.206967658186209,2.2896129694003e-31
"471","qm.9.1","qm","9","9","2",0.862111915306802,6.84506548597955e-82
"472","nTau1.9.1","nTau1","10","9","2",1.90391405462032,1.05630407576762e-11
"473","nTau2.9.1","nTau2","11","9","2",11.6917508812126,0.000471494928237535
"474","nCon.9.1","nCon","12","9","2",0.953496433235681,2.00770258403115e-07
"475","Fm.9.1","Fm","13","9","2",3043.65885531164,7.88563095869186e-102
"476","Fo.9.1","Fo","14","9","2",2890.38175598593,1.36901309719591e-81
"477","Quant.10.1","Quant","1","10","2",0.08779457878796,4.49946171033781e-81
"478","Sigma.10.1","Sigma","2","10","2",4.73499589101352,4.20136813143738e-39
"479","Connect.10.1","Connect","3","10","2",0.125137881577576,0.0014040072845012
"480","Tau1.10.1","Tau1","4","10","2",1943.57220382936,8.39902568184968e-18
"481","Tau2.10.1","Tau2","5","10","2",4494696.14054601,1.07829231588523e-07
"482","NPQ.10.1","NPQ","6","10","2",0.294826681146418,2.26752727558854e-104
"483","qP.10.1","qP","7","10","2",0.660132280512893,8.99892342067563e-81
"484","ABQ.10.1","ABQ","8","10","2",0.00213132569038277,4.20136813143738e-39
"485","qm.10.1","qm","9","10","2",0.759611803536326,4.49946171033781e-81
"486","nTau1.10.1","nTau1","10","10","2",2.40479318825425,8.39902568184968e-18
"487","nTau2.10.1","nTau2","11","10","2",5.40961228481178,1.07829231588523e-07
"488","nCon.10.1","nCon","12","10","2",0.399264573903812,0.0014040072845012
"489","Fm.10.1","Fm","13","10","2",2961.18093198128,2.26752727558854e-104
"490","Fo.10.1","Fo","14","10","2",2701.20529934304,8.99892342067563e-81
"491","Quant.11.1","Quant","1","11","2",0.0976510878622172,1.15503275060564e-80
"492","Sigma.11.1","Sigma","2","11","2",4.55178482100818,4.67336525097533e-41
"493","Connect.11.1","Connect","3","11","2",0.126621949433063,0.000529082615586185
"494","Tau1.11.1","Tau1","4","11","2",2047.80989102011,1.63433954165977e-18
"495","Tau2.11.1","Tau2","5","11","2",4550946.2184497,1.94938539539679e-07
"496","NPQ.11.1","NPQ","6","11","2",0.289175295509894,2.66385413416875e-103
"497","qP.11.1","qP","7","11","2",0.670312974345151,2.31006550121127e-80
"498","ABQ.11.1","ABQ","8","11","2",0.0407418317506,4.67336525097533e-41
"499","qm.11.1","qm","9","11","2",0.732623936261388,1.15503275060564e-80
"500","nTau1.11.1","nTau1","10","11","2",2.53376708468156,1.63433954165977e-18
"501","nTau2.11.1","nTau2","11","11","2",5.47731232568985,1.94938539539679e-07
"502","nCon.11.1","nCon","12","11","2",0.403999636640177,0.000529082615586185
"503","Fm.11.1","Fm","13","11","2",2974.16192490321,2.66385413416875e-103
"504","Fo.11.1","Fo","14","11","2",2683.73177745803,2.31006550121127e-80
"505","Quant.12.1","Quant","1","12","2",0.104991879529331,3.56609796370848e-78
"506","Sigma.12.1","Sigma","2","12","2",4.69800411003012,2.93940967903516e-40
"507","Connect.12.1","Connect","3","12","2",0.204820420647228,1.94009602855776e-07
"508","Tau1.12.1","Tau1","4","12","2",1998.97626845767,4.11907537962335e-20
"509","Tau2.12.1","Tau2","5","12","2",4611097.28056535,1.32450682808774e-06
"510","NPQ.12.1","NPQ","6","12","2",0.27521942489087,2.37219694840409e-101
"511","qP.12.1","qP","7","12","2",0.666060406859502,7.13219592741696e-78
"512","ABQ.12.1","ABQ","8","12","2",0.00992709580294393,2.93940967903516e-40
"513","qm.12.1","qm","9","12","2",0.71252429350628,3.56609796370848e-78
"514","nTau1.12.1","nTau1","10","12","2",2.47334495955313,4.11907537962335e-20
"515","nTau2.12.1","nTau2","11","12","2",5.54970741412084,1.32450682808774e-06
"516","nCon.12.1","nCon","12","12","2",0.653499459520733,1.94009602855776e-07
"517","Fm.12.1","Fm","13","12","2",3006.71084802484,2.37219694840409e-101
"518","Fo.12.1","Fo","14","12","2",2691.03062488948,7.13219592741696e-78
"519","Quant.13.1","Quant","1","13","2",0.112802522627227,3.03366616877758e-79
"520","Sigma.13.1","Sigma","2","13","2",4.51029422307442,1.34503524999049e-42
"521","Connect.13.1","Connect","3","13","2",0.238256812760793,1.62420136209905e-10
"522","Tau1.13.1","Tau1","4","13","2",1903.54578494054,3.92969441347999e-20
"523","Tau2.13.1","Tau2","5","13","2",3546943.03190929,9.03724444719066e-09
"524","NPQ.13.1","NPQ","6","13","2",0.269137948242336,9.46569496595638e-102
"525","qP.13.1","qP","7","13","2",0.672295743831309,6.06733233755515e-79
"526","ABQ.13.1","ABQ","8","13","2",0.0494856974073893,1.34503524999049e-42
"527","qm.13.1","qm","9","13","2",0.691138161999695,3.03366616877758e-79
"528","nTau1.13.1","nTau1","10","13","2",2.35526826743865,3.92969441347999e-20
"529","nTau2.13.1","nTau2","11","13","2",4.26893965664454,9.03724444719066e-09
"530","nCon.13.1","nCon","12","13","2",0.760181518396943,1.62420136209905e-10
"531","Fm.13.1","Fm","13","13","2",3021.11845583176,9.46569496595638e-102
"532","Fo.13.1","Fo","14","13","2",2680.32867285826,6.06733233755515e-79
"533","Quant.14.1","Quant","1","14","2",0.116917310749999,2.2480079124249e-75
"534","Sigma.14.1","Sigma","2","14","2",4.59592116463178,1.18770126330791e-39
"535","Connect.14.1","Connect","3","14","2",0.19346525112713,2.11189176396571e-06
"536","Tau1.14.1","Tau1","4","14","2",1931.87450710537,1.58317350521185e-19
"537","Tau2.14.1","Tau2","5","14","2",3738005.34791167,4.21921039439436e-07
"538","NPQ.14.1","NPQ","6","14","2",0.259640002809529,2.79015532941609e-98
"539","qP.14.1","qP","7","14","2",0.667818053580937,4.4960158248498e-75
"540","ABQ.14.1","ABQ","8","14","2",0.0314403929079297,1.18770126330791e-39
"541","qm.14.1","qm","9","14","2",0.679871560925702,2.2480079124249e-75
"542","nTau1.14.1","nTau1","10","14","2",2.39031956008408,1.58317350521185e-19
"543","nTau2.14.1","nTau2","11","14","2",4.4988935888998,4.21921039439436e-07
"544","nCon.14.1","nCon","12","14","2",0.617269687505317,2.11189176396571e-06
"545","Fm.14.1","Fm","13","14","2",3043.89831212049,2.79015532941609e-98
"546","Fo.14.1","Fo","14","14","2",2688.0139072709,4.4960158248498e-75
"547","Quant.15.1","Quant","1","15","2",0.119452551546209,1.45170606897969e-75
"548","Sigma.15.1","Sigma","2","15","2",4.65885898469075,2.97497031770151e-40
"549","Connect.15.1","Connect","3","15","2",0.239407565909954,4.49383037155523e-09
"550","Tau1.15.1","Tau1","4","15","2",1960.29773036234,1.12448715424739e-19
"551","Tau2.15.1","Tau2","5","15","2",3879252.77660969,3.16448463973759e-07
"552","NPQ.15.1","NPQ","6","15","2",0.257115228092698,1.15122867231711e-98
"553","qP.15.1","qP","7","15","2",0.669177889815839,2.90341213795939e-75
"554","ABQ.15.1","ABQ","8","15","2",0.018176668817825,2.97497031770151e-40
"555","qm.15.1","qm","9","15","2",0.672929879890088,1.45170606897969e-75
"556","nTau1.15.1","nTau1","10","15","2",2.42548777948026,1.12448715424739e-19
"557","nTau2.15.1","nTau2","11","15","2",4.66889258362385,3.16448463973759e-07
"558","nCon.15.1","nCon","12","15","2",0.763853108166371,4.49383037155523e-09
"559","Fm.15.1","Fm","13","15","2",3050.01163994224,1.15122867231711e-98
"560","Fo.15.1","Fo","14","15","2",2685.6799673055,2.90341213795939e-75
"561","Quant.16.1","Quant","1","16","2",0.0461168247229299,4.97648369302453e-82
"562","Sigma.16.1","Sigma","2","16","2",3.48086726028886,3.25055920362025e-28
"563","Connect.16.1","Connect","3","16","2",0.263528802799697,0.00012839827326299
"564","Tau1.16.1","Tau1","4","16","2",1704.75188720299,2.53956123638552e-12
"565","Tau2.16.1","Tau2","5","16","2",9712019.6368551,0.00012406991159219
"566","NPQ.16.1","NPQ","6","16","2",0.19938836013774,9.8280711473451e-100
"567","qP.16.1","qP","7","16","2",0.457271728627072,9.95296738604906e-82
"568","ABQ.16.1","ABQ","8","16","2",0.26643053586078,3.25055920362025e-28
"569","qm.16.1","qm","9","16","2",0.873728646178131,4.97648369302453e-82
"570","nTau1.16.1","nTau1","10","16","2",2.10929942192632,2.53956123638552e-12
"571","nTau2.16.1","nTau2","11","16","2",11.6889460588725,0.00012406991159219
"572","nCon.16.1","nCon","12","16","2",0.840814258917879,0.00012839827326299
"573","Fm.16.1","Fm","13","16","2",3196.80947878387,9.8280711473451e-100
"574","Fo.16.1","Fo","14","16","2",3049.3827763782,9.95296738604906e-82
"575","Quant.17.1","Quant","1","17","2",0.0437725095647524,1.2746953538107e-83
"576","Sigma.17.1","Sigma","2","17","2",3.33093026011878,1.84147245408759e-29
"577","Connect.17.1","Connect","3","17","2",0.350670075114879,4.93905298784131e-08
"578","Tau1.17.1","Tau1","4","17","2",1464.46739586371,2.77448715406326e-13
"579","Tau2.17.1","Tau2","5","17","2",8298364.17267148,1.77777073593527e-07
"580","NPQ.17.1","NPQ","6","17","2",0.236379556117523,1.12596061013614e-100
"581","qP.17.1","qP","7","17","2",0.506192290614569,2.5493907076214e-83
"582","ABQ.17.1","ABQ","8","17","2",0.298028754535826,1.84147245408759e-29
"583","qm.17.1","qm","9","17","2",0.880147558377457,1.2746953538107e-83
"584","nTau1.17.1","nTau1","10","17","2",1.81199402371299,2.77448715406326e-13
"585","nTau2.17.1","nTau2","11","17","2",9.9875345003572,1.77777073593527e-07
"586","nCon.17.1","nCon","12","17","2",1.11884695790351,4.93905298784131e-08
"587","Fm.17.1","Fm","13","17","2",3101.16424965127,1.12596061013614e-100
"588","Fo.17.1","Fo","14","17","2",2965.41850787154,2.5493907076214e-83
"589","Quant.18.1","Quant","1","18","2",0.0467927162855651,9.02052750124311e-84
"590","Sigma.18.1","Sigma","2","18","2",3.55412124588742,8.05711696274635e-29
"591","Connect.18.1","Connect","3","18","2",0.259274512567485,0.00017914685821962
"592","Tau1.18.1","Tau1","4","18","2",1476.28007936021,1.64444586659765e-12
"593","Tau2.18.1","Tau2","5","18","2",8306386.92134488,2.5024924818392e-07
"594","NPQ.18.1","NPQ","6","18","2",0.250851354535834,1.08168624041391e-100
"595","qP.18.1","qP","7","18","2",0.531575608741887,1.80410550024862e-83
"596","ABQ.18.1","ABQ","8","18","2",0.250992748969379,8.05711696274635e-29
"597","qm.18.1","qm","9","18","2",0.871878003963202,9.02052750124311e-84
"598","nTau1.18.1","nTau1","10","18","2",1.82660992568536,1.64444586659765e-12
"599","nTau2.18.1","nTau2","11","18","2",9.99719031655133,2.5024924818392e-07
"600","nCon.18.1","nCon","12","18","2",0.827240532437826,0.00017914685821962
"601","Fm.18.1","Fm","13","18","2",3065.28514721413,1.08168624041391e-100
"602","Fo.18.1","Fo","14","18","2",2921.85212898619,1.80410550024862e-83
"603","Quant.19.1","Quant","1","19","2",0.0428744847860607,6.54667217671134e-88
"604","Sigma.19.1","Sigma","2","19","2",2.98887930684391,2.94846234188408e-33
"605","Connect.19.1","Connect","3","19","2",0.453701567940603,8.6079984804168e-15
"606","Tau1.19.1","Tau1","4","19","2",1369.99188754586,6.15775696867399e-12
"607","Tau2.19.1","Tau2","5","19","2",8073301.95991768,2.00009209432995e-06
"608","NPQ.19.1","NPQ","6","19","2",0.275406396013956,9.87489626716191e-103
"609","qP.19.1","qP","7","19","2",0.55748793554508,1.30933443534227e-87
"610","ABQ.19.1","ABQ","8","19","2",0.370113702262713,2.94846234188408e-33
"611","qm.19.1","qm","9","19","2",0.882606418137474,6.54667217671134e-88
"612","nTau1.19.1","nTau1","10","19","2",1.69509892796508,6.15775696867399e-12
"613","nTau2.19.1","nTau2","11","19","2",9.71665983544337,2.00009209432995e-06
"614","nCon.19.1","nCon","12","19","2",1.44757894987218,8.6079984804168e-15
"615","Fm.19.1","Fm","13","19","2",3006.2700723585,9.87489626716191e-103
"616","Fo.19.1","Fo","14","19","2",2877.37779187838,1.30933443534227e-87
"617","Quant.20.1","Quant","1","20","2",0.0435201169062856,3.66113619446423e-83
"618","Sigma.20.1","Sigma","2","20","2",3.25148633659772,2.34588835449573e-27
"619","Connect.20.1","Connect","3","20","2",0.412314651105323,3.01966316173023e-08
"620","Tau1.20.1","Tau1","4","20","2",1040.67623962568,2.35367520825281e-11
"621","Tau2.20.1","Tau2","5","20","2",6242455.73559218,7.55152563192098e-09
"622","NPQ.20.1","NPQ","6","20","2",0.304960213166004,7.06546736707124e-98
"623","qP.20.1","qP","7","20","2",0.596560523844331,7.32227238892846e-83
"624","ABQ.20.1","ABQ","8","20","2",0.314771029391092,2.34588835449573e-27
"625","qm.20.1","qm","9","20","2",0.880838628564331,3.66113619446423e-83
"626","nTau1.20.1","nTau1","10","20","2",1.2876347620629,2.35367520825281e-11
"627","nTau2.20.1","nTau2","11","20","2",7.51313641205365,7.55152563192098e-09
"628","nCon.20.1","nCon","12","20","2",1.315529969123,3.01966316173023e-08
"629","Fm.20.1","Fm","13","20","2",2938.18619123189,7.06546736707124e-98
"630","Fo.20.1","Fo","14","20","2",2810.31598469704,7.32227238892846e-83
"631","Quant.21.1","Quant","1","21","2",0.0451930858737796,2.17040839178108e-85
"632","Sigma.21.1","Sigma","2","21","2",3.31816073381293,2.72139396697867e-30
"633","Connect.21.1","Connect","3","21","2",0.422811437296089,1.66247484910735e-10
"634","Tau1.21.1","Tau1","4","21","2",1642.49293087607,1.67384079595072e-11
"635","Tau2.21.1","Tau2","5","21","2",10743081.6284024,0.000857023715802674
"636","NPQ.21.1","NPQ","6","21","2",0.325913229488769,1.44043440578115e-100
"637","qP.21.1","qP","7","21","2",0.625254396162593,4.34081678356216e-85
"638","ABQ.21.1","ABQ","8","21","2",0.300719846688737,2.72139396697867e-30
"639","qm.21.1","qm","9","21","2",0.876257913007771,2.17040839178108e-85
"640","nTau1.21.1","nTau1","10","21","2",2.03226605327256,1.67384079595072e-11
"641","nTau2.21.1","nTau2","11","21","2",12.9298854775713,0.000857023715802674
"642","nCon.21.1","nCon","12","21","2",1.34902098569593,1.66247484910735e-10
"643","Fm.21.1","Fm","13","21","2",2891.75490006215,1.44043440578115e-100
"644","Fo.21.1","Fo","14","21","2",2761.06757253771,4.34081678356216e-85
"645","Quant.22.1","Quant","1","22","2",0.0468043456341927,1.98086483033153e-81
"646","Sigma.22.1","Sigma","2","22","2",3.3724695548045,1.48763195205178e-27
"647","Connect.22.1","Connect","3","22","2",0.282782574760397,8.19215073279535e-05
"648","Tau1.22.1","Tau1","4","22","2",1329.99727713482,4.34370673841651e-12
"649","Tau2.22.1","Tau2","5","22","2",7418740.28697861,3.49071006746023e-06
"650","NPQ.22.1","NPQ","6","22","2",0.356501706377049,2.73130599546559e-98
"651","qP.22.1","qP","7","22","2",0.664183232313395,3.96172966066306e-81
"652","ABQ.22.1","ABQ","8","22","2",0.289274626364676,1.48763195205178e-27
"653","qm.22.1","qm","9","22","2",0.871846161927153,1.98086483033153e-81
"654","nTau1.22.1","nTau1","10","22","2",1.64561336396397,4.34370673841651e-12
"655","nTau2.22.1","nTau2","11","22","2",8.92885911290821,3.49071006746023e-06
"656","nCon.22.1","nCon","12","22","2",0.902245289721807,8.19215073279535e-05
"657","Fm.22.1","Fm","13","22","2",2826.54718413279,2.73130599546559e-98
"658","Fo.22.1","Fo","14","22","2",2694.25249277529,3.96172966066306e-81
"659","Quant.23.1","Quant","1","23","2",0.192988980189568,3.89021606906167e-69
"660","Sigma.23.1","Sigma","2","23","2",5.35313402853894,2.215766049436e-44
"661","Connect.23.1","Connect","3","23","2",0.237785770544043,1.89264729338522e-10
"662","Tau1.23.1","Tau1","4","23","2",1961.0245524855,2.08259279576603e-18
"663","Tau2.23.1","Tau2","5","23","2",1707100.85287844,6.68558161670729e-12
"664","NPQ.23.1","NPQ","6","23","2",0.461017101086528,2.66351851257235e-94
"665","qP.23.1","qP","7","23","2",1,7.78043213812334e-69
"666","ABQ.23.1","ABQ","8","23","2",-0.128137147193269,2.215766049436e-44
"667","qm.23.1","qm","9","23","2",0.471581576839957,3.89021606906167e-69
"668","nTau1.23.1","nTau1","10","23","2",2.42638708071919,2.08259279576603e-18
"669","nTau2.23.1","nTau2","11","23","2",2.0545891104492,6.68558161670729e-12
"670","nCon.23.1","nCon","12","23","2",0.758678612421627,1.89264729338522e-10
"671","Fm.23.1","Fm","13","23","2",2624.34715896203,2.66351851257235e-94
"672","Fo.23.1","Fo","14","23","2",2117.87707709056,7.78043213812334e-69
"673","Quant.24.1","Quant","1","24","2",0.202702161552643,9.14273443463164e-68
"674","Sigma.24.1","Sigma","2","24","2",5.47946591014736,5.48682004523504e-44
"675","Connect.24.1","Connect","3","24","2",0.214175745997659,6.9285654321603e-09
"676","Tau1.24.1","Tau1","4","24","2",1980.31598120053,4.9396352280608e-22
"677","Tau2.24.1","Tau2","5","24","2",1726174.21682568,3.60945040892627e-13
"678","NPQ.24.1","NPQ","6","24","2",0.402948755067397,1.50195987404825e-93
"679","qP.24.1","qP","7","24","2",0.964393075769253,1.82854688692633e-67
"680","ABQ.24.1","ABQ","8","24","2",-0.1547607452122,5.48682004523504e-44
"681","qm.24.1","qm","9","24","2",0.444986151677846,9.14273443463164e-68
"682","nTau1.24.1","nTau1","10","24","2",2.45025647763389,4.9396352280608e-22
"683","nTau2.24.1","nTau2","11","24","2",2.07754494565926,3.60945040892627e-13
"684","nCon.24.1","nCon","12","24","2",0.683348534338702,6.9285654321603e-09
"685","Fm.24.1","Fm","13","24","2",2732.96944352553,1.50195987404825e-93
"686","Fo.24.1","Fo","14","24","2",2178.99062986558,1.82854688692633e-67
"687","Quant.25.1","Quant","1","25","2",0.207305558854746,1.56604789310112e-66
"688","Sigma.25.1","Sigma","2","25","2",5.33663842186583,5.19468359422917e-43
"689","Connect.25.1","Connect","3","25","2",0.173115794098704,2.59535020236823e-06
"690","Tau1.25.1","Tau1","4","25","2",1961.07813342628,1.17275498742499e-18
"691","Tau2.25.1","Tau2","5","25","2",1627047.30400812,7.25455896350606e-11
"692","NPQ.25.1","NPQ","6","25","2",0.378117635192988,2.28096409007832e-92
"693","qP.25.1","qP","7","25","2",0.948980191627449,3.13209578620224e-66
"694","ABQ.25.1","ABQ","8","25","2",-0.124660808556088,5.19468359422917e-43
"695","qm.25.1","qm","9","25","2",0.432381701718232,1.56604789310112e-66
"696","nTau1.25.1","nTau1","10","25","2",2.42645337672875,1.17275498742499e-18
"697","nTau2.25.1","nTau2","11","25","2",1.95824029222651,7.25455896350606e-11
"698","nCon.25.1","nCon","12","25","2",0.552342766998104,2.59535020236823e-06
"699","Fm.25.1","Fm","13","25","2",2782.21247629157,2.28096409007832e-92
"700","Fo.25.1","Fo","14","25","2",2205.4443640413,3.13209578620224e-66
"701","Quant.26.1","Quant","1","26","2",0.20987439439474,6.09560656817642e-66
"702","Sigma.26.1","Sigma","2","26","2",5.56203904616204,1.81609025840979e-43
"703","Connect.26.1","Connect","3","26","2",0.228779721646729,4.50576952839895e-09
"704","Tau1.26.1","Tau1","4","26","2",1960.88716126095,5.07190336882658e-19
"705","Tau2.26.1","Tau2","5","26","2",1475249.98495901,6.67205959532079e-12
"706","NPQ.26.1","NPQ","6","26","2",0.371409193970606,9.22961042418135e-92
"707","qP.26.1","qP","7","26","2",0.94687907136651,1.21912131363528e-65
"708","ABQ.26.1","ABQ","8","26","2",-0.172162480644524,1.81609025840979e-43
"709","qm.26.1","qm","9","26","2",0.42534803573343,6.09560656817642e-66
"710","nTau1.26.1","nTau1","10","26","2",2.42621708575822,5.07190336882658e-19
"711","nTau2.26.1","nTau2","11","26","2",1.77554392827836,6.67205959532079e-12
"712","nCon.26.1","nCon","12","26","2",0.729943938075124,4.50576952839895e-09
"713","Fm.26.1","Fm","13","26","2",2795.82206046779,9.22961042418135e-92
"714","Fo.26.1","Fo","14","26","2",2209.05059869166,1.21912131363528e-65
"715","Quant.27.1","Quant","1","27","2",0.217573587774912,1.80534361945925e-67
"716","Sigma.27.1","Sigma","2","27","2",5.43808017183934,2.69529736027659e-45
"717","Connect.27.1","Connect","3","27","2",0.198944975071975,1.68799707476822e-08
"718","Tau1.27.1","Tau1","4","27","2",1988.17138981784,1.31777885963276e-18
"719","Tau2.27.1","Tau2","5","27","2",1448701.57049119,2.76591054917441e-11
"720","NPQ.27.1","NPQ","6","27","2",0.357442557794713,4.08160823715779e-93
"721","qP.27.1","qP","7","27","2",0.946307083693858,3.6106872389185e-67
"722","ABQ.27.1","ABQ","8","27","2",-0.146038978019302,2.69529736027659e-45
"723","qm.27.1","qm","9","27","2",0.404267061982708,1.80534361945925e-67
"724","nTau1.27.1","nTau1","10","27","2",2.45997602038956,1.31777885963276e-18
"725","nTau2.27.1","nTau2","11","27","2",1.74359146151384,2.76591054917441e-11
"726","nCon.27.1","nCon","12","27","2",0.634753279351106,1.68799707476822e-08
"727","Fm.27.1","Fm","13","27","2",2824.58808766126,4.08160823715779e-93
"728","Fo.27.1","Fo","14","27","2",2210.03232344252,3.6106872389185e-67
"729","Quant.1.2","Quant","1","1","3",0.372424435026305,4.05453148614367e-65
"730","Sigma.1.2","Sigma","2","1","3",4.37815429452996,1.34922161744828e-54
"731","Connect.1.2","Connect","3","1","3",0.300385088608486,1.48457623727623e-18
"732","Tau1.1.2","Tau1","4","1","3",803.983040765526,8.74242127453169e-30
"733","Tau2.1.2","Tau2","5","1","3",814358.297874778,2.23890637051947e-28
"734","NPQ.1.2","NPQ","6","1","3",0.896778908685973,2.50078115069299e-99
"735","qP.1.2","qP","7","1","3",1.47198478783628,8.10906297228733e-65
"736","ABQ.1.2","ABQ","8","1","3",0,1.34922161744828e-54
"737","qm.1.2","qm","9","1","3",0,4.05453148614367e-65
"738","nTau1.1.2","nTau1","10","1","3",1,8.74242127453169e-30
"739","nTau2.1.2","nTau2","11","1","3",1,2.23890637051947e-28
"740","nCon.1.2","nCon","12","1","3",1,1.48457623727623e-18
"741","Fm.1.2","Fm","13","1","3",2024.78765037753,2.50078115069299e-99
"742","Fo.1.2","Fo","14","1","3",1270.70725363744,8.10906297228733e-65
"743","Quant.3.2","Quant","1","3","3",0.0423708615681005,2.46900592159085e-92
"744","Sigma.3.2","Sigma","2","3","3",2.58704777388925,2.84725955098925e-31
"745","Connect.3.2","Connect","3","3","3",0.477518539264471,2.18936100109361e-13
"746","Tau1.3.2","Tau1","4","3","3",2548.2163503784,3.34205340903371e-05
"747","Tau2.3.2","Tau2","5","3","3",4488247.28534353,4.96065357425479e-12
"748","NPQ.3.2","NPQ","6","3","3",0.134925357889599,1.61869966245731e-108
"749","qP.3.2","qP","7","3","3",0.343653682090831,4.9380118431817e-92
"750","ABQ.3.2","ABQ","8","3","3",0.409100821978455,2.84725955098925e-31
"751","qm.3.2","qm","9","3","3",0.886229641282512,2.46900592159085e-92
"752","nTau1.3.2","nTau1","10","3","3",3.16949017724562,3.34205340903371e-05
"753","nTau2.3.2","nTau2","11","3","3",5.51139135814845,4.96065357425479e-12
"754","nCon.3.2","nCon","12","3","3",1.58968789521658,2.18936100109361e-13
"755","Fm.3.2","Fm","13","3","3",3383.98863247315,1.61869966245731e-108
"756","Fo.3.2","Fo","14","3","3",3240.6061185786,4.9380118431817e-92
"757","Quant.4.2","Quant","1","4","3",0.0465778440046521,4.93040948011195e-91
"758","Sigma.4.2","Sigma","2","4","3",2.94846716943888,1.30325963225045e-28
"759","Connect.4.2","Connect","3","4","3",0.304178365348215,6.79267312662311e-05
"760","Tau1.4.2","Tau1","4","4","3",2226.3295651475,5.78967893887732e-05
"761","Tau2.4.2","Tau2","5","4","3",3040044.61881774,1.51749258903301e-13
"762","NPQ.4.2","NPQ","6","4","3",0.14713530278319,1.1539735359193e-109
"763","qP.4.2","qP","7","4","3",0.371478152470322,9.86081896022389e-91
"764","ABQ.4.2","ABQ","8","4","3",0.326550191910166,1.30325963225045e-28
"765","qm.4.2","qm","9","4","3",0.87493343716461,4.93040948011195e-91
"766","nTau1.4.2","nTau1","10","4","3",2.76912503406497,5.78967893887732e-05
"767","nTau2.4.2","nTau2","11","4","3",3.73305537224992,1.51749258903301e-13
"768","nCon.4.2","nCon","12","4","3",1.01262804607679,6.79267312662311e-05
"769","Fm.4.2","Fm","13","4","3",3347.96993910473,1.1539735359193e-109
"770","Fo.4.2","Fo","14","4","3",3192.02871754884,9.86081896022389e-91
"771","Quant.5.2","Quant","1","5","3",0.0429906274537282,7.59470208234097e-91
"772","Sigma.5.2","Sigma","2","5","3",2.63047219536462,4.52628601489252e-30
"773","Connect.5.2","Connect","3","5","3",0.414849598277815,2.37160519801347e-10
"774","Tau1.5.2","Tau1","4","5","3",1809.55463238017,5.01747264108948e-08
"775","Tau2.5.2","Tau2","5","5","3",4014157.68354894,7.23573785331234e-12
"776","NPQ.5.2","NPQ","6","5","3",0.172060226613436,9.18521716880111e-110
"777","qP.5.2","qP","7","5","3",0.403626869134856,1.51894041646819e-90
"778","ABQ.5.2","ABQ","8","5","3",0.399182390933293,4.52628601489252e-30
"779","qm.5.2","qm","9","5","3",0.88456550266179,7.59470208234097e-91
"780","nTau1.5.2","nTau1","10","5","3",2.25073731736577,5.01747264108948e-08
"781","nTau2.5.2","nTau2","11","5","3",4.92922795042999,7.23573785331234e-12
"782","nCon.5.2","nCon","12","5","3",1.38105922700617,2.37160519801347e-10
"783","Fm.5.2","Fm","13","5","3",3276.77232159044,9.18521716880111e-110
"784","Fo.5.2","Fo","14","5","3",3135.90182346225,1.51894041646819e-90
"785","Quant.6.2","Quant","1","6","3",0.0450034097733401,1.20568537599963e-88
"786","Sigma.6.2","Sigma","2","6","3",2.99387896603766,3.85862688022421e-26
"787","Connect.6.2","Connect","3","6","3",0.348452551915817,3.10380801070567e-05
"788","Tau1.6.2","Tau1","4","6","3",2319.49681126121,1.26414521092352e-09
"789","Tau2.6.2","Tau2","5","6","3",7273730.30872453,4.51268288098061e-06
"790","NPQ.6.2","NPQ","6","6","3",0.196164821988917,1.9312716259595e-107
"791","qP.6.2","qP","7","6","3",0.443524790223,2.41137075199926e-88
"792","ABQ.6.2","ABQ","8","6","3",0.316177830969046,3.85862688022421e-26
"793","qm.6.2","qm","9","6","3",0.879160963833747,1.20568537599963e-88
"794","nTau1.6.2","nTau1","10","6","3",2.88500713777826,1.26414521092352e-09
"795","nTau2.6.2","nTau2","11","6","3",8.93185509094303,4.51268288098061e-06
"796","nCon.6.2","nCon","12","6","3",1.16001947210496,3.10380801070567e-05
"797","Fm.6.2","Fm","13","6","3",3210.74022509542,1.9312716259595e-107
"798","Fo.6.2","Fo","14","6","3",3066.24596706971,2.41137075199926e-88
"799","Quant.7.2","Quant","1","7","3",0.0449110700181396,9.33319938000114e-92
"800","Sigma.7.2","Sigma","2","7","3",3.40070720964535,6.83200870295274e-28
"801","Connect.7.2","Connect","3","7","3",0.192396073723398,0.0193341886135484
"802","Tau1.7.2","Tau1","4","7","3",2023.11675482667,1.45093251838696e-10
"803","Tau2.7.2","Tau2","5","7","3",7526999.00476863,5.29330706319058e-09
"804","NPQ.7.2","NPQ","6","7","3",0.232119641135536,6.22160263672111e-113
"805","qP.7.2","qP","7","7","3",0.494611104291039,1.86663987600023e-91
"806","ABQ.7.2","ABQ","8","7","3",0.223255513426245,6.83200870295274e-28
"807","qm.7.2","qm","9","7","3",0.879408906091333,9.33319938000114e-92
"808","nTau1.7.2","nTau1","10","7","3",2.51636745086106,1.45093251838696e-10
"809","nTau2.7.2","nTau2","11","7","3",9.24285910073215,5.29330706319058e-09
"810","nCon.7.2","nCon","12","7","3",0.640498084024941,0.0193341886135484
"811","Fm.7.2","Fm","13","7","3",3117.04673927964,6.22160263672111e-113
"812","Fo.7.2","Fo","14","7","3",2977.05683492204,1.86663987600023e-91
"813","Quant.8.2","Quant","1","8","3",0.0534113404666669,9.55522563093781e-86
"814","Sigma.8.2","Sigma","2","8","3",3.47200280692516,1.82279895204672e-25
"815","Connect.8.2","Connect","3","8","3",0.131651994722427,0.170480644401323
"816","Tau1.8.2","Tau1","4","8","3",1667.25393369471,1.16729322775386e-14
"817","Tau2.8.2","Tau2","5","8","3",13421736.2047289,7.14926211269965e-05
"818","NPQ.8.2","NPQ","6","8","3",0.252026601045232,9.81893809890435e-108
"819","qP.8.2","qP","7","8","3",0.536658798598463,1.91104512618756e-85
"820","ABQ.8.2","ABQ","8","8","3",0.206971117654976,1.82279895204672e-25
"821","qm.8.2","qm","9","8","3",0.85658475802509,9.55522563093781e-86
"822","nTau1.8.2","nTau1","10","8","3",2.07374266515274,1.16729322775386e-14
"823","nTau2.8.2","nTau2","11","8","3",16.4813648240037,7.14926211269965e-05
"824","nCon.8.2","nCon","12","8","3",0.438277396964997,0.170480644401323
"825","Fm.8.2","Fm","13","8","3",3067.48635100699,9.81893809890435e-108
"826","Fo.8.2","Fo","14","8","3",2903.6477931365,1.91104512618756e-85
"827","Quant.9.2","Quant","1","9","3",0.0566455790388421,2.74318074374103e-88
"828","Sigma.9.2","Sigma","2","9","3",3.69220321962207,2.28696829158529e-30
"829","Connect.9.2","Connect","3","9","3",0.343661620241573,1.00137443069432e-06
"830","Tau1.9.2","Tau1","4","9","3",1638.29939438915,2.4476321453238e-12
"831","Tau2.9.2","Tau2","5","9","3",6677508.8736431,4.78442368265492e-07
"832","NPQ.9.2","NPQ","6","9","3",0.27486671538051,1.17599392299484e-110
"833","qP.9.2","qP","7","9","3",0.572036423585998,5.48636148748207e-88
"834","ABQ.9.2","ABQ","8","9","3",0.156675856710878,2.28696829158529e-30
"835","qm.9.2","qm","9","9","3",0.847900476683703,2.74318074374103e-88
"836","nTau1.9.2","nTau1","10","9","3",2.03772879690251,2.4476321453238e-12
"837","nTau2.9.2","nTau2","11","9","3",8.19971858955613,4.78442368265492e-07
"838","nCon.9.2","nCon","12","9","3",1.14407017283568,1.00137443069432e-06
"839","Fm.9.2","Fm","13","9","3",3012.53022254771,1.17599392299484e-110
"840","Fo.9.2","Fo","14","9","3",2841.88370371949,5.48636148748207e-88
"841","Quant.10.2","Quant","1","10","3",0.0902379635068008,4.73855224857623e-79
"842","Sigma.10.2","Sigma","2","10","3",4.46593285831091,2.78566167424702e-32
"843","Connect.10.2","Connect","3","10","3",0.172496527557782,0.00803518749217763
"844","Tau1.10.2","Tau1","4","10","3",1801.79613305416,6.91321724531573e-19
"845","Tau2.10.2","Tau2","5","10","3",4016953.1458891,2.65249330661513e-09
"846","NPQ.10.2","NPQ","6","10","3",0.314298870850885,8.44426647977364e-107
"847","qP.10.2","qP","7","10","3",0.677099920710397,9.47710449715246e-79
"848","ABQ.10.2","ABQ","8","10","3",-0.0200492166049555,2.78566167424702e-32
"849","qm.10.2","qm","9","10","3",0.757701281065441,4.73855224857623e-79
"850","nTau1.10.2","nTau1","10","10","3",2.24108723902751,6.91321724531573e-19
"851","nTau2.10.2","nTau2","11","10","3",4.93266066837178,2.65249330661513e-09
"852","nCon.10.2","nCon","12","10","3",0.574251299746138,0.00803518749217763
"853","Fm.10.2","Fm","13","10","3",2922.14700551139,8.44426647977364e-107
"854","Fo.10.2","Fo","14","10","3",2658.45841066655,9.47710449715246e-79
"855","Quant.11.2","Quant","1","11","3",0.103317306712619,3.05392918659448e-81
"856","Sigma.11.2","Sigma","2","11","3",4.44389347270012,4.17785721605871e-37
"857","Connect.11.2","Connect","3","11","3",0.166453883412804,0.00137677460100344
"858","Tau1.11.2","Tau1","4","11","3",1538.58693070823,2.26586693159397e-16
"859","Tau2.11.2","Tau2","5","11","3",3513732.00396604,9.0492021028015e-08
"860","NPQ.11.2","NPQ","6","11","3",0.296714479654981,4.51764076217608e-109
"861","qP.11.2","qP","7","11","3",0.678639239436212,6.10785837318896e-81
"862","ABQ.11.2","ABQ","8","11","3",-0.0150152721324366,4.17785721605871e-37
"863","qm.11.2","qm","9","11","3",0.722581826014392,3.05392918659448e-81
"864","nTau1.11.2","nTau1","10","11","3",1.91370570359698,2.26586693159397e-16
"865","nTau2.11.2","nTau2","11","11","3",4.3147248737267,9.0492021028015e-08
"866","nCon.11.2","nCon","12","11","3",0.55413497448855,0.00137677460100344
"867","Fm.11.2","Fm","13","11","3",2961.77344362329,4.51764076217608e-109
"868","Fo.11.2","Fo","14","11","3",2655.77098833517,6.10785837318896e-81
"869","Quant.12.2","Quant","1","12","3",0.110308725001345,7.61833190207799e-78
"870","Sigma.12.2","Sigma","2","12","3",4.28812114820915,4.17337531152523e-36
"871","Connect.12.2","Connect","3","12","3",0.23413550422649,1.97520852804139e-05
"872","Tau1.12.2","Tau1","4","12","3",1591.8753491051,8.17802813663609e-19
"873","Tau2.12.2","Tau2","5","12","3",3582849.69416971,1.20295840648781e-07
"874","NPQ.12.2","NPQ","6","12","3",0.294164651245802,3.34562021435365e-105
"875","qP.12.2","qP","7","12","3",0.687526168656881,1.5236663804156e-77
"876","ABQ.12.2","ABQ","8","12","3",0.0205641784788837,4.17337531152523e-36
"877","qm.12.2","qm","9","12","3",0.70380910964246,7.61833190207799e-78
"878","nTau1.12.2","nTau1","10","12","3",1.97998622904952,8.17802813663609e-19
"879","nTau2.12.2","nTau2","11","12","3",4.39959868220148,1.20295840648781e-07
"880","nCon.12.2","nCon","12","12","3",0.77945115488624,1.97520852804139e-05
"881","Fm.12.2","Fm","13","12","3",2967.60887890646,3.34562021435365e-105
"882","Fo.12.2","Fo","14","12","3",2640.25572717162,1.5236663804156e-77
"883","Quant.13.2","Quant","1","13","3",0.122277664309949,2.39058254370737e-72
"884","Sigma.13.2","Sigma","2","13","3",4.63464617475802,1.45569565955661e-31
"885","Connect.13.2","Connect","3","13","3",0.0877998913255445,0.211746550492891
"886","Tau1.13.2","Tau1","4","13","3",1523.88669836569,4.74225850161418e-18
"887","Tau2.13.2","Tau2","5","13","3",3281530.48384597,1.07549277289116e-07
"888","NPQ.13.2","NPQ","6","13","3",0.272655818465501,2.16404908029318e-101
"889","qP.13.2","qP","7","13","3",0.682655846178372,4.78116508741475e-72
"890","ABQ.13.2","ABQ","8","13","3",-0.0585844771502286,1.45569565955661e-31
"891","qm.13.2","qm","9","13","3",0.671671209486261,2.39058254370737e-72
"892","nTau1.13.2","nTau1","10","13","3",1.89542144684382,4.74225850161418e-18
"893","nTau2.13.2","nTau2","11","13","3",4.02959052840715,1.07549277289116e-07
"894","nCon.13.2","nCon","12","13","3",0.292291111160915,0.211746550492891
"895","Fm.13.2","Fm","13","13","3",3017.76368290578,2.16404908029318e-101
"896","Fo.13.2","Fo","14","13","3",2648.75858832067,4.78116508741475e-72
"897","Quant.14.2","Quant","1","14","3",0.121102076936238,1.59708661096256e-77
"898","Sigma.14.2","Sigma","2","14","3",4.59678878635605,2.08208824966948e-37
"899","Connect.14.2","Connect","3","14","3",0.167559137537596,0.00128388799737243
"900","Tau1.14.2","Tau1","4","14","3",1766.93910610794,7.04930895928767e-20
"901","Tau2.14.2","Tau2","5","14","3",3587313.65938608,1.86215170657435e-07
"902","NPQ.14.2","NPQ","6","14","3",0.277425363082052,3.39105437227867e-106
"903","qP.14.2","qP","7","14","3",0.686296083973824,3.19417322192511e-77
"904","ABQ.14.2","ABQ","8","14","3",-0.0499375940448821,2.08208824966948e-37
"905","qm.14.2","qm","9","14","3",0.674827789085094,1.59708661096256e-77
"906","nTau1.14.2","nTau1","10","14","3",2.19773181337944,7.04930895928767e-20
"907","nTau2.14.2","nTau2","11","14","3",4.40508025613278,1.86215170657435e-07
"908","nCon.14.2","nCon","12","14","3",0.557814431847476,0.00128388799737243
"909","Fm.14.2","Fm","13","14","3",3006.49620776101,3.39105437227867e-106
"910","Fo.14.2","Fo","14","14","3",2642.40327270023,3.19417322192511e-77
"911","Quant.15.2","Quant","1","15","3",0.130872079212284,2.38486125531693e-83
"912","Sigma.15.2","Sigma","2","15","3",4.72563776348885,3.1086331396552e-44
"913","Connect.15.2","Connect","3","15","3",0.162159890851529,2.77130400898658e-05
"914","Tau1.15.2","Tau1","4","15","3",1859.41961165391,5.41210917703772e-16
"915","Tau2.15.2","Tau2","5","15","3",3506198.12909053,2.11063950774991e-05
"916","NPQ.15.2","NPQ","6","15","3",0.267539572282331,2.5641304210552e-112
"917","qP.15.2","qP","7","15","3",0.69144769009343,4.76972251063386e-83
"918","ABQ.15.2","ABQ","8","15","3",-0.0793675703464887,3.1086331396552e-44
"919","qm.15.2","qm","9","15","3",0.64859427335094,2.38486125531693e-83
"920","nTau1.15.2","nTau1","10","15","3",2.31275974414017,5.41210917703772e-16
"921","nTau2.15.2","nTau2","11","15","3",4.30547357132679,2.11063950774991e-05
"922","nCon.15.2","nCon","12","15","3",0.539840015370682,2.77130400898658e-05
"923","Fm.15.2","Fm","13","15","3",3029.9444638944,2.5641304210552e-112
"924","Fo.15.2","Fo","14","15","3",2633.40933200679,4.76972251063386e-83
"925","Quant.16.2","Quant","1","16","3",0.0482819568000426,4.18518834888624e-89
"926","Sigma.16.2","Sigma","2","16","3",3.45642281661134,1.00554779022934e-27
"927","Connect.16.2","Connect","3","16","3",0.369964518733633,2.37363379571631e-06
"928","Tau1.16.2","Tau1","4","16","3",1981.17873316732,7.19762112373233e-11
"929","Tau2.16.2","Tau2","5","16","3",9645471.94759685,0.00104708558951697
"930","NPQ.16.2","NPQ","6","16","3",0.218561866939903,6.59700995626015e-110
"931","qP.16.2","qP","7","16","3",0.481724126524721,8.37037669777248e-89
"932","ABQ.16.2","ABQ","8","16","3",0.21052969263103,1.00554779022934e-27
"933","qm.16.2","qm","9","16","3",0.870357709486403,4.18518834888624e-89
"934","nTau1.16.2","nTau1","10","16","3",2.46420463207894,7.19762112373233e-11
"935","nTau2.16.2","nTau2","11","16","3",11.8442606562351,0.00104708558951697
"936","nCon.16.2","nCon","12","16","3",1.23163410157098,2.37363379571631e-06
"937","Fm.16.2","Fm","13","16","3",3151.72714164157,6.59700995626015e-110
"938","Fo.16.2","Fo","14","16","3",2999.55558794331,8.37037669777248e-89
"939","Quant.17.2","Quant","1","17","3",0.0468223170101653,3.11671272669199e-90
"940","Sigma.17.2","Sigma","2","17","3",3.21332931860477,2.46581227978769e-29
"941","Connect.17.2","Connect","3","17","3",0.464991736855449,6.31127252880594e-11
"942","Tau1.17.2","Tau1","4","17","3",1492.48564017364,7.68145948234074e-13
"943","Tau2.17.2","Tau2","5","17","3",8323377.66019035,2.68557881866087e-05
"944","NPQ.17.2","NPQ","6","17","3",0.255102323086693,2.86193013638068e-110
"945","qP.17.2","qP","7","17","3",0.529185882855022,6.23342545338397e-90
"946","ABQ.17.2","ABQ","8","17","3",0.266053888822628,2.46581227978769e-29
"947","qm.17.2","qm","9","17","3",0.874277000630052,3.11671272669199e-90
"948","nTau1.17.2","nTau1","10","17","3",1.85636458046745,7.68145948234074e-13
"949","nTau2.17.2","nTau2","11","17","3",10.2207808060798,2.68557881866087e-05
"950","nCon.17.2","nCon","12","17","3",1.54798541768332,6.31127252880594e-11
"951","Fm.17.2","Fm","13","17","3",3059.96924645852,2.86193013638068e-110
"952","Fo.17.2","Fo","14","17","3",2916.69439635948,6.23342545338397e-90
"953","Quant.18.2","Quant","1","18","3",0.0474873736735782,1.82040235500027e-94
"954","Sigma.18.2","Sigma","2","18","3",3.17002513023272,1.42606288607775e-33
"955","Connect.18.2","Connect","3","18","3",0.344637014669875,9.35529884246003e-09
"956","Tau1.18.2","Tau1","4","18","3",1538.89933830681,7.16963415635488e-11
"957","Tau2.18.2","Tau2","5","18","3",8429390.20482715,1.60610723930401e-06
"958","NPQ.18.2","NPQ","6","18","3",0.26896058868707,3.80239041560018e-115
"959","qP.18.2","qP","7","18","3",0.548583821661873,3.64080471000054e-94
"960","ABQ.18.2","ABQ","8","18","3",0.275944857815236,1.42606288607775e-33
"961","qm.18.2","qm","9","18","3",0.872491251358886,1.82040235500027e-94
"962","nTau1.18.2","nTau1","10","18","3",1.91409427845832,7.16963415635488e-11
"963","nTau2.18.2","nTau2","11","18","3",10.3509600464872,1.60610723930401e-06
"964","nCon.18.2","nCon","12","18","3",1.1473173194661,9.35529884246003e-09
"965","Fm.18.2","Fm","13","18","3",3026.55145009474,3.80239041560018e-115
"966","Fo.18.2","Fo","14","18","3",2882.82847044178,3.64080471000054e-94
"967","Quant.19.2","Quant","1","19","3",0.0531637266063444,2.396513808525e-85
"968","Sigma.19.2","Sigma","2","19","3",3.49397749842157,2.14705036148955e-25
"969","Connect.19.2","Connect","3","19","3",0.186578318704706,0.0458541564809584
"970","Tau1.19.2","Tau1","4","19","3",1592.78297767436,9.98892381919524e-14
"971","Tau2.19.2","Tau2","5","19","3",10062442.1991138,5.36186487767063e-05
"972","NPQ.19.2","NPQ","6","19","3",0.281138078848664,2.78225759783359e-107
"973","qP.19.2","qP","7","19","3",0.574026058907691,4.79302761705e-85
"974","ABQ.19.2","ABQ","8","19","3",0.201951949754964,2.14705036148955e-25
"975","qm.19.2","qm","9","19","3",0.857249628095457,2.396513808525e-85
"976","nTau1.19.2","nTau1","10","19","3",1.98111514411767,9.98892381919524e-14
"977","nTau2.19.2","nTau2","11","19","3",12.3562837455868,5.36186487767063e-05
"978","nCon.19.2","nCon","12","19","3",0.621130428174772,0.0458541564809584
"979","Fm.19.2","Fm","13","19","3",2997.78343428476,2.78225759783359e-107
"980","Fo.19.2","Fo","14","19","3",2838.41009535941,4.79302761705e-85
"981","Quant.20.2","Quant","1","20","3",0.0510606313521808,2.16114033751048e-86
"982","Sigma.20.2","Sigma","2","20","3",3.03053910726213,2.40546041611438e-26
"983","Connect.20.2","Connect","3","20","3",0.246233776869161,0.0039893085952886
"984","Tau1.20.2","Tau1","4","20","3",1606.05958499076,3.35010091205666e-10
"985","Tau2.20.2","Tau2","5","20","3",7904687.071935,3.12856116871369e-05
"986","NPQ.20.2","NPQ","6","20","3",0.312124102249184,3.30426484167922e-106
"987","qP.20.2","qP","7","20","3",0.60889372408767,4.32228067502096e-86
"988","ABQ.20.2","ABQ","8","20","3",0.307804407202261,2.40546041611438e-26
"989","qm.20.2","qm","9","20","3",0.862896666947822,2.16114033751048e-86
"990","nTau1.20.2","nTau1","10","20","3",1.99762868562691,3.35010091205666e-10
"991","nTau2.20.2","nTau2","11","20","3",9.70664521079208,3.12856116871369e-05
"992","nCon.20.2","nCon","12","20","3",0.819727031091398,0.0039893085952886
"993","Fm.20.2","Fm","13","20","3",2926.99029247354,3.30426484167922e-106
"994","Fo.20.2","Fo","14","20","3",2777.53632017814,4.32228067502096e-86
"995","Quant.21.2","Quant","1","21","3",0.0568915146814166,2.38921907953815e-82
"996","Sigma.21.2","Sigma","2","21","3",3.39642325543362,5.55800989367605e-22
"997","Connect.21.2","Connect","3","21","3",0.161090769387057,0.176533614345076
"998","Tau1.21.2","Tau1","4","21","3",1838.96846211382,4.57303510534452e-11
"999","Tau2.21.2","Tau2","5","21","3",8853523.60322537,0.000412942588220444
"1000","NPQ.21.2","NPQ","6","21","3",0.331789800534086,1.53292889499311e-102
"1001","qP.21.2","qP","7","21","3",0.642017409851624,4.77843815907629e-82
"1002","ABQ.21.2","ABQ","8","21","3",0.224233997491342,5.55800989367605e-22
"1003","qm.21.2","qm","9","21","3",0.847240112810003,2.38921907953815e-82
"1004","nTau1.21.2","nTau1","10","21","3",2.28732245441746,4.57303510534452e-11
"1005","nTau2.21.2","nTau2","11","21","3",10.8717791988248,0.000412942588220444
"1006","nCon.21.2","nCon","12","21","3",0.536280845807957,0.176533614345076
"1007","Fm.21.2","Fm","13","21","3",2883.76927670098,1.53292889499311e-102
"1008","Fo.21.2","Fo","14","21","3",2719.70727455773,4.77843815907629e-82
"1009","Quant.22.2","Quant","1","22","3",0.0515147070966387,1.55616009586006e-88
"1010","Sigma.22.2","Sigma","2","22","3",3.15246789284409,3.25272943715877e-29
"1011","Connect.22.2","Connect","3","22","3",0.234363776354611,0.00136683532196722
"1012","Tau1.22.2","Tau1","4","22","3",1162.60479738727,1.44523156517905e-09
"1013","Tau2.22.2","Tau2","5","22","3",6631972.96108351,1.63538990985515e-05
"1014","NPQ.22.2","NPQ","6","22","3",0.369097200074516,1.07767921931694e-109
"1015","qP.22.2","qP","7","22","3",0.67582788472223,3.11232019172012e-88
"1016","ABQ.22.2","ABQ","8","22","3",0.27995504937257,3.25272943715877e-29
"1017","qm.22.2","qm","9","22","3",0.86167742432636,1.55616009586006e-88
"1018","nTau1.22.2","nTau1","10","22","3",1.44605636989591,1.44523156517905e-09
"1019","nTau2.22.2","nTau2","11","22","3",8.14380227768404,1.63538990985515e-05
"1020","nCon.22.2","nCon","12","22","3",0.780211086509938,0.00136683532196722
"1021","Fm.22.2","Fm","13","22","3",2805.18761530948,1.07767921931694e-109
"1022","Fo.22.2","Fo","14","22","3",2660.6791969557,3.11232019172012e-88
"1023","Quant.23.2","Quant","1","23","3",0.196480326956342,5.1743985426441e-75
"1024","Sigma.23.2","Sigma","2","23","3",4.901114763531,3.01159255032248e-46
"1025","Connect.23.2","Connect","3","23","3",0.186962616520747,6.85763022943005e-07
"1026","Tau1.23.2","Tau1","4","23","3",1767.514703775,2.71557031693903e-18
"1027","Tau2.23.2","Tau2","5","23","3",1727273.91053128,3.18335534575191e-11
"1028","NPQ.23.2","NPQ","6","23","3",0.473215106082826,1.88220093892979e-105
"1029","qP.23.2","qP","7","23","3",1,1.03487970852882e-74
"1030","ABQ.23.2","ABQ","8","23","3",-0.11944770188991,3.01159255032248e-46
"1031","qm.23.2","qm","9","23","3",0.472429012498966,5.1743985426441e-75
"1032","nTau1.23.2","nTau1","10","23","3",2.19844774597736,2.71557031693903e-18
"1033","nTau2.23.2","nTau2","11","23","3",2.12102451100324,3.18335534575191e-11
"1034","nCon.23.2","nCon","12","23","3",0.622409778683884,6.85763022943005e-07
"1035","Fm.23.2","Fm","13","23","3",2606.9339731492,1.88220093892979e-105
"1036","Fo.23.2","Fo","14","23","3",2094.72273375125,1.03487970852882e-74
"1037","Quant.24.2","Quant","1","24","3",0.206132091432686,8.00363224821973e-74
"1038","Sigma.24.2","Sigma","2","24","3",4.98686436777624,5.95615082095951e-47
"1039","Connect.24.2","Connect","3","24","3",0.218105222493303,1.38505898856648e-08
"1040","Tau1.24.2","Tau1","4","24","3",1754.44196621075,3.3016824212585e-19
"1041","Tau2.24.2","Tau2","5","24","3",1551008.23853431,1.21888466468681e-12
"1042","NPQ.24.2","NPQ","6","24","3",0.419026051645357,3.02319614555285e-104
"1043","qP.24.2","qP","7","24","3",0.969144086050499,1.60072644964395e-73
"1044","ABQ.24.2","ABQ","8","24","3",-0.13903349043838,5.95615082095951e-47
"1045","qm.24.2","qm","9","24","3",0.446512978080705,8.00363224821973e-74
"1046","nTau1.24.2","nTau1","10","24","3",2.1821877791604,3.3016824212585e-19
"1047","nTau2.24.2","nTau2","11","24","3",1.90457718989535,1.21888466468681e-12
"1048","nCon.24.2","nCon","12","24","3",0.726085384276766,1.38505898856648e-08
"1049","Fm.24.2","Fm","13","24","3",2706.48625890327,3.02319614555285e-104
"1050","Fo.24.2","Fo","14","24","3",2148.59258592171,1.60072644964395e-73
"1051","Quant.25.2","Quant","1","25","3",0.210956512235298,3.40633587473557e-72
"1052","Sigma.25.2","Sigma","2","25","3",5.05077451406392,1.67651669885133e-45
"1053","Connect.25.2","Connect","3","25","3",0.194124884379337,6.6997908566323e-07
"1054","Tau1.25.2","Tau1","4","25","3",1782.43965770432,5.7095741030379e-19
"1055","Tau2.25.2","Tau2","5","25","3",1490990.56333004,6.32925611713877e-12
"1056","NPQ.25.2","NPQ","6","25","3",0.396428314809748,1.84238892875362e-103
"1057","qP.25.2","qP","7","25","3",0.95682853492788,6.81267174947113e-72
"1058","ABQ.25.2","ABQ","8","25","3",-0.15363099934014,1.67651669885133e-45
"1059","qm.25.2","qm","9","25","3",0.433558884984555,3.40633587473557e-72
"1060","nTau1.25.2","nTau1","10","25","3",2.21701151308757,5.7095741030379e-19
"1061","nTau2.25.2","nTau2","11","25","3",1.83087784237118,6.32925611713877e-12
"1062","nCon.25.2","nCon","12","25","3",0.646253398524567,6.6997908566323e-07
"1063","Fm.25.2","Fm","13","25","3",2750.28404184655,1.84238892875362e-103
"1064","Fo.25.2","Fo","14","25","3",2170.09371272221,6.81267174947113e-72
"1065","Quant.26.2","Quant","1","26","3",0.213289540199511,3.51724867098291e-68
"1066","Sigma.26.2","Sigma","2","26","3",5.07724241760235,1.4489390621297e-42
"1067","Connect.26.2","Connect","3","26","3",0.247708335061425,3.59749390478516e-08
"1068","Tau1.26.2","Tau1","4","26","3",1938.9546049453,1.16965933811423e-18
"1069","Tau2.26.2","Tau2","5","26","3",1543040.88523585,7.64029271060645e-11
"1070","NPQ.26.2","NPQ","6","26","3",0.389285935197192,1.15875737296997e-99
"1071","qP.26.2","qP","7","26","3",0.954132389986561,7.03449734196582e-68
"1072","ABQ.26.2","ABQ","8","26","3",-0.159676447206494,1.4489390621297e-42
"1073","qm.26.2","qm","9","26","3",0.427294451867946,3.51724867098291e-68
"1074","nTau1.26.2","nTau1","10","26","3",2.41168595185676,1.16965933811423e-18
"1075","nTau2.26.2","nTau2","11","26","3",1.89479359302006,7.64029271060645e-11
"1076","nCon.26.2","nCon","12","26","3",0.82463592386998,3.59749390478516e-08
"1077","Fm.26.2","Fm","13","26","3",2764.4233721108,1.15875737296997e-99
"1078","Fo.26.2","Fo","14","26","3",2174.8007821565,7.03449734196582e-68
"1079","Quant.27.2","Quant","1","27","3",0.21953040289092,2.54299867598523e-72
"1080","Sigma.27.2","Sigma","2","27","3",5.17065236941343,4.31685733458533e-47
"1081","Connect.27.2","Connect","3","27","3",0.244711933109162,2.25705773216343e-10
"1082","Tau1.27.2","Tau1","4","27","3",1768.03948522349,5.01600613899014e-17
"1083","Tau2.27.2","Tau2","5","27","3",1325151.62087729,2.46232865954306e-11
"1084","NPQ.27.2","NPQ","6","27","3",0.375475882522349,8.08836681195358e-104
"1085","qP.27.2","qP","7","27","3",0.951606499567984,5.08599735197047e-72
"1086","ABQ.27.2","ABQ","8","27","3",-0.181011910857873,4.31685733458533e-47
"1087","qm.27.2","qm","9","27","3",0.410537058677651,2.54299867598523e-72
"1088","nTau1.27.2","nTau1","10","27","3",2.1991004729901,5.01600613899014e-17
"1089","nTau2.27.2","nTau2","11","27","3",1.62723413555866,2.46232865954306e-11
"1090","nCon.27.2","nCon","12","27","3",0.814660721818028,2.25705773216343e-10
"1091","Fm.27.2","Fm","13","27","3",2792.178735087,8.08836681195358e-104
"1092","Fo.27.2","Fo","14","27","3",2179.21061242989,5.08599735197047e-72
"1093","Quant.1.3","Quant","1","1","4",0.366033064686535,2.22607806505132e-69
"1094","Sigma.1.3","Sigma","2","1","4",3.79401131934329,9.91937150592028e-58
"1095","Connect.1.3","Connect","3","1","4",0.385599142860694,5.25448896769455e-28
"1096","Tau1.1.3","Tau1","4","1","4",670.92163077413,4.78413069393861e-28
"1097","Tau2.1.3","Tau2","5","1","4",877258.994402086,2.89511020480876e-24
"1098","NPQ.1.3","NPQ","6","1","4",0.899129156817516,3.43840529516731e-100
"1099","qP.1.3","qP","7","1","4",1.46523137282778,4.45215613010264e-69
"1100","ABQ.1.3","ABQ","8","1","4",0,9.91937150592028e-58
"1101","qm.1.3","qm","9","1","4",0,2.22607806505132e-69
"1102","nTau1.1.3","nTau1","10","1","4",1,4.78413069393861e-28
"1103","nTau2.1.3","nTau2","11","1","4",1,2.89511020480876e-24
"1104","nCon.1.3","nCon","12","1","4",1,5.25448896769455e-28
"1105","Fm.1.3","Fm","13","1","4",1652.24159969018,3.43840529516731e-100
"1106","Fo.1.3","Fo","14","1","4",1047.466543353,4.45215613010264e-69
"1107","Quant.3.3","Quant","1","3","4",0.0434538493702904,1.04187779923226e-84
"1108","Sigma.3.3","Sigma","2","3","4",2.28172896507605,5.25695699605284e-26
"1109","Connect.3.3","Connect","3","3","4",0.619853521140772,8.06800029147788e-17
"1110","Tau1.3.3","Tau1","4","3","4",1964.39344928517,0.000126325005462589
"1111","Tau2.3.3","Tau2","5","3","4",3232399.148002,4.38734901517264e-14
"1112","NPQ.3.3","NPQ","6","3","4",0.131911898601607,1.54921058615364e-98
"1113","qP.3.3","qP","7","3","4",0.340758456178542,2.08375559846451e-84
"1114","ABQ.3.3","ABQ","8","3","4",0.3985972172927,5.25695699605284e-26
"1115","qm.3.3","qm","9","3","4",0.881284360451142,1.04187779923226e-84
"1116","nTau1.3.3","nTau1","10","3","4",2.92790299072425,0.000126325005462589
"1117","nTau2.3.3","nTau2","11","3","4",3.68465774489449,4.38734901517264e-14
"1118","nCon.3.3","nCon","12","3","4",1.60750751815003,8.06800029147788e-17
"1119","Fm.3.3","Fm","13","3","4",2772.1417187636,1.54921058615364e-98
"1120","Fo.3.3","Fo","14","3","4",2651.68149008335,2.08375559846451e-84
"1121","Quant.4.3","Quant","1","4","4",0.0472960082651214,2.69086910434772e-82
"1122","Sigma.4.3","Sigma","2","4","4",2.98796812604428,1.78941156346561e-23
"1123","Connect.4.3","Connect","3","4","4",0.375571514398836,1.89786309317813e-05
"1124","Tau1.4.3","Tau1","4","4","4",2202.18212025539,9.33468444749248e-07
"1125","Tau2.4.3","Tau2","5","4","4",4311001.66976506,1.14968695158097e-09
"1126","NPQ.4.3","NPQ","6","4","4",0.149301514321667,4.49943422287094e-102
"1127","qP.4.3","qP","7","4","4",0.376234448118886,5.38173820869544e-82
"1128","ABQ.4.3","ABQ","8","4","4",0.21245144662313,1.78941156346561e-23
"1129","qm.4.3","qm","9","4","4",0.870787606836489,2.69086910434772e-82
"1130","nTau1.4.3","nTau1","10","4","4",3.2823239246504,9.33468444749248e-07
"1131","nTau2.4.3","nTau2","11","4","4",4.91417209430073,1.14968695158097e-09
"1132","nCon.4.3","nCon","12","4","4",0.973994681659651,1.89786309317813e-05
"1133","Fm.4.3","Fm","13","4","4",2730.19756519717,4.49943422287094e-102
"1134","Fo.4.3","Fo","14","4","4",2601.07011858819,5.38173820869544e-82
"1135","Quant.5.3","Quant","1","5","4",0.0461332991033557,8.91271031614922e-92
"1136","Sigma.5.3","Sigma","2","5","4",2.86783266580766,6.59904685216344e-32
"1137","Connect.5.3","Connect","3","5","4",0.451064825726438,6.56912391943447e-13
"1138","Tau1.5.3","Tau1","4","5","4",1720.22529571444,4.16473441522353e-09
"1139","Tau2.5.3","Tau2","5","5","4",4180894.47396973,2.20706351208566e-11
"1140","NPQ.5.3","NPQ","6","5","4",0.17290744115363,1.7039809367107e-110
"1141","qP.5.3","qP","7","5","4",0.410748184227411,1.78254206322984e-91
"1142","ABQ.5.3","ABQ","8","5","4",0.244115943675135,6.59904685216344e-32
"1143","qm.5.3","qm","9","5","4",0.873964120856504,8.91271031614922e-92
"1144","nTau1.5.3","nTau1","10","5","4",2.56397352061758,4.16473441522353e-09
"1145","nTau2.5.3","nTau2","11","5","4",4.76586105203664,2.20706351208566e-11
"1146","nCon.5.3","nCon","12","5","4",1.16977652590217,6.56912391943447e-13
"1147","Fm.5.3","Fm","13","5","4",2675.24962838686,1.7039809367107e-110
"1148","Fo.5.3","Fo","14","5","4",2551.83153710435,1.78254206322984e-91
"1149","Quant.6.3","Quant","1","6","4",0.0505966355021799,2.95098611907048e-84
"1150","Sigma.6.3","Sigma","2","6","4",2.90181229144731,4.69283165311293e-25
"1151","Connect.6.3","Connect","3","6","4",0.380752364647583,8.62618493119117e-06
"1152","Tau1.6.3","Tau1","4","6","4",1648.790324298,1.78305461090646e-07
"1153","Tau2.6.3","Tau2","5","6","4",6100331.02976597,1.03403470318403e-05
"1154","NPQ.6.3","NPQ","6","6","4",0.198377806046657,5.64813781928148e-102
"1155","qP.6.3","qP","7","6","4",0.456957179241561,5.90197223814096e-84
"1156","ABQ.6.3","ABQ","8","6","4",0.235159822361946,4.69283165311293e-25
"1157","qm.6.3","qm","9","6","4",0.861770314259696,2.95098611907048e-84
"1158","nTau1.6.3","nTau1","10","6","4",2.45750062104209,1.78305461090646e-07
"1159","nTau2.6.3","nTau2","11","6","4",6.95385407125266,1.03403470318403e-05
"1160","nCon.6.3","nCon","12","6","4",0.987430526486254,8.62618493119117e-06
"1161","Fm.6.3","Fm","13","6","4",2618.38977678486,5.64813781928148e-102
"1162","Fo.6.3","Fo","14","6","4",2485.90806364624,5.90197223814096e-84
"1163","Quant.7.3","Quant","1","7","4",0.0441344812453113,1.74369627937346e-83
"1164","Sigma.7.3","Sigma","2","7","4",2.83560913603535,7.81203965315409e-25
"1165","Connect.7.3","Connect","3","7","4",0.496555874439459,8.23327859473613e-11
"1166","Tau1.7.3","Tau1","4","7","4",1056.71540870399,6.62805345783059e-10
"1167","Tau2.7.3","Tau2","5","7","4",6709371.90067626,7.15928880982778e-06
"1168","NPQ.7.3","NPQ","6","7","4",0.23328065239043,1.79310631618926e-103
"1169","qP.7.3","qP","7","7","4",0.494746494885317,3.48739255874693e-83
"1170","ABQ.7.3","ABQ","8","7","4",0.252609205044184,7.81203965315409e-25
"1171","qm.7.3","qm","9","7","4",0.879424878506243,1.74369627937346e-83
"1172","nTau1.7.3","nTau1","10","7","4",1.57502062869059,6.62805345783059e-10
"1173","nTau2.7.3","nTau2","11","7","4",7.64810841893866,7.15928880982778e-06
"1174","nCon.7.3","nCon","12","7","4",1.28775149953808,8.23327859473613e-11
"1175","Fm.7.3","Fm","13","7","4",2544.28721475237,1.79310631618926e-103
"1176","Fo.7.3","Fo","14","7","4",2431.99641839019,3.48739255874693e-83
"1177","Quant.8.3","Quant","1","8","4",0.0481101819825843,1.52341615207969e-84
"1178","Sigma.8.3","Sigma","2","8","4",3.23839496208157,2.1589372176877e-27
"1179","Connect.8.3","Connect","3","8","4",0.52137344644676,1.35985773271891e-13
"1180","Tau1.8.3","Tau1","4","8","4",1326.96725336722,1.12602216640839e-10
"1181","Tau2.8.3","Tau2","5","8","4",9355027.9085066,0.00151991069021069
"1182","NPQ.8.3","NPQ","6","8","4",0.261394294393144,1.72327368802341e-106
"1183","qP.8.3","qP","7","8","4",0.539672847078836,3.04683230415937e-84
"1184","ABQ.8.3","ABQ","8","8","4",0.14644562456337,2.1589372176877e-27
"1185","qm.8.3","qm","9","8","4",0.868563289429098,1.52341615207969e-84
"1186","nTau1.8.3","nTau1","10","8","4",1.9778275025,1.12602216640839e-10
"1187","nTau2.8.3","nTau2","11","8","4",10.6639293164303,0.00151991069021069
"1188","nCon.8.3","nCon","12","8","4",1.35211256585992,1.35985773271891e-13
"1189","Fm.8.3","Fm","13","8","4",2487.5807747236,1.72327368802341e-106
"1190","Fo.8.3","Fo","14","8","4",2367.90281095527,3.04683230415937e-84
"1191","Quant.9.3","Quant","1","9","4",0.0587311644187523,9.27407880172206e-88
"1192","Sigma.9.3","Sigma","2","9","4",3.33003196291924,3.22028387831829e-31
"1193","Connect.9.3","Connect","3","9","4",0.202360584350562,0.00241744823786234
"1194","Tau1.9.3","Tau1","4","9","4",819.718558403748,2.79283223357617e-10
"1195","Tau2.9.3","Tau2","5","9","4",9508869.96629422,0.00171526935466146
"1196","NPQ.9.3","NPQ","6","9","4",0.26603851478589,3.16962306722362e-109
"1197","qP.9.3","qP","7","9","4",0.564212954989579,1.85481576034441e-87
"1198","ABQ.9.3","ABQ","8","9","4",0.122292559871531,3.22028387831829e-31
"1199","qm.9.3","qm","9","9","4",0.83954683310086,9.27407880172206e-88
"1200","nTau1.9.3","nTau1","10","9","4",1.22177989321634,2.79283223357617e-10
"1201","nTau2.9.3","nTau2","11","9","4",10.8392960653258,0.00171526935466146
"1202","nCon.9.3","nCon","12","9","4",0.524795213104686,0.00241744823786234
"1203","Fm.9.3","Fm","13","9","4",2478.45555994724,3.16962306722362e-109
"1204","Fo.9.3","Fo","14","9","4",2332.89297895141,1.85481576034441e-87
"1205","Quant.10.3","Quant","1","10","4",0.092718051229823,8.24227956968881e-84
"1206","Sigma.10.3","Sigma","2","10","4",3.71199261529301,7.33926169050441e-38
"1207","Connect.10.3","Connect","3","10","4",0.322277963375811,3.77167508140743e-10
"1208","Tau1.10.3","Tau1","4","10","4",1477.64278369992,3.46841350310142e-15
"1209","Tau2.10.3","Tau2","5","10","4",5114335.91563691,1.24178025665766e-06
"1210","NPQ.10.3","NPQ","6","10","4",0.315276952887547,2.16794507782647e-107
"1211","qP.10.3","qP","7","10","4",0.68226348812717,1.64845591393776e-83
"1212","ABQ.10.3","ABQ","8","10","4",0.0216179386793391,7.33926169050441e-38
"1213","qm.10.3","qm","9","10","4",0.74669487493097,8.24227956968881e-84
"1214","nTau1.10.3","nTau1","10","10","4",2.20240742871112,3.46841350310142e-15
"1215","nTau2.10.3","nTau2","11","10","4",5.82990422243854,1.24178025665766e-06
"1216","nCon.10.3","nCon","12","10","4",0.835784957883688,3.77167508140743e-10
"1217","Fm.10.3","Fm","13","10","4",2385.67260620639,2.16794507782647e-107
"1218","Fo.10.3","Fo","14","10","4",2164.47769128656,1.64845591393776e-83
"1219","Quant.11.3","Quant","1","11","4",0.108703617693549,3.21929232647219e-81
"1220","Sigma.11.3","Sigma","2","11","4",3.92940292512507,2.67821056902243e-38
"1221","Connect.11.3","Connect","3","11","4",0.293546350489445,4.93533234514811e-09
"1222","Tau1.11.3","Tau1","4","11","4",1354.89851728701,5.77265467663022e-20
"1223","Tau2.11.3","Tau2","5","11","4",4144817.76424003,1.78858897181686e-08
"1224","NPQ.11.3","NPQ","6","11","4",0.29391712345637,6.31971634246884e-106
"1225","qP.11.3","qP","7","11","4",0.684390825394591,6.43858465294438e-81
"1226","ABQ.11.3","ABQ","8","11","4",-0.0356856093421494,2.67821056902243e-38
"1227","qm.11.3","qm","9","11","4",0.703022409227862,3.21929232647219e-81
"1228","nTau1.11.3","nTau1","10","11","4",2.01945868956959,5.77265467663022e-20
"1229","nTau2.11.3","nTau2","11","11","4",4.72473669770125,1.78858897181686e-08
"1230","nCon.11.3","nCon","12","11","4",0.76127334804656,4.93533234514811e-09
"1231","Fm.11.3","Fm","13","11","4",2425.05500483412,6.31971634246884e-106
"1232","Fo.11.3","Fo","14","11","4",2161.4427527028,6.43858465294438e-81
"1233","Quant.12.3","Quant","1","12","4",0.11425618152181,7.84254657715056e-84
"1234","Sigma.12.3","Sigma","2","12","4",4.14130765901011,4.01243761090336e-41
"1235","Connect.12.3","Connect","3","12","4",0.249639195261805,2.52484448985351e-08
"1236","Tau1.12.3","Tau1","4","12","4",1331.04028309931,3.13093714473158e-18
"1237","Tau2.12.3","Tau2","5","12","4",3296218.41708406,4.36551214907572e-10
"1238","NPQ.12.3","NPQ","6","12","4",0.289346688084447,3.31807661769309e-109
"1239","qP.12.3","qP","7","12","4",0.688492211403928,1.56850931543011e-83
"1240","ABQ.12.3","ABQ","8","12","4",-0.0915380346643073,4.01243761090336e-41
"1241","qm.12.3","qm","9","12","4",0.687852840235465,7.84254657715056e-84
"1242","nTau1.12.3","nTau1","10","12","4",1.98389830055637,3.13093714473158e-18
"1243","nTau2.12.3","nTau2","11","12","4",3.75740623706077,4.36551214907572e-10
"1244","nCon.12.3","nCon","12","12","4",0.647405991127922,2.52484448985351e-08
"1245","Fm.12.3","Fm","13","12","4",2433.65126313716,3.31807661769309e-109
"1246","Fo.12.3","Fo","14","12","4",2155.59156265538,1.56850931543011e-83
"1247","Quant.13.3","Quant","1","13","4",0.123863813426953,3.26796793779721e-80
"1248","Sigma.13.3","Sigma","2","13","4",4.03707265652397,9.52884360622849e-40
"1249","Connect.13.3","Connect","3","13","4",0.265356742145574,2.16953638787555e-08
"1250","Tau1.13.3","Tau1","4","13","4",1462.63727257853,9.14475868767331e-18
"1251","Tau2.13.3","Tau2","5","13","4",3914536.5863061,2.34359548493217e-06
"1252","NPQ.13.3","NPQ","6","13","4",0.280118568477811,1.58689352105227e-105
"1253","qP.13.3","qP","7","13","4",0.694107478418262,6.53593587559442e-80
"1254","ABQ.13.3","ABQ","8","13","4",-0.064064473382424,9.52884360622849e-40
"1255","qm.13.3","qm","9","13","4",0.661604851099918,3.26796793779721e-80
"1256","nTau1.13.3","nTau1","10","13","4",2.18004190875601,9.14475868767331e-18
"1257","nTau2.13.3","nTau2","11","13","4",4.46223590899074,2.34359548493217e-06
"1258","nCon.13.3","nCon","12","13","4",0.688167354774022,2.16953638787555e-08
"1259","Fm.13.3","Fm","13","13","4",2451.1949700172,1.58689352105227e-105
"1260","Fo.13.3","Fo","14","13","4",2147.58061357791,6.53593587559442e-80
"1261","Quant.14.3","Quant","1","14","4",0.126143925493183,4.19674004813313e-83
"1262","Sigma.14.3","Sigma","2","14","4",4.15298069994002,1.01781308079543e-43
"1263","Connect.14.3","Connect","3","14","4",0.316265290946967,2.00578276101413e-13
"1264","Tau1.14.3","Tau1","4","14","4",1589.03274015216,1.68259213123963e-18
"1265","Tau2.14.3","Tau2","5","14","4",4843960.83303403,0.000111479422802838
"1266","NPQ.14.3","NPQ","6","14","4",0.278642349902972,8.55537270289718e-109
"1267","qP.14.3","qP","7","14","4",0.696291654100908,8.39348009626625e-83
"1268","ABQ.14.3","ABQ","8","14","4",-0.0946147363257892,1.01781308079543e-43
"1269","qm.14.3","qm","9","14","4",0.6553755994661,4.19674004813313e-83
"1270","nTau1.14.3","nTau1","10","14","4",2.36843271593239,1.68259213123963e-18
"1271","nTau2.14.3","nTau2","11","14","4",5.52169982176761,0.000111479422802838
"1272","nCon.14.3","nCon","12","14","4",0.820191893064514,2.00578276101413e-13
"1273","Fm.14.3","Fm","13","14","4",2454.02492441811,8.55537270289718e-109
"1274","Fo.14.3","Fo","14","14","4",2144.46458719389,8.39348009626625e-83
"1275","Quant.15.3","Quant","1","15","4",0.12965892353886,8.98078777979821e-86
"1276","Sigma.15.3","Sigma","2","15","4",4.09447150885967,5.80849869008267e-47
"1277","Connect.15.3","Connect","3","15","4",0.336244263536817,4.95838245244672e-17
"1278","Tau1.15.3","Tau1","4","15","4",1423.74410959644,4.26355954723328e-21
"1279","Tau2.15.3","Tau2","5","15","4",3560789.4251171,5.29341889340276e-08
"1280","NPQ.15.3","NPQ","6","15","4",0.272490463827233,3.99751548341561e-111
"1281","qP.15.3","qP","7","15","4",0.695100130979015,1.79615755595964e-85
"1282","ABQ.15.3","ABQ","8","15","4",-0.0791932770428281,5.80849869008267e-47
"1283","qm.15.3","qm","9","15","4",0.645772647206345,8.98078777979821e-86
"1284","nTau1.15.3","nTau1","10","15","4",2.12207215312715,4.26355954723328e-21
"1285","nTau2.15.3","nTau2","11","15","4",4.0589944906111,5.29341889340276e-08
"1286","nCon.15.3","nCon","12","15","4",0.872004696489411,4.95838245244672e-17
"1287","Fm.15.3","Fm","13","15","4",2465.88896756122,3.99751548341561e-111
"1288","Fo.15.3","Fo","14","15","4",2146.16445846088,1.79615755595964e-85
"1289","Quant.16.3","Quant","1","16","4",0.0498833123403775,1.32230265244346e-90
"1290","Sigma.16.3","Sigma","2","16","4",3.0716381776884,8.68287137415398e-33
"1291","Connect.16.3","Connect","3","16","4",0.451033469085569,8.63080742178409e-14
"1292","Tau1.16.3","Tau1","4","16","4",1010.07683575718,3.38808366392047e-08
"1293","Tau2.16.3","Tau2","5","16","4",4929270.29983108,2.56247423811583e-08
"1294","NPQ.16.3","NPQ","6","16","4",0.214945943672204,5.01657395373333e-111
"1295","qP.16.3","qP","7","16","4",0.479428116842483,2.64460530488693e-90
"1296","ABQ.16.3","ABQ","8","16","4",0.190398256845455,8.68287137415398e-33
"1297","qm.16.3","qm","9","16","4",0.863719108591742,1.32230265244346e-90
"1298","nTau1.16.3","nTau1","10","16","4",1.50550643983817,3.38808366392047e-08
"1299","nTau2.16.3","nTau2","11","16","4",5.61894529584245,2.56247423811583e-08
"1300","nCon.16.3","nCon","12","16","4",1.16969520663202,8.63080742178409e-14
"1301","Fm.16.3","Fm","13","16","4",2582.68296825972,5.01657395373333e-111
"1302","Fo.16.3","Fo","14","16","4",2453.85018707784,2.64460530488693e-90
"1303","Quant.17.3","Quant","1","17","4",0.0499824615698321,8.70902589153023e-92
"1304","Sigma.17.3","Sigma","2","17","4",2.99158209149047,9.05463834615614e-32
"1305","Connect.17.3","Connect","3","17","4",0.31558214418839,1.11420125967704e-06
"1306","Tau1.17.3","Tau1","4","17","4",1501.91559003137,4.09291220365278e-12
"1307","Tau2.17.3","Tau2","5","17","4",7799214.2534724,2.3552019232471e-06
"1308","NPQ.17.3","NPQ","6","17","4",0.241244488831654,1.92611187472693e-110
"1309","qP.17.3","qP","7","17","4",0.516046366549213,1.74180517830605e-91
"1310","ABQ.17.3","ABQ","8","17","4",0.211498901904097,9.05463834615614e-32
"1311","qm.17.3","qm","9","17","4",0.863448233528749,8.70902589153023e-92
"1312","nTau1.17.3","nTau1","10","17","4",2.23858573213449,4.09291220365278e-12
"1313","nTau2.17.3","nTau2","11","17","4",8.8904352115399,2.3552019232471e-06
"1314","nCon.17.3","nCon","12","17","4",0.818420242968227,1.11420125967704e-06
"1315","Fm.17.3","Fm","13","17","4",2527.96304379322,1.92611187472693e-110
"1316","Fo.17.3","Fo","14","17","4",2401.60922810687,1.74180517830605e-91
"1317","Quant.18.3","Quant","1","18","4",0.0490273012485694,3.47880248807868e-93
"1318","Sigma.18.3","Sigma","2","18","4",3.12963295134065,5.02928510994627e-33
"1319","Connect.18.3","Connect","3","18","4",0.258870710538416,2.04156931374482e-05
"1320","Tau1.18.3","Tau1","4","18","4",1106.91600917736,1.13926732702752e-08
"1321","Tau2.18.3","Tau2","5","18","4",8972476.35351224,0.000264994006806721
"1322","NPQ.18.3","NPQ","6","18","4",0.260774613134209,2.98955554714747e-113
"1323","qP.18.3","qP","7","18","4",0.540456988644373,6.95760497615736e-93
"1324","ABQ.18.3","ABQ","8","18","4",0.17511238425025,5.02928510994627e-33
"1325","qm.18.3","qm","9","18","4",0.866057725439215,3.47880248807868e-93
"1326","nTau1.18.3","nTau1","10","18","4",1.64984397343124,1.13926732702752e-08
"1327","nTau2.18.3","nTau2","11","18","4",10.2278533600304,0.000264994006806721
"1328","nCon.18.3","nCon","12","18","4",0.671346695995999,2.04156931374482e-05
"1329","Fm.18.3","Fm","13","18","4",2488.80344146366,2.98955554714747e-113
"1330","Fo.18.3","Fo","14","18","4",2366.78412539054,6.95760497615736e-93
"1331","Quant.19.3","Quant","1","19","4",0.0500732342955815,3.5370696137866e-87
"1332","Sigma.19.3","Sigma","2","19","4",2.95953868170698,2.46348366044102e-30
"1333","Connect.19.3","Connect","3","19","4",0.500835976054794,1.08694045347766e-14
"1334","Tau1.19.3","Tau1","4","19","4",1155.44136809704,5.51949620778511e-08
"1335","Tau2.19.3","Tau2","5","19","4",7995809.538681,0.000296722823973784
"1336","NPQ.19.3","NPQ","6","19","4",0.284665343803181,1.29882172425532e-107
"1337","qP.19.3","qP","7","19","4",0.573099796036613,7.07413922757319e-87
"1338","ABQ.19.3","ABQ","8","19","4",0.219944688457268,2.46348366044102e-30
"1339","qm.19.3","qm","9","19","4",0.863200243020495,3.5370696137866e-87
"1340","nTau1.19.3","nTau1","10","19","4",1.72217039233607,5.51949620778511e-08
"1341","nTau2.19.3","nTau2","11","19","4",9.11453697220934,0.000296722823973784
"1342","nCon.19.3","nCon","12","19","4",1.29885137279916,1.08694045347766e-14
"1343","Fm.19.3","Fm","13","19","4",2442.51953336663,1.29882172425532e-107
"1344","Fo.19.3","Fo","14","19","4",2320.21468050083,7.07413922757319e-87
"1345","Quant.20.3","Quant","1","20","4",0.0486102458764015,6.08310647185437e-86
"1346","Sigma.20.3","Sigma","2","20","4",2.73419926186822,1.25129820485604e-28
"1347","Connect.20.3","Connect","3","20","4",0.549168607407661,7.12441212127149e-16
"1348","Tau1.20.3","Tau1","4","20","4",1597.9065056427,3.67595208980535e-08
"1349","Tau2.20.3","Tau2","5","20","4",13002775.1546876,0.00810525601975324
"1350","NPQ.20.3","NPQ","6","20","4",0.308184925696025,7.89142042755572e-105
"1351","qP.20.3","qP","7","20","4",0.599879917950834,1.21662129437087e-85
"1352","ABQ.20.3","ABQ","8","20","4",0.279338137994412,1.25129820485604e-28
"1353","qm.20.3","qm","9","20","4",0.86719711805809,6.08310647185437e-86
"1354","nTau1.20.3","nTau1","10","20","4",2.38165894845123,3.67595208980535e-08
"1355","nTau2.20.3","nTau2","11","20","4",14.8220482635803,0.00810525601975324
"1356","nCon.20.3","nCon","12","20","4",1.42419561240067,7.12441212127149e-16
"1357","Fm.20.3","Fm","13","20","4",2398.60598791791,7.89142042755572e-105
"1358","Fo.20.3","Fo","14","20","4",2282.00916108461,1.21662129437087e-85
"1359","Quant.21.3","Quant","1","21","4",0.0514316511086612,2.9610470096307e-82
"1360","Sigma.21.3","Sigma","2","21","4",2.78345663225782,3.72366176353792e-24
"1361","Connect.21.3","Connect","3","21","4",0.393329017801591,6.51049703225854e-06
"1362","Tau1.21.3","Tau1","4","21","4",1243.01585110572,2.99749790697342e-07
"1363","Tau2.21.3","Tau2","5","21","4",20362553.2084567,0.0618077487153474
"1364","NPQ.21.3","NPQ","6","21","4",0.33288749831296,8.20122455400723e-100
"1365","qP.21.3","qP","7","21","4",0.634180706195639,5.92209401926141e-82
"1366","ABQ.21.3","ABQ","8","21","4",0.266355211417869,3.72366176353792e-24
"1367","qm.21.3","qm","9","21","4",0.859489056944332,2.9610470096307e-82
"1368","nTau1.21.3","nTau1","10","21","4",1.85269902487939,2.99749790697342e-07
"1369","nTau2.21.3","nTau2","11","21","4",23.2115639034686,0.0618077487153474
"1370","nCon.21.3","nCon","12","21","4",1.0200464007351,6.51049703225854e-06
"1371","Fm.21.3","Fm","13","21","4",2354.15231971939,8.20122455400723e-100
"1372","Fo.21.3","Fo","14","21","4",2233.07437895494,5.92209401926141e-82
"1373","Quant.22.3","Quant","1","22","4",0.04856030028117,6.2803835602569e-83
"1374","Sigma.22.3","Sigma","2","22","4",2.87157871524715,2.03256630741644e-25
"1375","Connect.22.3","Connect","3","22","4",0.460546361410381,2.40853113066525e-09
"1376","Tau1.22.3","Tau1","4","22","4",1002.79815728341,1.96721994249241e-09
"1377","Tau2.22.3","Tau2","5","22","4",5830747.76775471,7.78585070878605e-07
"1378","NPQ.22.3","NPQ","6","22","4",0.364934788021751,1.73757167879533e-102
"1379","qP.22.3","qP","7","22","4",0.666304808890083,1.25607671205138e-82
"1380","ABQ.22.3","ABQ","8","22","4",0.243128585145023,2.03256630741644e-25
"1381","qm.22.3","qm","9","22","4",0.86733356910596,6.2803835602569e-83
"1382","nTau1.22.3","nTau1","10","22","4",1.49465766385613,1.96721994249241e-09
"1383","nTau2.22.3","nTau2","11","22","4",6.6465522781317,7.78585070878605e-07
"1384","nCon.22.3","nCon","12","22","4",1.19436562538409,2.40853113066525e-09
"1385","Fm.22.3","Fm","13","22","4",2298.87920186003,1.73757167879533e-102
"1386","Fo.22.3","Fo","14","22","4",2187.24493750757,1.25607671205138e-82
"1387","Quant.23.3","Quant","1","23","4",0.199878436344089,6.98301755349034e-72
"1388","Sigma.23.3","Sigma","2","23","4",4.35761272595639,7.17335085826896e-44
"1389","Connect.23.3","Connect","3","23","4",0.307376395086624,1.8228086599014e-12
"1390","Tau1.23.3","Tau1","4","23","4",1182.45195680997,4.90091468384658e-17
"1391","Tau2.23.3","Tau2","5","23","4",1423198.7058337,2.0432436802487e-14
"1392","NPQ.23.3","NPQ","6","23","4",0.467194144195341,8.94159611137126e-100
"1393","qP.23.3","qP","7","23","4",1,1.39660351069807e-71
"1394","ABQ.23.3","ABQ","8","23","4",-0.148550270195464,7.17335085826896e-44
"1395","qm.23.3","qm","9","23","4",0.453933385730434,6.98301755349034e-72
"1396","nTau1.23.3","nTau1","10","23","4",1.76242932493565,4.90091468384658e-17
"1397","nTau2.23.3","nTau2","11","23","4",1.6223244388662,2.0432436802487e-14
"1398","nCon.23.3","nCon","12","23","4",0.797139726002114,1.8228086599014e-12
"1399","Fm.23.3","Fm","13","23","4",2138.65370748145,8.94159611137126e-100
"1400","Fo.23.3","Fo","14","23","4",1711.18294854857,1.39660351069807e-71
"1401","Quant.24.3","Quant","1","24","4",0.215442774429397,6.62889848872164e-81
"1402","Sigma.24.3","Sigma","2","24","4",4.60639649024776,3.56954176623515e-54
"1403","Connect.24.3","Connect","3","24","4",0.271168350722071,3.26554828256729e-17
"1404","Tau1.24.3","Tau1","4","24","4",1249.99460664352,2.16689418281143e-17
"1405","Tau2.24.3","Tau2","5","24","4",1599346.85055558,1.21585004778376e-11
"1406","NPQ.24.3","NPQ","6","24","4",0.403978243636789,3.33179442756669e-109
"1407","qP.24.3","qP","7","24","4",0.970376018544226,1.32577969774433e-80
"1408","ABQ.24.3","ABQ","8","24","4",-0.214123022449255,3.56954176623515e-54
"1409","qm.24.3","qm","9","24","4",0.411411713272683,6.62889848872164e-81
"1410","nTau1.24.3","nTau1","10","24","4",1.86310076961036,2.16689418281143e-17
"1411","nTau2.24.3","nTau2","11","24","4",1.82311821339107,1.21585004778376e-11
"1412","nCon.24.3","nCon","12","24","4",0.703238987281764,3.26554828256729e-17
"1413","Fm.24.3","Fm","13","24","4",2234.94930231283,3.33179442756669e-109
"1414","Fo.24.3","Fo","14","24","4",1753.44562391351,1.32577969774433e-80
"1415","Quant.25.3","Quant","1","25","4",0.216631997890421,7.91401422427881e-76
"1416","Sigma.25.3","Sigma","2","25","4",4.59590327059982,7.90224585868046e-50
"1417","Connect.25.3","Connect","3","25","4",0.316815924405871,4.93747235128352e-17
"1418","Tau1.25.3","Tau1","4","25","4",1216.35285640877,1.39665427307694e-20
"1419","Tau2.25.3","Tau2","5","25","4",1539923.1156207,1.28849964070849e-15
"1420","NPQ.25.3","NPQ","6","25","4",0.391359225431026,2.33591945394478e-104
"1421","qP.25.3","qP","7","25","4",0.96110875497839,1.58280284485576e-75
"1422","ABQ.25.3","ABQ","8","25","4",-0.211357290150448,7.90224585868046e-50
"1423","qm.25.3","qm","9","25","4",0.408162762356069,7.91401422427881e-76
"1424","nTau1.25.3","nTau1","10","25","4",1.81295817665814,1.39665427307694e-20
"1425","nTau2.25.3","nTau2","11","25","4",1.75538025309192,1.28849964070849e-15
"1426","nCon.25.3","nCon","12","25","4",0.821619887574096,4.93747235128352e-17
"1427","Fm.25.3","Fm","13","25","4",2255.21931268783,2.33591945394478e-104
"1428","Fo.25.3","Fo","14","25","4",1766.6666472992,1.58280284485576e-75
"1429","Quant.26.3","Quant","1","26","4",0.224424025593499,4.21703460448104e-74
"1430","Sigma.26.3","Sigma","2","26","4",4.64364195461822,9.65820851480856e-49
"1431","Connect.26.3","Connect","3","26","4",0.24974042022704,8.20339726667763e-12
"1432","Tau1.26.3","Tau1","4","26","4",1253.47039907591,9.46142449325756e-22
"1433","Tau2.26.3","Tau2","5","26","4",1618495.55992059,2.22840858044519e-15
"1434","NPQ.26.3","NPQ","6","26","4",0.379290092624534,4.05089915882867e-103
"1435","qP.26.3","qP","7","26","4",0.962698313039489,8.43406920896208e-74
"1436","ABQ.26.3","ABQ","8","26","4",-0.223939931581961,9.65820851480856e-49
"1437","qm.26.3","qm","9","26","4",0.386874992329744,4.21703460448104e-74
"1438","nTau1.26.3","nTau1","10","26","4",1.86828139320776,9.46142449325756e-22
"1439","nTau2.26.3","nTau2","11","26","4",1.84494609943978,2.22840858044519e-15
"1440","nCon.26.3","nCon","12","26","4",0.647668504588103,8.20339726667763e-12
"1441","Fm.26.3","Fm","13","26","4",2274.95304494484,4.05089915882867e-103
"1442","Fo.26.3","Fo","14","26","4",1764.39892456213,8.43406920896208e-74
"1443","Quant.27.3","Quant","1","27","4",0.230304610821809,3.15173512515867e-73
"1444","Sigma.27.3","Sigma","2","27","4",4.77596707720097,5.86234002296654e-49
"1445","Connect.27.3","Connect","3","27","4",0.284854622025635,4.12856881982133e-14
"1446","Tau1.27.3","Tau1","4","27","4",1344.53373840165,2.64144046660764e-22
"1447","Tau2.27.3","Tau2","5","27","4",1628978.06379884,9.69421087365568e-15
"1448","NPQ.27.3","NPQ","6","27","4",0.371172300453502,1.06744645628669e-102
"1449","qP.27.3","qP","7","27","4",0.96480917501264,6.30347025031733e-73
"1450","ABQ.27.3","ABQ","8","27","4",-0.258817297895582,5.86234002296654e-49
"1451","qm.27.3","qm","9","27","4",0.370809270962889,3.15173512515867e-73
"1452","nTau1.27.3","nTau1","10","27","4",2.00401012089935,2.64144046660764e-22
"1453","nTau2.27.3","nTau2","11","27","4",1.85689525464381,9.69421087365568e-15
"1454","nCon.27.3","nCon","12","27","4",0.738732508356598,4.12856881982133e-14
"1455","Fm.27.3","Fm","13","27","4",2288.42151715042,1.06744645628669e-102
"1456","Fo.27.3","Fo","14","27","4",1761.38749024684,6.30347025031733e-73
"1457","MTQuant.2.0","MTQuant","15","2","1",0.551356890382331,NA
"1458","PQpool.2.0","PQpool","16","2","1",0.663356010204958,NA
"1459","MTTau1.2.0","MTTau1","17","2","1",17050.5753714121,NA
"1460","MTTau2.2.0","MTTau2","18","2","1",1670000,NA
"1461","MTQuant.2.1","MTQuant","15","2","2",0.523503208473466,NA
"1462","PQpool.2.1","PQpool","16","2","2",0.667690636974012,NA
"1463","MTTau1.2.1","MTTau1","17","2","2",17000,NA
"1464","MTTau2.2.1","MTTau2","18","2","2",5010000,NA
"1465","MTQuant.2.2","MTQuant","15","2","3",0.5272095737783,NA
"1466","PQpool.2.2","PQpool","16","2","3",0.669136153876543,NA
"1467","MTTau1.2.2","MTTau1","17","2","3",17000,NA
"1468","MTTau2.2.2","MTTau2","18","2","3",5317024.78758281,NA
"1469","MTQuant.2.3","MTQuant","15","2","4",0.526557130888222,NA
"1470","PQpool.2.3","PQpool","16","2","4",0.666180189463343,NA
"1471","MTTau1.2.3","MTTau1","17","2","4",17000,NA
"1472","MTTau2.2.3","MTTau2","18","2","4",12516362.9501246,NA
"1473","Ratio12","Ratio12","Ratio12","Ratio12","Ratio12",1.02913356128329,NA
"1474","Ratio32","Ratio32","Ratio32","Ratio32","Ratio32",1.06448571599348,NA
"1475","Ratio42","Ratio42","Ratio42","Ratio42","Ratio42",0.868628165483171,NA
"1476","mean.1.rQuant.All","rQuant","1","All","1",0.106805986679591,NA
"1477","min.1.rQuant.All","rQuant","1","All","1",0.0410183725842635,NA
"1478","max.1.rQuant.All","rQuant","1","All","1",0.389426348582313,NA
"1479","range.1.rQuant.All","rQuant","1","All","1",0.34840797599805,NA
"1480","slope.1.rQuant.All","rQuant","1","All","1",0.00253945879154335,NA
"1481","mean.1.rSigma.All","rSigma","2","All","1",4.18763827396829,NA
"1482","min.1.rSigma.All","rSigma","2","All","1",2.73947267367138,NA
"1483","max.1.rSigma.All","rSigma","2","All","1",5.6360929687836,NA
"1484","range.1.rSigma.All","rSigma","2","All","1",2.89662029511222,NA
"1485","slope.1.rSigma.All","rSigma","2","All","1",0.059522872193441,NA
"1486","mean.1.rConnect.All","rConnect","3","All","1",0.280181921205005,NA
"1487","min.1.rConnect.All","rConnect","3","All","1",0.158502571504161,NA
"1488","max.1.rConnect.All","rConnect","3","All","1",0.465849366595568,NA
"1489","range.1.rConnect.All","rConnect","3","All","1",0.307346795091407,NA
"1490","slope.1.rConnect.All","rConnect","3","All","1",-0.00751663438981114,NA
"1491","mean.1.rTau1.All","rTau1","4","All","1",2007.28047833116,NA
"1492","min.1.rTau1.All","rTau1","4","All","1",740.566683960732,NA
"1493","max.1.rTau1.All","rTau1","4","All","1",7186.09102202122,NA
"1494","range.1.rTau1.All","rTau1","4","All","1",6445.52433806049,NA
"1495","slope.1.rTau1.All","rTau1","4","All","1",-40.7247761305652,NA
"1496","mean.1.rTau2.All","rTau2","5","All","1",6524089.30044363,NA
"1497","min.1.rTau2.All","rTau2","5","All","1",775727.541602975,NA
"1498","max.1.rTau2.All","rTau2","5","All","1",15513230.7458976,NA
"1499","range.1.rTau2.All","rTau2","5","All","1",14737503.2042946,NA
"1500","slope.1.rTau2.All","rTau2","5","All","1",-20947.111044589,NA
"1501","mean.1.rNPQ.All","rNPQ","6","All","1",0.24649054343281,NA
"1502","min.1.rNPQ.All","rNPQ","6","All","1",0.0797520681877369,NA
"1503","max.1.rNPQ.All","rNPQ","6","All","1",0.813707269181969,NA
"1504","range.1.rNPQ.All","rNPQ","6","All","1",0.733955200994232,NA
"1505","slope.1.rNPQ.All","rNPQ","6","All","1",0.00278607178992017,NA
"1506","mean.1.rqP.All","rqP","7","All","1",0.627354042237175,NA
"1507","min.1.rqP.All","rqP","7","All","1",0.258902761123279,NA
"1508","max.1.rqP.All","rqP","7","All","1",1.53548912052482,NA
"1509","range.1.rqP.All","rqP","7","All","1",1.27658635940154,NA
"1510","slope.1.rqP.All","rqP","7","All","1",0.0124216195299337,NA
"1511","mean.1.rABQ.All","rABQ","8","All","1",0.117275987625049,NA
"1512","min.1.rABQ.All","rABQ","8","All","1",-0.188047838431946,NA
"1513","max.1.rABQ.All","rABQ","8","All","1",0.422538874637994,NA
"1514","range.1.rABQ.All","rABQ","8","All","1",0.61058671306994,NA
"1515","slope.1.rABQ.All","rABQ","8","All","1",-0.0125469931100056,NA
"1516","mean.1.rqm.All","rqm","9","All","1",0.725735079127508,NA
"1517","min.1.rqm.All","rqm","9","All","1",0,NA
"1518","max.1.rqm.All","rqm","9","All","1",0.894669755311656,NA
"1519","range.1.rqm.All","rqm","9","All","1",0.894669755311656,NA
"1520","slope.1.rqm.All","rqm","9","All","1",-0.0065210245808691,NA
"1521","mean.2.rQuant.All","rQuant","1","All","2",0.102200605887092,NA
"1522","min.2.rQuant.All","rQuant","1","All","2",0.0393960463438951,NA
"1523","max.2.rQuant.All","rQuant","1","All","2",0.365220006969963,NA
"1524","range.2.rQuant.All","rQuant","1","All","2",0.325823960626068,NA
"1525","slope.2.rQuant.All","rQuant","1","All","2",0.00249640897375572,NA
"1526","mean.2.rSigma.All","rSigma","2","All","2",4.07523768326993,NA
"1527","min.2.rSigma.All","rSigma","2","All","2",2.84779333876389,NA
"1528","max.2.rSigma.All","rSigma","2","All","2",5.56203904616204,NA
"1529","range.2.rSigma.All","rSigma","2","All","2",2.71424570739815,NA
"1530","slope.2.rSigma.All","rSigma","2","All","2",0.0561860763479071,NA
"1531","mean.2.rConnect.All","rConnect","3","All","2",0.305304281790211,NA
"1532","min.2.rConnect.All","rConnect","3","All","2",0.125137881577576,NA
"1533","max.2.rConnect.All","rConnect","3","All","2",0.607357109833515,NA
"1534","range.2.rConnect.All","rConnect","3","All","2",0.482219228255939,NA
"1535","slope.2.rConnect.All","rConnect","3","All","2",-0.00714174063252683,NA
"1536","mean.2.rTau1.All","rTau1","4","All","2",1839.17203487285,NA
"1537","min.2.rTau1.All","rTau1","4","All","2",808.207630212179,NA
"1538","max.2.rTau1.All","rTau1","4","All","2",3240.21691056728,NA
"1539","range.2.rTau1.All","rTau1","4","All","2",2432.0092803551,NA
"1540","slope.2.rTau1.All","rTau1","4","All","2",-16.0577118175171,NA
"1541","mean.2.rTau2.All","rTau2","5","All","2",5414552.07069795,NA
"1542","min.2.rTau2.All","rTau2","5","All","2",830872.140904714,NA
"1543","max.2.rTau2.All","rTau2","5","All","2",10743081.6284024,NA
"1544","range.2.rTau2.All","rTau2","5","All","2",9912209.48749769,NA
"1545","slope.2.rTau2.All","rTau2","5","All","2",-65148.403359226,NA
"1546","mean.2.rNPQ.All","rNPQ","6","All","2",0.297949140847588,NA
"1547","min.2.rNPQ.All","rNPQ","6","All","2",0.120883878965459,NA
"1548","max.2.rNPQ.All","rNPQ","6","All","2",0.910207967809782,NA
"1549","range.2.rNPQ.All","rNPQ","6","All","2",0.789324088844323,NA
"1550","slope.2.rNPQ.All","rNPQ","6","All","2",0.00295641665882419,NA
"1551","mean.2.rqP.All","rqP","7","All","2",0.661615931063437,NA
"1552","min.2.rqP.All","rqP","7","All","2",0.327897835038764,NA
"1553","max.2.rqP.All","rqP","7","All","2",1.49158771880374,NA
"1554","range.2.rqP.All","rqP","7","All","2",1.16368988376498,NA
"1555","slope.2.rqP.All","rqP","7","All","2",0.0117366473528936,NA
"1556","mean.2.rABQ.All","rABQ","8","All","2",0.141170949647706,NA
"1557","min.2.rABQ.All","rABQ","8","All","2",-0.172162480644524,NA
"1558","max.2.rABQ.All","rABQ","8","All","2",0.399846625199116,NA
"1559","range.2.rABQ.All","rABQ","8","All","2",0.57200910584364,NA
"1560","slope.2.rABQ.All","rABQ","8","All","2",-0.011840839318647,NA
"1561","mean.2.rqm.All","rqm","9","All","2",0.720167011837614,NA
"1562","min.2.rqm.All","rqm","9","All","2",0,NA
"1563","max.2.rqm.All","rqm","9","All","2",0.892130645660014,NA
"1564","range.2.rqm.All","rqm","9","All","2",0.892130645660014,NA
"1565","slope.2.rqm.All","rqm","9","All","2",-0.00683535656895443,NA
"1566","mean.3.rQuant.All","rQuant","1","All","3",0.107079310921697,NA
"1567","min.3.rQuant.All","rQuant","1","All","3",0.0423708615681005,NA
"1568","max.3.rQuant.All","rQuant","1","All","3",0.372424435026305,NA
"1569","range.3.rQuant.All","rQuant","1","All","3",0.330053573458205,NA
"1570","slope.3.rQuant.All","rQuant","1","All","3",0.0025306571166424,NA
"1571","mean.3.rSigma.All","rSigma","2","All","3",3.89837643427205,NA
"1572","min.3.rSigma.All","rSigma","2","All","3",2.58704777388925,NA
"1573","max.3.rSigma.All","rSigma","2","All","3",5.17065236941343,NA
"1574","range.3.rSigma.All","rSigma","2","All","3",2.58360459552418,NA
"1575","slope.3.rSigma.All","rSigma","2","All","3",0.0534247600219205,NA
"1576","mean.3.rConnect.All","rConnect","3","All","3",0.253968137313554,NA
"1577","min.3.rConnect.All","rConnect","3","All","3",0.0877998913255445,NA
"1578","max.3.rConnect.All","rConnect","3","All","3",0.477518539264471,NA
"1579","range.3.rConnect.All","rConnect","3","All","3",0.389718647938927,NA
"1580","slope.3.rConnect.All","rConnect","3","All","3",-0.00411666178172174,NA
"1581","mean.3.rTau1.All","rTau1","4","All","3",1743.96631782735,NA
"1582","min.3.rTau1.All","rTau1","4","All","3",803.983040765526,NA
"1583","max.3.rTau1.All","rTau1","4","All","3",2548.2163503784,NA
"1584","range.3.rTau1.All","rTau1","4","All","3",1744.23330961287,NA
"1585","slope.3.rTau1.All","rTau1","4","All","3",-6.62621048173931,NA
"1586","mean.3.rTau2.All","rTau2","5","All","3",5239757.31770301,NA
"1587","min.3.rTau2.All","rTau2","5","All","3",814358.297874778,NA
"1588","max.3.rTau2.All","rTau2","5","All","3",13421736.2047289,NA
"1589","range.3.rTau2.All","rTau2","5","All","3",12607377.9068541,NA
"1590","slope.3.rTau2.All","rTau2","5","All","3",-49554.4165513134,NA
"1591","mean.3.rNPQ.All","rNPQ","6","All","3",0.312272368530059,NA
"1592","min.3.rNPQ.All","rNPQ","6","All","3",0.134925357889599,NA
"1593","max.3.rNPQ.All","rNPQ","6","All","3",0.896778908685973,NA
"1594","range.3.rNPQ.All","rNPQ","6","All","3",0.761853550796374,NA
"1595","slope.3.rNPQ.All","rNPQ","6","All","3",0.00299882652415991,NA
"1596","mean.3.rqP.All","rqP","7","All","3",0.678200383708602,NA
"1597","min.3.rqP.All","rqP","7","All","3",0.343653682090831,NA
"1598","max.3.rqP.All","rqP","7","All","3",1.47198478783628,NA
"1599","range.3.rqP.All","rqP","7","All","3",1.12833110574545,NA
"1600","slope.3.rqP.All","rqP","7","All","3",0.0111548714641154,NA
"1601","mean.3.rABQ.All","rABQ","8","All","3",0.109584502505392,NA
"1602","min.3.rABQ.All","rABQ","8","All","3",-0.181011910857873,NA
"1603","max.3.rABQ.All","rABQ","8","All","3",0.409100821978455,NA
"1604","range.3.rABQ.All","rABQ","8","All","3",0.590112732836328,NA
"1605","slope.3.rABQ.All","rABQ","8","All","3",-0.0122025758865258,NA
"1606","mean.3.rqm.All","rqm","9","All","3",0.712480436698161,NA
"1607","min.3.rqm.All","rqm","9","All","3",0,NA
"1608","max.3.rqm.All","rqm","9","All","3",0.886229641282512,NA
"1609","range.3.rqm.All","rqm","9","All","3",0.886229641282512,NA
"1610","slope.3.rqm.All","rqm","9","All","3",-0.00679508882510261,NA
"1611","mean.4.rQuant.All","rQuant","1","All","4",0.109003213433774,NA
"1612","min.4.rQuant.All","rQuant","1","All","4",0.0434538493702904,NA
"1613","max.4.rQuant.All","rQuant","1","All","4",0.366033064686535,NA
"1614","range.4.rQuant.All","rQuant","1","All","4",0.322579215316245,NA
"1615","slope.4.rQuant.All","rQuant","1","All","4",0.00276213823027688,NA
"1616","mean.4.rSigma.All","rSigma","2","All","4",3.53176021245113,NA
"1617","min.4.rSigma.All","rSigma","2","All","4",2.28172896507605,NA
"1618","max.4.rSigma.All","rSigma","2","All","4",4.77596707720097,NA
"1619","range.4.rSigma.All","rSigma","2","All","4",2.49423811212492,NA
"1620","slope.4.rSigma.All","rSigma","2","All","4",0.0459849364751671,NA
"1621","mean.4.rConnect.All","rConnect","3","All","4",0.368299349181599,NA
"1622","min.4.rConnect.All","rConnect","3","All","4",0.202360584350562,NA
"1623","max.4.rConnect.All","rConnect","3","All","4",0.619853521140772,NA
"1624","range.4.rConnect.All","rConnect","3","All","4",0.41749293679021,NA
"1625","slope.4.rConnect.All","rConnect","3","All","4",-0.00439511568499927,NA
"1626","mean.4.rTau1.All","rTau1","4","All","4",1342.83783160193,NA
"1627","min.4.rTau1.All","rTau1","4","All","4",670.92163077413,NA
"1628","max.4.rTau1.All","rTau1","4","All","4",2202.18212025539,NA
"1629","range.4.rTau1.All","rTau1","4","All","4",1531.26048948126,NA
"1630","slope.4.rTau1.All","rTau1","4","All","4",-11.5474895854735,NA
"1631","mean.4.rTau2.All","rTau2","5","All","4",5609715.49634328,NA
"1632","min.4.rTau2.All","rTau2","5","All","4",877258.994402086,NA
"1633","max.4.rTau2.All","rTau2","5","All","4",20362553.2084567,NA
"1634","range.4.rTau2.All","rTau2","5","All","4",19485294.2140546,NA
"1635","slope.4.rTau2.All","rTau2","5","All","4",19059.6489673431,NA
"1636","mean.4.rNPQ.All","rNPQ","6","All","4",0.310106347421542,NA
"1637","min.4.rNPQ.All","rNPQ","6","All","4",0.131911898601607,NA
"1638","max.4.rNPQ.All","rNPQ","6","All","4",0.899129156817516,NA
"1639","range.4.rNPQ.All","rNPQ","6","All","4",0.767217258215909,NA
"1640","slope.4.rNPQ.All","rNPQ","6","All","4",0.00261152792914711,NA
"1641","mean.4.rqP.All","rqP","7","All","4",0.679138334179068,NA
"1642","min.4.rqP.All","rqP","7","All","4",0.340758456178542,NA
"1643","max.4.rqP.All","rqP","7","All","4",1.46523137282778,NA
"1644","range.4.rqP.All","rqP","7","All","4",1.12447291664924,NA
"1645","slope.4.rqP.All","rqP","7","All","4",0.0111073536778247,NA
"1646","mean.4.rABQ.All","rABQ","8","All","4",0.0691223838882885,NA
"1647","min.4.rABQ.All","rABQ","8","All","4",-0.258817297895582,NA
"1648","max.4.rABQ.All","rABQ","8","All","4",0.3985972172927,NA
"1649","range.4.rABQ.All","rABQ","8","All","4",0.657414515188282,NA
"1650","slope.4.rABQ.All","rABQ","8","All","4",-0.0121204004428555,NA
"1651","mean.4.rqm.All","rqm","9","All","4",0.702203915574888,NA
"1652","min.4.rqm.All","rqm","9","All","4",0,NA
"1653","max.4.rqm.All","rqm","9","All","4",0.881284360451142,NA
"1654","range.4.rqm.All","rqm","9","All","4",0.881284360451142,NA
"1655","slope.4.rqm.All","rqm","9","All","4",-0.00754614404204802,NA
"1656","mean.1.rQuant.L1","rQuant","1","L1","1",0.046445490785388,NA
"1657","min.1.rQuant.L1","rQuant","1","L1","1",0.0410183725842635,NA
"1658","max.1.rQuant.L1","rQuant","1","L1","1",0.055199761703745,NA
"1659","range.1.rQuant.L1","rQuant","1","L1","1",0.0141813891194815,NA
"1660","slope.1.rQuant.L1","rQuant","1","L1","1",0.000248808298573754,NA
"1661","mean.1.rSigma.L1","rSigma","2","L1","1",3.26297464205211,NA
"1662","min.1.rSigma.L1","rSigma","2","L1","1",2.73947267367138,NA
"1663","max.1.rSigma.L1","rSigma","2","L1","1",3.94840602798966,NA
"1664","range.1.rSigma.L1","rSigma","2","L1","1",1.20893335431828,NA
"1665","slope.1.rSigma.L1","rSigma","2","L1","1",0.183531810461514,NA
"1666","mean.1.rConnect.L1","rConnect","3","L1","1",0.383283563822185,NA
"1667","min.1.rConnect.L1","rConnect","3","L1","1",0.28233741485966,NA
"1668","max.1.rConnect.L1","rConnect","3","L1","1",0.465849366595568,NA
"1669","range.1.rConnect.L1","rConnect","3","L1","1",0.183511951735908,NA
"1670","slope.1.rConnect.L1","rConnect","3","L1","1",-0.0217162450868565,NA
"1671","mean.1.rTau1.L1","rTau1","4","L1","1",2753.37018411785,NA
"1672","min.1.rTau1.L1","rTau1","4","L1","1",1617.85608997221,NA
"1673","max.1.rTau1.L1","rTau1","4","L1","1",7186.09102202122,NA
"1674","range.1.rTau1.L1","rTau1","4","L1","1",5568.23493204901,NA
"1675","slope.1.rTau1.L1","rTau1","4","L1","1",-469.262359473073,NA
"1676","mean.1.rTau2.L1","rTau2","5","L1","1",7809152.67606962,NA
"1677","min.1.rTau2.L1","rTau2","5","L1","1",4921145.68914417,NA
"1678","max.1.rTau2.L1","rTau2","5","L1","1",14593463.5017761,NA
"1679","range.1.rTau2.L1","rTau2","5","L1","1",9672317.81263193,NA
"1680","slope.1.rTau2.L1","rTau2","5","L1","1",1420913.01051034,NA
"1681","mean.1.rNPQ.L1","rNPQ","6","L1","1",0.138249679407205,NA
"1682","min.1.rNPQ.L1","rNPQ","6","L1","1",0.0797520681877369,NA
"1683","max.1.rNPQ.L1","rNPQ","6","L1","1",0.210339492197,NA
"1684","range.1.rNPQ.L1","rNPQ","6","L1","1",0.130587424009263,NA
"1685","slope.1.rNPQ.L1","rNPQ","6","L1","1",0.0197229365504783,NA
"1686","mean.1.rqP.L1","rqP","7","L1","1",0.372677937550785,NA
"1687","min.1.rqP.L1","rqP","7","L1","1",0.258902761123279,NA
"1688","max.1.rqP.L1","rqP","7","L1","1",0.501013008420785,NA
"1689","range.1.rqP.L1","rqP","7","L1","1",0.242110247297506,NA
"1690","slope.1.rqP.L1","rqP","7","L1","1",0.0335901497589205,NA
"1691","mean.1.rABQ.L1","rABQ","8","L1","1",0.312188427015086,NA
"1692","min.1.rABQ.L1","rABQ","8","L1","1",0.167704423474551,NA
"1693","max.1.rABQ.L1","rABQ","8","L1","1",0.422538874637994,NA
"1694","range.1.rABQ.L1","rABQ","8","L1","1",0.254834451163443,NA
"1695","slope.1.rABQ.L1","rABQ","8","L1","1",-0.038687184883212,NA
"1696","mean.1.rqm.L1","rqm","9","L1","1",0.880733568864895,NA
"1697","min.1.rqm.L1","rqm","9","L1","1",0.858253654626357,NA
"1698","max.1.rqm.L1","rqm","9","L1","1",0.894669755311656,NA
"1699","range.1.rqm.L1","rqm","9","L1","1",0.036416100685299,NA
"1700","slope.1.rqm.L1","rqm","9","L1","1",-0.000638909769406965,NA
"1701","mean.2.rQuant.L1","rQuant","1","L1","2",0.0438381497787602,NA
"1702","min.2.rQuant.L1","rQuant","1","L1","2",0.0393960463438951,NA
"1703","max.2.rQuant.L1","rQuant","1","L1","2",0.0503594872527247,NA
"1704","range.2.rQuant.L1","rQuant","1","L1","2",0.0109634409088296,NA
"1705","slope.2.rQuant.L1","rQuant","1","L1","2",0.000865832362968964,NA
"1706","mean.2.rSigma.L1","rSigma","2","L1","2",3.28499128990993,NA
"1707","min.2.rSigma.L1","rSigma","2","L1","2",2.84779333876389,NA
"1708","max.2.rSigma.L1","rSigma","2","L1","2",3.90986450268315,NA
"1709","range.2.rSigma.L1","rSigma","2","L1","2",1.06207116391926,NA
"1710","slope.2.rSigma.L1","rSigma","2","L1","2",0.181277671297114,NA
"1711","mean.2.rConnect.L1","rConnect","3","L1","2",0.428413552477158,NA
"1712","min.2.rConnect.L1","rConnect","3","L1","2",0.272715406175633,NA
"1713","max.2.rConnect.L1","rConnect","3","L1","2",0.607357109833515,NA
"1714","range.2.rConnect.L1","rConnect","3","L1","2",0.334641703657882,NA
"1715","slope.2.rConnect.L1","rConnect","3","L1","2",-0.0610808172895446,NA
"1716","mean.2.rTau1.L1","rTau1","4","L1","2",2192.00771070945,NA
"1717","min.2.rTau1.L1","rTau1","4","L1","2",1538.75786621235,NA
"1718","max.2.rTau1.L1","rTau1","4","L1","2",3240.21691056728,NA
"1719","range.2.rTau1.L1","rTau1","4","L1","2",1701.45904435493,NA
"1720","slope.2.rTau1.L1","rTau1","4","L1","2",-287.634217435721,NA
"1721","mean.2.rTau2.L1","rTau2","5","L1","2",6906845.23290365,NA
"1722","min.2.rTau2.L1","rTau2","5","L1","2",3577306.57574872,NA
"1723","max.2.rTau2.L1","rTau2","5","L1","2",10224737.0709268,NA
"1724","range.2.rTau2.L1","rTau2","5","L1","2",6647430.49517808,NA
"1725","slope.2.rTau2.L1","rTau2","5","L1","2",1040471.54483146,NA
"1726","mean.2.rNPQ.L1","rNPQ","6","L1","2",0.181574150655237,NA
"1727","min.2.rNPQ.L1","rNPQ","6","L1","2",0.120883878965459,NA
"1728","max.2.rNPQ.L1","rNPQ","6","L1","2",0.259739103723827,NA
"1729","range.2.rNPQ.L1","rNPQ","6","L1","2",0.138855224758368,NA
"1730","slope.2.rNPQ.L1","rNPQ","6","L1","2",0.024747608140569,NA
"1731","mean.2.rqP.L1","rqP","7","L1","2",0.422792000227712,NA
"1732","min.2.rqP.L1","rqP","7","L1","2",0.327897835038764,NA
"1733","max.2.rqP.L1","rqP","7","L1","2",0.549911364659379,NA
"1734","range.2.rqP.L1","rqP","7","L1","2",0.222013529620615,NA
"1735","slope.2.rqP.L1","rqP","7","L1","2",0.0392468711263216,NA
"1736","mean.2.rABQ.L1","rABQ","8","L1","2",0.307710084859354,NA
"1737","min.2.rABQ.L1","rABQ","8","L1","2",0.176022239971249,NA
"1738","max.2.rABQ.L1","rABQ","8","L1","2",0.399846625199116,NA
"1739","range.2.rABQ.L1","rABQ","8","L1","2",0.223824385227867,NA
"1740","slope.2.rABQ.L1","rABQ","8","L1","2",-0.0382030552302053,NA
"1741","mean.2.rqm.L1","rqm","9","L1","2",0.879967830507255,NA
"1742","min.2.rqm.L1","rqm","9","L1","2",0.862111915306802,NA
"1743","max.2.rqm.L1","rqm","9","L1","2",0.892130645660014,NA
"1744","range.2.rqm.L1","rqm","9","L1","2",0.030018730353212,NA
"1745","slope.2.rqm.L1","rqm","9","L1","2",-0.0023707144911153,NA
"1746","mean.3.rQuant.L1","rQuant","1","L1","3",0.0474158189033528,NA
"1747","min.3.rQuant.L1","rQuant","1","L1","3",0.0423708615681005,NA
"1748","max.3.rQuant.L1","rQuant","1","L1","3",0.0566455790388421,NA
"1749","range.3.rQuant.L1","rQuant","1","L1","3",0.0142747174707416,NA
"1750","slope.3.rQuant.L1","rQuant","1","L1","3",0.00208612813930949,NA
"1751","mean.3.rSigma.L1","rSigma","2","L1","3",3.10353990584614,NA
"1752","min.3.rSigma.L1","rSigma","2","L1","3",2.58704777388925,NA
"1753","max.3.rSigma.L1","rSigma","2","L1","3",3.69220321962207,NA
"1754","range.3.rSigma.L1","rSigma","2","L1","3",1.10515544573282,NA
"1755","slope.3.rSigma.L1","rSigma","2","L1","3",0.183313308087563,NA
"1756","mean.3.rConnect.L1","rConnect","3","L1","3",0.316101249070531,NA
"1757","min.3.rConnect.L1","rConnect","3","L1","3",0.131651994722427,NA
"1758","max.3.rConnect.L1","rConnect","3","L1","3",0.477518539264471,NA
"1759","range.3.rConnect.L1","rConnect","3","L1","3",0.345866544542044,NA
"1760","slope.3.rConnect.L1","rConnect","3","L1","3",-0.0346098936740959,NA
"1761","mean.3.rTau1.L1","rTau1","4","L1","3",2033.18106315397,NA
"1762","min.3.rTau1.L1","rTau1","4","L1","3",1638.29939438915,NA
"1763","max.3.rTau1.L1","rTau1","4","L1","3",2548.2163503784,NA
"1764","range.3.rTau1.L1","rTau1","4","L1","3",909.91695598925,NA
"1765","slope.3.rTau1.L1","rTau1","4","L1","3",-129.797857443815,NA
"1766","mean.3.rTau2.L1","rTau2","5","L1","3",6634631.9970822,NA
"1767","min.3.rTau2.L1","rTau2","5","L1","3",3040044.61881774,NA
"1768","max.3.rTau2.L1","rTau2","5","L1","3",13421736.2047289,NA
"1769","range.3.rTau2.L1","rTau2","5","L1","3",10381691.5859112,NA
"1770","slope.3.rTau2.L1","rTau2","5","L1","3",1101571.75921217,NA
"1771","mean.3.rNPQ.L1","rNPQ","6","L1","3",0.201328380976631,NA
"1772","min.3.rNPQ.L1","rNPQ","6","L1","3",0.134925357889599,NA
"1773","max.3.rNPQ.L1","rNPQ","6","L1","3",0.27486671538051,NA
"1774","range.3.rNPQ.L1","rNPQ","6","L1","3",0.139941357490911,NA
"1775","slope.3.rNPQ.L1","rNPQ","6","L1","3",0.024630931554247,NA
"1776","mean.3.rqP.L1","rqP","7","L1","3",0.452227117199216,NA
"1777","min.3.rqP.L1","rqP","7","L1","3",0.343653682090831,NA
"1778","max.3.rqP.L1","rqP","7","L1","3",0.572036423585998,NA
"1779","range.3.rqP.L1","rqP","7","L1","3",0.228382741495167,NA
"1780","slope.3.rqP.L1","rqP","7","L1","3",0.039517633996356,NA
"1781","mean.3.rABQ.L1","rABQ","8","L1","3",0.291130531940437,NA
"1782","min.3.rABQ.L1","rABQ","8","L1","3",0.156675856710878,NA
"1783","max.3.rABQ.L1","rABQ","8","L1","3",0.409100821978455,NA
"1784","range.3.rABQ.L1","rABQ","8","L1","3",0.252424965267577,NA
"1785","slope.3.rABQ.L1","rABQ","8","L1","3",-0.0418699972078628,NA
"1786","mean.3.rqm.L1","rqm","9","L1","3",0.872683383677541,NA
"1787","min.3.rqm.L1","rqm","9","L1","3",0.847900476683703,NA
"1788","max.3.rqm.L1","rqm","9","L1","3",0.886229641282512,NA
"1789","range.3.rqm.L1","rqm","9","L1","3",0.038329164598809,NA
"1790","slope.3.rqm.L1","rqm","9","L1","3",-0.00560148030878297,NA
"1791","mean.4.rQuant.L1","rQuant","1","L1","4",0.048350802841085,NA
"1792","min.4.rQuant.L1","rQuant","1","L1","4",0.0434538493702904,NA
"1793","max.4.rQuant.L1","rQuant","1","L1","4",0.0587311644187523,NA
"1794","range.4.rQuant.L1","rQuant","1","L1","4",0.0152773150484619,NA
"1795","slope.4.rQuant.L1","rQuant","1","L1","4",0.00162362409722383,NA
"1796","mean.4.rSigma.L1","rSigma","2","L1","4",2.92048258705878,NA
"1797","min.4.rSigma.L1","rSigma","2","L1","4",2.28172896507605,NA
"1798","max.4.rSigma.L1","rSigma","2","L1","4",3.33003196291924,NA
"1799","range.4.rSigma.L1","rSigma","2","L1","4",1.04830299784319,NA
"1800","slope.4.rSigma.L1","rSigma","2","L1","4",0.129054969136851,NA
"1801","mean.4.rConnect.L1","rConnect","3","L1","4",0.435361733021487,NA
"1802","min.4.rConnect.L1","rConnect","3","L1","4",0.202360584350562,NA
"1803","max.4.rConnect.L1","rConnect","3","L1","4",0.619853521140772,NA
"1804","range.4.rConnect.L1","rConnect","3","L1","4",0.41749293679021,NA
"1805","slope.4.rConnect.L1","rConnect","3","L1","4",-0.0326922820557771,NA
"1806","mean.4.rTau1.L1","rTau1","4","L1","4",1534.14177286114,NA
"1807","min.4.rTau1.L1","rTau1","4","L1","4",819.718558403748,NA
"1808","max.4.rTau1.L1","rTau1","4","L1","4",2202.18212025539,NA
"1809","range.4.rTau1.L1","rTau1","4","L1","4",1382.46356185164,NA
"1810","slope.4.rTau1.L1","rTau1","4","L1","4",-208.855867622538,NA
"1811","mean.4.rTau2.L1","rTau2","5","L1","4",6199699.44242569,NA
"1812","min.4.rTau2.L1","rTau2","5","L1","4",3232399.148002,NA
"1813","max.4.rTau2.L1","rTau2","5","L1","4",9508869.96629422,NA
"1814","range.4.rTau2.L1","rTau2","5","L1","4",6276470.81829222,NA
"1815","slope.4.rTau2.L1","rTau2","5","L1","4",1123069.36996665,NA
"1816","mean.4.rNPQ.L1","rNPQ","6","L1","4",0.201887445956146,NA
"1817","min.4.rNPQ.L1","rNPQ","6","L1","4",0.131911898601607,NA
"1818","max.4.rNPQ.L1","rNPQ","6","L1","4",0.26603851478589,NA
"1819","range.4.rNPQ.L1","rNPQ","6","L1","4",0.134126616184283,NA
"1820","slope.4.rNPQ.L1","rNPQ","6","L1","4",0.0245335221404501,NA
"1821","mean.4.rqP.L1","rqP","7","L1","4",0.454761509245733,NA
"1822","min.4.rqP.L1","rqP","7","L1","4",0.340758456178542,NA
"1823","max.4.rqP.L1","rqP","7","L1","4",0.564212954989579,NA
"1824","range.4.rqP.L1","rqP","7","L1","4",0.223454498811037,NA
"1825","slope.4.rqP.L1","rqP","7","L1","4",0.0386156644646756,NA
"1826","mean.4.rABQ.L1","rABQ","8","L1","4",0.230238831347428,NA
"1827","min.4.rABQ.L1","rABQ","8","L1","4",0.122292559871531,NA
"1828","max.4.rABQ.L1","rABQ","8","L1","4",0.3985972172927,NA
"1829","range.4.rABQ.L1","rABQ","8","L1","4",0.276304657421169,NA
"1830","slope.4.rABQ.L1","rABQ","8","L1","4",-0.0340154412504992,NA
"1831","mean.4.rqm.L1","rqm","9","L1","4",0.867905914777147,NA
"1832","min.4.rqm.L1","rqm","9","L1","4",0.83954683310086,NA
"1833","max.4.rqm.L1","rqm","9","L1","4",0.881284360451142,NA
"1834","range.4.rqm.L1","rqm","9","L1","4",0.041737527350282,NA
"1835","slope.4.rqm.L1","rqm","9","L1","4",-0.00443573068628174,NA
"1836","mean.1.rQuant.L2","rQuant","1","L2","1",0.108839921265318,NA
"1837","min.1.rQuant.L2","rQuant","1","L2","1",0.0867542620455788,NA
"1838","max.1.rQuant.L2","rQuant","1","L2","1",0.12785335904143,NA
"1839","range.1.rQuant.L2","rQuant","1","L2","1",0.0410990969958512,NA
"1840","slope.1.rQuant.L2","rQuant","1","L2","1",0.00783412379993958,NA
"1841","mean.1.rSigma.L2","rSigma","2","L2","1",4.88405156846359,NA
"1842","min.1.rSigma.L2","rSigma","2","L2","1",4.74322374253273,NA
"1843","max.1.rSigma.L2","rSigma","2","L2","1",4.98846200045639,NA
"1844","range.1.rSigma.L2","rSigma","2","L2","1",0.24523825792366,NA
"1845","slope.1.rSigma.L2","rSigma","2","L2","1",-0.0377546395767138,NA
"1846","mean.1.rConnect.L2","rConnect","3","L2","1",0.215266297822952,NA
"1847","min.1.rConnect.L2","rConnect","3","L2","1",0.158502571504161,NA
"1848","max.1.rConnect.L2","rConnect","3","L2","1",0.273299083594482,NA
"1849","range.1.rConnect.L2","rConnect","3","L2","1",0.114796512090321,NA
"1850","slope.1.rConnect.L2","rConnect","3","L2","1",-0.0148362075145319,NA
"1851","mean.1.rTau1.L2","rTau1","4","L2","1",1942.97147564068,NA
"1852","min.1.rTau1.L2","rTau1","4","L2","1",1862.94742497182,NA
"1853","max.1.rTau1.L2","rTau1","4","L2","1",2078.11550570878,NA
"1854","range.1.rTau1.L2","rTau1","4","L2","1",215.16808073696,NA
"1855","slope.1.rTau1.L2","rTau1","4","L2","1",-21.2778663965274,NA
"1856","mean.1.rTau2.L2","rTau2","5","L2","1",4283331.36523363,NA
"1857","min.1.rTau2.L2","rTau2","5","L2","1",3346382.88655549,NA
"1858","max.1.rTau2.L2","rTau2","5","L2","1",5974605.73288177,NA
"1859","range.1.rTau2.L2","rTau2","5","L2","1",2628222.84632628,NA
"1860","slope.1.rTau2.L2","rTau2","5","L2","1",-390485.939590105,NA
"1861","mean.1.rNPQ.L2","rNPQ","6","L2","1",0.225161046547789,NA
"1862","min.1.rNPQ.L2","rNPQ","6","L2","1",0.202853305751839,NA
"1863","max.1.rNPQ.L2","rNPQ","6","L2","1",0.248963097855217,NA
"1864","range.1.rNPQ.L2","rNPQ","6","L2","1",0.046109792103378,NA
"1865","slope.1.rNPQ.L2","rNPQ","6","L2","1",-0.00810037817124381,NA
"1866","mean.1.rqP.L2","rqP","7","L2","1",0.63110149057395,NA
"1867","min.1.rqP.L2","rqP","7","L2","1",0.622191777822482,NA
"1868","max.1.rqP.L2","rqP","7","L2","1",0.641612946053027,NA
"1869","range.1.rqP.L2","rqP","7","L2","1",0.019421168230545,NA
"1870","slope.1.rqP.L2","rqP","7","L2","1",0.00365945638807246,NA
"1871","mean.1.rABQ.L2","rABQ","8","L2","1",-0.0295229232096278,NA
"1872","min.1.rABQ.L2","rABQ","8","L2","1",-0.0515318908980293,NA
"1873","max.1.rABQ.L2","rABQ","8","L2","1",0.000162569048023586,NA
"1874","range.1.rABQ.L2","rABQ","8","L2","1",0.0516944599460529,NA
"1875","slope.1.rABQ.L2","rABQ","8","L2","1",0.00795840632656752,NA
"1876","mean.1.rqm.L2","rqm","9","L2","1",0.720512179872921,NA
"1877","min.1.rqm.L2","rqm","9","L2","1",0.671687959721077,NA
"1878","max.1.rqm.L2","rqm","9","L2","1",0.777225494984088,NA
"1879","range.1.rqm.L2","rqm","9","L2","1",0.105537535263011,NA
"1880","slope.1.rqm.L2","rqm","9","L2","1",-0.0201170871679828,NA
"1881","mean.2.rQuant.L2","rQuant","1","L2","2",0.106601655183824,NA
"1882","min.2.rQuant.L2","rQuant","1","L2","2",0.08779457878796,NA
"1883","max.2.rQuant.L2","rQuant","1","L2","2",0.119452551546209,NA
"1884","range.2.rQuant.L2","rQuant","1","L2","2",0.031657972758249,NA
"1885","slope.2.rQuant.L2","rQuant","1","L2","2",0.00639711930149961,NA
"1886","mean.2.rSigma.L2","rSigma","2","L2","2",4.62497653240813,NA
"1887","min.2.rSigma.L2","rSigma","2","L2","2",4.51029422307442,NA
"1888","max.2.rSigma.L2","rSigma","2","L2","2",4.73499589101352,NA
"1889","range.2.rSigma.L2","rSigma","2","L2","2",0.2247016679391,NA
"1890","slope.2.rSigma.L2","rSigma","2","L2","2",-0.0124567253628218,NA
"1891","mean.2.rConnect.L2","rConnect","3","L2","2",0.187951646909291,NA
"1892","min.2.rConnect.L2","rConnect","3","L2","2",0.125137881577576,NA
"1893","max.2.rConnect.L2","rConnect","3","L2","2",0.239407565909954,NA
"1894","range.2.rConnect.L2","rConnect","3","L2","2",0.114269684332378,NA
"1895","slope.2.rConnect.L2","rConnect","3","L2","2",0.0230089919673616,NA
"1896","mean.2.rTau1.L2","rTau1","4","L2","2",1964.3460642859,NA
"1897","min.2.rTau1.L2","rTau1","4","L2","2",1903.54578494054,NA
"1898","max.2.rTau1.L2","rTau1","4","L2","2",2047.80989102011,NA
"1899","range.2.rTau1.L2","rTau1","4","L2","2",144.26410607957,NA
"1900","slope.2.rTau1.L2","rTau1","4","L2","2",-10.2745429313272,NA
"1901","mean.2.rTau2.L2","rTau2","5","L2","2",4136823.46599862,NA
"1902","min.2.rTau2.L2","rTau2","5","L2","2",3546943.03190929,NA
"1903","max.2.rTau2.L2","rTau2","5","L2","2",4611097.28056535,NA
"1904","range.2.rTau2.L2","rTau2","5","L2","2",1064154.24865606,NA
"1905","slope.2.rTau2.L2","rTau2","5","L2","2",-188005.533712908,NA
"1906","mean.2.rNPQ.L2","rNPQ","6","L2","2",0.274185763448624,NA
"1907","min.2.rNPQ.L2","rNPQ","6","L2","2",0.257115228092698,NA
"1908","max.2.rNPQ.L2","rNPQ","6","L2","2",0.294826681146418,NA
"1909","range.2.rNPQ.L2","rNPQ","6","L2","2",0.03771145305372,NA
"1910","slope.2.rNPQ.L2","rNPQ","6","L2","2",-0.0080927034290923,NA
"1911","mean.2.rqP.L2","rqP","7","L2","2",0.667632891490939,NA
"1912","min.2.rqP.L2","rqP","7","L2","2",0.660132280512893,NA
"1913","max.2.rqP.L2","rqP","7","L2","2",0.672295743831309,NA
"1914","range.2.rqP.L2","rqP","7","L2","2",0.012163463318416,NA
"1915","slope.2.rqP.L2","rqP","7","L2","2",0.00125653203411124,NA
"1916","mean.2.rABQ.L2","rABQ","8","L2","2",0.0253171687295118,NA
"1917","min.2.rABQ.L2","rABQ","8","L2","2",0.00213132569038277,NA
"1918","max.2.rABQ.L2","rABQ","8","L2","2",0.0494856974073893,NA
"1919","range.2.rABQ.L2","rABQ","8","L2","2",0.0473543717170065,NA
"1920","slope.2.rABQ.L2","rABQ","8","L2","2",0.0026251714489613,NA
"1921","mean.2.rqm.L2","rqm","9","L2","2",0.708116606019913,NA
"1922","min.2.rqm.L2","rqm","9","L2","2",0.672929879890088,NA
"1923","max.2.rqm.L2","rqm","9","L2","2",0.759611803536326,NA
"1924","range.2.rqm.L2","rqm","9","L2","2",0.0866819236462379,NA
"1925","slope.2.rqm.L2","rqm","9","L2","2",-0.0175157964498524,NA
"1926","mean.3.rQuant.L2","rQuant","1","L2","3",0.113019302613206,NA
"1927","min.3.rQuant.L2","rQuant","1","L2","3",0.0902379635068008,NA
"1928","max.3.rQuant.L2","rQuant","1","L2","3",0.130872079212284,NA
"1929","range.3.rQuant.L2","rQuant","1","L2","3",0.0406341157054832,NA
"1930","slope.3.rQuant.L2","rQuant","1","L2","3",0.00767125224305362,NA
"1931","mean.3.rSigma.L2","rSigma","2","L2","3",4.52583670063718,NA
"1932","min.3.rSigma.L2","rSigma","2","L2","3",4.28812114820915,NA
"1933","max.3.rSigma.L2","rSigma","2","L2","3",4.72563776348885,NA
"1934","range.3.rSigma.L2","rSigma","2","L2","3",0.4375166152797,NA
"1935","slope.3.rSigma.L2","rSigma","2","L2","3",0.0601067283830388,NA
"1936","mean.3.rConnect.L2","rConnect","3","L2","3",0.165100805818624,NA
"1937","min.3.rConnect.L2","rConnect","3","L2","3",0.0877998913255445,NA
"1938","max.3.rConnect.L2","rConnect","3","L2","3",0.23413550422649,NA
"1939","range.3.rConnect.L2","rConnect","3","L2","3",0.146335612900945,NA
"1940","slope.3.rConnect.L2","rConnect","3","L2","3",-0.00556294383022385,NA
"1941","mean.3.rTau1.L2","rTau1","4","L2","3",1680.41730483251,NA
"1942","min.3.rTau1.L2","rTau1","4","L2","3",1523.88669836569,NA
"1943","max.3.rTau1.L2","rTau1","4","L2","3",1859.41961165391,NA
"1944","range.3.rTau1.L2","rTau1","4","L2","3",335.53291328822,NA
"1945","slope.3.rTau1.L2","rTau1","4","L2","3",25.8624362416704,NA
"1946","mean.3.rTau2.L2","rTau2","5","L2","3",3581429.51939124,NA
"1947","min.3.rTau2.L2","rTau2","5","L2","3",3281530.48384597,NA
"1948","max.3.rTau2.L2","rTau2","5","L2","3",4016953.1458891,NA
"1949","range.3.rTau2.L2","rTau2","5","L2","3",735422.66204313,NA
"1950","slope.3.rTau2.L2","rTau2","5","L2","3",-75267.1236587568,NA
"1951","mean.3.rNPQ.L2","rNPQ","6","L2","3",0.287133125930259,NA
"1952","min.3.rNPQ.L2","rNPQ","6","L2","3",0.267539572282331,NA
"1953","max.3.rNPQ.L2","rNPQ","6","L2","3",0.314298870850885,NA
"1954","range.3.rNPQ.L2","rNPQ","6","L2","3",0.046759298568554,NA
"1955","slope.3.rNPQ.L2","rNPQ","6","L2","3",-0.0089477907240531,NA
"1956","mean.3.rqP.L2","rqP","7","L2","3",0.683944158174853,NA
"1957","min.3.rqP.L2","rqP","7","L2","3",0.677099920710397,NA
"1958","max.3.rqP.L2","rqP","7","L2","3",0.69144769009343,NA
"1959","range.3.rqP.L2","rqP","7","L2","3",0.0143477693830329,NA
"1960","slope.3.rqP.L2","rqP","7","L2","3",0.00256683022998545,NA
"1961","mean.3.rABQ.L2","rABQ","8","L2","3",-0.0337316586333513,NA
"1962","min.3.rABQ.L2","rABQ","8","L2","3",-0.0793675703464887,NA
"1963","max.3.rABQ.L2","rABQ","8","L2","3",0.0205641784788837,NA
"1964","range.3.rABQ.L2","rABQ","8","L2","3",0.0999317488253724,NA
"1965","slope.3.rABQ.L2","rABQ","8","L2","3",-0.0137287825735461,NA
"1966","mean.3.rqm.L2","rqm","9","L2","3",0.696530914774098,NA
"1967","min.3.rqm.L2","rqm","9","L2","3",0.64859427335094,NA
"1968","max.3.rqm.L2","rqm","9","L2","3",0.757701281065441,NA
"1969","range.3.rqm.L2","rqm","9","L2","3",0.109107007714501,NA
"1970","slope.3.rqm.L2","rqm","9","L2","3",-0.0205981442719029,NA
"1971","mean.4.rQuant.L2","rQuant","1","L2","4",0.115890752150696,NA
"1972","min.4.rQuant.L2","rQuant","1","L2","4",0.092718051229823,NA
"1973","max.4.rQuant.L2","rQuant","1","L2","4",0.12965892353886,NA
"1974","range.4.rQuant.L2","rQuant","1","L2","4",0.036940872309037,NA
"1975","slope.4.rQuant.L2","rQuant","1","L2","4",0.00704665476712086,NA
"1976","mean.4.rSigma.L2","rSigma","2","L2","4",4.01120467745864,NA
"1977","min.4.rSigma.L2","rSigma","2","L2","4",3.71199261529301,NA
"1978","max.4.rSigma.L2","rSigma","2","L2","4",4.15298069994002,NA
"1979","range.4.rSigma.L2","rSigma","2","L2","4",0.44098808464701,NA
"1980","slope.4.rSigma.L2","rSigma","2","L2","4",0.0708255082797714,NA
"1981","mean.4.rConnect.L2","rConnect","3","L2","4",0.297221634292737,NA
"1982","min.4.rConnect.L2","rConnect","3","L2","4",0.249639195261805,NA
"1983","max.4.rConnect.L2","rConnect","3","L2","4",0.336244263536817,NA
"1984","range.4.rConnect.L2","rConnect","3","L2","4",0.086605068275012,NA
"1985","slope.4.rConnect.L2","rConnect","3","L2","4",0.00439159625889614,NA
"1986","mean.4.rTau1.L2","rTau1","4","L2","4",1439.83261773556,NA
"1987","min.4.rTau1.L2","rTau1","4","L2","4",1331.04028309931,NA
"1988","max.4.rTau1.L2","rTau1","4","L2","4",1589.03274015216,NA
"1989","range.4.rTau1.L2","rTau1","4","L2","4",257.99245705285,NA
"1990","slope.4.rTau1.L2","rTau1","4","L2","4",16.1287510730649,NA
"1991","mean.4.rTau2.L2","rTau2","5","L2","4",4145776.49023637,NA
"1992","min.4.rTau2.L2","rTau2","5","L2","4",3296218.41708406,NA
"1993","max.4.rTau2.L2","rTau2","5","L2","4",5114335.91563691,NA
"1994","range.4.rTau2.L2","rTau2","5","L2","4",1818117.49855285,NA
"1995","slope.4.rTau2.L2","rTau2","5","L2","4",-144342.430771286,NA
"1996","mean.4.rNPQ.L2","rNPQ","6","L2","4",0.288298691106063,NA
"1997","min.4.rNPQ.L2","rNPQ","6","L2","4",0.272490463827233,NA
"1998","max.4.rNPQ.L2","rNPQ","6","L2","4",0.315276952887547,NA
"1999","range.4.rNPQ.L2","rNPQ","6","L2","4",0.042786489060314,NA
"2000","slope.4.rNPQ.L2","rNPQ","6","L2","4",-0.00768528244481145,NA
"2001","mean.4.rqP.L2","rqP","7","L2","4",0.690107631403979,NA
"2002","min.4.rqP.L2","rqP","7","L2","4",0.68226348812717,NA
"2003","max.4.rqP.L2","rqP","7","L2","4",0.696291654100908,NA
"2004","range.4.rqP.L2","rqP","7","L2","4",0.014028165973738,NA
"2005","slope.4.rqP.L2","rqP","7","L2","4",0.00301431335407167,NA
"2006","mean.4.rABQ.L2","rABQ","8","L2","4",-0.0572463653463598,NA
"2007","min.4.rABQ.L2","rABQ","8","L2","4",-0.0946147363257892,NA
"2008","max.4.rABQ.L2","rABQ","8","L2","4",0.0216179386793391,NA
"2009","range.4.rABQ.L2","rABQ","8","L2","4",0.116232675005128,NA
"2010","slope.4.rABQ.L2","rABQ","8","L2","4",-0.0186677113794249,NA
"2011","mean.4.rqm.L2","rqm","9","L2","4",0.683387203694443,NA
"2012","min.4.rqm.L2","rqm","9","L2","4",0.645772647206345,NA
"2013","max.4.rqm.L2","rqm","9","L2","4",0.74669487493097,NA
"2014","range.4.rqm.L2","rqm","9","L2","4",0.100922227724625,NA
"2015","slope.4.rqm.L2","rqm","9","L2","4",-0.0192514159155417,NA
"2016","mean.1.rQuant.L3","rQuant","1","L3","1",0.0473038585505064,NA
"2017","min.1.rQuant.L3","rQuant","1","L3","1",0.045222103751622,NA
"2018","max.1.rQuant.L3","rQuant","1","L3","1",0.0495637518897747,NA
"2019","range.1.rQuant.L3","rQuant","1","L3","1",0.0043416481381527,NA
"2020","slope.1.rQuant.L3","rQuant","1","L3","1",-0.00047317072172844,NA
"2021","mean.1.rSigma.L3","rSigma","2","L3","1",3.55891261833687,NA
"2022","min.1.rSigma.L3","rSigma","2","L3","1",3.37399775301173,NA
"2023","max.1.rSigma.L3","rSigma","2","L3","1",3.73707000870727,NA
"2024","range.1.rSigma.L3","rSigma","2","L3","1",0.36307225569554,NA
"2025","slope.1.rSigma.L3","rSigma","2","L3","1",-0.0191208384407211,NA
"2026","mean.1.rConnect.L3","rConnect","3","L3","1",0.294637229370215,NA
"2027","min.1.rConnect.L3","rConnect","3","L3","1",0.240756335197617,NA
"2028","max.1.rConnect.L3","rConnect","3","L3","1",0.375896149823925,NA
"2029","range.1.rConnect.L3","rConnect","3","L3","1",0.135139814626308,NA
"2030","slope.1.rConnect.L3","rConnect","3","L3","1",-0.000330602183977116,NA
"2031","mean.1.rTau1.L3","rTau1","4","L3","1",1583.72129867313,NA
"2032","min.1.rTau1.L3","rTau1","4","L3","1",1099.3111974574,NA
"2033","max.1.rTau1.L3","rTau1","4","L3","1",2501.82144905044,NA
"2034","range.1.rTau1.L3","rTau1","4","L3","1",1402.51025159304,NA
"2035","slope.1.rTau1.L3","rTau1","4","L3","1",-39.8626575258011,NA
"2036","mean.1.rTau2.L3","rTau2","5","L3","1",11471652.3458445,NA
"2037","min.1.rTau2.L3","rTau2","5","L3","1",7849080.62178585,NA
"2038","max.1.rTau2.L3","rTau2","5","L3","1",15513230.7458976,NA
"2039","range.1.rTau2.L3","rTau2","5","L3","1",7664150.12411175,NA
"2040","slope.1.rTau2.L3","rTau2","5","L3","1",317451.641613316,NA
"2041","mean.1.rNPQ.L3","rNPQ","6","L3","1",0.224623229542106,NA
"2042","min.1.rNPQ.L3","rNPQ","6","L3","1",0.15266094903048,NA
"2043","max.1.rNPQ.L3","rNPQ","6","L3","1",0.302976065398259,NA
"2044","range.1.rNPQ.L3","rNPQ","6","L3","1",0.150315116367779,NA
"2045","slope.1.rNPQ.L3","rNPQ","6","L3","1",0.023451944847574,NA
"2046","mean.1.rqP.L3","rqP","7","L3","1",0.511389313060814,NA
"2047","min.1.rqP.L3","rqP","7","L3","1",0.406099726651256,NA
"2048","max.1.rqP.L3","rqP","7","L3","1",0.618571804699348,NA
"2049","range.1.rqP.L3","rqP","7","L3","1",0.212472078048092,NA
"2050","slope.1.rqP.L3","rqP","7","L3","1",0.0335671266882448,NA
"2051","mean.1.rABQ.L3","rABQ","8","L3","1",0.24980683129224,NA
"2052","min.1.rABQ.L3","rABQ","8","L3","1",0.212252535487941,NA
"2053","max.1.rABQ.L3","rABQ","8","L3","1",0.288785554187735,NA
"2054","range.1.rABQ.L3","rABQ","8","L3","1",0.076533018699794,NA
"2055","slope.1.rABQ.L3","rABQ","8","L3","1",0.00403053514275294,NA
"2056","mean.1.rqm.L3","rqm","9","L3","1",0.878529383739149,NA
"2057","min.1.rqm.L3","rqm","9","L3","1",0.872726249597108,NA
"2058","max.1.rqm.L3","rqm","9","L3","1",0.88387507954649,NA
"2059","range.1.rqm.L3","rqm","9","L3","1",0.011148829949382,NA
"2060","slope.1.rqm.L3","rqm","9","L3","1",0.00121504547252911,NA
"2061","mean.2.rQuant.L3","rQuant","1","L3","2",0.0450105833962237,NA
"2062","min.2.rQuant.L3","rQuant","1","L3","2",0.0428744847860607,NA
"2063","max.2.rQuant.L3","rQuant","1","L3","2",0.0468043456341927,NA
"2064","range.2.rQuant.L3","rQuant","1","L3","2",0.003929860848132,NA
"2065","slope.2.rQuant.L3","rQuant","1","L3","2",5.82541418772618e-05,NA
"2066","mean.2.rSigma.L3","rSigma","2","L3","2",3.32813067119345,NA
"2067","min.2.rSigma.L3","rSigma","2","L3","2",2.98887930684391,NA
"2068","max.2.rSigma.L3","rSigma","2","L3","2",3.55412124588742,NA
"2069","range.2.rSigma.L3","rSigma","2","L3","2",0.56524193904351,NA
"2070","slope.2.rSigma.L3","rSigma","2","L3","2",-0.0233345385126598,NA
"2071","mean.2.rConnect.L3","rConnect","3","L3","2",0.349297660226353,NA
"2072","min.2.rConnect.L3","rConnect","3","L3","2",0.259274512567485,NA
"2073","max.2.rConnect.L3","rConnect","3","L3","2",0.453701567940603,NA
"2074","range.2.rConnect.L3","rConnect","3","L3","2",0.194427055373118,NA
"2075","slope.2.rConnect.L3","rConnect","3","L3","2",0.0126815778136557,NA
"2076","mean.2.rTau1.L3","rTau1","4","L3","2",1432.66538537276,NA
"2077","min.2.rTau1.L3","rTau1","4","L3","2",1040.67623962568,NA
"2078","max.2.rTau1.L3","rTau1","4","L3","2",1704.75188720299,NA
"2079","range.2.rTau1.L3","rTau1","4","L3","2",664.07564757731,NA
"2080","slope.2.rTau1.L3","rTau1","4","L3","2",-42.99344999694,NA
"2081","mean.2.rTau2.L3","rTau2","5","L3","2",8399192.90596605,NA
"2082","min.2.rTau2.L3","rTau2","5","L3","2",6242455.73559218,NA
"2083","max.2.rTau2.L3","rTau2","5","L3","2",10743081.6284024,NA
"2084","range.2.rTau2.L3","rTau2","5","L3","2",4500625.89281022,NA
"2085","slope.2.rTau2.L3","rTau2","5","L3","2",-144797.654425726,NA
"2086","mean.2.rNPQ.L3","rNPQ","6","L3","2",0.278485830833839,NA
"2087","min.2.rNPQ.L3","rNPQ","6","L3","2",0.19938836013774,NA
"2088","max.2.rNPQ.L3","rNPQ","6","L3","2",0.356501706377049,NA
"2089","range.2.rNPQ.L3","rNPQ","6","L3","2",0.157113346239309,NA
"2090","slope.2.rNPQ.L3","rNPQ","6","L3","2",0.0251612944318068,NA
"2091","mean.2.rqP.L3","rqP","7","L3","2",0.562646530835561,NA
"2092","min.2.rqP.L3","rqP","7","L3","2",0.457271728627072,NA
"2093","max.2.rqP.L3","rqP","7","L3","2",0.664183232313395,NA
"2094","range.2.rqP.L3","rqP","7","L3","2",0.206911503686323,NA
"2095","slope.2.rqP.L3","rqP","7","L3","2",0.0329944156163379,NA
"2096","mean.2.rABQ.L3","rABQ","8","L3","2",0.298618749153315,NA
"2097","min.2.rABQ.L3","rABQ","8","L3","2",0.250992748969379,NA
"2098","max.2.rABQ.L3","rABQ","8","L3","2",0.370113702262713,NA
"2099","range.2.rABQ.L3","rABQ","8","L3","2",0.119120953293334,NA
"2100","slope.2.rABQ.L3","rABQ","8","L3","2",0.00491759772282942,NA
"2101","mean.2.rqm.L3","rqm","9","L3","2",0.876757618593646,NA
"2102","min.2.rqm.L3","rqm","9","L3","2",0.871846161927153,NA
"2103","max.2.rqm.L3","rqm","9","L3","2",0.882606418137474,NA
"2104","range.2.rqm.L3","rqm","9","L3","2",0.010760256210321,NA
"2105","slope.2.rqm.L3","rqm","9","L3","2",-0.000159504246113421,NA
"2106","mean.3.rQuant.L3","rQuant","1","L3","3",0.0507460324600524,NA
"2107","min.3.rQuant.L3","rQuant","1","L3","3",0.0468223170101653,NA
"2108","max.3.rQuant.L3","rQuant","1","L3","3",0.0568915146814166,NA
"2109","range.3.rQuant.L3","rQuant","1","L3","3",0.0100691976712513,NA
"2110","slope.3.rQuant.L3","rQuant","1","L3","3",0.00119321085396048,NA
"2111","mean.3.rSigma.L3","rSigma","2","L3","3",3.27331214563003,NA
"2112","min.3.rSigma.L3","rSigma","2","L3","3",3.03053910726213,NA
"2113","max.3.rSigma.L3","rSigma","2","L3","3",3.49397749842157,NA
"2114","range.3.rSigma.L3","rSigma","2","L3","3",0.46343839115944,NA
"2115","slope.3.rSigma.L3","rSigma","2","L3","3",-0.0244701043076656,NA
"2116","mean.3.rConnect.L3","rConnect","3","L3","3",0.286837130224927,NA
"2117","min.3.rConnect.L3","rConnect","3","L3","3",0.161090769387057,NA
"2118","max.3.rConnect.L3","rConnect","3","L3","3",0.464991736855449,NA
"2119","range.3.rConnect.L3","rConnect","3","L3","3",0.303900967468392,NA
"2120","slope.3.rConnect.L3","rConnect","3","L3","3",-0.0397502642812344,NA
"2121","mean.3.rTau1.L3","rTau1","4","L3","3",1601.85421911628,NA
"2122","min.3.rTau1.L3","rTau1","4","L3","3",1162.60479738727,NA
"2123","max.3.rTau1.L3","rTau1","4","L3","3",1981.17873316732,NA
"2124","range.3.rTau1.L3","rTau1","4","L3","3",818.57393578005,NA
"2125","slope.3.rTau1.L3","rTau1","4","L3","3",-60.5569970277084,NA
"2126","mean.3.rTau2.L3","rTau2","5","L3","3",8550123.663996,NA
"2127","min.3.rTau2.L3","rTau2","5","L3","3",6631972.96108351,NA
"2128","max.3.rTau2.L3","rTau2","5","L3","3",10062442.1991138,NA
"2129","range.3.rTau2.L3","rTau2","5","L3","3",3430469.23803029,NA
"2130","slope.3.rTau2.L3","rTau2","5","L3","3",-303746.721655791,NA
"2131","mean.3.rNPQ.L3","rNPQ","6","L3","3",0.290967708631445,NA
"2132","min.3.rNPQ.L3","rNPQ","6","L3","3",0.218561866939903,NA
"2133","max.3.rNPQ.L3","rNPQ","6","L3","3",0.369097200074516,NA
"2134","range.3.rNPQ.L3","rNPQ","6","L3","3",0.150535333134613,NA
"2135","slope.3.rNPQ.L3","rNPQ","6","L3","3",0.0231480167093121,NA
"2136","mean.3.rqP.L3","rqP","7","L3","3",0.580036986944404,NA
"2137","min.3.rqP.L3","rqP","7","L3","3",0.481724126524721,NA
"2138","max.3.rqP.L3","rqP","7","L3","3",0.67582788472223,NA
"2139","range.3.rqP.L3","rqP","7","L3","3",0.194103758197509,NA
"2140","slope.3.rqP.L3","rqP","7","L3","3",0.0310101511075546,NA
"2141","mean.3.rABQ.L3","rABQ","8","L3","3",0.252353406155719,NA
"2142","min.3.rABQ.L3","rABQ","8","L3","3",0.201951949754964,NA
"2143","max.3.rABQ.L3","rABQ","8","L3","3",0.307804407202261,NA
"2144","range.3.rABQ.L3","rABQ","8","L3","3",0.105852457447297,NA
"2145","slope.3.rABQ.L3","rABQ","8","L3","3",0.00558913703389548,NA
"2146","mean.3.rqm.L3","rqm","9","L3","3",0.863741399093569,NA
"2147","min.3.rqm.L3","rqm","9","L3","3",0.847240112810003,NA
"2148","max.3.rqm.L3","rqm","9","L3","3",0.874277000630052,NA
"2149","range.3.rqm.L3","rqm","9","L3","3",0.027036887820049,NA
"2150","slope.3.rqm.L3","rqm","9","L3","3",-0.00320390055468889,NA
"2151","mean.4.rQuant.L3","rQuant","1","L3","4",0.0496526438172276,NA
"2152","min.4.rQuant.L3","rQuant","1","L3","4",0.04856030028117,NA
"2153","max.4.rQuant.L3","rQuant","1","L3","4",0.0514316511086612,NA
"2154","range.4.rQuant.L3","rQuant","1","L3","4",0.0028713508274912,NA
"2155","slope.4.rQuant.L3","rQuant","1","L3","4",-5.31325882904312e-05,NA
"2156","mean.4.rSigma.L3","rSigma","2","L3","4",2.93451807308567,NA
"2157","min.4.rSigma.L3","rSigma","2","L3","4",2.73419926186822,NA
"2158","max.4.rSigma.L3","rSigma","2","L3","4",3.12963295134065,NA
"2159","range.4.rSigma.L3","rSigma","2","L3","4",0.39543368947243,NA
"2160","slope.4.rSigma.L3","rSigma","2","L3","4",-0.0504236784021955,NA
"2161","mean.4.rConnect.L3","rConnect","3","L3","4",0.418480898069543,NA
"2162","min.4.rConnect.L3","rConnect","3","L3","4",0.258870710538416,NA
"2163","max.4.rConnect.L3","rConnect","3","L3","4",0.549168607407661,NA
"2164","range.4.rConnect.L3","rConnect","3","L3","4",0.290297896869245,NA
"2165","slope.4.rConnect.L3","rConnect","3","L3","4",0.0169403686096458,NA
"2166","mean.4.rTau1.L3","rTau1","4","L3","4",1231.15290244211,NA
"2167","min.4.rTau1.L3","rTau1","4","L3","4",1002.79815728341,NA
"2168","max.4.rTau1.L3","rTau1","4","L3","4",1597.9065056427,NA
"2169","range.4.rTau1.L3","rTau1","4","L3","4",595.10834835929,NA
"2170","slope.4.rTau1.L3","rTau1","4","L3","4",-1.73732202883093,NA
"2171","mean.4.rTau2.L3","rTau2","5","L3","4",9841835.22519939,NA
"2172","min.4.rTau2.L3","rTau2","5","L3","4",4929270.29983108,NA
"2173","max.4.rTau2.L3","rTau2","5","L3","4",20362553.2084567,NA
"2174","range.4.rTau2.L3","rTau2","5","L3","4",15433282.9086256,NA
"2175","slope.4.rTau2.L3","rTau2","5","L3","4",1137907.46838982,NA
"2176","mean.4.rNPQ.L3","rNPQ","6","L3","4",0.286805371638855,NA
"2177","min.4.rNPQ.L3","rNPQ","6","L3","4",0.214945943672204,NA
"2178","max.4.rNPQ.L3","rNPQ","6","L3","4",0.364934788021751,NA
"2179","range.4.rNPQ.L3","rNPQ","6","L3","4",0.149988844349547,NA
"2180","slope.4.rNPQ.L3","rNPQ","6","L3","4",0.0243093880204667,NA
"2181","mean.4.rqP.L3","rqP","7","L3","4",0.57277095730132,NA
"2182","min.4.rqP.L3","rqP","7","L3","4",0.479428116842483,NA
"2183","max.4.rqP.L3","rqP","7","L3","4",0.666304808890083,NA
"2184","range.4.rqP.L3","rqP","7","L3","4",0.1868766920476,NA
"2185","slope.4.rqP.L3","rqP","7","L3","4",0.0305829173122184,NA
"2186","mean.4.rABQ.L3","rABQ","8","L3","4",0.226539452287768,NA
"2187","min.4.rABQ.L3","rABQ","8","L3","4",0.17511238425025,NA
"2188","max.4.rABQ.L3","rABQ","8","L3","4",0.279338137994412,NA
"2189","range.4.rABQ.L3","rABQ","8","L3","4",0.104225753744162,NA
"2190","slope.4.rABQ.L3","rABQ","8","L3","4",0.0132903342025146,NA
"2191","mean.4.rqm.L3","rqm","9","L3","4",0.86434929352694,NA
"2192","min.4.rqm.L3","rqm","9","L3","4",0.859489056944332,NA
"2193","max.4.rqm.L3","rqm","9","L3","4",0.86733356910596,NA
"2194","range.4.rqm.L3","rqm","9","L3","4",0.00784451216162807,NA
"2195","slope.4.rqm.L3","rqm","9","L3","4",0.000145157892596293,NA
"2196","mean.1.rQuant.R1","rQuant","1","R1","1",0.215648866428779,NA
"2197","min.1.rQuant.R1","rQuant","1","R1","1",0.203648993622158,NA
"2198","max.1.rQuant.R1","rQuant","1","R1","1",0.227770293567936,NA
"2199","range.1.rQuant.R1","rQuant","1","R1","1",0.024121299945778,NA
"2200","slope.1.rQuant.R1","rQuant","1","R1","1",0.00574701653138791,NA
"2201","mean.1.rSigma.R1","rSigma","2","R1","1",5.41541598407847,NA
"2202","min.1.rSigma.R1","rSigma","2","R1","1",5.12729401624051,NA
"2203","max.1.rSigma.R1","rSigma","2","R1","1",5.6360929687836,NA
"2204","range.1.rSigma.R1","rSigma","2","R1","1",0.508798952543089,NA
"2205","slope.1.rSigma.R1","rSigma","2","R1","1",0.0851522087936037,NA
"2206","mean.1.rConnect.R1","rConnect","3","R1","1",0.186060977779934,NA
"2207","min.1.rConnect.R1","rConnect","3","R1","1",0.168848808798011,NA
"2208","max.1.rConnect.R1","rConnect","3","R1","1",0.215783594029992,NA
"2209","range.1.rConnect.R1","rConnect","3","R1","1",0.046934785231981,NA
"2210","slope.1.rConnect.R1","rConnect","3","R1","1",0.0032489071128825,NA
"2211","mean.1.rTau1.R1","rTau1","4","R1","1",1886.25130385371,NA
"2212","min.1.rTau1.R1","rTau1","4","R1","1",1812.14967558641,NA
"2213","max.1.rTau1.R1","rTau1","4","R1","1",1960.48060194527,NA
"2214","range.1.rTau1.R1","rTau1","4","R1","1",148.33092635886,NA
"2215","slope.1.rTau1.R1","rTau1","4","R1","1",22.6739262420061,NA
"2216","mean.1.rTau2.R1","rTau2","5","R1","1",1636994.18502611,NA
"2217","min.1.rTau2.R1","rTau2","5","R1","1",1541275.40166856,NA
"2218","max.1.rTau2.R1","rTau2","5","R1","1",1703441.99451905,NA
"2219","range.1.rTau2.R1","rTau2","5","R1","1",162166.59285049,NA
"2220","slope.1.rTau2.R1","rTau2","5","R1","1",-32612.5936220469,NA
"2221","mean.1.rNPQ.R1","rNPQ","6","R1","1",0.340794043627835,NA
"2222","min.1.rNPQ.R1","rNPQ","6","R1","1",0.306046032357492,NA
"2223","max.1.rNPQ.R1","rNPQ","6","R1","1",0.402066143279091,NA
"2224","range.1.rNPQ.R1","rNPQ","6","R1","1",0.096020110921599,NA
"2225","slope.1.rNPQ.R1","rNPQ","6","R1","1",-0.0221152305671569,NA
"2226","mean.1.rqP.R1","rqP","7","R1","1",0.960127255983367,NA
"2227","min.1.rqP.R1","rqP","7","R1","1",0.94549050212274,NA
"2228","max.1.rqP.R1","rqP","7","R1","1",1,NA
"2229","range.1.rqP.R1","rqP","7","R1","1",0.05450949787726,NA
"2230","slope.1.rqP.R1","rqP","7","R1","1",-0.0121481356138285,NA
"2231","mean.1.rABQ.R1","rABQ","8","R1","1",-0.141530718128447,NA
"2232","min.1.rABQ.R1","rABQ","8","R1","1",-0.188047838431946,NA
"2233","max.1.rABQ.R1","rABQ","8","R1","1",-0.0807966807393292,NA
"2234","range.1.rABQ.R1","rABQ","8","R1","1",0.107251157692617,NA
"2235","slope.1.rABQ.R1","rABQ","8","R1","1",-0.0179494728272345,NA
"2236","mean.1.rqm.R1","rqm","9","R1","1",0.446239661969874,NA
"2237","min.1.rqm.R1","rqm","9","R1","1",0.415113295756379,NA
"2238","max.1.rqm.R1","rqm","9","R1","1",0.477053891285138,NA
"2239","range.1.rqm.R1","rqm","9","R1","1",0.061940595528759,NA
"2240","slope.1.rqm.R1","rqm","9","R1","1",-0.0147576468626474,NA
"2241","mean.2.rQuant.R1","rQuant","1","R1","2",0.206088936553322,NA
"2242","min.2.rQuant.R1","rQuant","1","R1","2",0.192988980189568,NA
"2243","max.2.rQuant.R1","rQuant","1","R1","2",0.217573587774912,NA
"2244","range.2.rQuant.R1","rQuant","1","R1","2",0.024584607585344,NA
"2245","slope.2.rQuant.R1","rQuant","1","R1","2",0.0056341448012785,NA
"2246","mean.2.rSigma.R1","rSigma","2","R1","2",5.4338715157107,NA
"2247","min.2.rSigma.R1","rSigma","2","R1","2",5.33663842186583,NA
"2248","max.2.rSigma.R1","rSigma","2","R1","2",5.56203904616204,NA
"2249","range.2.rSigma.R1","rSigma","2","R1","2",0.22540062429621,NA
"2250","slope.2.rSigma.R1","rSigma","2","R1","2",0.0252465422615481,NA
"2251","mean.2.rConnect.R1","rConnect","3","R1","2",0.210560401471822,NA
"2252","min.2.rConnect.R1","rConnect","3","R1","2",0.173115794098704,NA
"2253","max.2.rConnect.R1","rConnect","3","R1","2",0.237785770544043,NA
"2254","range.2.rConnect.R1","rConnect","3","R1","2",0.064669976445339,NA
"2255","slope.2.rConnect.R1","rConnect","3","R1","2",-0.00630776152950659,NA
"2256","mean.2.rTau1.R1","rTau1","4","R1","2",1970.29544363822,NA
"2257","min.2.rTau1.R1","rTau1","4","R1","2",1960.88716126095,NA
"2258","max.2.rTau1.R1","rTau1","4","R1","2",1988.17138981784,NA
"2259","range.2.rTau1.R1","rTau1","4","R1","2",27.28422855689,NA
"2260","slope.2.rTau1.R1","rTau1","4","R1","2",3.48648547251,NA
"2261","mean.2.rTau2.R1","rTau2","5","R1","2",1596854.78583249,NA
"2262","min.2.rTau2.R1","rTau2","5","R1","2",1448701.57049119,NA
"2263","max.2.rTau2.R1","rTau2","5","R1","2",1726174.21682568,NA
"2264","range.2.rTau2.R1","rTau2","5","R1","2",277472.64633449,NA
"2265","slope.2.rTau2.R1","rTau2","5","R1","2",-76772.2796641172,NA
"2266","mean.2.rNPQ.R1","rNPQ","6","R1","2",0.394187048622446,NA
"2267","min.2.rNPQ.R1","rNPQ","6","R1","2",0.357442557794713,NA
"2268","max.2.rNPQ.R1","rNPQ","6","R1","2",0.461017101086528,NA
"2269","range.2.rNPQ.R1","rNPQ","6","R1","2",0.103574543291815,NA
"2270","slope.2.rNPQ.R1","rNPQ","6","R1","2",-0.0238688647680421,NA
"2271","mean.2.rqP.R1","rqP","7","R1","2",0.961311884491414,NA
"2272","min.2.rqP.R1","rqP","7","R1","2",0.946307083693858,NA
"2273","max.2.rqP.R1","rqP","7","R1","2",1,NA
"2274","range.2.rqP.R1","rqP","7","R1","2",0.053692916306142,NA
"2275","slope.2.rqP.R1","rqP","7","R1","2",-0.0124899837015027,NA
"2276","mean.2.rABQ.R1","rABQ","8","R1","2",-0.145152031925077,NA
"2277","min.2.rABQ.R1","rABQ","8","R1","2",-0.172162480644524,NA
"2278","max.2.rABQ.R1","rABQ","8","R1","2",-0.124660808556088,NA
"2279","range.2.rABQ.R1","rABQ","8","R1","2",0.047501672088436,NA
"2280","slope.2.rABQ.R1","rABQ","8","R1","2",-0.005320539708439,NA
"2281","mean.2.rqm.R1","rqm","9","R1","2",0.435712905590435,NA
"2282","min.2.rqm.R1","rqm","9","R1","2",0.404267061982708,NA
"2283","max.2.rqm.R1","rqm","9","R1","2",0.471581576839957,NA
"2284","range.2.rqm.R1","rqm","9","R1","2",0.067314514857249,NA
"2285","slope.2.rqm.R1","rqm","9","R1","2",-0.0154267145658914,NA
"2286","mean.3.rQuant.R1","rQuant","1","R1","3",0.209277774742951,NA
"2287","min.3.rQuant.R1","rQuant","1","R1","3",0.196480326956342,NA
"2288","max.3.rQuant.R1","rQuant","1","R1","3",0.21953040289092,NA
"2289","range.3.rQuant.R1","rQuant","1","R1","3",0.023050075934578,NA
"2290","slope.3.rQuant.R1","rQuant","1","R1","3",0.0053257600635981,NA
"2291","mean.3.rSigma.R1","rSigma","2","R1","3",5.03732968647739,NA
"2292","min.3.rSigma.R1","rSigma","2","R1","3",4.901114763531,NA
"2293","max.3.rSigma.R1","rSigma","2","R1","3",5.17065236941343,NA
"2294","range.3.rSigma.R1","rSigma","2","R1","3",0.26953760588243,NA
"2295","slope.3.rSigma.R1","rSigma","2","R1","3",0.0629453261590971,NA
"2296","mean.3.rConnect.R1","rConnect","3","R1","3",0.218322598312795,NA
"2297","min.3.rConnect.R1","rConnect","3","R1","3",0.186962616520747,NA
"2298","max.3.rConnect.R1","rConnect","3","R1","3",0.247708335061425,NA
"2299","range.3.rConnect.R1","rConnect","3","R1","3",0.060745718540678,NA
"2300","slope.3.rConnect.R1","rConnect","3","R1","3",0.0145101745744952,NA
"2301","mean.3.rTau1.R1","rTau1","4","R1","3",1802.27808357177,NA
"2302","min.3.rTau1.R1","rTau1","4","R1","3",1754.44196621075,NA
"2303","max.3.rTau1.R1","rTau1","4","R1","3",1938.9546049453,NA
"2304","range.3.rTau1.R1","rTau1","4","R1","3",184.51263873455,NA
"2305","slope.3.rTau1.R1","rTau1","4","R1","3",18.5562201631528,NA
"2306","mean.3.rTau2.R1","rTau2","5","R1","3",1527493.04370175,NA
"2307","min.3.rTau2.R1","rTau2","5","R1","3",1325151.62087729,NA
"2308","max.3.rTau2.R1","rTau2","5","R1","3",1727273.91053128,NA
"2309","range.3.rTau2.R1","rTau2","5","R1","3",402122.28965399,NA
"2310","slope.3.rTau2.R1","rTau2","5","R1","3",-81221.1932606442,NA
"2311","mean.3.rNPQ.R1","rNPQ","6","R1","3",0.410686258051494,NA
"2312","min.3.rNPQ.R1","rNPQ","6","R1","3",0.375475882522349,NA
"2313","max.3.rNPQ.R1","rNPQ","6","R1","3",0.473215106082826,NA
"2314","range.3.rNPQ.R1","rNPQ","6","R1","3",0.097739223560477,NA
"2315","slope.3.rNPQ.R1","rNPQ","6","R1","3",-0.0225218563569119,NA
"2316","mean.3.rqP.R1","rqP","7","R1","3",0.966342302106585,NA
"2317","min.3.rqP.R1","rqP","7","R1","3",0.951606499567984,NA
"2318","max.3.rqP.R1","rqP","7","R1","3",1,NA
"2319","range.3.rqP.R1","rqP","7","R1","3",0.048393500432016,NA
"2320","slope.3.rqP.R1","rqP","7","R1","3",-0.011179869692797,NA
"2321","mean.3.rABQ.R1","rABQ","8","R1","3",-0.150560109946559,NA
"2322","min.3.rABQ.R1","rABQ","8","R1","3",-0.181011910857873,NA
"2323","max.3.rABQ.R1","rABQ","8","R1","3",-0.11944770188991,NA
"2324","range.3.rABQ.R1","rABQ","8","R1","3",0.061564208967963,NA
"2325","slope.3.rABQ.R1","rABQ","8","R1","3",-0.014377137470404,NA
"2326","mean.3.rqm.R1","rqm","9","R1","3",0.438066477221965,NA
"2327","min.3.rqm.R1","rqm","9","R1","3",0.410537058677651,NA
"2328","max.3.rqm.R1","rqm","9","R1","3",0.472429012498966,NA
"2329","range.3.rqm.R1","rqm","9","R1","3",0.061891953821315,NA
"2330","slope.3.rqm.R1","rqm","9","R1","3",-0.0143002433855389,NA
"2331","mean.4.rQuant.R1","rQuant","1","R1","4",0.217336369015843,NA
"2332","min.4.rQuant.R1","rQuant","1","R1","4",0.199878436344089,NA
"2333","max.4.rQuant.R1","rQuant","1","R1","4",0.230304610821809,NA
"2334","range.4.rQuant.R1","rQuant","1","R1","4",0.03042617447772,NA
"2335","slope.4.rQuant.R1","rQuant","1","R1","4",0.0069833600119542,NA
"2336","mean.4.rSigma.R1","rSigma","2","R1","4",4.59590430372463,NA
"2337","min.4.rSigma.R1","rSigma","2","R1","4",4.35761272595639,NA
"2338","max.4.rSigma.R1","rSigma","2","R1","4",4.77596707720097,NA
"2339","range.4.rSigma.R1","rSigma","2","R1","4",0.41835435124458,NA
"2340","slope.4.rSigma.R1","rSigma","2","R1","4",0.0873954166859619,NA
"2341","mean.4.rConnect.R1","rConnect","3","R1","4",0.285991142493448,NA
"2342","min.4.rConnect.R1","rConnect","3","R1","4",0.24974042022704,NA
"2343","max.4.rConnect.R1","rConnect","3","R1","4",0.316815924405871,NA
"2344","range.4.rConnect.R1","rConnect","3","R1","4",0.067075504178831,NA
"2345","slope.4.rConnect.R1","rConnect","3","R1","4",-0.00664714766170087,NA
"2346","mean.4.rTau1.R1","rTau1","4","R1","4",1249.36071146796,NA
"2347","min.4.rTau1.R1","rTau1","4","R1","4",1182.45195680997,NA
"2348","max.4.rTau1.R1","rTau1","4","R1","4",1344.53373840165,NA
"2349","range.4.rTau1.R1","rTau1","4","R1","4",162.08178159168,NA
"2350","slope.4.rTau1.R1","rTau1","4","R1","4",32.7639355615751,NA
"2351","mean.4.rTau2.R1","rTau2","5","R1","4",1561988.45914588,NA
"2352","min.4.rTau2.R1","rTau2","5","R1","4",1423198.7058337,NA
"2353","max.4.rTau2.R1","rTau2","5","R1","4",1628978.06379884,NA
"2354","range.4.rTau2.R1","rTau2","5","R1","4",205779.35796514,NA
"2355","slope.4.rTau2.R1","rTau2","5","R1","4",43070.7425295291,NA
"2356","mean.4.rNPQ.R1","rNPQ","6","R1","4",0.402598801268238,NA
"2357","min.4.rNPQ.R1","rNPQ","6","R1","4",0.371172300453502,NA
"2358","max.4.rNPQ.R1","rNPQ","6","R1","4",0.467194144195341,NA
"2359","range.4.rNPQ.R1","rNPQ","6","R1","4",0.096021843741839,NA
"2360","slope.4.rNPQ.R1","rNPQ","6","R1","4",-0.0216731838495933,NA
"2361","mean.4.rqP.R1","rqP","7","R1","4",0.971798452314949,NA
"2362","min.4.rqP.R1","rqP","7","R1","4",0.96110875497839,NA
"2363","max.4.rqP.R1","rqP","7","R1","4",1,NA
"2364","range.4.rqP.R1","rqP","7","R1","4",0.03889124502161,NA
"2365","slope.4.rqP.R1","rqP","7","R1","4",-0.00780593554794573,NA
"2366","mean.4.rABQ.R1","rABQ","8","R1","4",-0.211357562454542,NA
"2367","min.4.rABQ.R1","rABQ","8","R1","4",-0.258817297895582,NA
"2368","max.4.rABQ.R1","rABQ","8","R1","4",-0.148550270195464,NA
"2369","range.4.rABQ.R1","rABQ","8","R1","4",0.110267027700118,NA
"2370","slope.4.rABQ.R1","rABQ","8","R1","4",-0.0230350964532942,NA
"2371","mean.4.rqm.R1","rqm","9","R1","4",0.406238424930364,NA
"2372","min.4.rqm.R1","rqm","9","R1","4",0.370809270962889,NA
"2373","max.4.rqm.R1","rqm","9","R1","4",0.453933385730434,NA
"2374","range.4.rqm.R1","rqm","9","R1","4",0.083124114767545,NA
"2375","slope.4.rqm.R1","rqm","9","R1","4",-0.0190784950478029,NA
"2376","mean.All.rQuant.All","rQuant","1","All","All",0.106272279230539,NA
"2377","min.All.rQuant.All","rQuant","1","All","All",0.0393960463438951,NA
"2378","max.All.rQuant.All","rQuant","1","All","All",0.389426348582313,NA
"2379","range.All.rQuant.All","rQuant","1","All","All",0.350030302238418,NA
"2380","slope.All.rQuant.All","rQuant","1","All","All",0.00258216577805459,NA
"2381","mean.All.rSigma.All","rSigma","2","All","All",3.92325315099035,NA
"2382","min.All.rSigma.All","rSigma","2","All","All",2.28172896507605,NA
"2383","max.All.rSigma.All","rSigma","2","All","All",5.6360929687836,NA
"2384","range.All.rSigma.All","rSigma","2","All","All",3.35436400370755,NA
"2385","slope.All.rSigma.All","rSigma","2","All","All",0.0537796612596089,NA
"2386","mean.All.rConnect.All","rConnect","3","All","All",0.301938422372592,NA
"2387","min.All.rConnect.All","rConnect","3","All","All",0.0877998913255445,NA
"2388","max.All.rConnect.All","rConnect","3","All","All",0.619853521140772,NA
"2389","range.All.rConnect.All","rConnect","3","All","All",0.532053629815227,NA
"2390","slope.All.rConnect.All","rConnect","3","All","All",-0.00579253812226475,NA
"2391","mean.All.rTau1.All","rTau1","4","All","All",1733.31416565832,NA
"2392","min.All.rTau1.All","rTau1","4","All","All",670.92163077413,NA
"2393","max.All.rTau1.All","rTau1","4","All","All",7186.09102202122,NA
"2394","range.All.rTau1.All","rTau1","4","All","All",6515.16939124709,NA
"2395","slope.All.rTau1.All","rTau1","4","All","All",-18.7390470038238,NA
"2396","mean.All.rTau2.All","rTau2","5","All","All",5697028.54629697,NA
"2397","min.All.rTau2.All","rTau2","5","All","All",775727.541602975,NA
"2398","max.All.rTau2.All","rTau2","5","All","All",20362553.2084567,NA
"2399","range.All.rTau2.All","rTau2","5","All","All",19586825.6668537,NA
"2400","slope.All.rTau2.All","rTau2","5","All","All",-29147.5704969463,NA
"2401","mean.All.rNPQ.All","rNPQ","6","All","All",0.291704600058,NA
"2402","min.All.rNPQ.All","rNPQ","6","All","All",0.0797520681877369,NA
"2403","max.All.rNPQ.All","rNPQ","6","All","All",0.910207967809782,NA
"2404","range.All.rNPQ.All","rNPQ","6","All","All",0.830455899622045,NA
"2405","slope.All.rNPQ.All","rNPQ","6","All","All",0.00283821072551285,NA
"2406","mean.All.rqP.All","rqP","7","All","All",0.661577172797071,NA
"2407","min.All.rqP.All","rqP","7","All","All",0.258902761123279,NA
"2408","max.All.rqP.All","rqP","7","All","All",1.53548912052482,NA
"2409","range.All.rqP.All","rqP","7","All","All",1.27658635940154,NA
"2410","slope.All.rqP.All","rqP","7","All","All",0.0116051230061919,NA
"2411","mean.All.rABQ.All","rABQ","8","All","All",0.109288455916609,NA
"2412","min.All.rABQ.All","rABQ","8","All","All",-0.258817297895582,NA
"2413","max.All.rABQ.All","rABQ","8","All","All",0.422538874637994,NA
"2414","range.All.rABQ.All","rABQ","8","All","All",0.681356172533576,NA
"2415","slope.All.rABQ.All","rABQ","8","All","All",-0.0121777021895085,NA
"2416","mean.All.rqm.All","rqm","9","All","All",0.715146610809543,NA
"2417","min.All.rqm.All","rqm","9","All","All",0,NA
"2418","max.All.rqm.All","rqm","9","All","All",0.894669755311656,NA
"2419","range.All.rqm.All","rqm","9","All","All",0.894669755311656,NA
"2420","slope.All.rqm.All","rqm","9","All","All",-0.00692440350424355,NA
"2421","mean.All.rQuant.L1","rQuant","1","L1","All",0.0465125655771465,NA
"2422","min.All.rQuant.L1","rQuant","1","L1","All",0.0393960463438951,NA
"2423","max.All.rQuant.L1","rQuant","1","L1","All",0.0587311644187523,NA
"2424","range.All.rQuant.L1","rQuant","1","L1","All",0.0193351180748572,NA
"2425","slope.All.rQuant.L1","rQuant","1","L1","All",0.00120609822451901,NA
"2426","mean.All.rSigma.L1","rSigma","2","L1","All",3.14299710621674,NA
"2427","min.All.rSigma.L1","rSigma","2","L1","All",2.28172896507605,NA
"2428","max.All.rSigma.L1","rSigma","2","L1","All",3.94840602798966,NA
"2429","range.All.rSigma.L1","rSigma","2","L1","All",1.66667706291361,NA
"2430","slope.All.rSigma.L1","rSigma","2","L1","All",0.16929443974576,NA
"2431","mean.All.rConnect.L1","rConnect","3","L1","All",0.39079002459784,NA
"2432","min.All.rConnect.L1","rConnect","3","L1","All",0.131651994722427,NA
"2433","max.All.rConnect.L1","rConnect","3","L1","All",0.619853521140772,NA
"2434","range.All.rConnect.L1","rConnect","3","L1","All",0.488201526418345,NA
"2435","slope.All.rConnect.L1","rConnect","3","L1","All",-0.0375248095265686,NA
"2436","mean.All.rTau1.L1","rTau1","4","L1","All",2128.1751827106,NA
"2437","min.All.rTau1.L1","rTau1","4","L1","All",819.718558403748,NA
"2438","max.All.rTau1.L1","rTau1","4","L1","All",7186.09102202122,NA
"2439","range.All.rTau1.L1","rTau1","4","L1","All",6366.37246361747,NA
"2440","slope.All.rTau1.L1","rTau1","4","L1","All",-273.887575493787,NA
"2441","mean.All.rTau2.L1","rTau2","5","L1","All",6887582.33712029,NA
"2442","min.All.rTau2.L1","rTau2","5","L1","All",3040044.61881774,NA
"2443","max.All.rTau2.L1","rTau2","5","L1","All",14593463.5017761,NA
"2444","range.All.rTau2.L1","rTau2","5","L1","All",11553418.8829584,NA
"2445","slope.All.rTau2.L1","rTau2","5","L1","All",1171506.42113016,NA
"2446","mean.All.rNPQ.L1","rNPQ","6","L1","All",0.180759914248805,NA
"2447","min.All.rNPQ.L1","rNPQ","6","L1","All",0.0797520681877369,NA
"2448","max.All.rNPQ.L1","rNPQ","6","L1","All",0.27486671538051,NA
"2449","range.All.rNPQ.L1","rNPQ","6","L1","All",0.195114647192773,NA
"2450","slope.All.rNPQ.L1","rNPQ","6","L1","All",0.0234087495964361,NA
"2451","mean.All.rqP.L1","rqP","7","L1","All",0.425614641055862,NA
"2452","min.All.rqP.L1","rqP","7","L1","All",0.258902761123279,NA
"2453","max.All.rqP.L1","rqP","7","L1","All",0.572036423585998,NA
"2454","range.All.rqP.L1","rqP","7","L1","All",0.313133662462719,NA
"2455","slope.All.rqP.L1","rqP","7","L1","All",0.0377425798365684,NA
"2456","mean.All.rABQ.L1","rABQ","8","L1","All",0.285316968790576,NA
"2457","min.All.rABQ.L1","rABQ","8","L1","All",0.122292559871531,NA
"2458","max.All.rABQ.L1","rABQ","8","L1","All",0.422538874637994,NA
"2459","range.All.rABQ.L1","rABQ","8","L1","All",0.300246314766463,NA
"2460","slope.All.rABQ.L1","rABQ","8","L1","All",-0.0381939196429449,NA
"2461","mean.All.rqm.L1","rqm","9","L1","All",0.875322674456709,NA
"2462","min.All.rqm.L1","rqm","9","L1","All",0.83954683310086,NA
"2463","max.All.rqm.L1","rqm","9","L1","All",0.894669755311656,NA
"2464","range.All.rqm.L1","rqm","9","L1","All",0.0551229222107961,NA
"2465","slope.All.rqm.L1","rqm","9","L1","All",-0.00326170881389677,NA
"2466","mean.All.rQuant.L2","rQuant","1","L2","All",0.111087907803261,NA
"2467","min.All.rQuant.L2","rQuant","1","L2","All",0.0867542620455788,NA
"2468","max.All.rQuant.L2","rQuant","1","L2","All",0.130872079212284,NA
"2469","range.All.rQuant.L2","rQuant","1","L2","All",0.0441178171667052,NA
"2470","slope.All.rQuant.L2","rQuant","1","L2","All",0.00723728752790341,NA
"2471","mean.All.rSigma.L2","rSigma","2","L2","All",4.51151736974189,NA
"2472","min.All.rSigma.L2","rSigma","2","L2","All",3.71199261529301,NA
"2473","max.All.rSigma.L2","rSigma","2","L2","All",4.98846200045639,NA
"2474","range.All.rSigma.L2","rSigma","2","L2","All",1.27646938516338,NA
"2475","slope.All.rSigma.L2","rSigma","2","L2","All",0.0201802179308188,NA
"2476","mean.All.rConnect.L2","rConnect","3","L2","All",0.216385096210901,NA
"2477","min.All.rConnect.L2","rConnect","3","L2","All",0.0877998913255445,NA
"2478","max.All.rConnect.L2","rConnect","3","L2","All",0.336244263536817,NA
"2479","range.All.rConnect.L2","rConnect","3","L2","All",0.248444372211273,NA
"2480","slope.All.rConnect.L2","rConnect","3","L2","All",0.0017503592203755,NA
"2481","mean.All.rTau1.L2","rTau1","4","L2","All",1756.89186562366,NA
"2482","min.All.rTau1.L2","rTau1","4","L2","All",1331.04028309931,NA
"2483","max.All.rTau1.L2","rTau1","4","L2","All",2078.11550570878,NA
"2484","range.All.rTau1.L2","rTau1","4","L2","All",747.07522260947,NA
"2485","slope.All.rTau1.L2","rTau1","4","L2","All",2.60969449672015,NA
"2486","mean.All.rTau2.L2","rTau2","5","L2","All",4036840.21021497,NA
"2487","min.All.rTau2.L2","rTau2","5","L2","All",3281530.48384597,NA
"2488","max.All.rTau2.L2","rTau2","5","L2","All",5974605.73288177,NA
"2489","range.All.rTau2.L2","rTau2","5","L2","All",2693075.2490358,NA
"2490","slope.All.rTau2.L2","rTau2","5","L2","All",-199525.256933264,NA
"2491","mean.All.rNPQ.L2","rNPQ","6","L2","All",0.268694656758184,NA
"2492","min.All.rNPQ.L2","rNPQ","6","L2","All",0.202853305751839,NA
"2493","max.All.rNPQ.L2","rNPQ","6","L2","All",0.315276952887547,NA
"2494","range.All.rNPQ.L2","rNPQ","6","L2","All",0.112423647135708,NA
"2495","slope.All.rNPQ.L2","rNPQ","6","L2","All",-0.00820653869230017,NA
"2496","mean.All.rqP.L2","rqP","7","L2","All",0.66819654291093,NA
"2497","min.All.rqP.L2","rqP","7","L2","All",0.622191777822482,NA
"2498","max.All.rqP.L2","rqP","7","L2","All",0.696291654100908,NA
"2499","range.All.rqP.L2","rqP","7","L2","All",0.074099876278426,NA
"2500","slope.All.rqP.L2","rqP","7","L2","All",0.00262428300156021,NA
"2501","mean.All.rABQ.L2","rABQ","8","L2","All",-0.0237959446149568,NA
"2502","min.All.rABQ.L2","rABQ","8","L2","All",-0.0946147363257892,NA
"2503","max.All.rABQ.L2","rABQ","8","L2","All",0.0494856974073893,NA
"2504","range.All.rABQ.L2","rABQ","8","L2","All",0.144100433733178,NA
"2505","slope.All.rABQ.L2","rABQ","8","L2","All",-0.00545322904436056,NA
"2506","mean.All.rqm.L2","rqm","9","L2","All",0.702136726090344,NA
"2507","min.All.rqm.L2","rqm","9","L2","All",0.645772647206345,NA
"2508","max.All.rqm.L2","rqm","9","L2","All",0.777225494984088,NA
"2509","range.All.rqm.L2","rqm","9","L2","All",0.131452847777743,NA
"2510","slope.All.rqm.L2","rqm","9","L2","All",-0.0193706109513199,NA
"2511","mean.All.rQuant.L3","rQuant","1","L3","All",0.0481782795560025,NA
"2512","min.All.rQuant.L3","rQuant","1","L3","All",0.0428744847860607,NA
"2513","max.All.rQuant.L3","rQuant","1","L3","All",0.0568915146814166,NA
"2514","range.All.rQuant.L3","rQuant","1","L3","All",0.0140170298953559,NA
"2515","slope.All.rQuant.L3","rQuant","1","L3","All",0.000181290421454717,NA
"2516","mean.All.rSigma.L3","rSigma","2","L3","All",3.2737183770615,NA
"2517","min.All.rSigma.L3","rSigma","2","L3","All",2.73419926186822,NA
"2518","max.All.rSigma.L3","rSigma","2","L3","All",3.73707000870727,NA
"2519","range.All.rSigma.L3","rSigma","2","L3","All",1.00287074683905,NA
"2520","slope.All.rSigma.L3","rSigma","2","L3","All",-0.0293372899158107,NA
"2521","mean.All.rConnect.L3","rConnect","3","L3","All",0.33731322947276,NA
"2522","min.All.rConnect.L3","rConnect","3","L3","All",0.161090769387057,NA
"2523","max.All.rConnect.L3","rConnect","3","L3","All",0.549168607407661,NA
"2524","range.All.rConnect.L3","rConnect","3","L3","All",0.388077838020604,NA
"2525","slope.All.rConnect.L3","rConnect","3","L3","All",-0.00261473001047749,NA
"2526","mean.All.rTau1.L3","rTau1","4","L3","All",1462.34845140107,NA
"2527","min.All.rTau1.L3","rTau1","4","L3","All",1002.79815728341,NA
"2528","max.All.rTau1.L3","rTau1","4","L3","All",2501.82144905044,NA
"2529","range.All.rTau1.L3","rTau1","4","L3","All",1499.02329176703,NA
"2530","slope.All.rTau1.L3","rTau1","4","L3","All",-36.2876066448203,NA
"2531","mean.All.rTau2.L3","rTau2","5","L3","All",9565701.03525149,NA
"2532","min.All.rTau2.L3","rTau2","5","L3","All",4929270.29983108,NA
"2533","max.All.rTau2.L3","rTau2","5","L3","All",20362553.2084567,NA
"2534","range.All.rTau2.L3","rTau2","5","L3","All",15433282.9086256,NA
"2535","slope.All.rTau2.L3","rTau2","5","L3","All",251703.683480403,NA
"2536","mean.All.rNPQ.L3","rNPQ","6","L3","All",0.270220535161561,NA
"2537","min.All.rNPQ.L3","rNPQ","6","L3","All",0.15266094903048,NA
"2538","max.All.rNPQ.L3","rNPQ","6","L3","All",0.369097200074516,NA
"2539","range.All.rNPQ.L3","rNPQ","6","L3","All",0.216436251044036,NA
"2540","slope.All.rNPQ.L3","rNPQ","6","L3","All",0.0240176610022899,NA
"2541","mean.All.rqP.L3","rqP","7","L3","All",0.556710947035525,NA
"2542","min.All.rqP.L3","rqP","7","L3","All",0.406099726651256,NA
"2543","max.All.rqP.L3","rqP","7","L3","All",0.67582788472223,NA
"2544","range.All.rqP.L3","rqP","7","L3","All",0.269728158070974,NA
"2545","slope.All.rqP.L3","rqP","7","L3","All",0.0320386526810889,NA
"2546","mean.All.rABQ.L3","rABQ","8","L3","All",0.25682960972226,NA
"2547","min.All.rABQ.L3","rABQ","8","L3","All",0.17511238425025,NA
"2548","max.All.rABQ.L3","rABQ","8","L3","All",0.370113702262713,NA
"2549","range.All.rABQ.L3","rABQ","8","L3","All",0.195001318012463,NA
"2550","slope.All.rABQ.L3","rABQ","8","L3","All",0.0069569010254981,NA
"2551","mean.All.rqm.L3","rqm","9","L3","All",0.870844423738326,NA
"2552","min.All.rqm.L3","rqm","9","L3","All",0.847240112810003,NA
"2553","max.All.rqm.L3","rqm","9","L3","All",0.88387507954649,NA
"2554","range.All.rqm.L3","rqm","9","L3","All",0.036634966736487,NA
"2555","slope.All.rqm.L3","rqm","9","L3","All",-0.000500800358919257,NA
"2556","mean.All.rQuant.R1","rQuant","1","R1","All",0.212087986685224,NA
"2557","min.All.rQuant.R1","rQuant","1","R1","All",0.192988980189568,NA
"2558","max.All.rQuant.R1","rQuant","1","R1","All",0.230304610821809,NA
"2559","range.All.rQuant.R1","rQuant","1","R1","All",0.037315630632241,NA
"2560","slope.All.rQuant.R1","rQuant","1","R1","All",0.00592257035205467,NA
"2561","mean.All.rSigma.R1","rSigma","2","R1","All",5.1206303724978,NA
"2562","min.All.rSigma.R1","rSigma","2","R1","All",4.35761272595639,NA
"2563","max.All.rSigma.R1","rSigma","2","R1","All",5.6360929687836,NA
"2564","range.All.rSigma.R1","rSigma","2","R1","All",1.27848024282721,NA
"2565","slope.All.rSigma.R1","rSigma","2","R1","All",0.065184873475053,NA
"2566","mean.All.rConnect.R1","rConnect","3","R1","All",0.2252337800145,NA
"2567","min.All.rConnect.R1","rConnect","3","R1","All",0.168848808798011,NA
"2568","max.All.rConnect.R1","rConnect","3","R1","All",0.316815924405871,NA
"2569","range.All.rConnect.R1","rConnect","3","R1","All",0.14796711560786,NA
"2570","slope.All.rConnect.R1","rConnect","3","R1","All",0.00120104312404255,NA
"2571","mean.All.rTau1.R1","rTau1","4","R1","All",1727.04638563292,NA
"2572","min.All.rTau1.R1","rTau1","4","R1","All",1182.45195680997,NA
"2573","max.All.rTau1.R1","rTau1","4","R1","All",1988.17138981784,NA
"2574","range.All.rTau1.R1","rTau1","4","R1","All",805.71943300787,NA
"2575","slope.All.rTau1.R1","rTau1","4","R1","All",19.370141859811,NA
"2576","mean.All.rTau2.R1","rTau2","5","R1","All",1580832.61842656,NA
"2577","min.All.rTau2.R1","rTau2","5","R1","All",1325151.62087729,NA
"2578","max.All.rTau2.R1","rTau2","5","R1","All",1727273.91053128,NA
"2579","range.All.rTau2.R1","rTau2","5","R1","All",402122.28965399,NA
"2580","slope.All.rTau2.R1","rTau2","5","R1","All",-36883.8310043198,NA
"2581","mean.All.rNPQ.R1","rNPQ","6","R1","All",0.387066537892504,NA
"2582","min.All.rNPQ.R1","rNPQ","6","R1","All",0.306046032357492,NA
"2583","max.All.rNPQ.R1","rNPQ","6","R1","All",0.473215106082826,NA
"2584","range.All.rNPQ.R1","rNPQ","6","R1","All",0.167169073725334,NA
"2585","slope.All.rNPQ.R1","rNPQ","6","R1","All",-0.0225447838854261,NA
"2586","mean.All.rqP.R1","rqP","7","R1","All",0.964894973724079,NA
"2587","min.All.rqP.R1","rqP","7","R1","All",0.94549050212274,NA
"2588","max.All.rqP.R1","rqP","7","R1","All",1,NA
"2589","range.All.rqP.R1","rqP","7","R1","All",0.05450949787726,NA
"2590","slope.All.rqP.R1","rqP","7","R1","All",-0.0109059811390185,NA
"2591","mean.All.rABQ.R1","rABQ","8","R1","All",-0.162150105613656,NA
"2592","min.All.rABQ.R1","rABQ","8","R1","All",-0.258817297895582,NA
"2593","max.All.rABQ.R1","rABQ","8","R1","All",-0.0807966807393292,NA
"2594","range.All.rABQ.R1","rABQ","8","R1","All",0.178020617156253,NA
"2595","slope.All.rABQ.R1","rABQ","8","R1","All",-0.0151705616148429,NA
"2596","mean.All.rqm.R1","rqm","9","R1","All",0.431564367428159,NA
"2597","min.All.rqm.R1","rqm","9","R1","All",0.370809270962889,NA
"2598","max.All.rqm.R1","rqm","9","R1","All",0.477053891285138,NA
"2599","range.All.rqm.R1","rqm","9","R1","All",0.106244620322249,NA
"2600","slope.All.rqm.R1","rqm","9","R1","All",-0.0158907749654702,NA
"2601","DCompL1.qQuant.1","qQuant","99","99","1",0.858253654626357,NA
"2602","DCompL12.qQuant.1","qQuant","99","99","1",0.867411989016696,NA
"2603","DCompL2.qQuant.1","qQuant","99","99","1",0.777225494984088,NA
"2604","DCompL22.qQuant.1","qQuant","99","99","1",0.671687959721078,NA
"2605","DCompL3.qQuant.1","qQuant","99","99","1",0.872726249597109,NA
"2606","DCompL32.qQuant.1","qQuant","99","99","1",0.88387507954649,NA
"2607","DCompR1.qQuant.1","qQuant","99","99","1",0.477053891285138,NA
"2608","DCompR12.qQuant.1","qQuant","99","99","1",0.415113295756381,NA
"2609","L1CompL2.qQuant.1","qQuant","99","99","1",-0.571641966702422,NA
"2610","L1CompL22.qQuant.1","qQuant","99","99","1",-1.31619403952528,NA
"2611","L1CompL3.qQuant.1","qQuant","99","99","1",0.102102067835339,NA
"2612","L1CompL32.qQuant.1","qQuant","99","99","1",0.180755453359975,NA
"2613","L1CompR1.qQuant.1","qQuant","99","99","1",-2.68930928932509,NA
"2614","L1CompR12.qQuant.1","qQuant","99","99","1",-3.12629124724071,NA
"2615","L12CompL2.qQuant.1","qQuant","99","99","1",-0.680200972650266,NA
"2616","L12CompL22.qQuant.1","qQuant","99","99","1",-1.4761819552468,NA
"2617","L12CompL3.qQuant.1","qQuant","99","99","1",0.0400810038630268,NA
"2618","L12CompL32.qQuant.1","qQuant","99","99","1",0.124167263749565,NA
"2619","L12CompR1.qQuant.1","qQuant","99","99","1",-2.94414325123794,NA
"2620","L12CompR12.qQuant.1","qQuant","99","99","1",-3.41130913651966,NA
"2621","L2CompL3.qQuant.1","qQuant","99","99","1",0.428687989257116,NA
"2622","L2CompL32.qQuant.1","qQuant","99","99","1",0.478733347672725,NA
"2623","L2CompR1.qQuant.1","qQuant","99","99","1",-1.34742350197349,NA
"2624","L2CompR12.qQuant.1","qQuant","99","99","1",-1.62546517251533,NA
"2625","L22CompL3.qQuant.1","qQuant","99","99","1",0.612339071406689,NA
"2626","L22CompL32.qQuant.1","qQuant","99","99","1",0.64629710090786,NA
"2627","L22CompR1.qQuant.1","qQuant","99","99","1",-0.592832563407012,NA
"2628","L22CompR12.qQuant.1","qQuant","99","99","1",-0.781496358606649,NA
"2629","L3CompR1.qQuant.1","qQuant","99","99","1",-3.1088292523749,NA
"2630","L3CompR12.qQuant.1","qQuant","99","99","1",-3.59550144780154,NA
"2631","L32CompR1.qQuant.1","qQuant","99","99","1",-3.50330649676716,NA
"2632","L32CompR12.qQuant.1","qQuant","99","99","1",-4.03670273322405,NA
"2633","DCompL1.qSigma.1","qSigma","99","99","1",0.380495478864696,NA
"2634","DCompL12.qSigma.1","qSigma","99","99","1",0.16770442347455,NA
"2635","DCompL2.qSigma.1","qSigma","99","99","1",-0.0401726592067079,NA
"2636","DCompL22.qSigma.1","qSigma","99","99","1",-0.00463648809125203,NA
"2637","DCompL3.qSigma.1","qSigma","99","99","1",0.251818692382651,NA
"2638","DCompL32.qSigma.1","qSigma","99","99","1",0.225440686603491,NA
"2639","DCompR1.qSigma.1","qSigma","99","99","1",-0.0807966807393303,NA
"2640","DCompR12.qSigma.1","qSigma","99","99","1",-0.149271872614778,NA
"2641","L1CompL2.qSigma.1","qSigma","99","99","1",-0.679039657855098,NA
"2642","L1CompL22.qSigma.1","qSigma","99","99","1",-0.621677411248193,NA
"2643","L1CompL3.qSigma.1","qSigma","99","99","1",-0.207709196772659,NA
"2644","L1CompL32.qSigma.1","qSigma","99","99","1",-0.250288394953198,NA
"2645","L1CompR1.qSigma.1","qSigma","99","99","1",-0.744614678128033,NA
"2646","L1CompR12.qSigma.1","qSigma","99","99","1",-0.855146868837409,NA
"2647","L12CompL2.qSigma.1","qSigma","99","99","1",-0.249763531784073,NA
"2648","L12CompL22.qSigma.1","qSigma","99","99","1",-0.207066956050957,NA
"2649","L12CompL3.qSigma.1","qSigma","99","99","1",0.10106297724091,NA
"2650","L12CompL32.qSigma.1","qSigma","99","99","1",0.0693699026612283,NA
"2651","L12CompR1.qSigma.1","qSigma","99","99","1",-0.298573140627861,NA
"2652","L12CompR12.qSigma.1","qSigma","99","99","1",-0.380845825725274,NA
"2653","L2CompL3.qSigma.1","qSigma","99","99","1",0.280714311229875,NA
"2654","L2CompL32.qSigma.1","qSigma","99","99","1",0.255355054239524,NA
"2655","L2CompR1.qSigma.1","qSigma","99","99","1",-0.0390550753022142,NA
"2656","L2CompR12.qSigma.1","qSigma","99","99","1",-0.104885676856067,NA
"2657","L22CompL3.qSigma.1","qSigma","99","99","1",0.255271616663209,NA
"2658","L22CompL32.qSigma.1","qSigma","99","99","1",0.22901534776213,NA
"2659","L22CompR1.qSigma.1","qSigma","99","99","1",-0.0758087064832554,NA
"2660","L22CompR12.qSigma.1","qSigma","99","99","1",-0.143967879166249,NA
"2661","L3CompR1.qSigma.1","qSigma","99","99","1",-0.444565200621257,NA
"2662","L3CompR12.qSigma.1","qSigma","99","99","1",-0.536087390735193,NA
"2663","L32CompR1.qSigma.1","qSigma","99","99","1",-0.395369808413954,NA
"2664","L32CompR12.qSigma.1","qSigma","99","99","1",-0.48377516445464,NA
"2665","DCompL1.qConnect.1","qConnect","99","99","1",-0.267759263393456,NA
"2666","DCompL12.qConnect.1","qConnect","99","99","1",-0.142382656421967,NA
"2667","DCompL2.qConnect.1","qConnect","99","99","1",0.149966822973575,NA
"2668","DCompL22.qConnect.1","qConnect","99","99","1",0.500593260591521,NA
"2669","DCompL3.qConnect.1","qConnect","99","99","1",0.172710598522401,NA
"2670","DCompL32.qConnect.1","qConnect","99","99","1",-0.0706028257220561,NA
"2671","DCompR1.qConnect.1","qConnect","99","99","1",0.39555698057933,NA
"2672","DCompR12.qConnect.1","qConnect","99","99","1",0.418314614446787,NA
"2673","L1CompL2.qConnect.1","qConnect","99","99","1",0.329499533885391,NA
"2674","L1CompL22.qConnect.1","qConnect","99","99","1",0.606071315092031,NA
"2675","L1CompL3.qConnect.1","qConnect","99","99","1",0.347439671422187,NA
"2676","L1CompL32.qConnect.1","qConnect","99","99","1",0.155515675068833,NA
"2677","L1CompR1.qConnect.1","qConnect","99","99","1",0.523219402236718,NA
"2678","L1CompR12.qConnect.1","qConnect","99","99","1",0.541170471122258,NA
"2679","L12CompL2.qConnect.1","qConnect","99","99","1",0.25591204291494,NA
"2680","L12CompL22.qConnect.1","qConnect","99","99","1",0.562837603844004,NA
"2681","L12CompL3.qConnect.1","qConnect","99","99","1",0.275821112280595,NA
"2682","L12CompL32.qConnect.1","qConnect","99","99","1",0.0628334387749996,NA
"2683","L12CompR1.qConnect.1","qConnect","99","99","1",0.470892685543885,NA
"2684","L12CompR12.qConnect.1","qConnect","99","99","1",0.490813885974865,NA
"2685","L2CompL3.qConnect.1","qConnect","99","99","1",0.0267563386506725,NA
"2686","L2CompL32.qConnect.1","qConnect","99","99","1",-0.259483576237841,NA
"2687","L2CompR1.qConnect.1","qConnect","99","99","1",0.288918320182368,NA
"2688","L2CompR12.qConnect.1","qConnect","99","99","1",0.315690962100966,NA
"2689","L22CompL3.qConnect.1","qConnect","99","99","1",-0.656544327890889,NA
"2690","L22CompL32.qConnect.1","qConnect","99","99","1",-1.14374925534671,NA
"2691","L22CompR1.qConnect.1","qConnect","99","99","1",-0.210322111665134,NA
"2692","L22CompR12.qConnect.1","qConnect","99","99","1",-0.164752774946907,NA
"2693","L3CompR1.qConnect.1","qConnect","99","99","1",0.269369318232422,NA
"2694","L3CompR12.qConnect.1","qConnect","99","99","1",0.29687799152959,NA
"2695","L32CompR1.qConnect.1","qConnect","99","99","1",0.43541806083595,NA
"2696","L32CompR12.qConnect.1","qConnect","99","99","1",0.456674901674296,NA
"2697","DCompL1.qTau1.1","qTau1","99","99","1",-2.00595535710313,NA
"2698","DCompL12.qTau1.1","qTau1","99","99","1",-1.57819909417852,NA
"2699","DCompL2.qTau1.1","qTau1","99","99","1",-1.80611530428902,NA
"2700","DCompL22.qTau1.1","qTau1","99","99","1",-1.54281091708941,NA
"2701","DCompL3.qTau1.1","qTau1","99","99","1",-2.37825276674625,NA
"2702","DCompL32.qTau1.1","qTau1","99","99","1",-1.02143741616823,NA
"2703","DCompR1.qTau1.1","qTau1","99","99","1",-1.55340078870892,NA
"2704","DCompR12.qTau1.1","qTau1","99","99","1",-1.64727085947229,NA
"2705","L1CompL2.qTau1.1","qTau1","99","99","1",0.0664813774901481,NA
"2706","L1CompL22.qTau1.1","qTau1","99","99","1",0.15407562155549,NA
"2707","L1CompL3.qTau1.1","qTau1","99","99","1",-0.123853273057892,NA
"2708","L1CompL32.qTau1.1","qTau1","99","99","1",0.327522475877247,NA
"2709","L1CompR1.qTau1.1","qTau1","99","99","1",0.150552657851293,NA
"2710","L1CompR12.qTau1.1","qTau1","99","99","1",0.119324625624682,NA
"2711","L12CompL2.qTau1.1","qTau1","99","99","1",-0.0884013227004563,NA
"2712","L12CompL22.qTau1.1","qTau1","99","99","1",0.01372592875741,NA
"2713","L12CompL3.qTau1.1","qTau1","99","99","1",-0.310314930438935,NA
"2714","L12CompL32.qTau1.1","qTau1","99","99","1",0.215949838500616,NA
"2715","L12CompR1.qTau1.1","qTau1","99","99","1",0.00961846023668137,NA
"2716","L12CompR12.qTau1.1","qTau1","99","99","1",-0.0267907026457849,NA
"2717","L2CompL3.qTau1.1","qTau1","99","99","1",-0.203889505745807,NA
"2718","L2CompL32.qTau1.1","qTau1","99","99","1",0.279631377556525,NA
"2719","L2CompR1.qTau1.1","qTau1","99","99","1",0.0900584930326422,NA
"2720","L2CompR12.qTau1.1","qTau1","99","99","1",0.0566065280973823,NA
"2721","L22CompL3.qTau1.1","qTau1","99","99","1",-0.328550520230235,NA
"2722","L22CompL32.qTau1.1","qTau1","99","99","1",0.20503825015741,NA
"2723","L22CompR1.qTau1.1","qTau1","99","99","1",-0.00416463196234459,NA
"2724","L22CompR12.qTau1.1","qTau1","99","99","1",-0.041080499411435,NA
"2725","L3CompR1.qTau1.1","qTau1","99","99","1",0.244165263818251,NA
"2726","L3CompR12.qTau1.1","qTau1","99","99","1",0.216378689738484,NA
"2727","L32CompR1.qTau1.1","qTau1","99","99","1",-0.263160940964995,NA
"2728","L32CompR12.qTau1.1","qTau1","99","99","1",-0.309598228616131,NA
"2729","DCompL1.qTau2.1","qTau2","99","99","1",-6.00201037081605,NA
"2730","DCompL12.qTau2.1","qTau2","99","99","1",-17.8126148926206,NA
"2731","DCompL2.qTau2.1","qTau2","99","99","1",-6.70193839003802,NA
"2732","DCompL22.qTau2.1","qTau2","99","99","1",-3.65544655752085,NA
"2733","DCompL3.qTau2.1","qTau2","99","99","1",-18.9982982605475,NA
"2734","DCompL32.qTau2.1","qTau2","99","99","1",-17.4137499658871,NA
"2735","DCompR1.qTau2.1","qTau2","99","99","1",-1.16078738598014,NA
"2736","DCompR12.qTau2.1","qTau2","99","99","1",-1.05510637391295,NA
"2737","L1CompL2.qTau2.1","qTau2","99","99","1",-0.0999610086467777,NA
"2738","L1CompL22.qTau2.1","qTau2","99","99","1",0.335127154777653,NA
"2739","L1CompL3.qTau2.1","qTau2","99","99","1",-1.85607949738253,NA
"2740","L1CompL32.qTau2.1","qTau2","99","99","1",-1.62978044743186,NA
"2741","L1CompR1.qTau2.1","qTau2","99","99","1",0.691404714996401,NA
"2742","L1CompR12.qTau2.1","qTau2","99","99","1",0.706497667801449,NA
"2743","L12CompL2.qTau2.1","qTau2","99","99","1",0.590597137399588,NA
"2744","L12CompL22.qTau2.1","qTau2","99","99","1",0.752535913582807,NA
"2745","L12CompL3.qTau2.1","qTau2","99","99","1",-0.0630259735127005,NA
"2746","L12CompL32.qTau2.1","qTau2","99","99","1",0.021201992865432,NA
"2747","L12CompR1.qTau2.1","qTau2","99","99","1",0.885141571317248,NA
"2748","L12CompR12.qTau2.1","qTau2","99","99","1",0.890759132335235,NA
"2749","L2CompL3.qTau2.1","qTau2","99","99","1",-1.59652794501889,NA
"2750","L2CompL32.qTau2.1","qTau2","99","99","1",-1.39079424339517,NA
"2751","L2CompR1.qTau2.1","qTau2","99","99","1",0.719448887208059,NA
"2752","L2CompR12.qTau2.1","qTau2","99","99","1",0.733170239770925,NA
"2753","L22CompL3.qTau2.1","qTau2","99","99","1",-3.29567776441132,NA
"2754","L22CompL32.qTau2.1","qTau2","99","99","1",-2.95531336003414,NA
"2755","L22CompR1.qTau2.1","qTau2","99","99","1",0.535858191199855,NA
"2756","L22CompR12.qTau2.1","qTau2","99","99","1",0.558558701400419,NA
"2757","L3CompR1.qTau2.1","qTau2","99","99","1",0.891951437175886,NA
"2758","L3CompR12.qTau2.1","qTau2","99","99","1",0.897235937421373,NA
"2759","L32CompR1.qTau2.1","qTau2","99","99","1",0.882653593646967,NA
"2760","L32CompR12.qTau2.1","qTau2","99","99","1",0.888392838084573,NA
"2761","DCompL1.qNPQ.1","qNPQ","99","99","1",0.862951551814507,NA
"2762","DCompL12.qNPQ.1","qNPQ","99","99","1",0.741504715315549,NA
"2763","DCompL2.qNPQ.1","qNPQ","99","99","1",0.694038498506345,NA
"2764","DCompL22.qNPQ.1","qNPQ","99","99","1",0.750704813100945,NA
"2765","DCompL3.qNPQ.1","qNPQ","99","99","1",0.812388367644851,NA
"2766","DCompL32.qNPQ.1","qNPQ","99","99","1",0.627659630344897,NA
"2767","DCompR1.qNPQ.1","qNPQ","99","99","1",0.505883554803076,NA
"2768","DCompR12.qNPQ.1","qNPQ","99","99","1",0.623886815383665,NA
"2769","L1CompL2.qNPQ.1","qNPQ","99","99","1",-1.23250613592896,NA
"2770","L1CompL22.qNPQ.1","qNPQ","99","99","1",-0.819029622003734,NA
"2771","L1CompL3.qNPQ.1","qNPQ","99","99","1",-0.36894386502808,NA
"2772","L1CompL32.qNPQ.1","qNPQ","99","99","1",-1.71685213940654,NA
"2773","L1CompR1.qNPQ.1","qNPQ","99","99","1",-2.60541437527366,NA
"2774","L1CompR12.qNPQ.1","qNPQ","99","99","1",-1.74438119946657,NA
"2775","L12CompL2.qNPQ.1","qNPQ","99","99","1",-0.183625077986034,NA
"2776","L12CompL22.qNPQ.1","qNPQ","99","99","1",0.0355909694702009,NA
"2777","L12CompL3.qNPQ.1","qNPQ","99","99","1",0.274216423002958,NA
"2778","L12CompL32.qNPQ.1","qNPQ","99","99","1",-0.440414551892601,NA
"2779","L12CompR1.qNPQ.1","qNPQ","99","99","1",-0.911510478034831,NA
"2780","L12CompR12.qNPQ.1","qNPQ","99","99","1",-0.455009846989908,NA
"2781","L2CompL3.qNPQ.1","qNPQ","99","99","1",0.386812943983935,NA
"2782","L2CompL32.qNPQ.1","qNPQ","99","99","1",-0.216951700908112,NA
"2783","L2CompR1.qNPQ.1","qNPQ","99","99","1",-0.614962806708447,NA
"2784","L2CompR12.qNPQ.1","qNPQ","99","99","1",-0.229282712956405,NA
"2785","L22CompL3.qNPQ.1","qNPQ","99","99","1",0.247431790846741,NA
"2786","L22CompL32.qNPQ.1","qNPQ","99","99","1",-0.493572235736229,NA
"2787","L22CompR1.qNPQ.1","qNPQ","99","99","1",-0.982053690418826,NA
"2788","L22CompR12.qNPQ.1","qNPQ","99","99","1",-0.508706161938983,NA
"2789","L3CompR1.qNPQ.1","qNPQ","99","99","1",-1.63371966329657,NA
"2790","L3CompR12.qNPQ.1","qNPQ","99","99","1",-1.00474341539949,NA
"2791","L32CompR1.qNPQ.1","qNPQ","99","99","1",-0.327055794821875,NA
"2792","L32CompR12.qNPQ.1","qNPQ","99","99","1",-0.0101327045593439,NA
"2793","DCompL1.qqP.1","qqP","99","99","1",0.773891341373246,NA
"2794","DCompL12.qqP.1","qqP","99","99","1",0.673711131050188,NA
"2795","DCompL2.qqP.1","qqP","99","99","1",0.594792454400575,NA
"2796","DCompL22.qqP.1","qqP","99","99","1",0.585539054887286,NA
"2797","DCompL3.qqP.1","qqP","99","99","1",0.735524191462552,NA
"2798","DCompL32.qqP.1","qqP","99","99","1",0.597149991861926,NA
"2799","DCompR1.qqP.1","qqP","99","99","1",0.348741722339129,NA
"2800","DCompR12.qqP.1","qqP","99","99","1",0.383849650221584,NA
"2801","L1CompL2.qqP.1","qqP","99","99","1",-0.792092120931624,NA
"2802","L1CompL22.qqP.1","qqP","99","99","1",-0.833016690426169,NA
"2803","L1CompL3.qqP.1","qqP","99","99","1",-0.169684567339047,NA
"2804","L1CompL32.qqP.1","qqP","99","99","1",-0.781665552238195,NA
"2805","L1CompR1.qqP.1","qqP","99","99","1",-1.88028897971539,NA
"2806","L1CompR12.qqP.1","qqP","99","99","1",-1.72501881847664,NA
"2807","L12CompL2.qqP.1","qqP","99","99","1",-0.241867511152371,NA
"2808","L12CompL22.qqP.1","qqP","99","99","1",-0.270227042824634,NA
"2809","L12CompL3.qqP.1","qqP","99","99","1",0.189442749338385,NA
"2810","L12CompL32.qqP.1","qqP","99","99","1",-0.23464220350109,NA
"2811","L12CompR1.qqP.1","qqP","99","99","1",-0.995956159206412,NA
"2812","L12CompR12.qqP.1","qqP","99","99","1",-0.888358471318829,NA
"2813","L2CompL3.qqP.1","qqP","99","99","1",0.347307789774232,NA
"2814","L2CompL32.qqP.1","qqP","99","99","1",0.00581809861872977,NA
"2815","L2CompR1.qqP.1","qqP","99","99","1",-0.607221496079157,NA
"2816","L2CompR12.qqP.1","qqP","99","99","1",-0.520579654722231,NA
"2817","L22CompL3.qqP.1","qqP","99","99","1",0.361880023543539,NA
"2818","L22CompL32.qqP.1","qqP","99","99","1",0.0280145502526958,NA
"2819","L22CompR1.qqP.1","qqP","99","99","1",-0.571338108790345,NA
"2820","L22CompR12.qqP.1","qqP","99","99","1",-0.486630663380967,NA
"2821","L3CompR1.qqP.1","qqP","99","99","1",-1.46244933047878,NA
"2822","L3CompR12.qqP.1","qqP","99","99","1",-1.32970400274313,NA
"2823","L32CompR1.qqP.1","qqP","99","99","1",-0.616627192514929,NA
"2824","L32CompR12.qqP.1","qqP","99","99","1",-0.529478310367156,NA
"2825","DCompL1.qABQ.1","qABQ","99","99","1",0,NA
"2826","DCompL12.qABQ.1","qABQ","99","99","1",0,NA
"2827","DCompL2.qABQ.1","qABQ","99","99","1",1,NA
"2828","DCompL22.qABQ.1","qABQ","99","99","1",1,NA
"2829","DCompL3.qABQ.1","qABQ","99","99","1",0,NA
"2830","DCompL32.qABQ.1","qABQ","99","99","1",0,NA
"2831","DCompR1.qABQ.1","qABQ","99","99","1",1,NA
"2832","DCompR12.qABQ.1","qABQ","99","99","1",1,NA
"2833","L1CompL2.qABQ.1","qABQ","99","99","1",1.10557985952046,NA
"2834","L1CompL22.qABQ.1","qABQ","99","99","1",1.01218539601334,NA
"2835","L1CompL3.qABQ.1","qABQ","99","99","1",0.338182169380785,NA
"2836","L1CompL32.qABQ.1","qABQ","99","99","1",0.407507581230265,NA
"2837","L1CompR1.qABQ.1","qABQ","99","99","1",1.21234596789535,NA
"2838","L1CompR12.qABQ.1","qABQ","99","99","1",1.39230918869304,NA
"2839","L12CompL2.qABQ.1","qABQ","99","99","1",1.23954442211121,NA
"2840","L12CompL22.qABQ.1","qABQ","99","99","1",1.0276467847132,NA
"2841","L12CompL3.qABQ.1","qABQ","99","99","1",-0.501562613349112,NA
"2842","L12CompL32.qABQ.1","qABQ","99","99","1",-0.344273943004869,NA
"2843","L12CompR1.qABQ.1","qABQ","99","99","1",1.48178025996786,NA
"2844","L12CompR12.qABQ.1","qABQ","99","99","1",1.89008905980008,NA
"2845","L2CompL3.qABQ.1","qABQ","99","99","1",7.26840984279722,NA
"2846","L2CompL32.qABQ.1","qABQ","99","99","1",6.61179396772075,NA
"2847","L2CompR1.qABQ.1","qABQ","99","99","1",-1.0112355600757,NA
"2848","L2CompR12.qABQ.1","qABQ","99","99","1",-2.71575782042979,NA
"2849","L22CompL3.qABQ.1","qABQ","99","99","1",55.3123776933194,NA
"2850","L22CompL32.qABQ.1","qABQ","99","99","1",49.6231566147773,NA
"2851","L22CompR1.qABQ.1","qABQ","99","99","1",-16.4262672844508,NA
"2852","L22CompR12.qABQ.1","qABQ","99","99","1",-31.1950298753969,NA
"2853","L3CompR1.qABQ.1","qABQ","99","99","1",1.32085259428063,NA
"2854","L3CompR12.qABQ.1","qABQ","99","99","1",1.59277518758596,NA
"2855","L32CompR1.qABQ.1","qABQ","99","99","1",1.35839440500567,NA
"2856","L32CompR12.qABQ.1","qABQ","99","99","1",1.66213368519995,NA
"2857","DCompL1.qqm.1","qqm","99","99","1",0,NA
"2858","DCompL12.qqm.1","qqm","99","99","1",0,NA
"2859","DCompL2.qqm.1","qqm","99","99","1",0,NA
"2860","DCompL22.qqm.1","qqm","99","99","1",0,NA
"2861","DCompL3.qqm.1","qqm","99","99","1",0,NA
"2862","DCompL32.qqm.1","qqm","99","99","1",0,NA
"2863","DCompR1.qqm.1","qqm","99","99","1",0,NA
"2864","DCompR12.qqm.1","qqm","99","99","1",0,NA
"2865","L1CompL2.qqm.1","qqm","99","99","1",0.0944105034746923,NA
"2866","L1CompL22.qqm.1","qqm","99","99","1",0.217378270281298,NA
"2867","L1CompL3.qqm.1","qqm","99","99","1",-0.0168628410642208,NA
"2868","L1CompL32.qqm.1","qqm","99","99","1",-0.0298529750290284,NA
"2869","L1CompR1.qqm.1","qqm","99","99","1",0.444157460077668,NA
"2870","L1CompR12.qqm.1","qqm","99","99","1",0.516327960249584,NA
"2871","L12CompL2.qqm.1","qqm","99","99","1",0.103971924730766,NA
"2872","L12CompL22.qqm.1","qqm","99","99","1",0.225641369699643,NA
"2873","L12CompL3.qqm.1","qqm","99","99","1",-0.00612657035837865,NA
"2874","L12CompL32.qqm.1","qqm","99","99","1",-0.0189795515144501,NA
"2875","L12CompR1.qqm.1","qqm","99","99","1",0.450026172884779,NA
"2876","L12CompR12.qqm.1","qqm","99","99","1",0.521434680391086,NA
"2877","L2CompL3.qqm.1","qqm","99","99","1",-0.122873934565123,NA
"2878","L2CompL32.qqm.1","qqm","99","99","1",-0.137218330138006,NA
"2879","L2CompR1.qqm.1","qqm","99","99","1",0.38620915762046,NA
"2880","L2CompR12.qqm.1","qqm","99","99","1",0.465903655457317,NA
"2881","L22CompL3.qqm.1","qqm","99","99","1",-0.299303101933692,NA
"2882","L22CompL32.qqm.1","qqm","99","99","1",-0.315901330006757,NA
"2883","L22CompR1.qqm.1","qqm","99","99","1",0.289768583192651,NA
"2884","L22CompR12.qqm.1","qqm","99","99","1",0.381984908693677,NA
"2885","L3CompR1.qqm.1","qqm","99","99","1",0.453375108740721,NA
"2886","L3CompR12.qqm.1","qqm","99","99","1",0.524348790989139,NA
"2887","L32CompR1.qqm.1","qqm","99","99","1",0.460270006107751,NA
"2888","L32CompR12.qqm.1","qqm","99","99","1",0.530348456063078,NA
"2889","DCompL1.qQuant.2","qQuant","99","99","2",0.877449278964834,NA
"2890","DCompL12.qQuant.2","qQuant","99","99","2",0.862111915306802,NA
"2891","DCompL2.qQuant.2","qQuant","99","99","2",0.759611803536326,NA
"2892","DCompL22.qQuant.2","qQuant","99","99","2",0.672929879890087,NA
"2893","DCompL3.qQuant.2","qQuant","99","99","2",0.87372864617813,NA
"2894","DCompL32.qQuant.2","qQuant","99","99","2",0.871846161927153,NA
"2895","DCompR1.qQuant.2","qQuant","99","99","2",0.471581576839956,NA
"2896","DCompR12.qQuant.2","qQuant","99","99","2",0.404267061982708,NA
"2897","L1CompL2.qQuant.2","qQuant","99","99","2",-0.961540449808487,NA
"2898","L1CompL22.qQuant.2","qQuant","99","99","2",-1.66885512665453,NA
"2899","L1CompL3.qQuant.2","qQuant","99","99","2",-0.0303599420327831,NA
"2900","L1CompL32.qQuant.2","qQuant","99","99","2",-0.0457208002560261,NA
"2901","L1CompR1.qQuant.2","qQuant","99","99","2",-3.31183446899845,NA
"2902","L1CompR12.qQuant.2","qQuant","99","99","2",-3.86111328424045,NA
"2903","L12CompL2.qQuant.2","qQuant","99","99","2",-0.743357281367274,NA
"2904","L12CompL22.qQuant.2","qQuant","99","99","2",-1.37199697738674,NA
"2905","L12CompL3.qQuant.2","qQuant","99","99","2",0.084247532317066,NA
"2906","L12CompL32.qQuant.2","qQuant","99","99","2",0.0705952703745935,NA
"2907","L12CompR1.qQuant.2","qQuant","99","99","2",-2.8322268696079,NA
"2908","L12CompR12.qQuant.2","qQuant","99","99","2",-3.32040911542721,NA
"2909","L2CompL3.qQuant.2","qQuant","99","99","2",0.474718993363924,NA
"2910","L2CompL32.qQuant.2","qQuant","99","99","2",0.466887975540793,NA
"2911","L2CompR1.qQuant.2","qQuant","99","99","2",-1.19818789330571,NA
"2912","L2CompR12.qQuant.2","qQuant","99","99","2",-1.47821210351031,NA
"2913","L22CompL3.qQuant.2","qQuant","99","99","2",0.613931857243836,NA
"2914","L22CompL32.qQuant.2","qQuant","99","99","2",0.608176258871399,NA
"2915","L22CompR1.qQuant.2","qQuant","99","99","2",-0.615612037511917,NA
"2916","L22CompR12.qQuant.2","qQuant","99","99","2",-0.821422690085828,NA
"2917","L3CompR1.qQuant.2","qQuant","99","99","2",-3.18478464961642,NA
"2918","L3CompR12.qQuant.2","qQuant","99","99","2",-3.71787875861131,NA
"2919","L32CompR1.qQuant.2","qQuant","99","99","2",-3.12331328586252,NA
"2920","L32CompR12.qQuant.2","qQuant","99","99","2",-3.64857664019908,NA
"2921","DCompL1.qSigma.2","qSigma","99","99","2",0.399846625199116,NA
"2922","DCompL12.qSigma.2","qSigma","99","99","2",0.206967658186207,NA
"2923","DCompL2.qSigma.2","qSigma","99","99","2",0.00213132569038294,NA
"2924","DCompL22.qSigma.2","qSigma","99","99","2",0.0181766688178247,NA
"2925","DCompL3.qSigma.2","qSigma","99","99","2",0.266430535860781,NA
"2926","DCompL32.qSigma.2","qSigma","99","99","2",0.289274626364675,NA
"2927","DCompR1.qSigma.2","qSigma","99","99","2",-0.128137147193271,NA
"2928","DCompR12.qSigma.2","qSigma","99","99","2",-0.146038978019304,NA
"2929","L1CompL2.qSigma.2","qSigma","99","99","2",-0.66268943274823,NA
"2930","L1CompL22.qSigma.2","qSigma","99","99","2",-0.63595402843135,NA
"2931","L1CompL3.qSigma.2","qSigma","99","99","2",-0.222303322684139,NA
"2932","L1CompL32.qSigma.2","qSigma","99","99","2",-0.184239568545501,NA
"2933","L1CompR1.qSigma.2","qSigma","99","99","2",-0.879748068679209,NA
"2934","L1CompR12.qSigma.2","qSigma","99","99","2",-0.909576828422454,NA
"2935","L12CompL2.qSigma.2","qSigma","99","99","2",-0.258295055189465,NA
"2936","L12CompL22.qSigma.2","qSigma","99","99","2",-0.238062156376356,NA
"2937","L12CompL3.qSigma.2","qSigma","99","99","2",0.0749816552734432,NA
"2938","L12CompL32.qSigma.2","qSigma","99","99","2",0.103787656364958,NA
"2939","L12CompR1.qSigma.2","qSigma","99","99","2",-0.422561335409146,NA
"2940","L12CompR12.qSigma.2","qSigma","99","99","2",-0.44513523294413,NA
"2941","L2CompL3.qSigma.2","qSigma","99","99","2",0.264863721023465,NA
"2942","L2CompL32.qSigma.2","qSigma","99","99","2",0.287756603716371,NA
"2943","L2CompR1.qSigma.2","qSigma","99","99","2",-0.130546710441412,NA
"2944","L2CompR12.qSigma.2","qSigma","99","99","2",-0.148486777393027,NA
"2945","L22CompL3.qSigma.2","qSigma","99","99","2",0.252849834749846,NA
"2946","L22CompL32.qSigma.2","qSigma","99","99","2",0.276116841937777,NA
"2947","L22CompR1.qSigma.2","qSigma","99","99","2",-0.149022549540481,NA
"2948","L22CompR12.qSigma.2","qSigma","99","99","2",-0.16725580012384,NA
"2949","L3CompR1.qSigma.2","qSigma","99","99","2",-0.537873647067688,NA
"2950","L3CompR12.qSigma.2","qSigma","99","99","2",-0.562277376640918,NA
"2951","L32CompR1.qSigma.2","qSigma","99","99","2",-0.587303885638564,NA
"2952","L32CompR12.qSigma.2","qSigma","99","99","2",-0.612491998361297,NA
"2953","DCompL1.qConnect.2","qConnect","99","99","2",-0.857929998746837,NA
"2954","DCompL12.qConnect.2","qConnect","99","99","2",0.046503566764318,NA
"2955","DCompL2.qConnect.2","qConnect","99","99","2",0.600735426096187,NA
"2956","DCompL22.qConnect.2","qConnect","99","99","2",0.236146891833628,NA
"2957","DCompL3.qConnect.2","qConnect","99","99","2",0.15918574108212,NA
"2958","DCompL32.qConnect.2","qConnect","99","99","2",0.097754710278194,NA
"2959","DCompR1.qConnect.2","qConnect","99","99","2",0.241321387578373,NA
"2960","DCompR12.qConnect.2","qConnect","99","99","2",0.365246720648893,NA
"2961","L1CompL2.qConnect.2","qConnect","99","99","2",0.785102466630543,NA
"2962","L1CompL22.qConnect.2","qConnect","99","99","2",0.58886873634551,NA
"2963","L1CompL3.qConnect.2","qConnect","99","99","2",0.547445673687919,NA
"2964","L1CompL32.qConnect.2","qConnect","99","99","2",0.514381440457732,NA
"2965","L1CompR1.qConnect.2","qConnect","99","99","2",0.591653822838669,NA
"2966","L1CompR12.qConnect.2","qConnect","99","99","2",0.658354577524856,NA
"2967","L12CompL2.qConnect.2","qConnect","99","99","2",0.581262645578115,NA
"2968","L12CompL22.qConnect.2","qConnect","99","99","2",0.198892537464201,NA
"2969","L12CompL3.qConnect.2","qConnect","99","99","2",0.118177866628631,NA
"2970","L12CompL32.qConnect.2","qConnect","99","99","2",0.0537507448664026,NA
"2971","L12CompR1.qConnect.2","qConnect","99","99","2",0.204319401754805,NA
"2972","L12CompR12.qConnect.2","qConnect","99","99","2",0.334288774214837,NA
"2973","L2CompL3.qConnect.2","qConnect","99","99","2",-1.10590749561578,NA
"2974","L2CompL32.qConnect.2","qConnect","99","99","2",-1.25976795511832,NA
"2975","L2CompR1.qConnect.2","qConnect","99","99","2",-0.900190154622634,NA
"2976","L2CompR12.qConnect.2","qConnect","99","99","2",-0.589806160723955,NA
"2977","L22CompL3.qConnect.2","qConnect","99","99","2",-0.100753862134898,NA
"2978","L22CompL32.qConnect.2","qConnect","99","99","2",-0.181176433107203,NA
"2979","L22CompR1.qConnect.2","qConnect","99","99","2",0.00677420264370829,NA
"2980","L22CompR12.qConnect.2","qConnect","99","99","2",0.169011328794838,NA
"2981","L3CompR1.qConnect.2","qConnect","99","99","2",0.0976858392030139,NA
"2982","L3CompR12.qConnect.2","qConnect","99","99","2",0.245073126890084,NA
"2983","L32CompR1.qConnect.2","qConnect","99","99","2",0.159121559220825,NA
"2984","L32CompR12.qConnect.2","qConnect","99","99","2",0.296473712213201,NA
"2985","DCompL1.qTau1.2","qTau1","99","99","2",-3.00913922294525,NA
"2986","DCompL12.qTau1.2","qTau1","99","99","2",-0.90391405462032,NA
"2987","DCompL2.qTau1.2","qTau1","99","99","2",-1.40479318825425,NA
"2988","DCompL22.qTau1.2","qTau1","99","99","2",-1.42548777948026,NA
"2989","DCompL3.qTau1.2","qTau1","99","99","2",-1.10929942192632,NA
"2990","DCompL32.qTau1.2","qTau1","99","99","2",-0.64561336396398,NA
"2991","DCompR1.qTau1.2","qTau1","99","99","2",-1.42638708071919,NA
"2992","DCompR12.qTau1.2","qTau1","99","99","2",-1.45997602038957,NA
"2993","L1CompL2.qTau1.2","qTau1","99","99","2",0.400172192950783,NA
"2994","L1CompL22.qTau1.2","qTau1","99","99","2",0.395010338977849,NA
"2995","L1CompL3.qTau1.2","qTau1","99","99","2",0.473877232834844,NA
"2996","L1CompL32.qTau1.2","qTau1","99","99","2",0.589534492954062,NA
"2997","L1CompR1.qTau1.2","qTau1","99","99","2",0.394786026179286,NA
"2998","L1CompR12.qTau1.2","qTau1","99","99","2",0.38640793357573,NA
"2999","L12CompL2.qTau1.2","qTau1","99","99","2",-0.263078647073603,NA
"3000","L12CompL22.qTau1.2","qTau1","99","99","2",-0.273948145712886,NA
"3001","L12CompL3.qTau1.2","qTau1","99","99","2",-0.107875335447827,NA
"3002","L12CompL32.qTau1.2","qTau1","99","99","2",0.135668251426323,NA
"3003","L12CompR1.qTau1.2","qTau1","99","99","2",-0.274420489113442,NA
"3004","L12CompR12.qTau1.2","qTau1","99","99","2",-0.292062535291352,NA
"3005","L2CompL3.qTau1.2","qTau1","99","99","2",0.122876997394709,NA
"3006","L2CompL32.qTau1.2","qTau1","99","99","2",0.31569443393234,NA
"3007","L2CompR1.qTau1.2","qTau1","99","99","2",-0.00897952163637356,NA
"3008","L2CompR12.qTau1.2","qTau1","99","99","2",-0.0229470178162703,NA
"3009","L22CompL3.qTau1.2","qTau1","99","99","2",0.130360730006107,NA
"3010","L22CompL32.qTau1.2","qTau1","99","99","2",0.321533021981827,NA
"3011","L22CompR1.qTau1.2","qTau1","99","99","2",-0.000370771292494251,NA
"3012","L22CompR12.qTau1.2","qTau1","99","99","2",-0.0142190948975633,NA
"3013","L3CompR1.qTau1.2","qTau1","99","99","2",-0.150328424450657,NA
"3014","L3CompR12.qTau1.2","qTau1","99","99","2",-0.166252640482399,NA
"3015","L32CompR1.qTau1.2","qTau1","99","99","2",-0.47445756934938,NA
"3016","L32CompR12.qTau1.2","qTau1","99","99","2",-0.49486876702553,NA
"3017","DCompL1.qTau2.2","qTau2","99","99","2",-5.02767193623985,NA
"3018","DCompL12.qTau2.2","qTau2","99","99","2",-10.6917508812126,NA
"3019","DCompL2.qTau2.2","qTau2","99","99","2",-4.40961228481179,NA
"3020","DCompL22.qTau2.2","qTau2","99","99","2",-3.66889258362385,NA
"3021","DCompL3.qTau2.2","qTau2","99","99","2",-10.6889460588725,NA
"3022","DCompL32.qTau2.2","qTau2","99","99","2",-7.92885911290821,NA
"3023","DCompR1.qTau2.2","qTau2","99","99","2",-1.0545891104492,NA
"3024","DCompR12.qTau2.2","qTau2","99","99","2",-0.743591461513848,NA
"3025","L1CompL2.qTau2.2","qTau2","99","99","2",0.102537042155884,NA
"3026","L1CompL22.qTau2.2","qTau2","99","99","2",0.225423574306804,NA
"3027","L1CompL3.qTau2.2","qTau2","99","99","2",-0.939214041924818,NA
"3028","L1CompL32.qTau2.2","qTau2","99","99","2",-0.481311393081249,NA
"3029","L1CompR1.qTau2.2","qTau2","99","99","2",0.659140521882668,NA
"3030","L1CompR12.qTau2.2","qTau2","99","99","2",0.71073550784492,NA
"3031","L12CompL2.qTau2.2","qTau2","99","99","2",0.537313757385605,NA
"3032","L12CompL22.qTau2.2","qTau2","99","99","2",0.600667801507276,NA
"3033","L12CompL3.qTau2.2","qTau2","99","99","2",0.000239897545592487,NA
"3034","L12CompL32.qTau2.2","qTau2","99","99","2",0.236311207480826,NA
"3035","L12CompR1.qTau2.2","qTau2","99","99","2",0.824270194317028,NA
"3036","L12CompR12.qTau2.2","qTau2","99","99","2",0.850869944182986,NA
"3037","L2CompL3.qTau2.2","qTau2","99","99","2",-1.16077335000343,NA
"3038","L2CompL32.qTau2.2","qTau2","99","99","2",-0.650554354510245,NA
"3039","L2CompR1.qTau2.2","qTau2","99","99","2",0.620196605176726,NA
"3040","L2CompR12.qTau2.2","qTau2","99","99","2",0.677686427471112,NA
"3041","L22CompL3.qTau2.2","qTau2","99","99","2",-1.50357999236724,NA
"3042","L22CompL32.qTau2.2","qTau2","99","99","2",-0.912414764954371,NA
"3043","L22CompR1.qTau2.2","qTau2","99","99","2",0.559940805308806,NA
"3044","L22CompR12.qTau2.2","qTau2","99","99","2",0.626551386590152,NA
"3045","L3CompR1.qTau2.2","qTau2","99","99","2",0.824228027052134,NA
"3046","L3CompR12.qTau2.2","qTau2","99","99","2",0.850834159664004,NA
"3047","L32CompR1.qTau2.2","qTau2","99","99","2",0.769893433811836,NA
"3048","L32CompR12.qTau2.2","qTau2","99","99","2",0.804724048227709,NA
"3049","DCompL1.qNPQ.2","qNPQ","99","99","2",0.865386996625777,NA
"3050","DCompL12.qNPQ.2","qNPQ","99","99","2",0.714637629080711,NA
"3051","DCompL2.qNPQ.2","qNPQ","99","99","2",0.676088661522207,NA
"3052","DCompL22.qNPQ.2","qNPQ","99","99","2",0.717520350089453,NA
"3053","DCompL3.qNPQ.2","qNPQ","99","99","2",0.780941974593428,NA
"3054","DCompL32.qNPQ.2","qNPQ","99","99","2",0.608329393957193,NA
"3055","DCompR1.qNPQ.2","qNPQ","99","99","2",0.493503553703374,NA
"3056","DCompR12.qNPQ.2","qNPQ","99","99","2",0.607295727530466,NA
"3057","L1CompL2.qNPQ.2","qNPQ","99","99","2",-1.40624107893441,NA
"3058","L1CompL22.qNPQ.2","qNPQ","99","99","2",-1.09845737655266,NA
"3059","L1CompL3.qNPQ.2","qNPQ","99","99","2",-0.627316974702606,NA
"3060","L1CompL32.qNPQ.2","qNPQ","99","99","2",-1.90960454209587,NA
"3061","L1CompR1.qNPQ.2","qNPQ","99","99","2",-2.76261158729643,NA
"3062","L1CompR12.qNPQ.2","qNPQ","99","99","2",-1.91728334281212,NA
"3063","L12CompL2.qNPQ.2","qNPQ","99","99","2",-0.13508777430717,NA
"3064","L12CompL22.qNPQ.2","qNPQ","99","99","2",0.0101019661402964,NA
"3065","L12CompL3.qNPQ.2","qNPQ","99","99","2",0.232351396924262,NA
"3066","L12CompL32.qNPQ.2","qNPQ","99","99","2",-0.372537678254664,NA
"3067","L12CompR1.qNPQ.2","qNPQ","99","99","2",-0.774923738771017,NA
"3068","L12CompR12.qNPQ.2","qNPQ","99","99","2",-0.376159972334282,NA
"3069","L2CompL3.qNPQ.2","qNPQ","99","99","2",0.323709918782015,NA
"3070","L2CompL32.qNPQ.2","qNPQ","99","99","2",-0.209190786230103,NA
"3071","L2CompR1.qNPQ.2","qNPQ","99","99","2",-0.56368853488391,NA
"3072","L2CompR12.qNPQ.2","qNPQ","99","99","2",-0.212381987969394,NA
"3073","L22CompL3.qNPQ.2","qNPQ","99","99","2",0.224517498956327,NA
"3074","L22CompL32.qNPQ.2","qNPQ","99","99","2",-0.386544503884924,NA
"3075","L22CompR1.qNPQ.2","qNPQ","99","99","2",-0.793036937198901,NA
"3076","L22CompR12.qNPQ.2","qNPQ","99","99","2",-0.390203763683122,NA
"3077","L3CompR1.qNPQ.2","qNPQ","99","99","2",-1.31215654097386,NA
"3078","L3CompR12.qNPQ.2","qNPQ","99","99","2",-0.792695208224729,NA
"3079","L32CompR1.qNPQ.2","qNPQ","99","99","2",-0.293169409402321,NA
"3080","L32CompR12.qNPQ.2","qNPQ","99","99","2",-0.00263912177931894,NA
"3081","DCompL1.qqP.2","qqP","99","99","2",0.776806128461153,NA
"3082","DCompL12.qqP.2","qqP","99","99","2",0.631324824060358,NA
"3083","DCompL2.qqP.2","qqP","99","99","2",0.557429796323127,NA
"3084","DCompL22.qqP.2","qqP","99","99","2",0.551365379736082,NA
"3085","DCompL3.qqP.2","qqP","99","99","2",0.693432895120774,NA
"3086","DCompL32.qqP.2","qqP","99","99","2",0.554713930705951,NA
"3087","DCompR1.qqP.2","qqP","99","99","2",0.329573455591332,NA
"3088","DCompR12.qqP.2","qqP","99","99","2",0.365570611929682,NA
"3089","L1CompL2.qqP.2","qqP","99","99","2",-0.982895859216475,NA
"3090","L1CompL22.qqP.2","qqP","99","99","2",-1.01006693047051,NA
"3091","L1CompL3.qqP.2","qqP","99","99","2",-0.373546248226035,NA
"3092","L1CompL32.qqP.2","qqP","99","99","2",-0.995064050029474,NA
"3093","L1CompR1.qqP.2","qqP","99","99","2",-2.0037856316856,NA
"3094","L1CompR12.qqP.2","qqP","99","99","2",-1.84250362116191,NA
"3095","L12CompL2.qqP.2","qqP","99","99","2",-0.200433966157048,NA
"3096","L12CompL22.qqP.2","qqP","99","99","2",-0.216883179401712,NA
"3097","L12CompL3.qqP.2","qqP","99","99","2",0.168462850535357,NA
"3098","L12CompL32.qqP.2","qqP","99","99","2",-0.207800520225286,NA
"3099","L12CompR1.qqP.2","qqP","99","99","2",-0.818474874799889,NA
"3100","L12CompR12.qqP.2","qqP","99","99","2",-0.720835655542436,NA
"3101","L2CompL3.qqP.2","qqP","99","99","2",0.307302881368273,NA
"3102","L2CompL32.qqP.2","qqP","99","99","2",-0.00613657583500488,NA
"3103","L2CompR1.qqP.2","qqP","99","99","2",-0.514847901731218,NA
"3104","L2CompR12.qqP.2","qqP","99","99","2",-0.433511300127029,NA
"3105","L22CompL3.qqP.2","qqP","99","99","2",0.316666411747532,NA
"3106","L22CompL32.qqP.2","qqP","99","99","2",0.00746387108488976,NA
"3107","L22CompR1.qqP.2","qqP","99","99","2",-0.494370951609302,NA
"3108","L22CompR12.qqP.2","qqP","99","99","2",-0.414133817174214,NA
"3109","L3CompR1.qqP.2","qqP","99","99","2",-1.18688350360612,NA
"3110","L3CompR12.qqP.2","qqP","99","99","2",-1.06946335067572,NA
"3111","L32CompR1.qqP.2","qqP","99","99","2",-0.505608620255185,NA
"3112","L32CompR12.qqP.2","qqP","99","99","2",-0.424768102618018,NA
"3113","DCompL1.qABQ.2","qABQ","99","99","2",0,NA
"3114","DCompL12.qABQ.2","qABQ","99","99","2",0,NA
"3115","DCompL2.qABQ.2","qABQ","99","99","2",0,NA
"3116","DCompL22.qABQ.2","qABQ","99","99","2",0,NA
"3117","DCompL3.qABQ.2","qABQ","99","99","2",0,NA
"3118","DCompL32.qABQ.2","qABQ","99","99","2",0,NA
"3119","DCompR1.qABQ.2","qABQ","99","99","2",1,NA
"3120","DCompR12.qABQ.2","qABQ","99","99","2",1,NA
"3121","L1CompL2.qABQ.2","qABQ","99","99","2",0.994669641917519,NA
"3122","L1CompL22.qABQ.2","qABQ","99","99","2",0.954540897253357,NA
"3123","L1CompL3.qABQ.2","qABQ","99","99","2",0.333668164066402,NA
"3124","L1CompL32.qABQ.2","qABQ","99","99","2",0.276536031232919,NA
"3125","L1CompR1.qABQ.2","qABQ","99","99","2",1.32046574640829,NA
"3126","L1CompR12.qABQ.2","qABQ","99","99","2",1.36523749061675,NA
"3127","L12CompL2.qABQ.2","qABQ","99","99","2",0.989702131680568,NA
"3128","L12CompL22.qABQ.2","qABQ","99","99","2",0.912176284076851,NA
"3129","L12CompL3.qABQ.2","qABQ","99","99","2",-0.28730516736616,NA
"3130","L12CompL32.qABQ.2","qABQ","99","99","2",-0.39768033759369,NA
"3131","L12CompR1.qABQ.2","qABQ","99","99","2",1.61911676595376,NA
"3132","L12CompR12.qABQ.2","qABQ","99","99","2",1.70561255463359,NA
"3133","L2CompL3.qABQ.2","qABQ","99","99","2",-124.006955559632,NA
"3134","L2CompL32.qABQ.2","qABQ","99","99","2",-134.725209746205,NA
"3135","L2CompR1.qABQ.2","qABQ","99","99","2",61.1208664501466,NA
"3136","L2CompR12.qABQ.2","qABQ","99","99","2",69.5202541677591,NA
"3137","L22CompL3.qABQ.2","qABQ","99","99","2",-13.6578307901778,NA
"3138","L22CompL32.qABQ.2","qABQ","99","99","2",-14.9146117071241,NA
"3139","L22CompR1.qABQ.2","qABQ","99","99","2",8.04953963113477,NA
"3140","L22CompR12.qABQ.2","qABQ","99","99","2",9.0344192592698,NA
"3141","L3CompR1.qABQ.2","qABQ","99","99","2",1.48094016993692,NA
"3142","L3CompR12.qABQ.2","qABQ","99","99","2",1.54813153284957,NA
"3143","L32CompR1.qABQ.2","qABQ","99","99","2",1.44296020291711,NA
"3144","L32CompR12.qABQ.2","qABQ","99","99","2",1.50484544688409,NA
"3145","DCompL1.qqm.2","qqm","99","99","2",0,NA
"3146","DCompL12.qqm.2","qqm","99","99","2",0,NA
"3147","DCompL2.qqm.2","qqm","99","99","2",0,NA
"3148","DCompL22.qqm.2","qqm","99","99","2",0,NA
"3149","DCompL3.qqm.2","qqm","99","99","2",0,NA
"3150","DCompL32.qqm.2","qqm","99","99","2",0,NA
"3151","DCompR1.qqm.2","qqm","99","99","2",0,NA
"3152","DCompR12.qqm.2","qqm","99","99","2",0,NA
"3153","L1CompL2.qqm.2","qqm","99","99","2",0.13429548379996,NA
"3154","L1CompL22.qqm.2","qqm","99","99","2",0.233084012919843,NA
"3155","L1CompL3.qqm.2","qqm","99","99","2",0.00424028245950864,NA
"3156","L1CompL32.qqm.2","qqm","99","99","2",0.00638568766537852,NA
"3157","L1CompR1.qqm.2","qqm","99","99","2",0.4625540323011,NA
"3158","L1CompR12.qqm.2","qqm","99","99","2",0.539270164470772,NA
"3159","L12CompL2.qqm.2","qqm","99","99","2",0.118894206135637,NA
"3160","L12CompL22.qqm.2","qqm","99","99","2",0.219440228185907,NA
"3161","L12CompL3.qqm.2","qqm","99","99","2",-0.0134747364757102,NA
"3162","L12CompL32.qqm.2","qqm","99","99","2",-0.0112911635340139,NA
"3163","L12CompR1.qqm.2","qqm","99","99","2",0.45299262373362,NA
"3164","L12CompR12.qqm.2","qqm","99","99","2",0.531073570838143,NA
"3165","L2CompL3.qqm.2","qqm","99","99","2",-0.15023047576478,NA
"3166","L2CompL32.qqm.2","qqm","99","99","2",-0.147752256966423,NA
"3167","L2CompR1.qqm.2","qqm","99","99","2",0.379180820197188,NA
"3168","L2CompR12.qqm.2","qqm","99","99","2",0.467797814488048,NA
"3169","L22CompL3.qqm.2","qqm","99","99","2",-0.298394784194811,NA
"3170","L22CompL32.qqm.2","qqm","99","99","2",-0.295597339309045,NA
"3171","L22CompR1.qqm.2","qqm","99","99","2",0.299211417217821,NA
"3172","L22CompR12.qqm.2","qqm","99","99","2",0.399243406982109,NA
"3173","L3CompR1.qqm.2","qqm","99","99","2",0.460265405165835,NA
"3174","L3CompR12.qqm.2","qqm","99","99","2",0.53730822063457,NA
"3175","L32CompR1.qqm.2","qqm","99","99","2",0.459100013931862,NA
"3176","L32CompR12.qqm.2","qqm","99","99","2",0.536309179719155,NA
"3177","DCompL1.qQuant.3","qQuant","99","99","3",0.886229641282512,NA
"3178","DCompL12.qQuant.3","qQuant","99","99","3",0.847900476683703,NA
"3179","DCompL2.qQuant.3","qQuant","99","99","3",0.75770128106544,NA
"3180","DCompL22.qQuant.3","qQuant","99","99","3",0.648594273350941,NA
"3181","DCompL3.qQuant.3","qQuant","99","99","3",0.870357709486403,NA
"3182","DCompL32.qQuant.3","qQuant","99","99","3",0.86167742432636,NA
"3183","DCompR1.qQuant.3","qQuant","99","99","3",0.472429012498967,NA
"3184","DCompR12.qQuant.3","qQuant","99","99","3",0.410537058677651,NA
"3185","L1CompL2.qQuant.3","qQuant","99","99","3",-1.1297174559872,NA
"3186","L1CompL22.qQuant.3","qQuant","99","99","3",-2.08872829979962,NA
"3187","L1CompL3.qQuant.3","qQuant","99","99","3",-0.13950849742438,NA
"3188","L1CompL32.qQuant.3","qQuant","99","99","3",-0.215805041250855,NA
"3189","L1CompR1.qQuant.3","qQuant","99","99","3",-3.63715675548748,NA
"3190","L1CompR12.qQuant.3","qQuant","99","99","3",-4.18116447875576,NA
"3191","L12CompL2.qQuant.3","qQuant","99","99","3",-0.59302747077445,NA
"3192","L12CompL22.qQuant.3","qQuant","99","99","3",-1.31036704775397,NA
"3193","L12CompL3.qQuant.3","qQuant","99","99","3",0.147648278660273,NA
"3194","L12CompL32.qQuant.3","qQuant","99","99","3",0.0905785063770845,NA
"3195","L12CompR1.qQuant.3","qQuant","99","99","3",-2.46859067009651,NA
"3196","L12CompR12.qQuant.3","qQuant","99","99","3",-2.87550814407577,NA
"3197","L2CompL3.qQuant.3","qQuant","99","99","3",0.464948510319564,NA
"3198","L2CompL32.qQuant.3","qQuant","99","99","3",0.429123784550432,NA
"3199","L2CompR1.qQuant.3","qQuant","99","99","3",-1.17735772529412,NA
"3200","L2CompR12.qQuant.3","qQuant","99","99","3",-1.4327942958772,NA
"3201","L22CompL3.qQuant.3","qQuant","99","99","3",0.631075191204644,NA
"3202","L22CompL32.qQuant.3","qQuant","99","99","3",0.606373587042366,NA
"3203","L22CompR1.qQuant.3","qQuant","99","99","3",-0.5013158508595,NA
"3204","L22CompR12.qQuant.3","qQuant","99","99","3",-0.677442615814377,NA
"3205","L3CompR1.qQuant.3","qQuant","99","99","3",-3.06943587166642,NA
"3206","L3CompR12.qQuant.3","qQuant","99","99","3",-3.54684145881027,NA
"3207","L32CompR1.qQuant.3","qQuant","99","99","3",-2.8140627799311,NA
"3208","L32CompR12.qQuant.3","qQuant","99","99","3",-3.26150929052345,NA
"3209","DCompL1.qSigma.3","qSigma","99","99","3",0.409100821978455,NA
"3210","DCompL12.qSigma.3","qSigma","99","99","3",0.156675856710878,NA
"3211","DCompL2.qSigma.3","qSigma","99","99","3",-0.0200492166049561,NA
"3212","DCompL22.qSigma.3","qSigma","99","99","3",-0.0793675703464891,NA
"3213","DCompL3.qSigma.3","qSigma","99","99","3",0.210529692631031,NA
"3214","DCompL32.qSigma.3","qSigma","99","99","3",0.279955049372571,NA
"3215","DCompR1.qSigma.3","qSigma","99","99","3",-0.119447701889909,NA
"3216","DCompR12.qSigma.3","qSigma","99","99","3",-0.181011910857873,NA
"3217","L1CompL2.qSigma.3","qSigma","99","99","3",-0.726266095038913,NA
"3218","L1CompL22.qSigma.3","qSigma","99","99","3",-0.826652685421631,NA
"3219","L1CompL3.qSigma.3","qSigma","99","99","3",-0.336049087108705,NA
"3220","L1CompL32.qSigma.3","qSigma","99","99","3",-0.218558050864601,NA
"3221","L1CompR1.qSigma.3","qSigma","99","99","3",-0.894481738218111,NA
"3222","L1CompR12.qSigma.3","qSigma","99","99","3",-0.998669070436263,NA
"3223","L12CompL2.qSigma.3","qSigma","99","99","3",-0.209557706514334,NA
"3224","L12CompL22.qSigma.3","qSigma","99","99","3",-0.279896441879101,NA
"3225","L12CompL3.qSigma.3","qSigma","99","99","3",0.0638589993523878,NA
"3226","L12CompL32.qSigma.3","qSigma","99","99","3",0.146182453855621,NA
"3227","L12CompR1.qSigma.3","qSigma","99","99","3",-0.327422807467427,NA
"3228","L12CompR12.qSigma.3","qSigma","99","99","3",-0.400424641291194,NA
"3229","L2CompL3.qSigma.3","qSigma","99","99","3",0.226046847036877,NA
"3230","L2CompL32.qSigma.3","qSigma","99","99","3",0.294107638233414,NA
"3231","L2CompR1.qSigma.3","qSigma","99","99","3",-0.0974447935127899,NA
"3232","L2CompR12.qSigma.3","qSigma","99","99","3",-0.157798948945474,NA
"3233","L22CompL3.qSigma.3","qSigma","99","99","3",0.268580667922476,NA
"3234","L22CompL32.qSigma.3","qSigma","99","99","3",0.332901070581279,NA
"3235","L22CompR1.qSigma.3","qSigma","99","99","3",-0.037132977351315,NA
"3236","L22CompR12.qSigma.3","qSigma","99","99","3",-0.0941702746162318,NA
"3237","L3CompR1.qSigma.3","qSigma","99","99","3",-0.417973154203405,NA
"3238","L3CompR12.qSigma.3","qSigma","99","99","3",-0.495954819116346,NA
"3239","L32CompR1.qSigma.3","qSigma","99","99","3",-0.554691413243647,NA
"3240","L32CompR12.qSigma.3","qSigma","99","99","3",-0.640191921113771,NA
"3241","DCompL1.qConnect.3","qConnect","99","99","3",-0.589687895216583,NA
"3242","DCompL12.qConnect.3","qConnect","99","99","3",-0.144070172835684,NA
"3243","DCompL2.qConnect.3","qConnect","99","99","3",0.425748700253862,NA
"3244","DCompL22.qConnect.3","qConnect","99","99","3",0.460159984629317,NA
"3245","DCompL3.qConnect.3","qConnect","99","99","3",-0.231634101570984,NA
"3246","DCompL32.qConnect.3","qConnect","99","99","3",0.219788913490062,NA
"3247","DCompR1.qConnect.3","qConnect","99","99","3",0.377590221316115,NA
"3248","DCompR12.qConnect.3","qConnect","99","99","3",0.18533927818197,NA
"3249","L1CompL2.qConnect.3","qConnect","99","99","3",0.638764752833511,NA
"3250","L1CompL22.qConnect.3","qConnect","99","99","3",0.660411319105419,NA
"3251","L1CompL3.qConnect.3","qConnect","99","99","3",0.225235277140245,NA
"3252","L1CompL32.qConnect.3","qConnect","99","99","3",0.509204864138668,NA
"3253","L1CompR1.qConnect.3","qConnect","99","99","3",0.608470454762388,NA
"3254","L1CompR12.qConnect.3","qConnect","99","99","3",0.487534173047825,NA
"3255","L12CompL2.qConnect.3","qConnect","99","99","3",0.498062869410534,NA
"3256","L12CompL22.qConnect.3","qConnect","99","99","3",0.528140818466896,NA
"3257","L12CompL3.qConnect.3","qConnect","99","99","3",-0.0765372009640492,NA
"3258","L12CompL32.qConnect.3","qConnect","99","99","3",0.318039133407252,NA
"3259","L12CompR1.qConnect.3","qConnect","99","99","3",0.455968878953304,NA
"3260","L12CompR12.qConnect.3","qConnect","99","99","3",0.28792766286458,NA
"3261","L2CompL3.qConnect.3","qConnect","99","99","3",-1.14476502206518,NA
"3262","L2CompL32.qConnect.3","qConnect","99","99","3",-0.358657937482858,NA
"3263","L2CompR1.qConnect.3","qConnect","99","99","3",-0.0838630734645903,NA
"3264","L2CompR12.qConnect.3","qConnect","99","99","3",-0.418648459617192,NA
"3265","L22CompL3.qConnect.3","qConnect","99","99","3",-1.28147982087856,NA
"3266","L22CompL32.qConnect.3","qConnect","99","99","3",-0.445263530481719,NA
"3267","L22CompR1.qConnect.3","qConnect","99","99","3",-0.152952283940096,NA
"3268","L22CompR12.qConnect.3","qConnect","99","99","3",-0.509078057614237,NA
"3269","L3CompR1.qConnect.3","qConnect","99","99","3",0.494647170056444,NA
"3270","L3CompR12.qConnect.3","qConnect","99","99","3",0.338552967331038,NA
"3271","L32CompR1.qConnect.3","qConnect","99","99","3",0.20225463410413,NA
"3272","L32CompR12.qConnect.3","qConnect","99","99","3",-0.0441542499250969,NA
"3273","DCompL1.qTau1.3","qTau1","99","99","3",-2.16949017724562,NA
"3274","DCompL12.qTau1.3","qTau1","99","99","3",-1.0377287969025,NA
"3275","DCompL2.qTau1.3","qTau1","99","99","3",-1.24108723902752,NA
"3276","DCompL22.qTau1.3","qTau1","99","99","3",-1.31275974414017,NA
"3277","DCompL3.qTau1.3","qTau1","99","99","3",-1.46420463207894,NA
"3278","DCompL32.qTau1.3","qTau1","99","99","3",-0.446056369895908,NA
"3279","DCompR1.qTau1.3","qTau1","99","99","3",-1.19844774597737,NA
"3280","DCompR12.qTau1.3","qTau1","99","99","3",-1.1991004729901,NA
"3281","L1CompL2.qTau1.3","qTau1","99","99","3",0.292918698686397,NA
"3282","L1CompL22.qTau1.3","qTau1","99","99","3",0.270305438791414,NA
"3283","L1CompL3.qTau1.3","qTau1","99","99","3",0.222523341523524,NA
"3284","L1CompL32.qTau1.3","qTau1","99","99","3",0.543757421847392,NA
"3285","L1CompR1.qTau1.3","qTau1","99","99","3",0.306371806494166,NA
"3286","L1CompR12.qTau1.3","qTau1","99","99","3",0.30616586579827,NA
"3287","L12CompL2.qTau1.3","qTau1","99","99","3",-0.0997966178983853,NA
"3288","L12CompL22.qTau1.3","qTau1","99","99","3",-0.134969357873202,NA
"3289","L12CompL3.qTau1.3","qTau1","99","99","3",-0.209289791568296,NA
"3290","L12CompL32.qTau1.3","qTau1","99","99","3",0.290358769972716,NA
"3291","L12CompR1.qTau1.3","qTau1","99","99","3",-0.0788716090773072,NA
"3292","L12CompR12.qTau1.3","qTau1","99","99","3",-0.0791919299235988,NA
"3293","L2CompL3.qTau1.3","qTau1","99","99","3",-0.099557656286616,NA
"3294","L2CompL32.qTau1.3","qTau1","99","99","3",0.354752307400849,NA
"3295","L2CompR1.qTau1.3","qTau1","99","99","3",0.019026253109474,NA
"3296","L2CompR12.qTau1.3","qTau1","99","99","3",0.01873499848923,NA
"3297","L22CompL3.qTau1.3","qTau1","99","99","3",-0.0654823261787092,NA
"3298","L22CompL32.qTau1.3","qTau1","99","99","3",0.374748555893115,NA
"3299","L22CompR1.qTau1.3","qTau1","99","99","3",0.0494266637303898,NA
"3300","L22CompR12.qTau1.3","qTau1","99","99","3",0.0491444351009827,NA
"3301","L3CompR1.qTau1.3","qTau1","99","99","3",0.107846922549352,NA
"3302","L3CompR12.qTau1.3","qTau1","99","99","3",0.107582039104106,NA
"3303","L32CompR1.qTau1.3","qTau1","99","99","3",-0.520305702975894,NA
"3304","L32CompR12.qTau1.3","qTau1","99","99","3",-0.520757087186306,NA
"3305","DCompL1.qTau2.3","qTau2","99","99","3",-4.51139135814845,NA
"3306","DCompL12.qTau2.3","qTau2","99","99","3",-7.19971858955612,NA
"3307","DCompL2.qTau2.3","qTau2","99","99","3",-3.93266066837177,NA
"3308","DCompL22.qTau2.3","qTau2","99","99","3",-3.30547357132679,NA
"3309","DCompL3.qTau2.3","qTau2","99","99","3",-10.8442606562351,NA
"3310","DCompL32.qTau2.3","qTau2","99","99","3",-7.14380227768403,NA
"3311","DCompR1.qTau2.3","qTau2","99","99","3",-1.12102451100324,NA
"3312","DCompR12.qTau2.3","qTau2","99","99","3",-0.627234135558665,NA
"3313","L1CompL2.qTau2.3","qTau2","99","99","3",0.105006277393282,NA
"3314","L1CompL22.qTau2.3","qTau2","99","99","3",0.218804600954119,NA
"3315","L1CompL3.qTau2.3","qTau2","99","99","3",-1.14905091773672,NA
"3316","L1CompL32.qTau2.3","qTau2","99","99","3",-0.477630919031659,NA
"3317","L1CompR1.qTau2.3","qTau2","99","99","3",0.615156251267231,NA
"3318","L1CompR12.qTau2.3","qTau2","99","99","3",0.7047507553328,NA
"3319","L12CompL2.qTau2.3","qTau2","99","99","3",0.398435371348666,NA
"3320","L12CompL22.qTau2.3","qTau2","99","99","3",0.474924227666713,NA
"3321","L12CompL3.qTau2.3","qTau2","99","99","3",-0.444471603125627,NA
"3322","L12CompL32.qTau2.3","qTau2","99","99","3",0.0068192964504062,NA
"3323","L12CompR1.qTau2.3","qTau2","99","99","3",0.741329597127301,NA
"3324","L12CompR12.qTau2.3","qTau2","99","99","3",0.8015500022609,NA
"3325","L2CompL3.qTau2.3","qTau2","99","99","3",-1.40119105134893,NA
"3326","L2CompL32.qTau2.3","qTau2","99","99","3",-0.650995846907149,NA
"3327","L2CompR1.qTau2.3","qTau2","99","99","3",0.570003968729645,NA
"3328","L2CompR12.qTau2.3","qTau2","99","99","3",0.670110261994608,NA
"3329","L22CompL3.qTau2.3","qTau2","99","99","3",-1.75097743837391,NA
"3330","L22CompL32.qTau2.3","qTau2","99","99","3",-0.891499771806613,NA
"3331","L22CompR1.qTau2.3","qTau2","99","99","3",0.507365571785495,NA
"3332","L22CompR12.qTau2.3","qTau2","99","99","3",0.622054552512975,NA
"3333","L3CompR1.qTau2.3","qTau2","99","99","3",0.820923857337885,NA
"3334","L3CompR12.qTau2.3","qTau2","99","99","3",0.86261412317855,NA
"3335","L32CompR1.qTau2.3","qTau2","99","99","3",0.739553535476254,NA
"3336","L32CompR12.qTau2.3","qTau2","99","99","3",0.800187421050524,NA
"3337","DCompL1.qNPQ.3","qNPQ","99","99","3",0.849544456740958,NA
"3338","DCompL12.qNPQ.3","qNPQ","99","99","3",0.693495562040743,NA
"3339","DCompL2.qNPQ.3","qNPQ","99","99","3",0.649524684616614,NA
"3340","DCompL22.qNPQ.3","qNPQ","99","99","3",0.701666074334476,NA
"3341","DCompL3.qNPQ.3","qNPQ","99","99","3",0.756281213994923,NA
"3342","DCompL32.qNPQ.3","qNPQ","99","99","3",0.588418955330534,NA
"3343","DCompR1.qNPQ.3","qNPQ","99","99","3",0.472316864837716,NA
"3344","DCompR12.qNPQ.3","qNPQ","99","99","3",0.581306073452905,NA
"3345","L1CompL2.qNPQ.3","qNPQ","99","99","3",-1.32942773520791,NA
"3346","L1CompL22.qNPQ.3","qNPQ","99","99","3",-0.982870947811322,NA
"3347","L1CompL3.qNPQ.3","qNPQ","99","99","3",-0.619872426936518,NA
"3348","L1CompL32.qNPQ.3","qNPQ","99","99","3",-1.73556584060741,NA
"3349","L1CompR1.qNPQ.3","qNPQ","99","99","3",-2.50723624887494,NA
"3350","L1CompR12.qNPQ.3","qNPQ","99","99","3",-1.78284147913528,NA
"3351","L12CompL2.qNPQ.3","qNPQ","99","99","3",-0.143459186812733,NA
"3352","L12CompL22.qNPQ.3","qNPQ","99","99","3",0.0266570766418033,NA
"3353","L12CompL3.qNPQ.3","qNPQ","99","99","3",0.204844185527017,NA
"3354","L12CompL32.qNPQ.3","qNPQ","99","99","3",-0.342822464202545,NA
"3355","L12CompR1.qNPQ.3","qNPQ","99","99","3",-0.721616622178985,NA
"3356","L12CompR12.qNPQ.3","qNPQ","99","99","3",-0.366028920608162,NA
"3357","L2CompL3.qNPQ.3","qNPQ","99","99","3",0.304604988404184,NA
"3358","L2CompL32.qNPQ.3","qNPQ","99","99","3",-0.174351021609713,NA
"3359","L2CompR1.qNPQ.3","qNPQ","99","99","3",-0.505621400426019,NA
"3360","L2CompR12.qNPQ.3","qNPQ","99","99","3",-0.194645979814826,NA
"3361","L22CompL3.qNPQ.3","qNPQ","99","99","3",0.183067143767212,NA
"3362","L22CompL32.qNPQ.3","qNPQ","99","99","3",-0.379598527895576,NA
"3363","L22CompR1.qNPQ.3","qNPQ","99","99","3",-0.768766773624981,NA
"3364","L22CompR12.qNPQ.3","qNPQ","99","99","3",-0.403440542717599,NA
"3365","L3CompR1.qNPQ.3","qNPQ","99","99","3",-1.16513114894349,NA
"3366","L3CompR12.qNPQ.3","qNPQ","99","99","3",-0.71793866779877,NA
"3367","L32CompR1.qNPQ.3","qNPQ","99","99","3",-0.282088040730978,NA
"3368","L32CompR12.qNPQ.3","qNPQ","99","99","3",-0.0172818500019648,NA
"3369","DCompL1.qqP.3","qqP","99","99","3",0.766537205458503,NA
"3370","DCompL12.qqP.3","qqP","99","99","3",0.611384283103324,NA
"3371","DCompL2.qqP.3","qqP","99","99","3",0.540008887112421,NA
"3372","DCompL22.qqP.3","qqP","99","99","3",0.530261660441605,NA
"3373","DCompL3.qqP.3","qqP","99","99","3",0.672738379835553,NA
"3374","DCompL32.qqP.3","qqP","99","99","3",0.540873050926258,NA
"3375","DCompR1.qqP.3","qqP","99","99","3",0.320645153222043,NA
"3376","DCompR12.qqP.3","qqP","99","99","3",0.353521512293084,NA
"3377","L1CompL2.qqP.3","qqP","99","99","3",-0.97029729636778,NA
"3378","L1CompL22.qqP.3","qqP","99","99","3",-1.0120479602796,NA
"3379","L1CompL3.qqP.3","qqP","99","99","3",-0.401772050262498,NA
"3380","L1CompL32.qqP.3","qqP","99","99","3",-0.966595790885785,NA
"3381","L1CompR1.qqP.3","qqP","99","99","3",-1.90990625770653,NA
"3382","L1CompR12.qqP.3","qqP","99","99","3",-1.76908570796708,NA
"3383","L12CompL2.qqP.3","qqP","99","99","3",-0.183665747131579,NA
"3384","L12CompL22.qqP.3","qqP","99","99","3",-0.208747662882834,NA
"3385","L12CompL3.qqP.3","qqP","99","99","3",0.157878577897409,NA
"3386","L12CompL32.qqP.3","qqP","99","99","3",-0.181442049591145,NA
"3387","L12CompR1.qqP.3","qqP","99","99","3",-0.748140430868321,NA
"3388","L12CompR12.qqP.3","qqP","99","99","3",-0.66354179617187,NA
"3389","L2CompL3.qqP.3","qqP","99","99","3",0.28854795017653,NA
"3390","L2CompL32.qqP.3","qqP","99","99","3",0.0018786532818265,NA
"3391","L2CompR1.qqP.3","qqP","99","99","3",-0.47688689573442,NA
"3392","L2CompR12.qqP.3","qqP","99","99","3",-0.405415169107657,NA
"3393","L22CompL3.qqP.3","qqP","99","99","3",0.303310816672727,NA
"3394","L22CompL32.qqP.3","qqP","99","99","3",0.0225900029676712,NA
"3395","L22CompR1.qqP.3","qqP","99","99","3",-0.446241001781173,NA
"3396","L22CompR12.qqP.3","qqP","99","99","3",-0.376252337236676,NA
"3397","L3CompR1.qqP.3","qqP","99","99","3",-1.07587692817931,NA
"3398","L3CompR12.qqP.3","qqP","99","99","3",-0.975417977158654,NA
"3399","L32CompR1.qqP.3","qqP","99","99","3",-0.479666676392033,NA
"3400","L32CompR12.qqP.3","qqP","99","99","3",-0.408060426448815,NA
"3401","DCompL1.qABQ.3","qABQ","99","99","3",0,NA
"3402","DCompL12.qABQ.3","qABQ","99","99","3",0,NA
"3403","DCompL2.qABQ.3","qABQ","99","99","3",1,NA
"3404","DCompL22.qABQ.3","qABQ","99","99","3",1,NA
"3405","DCompL3.qABQ.3","qABQ","99","99","3",0,NA
"3406","DCompL32.qABQ.3","qABQ","99","99","3",0,NA
"3407","DCompR1.qABQ.3","qABQ","99","99","3",1,NA
"3408","DCompR12.qABQ.3","qABQ","99","99","3",1,NA
"3409","L1CompL2.qABQ.3","qABQ","99","99","3",1.04900800860774,NA
"3410","L1CompL22.qABQ.3","qABQ","99","99","3",1.19400491537186,NA
"3411","L1CompL3.qABQ.3","qABQ","99","99","3",0.48538433236852,NA
"3412","L1CompL32.qABQ.3","qABQ","99","99","3",0.315682016920236,NA
"3413","L1CompR1.qABQ.3","qABQ","99","99","3",1.2919761962644,NA
"3414","L1CompR12.qABQ.3","qABQ","99","99","3",1.44246283833525,NA
"3415","L12CompL2.qABQ.3","qABQ","99","99","3",1.12796621653043,NA
"3416","L12CompL22.qABQ.3","qABQ","99","99","3",1.5065717974209,NA
"3417","L12CompL3.qABQ.3","qABQ","99","99","3",-0.343727725832904,NA
"3418","L12CompL32.qABQ.3","qABQ","99","99","3",-0.786842307741041,NA
"3419","L12CompR1.qABQ.3","qABQ","99","99","3",1.76238741818615,NA
"3420","L12CompR12.qABQ.3","qABQ","99","99","3",2.15532740434861,NA
"3421","L2CompL3.qABQ.3","qABQ","99","99","3",11.5006443283671,NA
"3422","L2CompL32.qABQ.3","qABQ","99","99","3",14.963390933857,NA
"3423","L2CompR1.qABQ.3","qABQ","99","99","3",-4.95772414670738,NA
"3424","L2CompR12.qABQ.3","qABQ","99","99","3",-8.02837823664057,NA
"3425","L22CompL3.qABQ.3","qABQ","99","99","3",3.65259087196367,NA
"3426","L22CompL32.qABQ.3","qABQ","99","99","3",4.52732291224731,NA
"3427","L22CompR1.qABQ.3","qABQ","99","99","3",-0.50499380752676,NA
"3428","L22CompR12.qABQ.3","qABQ","99","99","3",-1.28067849459979,NA
"3429","L3CompR1.qABQ.3","qABQ","99","99","3",1.56736748340412,NA
"3430","L3CompR12.qABQ.3","qABQ","99","99","3",1.85979278550086,NA
"3431","L32CompR1.qABQ.3","qABQ","99","99","3",1.42666743163809,NA
"3432","L32CompR12.qABQ.3","qABQ","99","99","3",1.64657491002057,NA
"3433","DCompL1.qqm.3","qqm","99","99","3",0,NA
"3434","DCompL12.qqm.3","qqm","99","99","3",0,NA
"3435","DCompL2.qqm.3","qqm","99","99","3",0,NA
"3436","DCompL22.qqm.3","qqm","99","99","3",0,NA
"3437","DCompL3.qqm.3","qqm","99","99","3",0,NA
"3438","DCompL32.qqm.3","qqm","99","99","3",0,NA
"3439","DCompR1.qqm.3","qqm","99","99","3",0,NA
"3440","DCompR12.qqm.3","qqm","99","99","3",0,NA
"3441","L1CompL2.qqm.3","qqm","99","99","3",0.145028279612799,NA
"3442","L1CompL22.qqm.3","qqm","99","99","3",0.268141976821805,NA
"3443","L1CompL3.qqm.3","qqm","99","99","3",0.0179095022968763,NA
"3444","L1CompL32.qqm.3","qqm","99","99","3",0.0277041252204352,NA
"3445","L1CompR1.qqm.3","qqm","99","99","3",0.466922577972806,NA
"3446","L1CompR12.qqm.3","qqm","99","99","3",0.536759955259971,NA
"3447","L12CompL2.qqm.3","qqm","99","99","3",0.106379460913913,NA
"3448","L12CompL22.qqm.3","qqm","99","99","3",0.235058487185061,NA
"3449","L12CompL3.qqm.3","qqm","99","99","3",-0.0264856942769208,NA
"3450","L12CompL32.qqm.3","qqm","99","99","3",-0.0162483074623818,NA
"3451","L12CompR1.qqm.3","qqm","99","99","3",0.442824924044477,NA
"3452","L12CompR12.qqm.3","qqm","99","99","3",0.515819285438619,NA
"3453","L2CompL3.qqm.3","qqm","99","99","3",-0.148681850270268,NA
"3454","L2CompL32.qqm.3","qqm","99","99","3",-0.137225772028144,NA
"3455","L2CompR1.qqm.3","qqm","99","99","3",0.376497012338873,NA
"3456","L2CompR12.qqm.3","qqm","99","99","3",0.458180857104564,NA
"3457","L22CompL3.qqm.3","qqm","99","99","3",-0.341913959538572,NA
"3458","L22CompL32.qqm.3","qqm","99","99","3",-0.328530731353105,NA
"3459","L22CompR1.qqm.3","qqm","99","99","3",0.271610879235523,NA
"3460","L22CompR12.qqm.3","qqm","99","99","3",0.367035640699346,NA
"3461","L3CompR1.qqm.3","qqm","99","99","3",0.457201323835293,NA
"3462","L3CompR12.qqm.3","qqm","99","99","3",0.528312262644392,NA
"3463","L32CompR1.qqm.3","qqm","99","99","3",0.451733329478487,NA
"3464","L32CompR12.qqm.3","qqm","99","99","3",0.523560618988481,NA
"3465","DCompL1.qQuant.4","qQuant","99","99","4",0.881284360451142,NA
"3466","DCompL12.qQuant.4","qQuant","99","99","4",0.83954683310086,NA
"3467","DCompL2.qQuant.4","qQuant","99","99","4",0.74669487493097,NA
"3468","DCompL22.qQuant.4","qQuant","99","99","4",0.645772647206345,NA
"3469","DCompL3.qQuant.4","qQuant","99","99","4",0.863719108591742,NA
"3470","DCompL32.qQuant.4","qQuant","99","99","4",0.86733356910596,NA
"3471","DCompR1.qQuant.4","qQuant","99","99","4",0.453933385730435,NA
"3472","DCompR12.qQuant.4","qQuant","99","99","4",0.370809270962889,NA
"3473","L1CompL2.qQuant.4","qQuant","99","99","4",-1.13371318245547,NA
"3474","L1CompL22.qQuant.4","qQuant","99","99","4",-1.98383055627538,NA
"3475","L1CompL3.qQuant.4","qQuant","99","99","4",-0.147960723002896,NA
"3476","L1CompL32.qQuant.4","qQuant","99","99","4",-0.117514351084645,NA
"3477","L1CompR1.qQuant.4","qQuant","99","99","4",-3.59978665275042,NA
"3478","L1CompR12.qQuant.4","qQuant","99","99","4",-4.2999818004448,NA
"3479","L12CompL2.qQuant.4","qQuant","99","99","4",-0.578685730947623,NA
"3480","L12CompL22.qQuant.4","qQuant","99","99","4",-1.20766819153106,NA
"3481","L12CompL3.qQuant.4","qQuant","99","99","4",0.15065003675544,NA
"3482","L12CompL32.qQuant.4","qQuant","99","99","4",0.173176613102104,NA
"3483","L12CompR1.qQuant.4","qQuant","99","99","4",-2.40327726041593,NA
"3484","L12CompR12.qQuant.4","qQuant","99","99","4",-2.92133568440327,NA
"3485","L2CompL3.qQuant.4","qQuant","99","99","4",0.461989206214761,NA
"3486","L2CompL32.qQuant.4","qQuant","99","99","4",0.476258402360053,NA
"3487","L2CompR1.qQuant.4","qQuant","99","99","4",-1.15576615009567,NA
"3488","L2CompR12.qQuant.4","qQuant","99","99","4",-1.4839241956342,NA
"3489","L22CompL3.qQuant.4","qQuant","99","99","4",0.615272817490059,NA
"3490","L22CompL32.qQuant.4","qQuant","99","99","4",0.62547660465023,NA
"3491","L22CompR1.qQuant.4","qQuant","99","99","4",-0.541570999424375,NA
"3492","L22CompR12.qQuant.4","qQuant","99","99","4",-0.776234172982198,NA
"3493","L3CompR1.qQuant.4","qQuant","99","99","4",-3.00691988896454,NA
"3494","L3CompR12.qQuant.4","qQuant","99","99","4",-3.61686684417289,NA
"3495","L32CompR1.qQuant.4","qQuant","99","99","4",-3.11608732208756,NA
"3496","L32CompR12.qQuant.4","qQuant","99","99","4",-3.74265211475871,NA
"3497","DCompL1.qSigma.4","qSigma","99","99","4",0.3985972172927,NA
"3498","DCompL12.qSigma.4","qSigma","99","99","4",0.12229255987153,NA
"3499","DCompL2.qSigma.4","qSigma","99","99","4",0.0216179386793387,NA
"3500","DCompL22.qSigma.4","qSigma","99","99","4",-0.0791932770428285,NA
"3501","DCompL3.qSigma.4","qSigma","99","99","4",0.190398256845456,NA
"3502","DCompL32.qSigma.4","qSigma","99","99","4",0.243128585145024,NA
"3503","DCompR1.qSigma.4","qSigma","99","99","4",-0.148550270195465,NA
"3504","DCompR12.qSigma.4","qSigma","99","99","4",-0.258817297895581,NA
"3505","L1CompL2.qSigma.4","qSigma","99","99","4",-0.62683327954742,NA
"3506","L1CompL22.qSigma.4","qSigma","99","99","4",-0.794460065822586,NA
"3507","L1CompL3.qSigma.4","qSigma","99","99","4",-0.346188887770035,NA
"3508","L1CompL32.qSigma.4","qSigma","99","99","4",-0.258509997988057,NA
"3509","L1CompR1.qSigma.4","qSigma","99","99","4",-0.909785427039601,NA
"3510","L1CompR12.qSigma.4","qSigma","99","99","4",-1.09313514019479,NA
"3511","L12CompL2.qSigma.4","qSigma","99","99","4",-0.114701797648491,NA
"3512","L12CompL22.qSigma.4","qSigma","99","99","4",-0.229559221789058,NA
"3513","L12CompL3.qSigma.4","qSigma","99","99","4",0.0775949865070729,NA
"3514","L12CompL32.qSigma.4","qSigma","99","99","4",0.137672326505296,NA
"3515","L12CompR1.qSigma.4","qSigma","99","99","4",-0.308579849827126,NA
"3516","L12CompR12.qSigma.4","qSigma","99","99","4",-0.434210581274471,NA
"3517","L2CompL3.qSigma.4","qSigma","99","99","4",0.172509620565089,NA
"3518","L2CompL32.qSigma.4","qSigma","99","99","4",0.226405057106915,NA
"3519","L2CompR1.qSigma.4","qSigma","99","99","4",-0.173928177551726,NA
"3520","L2CompR12.qSigma.4","qSigma","99","99","4",-0.286631621389682,NA
"3521","L22CompL3.qSigma.4","qSigma","99","99","4",0.249808388935678,NA
"3522","L22CompL32.qSigma.4","qSigma","99","99","4",0.298669264388923,NA
"3523","L22CompR1.qSigma.4","qSigma","99","99","4",-0.0642674436804191,NA
"3524","L22CompR12.qSigma.4","qSigma","99","99","4",-0.166442864937922,NA
"3525","L3CompR1.qSigma.4","qSigma","99","99","4",-0.418660816761877,NA
"3526","L3CompR12.qSigma.4","qSigma","99","99","4",-0.554859915432873,NA
"3527","L32CompR1.qSigma.4","qSigma","99","99","4",-0.517497222980127,NA
"3528","L32CompR12.qSigma.4","qSigma","99","99","4",-0.663185150329377,NA
"3529","DCompL1.qConnect.4","qConnect","99","99","4",-0.607507518150027,NA
"3530","DCompL12.qConnect.4","qConnect","99","99","4",0.475204786895314,NA
"3531","DCompL2.qConnect.4","qConnect","99","99","4",0.164215042116313,NA
"3532","DCompL22.qConnect.4","qConnect","99","99","4",0.127995303510588,NA
"3533","DCompL3.qConnect.4","qConnect","99","99","4",-0.169695206632019,NA
"3534","DCompL32.qConnect.4","qConnect","99","99","4",-0.194365625384088,NA
"3535","DCompR1.qConnect.4","qConnect","99","99","4",0.202860273997885,NA
"3536","DCompR12.qConnect.4","qConnect","99","99","4",0.261267491643401,NA
"3537","L1CompL2.qConnect.4","qConnect","99","99","4",0.480073997510422,NA
"3538","L1CompL22.qConnect.4","qConnect","99","99","4",0.45754238369414,NA
"3539","L1CompL3.qConnect.4","qConnect","99","99","4",0.27235475204611,NA
"3540","L1CompL32.qConnect.4","qConnect","99","99","4",0.257007751504265,NA
"3541","L1CompR1.qConnect.4","qConnect","99","99","4",0.504114464783661,NA
"3542","L1CompR12.qConnect.4","qConnect","99","99","4",0.540448489344077,NA
"3543","L12CompL2.qConnect.4","qConnect","99","99","4",-0.592592571375009,NA
"3544","L12CompL22.qConnect.4","qConnect","99","99","4",-0.661609471112813,NA
"3545","L12CompL3.qConnect.4","qConnect","99","99","4",-1.22886028192237,NA
"3546","L12CompL32.qConnect.4","qConnect","99","99","4",-1.27586989278776,NA
"3547","L12CompR1.qConnect.4","qConnect","99","99","4",-0.518953881622206,NA
"3548","L12CompR12.qConnect.4","qConnect","99","99","4",-0.407658625516535,NA
"3549","L2CompL3.qConnect.4","qConnect","99","99","4",-0.39951693985237,NA
"3550","L2CompL32.qConnect.4","qConnect","99","99","4",-0.429034602882029,NA
"3551","L2CompR1.qConnect.4","qConnect","99","99","4",0.0462382476701025,NA
"3552","L2CompR12.qConnect.4","qConnect","99","99","4",0.116121316388413,NA
"3553","L22CompL3.qConnect.4","qConnect","99","99","4",-0.341386361038047,NA
"3554","L22CompL32.qConnect.4","qConnect","99","99","4",-0.369677973286683,NA
"3555","L22CompR1.qConnect.4","qConnect","99","99","4",0.0858538615545247,NA
"3556","L22CompR12.qConnect.4","qConnect","99","99","4",0.152834254986643,NA
"3557","L3CompR1.qConnect.4","qConnect","99","99","4",0.318506460928935,NA
"3558","L3CompR12.qConnect.4","qConnect","99","99","4",0.368440167859044,NA
"3559","L32CompR1.qConnect.4","qConnect","99","99","4",0.332583164601905,NA
"3560","L32CompR12.qConnect.4","qConnect","99","99","4",0.381485457504661,NA
"3561","DCompL1.qTau1.4","qTau1","99","99","4",-1.92790299072426,NA
"3562","DCompL12.qTau1.4","qTau1","99","99","4",-0.221779893216338,NA
"3563","DCompL2.qTau1.4","qTau1","99","99","4",-1.20240742871112,NA
"3564","DCompL22.qTau1.4","qTau1","99","99","4",-1.12207215312715,NA
"3565","DCompL3.qTau1.4","qTau1","99","99","4",-0.505506439838171,NA
"3566","DCompL32.qTau1.4","qTau1","99","99","4",-0.494657663856136,NA
"3567","DCompR1.qTau1.4","qTau1","99","99","4",-0.762429324935642,NA
"3568","DCompR12.qTau1.4","qTau1","99","99","4",-1.00401012089935,NA
"3569","L1CompL2.qTau1.4","qTau1","99","99","4",0.247786748506199,NA
"3570","L1CompL22.qTau1.4","qTau1","99","99","4",0.275224568624717,NA
"3571","L1CompL3.qTau1.4","qTau1","99","99","4",0.485807267314631,NA
"3572","L1CompL32.qTau1.4","qTau1","99","99","4",0.489512573131252,NA
"3573","L1CompR1.qTau1.4","qTau1","99","99","4",0.398057473038175,NA
"3574","L1CompR12.qTau1.4","qTau1","99","99","4",0.315547636910051,NA
"3575","L12CompL2.qTau1.4","qTau1","99","99","4",-0.802622093340621,NA
"3576","L12CompL22.qTau1.4","qTau1","99","99","4",-0.736869435247289,NA
"3577","L12CompL3.qTau1.4","qTau1","99","99","4",-0.23222394491607,NA
"3578","L12CompL32.qTau1.4","qTau1","99","99","4",-0.223344460123211,NA
"3579","L12CompR1.qTau1.4","qTau1","99","99","4",-0.442509681752941,NA
"3580","L12CompR12.qTau1.4","qTau1","99","99","4",-0.640238255700693,NA
"3581","L2CompL3.qTau1.4","qTau1","99","99","4",0.316426915287324,NA
"3582","L2CompL32.qTau1.4","qTau1","99","99","4",0.321352786786215,NA
"3583","L2CompR1.qTau1.4","qTau1","99","99","4",0.199771440124935,NA
"3584","L2CompR12.qTau1.4","qTau1","99","99","4",0.0900820189876838,NA
"3585","L22CompL3.qTau1.4","qTau1","99","99","4",0.290548892213864,NA
"3586","L22CompL32.qTau1.4","qTau1","99","99","4",0.295661242407069,NA
"3587","L22CompR1.qTau1.4","qTau1","99","99","4",0.169477191273412,NA
"3588","L22CompR12.qTau1.4","qTau1","99","99","4",0.0556352582327748,NA
"3589","L3CompR1.qTau1.4","qTau1","99","99","4",-0.170655454071049,NA
"3590","L3CompR12.qTau1.4","qTau1","99","99","4",-0.331120258186846,NA
"3591","L32CompR1.qTau1.4","qTau1","99","99","4",-0.179152502646439,NA
"3592","L32CompR12.qTau1.4","qTau1","99","99","4",-0.340782019428521,NA
"3593","DCompL1.qTau2.4","qTau2","99","99","4",-2.68465774489449,NA
"3594","DCompL12.qTau2.4","qTau2","99","99","4",-9.83929606532582,NA
"3595","DCompL2.qTau2.4","qTau2","99","99","4",-4.82990422243854,NA
"3596","DCompL22.qTau2.4","qTau2","99","99","4",-3.0589944906111,NA
"3597","DCompL3.qTau2.4","qTau2","99","99","4",-4.61894529584245,NA
"3598","DCompL32.qTau2.4","qTau2","99","99","4",-5.6465522781317,NA
"3599","DCompR1.qTau2.4","qTau2","99","99","4",-0.62232443886621,NA
"3600","DCompR12.qTau2.4","qTau2","99","99","4",-0.856895254643817,NA
"3601","L1CompL2.qTau2.4","qTau2","99","99","4",-0.582210513450409,NA
"3602","L1CompL22.qTau2.4","qTau2","99","99","4",-0.101593355918957,NA
"3603","L1CompL3.qTau2.4","qTau2","99","99","4",-0.524957183235847,NA
"3604","L1CompL32.qTau2.4","qTau2","99","99","4",-0.803845224794962,NA
"3605","L1CompR1.qTau2.4","qTau2","99","99","4",0.559708241256838,NA
"3606","L1CompR12.qTau2.4","qTau2","99","99","4",0.496046747566513,NA
"3607","L12CompL2.qTau2.4","qTau2","99","99","4",0.462151030168093,NA
"3608","L12CompL22.qTau2.4","qTau2","99","99","4",0.625529696195351,NA
"3609","L12CompL3.qTau2.4","qTau2","99","99","4",0.481613449620859,NA
"3610","L12CompL32.qTau2.4","qTau2","99","99","4",0.386809601096369,NA
"3611","L12CompR1.qTau2.4","qTau2","99","99","4",0.850329354499697,NA
"3612","L12CompR12.qTau2.4","qTau2","99","99","4",0.82868857502805,NA
"3613","L2CompL3.qTau2.4","qTau2","99","99","4",0.036185659068658,NA
"3614","L2CompL32.qTau2.4","qTau2","99","99","4",-0.140079154739796,NA
"3615","L2CompR1.qTau2.4","qTau2","99","99","4",0.721723654974966,NA
"3616","L2CompR12.qTau2.4","qTau2","99","99","4",0.681487862614129,NA
"3617","L22CompL3.qTau2.4","qTau2","99","99","4",-0.384319517762266,NA
"3618","L22CompL32.qTau2.4","qTau2","99","99","4",-0.637487385978451,NA
"3619","L22CompR1.qTau2.4","qTau2","99","99","4",0.600313712517022,NA
"3620","L22CompR12.qTau2.4","qTau2","99","99","4",0.542523337013879,NA
"3621","L3CompR1.qTau2.4","qTau2","99","99","4",0.711275986248417,NA
"3622","L3CompR12.qTau2.4","qTau2","99","99","4",0.669529572388298,NA
"3623","L32CompR1.qTau2.4","qTau2","99","99","4",0.755914890761645,NA
"3624","L32CompR12.qTau2.4","qTau2","99","99","4",0.720622786530496,NA
"3625","DCompL1.qNPQ.4","qNPQ","99","99","4",0.853289265950943,NA
"3626","DCompL12.qNPQ.4","qNPQ","99","99","4",0.704115351205451,NA
"3627","DCompL2.qNPQ.4","qNPQ","99","99","4",0.649352987279964,NA
"3628","DCompL22.qNPQ.4","qNPQ","99","99","4",0.696939575631472,NA
"3629","DCompL3.qNPQ.4","qNPQ","99","99","4",0.760939858259064,NA
"3630","DCompL32.qNPQ.4","qNPQ","99","99","4",0.594124175314874,NA
"3631","DCompR1.qNPQ.4","qNPQ","99","99","4",0.480392621401598,NA
"3632","DCompR12.qNPQ.4","qNPQ","99","99","4",0.587186893407758,NA
"3633","L1CompL2.qNPQ.4","qNPQ","99","99","4",-1.3900569715832,NA
"3634","L1CompL22.qNPQ.4","qNPQ","99","99","4",-1.06570041607993,NA
"3635","L1CompL3.qNPQ.4","qNPQ","99","99","4",-0.629465923474969,NA
"3636","L1CompL32.qNPQ.4","qNPQ","99","99","4",-1.7665039461217,NA
"3637","L1CompR1.qNPQ.4","qNPQ","99","99","4",-2.54171344016763,NA
"3638","L1CompR12.qNPQ.4","qNPQ","99","99","4",-1.81378938813166,NA
"3639","L12CompL2.qNPQ.4","qNPQ","99","99","4",-0.185080111957791,NA
"3640","L12CompL22.qNPQ.4","qNPQ","99","99","4",-0.024251936027141,NA
"3641","L12CompL3.qNPQ.4","qNPQ","99","99","4",0.192049527696416,NA
"3642","L12CompL32.qNPQ.4","qNPQ","99","99","4",-0.371736676230709,NA
"3643","L12CompR1.qNPQ.4","qNPQ","99","99","4",-0.756114691030142,NA
"3644","L12CompR12.qNPQ.4","qNPQ","99","99","4",-0.395182576298114,NA
"3645","L2CompL3.qNPQ.4","qNPQ","99","99","4",0.318231346428703,NA
"3646","L2CompL32.qNPQ.4","qNPQ","99","99","4",-0.157505439834405,NA
"3647","L2CompR1.qNPQ.4","qNPQ","99","99","4",-0.481853145040957,NA
"3648","L2CompR12.qNPQ.4","qNPQ","99","99","4",-0.177289671997978,NA
"3649","L22CompL3.qNPQ.4","qNPQ","99","99","4",0.211179941297006,NA
"3650","L22CompL32.qNPQ.4","qNPQ","99","99","4",-0.339257098747978,NA
"3651","L22CompR1.qNPQ.4","qNPQ","99","99","4",-0.714533923989193,NA
"3652","L22CompR12.qNPQ.4","qNPQ","99","99","4",-0.362147853690895,NA
"3653","L3CompR1.qNPQ.4","qNPQ","99","99","4",-1.17354250195956,NA
"3654","L3CompR12.qNPQ.4","qNPQ","99","99","4",-0.726816957381367,NA
"3655","L32CompR1.qNPQ.4","qNPQ","99","99","4",-0.280212683279444,NA
"3656","L32CompR12.qNPQ.4","qNPQ","99","99","4",-0.017092128885721,NA
"3657","DCompL1.qqP.4","qqP","99","99","4",0.767437100721571,NA
"3658","DCompL12.qqP.4","qqP","99","99","4",0.614932518199707,NA
"3659","DCompL2.qqP.4","qqP","99","99","4",0.534364673880511,NA
"3660","DCompL22.qqP.4","qqP","99","99","4",0.525603843959792,NA
"3661","DCompL3.qqP.4","qqP","99","99","4",0.672796989108126,NA
"3662","DCompL32.qqP.4","qqP","99","99","4",0.545256250141459,NA
"3663","DCompR1.qqP.4","qqP","99","99","4",0.317513930874904,NA
"3664","DCompR12.qqP.4","qqP","99","99","4",0.341531178689796,NA
"3665","L1CompL2.qqP.4","qqP","99","99","4",-1.0021909236779,NA
"3666","L1CompL22.qqP.4","qqP","99","99","4",-1.03986172133264,NA
"3667","L1CompL3.qqP.4","qqP","99","99","4",-0.406944151053685,NA
"3668","L1CompL32.qqP.4","qqP","99","99","4",-0.955358104278326,NA
"3669","L1CompR1.qqP.4","qqP","99","99","4",-1.93463003446654,NA
"3670","L1CompR12.qqP.4","qqP","99","99","4",-1.83135798252098,NA
"3671","L12CompL2.qqP.4","qqP","99","99","4",-0.209230454731,NA
"3672","L12CompL22.qqP.4","qqP","99","99","4",-0.231981869313606,NA
"3673","L12CompL3.qqP.4","qqP","99","99","4",0.150270987926291,NA
"3674","L12CompL32.qqP.4","qqP","99","99","4",-0.180945603956204,NA
"3675","L12CompR1.qqP.4","qqP","99","99","4",-0.772380430397012,NA
"3676","L12CompR12.qqP.4","qqP","99","99","4",-0.710008900859889,NA
"3677","L2CompL3.qqP.4","qqP","99","99","4",0.297297708018166,NA
"3678","L2CompL32.qqP.4","qqP","99","99","4",0.0233907859863554,NA
"3679","L2CompR1.qqP.4","qqP","99","99","4",-0.465709388531144,NA
"3680","L2CompR12.qqP.4","qqP","99","99","4",-0.414129865957014,NA
"3681","L22CompL3.qqP.4","qqP","99","99","4",0.310274742478855,NA
"3682","L22CompL32.qqP.4","qqP","99","99","4",0.0414261497093594,NA
"3683","L22CompR1.qqP.4","qqP","99","99","4",-0.438641650939625,NA
"3684","L22CompR12.qqP.4","qqP","99","99","4",-0.388014664381882,NA
"3685","L3CompR1.qqP.4","qqP","99","99","4",-1.08581842589043,NA
"3686","L3CompR12.qqP.4","qqP","99","99","4",-1.01241675470951,NA
"3687","L32CompR1.qqP.4","qqP","99","99","4",-0.50081462216336,NA
"3688","L32CompR12.qqP.4","qqP","99","99","4",-0.447999717456339,NA
"3689","DCompL1.qABQ.4","qABQ","99","99","4",0,NA
"3690","DCompL12.qABQ.4","qABQ","99","99","4",0,NA
"3691","DCompL2.qABQ.4","qABQ","99","99","4",0,NA
"3692","DCompL22.qABQ.4","qABQ","99","99","4",1,NA
"3693","DCompL3.qABQ.4","qABQ","99","99","4",0,NA
"3694","DCompL32.qABQ.4","qABQ","99","99","4",0,NA
"3695","DCompR1.qABQ.4","qABQ","99","99","4",1,NA
"3696","DCompR12.qABQ.4","qABQ","99","99","4",1,NA
"3697","L1CompL2.qABQ.4","qABQ","99","99","4",0.945764953337684,NA
"3698","L1CompL22.qABQ.4","qABQ","99","99","4",1.19867995461864,NA
"3699","L1CompL3.qABQ.4","qABQ","99","99","4",0.522329186995702,NA
"3700","L1CompL32.qABQ.4","qABQ","99","99","4",0.390039431794408,NA
"3701","L1CompR1.qABQ.4","qABQ","99","99","4",1.37268265745664,NA
"3702","L1CompR12.qABQ.4","qABQ","99","99","4",1.64932038325176,NA
"3703","L12CompL2.qABQ.4","qABQ","99","99","4",0.823227686933295,NA
"3704","L12CompL22.qABQ.4","qABQ","99","99","4",1.64757232268276,NA
"3705","L12CompL3.qABQ.4","qABQ","99","99","4",-0.556907934918276,NA
"3706","L12CompL32.qABQ.4","qABQ","99","99","4",-0.988089752969689,NA
"3707","L12CompR1.qABQ.4","qABQ","99","99","4",2.21471224702073,NA
"3708","L12CompR12.qABQ.4","qABQ","99","99","4",3.11637811954767,NA
"3709","L2CompL3.qABQ.4","qABQ","99","99","4",-7.80741960043694,NA
"3710","L2CompL32.qABQ.4","qABQ","99","99","4",-10.2466127668957,NA
"3711","L2CompR1.qABQ.4","qABQ","99","99","4",7.87162048144016,NA
"3712","L2CompR12.qABQ.4","qABQ","99","99","4",12.9723393490306,NA
"3713","L22CompL3.qABQ.4","qABQ","99","99","4",3.40422247891682,NA
"3714","L22CompL32.qABQ.4","qABQ","99","99","4",4.07006597306913,NA
"3715","L22CompR1.qABQ.4","qABQ","99","99","4",-0.875793953003451,NA
"3716","L22CompR12.qABQ.4","qABQ","99","99","4",-2.26817259696947,NA
"3717","L3CompR1.qABQ.4","qABQ","99","99","4",1.78020814190563,NA
"3718","L3CompR12.qABQ.4","qABQ","99","99","4",2.35934699289638,NA
"3719","L32CompR1.qABQ.4","qABQ","99","99","4",1.61099467225072,NA
"3720","L32CompR12.qABQ.4","qABQ","99","99","4",2.06452845822798,NA
"3721","DCompL1.qqm.4","qqm","99","99","4",0,NA
"3722","DCompL12.qqm.4","qqm","99","99","4",0,NA
"3723","DCompL2.qqm.4","qqm","99","99","4",0,NA
"3724","DCompL22.qqm.4","qqm","99","99","4",0,NA
"3725","DCompL3.qqm.4","qqm","99","99","4",0,NA
"3726","DCompL32.qqm.4","qqm","99","99","4",0,NA
"3727","DCompR1.qqm.4","qqm","99","99","4",0,NA
"3728","DCompR12.qqm.4","qqm","99","99","4",0,NA
"3729","L1CompL2.qqm.4","qqm","99","99","4",0.152719702697633,NA
"3730","L1CompL22.qqm.4","qqm","99","99","4",0.267236914455438,NA
"3731","L1CompL3.qqm.4","qqm","99","99","4",0.0199314235536963,NA
"3732","L1CompL32.qqm.4","qqm","99","99","4",0.0158300679908133,NA
"3733","L1CompR1.qqm.4","qqm","99","99","4",0.484918369028971,NA
"3734","L1CompR12.qqm.4","qqm","99","99","4",0.579239927992066,NA
"3735","L12CompL2.qqm.4","qqm","99","99","4",0.110597711180616,NA
"3736","L12CompL22.qqm.4","qqm","99","99","4",0.230808071991424,NA
"3737","L12CompL3.qqm.4","qqm","99","99","4",-0.0287920513041564,NA
"3738","L12CompL32.qqm.4","qqm","99","99","4",-0.0330973031039495,NA
"3739","L12CompR1.qqm.4","qqm","99","99","4",0.459311419169036,NA
"3740","L12CompR12.qqm.4","qqm","99","99","4",0.558322113379539,NA
"3741","L2CompL3.qqm.4","qqm","99","99","4",-0.156722963541956,NA
"3742","L2CompL32.qqm.4","qqm","99","99","4",-0.161563576000361,NA
"3743","L2CompR1.qqm.4","qqm","99","99","4",0.392076467951653,NA
"3744","L2CompR12.qqm.4","qqm","99","99","4",0.503399201719217,NA
"3745","L22CompL3.qqm.4","qqm","99","99","4",-0.337497201729196,NA
"3746","L22CompL32.qqm.4","qqm","99","99","4",-0.343094311687096,NA
"3747","L22CompR1.qqm.4","qqm","99","99","4",0.297069351428588,NA
"3748","L22CompR12.qqm.4","qqm","99","99","4",0.425789753457297,NA
"3749","L3CompR1.qqm.4","qqm","99","99","4",0.474443275348448,NA
"3750","L3CompR12.qqm.4","qqm","99","99","4",0.570683029616564,NA
"3751","L32CompR1.qqm.4","qqm","99","99","4",0.476633440812922,NA
"3752","L32CompR12.qqm.4","qqm","99","99","4",0.572472132786102,NA
"3753","DCampL1.mQuant.1","mQuant","99","99","1",0.880733568864895,NA
"3754","DCampL2.mQuant.1","mQuant","99","99","1",0.720512179872922,NA
"3755","DCampL3.mQuant.1","mQuant","99","99","1",0.878529383739149,NA
"3756","DCampR1.mQuant.1","mQuant","99","99","1",0.446239661969875,NA
"3757","L1CampL2.mQuant.1","mQuant","99","99","1",-1.34339048688791,NA
"3758","L1CampL3.mQuant.1","mQuant","99","99","1",-0.0184811862379645,NA
"3759","L1CampR1.mQuant.1","mQuant","99","99","1",-3.64305280840359,NA
"3760","L2CampL3.mQuant.1","mQuant","99","99","1",0.565381360069215,NA
"3761","L2CampR1.mQuant.1","mQuant","99","99","1",-0.981339787108931,NA
"3762","L3CampR1.mQuant.1","mQuant","99","99","1",-3.55880076249024,NA
"3763","DCampL1.mSigma.1","mSigma","99","99","1",0.312188427015085,NA
"3764","DCampL2.mSigma.1","mSigma","99","99","1",-0.0295229232096292,NA
"3765","DCampL3.mSigma.1","mSigma","99","99","1",0.24980683129224,NA
"3766","DCampR1.mSigma.1","mSigma","99","99","1",-0.141530718128449,NA
"3767","L1CampL2.mSigma.1","mSigma","99","99","1",-0.496809538609214,NA
"3768","L1CampL3.mSigma.1","mSigma","99","99","1",-0.0906957634517924,NA
"3769","L1CampR1.mSigma.1","mSigma","99","99","1",-0.659656165967832,NA
"3770","L2CampL3.mSigma.1","mSigma","99","99","1",0.27131960659121,NA
"3771","L2CampR1.mSigma.1","mSigma","99","99","1",-0.108795824156712,NA
"3772","L3CampR1.mSigma.1","mSigma","99","99","1",-0.521649044198554,NA
"3773","DCampL1.mConnect.1","mConnect","99","99","1",-0.207642204544764,NA
"3774","DCampL2.mConnect.1","mConnect","99","99","1",0.321743244414978,NA
"3775","DCampL3.mConnect.1","mConnect","99","99","1",0.0716628971267875,NA
"3776","DCampR1.mConnect.1","mConnect","99","99","1",0.413762784020251,NA
"3777","L1CampL2.mConnect.1","mConnect","99","99","1",0.438362825485468,NA
"3778","L1CampL3.mConnect.1","mConnect","99","99","1",0.231281335332959,NA
"3779","L1CampR1.mConnect.1","mConnect","99","99","1",0.514560509914657,NA
"3780","L2CampL3.mConnect.1","mConnect","99","99","1",-0.368710440742293,NA
"3781","L2CampR1.mConnect.1","mConnect","99","99","1",0.135670656941562,NA
"3782","L3CampR1.mConnect.1","mConnect","99","99","1",0.368508256143873,NA
"3783","DCampL1.mTau1.1","mTau1","99","99","1",-2.71792337374961,NA
"3784","DCampL2.mTau1.1","mTau1","99","99","1",-1.62362798343722,NA
"3785","DCampL3.mTau1.1","mTau1","99","99","1",-1.13852625695097,NA
"3786","DCampR1.mTau1.1","mTau1","99","99","1",-1.54703775460919,NA
"3787","L1CampL2.mTau1.1","mTau1","99","99","1",0.294329732032312,NA
"3788","L1CampL3.mTau1.1","mTau1","99","99","1",0.424806258232747,NA
"3789","L1CampR1.mTau1.1","mTau1","99","99","1",0.314930002970868,NA
"3790","L2CampL3.mTau1.1","mTau1","99","99","1",0.18489729853038,NA
"3791","L2CampR1.mTau1.1","mTau1","99","99","1",0.0291924881543957,NA
"3792","L3CampR1.mTau1.1","mTau1","99","99","1",-0.191024775277092,NA
"3793","DCampL1.mTau2.1","mTau2","99","99","1",-9.06687561967011,NA
"3794","DCampL2.mTau2.1","mTau2","99","99","1",-4.52169561542509,NA
"3795","DCampL3.mTau2.1","mTau2","99","99","1",-13.7882493924856,NA
"3796","DCampR1.mTau2.1","mTau2","99","99","1",-1.11026951762394,NA
"3797","L1CampL2.mTau2.1","mTau2","99","99","1",0.451498575721348,NA
"3798","L1CampL3.mTau2.1","mTau2","99","99","1",-0.46900090466899,NA
"3799","L1CampR1.mTau2.1","mTau2","99","99","1",0.79037492889049,NA
"3800","L2CampL3.mTau2.1","mTau2","99","99","1",-1.67820800392799,NA
"3801","L2CampR1.mTau2.1","mTau2","99","99","1",0.617822193652108,NA
"3802","L3CampR1.mTau2.1","mTau2","99","99","1",0.857300924428808,NA
"3803","DCampL1.mNPQ.1","mNPQ","99","99","1",0.830098999181623,NA
"3804","DCampL2.mNPQ.1","mNPQ","99","99","1",0.723289867160526,NA
"3805","DCampL3.mNPQ.1","mNPQ","99","99","1",0.723950813702423,NA
"3806","DCampR1.mNPQ.1","mNPQ","99","99","1",0.581183483870753,NA
"3807","L1CampL2.mNPQ.1","mNPQ","99","99","1",-0.628655108013608,NA
"3808","L1CampL3.mNPQ.1","mNPQ","99","99","1",-0.624764921736224,NA
"3809","L1CampR1.mNPQ.1","mNPQ","99","99","1",-1.46506208975754,NA
"3810","L2CampL3.mNPQ.1","mNPQ","99","99","1",0.00238858814137062,NA
"3811","L2CampR1.mNPQ.1","mNPQ","99","99","1",-0.513556846767919,NA
"3812","L3CampR1.mNPQ.1","mNPQ","99","99","1",-0.517180766755707,NA
"3813","DCampL1.mqP.1","mqP","99","99","1",0.75729040826847,NA
"3814","DCampL2.mqP.1","mqP","99","99","1",0.588989930219601,NA
"3815","DCampL3.mqP.1","mqP","99","99","1",0.666953476761838,NA
"3816","DCampR1.mqP.1","mqP","99","99","1",0.374709176933014,NA
"3817","L1CampL2.mqP.1","mqP","99","99","1",-0.693423267074804,NA
"3818","L1CampL3.mqP.1","mqP","99","99","1",-0.372201736495674,NA
"3819","L1CampR1.mqP.1","mqP","99","99","1",-1.57629217949756,NA
"3820","L2CampL3.mqP.1","mqP","99","99","1",0.189687679875808,NA
"3821","L2CampR1.mqP.1","mqP","99","99","1",-0.52135158975807,NA
"3822","L3CampR1.mqP.1","mqP","99","99","1",-0.877487916665145,NA
"3823","DCampL1.mABQ.1","mABQ","99","99","1",0,NA
"3824","DCampL2.mABQ.1","mABQ","99","99","1",1,NA
"3825","DCampL3.mABQ.1","mABQ","99","99","1",0,NA
"3826","DCampR1.mABQ.1","mABQ","99","99","1",1,NA
"3827","L1CampL2.mABQ.1","mABQ","99","99","1",1.09456764138217,NA
"3828","L1CampL3.mABQ.1","mABQ","99","99","1",0.199820333890311,NA
"3829","L1CampR1.mABQ.1","mABQ","99","99","1",1.45335030347428,NA
"3830","L2CampL3.mABQ.1","mABQ","99","99","1",9.46145313993754,NA
"3831","L2CampR1.mABQ.1","mABQ","99","99","1",-3.79392630341877,NA
"3832","L3CampR1.mABQ.1","mABQ","99","99","1",1.56656063966031,NA
"3833","DCampL1.mqm.1","mqm","99","99","1",0,NA
"3834","DCampL2.mqm.1","mqm","99","99","1",0,NA
"3835","DCampL3.mqm.1","mqm","99","99","1",0,NA
"3836","DCampR1.mqm.1","mqm","99","99","1",0,NA
"3837","L1CampL2.mqm.1","mqm","99","99","1",0.181918113100276,NA
"3838","L1CampL3.mqm.1","mqm","99","99","1",0.00250266959687512,NA
"3839","L1CampR1.mqm.1","mqm","99","99","1",0.493331834115286,NA
"3840","L2CampL3.mqm.1","mqm","99","99","1",-0.219312328480134,NA
"3841","L2CampR1.mqm.1","mqm","99","99","1",0.380663263668105,NA
"3842","L3CampR1.mqm.1","mqm","99","99","1",0.492060629696171,NA
"3843","DCampL1.mQuant.2","mQuant","99","99","2",0.879967830507255,NA
"3844","DCampL2.mQuant.2","mQuant","99","99","2",0.708116606019913,NA
"3845","DCampL3.mQuant.2","mQuant","99","99","2",0.876757618593645,NA
"3846","DCampR1.mQuant.2","mQuant","99","99","2",0.435712905590434,NA
"3847","L1CampL2.mQuant.2","mQuant","99","99","2",-1.43170972593083,NA
"3848","L1CampL3.mQuant.2","mQuant","99","99","2",-0.0267445962792782,NA
"3849","L1CampR1.mQuant.2","mQuant","99","99","2",-3.70113217810056,NA
"3850","L2CampL3.mQuant.2","mQuant","99","99","2",0.577768437848292,NA
"3851","L2CampR1.mQuant.2","mQuant","99","99","2",-0.933262069880079,NA
"3852","L3CampR1.mQuant.2","mQuant","99","99","2",-3.57867730216117,NA
"3853","DCampL1.mSigma.2","mSigma","99","99","2",0.307710084859353,NA
"3854","DCampL2.mSigma.2","mSigma","99","99","2",0.0253171687295112,NA
"3855","DCampL3.mSigma.2","mSigma","99","99","2",0.298618749153314,NA
"3856","DCampR1.mSigma.2","mSigma","99","99","2",-0.145152031925078,NA
"3857","L1CampL2.mSigma.2","mSigma","99","99","2",-0.407911353255045,NA
"3858","L1CampL3.mSigma.2","mSigma","99","99","2",-0.0131322665652173,NA
"3859","L1CampR1.mSigma.2","mSigma","99","99","2",-0.654150966062284,NA
"3860","L2CampL3.mSigma.2","mSigma","99","99","2",0.280400527900504,NA
"3861","L2CampR1.mSigma.2","mSigma","99","99","2",-0.174897100046776,NA
"3862","L3CampR1.mSigma.2","mSigma","99","99","2",-0.632709785929815,NA
"3863","DCampL1.mConnect.2","mConnect","99","99","2",-0.366895078676659,NA
"3864","DCampL2.mConnect.2","mConnect","99","99","2",0.400322002644441,NA
"3865","DCampL3.mConnect.2","mConnect","99","99","2",-0.114468134810304,NA
"3866","DCampR1.mConnect.2","mConnect","99","99","2",0.328186573763067,NA
"3867","L1CampL2.mConnect.2","mConnect","99","99","2",0.561284544285485,NA
"3868","L1CampL3.mConnect.2","mConnect","99","99","2",0.184671777522777,NA
"3869","L1CampR1.mConnect.2","mConnect","99","99","2",0.508511343176874,NA
"3870","L2CampL3.mConnect.2","mConnect","99","99","2",-0.858444264630102,NA
"3871","L2CampR1.mConnect.2","mConnect","99","99","2",-0.120290271111286,NA
"3872","L3CampR1.mConnect.2","mConnect","99","99","2",0.397189201509756,NA
"3873","DCampL1.mTau1.2","mTau1","99","99","2",-1.71218388538844,NA
"3874","DCampL2.mTau1.2","mTau1","99","99","2",-1.43049680658199,NA
"3875","DCampL3.mTau1.2","mTau1","99","99","2",-0.772645211227027,NA
"3876","DCampR1.mTau1.2","mTau1","99","99","2",-1.43785800824592,NA
"3877","L1CampL2.mTau1.2","mTau1","99","99","2",0.103859874813062,NA
"3878","L1CampL3.mTau1.2","mTau1","99","99","2",0.346414075838685,NA
"3879","L1CampR1.mTau1.2","mTau1","99","99","2",0.101145751444219,NA
"3880","L2CampL3.mTau1.2","mTau1","99","99","2",0.270665484346017,NA
"3881","L2CampR1.mTau1.2","mTau1","99","99","2",-0.00302868189087871,NA
"3882","L3CampR1.mTau1.2","mTau1","99","99","2",-0.375265615931366,NA
"3883","DCampL1.mTau2.2","mTau2","99","99","2",-7.31276545797163,NA
"3884","DCampL2.mTau2.2","mTau2","99","99","2",-3.97889297563178,NA
"3885","DCampL3.mTau2.2","mTau2","99","99","2",-9.10888738767964,NA
"3886","DCampR1.mTau2.2","mTau2","99","99","2",-0.921901947625439,NA
"3887","L1CampL2.mTau2.2","mTau2","99","99","2",0.401054558701977,NA
"3888","L1CampL3.mTau2.2","mTau2","99","99","2",-0.216067918527112,NA
"3889","L1CampR1.mTau2.2","mTau2","99","99","2",0.768801133949665,NA
"3890","L2CampL3.mTau2.2","mTau2","99","99","2",-1.03034840016759,NA
"3891","L2CampR1.mTau2.2","mTau2","99","99","2",0.613990106428916,NA
"3892","L3CampR1.mTau2.2","mTau2","99","99","2",0.809879972550907,NA
"3893","DCampL1.mNPQ.2","mNPQ","99","99","2",0.800513556157769,NA
"3894","DCampL2.mNPQ.2","mNPQ","99","99","2",0.698765806117483,NA
"3895","DCampL3.mNPQ.2","mNPQ","99","99","2",0.694041537008344,NA
"3896","DCampR1.mNPQ.2","mNPQ","99","99","2",0.566926392029975,NA
"3897","L1CampL2.mNPQ.2","mNPQ","99","99","2",-0.51004844279422,NA
"3898","L1CampL3.mNPQ.2","mNPQ","99","99","2",-0.533730598925462,NA
"3899","L1CampR1.mNPQ.2","mNPQ","99","99","2",-1.17094254440934,NA
"3900","L2CampL3.mNPQ.2","mNPQ","99","99","2",-0.0156830439740203,NA
"3901","L2CampR1.mNPQ.2","mNPQ","99","99","2",-0.437664172145494,NA
"3902","L3CampR1.mNPQ.2","mNPQ","99","99","2",-0.415465366558061,NA
"3903","DCampL1.mqP.2","mqP","99","99","2",0.716549020283706,NA
"3904","DCampL2.mqP.2","mqP","99","99","2",0.552401187624163,NA
"3905","DCampL3.mqP.2","mqP","99","99","2",0.62278683060839,NA
"3906","DCampR1.mqP.2","mqP","99","99","2",0.355510995181436,NA
"3907","L1CampL2.mqP.2","mqP","99","99","2",-0.579104834366206,NA
"3908","L1CampL3.mqP.2","mqP","99","99","2",-0.330788024684772,NA
"3909","L1CampR1.mqP.2","mqP","99","99","2",-1.27372297482842,NA
"3910","L2CampL3.mqP.2","mqP","99","99","2",0.157251630339729,NA
"3911","L2CampR1.mqP.2","mqP","99","99","2",-0.439880953654995,NA
"3912","L3CampR1.mqP.2","mqP","99","99","2",-0.708553828748954,NA
"3913","DCampL1.mABQ.2","mABQ","99","99","2",0,NA
"3914","DCampL2.mABQ.2","mABQ","99","99","2",0,NA
"3915","DCampL3.mABQ.2","mABQ","99","99","2",0,NA
"3916","DCampR1.mABQ.2","mABQ","99","99","2",1,NA
"3917","L1CampL2.mABQ.2","mABQ","99","99","2",0.917723955192812,NA
"3918","L1CampL3.mABQ.2","mABQ","99","99","2",0.0295451340510811,NA
"3919","L1CampR1.mABQ.2","mABQ","99","99","2",1.47171684994147,NA
"3920","L2CampL3.mABQ.2","mABQ","99","99","2",-10.7951083845019,NA
"3921","L2CampR1.mABQ.2","mABQ","99","99","2",6.73334378246946,NA
"3922","L3CampR1.mABQ.2","mABQ","99","99","2",1.48607809233892,NA
"3923","DCampL1.mqm.2","mqm","99","99","2",0,NA
"3924","DCampL2.mqm.2","mqm","99","99","2",0,NA
"3925","DCampL3.mqm.2","mqm","99","99","2",0,NA
"3926","DCampR1.mqm.2","mqm","99","99","2",0,NA
"3927","L1CampL2.mqm.2","mqm","99","99","2",0.195292621536265,NA
"3928","L1CampL3.mqm.2","mqm","99","99","2",0.00364810144452512,NA
"3929","L1CampR1.mqm.2","mqm","99","99","2",0.504853597501094,NA
"3930","L2CampL3.mqm.2","mqm","99","99","2",-0.238154297103138,NA
"3931","L2CampR1.mqm.2","mqm","99","99","2",0.384687632112695,NA
"3932","L3CampR1.mqm.2","mqm","99","99","2",0.503040639339598,NA
"3933","DCampL1.mQuant.3","mQuant","99","99","3",0.872683383677541,NA
"3934","DCampL2.mQuant.3","mQuant","99","99","3",0.696530914774098,NA
"3935","DCampL3.mQuant.3","mQuant","99","99","3",0.863741399093569,NA
"3936","DCampR1.mQuant.3","mQuant","99","99","3",0.438066477221964,NA
"3937","L1CampL2.mQuant.3","mQuant","99","99","3",-1.38357799627108,NA
"3938","L1CampL3.mQuant.3","mQuant","99","99","3",-0.0702342305526249,NA
"3939","L1CampR1.mQuant.3","mQuant","99","99","3",-3.41366994355872,NA
"3940","L2CampL3.mQuant.3","mQuant","99","99","3",0.550996765271821,NA
"3941","L2CampR1.mQuant.3","mQuant","99","99","3",-0.851699399165271,NA
"3942","L3CampR1.mQuant.3","mQuant","99","99","3",-3.12402240328239,NA
"3943","DCampL1.mSigma.3","mSigma","99","99","3",0.291130531940438,NA
"3944","DCampL2.mSigma.3","mSigma","99","99","3",-0.0337316586333507,NA
"3945","DCampL3.mSigma.3","mSigma","99","99","3",0.252353406155719,NA
"3946","DCampR1.mSigma.3","mSigma","99","99","3",-0.150560109946559,NA
"3947","L1CampL2.mSigma.3","mSigma","99","99","3",-0.458282102998534,NA
"3948","L1CampL3.mSigma.3","mSigma","99","99","3",-0.0547027732635539,NA
"3949","L1CampR1.mSigma.3","mSigma","99","99","3",-0.623091643509582,NA
"3950","L2CampL3.mSigma.3","mSigma","99","99","3",0.276749833866257,NA
"3951","L2CampR1.mSigma.3","mSigma","99","99","3",-0.113016226539546,NA
"3952","L3CampR1.mSigma.3","mSigma","99","99","3",-0.538909050639233,NA
"3953","DCampL1.mConnect.3","mConnect","99","99","3",-0.0523200420328749,NA
"3954","DCampL2.mConnect.3","mConnect","99","99","3",0.450369502083333,NA
"3955","DCampL3.mConnect.3","mConnect","99","99","3",0.0451019670993611,NA
"3956","DCampR1.mConnect.3","mConnect","99","99","3",0.273190958565354,NA
"3957","L1CampL2.mConnect.3","mConnect","99","99","3",0.477696445983402,NA
"3958","L1CampL3.mConnect.3","mConnect","99","99","3",0.0925783081580731,NA
"3959","L1CampR1.mConnect.3","mConnect","99","99","3",0.309326999008216,NA
"3960","L2CampL3.mConnect.3","mConnect","99","99","3",-0.73734542846532,NA
"3961","L2CampR1.mConnect.3","mConnect","99","99","3",-0.322359374506256,NA
"3962","L3CampR1.mConnect.3","mConnect","99","99","3",0.23886214402719,NA
"3963","DCampL1.mTau1.3","mTau1","99","99","3",-1.5288855113387,NA
"3964","DCampL2.mTau1.3","mTau1","99","99","3",-1.09011536267291,NA
"3965","DCampL3.mTau1.3","mTau1","99","99","3",-0.992398020723236,NA
"3966","DCampR1.mTau1.3","mTau1","99","99","3",-1.24168669261444,NA
"3967","L1CampL2.mTau1.3","mTau1","99","99","3",0.173503366086955,NA
"3968","L1CampL3.mTau1.3","mTau1","99","99","3",0.212143842894442,NA
"3969","L1CampR1.mTau1.3","mTau1","99","99","3",0.113567347132386,NA
"3970","L2CampL3.mTau1.3","mTau1","99","99","3",0.0467521284685015,NA
"3971","L2CampR1.mTau1.3","mTau1","99","99","3",-0.07251816461829,NA
"3972","L3CampR1.mTau1.3","mTau1","99","99","3",-0.125119915447774,NA
"3973","DCampL1.mTau2.3","mTau2","99","99","3",-7.14706746943762,NA
"3974","DCampL2.mTau2.3","mTau2","99","99","3",-3.39785476336111,NA
"3975","DCampL3.mTau2.3","mTau2","99","99","3",-9.49921599166997,NA
"3976","DCampR1.mTau2.3","mTau2","99","99","3",-0.875701454369699,NA
"3977","L1CampL2.mTau2.3","mTau2","99","99","3",0.460191684939527,NA
"3978","L1CampL3.mTau2.3","mTau2","99","99","3",-0.288711064570908,NA
"3979","L1CampR1.mTau2.3","mTau2","99","99","3",0.769769740902959,NA
"3980","L2CampL3.mTau2.3","mTau2","99","99","3",-1.38734941388692,NA
"3981","L2CampR1.mTau2.3","mTau2","99","99","3",0.573496271410252,NA
"3982","L3CampR1.mTau2.3","mTau2","99","99","3",0.821348426791308,NA
"3983","DCampL1.mNPQ.3","mNPQ","99","99","3",0.775498309531351,NA
"3984","DCampL2.mNPQ.3","mNPQ","99","99","3",0.679817262483361,NA
"3985","DCampL3.mNPQ.3","mNPQ","99","99","3",0.675541311450118,NA
"3986","DCampR1.mNPQ.3","mNPQ","99","99","3",0.542042911498373,NA
"3987","L1CampL2.mNPQ.3","mNPQ","99","99","3",-0.42619299145701,NA
"3988","L1CampL3.mNPQ.3","mNPQ","99","99","3",-0.445239400525544,NA
"3989","L1CampR1.mNPQ.3","mNPQ","99","99","3",-1.03988258416067,NA
"3990","L2CampL3.mNPQ.3","mNPQ","99","99","3",-0.0133547207023334,NA
"3991","L2CampR1.mNPQ.3","mNPQ","99","99","3",-0.430299122474797,NA
"3992","L3CampR1.mNPQ.3","mNPQ","99","99","3",-0.411449607185418,NA
"3993","DCampL1.mqP.3","mqP","99","99","3",0.69277731608629,NA
"3994","DCampL2.mqP.3","mqP","99","99","3",0.535359221218444,NA
"3995","DCampL3.mqP.3","mqP","99","99","3",0.605949061608836,NA
"3996","DCampR1.mqP.3","mqP","99","99","3",0.343510673417323,NA
"3997","L1CampL2.mqP.3","mqP","99","99","3",-0.512390858847062,NA
"3998","L1CampL3.mqP.3","mqP","99","99","3",-0.282623188403109,NA
"3999","L1CampR1.mqP.3","mqP","99","99","3",-1.13685173965561,NA
"4000","L2CampL3.mqP.3","mqP","99","99","3",0.151923472097095,NA
"4001","L2CampR1.mqP.3","mqP","99","99","3",-0.412896492434893,NA
"4002","L3CampR1.mqP.3","mqP","99","99","3",-0.666001175540909,NA
"4003","DCampL1.mABQ.3","mABQ","99","99","3",0,NA
"4004","DCampL2.mABQ.3","mABQ","99","99","3",1,NA
"4005","DCampL3.mABQ.3","mABQ","99","99","3",0,NA
"4006","DCampR1.mABQ.3","mABQ","99","99","3",1,NA
"4007","L1CampL2.mABQ.3","mABQ","99","99","3",1.11586438017519,NA
"4008","L1CampL3.mABQ.3","mABQ","99","99","3",0.133194981392923,NA
"4009","L1CampR1.mABQ.3","mABQ","99","99","3",1.51715671641531,NA
"4010","L2CampL3.mABQ.3","mABQ","99","99","3",8.48120360456307,NA
"4011","L2CampR1.mABQ.3","mABQ","99","99","3",-3.46346595591647,NA
"4012","L3CampR1.mABQ.3","mABQ","99","99","3",1.59662404498576,NA
"4013","DCampL1.mqm.3","mqm","99","99","3",0,NA
"4014","DCampL2.mqm.3","mqm","99","99","3",0,NA
"4015","DCampL3.mqm.3","mqm","99","99","3",0,NA
"4016","DCampR1.mqm.3","mqm","99","99","3",0,NA
"4017","L1CampL2.mqm.3","mqm","99","99","3",0.201851521637923,NA
"4018","L1CampL3.mqm.3","mqm","99","99","3",0.010246539296176,NA
"4019","L1CampR1.mqm.3","mqm","99","99","3",0.498023584022047,NA
"4020","L2CampL3.mqm.3","mqm","99","99","3",-0.240061827512281,NA
"4021","L2CampR1.mqm.3","mqm","99","99","3",0.371073892155899,NA
"4022","L3CampR1.mqm.3","mqm","99","99","3",0.492826814042163,NA
"4023","DCampL1.mQuant.4","mQuant","99","99","4",0.867905914777147,NA
"4024","DCampL2.mQuant.4","mQuant","99","99","4",0.683387203694444,NA
"4025","DCampL3.mQuant.4","mQuant","99","99","4",0.86434929352694,NA
"4026","DCampR1.mQuant.4","mQuant","99","99","4",0.406238424930364,NA
"4027","L1CampL2.mQuant.4","mQuant","99","99","4",-1.39687337833035,NA
"4028","L1CampL3.mQuant.4","mQuant","99","99","4",-0.0269249091979162,NA
"4029","L1CampR1.mQuant.4","mQuant","99","99","4",-3.49498987080244,NA
"4030","L2CampL3.mQuant.4","mQuant","99","99","4",0.571556462480606,NA
"4031","L2CampR1.mQuant.4","mQuant","99","99","4",-0.875355582585518,NA
"4032","L3CampR1.mQuant.4","mQuant","99","99","4",-3.37713588456362,NA
"4033","DCampL1.mSigma.4","mSigma","99","99","4",0.230238831347427,NA
"4034","DCampL2.mSigma.4","mSigma","99","99","4",-0.0572463653463601,NA
"4035","DCampL3.mSigma.4","mSigma","99","99","4",0.226539452287768,NA
"4036","DCampR1.mSigma.4","mSigma","99","99","4",-0.211357562454543,NA
"4037","L1CampL2.mSigma.4","mSigma","99","99","4",-0.373473238715088,NA
"4038","L1CampL3.mSigma.4","mSigma","99","99","4",-0.00480587903146008,NA
"4039","L1CampR1.mSigma.4","mSigma","99","99","4",-0.573679748713438,NA
"4040","L2CampL3.mSigma.4","mSigma","99","99","4",0.268419761879397,NA
"4041","L2CampR1.mSigma.4","mSigma","99","99","4",-0.145766589661148,NA
"4042","L3CampR1.mSigma.4","mSigma","99","99","4",-0.566153006817914,NA
"4043","DCampL1.mConnect.4","mConnect","99","99","4",-0.129052647242971,NA
"4044","DCampL2.mConnect.4","mConnect","99","99","4",0.229195293102313,NA
"4045","DCampL3.mConnect.4","mConnect","99","99","4",-0.0852744509878964,NA
"4046","DCampR1.mConnect.4","mConnect","99","99","4",0.258320077239465,NA
"4047","L1CampL2.mConnect.4","mConnect","99","99","4",0.317299588482511,NA
"4048","L1CampL3.mConnect.4","mConnect","99","99","4",0.0387742736018345,NA
"4049","L1CampR1.mConnect.4","mConnect","99","99","4",0.343095360015637,NA
"4050","L2CampL3.mConnect.4","mConnect","99","99","4",-0.407975900090022,NA
"4051","L2CampR1.mConnect.4","mConnect","99","99","4",0.0377849069634927,NA
"4052","L3CampR1.mConnect.4","mConnect","99","99","4",0.316596901285749,NA
"4053","DCampL1.mTau1.4","mTau1","99","99","4",-1.2866184402059,NA
"4054","DCampL2.mTau1.4","mTau1","99","99","4",-1.14605186610877,NA
"4055","DCampL3.mTau1.4","mTau1","99","99","4",-0.835017453560961,NA
"4056","DCampR1.mTau1.4","mTau1","99","99","4",-0.862155957062248,NA
"4057","L1CampL2.mTau1.4","mTau1","99","99","4",0.0614735592198177,NA
"4058","L1CampL3.mTau1.4","mTau1","99","99","4",0.197497308122937,NA
"4059","L1CampR1.mTau1.4","mTau1","99","99","4",0.185628907595719,NA
"4060","L2CampL3.mTau1.4","mTau1","99","99","4",0.14493331566668,NA
"4061","L2CampR1.mTau1.4","mTau1","99","99","4",0.132287533926794,NA
"4062","L3CampR1.mTau1.4","mTau1","99","99","4",-0.0147892345375913,NA
"4063","DCampL1.mTau2.4","mTau2","99","99","4",-6.06712553759705,NA
"4064","DCampL2.mTau2.4","mTau2","99","99","4",-3.725829563095,NA
"4065","DCampL3.mTau2.4","mTau2","99","99","4",-10.218847897829,NA
"4066","DCampR1.mTau2.4","mTau2","99","99","4",-0.78053285188656,NA
"4067","L1CampL2.mTau2.4","mTau2","99","99","4",0.331293955660809,NA
"4068","L1CampL3.mTau2.4","mTau2","99","99","4",-0.587469734072895,NA
"4069","L1CampR1.mTau2.4","mTau2","99","99","4",0.748054163971739,NA
"4070","L2CampL3.mTau2.4","mTau2","99","99","4",-1.37394255295183,NA
"4071","L2CampR1.mTau2.4","mTau2","99","99","4",0.623233798825265,NA
"4072","L3CampR1.mTau2.4","mTau2","99","99","4",0.841290935744737,NA
"4073","DCampL1.mNPQ.4","mNPQ","99","99","4",0.775463353150808,NA
"4074","DCampL2.mNPQ.4","mNPQ","99","99","4",0.679357866531098,NA
"4075","DCampL3.mNPQ.4","mNPQ","99","99","4",0.681018717428753,NA
"4076","DCampR1.mNPQ.4","mNPQ","99","99","4",0.552234739341293,NA
"4077","L1CampL2.mNPQ.4","mNPQ","99","99","4",-0.428016931615881,NA
"4078","L1CampL3.mNPQ.4","mNPQ","99","99","4",-0.420620139506614,NA
"4079","L1CampR1.mNPQ.4","mNPQ","99","99","4",-0.994174523143406,NA
"4080","L2CampL3.mNPQ.4","mNPQ","99","99","4",0.00517976499122954,NA
"4081","L2CampR1.mNPQ.4","mNPQ","99","99","4",-0.396464200803898,NA
"4082","L3CampR1.mNPQ.4","mNPQ","99","99","4",-0.403735219350043,NA
"4083","DCampL1.mqP.4","mqP","99","99","4",0.689631605165483,NA
"4084","DCampL2.mqP.4","mqP","99","99","4",0.529011155369868,NA
"4085","DCampL3.mqP.4","mqP","99","99","4",0.609091800842404,NA
"4086","DCampR1.mqP.4","mqP","99","99","4",0.336761094297718,NA
"4087","L1CampL2.mqP.4","mqP","99","99","4",-0.517515483112435,NA
"4088","L1CampL3.mqP.4","mqP","99","99","4",-0.259497441310099,NA
"4089","L1CampR1.mqP.4","mqP","99","99","4",-1.13694086363372,NA
"4090","L2CampL3.mqP.4","mqP","99","99","4",0.170026628837513,NA
"4091","L2CampR1.mqP.4","mqP","99","99","4",-0.408183894935183,NA
"4092","L3CampR1.mqP.4","mqP","99","99","4",-0.69666153621632,NA
"4093","DCampL1.mABQ.4","mABQ","99","99","4",0,NA
"4094","DCampL2.mABQ.4","mABQ","99","99","4",1,NA
"4095","DCampL3.mABQ.4","mABQ","99","99","4",0,NA
"4096","DCampR1.mABQ.4","mABQ","99","99","4",1,NA
"4097","L1CampL2.mABQ.4","mABQ","99","99","4",1.24863905454756,NA
"4098","L1CampL3.mABQ.4","mABQ","99","99","4",0.0160675722596853,NA
"4099","L1CampR1.mABQ.4","mABQ","99","99","4",1.91799268271826,NA
"4100","L2CampL3.mABQ.4","mABQ","99","99","4",4.95727223758448,NA
"4101","L2CampR1.mABQ.4","mABQ","99","99","4",-2.69206955194024,NA
"4102","L3CampR1.mABQ.4","mABQ","99","99","4",1.93298346190958,NA
"4103","DCampL1.mqm.4","mqm","99","99","4",0,NA
"4104","DCampL2.mqm.4","mqm","99","99","4",0,NA
"4105","DCampL3.mqm.4","mqm","99","99","4",0,NA
"4106","DCampR1.mqm.4","mqm","99","99","4",0,NA
"4107","L1CampL2.mqm.4","mqm","99","99","4",0.212602204848533,NA
"4108","L1CampL3.mqm.4","mqm","99","99","4",0.00409793410743166,NA
"4109","L1CampR1.mqm.4","mqm","99","99","4",0.531932646138638,NA
"4110","L2CampL3.mqm.4","mqm","99","99","4",-0.264801694931076,NA
"4111","L2CampR1.mqm.4","mqm","99","99","4",0.405551607150078,NA
"4112","L3CampR1.mqm.4","mqm","99","99","4",0.530006644336197,NA
"4113","secDer1TOJp.1","OJIP2","99","99","1",9.20237266198314,NA
"4114","secDer2TJ.1","OJIP2","99","99","1",71.3340423749832,NA
"4115","secDer3TJIp.1","OJIP2","99","99","1",180.577145933674,NA
"4116","secDer4TI.1","OJIP2","99","99","1",325.556123392529,NA
"4117","secDer5TIPp.1","OJIP2","99","99","1",560.621367066764,NA
"4118","secDer1FOJp.1","OJIP2","99","99","1",0.356485494856121,NA
"4119","secDer2FJ.1","OJIP2","99","99","1",0.511479606768723,NA
"4120","secDer3FJIp.1","OJIP2","99","99","1",0.566731736410869,NA
"4121","secDer4FI.1","OJIP2","99","99","1",0.579959663346336,NA
"4122","secDer5FIPp.1","OJIP2","99","99","1",0.589927721851874,NA
"4123","firDer1TOJ.1","OJIP2","99","99","1",36.3482105667373,NA
"4124","firDer2TJp.1","OJIP2","99","99","1",143.241971130631,NA
"4125","firDer3TJI.1","OJIP2","99","99","1",311.675401486233,NA
"4126","firDer4TIp.1","OJIP2","99","99","1",444.710260877024,NA
"4127","firDer5TIP.1","OJIP2","99","99","1",990.077160464663,NA
"4128","firDer1FOJ.1","OJIP2","99","99","1",0.45055085864585,NA
"4129","firDer2FJp.1","OJIP2","99","99","1",0.568115636562518,NA
"4130","firDer3FJI.1","OJIP2","99","99","1",0.574558961771267,NA
"4131","firDer4FIp.1","OJIP2","99","99","1",0.58258129948587,NA
"4132","firDer5FIP.1","OJIP2","99","99","1",0.614399756905863,NA
"4133","MTFm.1","OJIP2","99","99","1",3550.43294117647,NA
"4134","MTFo.1","OJIP2","99","99","1",0,NA
"4135","secDer1TOJp.2","OJIP2","99","99","2",24.8970997713623,NA
"4136","secDer2TJ.2","OJIP2","99","99","2",127.139381009767,NA
"4137","secDer3TJIp.2","OJIP2","99","99","2",920.021872459235,NA
"4138","secDer4TI.2","OJIP2","99","99","2",0,NA
"4139","secDer5TIPp.2","OJIP2","99","99","2",0,NA
"4140","secDer1FOJp.2","OJIP2","99","99","2",0.452716375777635,NA
"4141","secDer2FJ.2","OJIP2","99","99","2",0.679207495488159,NA
"4142","secDer3FJIp.2","OJIP2","99","99","2",0.727307840968611,NA
"4143","secDer4FI.2","OJIP2","99","99","2",0,NA
"4144","secDer5FIPp.2","OJIP2","99","99","2",0,NA
"4145","firDer1TOJ.2","OJIP2","99","99","2",71.3340423749832,NA
"4146","firDer2TJp.2","OJIP2","99","99","2",547.910966556901,NA
"4147","firDer3TJI.2","OJIP2","99","99","2",5644.25608503026,NA
"4148","firDer4TIp.2","OJIP2","99","99","2",0,NA
"4149","firDer5TIP.2","OJIP2","99","99","2",0,NA
"4150","firDer1FOJ.2","OJIP2","99","99","2",0.577158972250676,NA
"4151","firDer2FJp.2","OJIP2","99","99","2",0.751218843632665,NA
"4152","firDer3FJI.2","OJIP2","99","99","2",0.856852282461424,NA
"4153","firDer4FIp.2","OJIP2","99","99","2",0,NA
"4154","firDer5FIP.2","OJIP2","99","99","2",0,NA
"4155","MTFm.2","OJIP2","99","99","2",3834.77803921569,NA
"4156","MTFo.2","OJIP2","99","99","2",0,NA
"4157","secDer1TOJp.3","OJIP2","99","99","3",26.4391930580195,NA
"4158","secDer2TJ.3","OJIP2","99","99","3",129.322857604262,NA
"4159","secDer3TJIp.3","OJIP2","99","99","3",967.567514472848,NA
"4160","secDer4TI.3","OJIP2","99","99","3",0,NA
"4161","secDer5TIPp.3","OJIP2","99","99","3",0,NA
"4162","secDer1FOJp.3","OJIP2","99","99","3",0.460902268262672,NA
"4163","secDer2FJ.3","OJIP2","99","99","3",0.692005149003605,NA
"4164","secDer3FJIp.3","OJIP2","99","99","3",0.752826167536083,NA
"4165","secDer4FI.3","OJIP2","99","99","3",0,NA
"4166","secDer5FIPp.3","OJIP2","99","99","3",0,NA
"4167","firDer1TOJ.3","OJIP2","99","99","3",75.0265141360194,NA
"4168","firDer2TJp.3","OJIP2","99","99","3",581.014018473191,NA
"4169","firDer3TJI.3","OJIP2","99","99","3",5469.71842730617,NA
"4170","firDer4TIp.3","OJIP2","99","99","3",0,NA
"4171","firDer5TIP.3","OJIP2","99","99","3",0,NA
"4172","firDer1FOJ.3","OJIP2","99","99","3",0.590271601881635,NA
"4173","firDer2FJp.3","OJIP2","99","99","3",0.773135014531473,NA
"4174","firDer3FJI.3","OJIP2","99","99","3",0.864516965793628,NA
"4175","firDer4FIp.3","OJIP2","99","99","3",0,NA
"4176","firDer5FIP.3","OJIP2","99","99","3",0,NA
"4177","MTFm.3","OJIP2","99","99","3",3839.2468627451,NA
"4178","MTFo.3","OJIP2","99","99","3",0,NA
"4179","secDer1TOJp.4","OJIP2","99","99","4",29.6574893067123,NA
"4180","secDer2TJ.4","OJIP2","99","99","4",142.422855572225,NA
"4181","secDer3TJIp.4","OJIP2","99","99","4",1041.37809463226,NA
"4182","secDer4TI.4","OJIP2","99","99","4",0,NA
"4183","secDer5TIPp.4","OJIP2","99","99","4",0,NA
"4184","secDer1FOJp.4","OJIP2","99","99","4",0.421929406089641,NA
"4185","secDer2FJ.4","OJIP2","99","99","4",0.653857654401685,NA
"4186","secDer3FJIp.4","OJIP2","99","99","4",0.721803836956568,NA
"4187","secDer4FI.4","OJIP2","99","99","4",0,NA
"4188","secDer5FIPp.4","OJIP2","99","99","4",0,NA
"4189","firDer1TOJ.4","OJIP2","99","99","4",82.0589573072832,NA
"4190","firDer2TJp.4","OJIP2","99","99","4",613.948553510968,NA
"4191","firDer3TJI.4","OJIP2","99","99","4",6037.6382787202,NA
"4192","firDer4TIp.4","OJIP2","99","99","4",6093.3761074871,NA
"4193","firDer5TIP.4","OJIP2","99","99","4",6220.67481000419,NA
"4194","firDer1FOJ.4","OJIP2","99","99","4",0.548747679969145,NA
"4195","firDer2FJp.4","OJIP2","99","99","4",0.73902252996059,NA
"4196","firDer3FJI.4","OJIP2","99","99","4",0.841374979227125,NA
"4197","firDer4FIp.4","OJIP2","99","99","4",0.842367280626408,NA
"4198","firDer5FIP.4","OJIP2","99","99","4",0.844565337191032,NA
"4199","MTFm.4","OJIP2","99","99","4",3138.71196078431,NA
"4200","MTFo.4","OJIP2","99","99","4",0,NA
