"","uni","metric","metrix","stage","col","ASnormalized.t9_icra2.002r","pval"
"1","Quant.1.0","Quant","1","1","1",0.306154180912317,2.58142970764812e-61
"2","Sigma.1.0","Sigma","2","1","1",4.70825257608039,1.39929138946813e-46
"3","Connect.1.0","Connect","3","1","1",0.261027307660128,1.37357782441223e-13
"4","Tau1.1.0","Tau1","4","1","1",691.791662406118,2.22069021883884e-27
"5","Tau2.1.0","Tau2","5","1","1",1837923.65545136,1.07714389818999e-17
"6","NPQ.1.0","NPQ","6","1","1",0.52975345569508,1.07417562506206e-86
"7","qP.1.0","qP","7","1","1",1.39049151655284,5.16285941529624e-61
"8","ABQ.1.0","ABQ","8","1","1",0,1.39929138946813e-46
"9","qm.1.0","qm","9","1","1",0,2.58142970764812e-61
"10","nTau1.1.0","nTau1","10","1","1",1,2.22069021883884e-27
"11","nTau2.1.0","nTau2","11","1","1",1,1.07714389818999e-17
"12","nCon.1.0","nCon","12","1","1",1,1.37357782441223e-13
"13","Fm.1.0","Fm","13","1","1",1799.44169867032,1.07417562506206e-86
"14","Fo.1.0","Fo","14","1","1",1248.53509931444,5.16285941529624e-61
"15","Quant.3.0","Quant","1","3","1",0.048748983776771,1.47684141187276e-84
"16","Sigma.3.0","Sigma","2","3","1",2.80351715295706,1.73966406556186e-32
"17","Connect.3.0","Connect","3","3","1",0.588237968885674,3.05139635543173e-19
"18","Tau1.3.0","Tau1","4","3","1",4085.62489863787,1.7042534604956e-06
"19","Tau2.3.0","Tau2","5","3","1",8512678.68402947,1.47953700844044e-06
"20","NPQ.3.0","NPQ","6","3","1",0.025896654399455,3.70214164855557e-94
"21","qP.3.0","qP","7","3","1",0.185153666038155,2.9536828233753e-84
"22","ABQ.3.0","ABQ","8","3","1",0.404552515470405,1.73966406556186e-32
"23","qm.3.0","qm","9","3","1",0.840769825087795,1.47684141187276e-84
"24","nTau1.3.0","nTau1","10","3","1",5.90586027652845,1.7042534604956e-06
"25","nTau2.3.0","nTau2","11","3","1",4.63168241987665,1.47953700844044e-06
"26","nCon.3.0","nCon","12","3","1",2.25354953916007,3.05139635543173e-19
"27","Fm.3.0","Fm","13","3","1",2683.21584348488,3.70214164855557e-94
"28","Fo.3.0","Fo","14","3","1",2552.41179786126,2.9536828233753e-84
"29","Quant.4.0","Quant","1","4","1",0.0439816323592236,4.03098769346441e-82
"30","Sigma.4.0","Sigma","2","4","1",2.84873266896211,1.10544963312102e-28
"31","Connect.4.0","Connect","3","4","1",0.417833420763898,4.37795960699967e-10
"32","Tau1.4.0","Tau1","4","4","1",1651.14793819106,1.85854224354535e-06
"33","Tau2.4.0","Tau2","5","4","1",4848929.1380614,2.68275387484436e-09
"34","NPQ.4.0","NPQ","6","4","1",0.0508449337284035,1.32212161843967e-95
"35","qP.4.0","qP","7","4","1",0.229626963450393,8.06197538692868e-82
"36","ABQ.4.0","ABQ","8","4","1",0.394949055317319,1.10544963312102e-28
"37","qm.4.0","qm","9","4","1",0.856341558922496,4.03098769346441e-82
"38","nTau1.4.0","nTau1","10","4","1",2.38677050898273,1.85854224354535e-06
"39","nTau2.4.0","nTau2","11","4","1",2.63826471990786,2.68275387484436e-09
"40","nCon.4.0","nCon","12","4","1",1.60072685309976,4.37795960699967e-10
"41","Fm.4.0","Fm","13","4","1",2619.51318268828,1.32212161843967e-95
"42","Fo.4.0","Fo","14","4","1",2504.30271692714,8.06197538692868e-82
"43","Quant.5.0","Quant","1","5","1",0.0530177723128493,1.23190736314676e-82
"44","Sigma.5.0","Sigma","2","5","1",3.34045823993529,7.49804338367509e-31
"45","Connect.5.0","Connect","3","5","1",0.42548585637124,4.08605150137809e-11
"46","Tau1.5.0","Tau1","4","5","1",1787.00877678316,1.54684575871934e-10
"47","Tau2.5.0","Tau2","5","5","1",7552415.43086686,5.05483316587525e-09
"48","NPQ.5.0","NPQ","6","5","1",0.109751732587002,3.15630580390573e-97
"49","qP.5.0","qP","7","5","1",0.373231855952132,2.46381472629352e-82
"50","ABQ.5.0","ABQ","8","5","1",0.290509974569755,7.49804338367509e-31
"51","qm.5.0","qm","9","5","1",0.826826561195865,1.23190736314676e-82
"52","nTau1.5.0","nTau1","10","5","1",2.58316032686455,1.54684575871934e-10
"53","nTau2.5.0","nTau2","11","5","1",4.10921063476499,5.05483316587525e-09
"54","nCon.5.0","nCon","12","5","1",1.63004346244588,4.08605150137809e-11
"55","Fm.5.0","Fm","13","5","1",2480.4666449547,3.15630580390573e-97
"56","Fo.5.0","Fo","14","5","1",2348.95782914287,2.46381472629352e-82
"57","Quant.6.0","Quant","1","6","1",0.0522777376024617,9.15168651641264e-81
"58","Sigma.6.0","Sigma","2","6","1",3.59928438947978,3.59820188132546e-29
"59","Connect.6.0","Connect","3","6","1",0.23468175762823,0.000354823442769915
"60","Tau1.6.0","Tau1","4","6","1",1357.67465969796,1.52576937981946e-11
"61","Tau2.6.0","Tau2","5","6","1",9019176.60349122,0.000135358562825054
"62","NPQ.6.0","NPQ","6","6","1",0.17790547963531,4.2715299156957e-98
"63","qP.6.0","qP","7","6","1",0.497272803064608,1.83033730328253e-80
"64","ABQ.6.0","ABQ","8","6","1",0.235537106109083,3.59820188132546e-29
"65","qm.6.0","qm","9","6","1",0.829243757355598,9.15168651641264e-81
"66","nTau1.6.0","nTau1","10","6","1",1.96254845711184,1.52576937981946e-11
"67","nTau2.6.0","nTau2","11","6","1",4.90726400780575,0.000135358562825054
"68","nCon.6.0","nCon","12","6","1",0.899069755313875,0.000354823442769915
"69","Fm.6.0","Fm","13","6","1",2336.94655849212,4.2715299156957e-98
"70","Fo.6.0","Fo","14","6","1",2214.77627951629,1.83033730328253e-80
"71","Quant.7.0","Quant","1","7","1",0.0546697926065308,3.49164746372419e-79
"72","Sigma.7.0","Sigma","2","7","1",3.68788926230942,1.46194360771706e-29
"73","Connect.7.0","Connect","3","7","1",0.288358184134358,4.09147303337817e-06
"74","Tau1.7.0","Tau1","4","7","1",1249.57023775116,1.21559562737077e-12
"75","Tau2.7.0","Tau2","5","7","1",12221870.7386961,0.00481771944716241
"76","NPQ.7.0","NPQ","6","7","1",0.219515157765268,1.6148356719852e-97
"77","qP.7.0","qP","7","7","1",0.57212102003758,6.98329492744837e-79
"78","ABQ.7.0","ABQ","8","7","1",0.21671804927263,1.46194360771706e-29
"79","qm.7.0","qm","9","7","1",0.821430520910677,3.49164746372419e-79
"80","nTau1.7.0","nTau1","10","7","1",1.80628114742672,1.21559562737077e-12
"81","nTau2.7.0","nTau2","11","7","1",6.64982503622799,0.00481771944716241
"82","nCon.7.0","nCon","12","7","1",1.10470504683677,4.09147303337817e-06
"83","Fm.7.0","Fm","13","7","1",2257.2102850341,1.6148356719852e-97
"84","Fo.7.0","Fo","14","7","1",2133.80906688196,6.98329492744837e-79
"85","Quant.8.0","Quant","1","8","1",0.0583403860975578,2.00248735355519e-81
"86","Sigma.8.0","Sigma","2","8","1",3.3095020569709,9.70781991893743e-33
"87","Connect.8.0","Connect","3","8","1",0.459430547160764,8.09966623544006e-15
"88","Tau1.8.0","Tau1","4","8","1",1366.90776059579,1.33951333109518e-15
"89","Tau2.8.0","Tau2","5","8","1",13767868.8492984,0.000199231277608125
"90","NPQ.8.0","NPQ","6","8","1",0.230402826460433,4.20556320315067e-97
"91","qP.8.0","qP","7","8","1",0.597167216527957,4.00497470711039e-81
"92","ABQ.8.0","ABQ","8","8","1",0.29708485186535,9.70781991893743e-33
"93","qm.8.0","qm","9","8","1",0.809441158295772,2.00248735355519e-81
"94","nTau1.8.0","nTau1","10","8","1",1.97589510668798,1.33951333109518e-15
"95","nTau2.8.0","nTau2","11","8","1",7.49099061240239,0.000199231277608125
"96","nCon.8.0","nCon","12","8","1",1.7600861430137,8.09966623544006e-15
"97","Fm.8.0","Fm","13","8","1",2237.23653559997,4.20556320315067e-97
"98","Fo.8.0","Fo","14","8","1",2106.7152923215,4.00497470711039e-81
"99","Quant.9.0","Quant","1","9","1",0.0695454186821615,1.00536532467718e-80
"100","Sigma.9.0","Sigma","2","9","1",3.72988683710807,9.20493105145849e-34
"101","Connect.9.0","Connect","3","9","1",0.370025813908292,7.11698414820258e-11
"102","Tau1.9.0","Tau1","4","9","1",1439.49701768729,3.05152698125841e-13
"103","Tau2.9.0","Tau2","5","9","1",9836439.41630666,0.00143024791396684
"104","NPQ.9.0","NPQ","6","9","1",0.232839325180221,1.54588061392433e-97
"105","qP.9.0","qP","7","9","1",0.624144130335368,2.01073064935437e-80
"106","ABQ.9.0","ABQ","8","9","1",0.207798057381792,9.20493105145849e-34
"107","qm.9.0","qm","9","9","1",0.77284184565136,1.00536532467718e-80
"108","nTau1.9.0","nTau1","10","9","1",2.08082446770258,3.05152698125841e-13
"109","nTau2.9.0","nTau2","11","9","1",5.35193036290238,0.00143024791396684
"110","nCon.9.0","nCon","12","9","1",1.41757510823383,7.11698414820258e-11
"111","Fm.9.0","Fm","13","9","1",2232.81501542007,1.54588061392433e-97
"112","Fo.9.0","Fo","14","9","1",2077.53296033287,2.01073064935437e-80
"113","Quant.10.0","Quant","1","10","1",0.0965181091640015,1.41820440028612e-76
"114","Sigma.10.0","Sigma","2","10","1",4.47646083953658,1.30897213831596e-36
"115","Connect.10.0","Connect","3","10","1",0.210991065894391,4.77899282507822e-06
"116","Tau1.10.0","Tau1","4","10","1",1231.02198515466,3.52234380878089e-19
"117","Tau2.10.0","Tau2","5","10","1",4719766.3159773,1.14707651572398e-07
"118","NPQ.10.0","NPQ","6","10","1",0.250194793096719,6.64675208691451e-98
"119","qP.10.0","qP","7","10","1",0.705706002265464,2.83640880057224e-76
"120","ABQ.10.0","ABQ","8","10","1",0.0492309477451136,1.30897213831596e-36
"121","qm.10.0","qm","9","10","1",0.684740189154417,1.41820440028612e-76
"122","nTau1.10.0","nTau1","10","10","1",1.7794692420447,3.52234380878089e-19
"123","nTau2.10.0","nTau2","11","10","1",2.56798823062007,1.14707651572398e-07
"124","nCon.10.0","nCon","12","10","1",0.808310317360025,4.77899282507822e-06
"125","Fm.10.0","Fm","13","10","1",2201.81860623842,6.64675208691451e-98
"126","Fo.10.0","Fo","14","10","1",1989.30323764217,2.83640880057224e-76
"127","Quant.11.0","Quant","1","11","1",0.109459139482584,1.43996899829516e-78
"128","Sigma.11.0","Sigma","2","11","1",4.20879748801748,2.91117209772926e-40
"129","Connect.11.0","Connect","3","11","1",0.193092857720895,6.43992042238416e-07
"130","Tau1.11.0","Tau1","4","11","1",1500.33110928174,3.63353181069424e-18
"131","Tau2.11.0","Tau2","5","11","1",5310565.06068789,3.86542605300719e-05
"132","NPQ.11.0","NPQ","6","11","1",0.214442220867771,3.98465231317904e-99
"133","qP.11.0","qP","7","11","1",0.678683683573531,2.87993799659033e-78
"134","ABQ.11.0","ABQ","8","11","1",0.106080776252388,2.91117209772926e-40
"135","qm.11.0","qm","9","11","1",0.642470538352919,1.43996899829516e-78
"136","nTau1.11.0","nTau1","10","11","1",2.16876147952325,3.63353181069424e-18
"137","nTau2.11.0","nTau2","11","11","1",2.88943724345488,3.86542605300719e-05
"138","nCon.11.0","nCon","12","11","1",0.739741981219501,6.43992042238416e-07
"139","Fm.11.0","Fm","13","11","1",2266.63904594475,3.98465231317904e-99
"140","Fo.11.0","Fo","14","11","1",2018.53468645801,2.87993799659033e-78
"141","Quant.12.0","Quant","1","12","1",0.113179383803499,2.46112750370197e-73
"142","Sigma.12.0","Sigma","2","12","1",4.58386888363143,4.14584949442188e-37
"143","Connect.12.0","Connect","3","12","1",0.260354545818106,2.29373473131206e-08
"144","Tau1.12.0","Tau1","4","12","1",1506.51751088823,2.25341306638647e-17
"145","Tau2.12.0","Tau2","5","12","1",4233033.42955583,1.26496045278285e-06
"146","NPQ.12.0","NPQ","6","12","1",0.201658194154134,3.40768077284881e-95
"147","qP.12.0","qP","7","12","1",0.666710207140639,4.92225500740395e-73
"148","ABQ.12.0","ABQ","8","12","1",0.0264182285123944,4.14584949442188e-37
"149","qm.12.0","qm","9","12","1",0.630318999837819,2.46112750370197e-73
"150","nTau1.12.0","nTau1","10","12","1",2.17770405854332,2.25341306638647e-17
"151","nTau2.12.0","nTau2","11","12","1",2.30316064380611,1.26496045278285e-06
"152","nCon.12.0","nCon","12","12","1",0.997422638083147,2.29373473131206e-08
"153","Fm.12.0","Fm","13","12","1",2290.75303630781,3.40768077284881e-95
"154","Fo.12.0","Fo","14","12","1",2031.4870192125,4.92225500740395e-73
"155","Quant.13.0","Quant","1","13","1",0.122521820502572,6.18515361468995e-73
"156","Sigma.13.0","Sigma","2","13","1",4.79024146955754,8.78082777921526e-38
"157","Connect.13.0","Connect","3","13","1",0.265438836599636,4.64838867294327e-09
"158","Tau1.13.0","Tau1","4","13","1",1673.3189740356,4.62024500395367e-16
"159","Tau2.13.0","Tau2","5","13","1",4343302.11707155,2.90761045934491e-05
"160","NPQ.13.0","NPQ","6","13","1",0.184850083853863,1.89917637289457e-95
"161","qP.13.0","qP","7","13","1",0.660134237662983,1.23703072293799e-72
"162","ABQ.13.0","ABQ","8","13","1",-0.0174138689784153,8.78082777921526e-38
"163","qm.13.0","qm","9","13","1",0.59980353644864,6.18515361468995e-73
"164","nTau1.13.0","nTau1","10","13","1",2.41881922689793,4.62024500395367e-16
"165","nTau2.13.0","nTau2","11","13","1",2.36315698107979,2.90761045934491e-05
"166","nCon.13.0","nCon","12","13","1",1.01690064146565,4.64838867294327e-09
"167","Fm.13.0","Fm","13","13","1",2323.24932442867,1.89917637289457e-95
"168","Fo.13.0","Fo","14","13","1",2038.6005877183,1.23703072293799e-72
"169","Quant.14.0","Quant","1","14","1",0.124677959490495,2.32972004791837e-70
"170","Sigma.14.0","Sigma","2","14","1",4.59409154671175,5.40879015549218e-36
"171","Connect.14.0","Connect","3","14","1",0.321006444344912,1.97272790821952e-10
"172","Tau1.14.0","Tau1","4","14","1",1633.87217476645,1.02480424126262e-17
"173","Tau2.14.0","Tau2","5","14","1",4371208.22353123,2.01065070500039e-05
"174","NPQ.14.0","NPQ","6","14","1",0.167742594174859,3.16787991925791e-92
"175","qP.14.0","qP","7","14","1",0.637224209262762,4.65944009583673e-70
"176","ABQ.14.0","ABQ","8","14","1",0.0242470061926207,5.40879015549218e-36
"177","qm.14.0","qm","9","14","1",0.59276087911338,2.32972004791837e-70
"178","nTau1.14.0","nTau1","10","14","1",2.36179801456942,1.02480424126262e-17
"179","nTau2.14.0","nTau2","11","14","1",2.3783404770737,2.01065070500039e-05
"180","nCon.14.0","nCon","12","14","1",1.22978108008102,1.97272790821952e-10
"181","Fm.14.0","Fm","13","14","1",2357.28504774448,3.16787991925791e-92
"182","Fo.14.0","Fo","14","14","1",2063.38355805424,4.65944009583673e-70
"183","Quant.15.0","Quant","1","15","1",0.128120169481711,2.98078430891045e-78
"184","Sigma.15.0","Sigma","2","15","1",4.72048956561188,3.22238565330342e-44
"185","Connect.15.0","Connect","3","15","1",0.238868956885889,2.2807691564286e-11
"186","Tau1.15.0","Tau1","4","15","1",1243.45447711549,6.14624478389904e-16
"187","Tau2.15.0","Tau2","5","15","1",3104733.46337911,2.07615835258292e-07
"188","NPQ.15.0","NPQ","6","15","1",0.155368521085802,2.60969570328531e-100
"189","qP.15.0","qP","7","15","1",0.624376718520179,5.96156861782091e-78
"190","ABQ.15.0","ABQ","8","15","1",-0.00259905120503889,3.22238565330342e-44
"191","qm.15.0","qm","9","15","1",0.581517491938467,2.98078430891045e-78
"192","nTau1.15.0","nTau1","10","15","1",1.79744068147719,6.14624478389904e-16
"193","nTau2.15.0","nTau2","11","15","1",1.68926138698435,2.07615835258292e-07
"194","nCon.15.0","nCon","12","15","1",0.915110986000398,2.2807691564286e-11
"195","Fm.15.0","Fm","13","15","1",2382.5317261334,2.60969570328531e-100
"196","Fo.15.0","Fo","14","15","1",2077.28135758563,5.96156861782091e-78
"197","Quant.16.0","Quant","1","16","1",0.0512754053164504,3.55595972838982e-81
"198","Sigma.16.0","Sigma","2","16","1",3.19335448974001,3.53513325079315e-30
"199","Connect.16.0","Connect","3","16","1",0.465669142700037,4.80057863148402e-13
"200","Tau1.16.0","Tau1","4","16","1",1179.95445916321,7.61802894952609e-14
"201","Tau2.16.0","Tau2","5","16","1",6745410.2673273,1.46648994736468e-09
"202","NPQ.16.0","NPQ","6","16","1",0.114543357999622,3.88968105919496e-96
"203","qP.16.0","qP","7","16","1",0.378589179695403,7.11191945677964e-81
"204","ABQ.16.0","ABQ","8","16","1",0.321753784840814,3.53513325079315e-30
"205","qm.16.0","qm","9","16","1",0.832517703453687,3.55595972838982e-81
"206","nTau1.16.0","nTau1","10","16","1",1.70565001471572,7.61802894952609e-14
"207","nTau2.16.0","nTau2","11","16","1",3.67012538704757,1.46648994736468e-09
"208","nCon.16.0","nCon","12","16","1",1.78398630731143,4.80057863148402e-13
"209","Fm.16.0","Fm","13","16","1",2469.80266591269,3.88968105919496e-96
"210","Fo.16.0","Fo","14","16","1",2343.16253316636,7.11191945677964e-81
"211","Quant.17.0","Quant","1","17","1",0.0521897066120031,1.86789133838765e-83
"212","Sigma.17.0","Sigma","2","17","1",3.40813664946333,2.22437548589929e-31
"213","Connect.17.0","Connect","3","17","1",0.29290948356533,1.16707039610126e-06
"214","Tau1.17.0","Tau1","4","17","1",1661.20340457238,6.86678431015641e-14
"215","Tau2.17.0","Tau2","5","17","1",9667770.04211946,0.000192953861659924
"216","NPQ.17.0","NPQ","6","17","1",0.151427038417199,2.71564387927057e-99
"217","qP.17.0","qP","7","17","1",0.449995904008751,3.7357826767753e-83
"218","ABQ.17.0","ABQ","8","17","1",0.276135552544933,2.22437548589929e-31
"219","qm.17.0","qm","9","17","1",0.82953129545224,1.86789133838765e-83
"220","nTau1.17.0","nTau1","10","17","1",2.40130590587714,6.86678431015641e-14
"221","nTau2.17.0","nTau2","11","17","1",5.26015866515699,0.000192953861659924
"222","nCon.17.0","nCon","12","17","1",1.12214115140288,1.16707039610126e-06
"223","Fm.17.0","Fm","13","17","1",2390.68743829981,2.71564387927057e-99
"224","Fo.17.0","Fo","14","17","1",2265.91816229394,3.7357826767753e-83
"225","Quant.18.0","Quant","1","18","1",0.054637368239118,1.29310555495332e-80
"226","Sigma.18.0","Sigma","2","18","1",3.65914837666378,5.07742493897972e-29
"227","Connect.18.0","Connect","3","18","1",0.233422715957897,0.000562794789374979
"228","Tau1.18.0","Tau1","4","18","1",1410.27087229355,7.19767684566084e-14
"229","Tau2.18.0","Tau2","5","18","1",11441348.9489869,0.00132972259343915
"230","NPQ.18.0","NPQ","6","18","1",0.174336734987496,1.38418999320258e-97
"231","qP.18.0","qP","7","18","1",0.496163958704509,2.58621110990664e-80
"232","ABQ.18.0","ABQ","8","18","1",0.222822412872758,5.07742493897972e-29
"233","qm.18.0","qm","9","18","1",0.821536429532654,1.29310555495332e-80
"234","nTau1.18.0","nTau1","10","18","1",2.03857743440921,7.19767684566084e-14
"235","nTau2.18.0","nTau2","11","18","1",6.22514918672023,0.00132972259343915
"236","nCon.18.0","nCon","12","18","1",0.894246345527293,0.000562794789374979
"237","Fm.18.0","Fm","13","18","1",2344.04841034974,1.38418999320258e-97
"238","Fo.18.0","Fo","14","18","1",2215.97577418314,2.58621110990664e-80
"239","Quant.19.0","Quant","1","19","1",0.0551960054447336,6.04827691019032e-80
"240","Sigma.19.0","Sigma","2","19","1",3.20674776989354,1.60384704858427e-29
"241","Connect.19.0","Connect","3","19","1",0.398464877091975,1.62677503258629e-09
"242","Tau1.19.0","Tau1","4","19","1",1198.72457166174,1.8909137591189e-13
"243","Tau2.19.0","Tau2","5","19","1",12974135.5828513,0.00100862963770796
"244","NPQ.19.0","NPQ","6","19","1",0.196718403369376,1.19651085123391e-94
"245","qP.19.0","qP","7","19","1",0.535664089485538,1.20965538203806e-79
"246","ABQ.19.0","ABQ","8","19","1",0.318909145574524,1.60384704858427e-29
"247","qm.19.0","qm","9","19","1",0.819711737137629,6.04827691019032e-80
"248","nTau1.19.0","nTau1","10","19","1",1.73278262344541,1.8909137591189e-13
"249","nTau2.19.0","nTau2","11","19","1",7.05912650091284,0.00100862963770796
"250","nCon.19.0","nCon","12","19","1",1.52652563696822,1.62677503258629e-09
"251","Fm.19.0","Fm","13","19","1",2300.20876182106,1.19651085123391e-94
"252","Fo.19.0","Fo","14","19","1",2173.24642647956,1.20965538203806e-79
"253","Quant.20.0","Quant","1","20","1",0.0652158766792738,1.6957677861008e-77
"254","Sigma.20.0","Sigma","2","20","1",3.70883782895812,7.02399906463489e-29
"255","Connect.20.0","Connect","3","20","1",0.433002685568941,1.18334239937725e-09
"256","Tau1.20.0","Tau1","4","20","1",1027.6279161893,1.0740533545112e-14
"257","Tau2.20.0","Tau2","5","20","1",7980671.48169912,1.54828094705471e-06
"258","NPQ.20.0","NPQ","6","20","1",0.222811157473785,4.36650844887223e-93
"259","qP.20.0","qP","7","20","1",0.599384286612035,3.39153557220161e-77
"260","ABQ.20.0","ABQ","8","20","1",0.212268719864278,7.02399906463489e-29
"261","qm.20.0","qm","9","20","1",0.7869835502983,1.6957677861008e-77
"262","nTau1.20.0","nTau1","10","20","1",1.48545866050931,1.0740533545112e-14
"263","nTau2.20.0","nTau2","11","20","1",4.34222142907194,1.54828094705471e-06
"264","nCon.20.0","nCon","12","20","1",1.65884056135895,1.18334239937725e-09
"265","Fm.20.0","Fm","13","20","1",2251.12613672055,4.36650844887223e-93
"266","Fo.20.0","Fo","14","20","1",2104.31697219869,3.39153557220161e-77
"267","Quant.21.0","Quant","1","21","1",0.0566347768511565,3.09656903733676e-78
"268","Sigma.21.0","Sigma","2","21","1",3.47650273905934,2.63747670089654e-29
"269","Connect.21.0","Connect","3","21","1",0.293814425920019,3.85540495048324e-06
"270","Tau1.21.0","Tau1","4","21","1",1185.13388371915,1.70804835788732e-12
"271","Tau2.21.0","Tau2","5","21","1",9512762.73726842,0.000103137004800412
"272","NPQ.21.0","NPQ","6","21","1",0.258943100705031,9.4907462725218e-96
"273","qP.21.0","qP","7","21","1",0.63786965540383,6.19313807467353e-78
"274","ABQ.21.0","ABQ","8","21","1",0.261615072071279,2.63747670089654e-29
"275","qm.21.0","qm","9","21","1",0.81501223768237,3.09656903733676e-78
"276","nTau1.21.0","nTau1","10","21","1",1.71313698635386,1.70804835788732e-12
"277","nTau2.21.0","nTau2","11","21","1",5.17582039332982,0.000103137004800412
"278","nCon.21.0","nCon","12","21","1",1.12560800076359,3.85540495048324e-06
"279","Fm.21.0","Fm","13","21","1",2186.51832264793,9.4907462725218e-96
"280","Fo.21.0","Fo","14","21","1",2062.6853453638,6.19313807467353e-78
"281","Quant.22.0","Quant","1","22","1",0.0576415719691153,1.1607187872962e-83
"282","Sigma.22.0","Sigma","2","22","1",3.49340647720352,6.4245595515596e-34
"283","Connect.22.0","Connect","3","22","1",0.310811879953717,6.86316437518541e-09
"284","Tau1.22.0","Tau1","4","22","1",1343.78373625917,1.89302228147167e-15
"285","Tau2.22.0","Tau2","5","22","1",12131889.7228006,6.98681842500241e-05
"286","NPQ.22.0","NPQ","6","22","1",0.295806661999714,2.37481495816506e-100
"287","qP.22.0","qP","7","22","1",0.694092099805322,2.32143757459241e-83
"288","ABQ.22.0","ABQ","8","22","1",0.258024836018511,6.4245595515596e-34
"289","qm.22.0","qm","9","22","1",0.811723714510944,1.1607187872962e-83
"290","nTau1.22.0","nTau1","10","22","1",1.94246882303462,1.89302228147167e-15
"291","nTau2.22.0","nTau2","11","22","1",6.60086706366552,6.98681842500241e-05
"292","nCon.22.0","nCon","12","22","1",1.190725532665,6.86316437518541e-09
"293","Fm.22.0","Fm","13","22","1",2124.3154843908,2.37481495816506e-100
"294","Fo.22.0","Fo","14","22","1",2001.86660051218,2.32143757459241e-83
"295","Quant.23.0","Quant","1","23","1",0.176314435556932,3.08649189727971e-73
"296","Sigma.23.0","Sigma","2","23","1",4.42713517192819,5.69209496694566e-45
"297","Connect.23.0","Connect","3","23","1",0.196194177299121,3.25344514841982e-09
"298","Tau1.23.0","Tau1","4","23","1",1354.94469358423,1.81677829780489e-18
"299","Tau2.23.0","Tau2","5","23","1",2382446.44025775,4.62092153398027e-11
"300","NPQ.23.0","NPQ","6","23","1",0.356929228047609,1.97948249931621e-95
"301","qP.23.0","qP","7","23","1",1,6.17298379455942e-73
"302","ABQ.23.0","ABQ","8","23","1",0.0597073754242454,5.69209496694566e-45
"303","qm.23.0","qm","9","23","1",0.42409920703507,3.08649189727971e-73
"304","nTau1.23.0","nTau1","10","23","1",1.95860223130126,1.81677829780489e-18
"305","nTau2.23.0","nTau2","11","23","1",1.29627062211823,4.62092153398027e-11
"306","nCon.23.0","nCon","12","23","1",0.751623188615104,3.25344514841982e-09
"307","Fm.23.0","Fm","13","23","1",2028.62618032292,1.97948249931621e-95
"308","Fo.23.0","Fo","14","23","1",1670.95010038327,6.17298379455942e-73
"309","Quant.24.0","Quant","1","24","1",0.185591223679945,4.8230008238194e-70
"310","Sigma.24.0","Sigma","2","24","1",4.81638515665996,1.29561167089933e-43
"311","Connect.24.0","Connect","3","24","1",0.248450243693131,3.83864886112567e-11
"312","Tau1.24.0","Tau1","4","24","1",1219.52380166959,1.88751446148785e-15
"313","Tau2.24.0","Tau2","5","24","1",2087501.58782088,2.67223750887863e-09
"314","NPQ.24.0","NPQ","6","24","1",0.294495316513991,3.41785628477295e-93
"315","qP.24.0","qP","7","24","1",0.943736039673982,9.6460016476388e-70
"316","ABQ.24.0","ABQ","8","24","1",-0.0229666057273381,1.29561167089933e-43
"317","qm.24.0","qm","9","24","1",0.393798173433736,4.8230008238194e-70
"318","nTau1.24.0","nTau1","10","24","1",1.76284836597765,1.88751446148785e-15
"319","nTau2.24.0","nTau2","11","24","1",1.13579341646171,2.67223750887863e-09
"320","nCon.24.0","nCon","12","24","1",0.951817056691353,3.83864886112567e-11
"321","Fm.24.0","Fm","13","24","1",2126.46745163639,3.41785628477295e-93
"322","Fo.24.0","Fo","14","24","1",1731.81375517162,9.6460016476388e-70
"323","Quant.25.0","Quant","1","25","1",0.191377828767024,2.17951734630615e-70
"324","Sigma.25.0","Sigma","2","25","1",4.91794722604998,2.81994425446922e-44
"325","Connect.25.0","Connect","3","25","1",0.187708486800558,4.8328395715111e-08
"326","Tau1.25.0","Tau1","4","25","1",1171.22305450744,1.22357211485349e-16
"327","Tau2.25.0","Tau2","5","25","1",1852778.25005622,2.57493744800691e-11
"328","NPQ.25.0","NPQ","6","25","1",0.262618020925479,4.68356878888624e-94
"329","qP.25.0","qP","7","25","1",0.914979560872367,4.35903469261231e-70
"330","ABQ.25.0","ABQ","8","25","1",-0.0445376807172391,2.81994425446922e-44
"331","qm.25.0","qm","9","25","1",0.374897222710689,2.17951734630615e-70
"332","nTau1.25.0","nTau1","10","25","1",1.6930285780459,1.22357211485349e-16
"333","nTau2.25.0","nTau2","11","25","1",1.00808226966382,2.57493744800691e-11
"334","nCon.25.0","nCon","12","25","1",0.719114365784922,4.8328395715111e-08
"335","Fm.25.0","Fm","13","25","1",2180.15433903364,4.68356878888624e-94
"336","Fo.25.0","Fo","14","25","1",1762.92113525237,4.35903469261231e-70
"337","Quant.26.0","Quant","1","26","1",0.193123283918268,8.29569387808981e-67
"338","Sigma.26.0","Sigma","2","26","1",4.96034884572333,1.90932687163549e-41
"339","Connect.26.0","Connect","3","26","1",0.209431793280071,1.4115958446385e-07
"340","Tau1.26.0","Tau1","4","26","1",1364.82254387861,1.23834552655693e-16
"341","Tau2.26.0","Tau2","5","26","1",2021759.32043527,7.50342296542823e-11
"342","NPQ.26.0","NPQ","6","26","1",0.255140453571153,1.43707191843628e-90
"343","qP.26.0","qP","7","26","1",0.908809324350025,1.65913877561796e-66
"344","ABQ.26.0","ABQ","8","26","1",-0.053543488920641,1.90932687163549e-41
"345","qm.26.0","qm","9","26","1",0.369195993525958,8.29569387808981e-67
"346","nTau1.26.0","nTau1","10","26","1",1.97288088025176,1.23834552655693e-16
"347","nTau2.26.0","nTau2","11","26","1",1.10002355888867,7.50342296542823e-11
"348","nCon.26.0","nCon","12","26","1",0.802336717784192,1.4115958446385e-07
"349","Fm.26.0","Fm","13","26","1",2193.14272680057,1.43707191843628e-90
"350","Fo.26.0","Fo","14","26","1",1769.59580129938,1.65913877561796e-66
"351","Quant.27.0","Quant","1","27","1",0.198816007180157,1.51742722369109e-64
"352","Sigma.27.0","Sigma","2","27","1",4.92208600611407,1.37804582902787e-39
"353","Connect.27.0","Connect","3","27","1",0.190564682995609,6.35115288571344e-06
"354","Tau1.27.0","Tau1","4","27","1",1256.68604833686,1.18382314107915e-15
"355","Tau2.27.0","Tau2","5","27","1",1676346.5717876,5.49647480367418e-11
"356","NPQ.27.0","NPQ","6","27","1",0.238254586862929,1.3750993238413e-88
"357","qP.27.0","qP","7","27","1",0.898200177471556,3.03485444738218e-64
"358","ABQ.27.0","ABQ","8","27","1",-0.0454167287286209,1.37804582902787e-39
"359","qm.27.0","qm","9","27","1",0.350601691645366,1.51742722369109e-64
"360","nTau1.27.0","nTau1","10","27","1",1.81656720748265,1.18382314107915e-15
"361","nTau2.27.0","nTau2","11","27","1",0.912087162497465,5.49647480367418e-11
"362","nCon.27.0","nCon","12","27","1",0.730056501382359,6.35115288571344e-06
"363","Fm.27.0","Fm","13","27","1",2223.05024028751,1.3750993238413e-88
"364","Fo.27.0","Fo","14","27","1",1781.07226775266,3.03485444738218e-64
"365","Quant.1.1","Quant","1","1","2",0.285389644288866,4.20593543034187e-62
"366","Sigma.1.1","Sigma","2","1","2",4.6375889381104,2.66766352108511e-46
"367","Connect.1.1","Connect","3","1","2",0.293350210279921,4.91492012672219e-15
"368","Tau1.1.1","Tau1","4","1","2",778.726248956295,9.26939273634076e-28
"369","Tau2.1.1","Tau2","5","1","2",1736197.46014408,5.97866202591712e-20
"370","NPQ.1.1","NPQ","6","1","2",0.640509173887782,7.1086459655256e-88
"371","qP.1.1","qP","7","1","2",1.35150267900087,8.41187086068374e-62
"372","ABQ.1.1","ABQ","8","1","2",0,2.66766352108511e-46
"373","qm.1.1","qm","9","1","2",0,4.20593543034187e-62
"374","nTau1.1.1","nTau1","10","1","2",1,9.26939273634076e-28
"375","nTau2.1.1","nTau2","11","1","2",1,5.97866202591712e-20
"376","nCon.1.1","nCon","12","1","2",1,4.91492012672219e-15
"377","Fm.1.1","Fm","13","1","2",1962.28113034535,7.1086459655256e-88
"378","Fo.1.1","Fo","14","1","2",1402.26641656134,8.41187086068374e-62
"379","Quant.3.1","Quant","1","3","2",0.0402667816048025,3.34460456244076e-83
"380","Sigma.3.1","Sigma","2","3","2",2.35964450543474,2.03392221986361e-29
"381","Connect.3.1","Connect","3","3","2",0.523942842112127,7.37315182619882e-15
"382","Tau1.3.1","Tau1","4","3","2",2377.71413666155,2.48607290860152e-08
"383","Tau2.3.1","Tau2","5","3","2",5505152.8121175,2.91685343831552e-11
"384","NPQ.3.1","NPQ","6","3","2",0.0828017024754323,1.47826407849093e-93
"385","qP.3.1","qP","7","3","2",0.272163552885468,6.6892091247337e-83
"386","ABQ.3.1","ABQ","8","3","2",0.491191535747413,2.03392221986361e-29
"387","qm.3.1","qm","9","3","2",0.858905946972466,3.34460456244076e-83
"388","nTau1.3.1","nTau1","10","3","2",3.05333760079146,2.48607290860152e-08
"389","nTau2.3.1","nTau2","11","3","2",3.17081031305082,2.91685343831552e-11
"390","nCon.3.1","nCon","12","3","2",1.78606601853862,7.37315182619882e-15
"391","Fm.3.1","Fm","13","3","2",2972.97297253877,1.47826407849093e-93
"392","Fo.3.1","Fo","14","3","2",2853.26091913658,6.6892091247337e-83
"393","Quant.4.1","Quant","1","4","2",0.0424248122446236,1.7111559651182e-81
"394","Sigma.4.1","Sigma","2","4","2",2.46716789181278,1.21212295077713e-27
"395","Connect.4.1","Connect","3","4","2",0.486024550519676,4.25377150224301e-12
"396","Tau1.4.1","Tau1","4","4","2",1930.08604262817,5.74499379289432e-11
"397","Tau2.4.1","Tau2","5","4","2",6234995.06395743,1.34746293243951e-10
"398","NPQ.4.1","NPQ","6","4","2",0.113307941134802,3.56365803480229e-94
"399","qP.4.1","qP","7","4","2",0.334962893683008,3.42231193023604e-81
"400","ABQ.4.1","ABQ","8","4","2",0.46800634451702,1.21212295077713e-27
"401","qm.4.1","qm","9","4","2",0.851344247790288,1.7111559651182e-81
"402","nTau1.4.1","nTau1","10","4","2",2.47851673834677,5.74499379289432e-11
"403","nTau2.4.1","nTau2","11","4","2",3.59117854223793,1.34746293243951e-10
"404","nCon.4.1","nCon","12","4","2",1.65680655233177,4.25377150224301e-12
"405","Fm.4.1","Fm","13","4","2",2891.50923759435,3.56365803480229e-94
"406","Fo.4.1","Fo","14","4","2",2768.83750108582,3.42231193023604e-81
"407","Quant.5.1","Quant","1","5","2",0.0435913826679519,4.23369229085539e-81
"408","Sigma.5.1","Sigma","2","5","2",2.64265109910987,6.03248377830163e-29
"409","Connect.5.1","Connect","3","5","2",0.496923003790691,1.59707544264366e-14
"410","Tau1.5.1","Tau1","4","5","2",1394.37622966629,9.27695274985393e-11
"411","Tau2.5.1","Tau2","5","5","2",5721829.64802636,2.2913049845874e-08
"412","NPQ.5.1","NPQ","6","5","2",0.189869763071555,2.21519251218727e-96
"413","qP.5.1","qP","7","5","2",0.469837014998734,8.46738458171078e-81
"414","ABQ.5.1","ABQ","8","5","2",0.430167025500405,6.03248377830163e-29
"415","qm.5.1","qm","9","5","2",0.847256606746987,4.23369229085539e-81
"416","nTau1.5.1","nTau1","10","5","2",1.7905858850079,9.27695274985393e-11
"417","nTau2.5.1","nTau2","11","5","2",3.29560996336875,2.2913049845874e-08
"418","nCon.5.1","nCon","12","5","2",1.69395823277753,1.59707544264366e-14
"419","Fm.5.1","Fm","13","5","2",2705.45592130056,2.21519251218727e-96
"420","Fo.5.1","Fo","14","5","2",2587.52135694387,8.46738458171078e-81
"421","Quant.6.1","Quant","1","6","2",0.052574431373859,7.88289309960593e-80
"422","Sigma.6.1","Sigma","2","6","2",3.30224188762524,8.50080696219351e-29
"423","Connect.6.1","Connect","3","6","2",0.54858412874163,6.34486267558916e-15
"424","Tau1.6.1","Tau1","4","6","2",1190.42443253678,1.71524992965538e-12
"425","Tau2.6.1","Tau2","5","6","2",7642440.41430544,6.75914937454368e-06
"426","NPQ.6.1","NPQ","6","6","2",0.254474958470235,9.0242892266813e-96
"427","qP.6.1","qP","7","6","2",0.586108860325502,1.57657861992119e-79
"428","ABQ.6.1","ABQ","8","6","2",0.287939933509773,8.50080696219351e-29
"429","qm.6.1","qm","9","6","2",0.815780171334304,7.88289309960593e-80
"430","nTau1.6.1","nTau1","10","6","2",1.52868152849898,1.71524992965538e-12
"431","nTau2.6.1","nTau2","11","6","2",4.40182674479389,6.75914937454368e-06
"432","nCon.6.1","nCon","12","6","2",1.87006557185747,6.34486267558916e-15
"433","Fm.6.1","Fm","13","6","2",2566.12551278345,9.0242892266813e-96
"434","Fo.6.1","Fo","14","6","2",2431.21292311491,1.57657861992119e-79
"435","Quant.7.1","Quant","1","7","2",0.0551374441327801,7.96774173066527e-83
"436","Sigma.7.1","Sigma","2","7","2",3.03575644108093,8.63485820269808e-33
"437","Connect.7.1","Connect","3","7","2",0.513821054176676,4.12454137446949e-17
"438","Tau1.7.1","Tau1","4","7","2",1113.67546394406,3.94073115066163e-14
"439","Tau2.7.1","Tau2","5","7","2",7418612.92894667,2.58200408622269e-07
"440","NPQ.7.1","NPQ","6","7","2",0.291186197182008,3.67082300222266e-98
"441","qP.7.1","qP","7","7","2",0.642281345952916,1.59354834613305e-82
"442","ABQ.7.1","ABQ","8","7","2",0.345402000566731,8.63485820269808e-33
"443","qm.7.1","qm","9","7","2",0.806799422347046,7.96774173066527e-83
"444","nTau1.7.1","nTau1","10","7","2",1.43012446984636,3.94073115066163e-14
"445","nTau2.7.1","nTau2","11","7","2",4.27290852523826,2.58200408622269e-07
"446","nCon.7.1","nCon","12","7","2",1.75156190849966,4.12454137446949e-17
"447","Fm.7.1","Fm","13","7","2",2493.16496962572,3.67082300222266e-98
"448","Fo.7.1","Fo","14","7","2",2355.69822539918,1.59354834613305e-82
"449","Quant.8.1","Quant","1","8","2",0.0521126333886792,1.53080585756758e-78
"450","Sigma.8.1","Sigma","2","8","2",3.12061447501959,4.2730845286272e-29
"451","Connect.8.1","Connect","3","8","2",0.386607328080631,1.20661889198526e-09
"452","Tau1.8.1","Tau1","4","8","2",1064.88643177994,7.27754154277334e-13
"453","Tau2.8.1","Tau2","5","8","2",8836616.42456682,0.000199598716233723
"454","NPQ.8.1","NPQ","6","8","2",0.310598889975518,2.67128629021342e-96
"455","qP.8.1","qP","7","8","2",0.662710119194466,3.06161171513517e-78
"456","ABQ.8.1","ABQ","8","8","2",0.32710412314139,4.2730845286272e-29
"457","qm.8.1","qm","9","8","2",0.817398302876289,1.53080585756758e-78
"458","nTau1.8.1","nTau1","10","8","2",1.36747211643011,7.27754154277334e-13
"459","nTau2.8.1","nTau2","11","8","2",5.0896379170106,0.000199598716233723
"460","nCon.8.1","nCon","12","8","2",1.31790370189857,1.20661889198526e-09
"461","Fm.8.1","Fm","13","8","2",2456.23601599309,2.67128629021342e-96
"462","Fo.8.1","Fo","14","8","2",2328.23508897557,3.06161171513517e-78
"463","Quant.9.1","Quant","1","9","2",0.0542508130260546,1.55690678466097e-78
"464","Sigma.9.1","Sigma","2","9","2",3.52748300805662,7.06354407530919e-29
"465","Connect.9.1","Connect","3","9","2",0.304046955030057,2.57192297651013e-06
"466","Tau1.9.1","Tau1","4","9","2",1702.90868692792,2.85440180754171e-12
"467","Tau2.9.1","Tau2","5","9","2",8545289.22803482,0.00040900873378088
"468","NPQ.9.1","NPQ","6","9","2",0.31689130299671,1.08499455243455e-97
"469","qP.9.1","qP","7","9","2",0.674873467801424,3.11381356932195e-78
"470","ABQ.9.1","ABQ","8","9","2",0.239371351119813,7.06354407530919e-29
"471","qm.9.1","qm","9","9","2",0.809906161237081,1.55690678466097e-78
"472","nTau1.9.1","nTau1","10","9","2",2.18678731994752,2.85440180754171e-12
"473","nTau2.9.1","nTau2","11","9","2",4.92184179749098,0.00040900873378088
"474","nCon.9.1","nCon","12","9","2",1.03646407732222,2.57192297651013e-06
"475","Fm.9.1","Fm","13","9","2",2444.49954886404,1.08499455243455e-97
"476","Fo.9.1","Fo","14","9","2",2311.88346089634,3.11381356932195e-78
"477","Quant.10.1","Quant","1","10","2",0.0931774328326581,1.1571599367954e-72
"478","Sigma.10.1","Sigma","2","10","2",3.87375583120408,1.30427981856233e-31
"479","Connect.10.1","Connect","3","10","2",0.163158981336245,0.00536038467506478
"480","Tau1.10.1","Tau1","4","10","2",1358.59150432732,4.31069538417772e-16
"481","Tau2.10.1","Tau2","5","10","2",4940508.34388622,5.42919663830191e-06
"482","NPQ.10.1","NPQ","6","10","2",0.323563058133188,1.59523085715055e-93
"483","qP.10.1","qP","7","10","2",0.753968334288925,2.31431987359081e-72
"484","ABQ.10.1","ABQ","8","10","2",0.164704788867629,1.30427981856233e-31
"485","qm.10.1","qm","9","10","2",0.673508010198347,1.1571599367954e-72
"486","nTau1.10.1","nTau1","10","10","2",1.74463299028151,4.31069538417772e-16
"487","nTau2.10.1","nTau2","11","10","2",2.84559127478289,5.42919663830191e-06
"488","nCon.10.1","nCon","12","10","2",0.556191799489612,0.00536038467506478
"489","Fm.10.1","Fm","13","10","2",2432.17742917277,1.59523085715055e-93
"490","Fo.10.1","Fo","14","10","2",2205.55338012892,2.31431987359081e-72
"491","Quant.11.1","Quant","1","11","2",0.102234878571835,2.55392669771656e-76
"492","Sigma.11.1","Sigma","2","11","2",4.07607256223597,6.75189090615742e-38
"493","Connect.11.1","Connect","3","11","2",0.217721936110145,6.87741125652194e-07
"494","Tau1.11.1","Tau1","4","11","2",1469.30245976061,4.69961466855591e-18
"495","Tau2.11.1","Tau2","5","11","2",5159790.3748703,1.43661272681703e-05
"496","NPQ.11.1","NPQ","6","11","2",0.287058633396921,5.61259294693641e-98
"497","qP.11.1","qP","7","11","2",0.724287313312684,5.10785339543312e-76
"498","ABQ.11.1","ABQ","8","11","2",0.121079376237952,6.75189090615742e-38
"499","qm.11.1","qm","9","11","2",0.641770888966264,2.55392669771656e-76
"500","nTau1.11.1","nTau1","10","11","2",1.88680227709015,4.69961466855591e-18
"501","nTau2.11.1","nTau2","11","11","2",2.97189144283283,1.43661272681703e-05
"502","nCon.11.1","nCon","12","11","2",0.742191171100202,6.87741125652194e-07
"503","Fm.11.1","Fm","13","11","2",2501.16048527035,5.61259294693641e-98
"504","Fo.11.1","Fo","14","11","2",2245.45464677006,5.10785339543312e-76
"505","Quant.12.1","Quant","1","12","2",0.110169063259428,2.49417443952153e-75
"506","Sigma.12.1","Sigma","2","12","2",4.14651075358872,7.2868894543666e-38
"507","Connect.12.1","Connect","3","12","2",0.212823553764739,1.05658621712584e-06
"508","Tau1.12.1","Tau1","4","12","2",1416.3792351406,3.44131043407466e-20
"509","Tau2.12.1","Tau2","5","12","2",4006372.07250597,2.9732035296542e-08
"510","NPQ.12.1","NPQ","6","12","2",0.26824961089765,2.57133717891944e-97
"511","qP.12.1","qP","7","12","2",0.714496106470648,4.98834887904306e-75
"512","ABQ.12.1","ABQ","8","12","2",0.105890839200116,7.2868894543666e-38
"513","qm.12.1","qm","9","12","2",0.613969653545255,2.49417443952153e-75
"514","nTau1.12.1","nTau1","10","12","2",1.81884100740014,3.44131043407466e-20
"515","nTau2.12.1","nTau2","11","12","2",2.3075555427742,2.9732035296542e-08
"516","nCon.12.1","nCon","12","12","2",0.72549310110144,1.05658621712584e-06
"517","Fm.12.1","Fm","13","12","2",2538.2544322643,2.57133717891944e-97
"518","Fo.12.1","Fo","14","12","2",2258.61731914765,4.98834887904306e-75
"519","Quant.13.1","Quant","1","13","2",0.116260348392424,1.6259995563908e-73
"520","Sigma.13.1","Sigma","2","13","2",4.33579514137224,2.33332734878792e-37
"521","Connect.13.1","Connect","3","13","2",0.220354378267489,8.98703721621746e-07
"522","Tau1.13.1","Tau1","4","13","2",1485.94756329939,7.92109899949233e-18
"523","Tau2.13.1","Tau2","5","13","2",4070199.18235583,2.78067726861696e-06
"524","NPQ.13.1","NPQ","6","13","2",0.252331670646432,3.1605479086381e-96
"525","qP.13.1","qP","7","13","2",0.704788173891411,3.25199911278161e-73
"526","ABQ.13.1","ABQ","8","13","2",0.0650755814639171,2.33332734878792e-37
"527","qm.13.1","qm","9","13","2",0.592625903851131,1.6259995563908e-73
"528","nTau1.13.1","nTau1","10","13","2",1.908177058743,7.92109899949233e-18
"529","nTau2.13.1","nTau2","11","13","2",2.34431812958536,2.78067726861696e-06
"530","nCon.13.1","nCon","12","13","2",0.751164889424221,8.98703721621746e-07
"531","Fm.13.1","Fm","13","13","2",2570.51727711778,3.1605479086381e-96
"532","Fo.13.1","Fo","14","13","2",2271.66804293132,3.25199911278161e-73
"533","Quant.14.1","Quant","1","14","2",0.121990455038459,8.00661754615595e-71
"534","Sigma.14.1","Sigma","2","14","2",4.37543317499697,7.8892298681819e-36
"535","Connect.14.1","Connect","3","14","2",0.205223413622508,2.09181398522239e-05
"536","Tau1.14.1","Tau1","4","14","2",1482.94091532706,3.29346743530487e-18
"537","Tau2.14.1","Tau2","5","14","2",3729066.19218928,6.34383234084291e-07
"538","NPQ.14.1","NPQ","6","14","2",0.232959663608775,9.08534597670309e-94
"539","qP.14.1","qP","7","14","2",0.689367018159279,1.60132350923119e-70
"540","ABQ.14.1","ABQ","8","14","2",0.0565284605022042,7.8892298681819e-36
"541","qm.14.1","qm","9","14","2",0.572547716850643,8.00661754615595e-71
"542","nTau1.14.1","nTau1","10","14","2",1.90431607681725,3.29346743530487e-18
"543","nTau2.14.1","nTau2","11","14","2",2.14783529972438,6.34383234084291e-07
"544","nCon.14.1","nCon","12","14","2",0.699585023057182,2.09181398522239e-05
"545","Fm.14.1","Fm","13","14","2",2610.90471253233,9.08534597670309e-94
"546","Fo.14.1","Fo","14","14","2",2292.39925858846,1.60132350923119e-70
"547","Quant.15.1","Quant","1","15","2",0.126291953336678,7.37616547293225e-75
"548","Sigma.15.1","Sigma","2","15","2",4.51407035716752,2.00392980304711e-40
"549","Connect.15.1","Connect","3","15","2",0.229181811938239,1.37449549348117e-08
"550","Tau1.15.1","Tau1","4","15","2",1554.07764358199,7.66853642752222e-19
"551","Tau2.15.1","Tau2","5","15","2",3699105.3311338,5.1269502705669e-07
"552","NPQ.15.1","NPQ","6","15","2",0.224082978247917,5.59803010502106e-98
"553","qP.15.1","qP","7","15","2",0.685415958178455,1.47523309458645e-74
"554","ABQ.15.1","ABQ","8","15","2",0.0266342236432036,2.00392980304711e-40
"555","qm.15.1","qm","9","15","2",0.55747534690205,7.37616547293225e-75
"556","nTau1.15.1","nTau1","10","15","2",1.99566618649992,7.66853642752222e-19
"557","nTau2.15.1","nTau2","11","15","2",2.13057870204857,5.1269502705669e-07
"558","nCon.15.1","nCon","12","15","2",0.781256681969135,1.37449549348117e-08
"559","Fm.15.1","Fm","13","15","2",2629.83821626711,5.59803010502106e-98
"560","Fo.15.1","Fo","14","15","2",2297.71081097529,1.47523309458645e-74
"561","Quant.16.1","Quant","1","16","2",0.0519412710120826,2.9253949031065e-83
"562","Sigma.16.1","Sigma","2","16","2",3.21200724803905,3.76235115396105e-33
"563","Connect.16.1","Connect","3","16","2",0.350111862451172,1.11851423895049e-10
"564","Tau1.16.1","Tau1","4","16","2",1110.50630644345,2.32412036135521e-11
"565","Tau2.16.1","Tau2","5","16","2",6074791.23698629,5.32933797851625e-08
"566","NPQ.16.1","NPQ","6","16","2",0.17512691067065,3.05112435391244e-101
"567","qP.16.1","qP","7","16","2",0.462704320667295,5.85078980621301e-83
"568","ABQ.16.1","ABQ","8","16","2",0.307397164581863,3.76235115396105e-33
"569","qm.16.1","qm","9","16","2",0.817998753453336,2.9253949031065e-83
"570","nTau1.16.1","nTau1","10","16","2",1.42605480158378,2.32412036135521e-11
"571","nTau2.16.1","nTau2","11","16","2",3.49890572727952,5.32933797851625e-08
"572","nCon.16.1","nCon","12","16","2",1.19349449968721,1.11851423895049e-10
"573","Fm.16.1","Fm","13","16","2",2739.39790404532,3.05112435391244e-101
"574","Fo.16.1","Fo","14","16","2",2597.11009510137,5.85078980621301e-83
"575","Quant.17.1","Quant","1","17","2",0.0518154691881113,1.04044415693191e-77
"576","Sigma.17.1","Sigma","2","17","2",3.08674452667471,1.550175046542e-27
"577","Connect.17.1","Connect","3","17","2",0.395958067511337,8.752343673006e-09
"578","Tau1.17.1","Tau1","4","17","2",1081.79872773385,1.92678069794052e-14
"579","Tau2.17.1","Tau2","5","17","2",7571915.25125515,3.18603432216738e-07
"580","NPQ.17.1","NPQ","6","17","2",0.217837164611704,9.27822791497654e-95
"581","qP.17.1","qP","7","17","2",0.530209479128838,2.08088831386381e-77
"582","ABQ.17.1","ABQ","8","17","2",0.334407475982032,1.550175046542e-27
"583","qm.17.1","qm","9","17","2",0.818439560702264,1.04044415693191e-77
"584","nTau1.17.1","nTau1","10","17","2",1.38919001277246,1.92678069794052e-14
"585","nTau2.17.1","nTau2","11","17","2",4.36120627121916,3.18603432216738e-07
"586","nCon.17.1","nCon","12","17","2",1.34977938871598,8.752343673006e-09
"587","Fm.17.1","Fm","13","17","2",2643.32563467533,9.27822791497654e-95
"588","Fo.17.1","Fo","14","17","2",2506.36047669766,2.08088831386381e-77
"589","Quant.18.1","Quant","1","18","2",0.0503404115541069,3.01107366391297e-82
"590","Sigma.18.1","Sigma","2","18","2",3.007751619944,1.1486624595522e-31
"591","Connect.18.1","Connect","3","18","2",0.371098164069663,1.30379030650353e-10
"592","Tau1.18.1","Tau1","4","18","2",1144.86299204998,3.5636539300836e-15
"593","Tau2.18.1","Tau2","5","18","2",10589977.1195829,0.000129540772379342
"594","NPQ.18.1","NPQ","6","18","2",0.243736851012952,3.17736215718839e-99
"595","qP.18.1","qP","7","18","2",0.566193643330484,6.02214732782593e-82
"596","ABQ.18.1","ABQ","8","18","2",0.351440660204457,1.1486624595522e-31
"597","qm.18.1","qm","9","18","2",0.823608135188139,3.01107366391297e-82
"598","nTau1.18.1","nTau1","10","18","2",1.47017388149483,3.5636539300836e-15
"599","nTau2.18.1","nTau2","11","18","2",6.09952344861977,0.000129540772379342
"600","nCon.18.1","nCon","12","18","2",1.26503459368771,1.30379030650353e-10
"601","Fm.18.1","Fm","13","18","2",2588.28078741627,3.17736215718839e-99
"602","Fo.18.1","Fo","14","18","2",2457.98566736014,6.02214732782593e-82
"603","Quant.19.1","Quant","1","19","2",0.0542713285758898,1.68788753884545e-81
"604","Sigma.19.1","Sigma","2","19","2",3.178679750837,5.4358684796304e-32
"605","Connect.19.1","Connect","3","19","2",0.367417243250859,1.6314654846301e-10
"606","Tau1.19.1","Tau1","4","19","2",1130.30765450517,4.80504542944597e-12
"607","Tau2.19.1","Tau2","5","19","2",8327613.34467714,2.57107612165821e-05
"608","NPQ.19.1","NPQ","6","19","2",0.274509340773624,3.96669240245014e-99
"609","qP.19.1","qP","7","19","2",0.61772516925455,3.3757750776909e-81
"610","ABQ.19.1","ABQ","8","19","2",0.314583549068892,5.4358684796304e-32
"611","qm.19.1","qm","9","19","2",0.809834275132432,1.68788753884545e-81
"612","nTau1.19.1","nTau1","10","19","2",1.45148266932069,4.80504542944597e-12
"613","nTau2.19.1","nTau2","11","19","2",4.79646672446235,2.57107612165821e-05
"614","nCon.19.1","nCon","12","19","2",1.25248672192961,1.6314654846301e-10
"615","Fm.19.1","Fm","13","19","2",2525.78784093055,3.96669240245014e-99
"616","Fo.19.1","Fo","14","19","2",2388.70997910242,3.3757750776909e-81
"617","Quant.20.1","Quant","1","20","2",0.0510266796018393,4.46758644197671e-83
"618","Sigma.20.1","Sigma","2","20","2",2.89955950605485,4.8080230903312e-31
"619","Connect.20.1","Connect","3","20","2",0.473856730478303,1.68605725031873e-13
"620","Tau1.20.1","Tau1","4","20","2",1207.88749667131,4.06312084309422e-13
"621","Tau2.20.1","Tau2","5","20","2",6641525.89511005,2.30129207610364e-07
"622","NPQ.20.1","NPQ","6","20","2",0.307309202916495,3.87673414404177e-97
"623","qP.20.1","qP","7","20","2",0.656362899942901,8.93517288395339e-83
"624","ABQ.20.1","ABQ","8","20","2",0.374770048671825,4.8080230903312e-31
"625","qm.20.1","qm","9","20","2",0.821203464726313,4.46758644197671e-83
"626","nTau1.20.1","nTau1","10","20","2",1.55110669287212,4.06312084309422e-13
"627","nTau2.20.1","nTau2","11","20","2",3.82532865504762,2.30129207610364e-07
"628","nCon.20.1","nCon","12","20","2",1.61532773413095,1.68605725031873e-13
"629","Fm.20.1","Fm","13","20","2",2462.41683979337,3.87673414404177e-97
"630","Fo.20.1","Fo","14","20","2",2336.76788466306,8.93517288395339e-83
"631","Quant.21.1","Quant","1","21","2",0.0500969064334617,1.37826314124754e-79
"632","Sigma.21.1","Sigma","2","21","2",3.24716365239994,7.29703179243208e-30
"633","Connect.21.1","Connect","3","21","2",0.410442202804309,2.9717381028929e-11
"634","Tau1.21.1","Tau1","4","21","2",1368.21419951572,9.43101950056983e-14
"635","Tau2.21.1","Tau2","5","21","2",7663094.30680388,1.02269211884269e-05
"636","NPQ.21.1","NPQ","6","21","2",0.347907860475684,4.01757646137057e-98
"637","qP.21.1","qP","7","21","2",0.707066257152707,2.75652628249508e-79
"638","ABQ.21.1","ABQ","8","21","2",0.299816414146656,7.29703179243208e-30
"639","qm.21.1","qm","9","21","2",0.824461372597127,1.37826314124754e-79
"640","nTau1.21.1","nTau1","10","21","2",1.75698995808797,9.43101950056983e-14
"641","nTau2.21.1","nTau2","11","21","2",4.41372279519861,1.02269211884269e-05
"642","nCon.21.1","nCon","12","21","2",1.39915428188259,2.9717381028929e-11
"643","Fm.21.1","Fm","13","21","2",2388.24944231899,4.01757646137057e-98
"644","Fo.21.1","Fo","14","21","2",2268.60553346737,2.75652628249508e-79
"645","Quant.22.1","Quant","1","22","2",0.0571897771587535,9.86878371857018e-78
"646","Sigma.22.1","Sigma","2","22","2",3.36858956353206,1.09153505351375e-28
"647","Connect.22.1","Connect","3","22","2",0.42247131385063,3.93345592116719e-10
"648","Tau1.22.1","Tau1","4","22","2",1298.8380818641,7.59624809052957e-13
"649","Tau2.22.1","Tau2","5","22","2",12589938.6233487,0.0032495305565703
"650","NPQ.22.1","NPQ","6","22","2",0.381320382935437,2.22705076395009e-95
"651","qP.22.1","qP","7","22","2",0.760181479157657,1.97375674371404e-77
"652","ABQ.22.1","ABQ","8","22","2",0.273633431404422,1.09153505351375e-28
"653","qm.22.1","qm","9","22","2",0.799608085635837,9.86878371857018e-78
"654","nTau1.22.1","nTau1","10","22","2",1.66790073354391,7.59624809052957e-13
"655","nTau2.22.1","nTau2","11","22","2",7.25144398166776,0.0032495305565703
"656","nCon.22.1","nCon","12","22","2",1.44016025571449,3.93345592116719e-10
"657","Fm.22.1","Fm","13","22","2",2330.48048508301,2.22705076395009e-95
"658","Fo.22.1","Fo","14","22","2",2197.20082546829,1.97375674371404e-77
"659","Quant.23.1","Quant","1","23","2",0.164158608605626,1.23689165403644e-68
"660","Sigma.23.1","Sigma","2","23","2",4.28270548793605,9.38381601963997e-40
"661","Connect.23.1","Connect","3","23","2",0.231181114402305,4.38712599948707e-08
"662","Tau1.23.1","Tau1","4","23","2",1468.93297490168,1.67315798099269e-17
"663","Tau2.23.1","Tau2","5","23","2",2260652.59984649,3.33011646257359e-11
"664","NPQ.23.1","NPQ","6","23","2",0.435184914155888,1.19464765607348e-91
"665","qP.23.1","qP","7","23","2",1,2.47378330807287e-68
"666","ABQ.23.1","ABQ","8","23","2",0.0765232656258121,9.38381601963997e-40
"667","qm.23.1","qm","9","23","2",0.424791291868084,1.23689165403644e-68
"668","nTau1.23.1","nTau1","10","23","2",1.88632780373135,1.67315798099269e-17
"669","nTau2.23.1","nTau2","11","23","2",1.30207113634349,3.33011646257359e-11
"670","nCon.23.1","nCon","12","23","2",0.788072093698885,4.38712599948707e-08
"671","Fm.23.1","Fm","13","23","2",2243.01423762651,1.19464765607348e-91
"672","Fo.23.1","Fo","14","23","2",1874.80414129513,2.47378330807287e-68
"673","Quant.24.1","Quant","1","24","2",0.17990698120922,4.41632569677132e-69
"674","Sigma.24.1","Sigma","2","24","2",4.55058896150863,5.4603895258824e-42
"675","Connect.24.1","Connect","3","24","2",0.194599925968863,2.95799332924187e-07
"676","Tau1.24.1","Tau1","4","24","2",1615.84965226769,3.98346216499531e-18
"677","Tau2.24.1","Tau2","5","24","2",2455122.51566168,1.03757026321106e-08
"678","NPQ.24.1","NPQ","6","24","2",0.358415603127162,4.918698104928e-93
"679","qP.24.1","qP","7","24","2",0.948947057273369,8.83265139354264e-69
"680","ABQ.24.1","ABQ","8","24","2",0.018759742996372,5.4603895258824e-42
"681","qm.24.1","qm","9","24","2",0.369609287479537,4.41632569677132e-69
"682","nTau1.24.1","nTau1","10","24","2",2.07499060733264,3.98346216499531e-18
"683","nTau2.24.1","nTau2","11","24","2",1.41408023685159,1.03757026321106e-08
"684","nCon.24.1","nCon","12","24","2",0.663370671468658,2.95799332924187e-07
"685","Fm.24.1","Fm","13","24","2",2369.77563322135,4.918698104928e-93
"686","Fo.24.1","Fo","14","24","2",1943.43645290533,8.83265139354264e-69
"687","Quant.25.1","Quant","1","25","2",0.182941333671673,5.75169750989444e-68
"688","Sigma.25.1","Sigma","2","25","2",4.67839217349674,1.93830940257209e-41
"689","Connect.25.1","Connect","3","25","2",0.258266847348109,1.69110587852066e-10
"690","Tau1.25.1","Tau1","4","25","2",1560.57638778245,5.09926871881959e-18
"691","Tau2.25.1","Tau2","5","25","2",1905399.99939478,2.408254015167e-11
"692","NPQ.25.1","NPQ","6","25","2",0.338248482897356,1.86626426753913e-92
"693","qP.25.1","qP","7","25","2",0.932590970657628,1.15033950197889e-67
"694","ABQ.25.1","ABQ","8","25","2",-0.00879837258775318,1.93830940257209e-41
"695","qm.25.1","qm","9","25","2",0.358976972946842,5.75169750989444e-68
"696","nTau1.25.1","nTau1","10","25","2",2.00401153791085,5.09926871881959e-18
"697","nTau2.25.1","nTau2","11","25","2",1.09745581544432,2.408254015167e-11
"698","nCon.25.1","nCon","12","25","2",0.880404507300898,1.69110587852066e-10
"699","Fm.25.1","Fm","13","25","2",2405.48764838416,1.86626426753913e-92
"700","Fo.25.1","Fo","14","25","2",1965.42452985803,1.15033950197889e-67
"701","Quant.26.1","Quant","1","26","2",0.18644957275775,2.15843057959939e-66
"702","Sigma.26.1","Sigma","2","26","2",4.82897485871247,1.23186786295346e-40
"703","Connect.26.1","Connect","3","26","2",0.232588246150942,2.28809846842085e-08
"704","Tau1.26.1","Tau1","4","26","2",1542.60804661494,7.3101981464758e-18
"705","Tau2.26.1","Tau2","5","26","2",2050223.39334058,7.24546854342373e-11
"706","NPQ.26.1","NPQ","6","26","2",0.321160627885859,3.53676066420886e-91
"707","qP.26.1","qP","7","26","2",0.920040112915666,4.31686115919878e-66
"708","ABQ.26.1","ABQ","8","26","2",-0.0412684097612259,1.23186786295346e-40
"709","qm.26.1","qm","9","26","2",0.34668416850813,2.15843057959939e-66
"710","nTau1.26.1","nTau1","10","26","2",1.98093752288747,7.3101981464758e-18
"711","nTau2.26.1","nTau2","11","26","2",1.18086994158512,7.24546854342373e-11
"712","nCon.26.1","nCon","12","26","2",0.792868857769019,2.28809846842085e-08
"713","Fm.26.1","Fm","13","26","2",2436.60015908115,3.53676066420886e-91
"714","Fo.26.1","Fo","14","26","2",1982.297100439,4.31686115919878e-66
"715","Quant.27.1","Quant","1","27","2",0.190160455455766,3.98935413620274e-65
"716","Sigma.27.1","Sigma","2","27","2",5.02366222123136,6.93115731037733e-40
"717","Connect.27.1","Connect","3","27","2",0.255932289434831,3.23141779380519e-09
"718","Tau1.27.1","Tau1","4","27","2",1713.52378970063,1.29264514790939e-17
"719","Tau2.27.1","Tau2","5","27","2",1954499.43405766,1.68702455148713e-09
"720","NPQ.27.1","NPQ","6","27","2",0.305821895904657,1.22133934104893e-90
"721","qP.27.1","qP","7","27","2",0.9095243301953,7.97870827240547e-65
"722","ABQ.27.1","ABQ","8","27","2",-0.0832487070918067,6.93115731037733e-40
"723","qm.27.1","qm","9","27","2",0.333681304626146,3.98935413620274e-65
"724","nTau1.27.1","nTau1","10","27","2",2.2004186862806,1.29264514790939e-17
"725","nTau2.27.1","nTau2","11","27","2",1.12573568325313,1.68702455148713e-09
"726","nCon.27.1","nCon","12","27","2",0.872446245020977,3.23141779380519e-09
"727","Fm.27.1","Fm","13","27","2",2465.22148707596,1.22133934104893e-90
"728","Fo.27.1","Fo","14","27","2",1996.43384629426,7.97870827240547e-65
"729","Quant.1.2","Quant","1","1","3",0.288714674006169,1.68236112416262e-76
"730","Sigma.1.2","Sigma","2","1","3",3.99030456095468,1.01036770829682e-57
"731","Connect.1.2","Connect","3","1","3",0.318778401494828,2.38383307770752e-23
"732","Tau1.1.2","Tau1","4","1","3",631.927724520245,1.30381548675172e-26
"733","Tau2.1.2","Tau2","5","1","3",1829703.1155983,2.77824906035619e-14
"734","NPQ.1.2","NPQ","6","1","3",0.665057084401816,4.70626190552681e-105
"735","qP.1.2","qP","7","1","3",1.34690380289447,3.36472224832524e-76
"736","ABQ.1.2","ABQ","8","1","3",0,1.01036770829682e-57
"737","qm.1.2","qm","9","1","3",0,1.68236112416262e-76
"738","nTau1.1.2","nTau1","10","1","3",1,1.30381548675172e-26
"739","nTau2.1.2","nTau2","11","1","3",1,2.77824906035619e-14
"740","nCon.1.2","nCon","12","1","3",1,2.38383307770752e-23
"741","Fm.1.2","Fm","13","1","3",1589.59597482302,4.70626190552681e-105
"742","Fo.1.2","Fo","14","1","3",1130.65629115048,3.36472224832524e-76
"743","Quant.3.2","Quant","1","3","3",0.040537714345521,7.7833442833248e-95
"744","Sigma.3.2","Sigma","2","3","3",2.71259143181711,7.95224138122808e-32
"745","Connect.3.2","Connect","3","3","3",0.364176021183112,1.40573309973338e-08
"746","Tau1.3.2","Tau1","4","3","3",1958.56241293221,2.96839492795257e-08
"747","Tau2.3.2","Tau2","5","3","3",5002019.4069318,5.86259690434173e-12
"748","NPQ.3.2","NPQ","6","3","3",0.0868684922770766,2.25553808127399e-111
"749","qP.3.2","qP","7","3","3",0.275635298848928,1.55666885666496e-94
"750","ABQ.3.2","ABQ","8","3","3",0.320204412876164,7.95224138122808e-32
"751","qm.3.2","qm","9","3","3",0.859592469675944,7.7833442833248e-95
"752","nTau1.3.2","nTau1","10","3","3",3.09934560066839,2.96839492795257e-08
"753","nTau2.3.2","nTau2","11","3","3",2.73378744578253,5.86259690434173e-12
"754","nCon.3.2","nCon","12","3","3",1.14241121567648,1.40573309973338e-08
"755","Fm.3.2","Fm","13","3","3",2435.22381780568,2.25553808127399e-111
"756","Fo.3.2","Fo","14","3","3",2336.50541031206,1.55666885666496e-94
"757","Quant.4.2","Quant","1","4","3",0.0453537665731953,2.13710746966995e-90
"758","Sigma.4.2","Sigma","2","4","3",2.96364224529877,4.44208947655374e-29
"759","Connect.4.2","Connect","3","4","3",0.399101245243828,1.96347813759813e-08
"760","Tau1.4.2","Tau1","4","4","3",2280.28492525438,1.17587735777032e-11
"761","Tau2.4.2","Tau2","5","4","3",8582476.32511399,4.89531732670303e-09
"762","NPQ.4.2","NPQ","6","4","3",0.120981381269765,1.06514599902513e-109
"763","qP.4.2","qP","7","4","3",0.348904746025764,4.27421493933991e-90
"764","ABQ.4.2","ABQ","8","4","3",0.257289211881681,4.44208947655374e-29
"765","qm.4.2","qm","9","4","3",0.84291146014897,2.13710746966995e-90
"766","nTau1.4.2","nTau1","10","4","3",3.60845843088394,1.17587735777032e-11
"767","nTau2.4.2","nTau2","11","4","3",4.6906387445854,4.89531732670303e-09
"768","nCon.4.2","nCon","12","4","3",1.25197078400653,1.96347813759813e-08
"769","Fm.4.2","Fm","13","4","3",2361.11686013698,1.06514599902513e-109
"770","Fo.4.2","Fo","14","4","3",2254.0313172103,4.27421493933991e-90
"771","Quant.5.2","Quant","1","5","3",0.0541664444289548,7.45296420689181e-93
"772","Sigma.5.2","Sigma","2","5","3",2.8957620792647,1.31181801207618e-33
"773","Connect.5.2","Connect","3","5","3",0.329928827638051,8.32589025063691e-08
"774","Tau1.5.2","Tau1","4","5","3",978.973239100347,5.26836448709433e-12
"775","Tau2.5.2","Tau2","5","5","3",7825138.45757874,6.91059132391883e-08
"776","NPQ.5.2","NPQ","6","5","3",0.185856530171154,3.83477104778923e-111
"777","qP.5.2","qP","7","5","3",0.47592871872775,1.49059284137836e-92
"778","ABQ.5.2","ABQ","8","5","3",0.274300486333831,1.31181801207618e-33
"779","qm.5.2","qm","9","5","3",0.812387629359644,7.45296420689181e-93
"780","nTau1.5.2","nTau1","10","5","3",1.54918545446566,5.26836448709433e-12
"781","nTau2.5.2","nTau2","11","5","3",4.27672576543654,6.91059132391883e-08
"782","nCon.5.2","nCon","12","5","3",1.03497861238696,8.32589025063691e-08
"783","Fm.5.2","Fm","13","5","3",2231.9462530882,3.83477104778923e-111
"784","Fo.5.2","Fo","14","5","3",2111.04966040189,1.49059284137836e-92
"785","Quant.6.2","Quant","1","6","3",0.0519920961308238,1.681425102821e-90
"786","Sigma.6.2","Sigma","2","6","3",2.8496542941358,4.99445018025943e-31
"787","Connect.6.2","Connect","3","6","3",0.339545948780059,4.94297726928644e-07
"788","Tau1.6.2","Tau1","4","6","3",858.34186616746,2.59410575564134e-14
"789","Tau2.6.2","Tau2","5","6","3",7600362.90623923,7.42492656111574e-08
"790","NPQ.6.2","NPQ","6","6","3",0.258214543725553,7.4852578314193e-109
"791","qP.6.2","qP","7","6","3",0.579719136184744,3.36285020564199e-90
"792","ABQ.6.2","ABQ","8","6","3",0.285855440203786,4.99445018025943e-31
"793","qm.6.2","qm","9","6","3",0.819918761282937,1.681425102821e-90
"794","nTau1.6.2","nTau1","10","6","3",1.35829119828396,2.59410575564134e-14
"795","nTau2.6.2","nTau2","11","6","3",4.15387766542332,7.42492656111574e-08
"796","nCon.6.2","nCon","12","6","3",1.06514728472144,4.94297726928644e-07
"797","Fm.6.2","Fm","13","6","3",2103.59040309505,7.4852578314193e-109
"798","Fo.6.2","Fo","14","6","3",1994.22032863745,3.36285020564199e-90
"799","Quant.7.2","Quant","1","7","3",0.0588611204559191,1.66536321561092e-90
"800","Sigma.7.2","Sigma","2","7","3",3.15397488742315,5.4772611772694e-33
"801","Connect.7.2","Connect","3","7","3",0.397110161807199,5.87223453241662e-10
"802","Tau1.7.2","Tau1","4","7","3",1207.70674816149,6.07541816987002e-12
"803","Tau2.7.2","Tau2","5","7","3",10154097.3553475,0.000238620741277768
"804","NPQ.7.2","NPQ","6","7","3",0.295964148328203,1.04591452121202e-109
"805","qP.7.2","qP","7","7","3",0.643787886729262,3.33072643122185e-90
"806","ABQ.7.2","ABQ","8","7","3",0.209590436207566,5.4772611772694e-33
"807","qm.7.2","qm","9","7","3",0.796127021743753,1.66536321561092e-90
"808","nTau1.7.2","nTau1","10","7","3",1.91114695763408,6.07541816987002e-12
"809","nTau2.7.2","nTau2","11","7","3",5.54958739960782,0.000238620741277768
"810","nCon.7.2","nCon","12","7","3",1.24572480426859,5.87223453241662e-10
"811","Fm.7.2","Fm","13","7","3",2042.31578676773,1.04591452121202e-109
"812","Fo.7.2","Fo","14","7","3",1922.10279123377,3.33072643122185e-90
"813","Quant.8.2","Quant","1","8","3",0.0597205696759936,1.49878676529706e-87
"814","Sigma.8.2","Sigma","2","8","3",3.08458027669634,2.18784444614956e-33
"815","Connect.8.2","Connect","3","8","3",0.461338180597312,1.55042477888213e-14
"816","Tau1.8.2","Tau1","4","8","3",1122.49083976365,5.48435453597873e-10
"817","Tau2.8.2","Tau2","5","8","3",11886293.8984024,0.0149520175671057
"818","NPQ.8.2","NPQ","6","8","3",0.311119086911468,7.72825004087052e-109
"819","qP.8.2","qP","7","8","3",0.665066814995203,2.99757353059411e-87
"820","ABQ.8.2","ABQ","8","8","3",0.226981241763072,2.18784444614956e-33
"821","qm.8.2","qm","9","8","3",0.793150210041913,1.49878676529706e-87
"822","nTau1.8.2","nTau1","10","8","3",1.77629623801652,5.48435453597873e-10
"823","nTau2.8.2","nTau2","11","8","3",6.49629647404062,0.0149520175671057
"824","nCon.8.2","nCon","12","8","3",1.44720651849055,1.55042477888213e-14
"825","Fm.8.2","Fm","13","8","3",2018.70910555542,7.72825004087052e-109
"826","Fo.8.2","Fo","14","8","3",1898.15064776153,2.99757353059411e-87
"827","Quant.9.2","Quant","1","9","3",0.0628758914598546,3.20665102545611e-92
"828","Sigma.9.2","Sigma","2","9","3",2.93700863158651,4.44151533960429e-36
"829","Connect.9.2","Connect","3","9","3",0.323898169305661,7.09198883964529e-09
"830","Tau1.9.2","Tau1","4","9","3",971.537792210258,3.21539345526039e-13
"831","Tau2.9.2","Tau2","5","9","3",13563100.8561043,0.000262212226028793
"832","NPQ.9.2","NPQ","6","9","3",0.318874326346099,5.2220052797807e-111
"833","qP.9.2","qP","7","9","3",0.680608121524706,6.41330205091221e-92
"834","ABQ.9.2","ABQ","8","9","3",0.2639637935597,4.44151533960429e-36
"835","qm.9.2","qm","9","9","3",0.782221351663923,3.20665102545611e-92
"836","nTau1.9.2","nTau1","10","9","3",1.53741916126222,3.21539345526039e-13
"837","nTau2.9.2","nTau2","11","9","3",7.41273310433716,0.000262212226028793
"838","nCon.9.2","nCon","12","9","3",1.01606058561943,7.09198883964529e-09
"839","Fm.9.2","Fm","13","9","3",2006.83870050642,5.2220052797807e-111
"840","Fo.9.2","Fo","14","9","3",1880.65692819594,6.41330205091221e-92
"841","Quant.10.2","Quant","1","10","3",0.089545869004022,6.19827543698014e-86
"842","Sigma.10.2","Sigma","2","10","3",3.55349624964506,2.56551007909076e-38
"843","Connect.10.2","Connect","3","10","3",0.252507861609265,4.03274840201646e-07
"844","Tau1.10.2","Tau1","4","10","3",1350.15805230116,3.37344195958508e-17
"845","Tau2.10.2","Tau2","5","10","3",4947717.3721625,8.60602757051043e-07
"846","NPQ.10.2","NPQ","6","10","3",0.335205843563234,1.70536970630354e-109
"847","qP.10.2","qP","7","10","3",0.748011305769929,1.23965508739603e-85
"848","ABQ.10.2","ABQ","8","10","3",0.109467411481271,2.56551007909076e-38
"849","qm.10.2","qm","9","10","3",0.689846491827053,6.19827543698014e-86
"850","nTau1.10.2","nTau1","10","10","3",2.13657037017357,3.37344195958508e-17
"851","nTau2.10.2","nTau2","11","10","3",2.70410938801109,8.60602757051043e-07
"852","nCon.10.2","nCon","12","10","3",0.792110947370323,4.03274840201646e-07
"853","Fm.10.2","Fm","13","10","3",1982.29213268893,1.70536970630354e-109
"854","Fo.10.2","Fo","14","10","3",1804.78606104746,1.23965508739603e-85
"855","Quant.11.2","Quant","1","11","3",0.105428506475534,6.88615651601678e-89
"856","Sigma.11.2","Sigma","2","11","3",3.64317162924002,4.45073727258787e-44
"857","Connect.11.2","Connect","3","11","3",0.194814506378775,5.2436445356989e-07
"858","Tau1.11.2","Tau1","4","11","3",1438.51429253894,7.68300585153578e-16
"859","Tau2.11.2","Tau2","5","11","3",4165516.50105145,1.27193301068374e-06
"860","NPQ.11.2","NPQ","6","11","3",0.299146456302941,3.52911886484361e-113
"861","qP.11.2","qP","7","11","3",0.732254648982147,1.37723130320336e-88
"862","ABQ.11.2","ABQ","8","11","3",0.0869940944135862,4.45073727258787e-44
"863","qm.11.2","qm","9","11","3",0.63483495655894,6.88615651601678e-89
"864","nTau1.11.2","nTau1","10","11","3",2.27639053759043,7.68300585153578e-16
"865","nTau2.11.2","nTau2","11","11","3",2.27660786361473,1.27193301068374e-06
"866","nCon.11.2","nCon","12","11","3",0.611128311909599,5.2436445356989e-07
"867","Fm.11.2","Fm","13","11","3",2037.31305764229,3.52911886484361e-113
"868","Fo.11.2","Fo","14","11","3",1822.52218475196,1.37723130320336e-88
"869","Quant.12.2","Quant","1","12","3",0.111591418745402,1.86921304076178e-84
"870","Sigma.12.2","Sigma","2","12","3",3.85355043461319,5.52767438113395e-42
"871","Connect.12.2","Connect","3","12","3",0.306425972395818,8.27547045797764e-12
"872","Tau1.12.2","Tau1","4","12","3",1219.32296219767,4.270216997605e-17
"873","Tau2.12.2","Tau2","5","12","3",4018967.30945601,3.55975710189647e-07
"874","NPQ.12.2","NPQ","6","12","3",0.280317882979872,1.53841711309401e-109
"875","qP.12.2","qP","7","12","3",0.71976215462319,3.73842608152355e-84
"876","ABQ.12.2","ABQ","8","12","3",0.034271601140332,5.52767438113395e-42
"877","qm.12.2","qm","9","12","3",0.613488925945559,1.86921304076178e-84
"878","nTau1.12.2","nTau1","10","12","3",1.92952914532017,4.270216997605e-17
"879","nTau2.12.2","nTau2","11","12","3",2.1965133442656,3.55975710189647e-07
"880","nCon.12.2","nCon","12","12","3",0.961250733923356,8.27547045797764e-12
"881","Fm.12.2","Fm","13","12","3",2067.27413121457,1.53841711309401e-109
"882","Fo.12.2","Fo","14","12","3",1836.58407797666,3.73842608152355e-84
"883","Quant.13.2","Quant","1","13","3",0.118433217449982,9.07360983045628e-92
"884","Sigma.13.2","Sigma","2","13","3",3.76919539119185,3.60428838070397e-50
"885","Connect.13.2","Connect","3","13","3",0.291370020086233,9.26916965566456e-17
"886","Tau1.13.2","Tau1","4","13","3",1274.46060983899,2.03819288775232e-17
"887","Tau2.13.2","Tau2","5","13","3",3824558.33783613,1.44565882488422e-07
"888","NPQ.13.2","NPQ","6","13","3",0.263286264978607,1.61443219487397e-116
"889","qP.13.2","qP","7","13","3",0.710499537891172,1.81472196609126e-91
"890","ABQ.13.2","ABQ","8","13","3",0.0554116023940621,3.60428838070397e-50
"891","qm.13.2","qm","9","13","3",0.589791485806324,9.07360983045628e-92
"892","nTau1.13.2","nTau1","10","13","3",2.01678223693469,2.03819288775232e-17
"893","nTau2.13.2","nTau2","11","13","3",2.09026169613617,1.44565882488422e-07
"894","nCon.13.2","nCon","12","13","3",0.91402058207184,9.26916965566456e-17
"895","Fm.13.2","Fm","13","13","3",2095.14510890412,1.61443219487397e-116
"896","Fo.13.2","Fo","14","13","3",1847.01033263201,1.81472196609126e-91
"897","Quant.14.2","Quant","1","14","3",0.123976837451344,1.01583471277775e-87
"898","Sigma.14.2","Sigma","2","14","3",4.12753745797335,1.36414824851414e-47
"899","Connect.14.2","Connect","3","14","3",0.296957841325255,5.215020102528e-15
"900","Tau1.14.2","Tau1","4","14","3",1110.35372520598,1.22659797984169e-17
"901","Tau2.14.2","Tau2","5","14","3",3707122.11879726,2.04366737451947e-07
"902","NPQ.14.2","NPQ","6","14","3",0.242750528928481,6.38500118054374e-114
"903","qP.14.2","qP","7","14","3",0.69387399417121,2.03166942555549e-87
"904","ABQ.14.2","ABQ","8","14","3",-0.0343915846327869,1.36414824851414e-47
"905","qm.14.2","qm","9","14","3",0.570590452743336,1.01583471277775e-87
"906","nTau1.14.2","nTau1","10","14","3",1.75708974637717,1.22659797984169e-17
"907","nTau2.14.2","nTau2","11","14","3",2.02607848628222,2.04366737451947e-07
"908","nCon.14.2","nCon","12","14","3",0.931549439776186,5.215020102528e-15
"909","Fm.14.2","Fm","13","14","3",2129.76617398648,6.38500118054374e-114
"910","Fo.14.2","Fo","14","14","3",1865.72449922479,2.03166942555549e-87
"911","Quant.15.2","Quant","1","15","3",0.124577572967096,9.93545425508783e-85
"912","Sigma.15.2","Sigma","2","15","3",4.11025885757048,6.96554359165074e-45
"913","Connect.15.2","Connect","3","15","3",0.247186898106519,4.72356963385629e-10
"914","Tau1.15.2","Tau1","4","15","3",1148.56063022895,7.72847868551807e-17
"915","Tau2.15.2","Tau2","5","15","3",3550765.67062484,6.23485696689832e-07
"916","NPQ.15.2","NPQ","6","15","3",0.235294714310791,4.24893210023291e-111
"917","qP.15.2","qP","7","15","3",0.685013402804141,1.98709085101757e-84
"918","ABQ.15.2","ABQ","8","15","3",-0.0300614388659861,6.96554359165074e-45
"919","qm.15.2","qm","9","15","3",0.568509728866657,9.93545425508783e-85
"920","nTau1.15.2","nTau1","10","15","3",1.81755062432327,7.72847868551807e-17
"921","nTau2.15.2","nTau2","11","15","3",1.94062394076635,6.23485696689832e-07
"922","nCon.15.2","nCon","12","15","3",0.775419215817008,4.72356963385629e-10
"923","Fm.15.2","Fm","13","15","3",2142.62071111702,4.24893210023291e-111
"924","Fo.15.2","Fo","14","15","3",1875.69822313703,1.98709085101757e-84
"925","Quant.16.2","Quant","1","16","3",0.0545405360579855,2.13249417553138e-87
"926","Sigma.16.2","Sigma","2","16","3",2.95746267782204,4.47339189592029e-29
"927","Connect.16.2","Connect","3","16","3",0.362155429733815,6.70147895888643e-07
"928","Tau1.16.2","Tau1","4","16","3",1007.09921524365,6.54299818393843e-10
"929","Tau2.16.2","Tau2","5","16","3",7356983.61399813,5.87138244481913e-05
"930","NPQ.16.2","NPQ","6","16","3",0.183265866384246,2.44787060149409e-106
"931","qP.16.2","qP","7","16","3",0.47256598057231,4.26498835106276e-87
"932","ABQ.16.2","ABQ","8","16","3",0.258837857450543,4.47339189592029e-29
"933","qm.16.2","qm","9","16","3",0.811091915415355,2.13249417553138e-87
"934","nTau1.16.2","nTau1","10","16","3",1.59369367123152,6.54299818393843e-10
"935","nTau2.16.2","nTau2","11","16","3",4.02086193726159,5.87138244481913e-05
"936","nCon.16.2","nCon","12","16","3",1.13607267002903,6.70147895888643e-07
"937","Fm.16.2","Fm","13","16","3",2236.83291676749,2.44787060149409e-106
"938","Fo.16.2","Fo","14","16","3",2114.83485041485,4.26498835106276e-87
"939","Quant.17.2","Quant","1","17","3",0.0575611211099805,3.23577122491614e-94
"940","Sigma.17.2","Sigma","2","17","3",3.14649198224254,1.7411368642903e-34
"941","Connect.17.2","Connect","3","17","3",0.509391882623375,8.838873860408e-15
"942","Tau1.17.2","Tau1","4","17","3",1266.85126335789,1.24248496815634e-11
"943","Tau2.17.2","Tau2","5","17","3",9919343.62170807,4.99291791417195e-05
"944","NPQ.17.2","NPQ","6","17","3",0.221469751761533,2.10982132573041e-110
"945","qP.17.2","qP","7","17","3",0.537144074067309,6.47154244983229e-94
"946","ABQ.17.2","ABQ","8","17","3",0.21146570789831,1.7411368642903e-34
"947","qm.17.2","qm","9","17","3",0.800629734847662,3.23577122491614e-94
"948","nTau1.17.2","nTau1","10","17","3",2.00474075467994,1.24248496815634e-11
"949","nTau2.17.2","nTau2","11","17","3",5.42128585623823,4.99291791417195e-05
"950","nCon.17.2","nCon","12","17","3",1.59794979909152,8.838873860408e-15
"951","Fm.17.2","Fm","13","17","3",2166.871537669,2.10982132573041e-110
"952","Fo.17.2","Fo","14","17","3",2042.14398265947,6.47154244983229e-94
"953","Quant.18.2","Quant","1","18","3",0.0507127281045897,1.78842318913445e-86
"954","Sigma.18.2","Sigma","2","18","3",3.15946042440378,3.31928184245241e-27
"955","Connect.18.2","Connect","3","18","3",0.363353938787651,3.21199818876509e-06
"956","Tau1.18.2","Tau1","4","18","3",1501.6606423871,1.64123444179429e-14
"957","Tau2.18.2","Tau2","5","18","3",11953940.3510645,8.95493289125793e-06
"958","NPQ.18.2","NPQ","6","18","3",0.246036831769349,8.17486147322774e-107
"959","qP.18.2","qP","7","18","3",0.559990231787176,3.57684637826891e-86
"960","ABQ.18.2","ABQ","8","18","3",0.208215719842728,3.31928184245241e-27
"961","qm.18.2","qm","9","18","3",0.824350015186598,1.78842318913445e-86
"962","nTau1.18.2","nTau1","10","18","3",2.37631707570221,1.64123444179429e-14
"963","nTau2.18.2","nTau2","11","18","3",6.53326774663967,8.95493289125793e-06
"964","nCon.18.2","nCon","12","18","3",1.13983236343428,3.21199818876509e-06
"965","Fm.18.2","Fm","13","18","3",2124.14911961898,8.17486147322774e-107
"966","Fo.18.2","Fo","14","18","3",2016.42772286214,3.57684637826891e-86
"967","Quant.19.2","Quant","1","19","3",0.0535399322947673,8.90509237332067e-89
"968","Sigma.19.2","Sigma","2","19","3",2.99904213437764,3.45312256877111e-30
"969","Connect.19.2","Connect","3","19","3",0.2320475340498,0.000935006514039717
"970","Tau1.19.2","Tau1","4","19","3",842.120951994594,4.53181208527139e-12
"971","Tau2.19.2","Tau2","5","19","3",8906857.76989183,7.89232467025944e-06
"972","NPQ.19.2","NPQ","6","19","3",0.280465416065705,5.37710811814998e-109
"973","qP.19.2","qP","7","19","3",0.613347805574023,1.78101847466413e-88
"974","ABQ.19.2","ABQ","8","19","3",0.248417736399519,3.45312256877111e-30
"975","qm.19.2","qm","9","19","3",0.814557633833245,8.90509237332067e-89
"976","nTau1.19.2","nTau1","10","19","3",1.33262225934766,4.53181208527139e-12
"977","nTau2.19.2","nTau2","11","19","3",4.8679251261915,7.89232467025944e-06
"978","nCon.19.2","nCon","12","19","3",0.727927403367587,0.000935006514039717
"979","Fm.19.2","Fm","13","19","3",2067.03594334318,5.37710811814998e-109
"980","Fo.19.2","Fo","14","19","3",1956.36697888573,1.78101847466413e-88
"981","Quant.20.2","Quant","1","20","3",0.0619179024030801,3.31153958790319e-91
"982","Sigma.20.2","Sigma","2","20","3",3.18807837237002,2.04442417077675e-34
"983","Connect.20.2","Connect","3","20","3",0.31726880993038,1.18756735565116e-07
"984","Tau1.20.2","Tau1","4","20","3",1083.21893098881,1.99858672443682e-12
"985","Tau2.20.2","Tau2","5","20","3",10080357.9149351,0.000397950982922257
"986","NPQ.20.2","NPQ","6","20","3",0.30621834155028,4.94508172020832e-111
"987","qP.20.2","qP","7","20","3",0.662695538936827,6.62307917580638e-91
"988","ABQ.20.2","ABQ","8","20","3",0.201043849242607,2.04442417077675e-34
"989","qm.20.2","qm","9","20","3",0.785539468625148,3.31153958790319e-91
"990","nTau1.20.2","nTau1","10","20","3",1.71415003481796,1.99858672443682e-12
"991","nTau2.20.2","nTau2","11","20","3",5.50928608526683,0.000397950982922257
"992","nCon.20.2","nCon","12","20","3",0.995264448415046,1.18756735565116e-07
"993","Fm.20.2","Fm","13","20","3",2026.28301488584,4.94508172020832e-111
"994","Fo.20.2","Fo","14","20","3",1900.81982092912,6.62307917580638e-91
"995","Quant.21.2","Quant","1","21","3",0.0517019289289999,5.97147196507388e-92
"996","Sigma.21.2","Sigma","2","21","3",2.76449020344855,8.46100660696834e-34
"997","Connect.21.2","Connect","3","21","3",0.569119623178659,7.24217220689405e-20
"998","Tau1.21.2","Tau1","4","21","3",741.294154131332,4.13677943580644e-09
"999","Tau2.21.2","Tau2","5","21","3",8403439.48649591,0.000152909987217421
"1000","NPQ.21.2","NPQ","6","21","3",0.359189531452373,5.79408500383351e-110
"1001","qP.21.2","qP","7","21","3",0.710834245223444,1.19429439301478e-91
"1002","ABQ.21.2","ABQ","8","21","3",0.307198194719467,8.46100660696834e-34
"1003","qm.21.2","qm","9","21","3",0.820923792297806,5.97147196507388e-92
"1004","nTau1.21.2","nTau1","10","21","3",1.17306794015742,4.13677943580644e-09
"1005","nTau2.21.2","nTau2","11","21","3",4.59278853211553,0.000152909987217421
"1006","nCon.21.2","nCon","12","21","3",1.78531425124764,7.24217220689405e-20
"1007","Fm.21.2","Fm","13","21","3",1947.3134378746,5.79408500383351e-110
"1008","Fo.21.2","Fo","14","21","3",1846.63357690712,1.19429439301478e-91
"1009","Quant.22.2","Quant","1","22","3",0.0583233350731097,1.92799925310631e-90
"1010","Sigma.22.2","Sigma","2","22","3",3.12017206517954,5.79182534918782e-31
"1011","Connect.22.2","Connect","3","22","3",0.386231899599589,9.31386219891149e-08
"1012","Tau1.22.2","Tau1","4","22","3",1283.68208627532,2.12115102265968e-11
"1013","Tau2.22.2","Tau2","5","22","3",9504362.72208398,0.000269558684793886
"1014","NPQ.22.2","NPQ","6","22","3",0.388601078564991,7.1815889988628e-108
"1015","qP.22.2","qP","7","22","3",0.75679425851867,3.85599850621262e-90
"1016","ABQ.22.2","ABQ","8","22","3",0.218061674862973,5.79182534918782e-31
"1017","qm.22.2","qm","9","22","3",0.797989709827275,1.92799925310631e-90
"1018","nTau1.22.2","nTau1","10","22","3",2.0313748494733,2.12115102265968e-11
"1019","nTau2.22.2","nTau2","11","22","3",5.19448354274466,0.000269558684793886
"1020","nCon.22.2","nCon","12","22","3",1.21159996344939,9.31386219891149e-08
"1021","Fm.22.2","Fm","13","22","3",1906.067970184,7.1815889988628e-108
"1022","Fo.22.2","Fo","14","22","3",1794.89972928684,3.85599850621262e-90
"1023","Quant.23.2","Quant","1","23","3",0.169653202296322,1.62584173449749e-80
"1024","Sigma.23.2","Sigma","2","23","3",3.94955542329603,6.38738569717941e-47
"1025","Connect.23.2","Connect","3","23","3",0.22870763287028,4.15466301019665e-10
"1026","Tau1.23.2","Tau1","4","23","3",1148.1409256548,4.1552437549602e-19
"1027","Tau2.23.2","Tau2","5","23","3",2200083.23755214,9.18994043371749e-15
"1028","NPQ.23.2","NPQ","6","23","3",0.444794271935855,3.89811549475225e-107
"1029","qP.23.2","qP","7","23","3",1,3.25168346899497e-80
"1030","ABQ.23.2","ABQ","8","23","3",0.0102120369601313,6.38738569717941e-47
"1031","qm.23.2","qm","9","23","3",0.412384552741171,1.62584173449749e-80
"1032","nTau1.23.2","nTau1","10","23","3",1.81688645885329,4.1552437549602e-19
"1033","nTau2.23.2","nTau2","11","23","3",1.20242634927838,9.18994043371749e-15
"1034","nCon.23.2","nCon","12","23","3",0.717450215566097,4.15466301019665e-10
"1035","Fm.23.2","Fm","13","23","3",1831.93420034074,3.89811549475225e-107
"1036","Fo.23.2","Fo","14","23","3",1521.14069685678,3.25168346899497e-80
"1037","Quant.24.2","Quant","1","24","3",0.176859395685851,1.38608518986386e-79
"1038","Sigma.24.2","Sigma","2","24","3",4.1716313881418,7.98010708820499e-48
"1039","Connect.24.2","Connect","3","24","3",0.250917415771487,8.61163764574065e-12
"1040","Tau1.24.2","Tau1","4","24","3",1207.67126762862,4.64144485307554e-20
"1041","Tau2.24.2","Tau2","5","24","3",2571816.49756573,7.12041083130718e-13
"1042","NPQ.24.2","NPQ","6","24","3",0.375114807211601,5.19099715967868e-107
"1043","qP.24.2","qP","7","24","3",0.94384584918665,2.77217037972772e-79
"1044","ABQ.24.2","ABQ","8","24","3",-0.0454418514720443,7.98010708820499e-48
"1045","qm.24.2","qm","9","24","3",0.387424985256994,1.38608518986386e-79
"1046","nTau1.24.2","nTau1","10","24","3",1.91109081112951,4.64144485307554e-20
"1047","nTau2.24.2","nTau2","11","24","3",1.40559223823848,7.12041083130718e-13
"1048","nCon.24.2","nCon","12","24","3",0.787121757919845,8.61163764574065e-12
"1049","Fm.24.2","Fm","13","24","3",1924.76150015626,5.19099715967868e-107
"1050","Fo.24.2","Fo","14","24","3",1584.34934439923,2.77217037972772e-79
"1051","Quant.25.2","Quant","1","25","3",0.184450303903494,2.08152984296271e-76
"1052","Sigma.25.2","Sigma","2","25","3",4.33291141741525,5.42688915478218e-46
"1053","Connect.25.2","Connect","3","25","3",0.261713550925087,4.12537774930408e-11
"1054","Tau1.25.2","Tau1","4","25","3",1178.74115540452,7.89035497083305e-21
"1055","Tau2.25.2","Tau2","5","25","3",2176503.77938708,1.27722726559406e-12
"1056","NPQ.25.2","NPQ","6","25","3",0.355339258994714,1.70549185185582e-104
"1057","qP.25.2","qP","7","25","3",0.936478287210837,4.16305968592542e-76
"1058","ABQ.25.2","ABQ","8","25","3",-0.0858598262932111,5.42688915478218e-46
"1059","qm.25.2","qm","9","25","3",0.361132909027156,2.08152984296271e-76
"1060","nTau1.25.2","nTau1","10","25","3",1.86531008162272,7.89035497083305e-21
"1061","nTau2.25.2","nTau2","11","25","3",1.18953930877217,1.27722726559406e-12
"1062","nCon.25.2","nCon","12","25","3",0.820988968191853,4.12537774930408e-11
"1063","Fm.25.2","Fm","13","25","3",1952.84540136383,1.70549185185582e-104
"1064","Fo.25.2","Fo","14","25","3",1592.64247360573,4.16305968592542e-76
"1065","Quant.26.2","Quant","1","26","3",0.186463386452288,8.03977349217716e-79
"1066","Sigma.26.2","Sigma","2","26","3",4.31184477078333,2.28396602899773e-48
"1067","Connect.26.2","Connect","3","26","3",0.20826743180399,4.55790943969349e-09
"1068","Tau1.26.2","Tau1","4","26","3",1212.44686000982,5.90837679848928e-20
"1069","Tau2.26.2","Tau2","5","26","3",2098289.76888871,1.20917273463368e-11
"1070","NPQ.26.2","NPQ","6","26","3",0.340072870037129,1.26686734433117e-106
"1071","qP.26.2","qP","7","26","3",0.923891803737524,1.60795469843543e-78
"1072","ABQ.26.2","ABQ","8","26","3",-0.0805803679686363,2.28396602899773e-48
"1073","qm.26.2","qm","9","26","3",0.354160341540852,8.03977349217716e-79
"1074","nTau1.26.2","nTau1","10","26","3",1.91864799242715,5.90837679848928e-20
"1075","nTau2.26.2","nTau2","11","26","3",1.14679247742472,1.20917273463368e-11
"1076","nCon.26.2","nCon","12","26","3",0.653329807877116,4.55790943969349e-09
"1077","Fm.26.2","Fm","13","26","3",1975.09262249474,1.26686734433117e-106
"1078","Fo.26.2","Fo","14","26","3",1606.81016354744,1.60795469843543e-78
"1079","Quant.27.2","Quant","1","27","3",0.191551317521359,2.58566532323312e-75
"1080","Sigma.27.2","Sigma","2","27","3",4.29267336337378,1.56061253554652e-45
"1081","Connect.27.2","Connect","3","27","3",0.21077315190888,7.51751544261608e-08
"1082","Tau1.27.2","Tau1","4","27","3",1220.591054624,4.68304543060152e-20
"1083","Tau2.27.2","Tau2","5","27","3",1822165.44087849,2.23885402426194e-13
"1084","NPQ.27.2","NPQ","6","27","3",0.319814589936567,2.06002669412479e-103
"1085","qP.27.2","qP","7","27","3",0.911045554449194,5.17133064646625e-75
"1086","ABQ.27.2","ABQ","8","27","3",-0.0757758706886176,1.56061253554652e-45
"1087","qm.27.2","qm","9","27","3",0.336537645061761,2.58566532323312e-75
"1088","nTau1.27.2","nTau1","10","27","3",1.93153585016493,4.68304543060152e-20
"1089","nTau2.27.2","nTau2","11","27","3",0.995880383732451,2.23885402426194e-13
"1090","nCon.27.2","nCon","12","27","3",0.661190190177611,7.51751544261608e-08
"1091","Fm.27.2","Fm","13","27","3",2005.40898653264,2.06002669412479e-103
"1092","Fo.27.2","Fo","14","27","3",1621.27025299314,5.17133064646625e-75
"1093","Quant.1.3","Quant","1","1","4",0.285989342144847,8.74815116667483e-77
"1094","Sigma.1.3","Sigma","2","1","4",3.6354621212349,4.44015598875473e-57
"1095","Connect.1.3","Connect","3","1","4",0.342890940738325,1.70035060533661e-25
"1096","Tau1.1.3","Tau1","4","1","4",513.48092977157,2.37140889698666e-25
"1097","Tau2.1.3","Tau2","5","1","4",1853207.75719486,1.02701365648853e-15
"1098","NPQ.1.3","NPQ","6","1","4",0.730966082605819,1.50223828567427e-103
"1099","qP.1.3","qP","7","1","4",1.32023288479278,1.74963023333497e-76
"1100","ABQ.1.3","ABQ","8","1","4",0,4.44015598875473e-57
"1101","qm.1.3","qm","9","1","4",0,8.74815116667483e-77
"1102","nTau1.1.3","nTau1","10","1","4",1,2.37140889698666e-25
"1103","nTau2.1.3","nTau2","11","1","4",1,1.02701365648853e-15
"1104","nCon.1.3","nCon","12","1","4",1,1.70035060533661e-25
"1105","Fm.1.3","Fm","13","1","4",1380.14122348511,1.50223828567427e-103
"1106","Fo.1.3","Fo","14","1","4",985.435542913619,1.74963023333497e-76
"1107","Quant.3.3","Quant","1","3","4",0.0392006629411054,5.69969775304303e-91
"1108","Sigma.3.3","Sigma","2","3","4",2.43332895330398,1.16186447411427e-28
"1109","Connect.3.3","Connect","3","3","4",0.442688354953573,5.57327476827159e-10
"1110","Tau1.3.3","Tau1","4","3","4",1692.22337819618,1.70296037898679e-07
"1111","Tau2.3.3","Tau2","5","3","4",7991873.7632252,8.49228957459891e-05
"1112","NPQ.3.3","NPQ","6","3","4",0.119014229704768,7.38792641189522e-105
"1113","qP.3.3","qP","7","3","4",0.31772320783515,1.1399395506086e-90
"1114","ABQ.3.3","ABQ","8","3","4",0.330668599435874,1.16186447411427e-28
"1115","qm.3.3","qm","9","3","4",0.862929637002868,5.69969775304303e-91
"1116","nTau1.3.3","nTau1","10","3","4",3.29559148174986,1.70296037898679e-07
"1117","nTau2.3.3","nTau2","11","3","4",4.31245430103436,8.49228957459891e-05
"1118","nCon.3.3","nCon","12","3","4",1.29104710086642,5.57327476827159e-10
"1119","Fm.3.3","Fm","13","3","4",2134.89478832554,7.38792641189522e-105
"1120","Fo.3.3","Fo","14","3","4",2051.20549731366,1.1399395506086e-90
"1121","Quant.4.3","Quant","1","4","4",0.0508680458229436,4.64260419032871e-92
"1122","Sigma.4.3","Sigma","2","4","4",2.85697242922949,5.36610593981333e-31
"1123","Connect.4.3","Connect","3","4","4",0.409286008631955,5.42423452234733e-09
"1124","Tau1.4.3","Tau1","4","4","4",1305.5363112936,3.53522421394394e-09
"1125","Tau2.4.3","Tau2","5","4","4",5782287.01254965,6.19746661683033e-07
"1126","NPQ.4.3","NPQ","6","4","4",0.150327201961957,1.0638957180605e-107
"1127","qP.4.3","qP","7","4","4",0.393037071947364,9.28520838065743e-92
"1128","ABQ.4.3","ABQ","8","4","4",0.21413775361823,5.36610593981333e-31
"1129","qm.4.3","qm","9","4","4",0.822133071668174,4.64260419032871e-92
"1130","nTau1.4.3","nTau1","10","4","4",2.54252151462448,3.53522421394394e-09
"1131","nTau2.4.3","nTau2","11","4","4",3.12015044729907,6.19746661683033e-07
"1132","nCon.4.3","nCon","12","4","4",1.19363319354739,5.42423452234733e-09
"1133","Fm.4.3","Fm","13","4","4",2076.78097413003,1.0638957180605e-107
"1134","Fo.4.3","Fo","14","4","4",1971.13918437377,9.28520838065743e-92
"1135","Quant.5.3","Quant","1","5","4",0.054070415156228,5.92019777488617e-92
"1136","Sigma.5.3","Sigma","2","5","4",2.75798469598024,6.9976065132907e-33
"1137","Connect.5.3","Connect","3","5","4",0.386333074587213,1.64371041400435e-09
"1138","Tau1.5.3","Tau1","4","5","4",1393.67025534723,1.09561334639477e-09
"1139","Tau2.5.3","Tau2","5","5","4",5907246.96174701,1.17782886841785e-07
"1140","NPQ.5.3","NPQ","6","5","4",0.22282308877027,6.84125100949323e-108
"1141","qP.5.3","qP","7","5","4",0.508845951789931,1.18403955497723e-91
"1142","ABQ.5.3","ABQ","8","5","4",0.24136613063007,6.9976065132907e-33
"1143","qm.5.3","qm","9","5","4",0.810935558819383,5.92019777488617e-92
"1144","nTau1.5.3","nTau1","10","5","4",2.71416166510259,1.09561334639477e-09
"1145","nTau2.5.3","nTau2","11","5","4",3.18757944909999,1.17782886841785e-07
"1146","nCon.5.3","nCon","12","5","4",1.12669373461821,1.64371041400435e-09
"1147","Fm.5.3","Fm","13","5","4",1953.65762144816,6.84125100949323e-108
"1148","Fo.5.3","Fo","14","5","4",1848.02254278333,1.18403955497723e-91
"1149","Quant.6.3","Quant","1","6","4",0.0500948788417042,5.88981882914935e-98
"1150","Sigma.6.3","Sigma","2","6","4",2.74176289266684,1.94505986212973e-36
"1151","Connect.6.3","Connect","3","6","4",0.469823719815896,3.87057955758661e-15
"1152","Tau1.6.3","Tau1","4","6","4",1099.28405547672,1.08632938610076e-12
"1153","Tau2.6.3","Tau2","5","6","4",8843670.70637708,2.61417833065407e-05
"1154","NPQ.6.3","NPQ","6","6","4",0.296015206562928,2.84238750775127e-112
"1155","qP.6.3","qP","7","6","4",0.600124482110844,1.17796376582987e-97
"1156","ABQ.6.3","ABQ","8","6","4",0.245828232770717,1.94505986212973e-36
"1157","qm.6.3","qm","9","6","4",0.824836553467324,5.88981882914935e-98
"1158","nTau1.6.3","nTau1","10","6","4",2.14084689759707,1.08632938610076e-12
"1159","nTau2.6.3","nTau2","11","6","4",4.77208811156903,2.61417833065407e-05
"1160","nCon.6.3","nCon","12","6","4",1.37018411394671,3.87057955758661e-15
"1161","Fm.6.3","Fm","13","6","4",1843.3253213089,2.84238750775127e-112
"1162","Fo.6.3","Fo","14","6","4",1750.98416267208,1.17796376582987e-97
"1163","Quant.7.3","Quant","1","7","4",0.0578992454695331,4.96899055816022e-91
"1164","Sigma.7.3","Sigma","2","7","4",3.18323689173209,3.07798651317143e-32
"1165","Connect.7.3","Connect","3","7","4",0.240526416331169,0.000296830000131889
"1166","Tau1.7.3","Tau1","4","7","4",949.564106448419,1.4396324839922e-09
"1167","Tau2.7.3","Tau2","5","7","4",10010461.3445552,0.00293593101461137
"1168","NPQ.7.3","NPQ","6","7","4",0.331807227637996,8.0359708639317e-110
"1169","qP.7.3","qP","7","7","4",0.657557051010679,9.93798111632045e-91
"1170","ABQ.7.3","ABQ","8","7","4",0.124392777155164,3.07798651317143e-32
"1171","qm.7.3","qm","9","7","4",0.797547541333871,4.96899055816022e-91
"1172","nTau1.7.3","nTau1","10","7","4",1.84926849546457,1.4396324839922e-09
"1173","nTau2.7.3","nTau2","11","7","4",5.4016940657035,0.00293593101461137
"1174","nCon.7.3","nCon","12","7","4",0.701466232421477,0.000296830000131889
"1175","Fm.7.3","Fm","13","7","4",1793.78636598613,8.0359708639317e-110
"1176","Fo.7.3","Fo","14","7","4",1689.927488862,9.93798111632045e-91
"1177","Quant.8.3","Quant","1","8","4",0.0604697653075474,5.4144393163491e-84
"1178","Sigma.8.3","Sigma","2","8","4",3.52142683293452,1.75177097667237e-29
"1179","Connect.8.3","Connect","3","8","4",0.419753372193649,1.3510369258447e-09
"1180","Tau1.8.3","Tau1","4","8","4",1036.46200734736,1.87151033671189e-10
"1181","Tau2.8.3","Tau2","5","8","4",7758425.68228243,7.11248287459849e-05
"1182","NPQ.8.3","NPQ","6","8","4",0.347465406414713,6.53928631718749e-106
"1183","qP.8.3","qP","7","8","4",0.680316045321853,1.08288786326982e-83
"1184","ABQ.8.3","ABQ","8","8","4",0.0313674808036903,1.75177097667237e-29
"1185","qm.8.3","qm","9","8","4",0.788559374786348,5.4144393163491e-84
"1186","nTau1.8.3","nTau1","10","8","4",2.01850146179421,1.87151033671189e-10
"1187","nTau2.8.3","nTau2","11","8","4",4.18648457096149,7.11248287459849e-05
"1188","nCon.8.3","nCon","12","8","4",1.2241599946905,1.3510369258447e-09
"1189","Fm.8.3","Fm","13","8","4",1772.94172873449,6.53928631718749e-106
"1190","Fo.8.3","Fo","14","8","4",1665.73235849396,1.08288786326982e-83
"1191","Quant.9.3","Quant","1","9","4",0.0673882055796078,5.15355637903915e-92
"1192","Sigma.9.3","Sigma","2","9","4",3.46080024591197,1.2431776784608e-36
"1193","Connect.9.3","Connect","3","9","4",0.266149727424752,1.08607317313967e-06
"1194","Tau1.9.3","Tau1","4","9","4",899.873865021308,1.18935220045518e-11
"1195","Tau2.9.3","Tau2","5","9","4",9134294.25803668,0.000774122547758823
"1196","NPQ.9.3","NPQ","6","9","4",0.351622377380335,1.81240487759159e-112
"1197","qP.9.3","qP","7","9","4",0.696637430880775,1.03071127580783e-91
"1198","ABQ.9.3","ABQ","8","9","4",0.0480439266036417,1.2431776784608e-36
"1199","qm.9.3","qm","9","9","4",0.764368122692219,5.15355637903915e-92
"1200","nTau1.9.3","nTau1","10","9","4",1.75249714808616,1.18935220045518e-11
"1201","nTau2.9.3","nTau2","11","9","4",4.92891000621699,0.000774122547758823
"1202","nCon.9.3","nCon","12","9","4",0.776193523374135,1.08607317313967e-06
"1203","Fm.9.3","Fm","13","9","4",1767.48897254058,1.81240487759159e-112
"1204","Fo.9.3","Fo","14","9","4",1648.38106229933,1.03071127580783e-91
"1205","Quant.10.3","Quant","1","10","4",0.0982031838200322,1.10852660492723e-84
"1206","Sigma.10.3","Sigma","2","10","4",3.64378529745931,8.138452530443e-39
"1207","Connect.10.3","Connect","3","10","4",0.22765212809037,2.48657756431902e-06
"1208","Tau1.10.3","Tau1","4","10","4",935.211001710876,1.27451966554502e-16
"1209","Tau2.10.3","Tau2","5","10","4",4533292.45738413,6.55762906966713e-08
"1210","NPQ.10.3","NPQ","6","10","4",0.367686688919836,6.08362046036647e-108
"1211","qP.10.3","qP","7","10","4",0.765479980097078,2.21705320985447e-84
"1212","ABQ.10.3","ABQ","8","10","4",-0.00228944105229467,8.138452530443e-39
"1213","qm.10.3","qm","9","10","4",0.656619428250251,1.10852660492723e-84
"1214","nTau1.10.3","nTau1","10","10","4",1.82131593889362,1.27451966554502e-16
"1215","nTau2.10.3","nTau2","11","10","4",2.44618685616017,6.55762906966713e-08
"1216","nCon.10.3","nCon","12","10","4",0.663919926260464,2.48657756431902e-06
"1217","Fm.10.3","Fm","13","10","4",1746.72874015143,6.08362046036647e-108
"1218","Fo.10.3","Fo","14","10","4",1575.1944165986,2.21705320985447e-84
"1219","Quant.11.3","Quant","1","11","4",0.10357646568851,6.38752912807689e-87
"1220","Sigma.11.3","Sigma","2","11","4",3.36471418084241,4.09562587168539e-43
"1221","Connect.11.3","Connect","3","11","4",0.405955128946528,1.84724324265627e-18
"1222","Tau1.11.3","Tau1","4","11","4",969.783857523305,4.24764213615274e-16
"1223","Tau2.11.3","Tau2","5","11","4",4914261.06325863,6.18759424328246e-06
"1224","NPQ.11.3","NPQ","6","11","4",0.34630594778827,1.46474135542167e-108
"1225","qP.11.3","qP","7","11","4",0.750917868701443,1.27750582561538e-86
"1226","ABQ.11.3","ABQ","8","11","4",0.0744741469897418,4.09562587168539e-43
"1227","qm.11.3","qm","9","11","4",0.637831029255451,6.38752912807689e-87
"1228","nTau1.11.3","nTau1","10","11","4",1.88864629881139,4.24764213615274e-16
"1229","nTau2.11.3","nTau2","11","11","4",2.65175938541138,6.18759424328246e-06
"1230","nCon.11.3","nCon","12","11","4",1.18391908538736,1.84724324265627e-18
"1231","Fm.11.3","Fm","13","11","4",1774.46861241568,1.46474135542167e-108
"1232","Fo.11.3","Fo","14","11","4",1590.67542506647,1.27750582561538e-86
"1233","Quant.12.3","Quant","1","12","4",0.115150312746663,4.41135055268082e-85
"1234","Sigma.12.3","Sigma","2","12","4",3.72334916268352,6.31239500962977e-43
"1235","Connect.12.3","Connect","3","12","4",0.323612930888683,2.13543600544573e-13
"1236","Tau1.12.3","Tau1","4","12","4",1000.81362717356,1.45830345937398e-17
"1237","Tau2.12.3","Tau2","5","12","4",4018536.4473656,1.07118799609173e-07
"1238","NPQ.12.3","NPQ","6","12","4",0.314856751245833,1.53511923977311e-108
"1239","qP.12.3","qP","7","12","4",0.734910303711547,8.82270110536164e-85
"1240","ABQ.12.3","ABQ","8","12","4",-0.0241749297662242,6.31239500962977e-43
"1241","qm.12.3","qm","9","12","4",0.597361524443307,4.41135055268082e-85
"1242","nTau1.12.3","nTau1","10","12","4",1.94907652679289,1.45830345937398e-17
"1243","nTau2.12.3","nTau2","11","12","4",2.1684219871,1.07118799609173e-07
"1244","nCon.12.3","nCon","12","12","4",0.943778013475271,2.13543600544573e-13
"1245","Fm.12.3","Fm","13","12","4",1816.91096371925,1.53511923977311e-108
"1246","Fo.12.3","Fo","14","12","4",1607.69309801413,8.82270110536164e-85
"1247","Quant.13.3","Quant","1","13","4",0.12181386074308,1.94476358266412e-88
"1248","Sigma.13.3","Sigma","2","13","4",3.62297047476321,3.89669626103749e-47
"1249","Connect.13.3","Connect","3","13","4",0.261165419715566,1.84936837530729e-12
"1250","Tau1.13.3","Tau1","4","13","4",1024.99426002511,1.94353651634974e-16
"1251","Tau2.13.3","Tau2","5","13","4",4620265.38526705,2.18048757395628e-05
"1252","NPQ.13.3","NPQ","6","13","4",0.296425421190514,1.05056314590062e-111
"1253","qP.13.3","qP","7","13","4",0.724960707794268,3.88952716532824e-88
"1254","ABQ.13.3","ABQ","8","13","4",0.00343605463490271,3.89669626103749e-47
"1255","qm.13.3","qm","9","13","4",0.574061537295385,1.94476358266412e-88
"1256","nTau1.13.3","nTau1","10","13","4",1.99616811569048,1.94353651634974e-16
"1257","nTau2.13.3","nTau2","11","13","4",2.4931178748467,2.18048757395628e-05
"1258","nCon.13.3","nCon","12","13","4",0.761657392152779,1.84936837530729e-12
"1259","Fm.13.3","Fm","13","13","4",1842.74205674324,1.05056314590062e-111
"1260","Fo.13.3","Fo","14","13","4",1618.2705324577,3.88952716532824e-88
"1261","Quant.14.3","Quant","1","14","4",0.127569020692597,3.8154938784551e-83
"1262","Sigma.14.3","Sigma","2","14","4",3.85174691034512,4.80332540741303e-43
"1263","Connect.14.3","Connect","3","14","4",0.257959062064899,8.82698453766887e-10
"1264","Tau1.14.3","Tau1","4","14","4",1044.68050143832,2.25831483171631e-18
"1265","Tau2.14.3","Tau2","5","14","4",3741966.01134513,7.67660056002997e-08
"1266","NPQ.14.3","NPQ","6","14","4",0.284312667397864,1.241015042774e-107
"1267","qP.14.3","qP","7","14","4",0.720674084188556,7.6309877569102e-83
"1268","ABQ.14.3","ABQ","8","14","4",-0.0594930663276327,4.80332540741303e-43
"1269","qm.14.3","qm","9","14","4",0.553937850495189,3.8154938784551e-83
"1270","nTau1.14.3","nTau1","10","14","4",2.03450691324225,2.25831483171631e-18
"1271","nTau2.14.3","nTau2","11","14","4",2.01918322261354,7.67660056002997e-08
"1272","nCon.14.3","nCon","12","14","4",0.752306437462162,8.82698453766887e-10
"1273","Fm.14.3","Fm","13","14","4",1860.12153247629,1.241015042774e-107
"1274","Fo.14.3","Fo","14","14","4",1622.82765020907,7.6309877569102e-83
"1275","Quant.15.3","Quant","1","15","4",0.126592428266503,6.65494263181502e-82
"1276","Sigma.15.3","Sigma","2","15","4",3.66306309824441,1.64376723698248e-42
"1277","Connect.15.3","Connect","3","15","4",0.338952501300805,6.55846976719252e-14
"1278","Tau1.15.3","Tau1","4","15","4",912.347034838383,4.94857249613298e-17
"1279","Tau2.15.3","Tau2","5","15","4",3430251.92036171,8.46012886703266e-08
"1280","NPQ.15.3","NPQ","6","15","4",0.27083994431556,1.63759287180695e-105
"1281","qP.15.3","qP","7","15","4",0.702764102554345,1.330988526363e-81
"1282","ABQ.15.3","ABQ","8","15","4",-0.007592150898311,1.64376723698248e-42
"1283","qm.15.3","qm","9","15","4",0.557352636580468,6.65494263181502e-82
"1284","nTau1.15.3","nTau1","10","15","4",1.77678854644954,4.94857249613298e-17
"1285","nTau2.15.3","nTau2","11","15","4",1.85098076944917,8.46012886703266e-08
"1286","nCon.15.3","nCon","12","15","4",0.988514017229385,6.55846976719252e-14
"1287","Fm.15.3","Fm","13","15","4",1879.84148416539,1.63759287180695e-105
"1288","Fo.15.3","Fo","14","15","4",1641.86778592879,1.330988526363e-81
"1289","Quant.16.3","Quant","1","16","4",0.0559315045388986,6.77589303433631e-88
"1290","Sigma.16.3","Sigma","2","16","4",2.79607980391055,3.36398127409978e-29
"1291","Connect.16.3","Connect","3","16","4",0.467645410050546,4.2176844030553e-10
"1292","Tau1.16.3","Tau1","4","16","4",870.792534999547,3.37055844039398e-09
"1293","Tau2.16.3","Tau2","5","16","4",9258499.67897379,8.49557456922957e-05
"1294","NPQ.16.3","NPQ","6","16","4",0.214031489314634,4.92408511905666e-103
"1295","qP.16.3","qP","7","16","4",0.499702441295953,1.35517860686726e-87
"1296","ABQ.16.3","ABQ","8","16","4",0.230887378091901,3.36398127409978e-29
"1297","qm.16.3","qm","9","16","4",0.804428010780309,6.77589303433631e-88
"1298","nTau1.16.3","nTau1","10","16","4",1.69586149068269,3.37055844039398e-09
"1299","nTau2.16.3","nTau2","11","16","4",4.99593186086599,8.49557456922957e-05
"1300","nCon.16.3","nCon","12","16","4",1.36383133670314,4.2176844030553e-10
"1301","Fm.16.3","Fm","13","16","4",1967.80533955301,4.92408511905666e-103
"1302","Fo.16.3","Fo","14","16","4",1857.74302627213,1.35517860686726e-87
"1303","Quant.17.3","Quant","1","17","4",0.0533448499761833,6.01326524767748e-90
"1304","Sigma.17.3","Sigma","2","17","4",2.76802939828081,1.3659311240354e-30
"1305","Connect.17.3","Connect","3","17","4",0.438545729477784,4.30297210042973e-10
"1306","Tau1.17.3","Tau1","4","17","4",1076.92586098209,1.1804291295528e-08
"1307","Tau2.17.3","Tau2","5","17","4",13576760.5537801,0.00394191705690165
"1308","NPQ.17.3","NPQ","6","17","4",0.257272557570527,2.66353729321126e-105
"1309","qP.17.3","qP","7","17","4",0.555179653287403,1.2026530495355e-89
"1310","ABQ.17.3","ABQ","8","17","4",0.238603152509106,1.3659311240354e-30
"1311","qm.17.3","qm","9","17","4",0.813472594551564,6.01326524767748e-90
"1312","nTau1.17.3","nTau1","10","17","4",2.09730449280985,1.1804291295528e-08
"1313","nTau2.17.3","nTau2","11","17","4",7.326086619846,0.00394191705690165
"1314","nCon.17.3","nCon","12","17","4",1.27896563418529,4.30297210042973e-10
"1315","Fm.17.3","Fm","13","17","4",1900.12709072019,2.66353729321126e-105
"1316","Fo.17.3","Fo","14","17","4",1798.76509613004,1.2026530495355e-89
"1317","Quant.18.3","Quant","1","18","4",0.0505869024362201,1.36076993092771e-87
"1318","Sigma.18.3","Sigma","2","18","4",2.75575541631523,7.02066660449628e-30
"1319","Connect.18.3","Connect","3","18","4",0.473144036647309,1.73250409118428e-12
"1320","Tau1.18.3","Tau1","4","18","4",995.139919819107,1.31272550555512e-10
"1321","Tau2.18.3","Tau2","5","18","4",9247072.51620965,0.000349387534611114
"1322","NPQ.18.3","NPQ","6","18","4",0.288055173620441,1.20874530462321e-105
"1323","qP.18.3","qP","7","18","4",0.590804287758731,2.72153986185543e-87
"1324","ABQ.18.3","ABQ","8","18","4",0.241979334561419,7.02066660449628e-30
"1325","qm.18.3","qm","9","18","4",0.823116127136658,1.36076993092771e-87
"1326","nTau1.18.3","nTau1","10","18","4",1.93802702714161,1.31272550555512e-10
"1327","nTau2.18.3","nTau2","11","18","4",4.98976570776212,0.000349387534611114
"1328","nCon.18.3","nCon","12","18","4",1.37986741681923,1.73250409118428e-12
"1329","Fm.18.3","Fm","13","18","4",1854.71685994935,1.20874530462321e-105
"1330","Fo.18.3","Fo","14","18","4",1760.89247910828,2.72153986185543e-87
"1331","Quant.19.3","Quant","1","19","4",0.0610034895407736,3.25899384818056e-86
"1332","Sigma.19.3","Sigma","2","19","4",3.01865829109499,4.95933278936842e-28
"1333","Connect.19.3","Connect","3","19","4",0.272262367353774,0.000927182029440341
"1334","Tau1.19.3","Tau1","4","19","4",1081.11297980688,1.06073255195183e-12
"1335","Tau2.19.3","Tau2","5","19","4",12467791.8261672,0.00165238290389578
"1336","NPQ.19.3","NPQ","6","19","4",0.305982150202079,2.88934962987535e-103
"1337","qP.19.3","qP","7","19","4",0.631464610685647,6.51798769636111e-86
"1338","ABQ.19.3","ABQ","8","19","4",0.169663115601489,4.95933278936842e-28
"1339","qm.19.3","qm","9","19","4",0.786693136592913,3.25899384818056e-86
"1340","nTau1.19.3","nTau1","10","19","4",2.10545887320067,1.06073255195183e-12
"1341","nTau2.19.3","nTau2","11","19","4",6.72768165240108,0.00165238290389578
"1342","nCon.19.3","nCon","12","19","4",0.794020299187633,0.000927182029440341
"1343","Fm.19.3","Fm","13","19","4",1829.25750301347,2.88934962987535e-103
"1344","Fo.19.3","Fo","14","19","4",1717.66641206101,6.51798769636111e-86
"1345","Quant.20.3","Quant","1","20","4",0.0647107541687989,9.58611284212564e-87
"1346","Sigma.20.3","Sigma","2","20","4",3.46833654448781,7.71337371119784e-32
"1347","Connect.20.3","Connect","3","20","4",0.295103612281907,5.5493950575819e-06
"1348","Tau1.20.3","Tau1","4","20","4",571.23405255003,8.85493556022813e-09
"1349","Tau2.20.3","Tau2","5","20","4",7478028.82754449,0.000216713247283318
"1350","NPQ.20.3","NPQ","6","20","4",0.344863293108257,7.09790574120241e-108
"1351","qP.20.3","qP","7","20","4",0.684370808445846,1.91722256842513e-86
"1352","ABQ.20.3","ABQ","8","20","4",0.0459709305650311,7.71337371119784e-32
"1353","qm.20.3","qm","9","20","4",0.773730189791393,9.58611284212564e-87
"1354","nTau1.20.3","nTau1","10","20","4",1.11247374426184,8.85493556022813e-09
"1355","nTau2.20.3","nTau2","11","20","4",4.03518105215777,0.000216713247283318
"1356","nCon.20.3","nCon","12","20","4",0.860634030302693,5.5493950575819e-06
"1357","Fm.20.3","Fm","13","20","4",1776.3721110548,7.09790574120241e-108
"1358","Fo.20.3","Fo","14","20","4",1661.42173206402,1.91722256842513e-86
"1359","Quant.21.3","Quant","1","21","4",0.0619209232751333,1.69938365848509e-94
"1360","Sigma.21.3","Sigma","2","21","4",2.63616022485041,1.21813181464984e-38
"1361","Connect.21.3","Connect","3","21","4",0.56650127496578,9.78596472576207e-23
"1362","Tau1.21.3","Tau1","4","21","4",823.230472575548,1.07325101566083e-10
"1363","Tau2.21.3","Tau2","5","21","4",12430853.0100296,0.00379825063637792
"1364","NPQ.21.3","NPQ","6","21","4",0.381350565376463,6.46460117333589e-109
"1365","qP.21.3","qP","7","21","4",0.721112585688188,3.39876731697018e-94
"1366","ABQ.21.3","ABQ","8","21","4",0.2748761678873,1.21813181464984e-38
"1367","qm.21.3","qm","9","21","4",0.783485206788679,1.69938365848509e-94
"1368","nTau1.21.3","nTau1","10","21","4",1.60323475487546,1.07325101566083e-10
"1369","nTau2.21.3","nTau2","11","21","4",6.70774928594398,0.00379825063637792
"1370","nCon.21.3","nCon","12","21","4",1.65213252279564,9.78596472576207e-23
"1371","Fm.21.3","Fm","13","21","4",1729.45066005583,6.46460117333589e-109
"1372","Fo.21.3","Fo","14","21","4",1622.36147842639,3.39876731697018e-94
"1373","Quant.22.3","Quant","1","22","4",0.0549555858127057,7.23476378360799e-93
"1374","Sigma.22.3","Sigma","2","22","4",2.75067038243964,4.8896391582242e-35
"1375","Connect.22.3","Connect","3","22","4",0.484800747487663,6.5718948742832e-16
"1376","Tau1.22.3","Tau1","4","22","4",1111.93845938322,7.83677343260189e-09
"1377","Tau2.22.3","Tau2","5","22","4",11208171.6444571,0.00165194194279895
"1378","NPQ.22.3","NPQ","6","22","4",0.430961503653854,5.09276633800166e-109
"1379","qP.22.3","qP","7","22","4",0.7630823524346,1.4469527567216e-92
"1380","ABQ.22.3","ABQ","8","22","4",0.243378065645945,4.8896391582242e-35
"1381","qm.22.3","qm","9","22","4",0.807840441183742,7.23476378360799e-93
"1382","nTau1.22.3","nTau1","10","22","4",2.16549124789871,7.83677343260189e-09
"1383","nTau2.22.3","nTau2","11","22","4",6.04798442103575,0.00165194194279895
"1384","nCon.22.3","nCon","12","22","4",1.41386280560161,6.5718948742832e-16
"1385","Fm.22.3","Fm","13","22","4",1669.49120640824,5.09276633800166e-109
"1386","Fo.22.3","Fo","14","22","4",1577.74333915092,1.4469527567216e-92
"1387","Quant.23.3","Quant","1","23","4",0.171079977488103,1.8445753079058e-82
"1388","Sigma.23.3","Sigma","2","23","4",3.68301929558548,3.23350366592254e-49
"1389","Connect.23.3","Connect","3","23","4",0.286719992882544,2.14234381450371e-15
"1390","Tau1.23.3","Tau1","4","23","4",959.897780980955,3.49516322017702e-19
"1391","Tau2.23.3","Tau2","5","23","4",2722877.25249934,1.08237902226666e-13
"1392","NPQ.23.3","NPQ","6","23","4",0.493557316616937,6.72286039551725e-107
"1393","qP.23.3","qP","7","23","4",1,3.68915061581159e-82
"1394","ABQ.23.3","ABQ","8","23","4",-0.0130814660597898,3.23350366592254e-49
"1395","qm.23.3","qm","9","23","4",0.401795968321592,1.8445753079058e-82
"1396","nTau1.23.3","nTau1","10","23","4",1.86939324388927,3.49516322017702e-19
"1397","nTau2.23.3","nTau2","11","23","4",1.46927792738191,1.08237902226666e-13
"1398","nCon.23.3","nCon","12","23","4",0.836184217247524,2.14234381450371e-15
"1399","Fm.23.3","Fm","13","23","4",1599.52190684594,6.72286039551725e-107
"1400","Fo.23.3","Fo","14","23","4",1325.87573503101,3.68915061581159e-82
"1401","Quant.24.3","Quant","1","24","4",0.178295103273039,2.43881982571451e-80
"1402","Sigma.24.3","Sigma","2","24","4",3.86868283792775,7.93275270019975e-49
"1403","Connect.24.3","Connect","3","24","4",0.347871366697419,5.97112540481856e-19
"1404","Tau1.24.3","Tau1","4","24","4",861.14451879591,2.44572689381075e-19
"1405","Tau2.24.3","Tau2","5","24","4",2406640.61002047,1.11311309050201e-12
"1406","NPQ.24.3","NPQ","6","24","4",0.425547244042702,1.53350079555201e-105
"1407","qP.24.3","qP","7","24","4",0.951873286407337,4.87763965142902e-80
"1408","ABQ.24.3","ABQ","8","24","4",-0.0641516013412975,7.93275270019975e-49
"1409","qm.24.3","qm","9","24","4",0.376567315635361,2.43881982571451e-80
"1410","nTau1.24.3","nTau1","10","24","4",1.6770720563644,2.44572689381075e-19
"1411","nTau2.24.3","nTau2","11","24","4",1.29863508323715,1.11311309050201e-12
"1412","nCon.24.3","nCon","12","24","4",1.01452481056621,5.97112540481856e-19
"1413","Fm.24.3","Fm","13","24","4",1675.83197052378,1.53350079555201e-105
"1414","Fo.24.3","Fo","14","24","4",1377.03933627098,4.87763965142902e-80
"1415","Quant.25.3","Quant","1","25","4",0.181708194404789,3.19456032142315e-80
"1416","Sigma.25.3","Sigma","2","25","4",3.9058073913969,1.16981017459995e-48
"1417","Connect.25.3","Connect","3","25","4",0.275403713843368,4.34700177917892e-14
"1418","Tau1.25.3","Tau1","4","25","4",1004.61518818935,5.83874449759684e-18
"1419","Tau2.25.3","Tau2","5","25","4",1993708.79314161,2.97072577421432e-12
"1420","NPQ.25.3","NPQ","6","25","4",0.4074740651766,8.40912489016003e-106
"1421","qP.25.3","qP","7","25","4",0.940689827291776,6.38912064284631e-80
"1422","ABQ.25.3","ABQ","8","25","4",-0.0743633852166714,1.16981017459995e-48
"1423","qm.25.3","qm","9","25","4",0.364632985823794,3.19456032142315e-80
"1424","nTau1.25.3","nTau1","10","25","4",1.95648003643732,5.83874449759684e-18
"1425","nTau2.25.3","nTau2","11","25","4",1.07581504847542,2.97072577421432e-12
"1426","nCon.25.3","nCon","12","25","4",0.803181656681738,4.34700177917892e-14
"1427","Fm.25.3","Fm","13","25","4",1697.35109595719,8.40912489016003e-106
"1428","Fo.25.3","Fo","14","25","4",1388.92849303982,6.38912064284631e-80
"1429","Quant.26.3","Quant","1","26","4",0.191554891471978,5.57305864975674e-80
"1430","Sigma.26.3","Sigma","2","26","4",3.99285725031889,6.17489381545486e-49
"1431","Connect.26.3","Connect","3","26","4",0.20535316504216,1.12602595823112e-09
"1432","Tau1.26.3","Tau1","4","26","4",1030.94465510672,2.83078921556842e-19
"1433","Tau2.26.3","Tau2","5","26","4",2234688.90882194,5.06464938818628e-11
"1434","NPQ.26.3","NPQ","6","26","4",0.381847324125106,3.38337767513748e-106
"1435","qP.26.3","qP","7","26","4",0.932473485735734,1.11461172995135e-79
"1436","ABQ.26.3","ABQ","8","26","4",-0.0983080326972565,6.17489381545486e-49
"1437","qm.26.3","qm","9","26","4",0.330202692046617,5.57305864975674e-80
"1438","nTau1.26.3","nTau1","10","26","4",2.00775646247534,2.83078921556842e-19
"1439","nTau2.26.3","nTau2","11","26","4",1.20584910145451,5.06464938818628e-11
"1440","nCon.26.3","nCon","12","26","4",0.598887694728786,1.12602595823112e-09
"1441","Fm.26.3","Fm","13","26","4",1728.82894177283,3.38337767513748e-106
"1442","Fo.26.3","Fo","14","26","4",1397.66330145792,1.11461172995135e-79
"1443","Quant.27.3","Quant","1","27","4",0.196433963788376,2.27737811924769e-75
"1444","Sigma.27.3","Sigma","2","27","4",4.08396143344685,5.10178913652945e-46
"1445","Connect.27.3","Connect","3","27","4",0.23689745300134,1.12113705788151e-09
"1446","Tau1.27.3","Tau1","4","27","4",1116.27914158147,4.04611404630521e-18
"1447","Tau2.27.3","Tau2","5","27","4",2023069.54109311,4.54923654797684e-11
"1448","NPQ.27.3","NPQ","6","27","4",0.368864407643605,5.98835918577789e-102
"1449","qP.27.3","qP","7","27","4",0.928013918485804,4.55475623849538e-75
"1450","ABQ.27.3","ABQ","8","27","4",-0.12336789581502,5.10178913652945e-46
"1451","qm.27.3","qm","9","27","4",0.313142362875584,2.27737811924769e-75
"1452","nTau1.27.3","nTau1","10","27","4",2.17394469172997,4.04611404630521e-18
"1453","nTau2.27.3","nTau2","11","27","4",1.09165825215159,4.54923654797684e-11
"1454","nCon.27.3","nCon","12","27","4",0.690882799327518,1.12113705788151e-09
"1455","Fm.27.3","Fm","13","27","4",1745.22592136884,5.98835918577789e-102
"1456","Fo.27.3","Fo","14","27","4",1402.40427592814,4.55475623849538e-75
"1457","MTQuant.2.0","MTQuant","15","2","1",0.653700108522145,NA
"1458","PQpool.2.0","PQpool","16","2","1",0.546432912764745,NA
"1459","MTTau1.2.0","MTTau1","17","2","1",17000,NA
"1460","MTTau2.2.0","MTTau2","18","2","1",6056990.67976993,NA
"1461","MTQuant.2.1","MTQuant","15","2","2",0.60956684419517,NA
"1462","PQpool.2.1","PQpool","16","2","2",0.564397220639977,NA
"1463","MTTau1.2.1","MTTau1","17","2","2",17000,NA
"1464","MTTau2.2.1","MTTau2","18","2","2",5e+06,NA
"1465","MTQuant.2.2","MTQuant","15","2","3",0.6005800097594,NA
"1466","PQpool.2.2","PQpool","16","2","3",0.572816251972907,NA
"1467","MTTau1.2.2","MTTau1","17","2","3",17000,NA
"1468","MTTau2.2.2","MTTau2","18","2","3",5104539.72085372,NA
"1469","MTQuant.2.3","MTQuant","15","2","4",0.577712070761425,NA
"1470","PQpool.2.3","PQpool","16","2","4",0.587507424304772,NA
"1471","MTTau1.2.3","MTTau1","17","2","4",17000,NA
"1472","MTTau2.2.3","MTTau2","18","2","4",5862490.4661864,NA
"1473","Ratio12","Ratio12","Ratio12","Ratio12","Ratio12",1.02084800088027,NA
"1474","Ratio32","Ratio32","Ratio32","Ratio32","Ratio32",0.901799638357009,NA
"1475","Ratio42","Ratio42","Ratio42","Ratio42","Ratio42",0.782973079910472,NA
"1476","mean.1.rQuant.All","rQuant","1","All","1",0.104585614480343,NA
"1477","min.1.rQuant.All","rQuant","1","All","1",0.0439816323592236,NA
"1478","max.1.rQuant.All","rQuant","1","All","1",0.306154180912317,NA
"1479","range.1.rQuant.All","rQuant","1","All","1",0.262172548553093,NA
"1480","slope.1.rQuant.All","rQuant","1","All","1",0.00223745756112619,NA
"1481","mean.1.rSigma.All","rSigma","2","All","1",3.98428883516642,NA
"1482","min.1.rSigma.All","rSigma","2","All","1",2.80351715295706,NA
"1483","max.1.rSigma.All","rSigma","2","All","1",4.96034884572333,NA
"1484","range.1.rSigma.All","rSigma","2","All","1",2.15683169276627,NA
"1485","slope.1.rSigma.All","rSigma","2","All","1",0.0377164465533256,NA
"1486","mean.1.rConnect.All","rConnect","3","All","1",0.307510698407801,NA
"1487","min.1.rConnect.All","rConnect","3","All","1",0.187708486800558,NA
"1488","max.1.rConnect.All","rConnect","3","All","1",0.588237968885674,NA
"1489","range.1.rConnect.All","rConnect","3","All","1",0.400529482085116,NA
"1490","slope.1.rConnect.All","rConnect","3","All","1",-0.00594717655069917,NA
"1491","mean.1.rTau1.All","rTau1","4","All","1",1453.52454495492,NA
"1492","min.1.rTau1.All","rTau1","4","All","1",691.791662406118,NA
"1493","max.1.rTau1.All","rTau1","4","All","1",4085.62489863787,NA
"1494","range.1.rTau1.All","rTau1","4","All","1",3393.83323623175,NA
"1495","slope.1.rTau1.All","rTau1","4","All","1",-25.3074303568731,NA
"1496","mean.1.rTau2.All","rTau2","5","All","1",6698258.92614674,NA
"1497","min.1.rTau2.All","rTau2","5","All","1",1676346.5717876,NA
"1498","max.1.rTau2.All","rTau2","5","All","1",13767868.8492984,NA
"1499","range.1.rTau2.All","rTau2","5","All","1",12091522.2775108,NA
"1500","slope.1.rTau2.All","rTau2","5","All","1",-117553.606832743,NA
"1501","mean.1.rNPQ.All","rNPQ","6","All","1",0.214353462829142,NA
"1502","min.1.rNPQ.All","rNPQ","6","All","1",0.025896654399455,NA
"1503","max.1.rNPQ.All","rNPQ","6","All","1",0.52975345569508,NA
"1504","range.1.rNPQ.All","rNPQ","6","All","1",0.503856801295625,NA
"1505","slope.1.rNPQ.All","rNPQ","6","All","1",0.00286326265368775,NA
"1506","mean.1.rqP.All","rqP","7","All","1",0.649981865633381,NA
"1507","min.1.rqP.All","rqP","7","All","1",0.185153666038155,NA
"1508","max.1.rqP.All","rqP","7","All","1",1.39049151655284,NA
"1509","range.1.rqP.All","rqP","7","All","1",1.20533785051469,NA
"1510","slope.1.rqP.All","rqP","7","All","1",0.0114115793456885,NA
"1511","mean.1.rABQ.All","rABQ","8","All","1",0.15376484783165,NA
"1512","min.1.rABQ.All","rABQ","8","All","1",-0.053543488920641,NA
"1513","max.1.rABQ.All","rABQ","8","All","1",0.404552515470405,NA
"1514","range.1.rABQ.All","rABQ","8","All","1",0.458096004391046,NA
"1515","slope.1.rABQ.All","rABQ","8","All","1",-0.00801071011885356,NA
"1516","mean.1.rqm.All","rqm","9","All","1",0.658389069949379,NA
"1517","min.1.rqm.All","rqm","9","All","1",0,NA
"1518","max.1.rqm.All","rqm","9","All","1",0.856341558922496,NA
"1519","range.1.rqm.All","rqm","9","All","1",0.856341558922496,NA
"1520","slope.1.rqm.All","rqm","9","All","1",-0.00730827047489187,NA
"1521","mean.2.rQuant.All","rQuant","1","All","2",0.0986988795916684,NA
"1522","min.2.rQuant.All","rQuant","1","All","2",0.0402667816048025,NA
"1523","max.2.rQuant.All","rQuant","1","All","2",0.285389644288866,NA
"1524","range.2.rQuant.All","rQuant","1","All","2",0.245122862684063,NA
"1525","slope.2.rQuant.All","rQuant","1","All","2",0.00229133984013096,NA
"1526","mean.2.rSigma.All","rSigma","2","All","2",3.68383098604548,NA
"1527","min.2.rSigma.All","rSigma","2","All","2",2.35964450543474,NA
"1528","max.2.rSigma.All","rSigma","2","All","2",5.02366222123136,NA
"1529","range.2.rSigma.All","rSigma","2","All","2",2.66401771579662,NA
"1530","slope.2.rSigma.All","rSigma","2","All","2",0.0474847047846992,NA
"1531","mean.2.rConnect.All","rConnect","3","All","2",0.337141852134311,NA
"1532","min.2.rConnect.All","rConnect","3","All","2",0.163158981336245,NA
"1533","max.2.rConnect.All","rConnect","3","All","2",0.54858412874163,NA
"1534","range.2.rConnect.All","rConnect","3","All","2",0.385425147405385,NA
"1535","slope.2.rConnect.All","rConnect","3","All","2",-0.00618878798291239,NA
"1536","mean.2.rTau1.All","rTau1","4","All","2",1406.30551171496,NA
"1537","min.2.rTau1.All","rTau1","4","All","2",778.726248956295,NA
"1538","max.2.rTau1.All","rTau1","4","All","2",2377.71413666155,NA
"1539","range.2.rTau1.All","rTau1","4","All","2",1598.98788770526,NA
"1540","slope.2.rTau1.All","rTau1","4","All","2",0.276238621051638,NA
"1541","mean.2.rTau2.All","rTau2","5","All","2",5666574.19988869,NA
"1542","min.2.rTau2.All","rTau2","5","All","2",1736197.46014408,NA
"1543","max.2.rTau2.All","rTau2","5","All","2",12589938.6233487,NA
"1544","range.2.rTau2.All","rTau2","5","All","2",10853741.1632046,NA
"1545","slope.2.rTau2.All","rTau2","5","All","2",-59438.8599601801,NA
"1546","mean.2.rNPQ.All","rNPQ","6","All","2",0.288248645442015,NA
"1547","min.2.rNPQ.All","rNPQ","6","All","2",0.0828017024754323,NA
"1548","max.2.rNPQ.All","rNPQ","6","All","2",0.640509173887782,NA
"1549","range.2.rNPQ.All","rNPQ","6","All","2",0.55770747141235,NA
"1550","slope.2.rNPQ.All","rNPQ","6","All","2",0.00265478174301515,NA
"1551","mean.2.rqP.All","rqP","7","All","2",0.703011867608469,NA
"1552","min.2.rqP.All","rqP","7","All","2",0.272163552885468,NA
"1553","max.2.rqP.All","rqP","7","All","2",1.35150267900087,NA
"1554","range.2.rqP.All","rqP","7","All","2",1.0793391261154,NA
"1555","slope.2.rqP.All","rqP","7","All","2",0.00987636737185981,NA
"1556","mean.2.rABQ.All","rABQ","8","All","2",0.205658147971504,NA
"1557","min.2.rABQ.All","rABQ","8","All","2",-0.0832487070918067,NA
"1558","max.2.rABQ.All","rABQ","8","All","2",0.491191535747413,NA
"1559","range.2.rABQ.All","rABQ","8","All","2",0.57444024283922,NA
"1560","slope.2.rABQ.All","rABQ","8","All","2",-0.0102390930758186,NA
"1561","mean.2.rqm.All","rqm","9","All","2",0.654160963557013,NA
"1562","min.2.rqm.All","rqm","9","All","2",0,NA
"1563","max.2.rqm.All","rqm","9","All","2",0.858905946972466,NA
"1564","range.2.rqm.All","rqm","9","All","2",0.858905946972466,NA
"1565","slope.2.rqm.All","rqm","9","All","2",-0.00802881213801752,NA
"1566","mean.3.rQuant.All","rQuant","1","All","3",0.101271184192371,NA
"1567","min.3.rQuant.All","rQuant","1","All","3",0.040537714345521,NA
"1568","max.3.rQuant.All","rQuant","1","All","3",0.288714674006169,NA
"1569","range.3.rQuant.All","rQuant","1","All","3",0.248176959660648,NA
"1570","slope.3.rQuant.All","rQuant","1","All","3",0.00218803506007154,NA
"1571","mean.3.rSigma.All","rSigma","2","All","3",3.46302087116405,NA
"1572","min.3.rSigma.All","rSigma","2","All","3",2.71259143181711,NA
"1573","max.3.rSigma.All","rSigma","2","All","3",4.33291141741525,NA
"1574","range.3.rSigma.All","rSigma","2","All","3",1.62031998559814,NA
"1575","slope.3.rSigma.All","rSigma","2","All","3",0.0331589648084219,NA
"1576","mean.3.rConnect.All","rConnect","3","All","3",0.323964936812881,NA
"1577","min.3.rConnect.All","rConnect","3","All","3",0.194814506378775,NA
"1578","max.3.rConnect.All","rConnect","3","All","3",0.569119623178659,NA
"1579","range.3.rConnect.All","rConnect","3","All","3",0.374305116799884,NA
"1580","slope.3.rConnect.All","rConnect","3","All","3",-0.00309317892347772,NA
"1581","mean.3.rTau1.All","rTau1","4","All","3",1201.71978185085,NA
"1582","min.3.rTau1.All","rTau1","4","All","3",631.927724520245,NA
"1583","max.3.rTau1.All","rTau1","4","All","3",2280.28492525438,NA
"1584","range.3.rTau1.All","rTau1","4","All","3",1648.35720073414,NA
"1585","slope.3.rTau1.All","rTau1","4","All","3",-7.52758533766997,NA
"1586","mean.3.rTau2.All","rTau2","5","All","3",6448153.22444977,NA
"1587","min.3.rTau2.All","rTau2","5","All","3",1822165.44087849,NA
"1588","max.3.rTau2.All","rTau2","5","All","3",13563100.8561043,NA
"1589","range.3.rTau2.All","rTau2","5","All","3",11740935.4152258,NA
"1590","slope.3.rTau2.All","rTau2","5","All","3",-116603.579319767,NA
"1591","mean.3.rNPQ.All","rNPQ","6","All","3",0.2968969192369,NA
"1592","min.3.rNPQ.All","rNPQ","6","All","3",0.0868684922770766,NA
"1593","max.3.rNPQ.All","rNPQ","6","All","3",0.665057084401816,NA
"1594","range.3.rNPQ.All","rNPQ","6","All","3",0.578188592124739,NA
"1595","slope.3.rNPQ.All","rNPQ","6","All","3",0.00289381380156989,NA
"1596","mean.3.rqP.All","rqP","7","All","3",0.705177046132176,NA
"1597","min.3.rqP.All","rqP","7","All","3",0.275635298848928,NA
"1598","max.3.rqP.All","rqP","7","All","3",1.34690380289447,NA
"1599","range.3.rqP.All","rqP","7","All","3",1.07126850404554,NA
"1600","slope.3.rqP.All","rqP","7","All","3",0.00978987139952553,NA
"1601","mean.3.rABQ.All","rABQ","8","All","3",0.132141214219617,NA
"1602","min.3.rABQ.All","rABQ","8","All","3",-0.0858598262932111,NA
"1603","max.3.rABQ.All","rABQ","8","All","3",0.320204412876164,NA
"1604","range.3.rABQ.All","rABQ","8","All","3",0.406064239169375,NA
"1605","slope.3.rABQ.All","rABQ","8","All","3",-0.00830988319359982,NA
"1606","mean.3.rqm.All","rqm","9","All","3",0.649234371127922,NA
"1607","min.3.rqm.All","rqm","9","All","3",0,NA
"1608","max.3.rqm.All","rqm","9","All","3",0.859592469675944,NA
"1609","range.3.rqm.All","rqm","9","All","3",0.859592469675944,NA
"1610","slope.3.rqm.All","rqm","9","All","3",-0.00757853776432851,NA
"1611","mean.4.rQuant.All","rQuant","1","All","4",0.103092768207535,NA
"1612","min.4.rQuant.All","rQuant","1","All","4",0.0392006629411054,NA
"1613","max.4.rQuant.All","rQuant","1","All","4",0.285989342144847,NA
"1614","range.4.rQuant.All","rQuant","1","All","4",0.246788679203742,NA
"1615","slope.4.rQuant.All","rQuant","1","All","4",0.00228289793598289,NA
"1616","mean.4.rSigma.All","rSigma","2","All","4",3.31494701759182,NA
"1617","min.4.rSigma.All","rSigma","2","All","4",2.43332895330398,NA
"1618","max.4.rSigma.All","rSigma","2","All","4",4.08396143344685,NA
"1619","range.4.rSigma.All","rSigma","2","All","4",1.65063248014287,NA
"1620","slope.4.rSigma.All","rSigma","2","All","4",0.0236223395931303,NA
"1621","mean.4.rConnect.All","rConnect","3","All","4",0.351653755977499,NA
"1622","min.4.rConnect.All","rConnect","3","All","4",0.20535316504216,NA
"1623","max.4.rConnect.All","rConnect","3","All","4",0.56650127496578,NA
"1624","range.4.rConnect.All","rConnect","3","All","4",0.36114810992362,NA
"1625","slope.4.rConnect.All","rConnect","3","All","4",-0.00225361637120301,NA
"1626","mean.4.rTau1.All","rTau1","4","All","4",1010.81464447626,NA
"1627","min.4.rTau1.All","rTau1","4","All","4",513.48092977157,NA
"1628","max.4.rTau1.All","rTau1","4","All","4",1692.22337819618,NA
"1629","range.4.rTau1.All","rTau1","4","All","4",1178.74244842461,NA
"1630","slope.4.rTau1.All","rTau1","4","All","4",-6.92892844336029,NA
"1631","mean.4.rTau2.All","rTau2","5","All","4",6522623.2282188,NA
"1632","min.4.rTau2.All","rTau2","5","All","4",1853207.75719486,NA
"1633","max.4.rTau2.All","rTau2","5","All","4",13576760.5537801,NA
"1634","range.4.rTau2.All","rTau2","5","All","4",11723552.7965852,NA
"1635","slope.4.rTau2.All","rTau2","5","All","4",-48819.6874850184,NA
"1636","mean.4.rNPQ.All","rNPQ","6","All","4",0.335779820474918,NA
"1637","min.4.rNPQ.All","rNPQ","6","All","4",0.119014229704768,NA
"1638","max.4.rNPQ.All","rNPQ","6","All","4",0.730966082605819,NA
"1639","range.4.rNPQ.All","rNPQ","6","All","4",0.611951852901051,NA
"1640","slope.4.rNPQ.All","rNPQ","6","All","4",0.00307502243438576,NA
"1641","mean.4.rqP.All","rqP","7","All","4",0.722036478086678,NA
"1642","min.4.rqP.All","rqP","7","All","4",0.31772320783515,NA
"1643","max.4.rqP.All","rqP","7","All","4",1.32023288479278,NA
"1644","range.4.rqP.All","rqP","7","All","4",1.00250967695763,NA
"1645","slope.4.rqP.All","rqP","7","All","4",0.00937630230887296,NA
"1646","mean.4.rABQ.All","rABQ","8","All","4",0.0881635107049894,NA
"1647","min.4.rABQ.All","rABQ","8","All","4",-0.12336789581502,NA
"1648","max.4.rABQ.All","rABQ","8","All","4",0.330668599435874,NA
"1649","range.4.rABQ.All","rABQ","8","All","4",0.454036495250894,NA
"1650","slope.4.rABQ.All","rABQ","8","All","4",-0.00649775428965449,NA
"1651","mean.4.rqm.All","rqm","9","All","4",0.639522342216094,NA
"1652","min.4.rqm.All","rqm","9","All","4",0,NA
"1653","max.4.rqm.All","rqm","9","All","4",0.862929637002868,NA
"1654","range.4.rqm.All","rqm","9","All","4",0.862929637002868,NA
"1655","slope.4.rqm.All","rqm","9","All","4",-0.00798245808344373,NA
"1656","mean.1.rQuant.L1","rQuant","1","L1","1",0.0543688176339365,NA
"1657","min.1.rQuant.L1","rQuant","1","L1","1",0.0439816323592236,NA
"1658","max.1.rQuant.L1","rQuant","1","L1","1",0.0695454186821615,NA
"1659","range.1.rQuant.L1","rQuant","1","L1","1",0.0255637863229379,NA
"1660","slope.1.rQuant.L1","rQuant","1","L1","1",0.00331281544594719,NA
"1661","mean.1.rSigma.L1","rSigma","2","L1","1",3.3313243725318,NA
"1662","min.1.rSigma.L1","rSigma","2","L1","1",2.80351715295706,NA
"1663","max.1.rSigma.L1","rSigma","2","L1","1",3.72988683710807,NA
"1664","range.1.rSigma.L1","rSigma","2","L1","1",0.92636968415101,NA
"1665","slope.1.rSigma.L1","rSigma","2","L1","1",0.144574244673027,NA
"1666","mean.1.rConnect.L1","rConnect","3","L1","1",0.397721935550351,NA
"1667","min.1.rConnect.L1","rConnect","3","L1","1",0.23468175762823,NA
"1668","max.1.rConnect.L1","rConnect","3","L1","1",0.588237968885674,NA
"1669","range.1.rConnect.L1","rConnect","3","L1","1",0.353556211257444,NA
"1670","slope.1.rConnect.L1","rConnect","3","L1","1",-0.0253060672991177,NA
"1671","mean.1.rTau1.L1","rTau1","4","L1","1",1848.20446990633,NA
"1672","min.1.rTau1.L1","rTau1","4","L1","1",1249.57023775116,NA
"1673","max.1.rTau1.L1","rTau1","4","L1","1",4085.62489863787,NA
"1674","range.1.rTau1.L1","rTau1","4","L1","1",2836.05466088671,NA
"1675","slope.1.rTau1.L1","rTau1","4","L1","1",-323.01080489551,NA
"1676","mean.1.rTau2.L1","rTau2","5","L1","1",9394196.98010716,NA
"1677","min.1.rTau2.L1","rTau2","5","L1","1",4848929.1380614,NA
"1678","max.1.rTau2.L1","rTau2","5","L1","1",13767868.8492984,NA
"1679","range.1.rTau2.L1","rTau2","5","L1","1",8918939.711237,NA
"1680","slope.1.rTau2.L1","rTau2","5","L1","1",945664.890254815,NA
"1681","mean.1.rNPQ.L1","rNPQ","6","L1","1",0.149593729965156,NA
"1682","min.1.rNPQ.L1","rNPQ","6","L1","1",0.025896654399455,NA
"1683","max.1.rNPQ.L1","rNPQ","6","L1","1",0.232839325180221,NA
"1684","range.1.rNPQ.L1","rNPQ","6","L1","1",0.206942670780766,NA
"1685","slope.1.rNPQ.L1","rNPQ","6","L1","1",0.0389181151065937,NA
"1686","mean.1.rqP.L1","rqP","7","L1","1",0.43981680791517,NA
"1687","min.1.rqP.L1","rqP","7","L1","1",0.185153666038155,NA
"1688","max.1.rqP.L1","rqP","7","L1","1",0.624144130335368,NA
"1689","range.1.rqP.L1","rqP","7","L1","1",0.438990464297213,NA
"1690","slope.1.rqP.L1","rqP","7","L1","1",0.0803907522547219,NA
"1691","mean.1.rABQ.L1","rABQ","8","L1","1",0.292449944283762,NA
"1692","min.1.rABQ.L1","rABQ","8","L1","1",0.207798057381792,NA
"1693","max.1.rABQ.L1","rABQ","8","L1","1",0.404552515470405,NA
"1694","range.1.rABQ.L1","rABQ","8","L1","1",0.196754458088613,NA
"1695","slope.1.rABQ.L1","rABQ","8","L1","1",-0.0307065609452465,NA
"1696","mean.1.rqm.L1","rqm","9","L1","1",0.82241360391708,NA
"1697","min.1.rqm.L1","rqm","9","L1","1",0.77284184565136,NA
"1698","max.1.rqm.L1","rqm","9","L1","1",0.856341558922496,NA
"1699","range.1.rqm.L1","rqm","9","L1","1",0.0834997132711359,NA
"1700","slope.1.rqm.L1","rqm","9","L1","1",-0.0108207421374264,NA
"1701","mean.2.rQuant.L1","rQuant","1","L1","2",0.0486226140626787,NA
"1702","min.2.rQuant.L1","rQuant","1","L1","2",0.0402667816048025,NA
"1703","max.2.rQuant.L1","rQuant","1","L1","2",0.0551374441327801,NA
"1704","range.2.rQuant.L1","rQuant","1","L1","2",0.0148706625279776,NA
"1705","slope.2.rQuant.L1","rQuant","1","L1","2",0.00260263564345342,NA
"1706","mean.2.rSigma.L1","rSigma","2","L1","2",2.92222275830568,NA
"1707","min.2.rSigma.L1","rSigma","2","L1","2",2.35964450543474,NA
"1708","max.2.rSigma.L1","rSigma","2","L1","2",3.52748300805662,NA
"1709","range.2.rSigma.L1","rSigma","2","L1","2",1.16783850262188,NA
"1710","slope.2.rSigma.L1","rSigma","2","L1","2",0.185839786294654,NA
"1711","mean.2.rConnect.L1","rConnect","3","L1","2",0.465707123207355,NA
"1712","min.2.rConnect.L1","rConnect","3","L1","2",0.304046955030057,NA
"1713","max.2.rConnect.L1","rConnect","3","L1","2",0.54858412874163,NA
"1714","range.2.rConnect.L1","rConnect","3","L1","2",0.244537173711573,NA
"1715","slope.2.rConnect.L1","rConnect","3","L1","2",-0.0300580019906541,NA
"1716","mean.2.rTau1.L1","rTau1","4","L1","2",1539.1530605921,NA
"1717","min.2.rTau1.L1","rTau1","4","L1","2",1064.88643177994,NA
"1718","max.2.rTau1.L1","rTau1","4","L1","2",2377.71413666155,NA
"1719","range.2.rTau1.L1","rTau1","4","L1","2",1312.82770488161,NA
"1720","slope.2.rTau1.L1","rTau1","4","L1","2",-144.125583450699,NA
"1721","mean.2.rTau2.L1","rTau2","5","L1","2",7129276.64570786,NA
"1722","min.2.rTau2.L1","rTau2","5","L1","2",5505152.8121175,NA
"1723","max.2.rTau2.L1","rTau2","5","L1","2",8836616.42456682,NA
"1724","range.2.rTau2.L1","rTau2","5","L1","2",3331463.61244932,NA
"1725","slope.2.rTau2.L1","rTau2","5","L1","2",572158.401781823,NA
"1726","mean.2.rNPQ.L1","rNPQ","6","L1","2",0.222732965043751,NA
"1727","min.2.rNPQ.L1","rNPQ","6","L1","2",0.0828017024754323,NA
"1728","max.2.rNPQ.L1","rNPQ","6","L1","2",0.31689130299671,NA
"1729","range.2.rNPQ.L1","rNPQ","6","L1","2",0.234089600521278,NA
"1730","slope.2.rNPQ.L1","rNPQ","6","L1","2",0.0427916833341328,NA
"1731","mean.2.rqP.L1","rqP","7","L1","2",0.520419607834503,NA
"1732","min.2.rqP.L1","rqP","7","L1","2",0.272163552885468,NA
"1733","max.2.rqP.L1","rqP","7","L1","2",0.674873467801424,NA
"1734","range.2.rqP.L1","rqP","7","L1","2",0.402709914915956,NA
"1735","slope.2.rqP.L1","rqP","7","L1","2",0.0727167330973202,NA
"1736","mean.2.rABQ.L1","rABQ","8","L1","2",0.369883187728935,NA
"1737","min.2.rABQ.L1","rABQ","8","L1","2",0.239371351119813,NA
"1738","max.2.rABQ.L1","rABQ","8","L1","2",0.491191535747413,NA
"1739","range.2.rABQ.L1","rABQ","8","L1","2",0.2518201846276,NA
"1740","slope.2.rABQ.L1","rABQ","8","L1","2",-0.0400725007702762,NA
"1741","mean.2.rqm.L1","rqm","9","L1","2",0.829627265614923,NA
"1742","min.2.rqm.L1","rqm","9","L1","2",0.806799422347046,NA
"1743","max.2.rqm.L1","rqm","9","L1","2",0.858905946972466,NA
"1744","range.2.rqm.L1","rqm","9","L1","2",0.05210652462542,NA
"1745","slope.2.rqm.L1","rqm","9","L1","2",-0.00911958683693188,NA
"1746","mean.3.rQuant.L1","rQuant","1","L1","3",0.0533582290100375,NA
"1747","min.3.rQuant.L1","rQuant","1","L1","3",0.040537714345521,NA
"1748","max.3.rQuant.L1","rQuant","1","L1","3",0.0628758914598546,NA
"1749","range.3.rQuant.L1","rQuant","1","L1","3",0.0223381771143336,NA
"1750","slope.3.rQuant.L1","rQuant","1","L1","3",0.00358724334198435,NA
"1751","mean.3.rSigma.L1","rSigma","2","L1","3",2.94245912088891,NA
"1752","min.3.rSigma.L1","rSigma","2","L1","3",2.71259143181711,NA
"1753","max.3.rSigma.L1","rSigma","2","L1","3",3.15397488742315,NA
"1754","range.3.rSigma.L1","rSigma","2","L1","3",0.44138345560604,NA
"1755","slope.3.rSigma.L1","rSigma","2","L1","3",0.0419050167950641,NA
"1756","mean.3.rConnect.L1","rConnect","3","L1","3",0.373585507793603,NA
"1757","min.3.rConnect.L1","rConnect","3","L1","3",0.323898169305661,NA
"1758","max.3.rConnect.L1","rConnect","3","L1","3",0.461338180597312,NA
"1759","range.3.rConnect.L1","rConnect","3","L1","3",0.137440011291651,NA
"1760","slope.3.rConnect.L1","rConnect","3","L1","3",0.00252934461584869,NA
"1761","mean.3.rTau1.L1","rTau1","4","L1","3",1339.69968908426,NA
"1762","min.3.rTau1.L1","rTau1","4","L1","3",858.34186616746,NA
"1763","max.3.rTau1.L1","rTau1","4","L1","3",2280.28492525438,NA
"1764","range.3.rTau1.L1","rTau1","4","L1","3",1421.94305908692,NA
"1765","slope.3.rTau1.L1","rTau1","4","L1","3",-180.283161574506,NA
"1766","mean.3.rTau2.L1","rTau2","5","L1","3",9230498.45795971,NA
"1767","min.3.rTau2.L1","rTau2","5","L1","3",5002019.4069318,NA
"1768","max.3.rTau2.L1","rTau2","5","L1","3",13563100.8561043,NA
"1769","range.3.rTau2.L1","rTau2","5","L1","3",8561081.4491725,NA
"1770","slope.3.rTau2.L1","rTau2","5","L1","3",1236422.7997094,NA
"1771","mean.3.rNPQ.L1","rNPQ","6","L1","3",0.225411215575617,NA
"1772","min.3.rNPQ.L1","rNPQ","6","L1","3",0.0868684922770766,NA
"1773","max.3.rNPQ.L1","rNPQ","6","L1","3",0.318874326346099,NA
"1774","range.3.rNPQ.L1","rNPQ","6","L1","3",0.232005834069022,NA
"1775","slope.3.rNPQ.L1","rNPQ","6","L1","3",0.0423714475588401,NA
"1776","mean.3.rqP.L1","rqP","7","L1","3",0.524235817576622,NA
"1777","min.3.rqP.L1","rqP","7","L1","3",0.275635298848928,NA
"1778","max.3.rqP.L1","rqP","7","L1","3",0.680608121524706,NA
"1779","range.3.rqP.L1","rqP","7","L1","3",0.404972822675778,NA
"1780","slope.3.rqP.L1","rqP","7","L1","3",0.0719679204988473,NA
"1781","mean.3.rABQ.L1","rABQ","8","L1","3",0.262597860403686,NA
"1782","min.3.rABQ.L1","rABQ","8","L1","3",0.209590436207566,NA
"1783","max.3.rABQ.L1","rABQ","8","L1","3",0.320204412876164,NA
"1784","range.3.rABQ.L1","rABQ","8","L1","3",0.110613976668598,NA
"1785","slope.3.rABQ.L1","rABQ","8","L1","3",-0.010501708868317,NA
"1786","mean.3.rqm.L1","rqm","9","L1","3",0.815186986273869,NA
"1787","min.3.rqm.L1","rqm","9","L1","3",0.782221351663923,NA
"1788","max.3.rqm.L1","rqm","9","L1","3",0.859592469675944,NA
"1789","range.3.rqm.L1","rqm","9","L1","3",0.077371118012021,NA
"1790","slope.3.rqm.L1","rqm","9","L1","3",-0.0124248736380738,NA
"1791","mean.4.rQuant.L1","rQuant","1","L1","4",0.0542844598740956,NA
"1792","min.4.rQuant.L1","rQuant","1","L1","4",0.0392006629411054,NA
"1793","max.4.rQuant.L1","rQuant","1","L1","4",0.0673882055796078,NA
"1794","range.4.rQuant.L1","rQuant","1","L1","4",0.0281875426385024,NA
"1795","slope.4.rQuant.L1","rQuant","1","L1","4",0.00384267489992928,NA
"1796","mean.4.rSigma.L1","rSigma","2","L1","4",2.99364470596559,NA
"1797","min.4.rSigma.L1","rSigma","2","L1","4",2.43332895330398,NA
"1798","max.4.rSigma.L1","rSigma","2","L1","4",3.52142683293452,NA
"1799","range.4.rSigma.L1","rSigma","2","L1","4",1.08809787963054,NA
"1800","slope.4.rSigma.L1","rSigma","2","L1","4",0.172734817178067,NA
"1801","mean.4.rConnect.L1","rConnect","3","L1","4",0.376365810562601,NA
"1802","min.4.rConnect.L1","rConnect","3","L1","4",0.240526416331169,NA
"1803","max.4.rConnect.L1","rConnect","3","L1","4",0.469823719815896,NA
"1804","range.4.rConnect.L1","rConnect","3","L1","4",0.229297303484727,NA
"1805","slope.4.rConnect.L1","rConnect","3","L1","4",-0.0233745647756828,NA
"1806","mean.4.rTau1.L1","rTau1","4","L1","4",1196.65913987583,NA
"1807","min.4.rTau1.L1","rTau1","4","L1","4",899.873865021308,NA
"1808","max.4.rTau1.L1","rTau1","4","L1","4",1692.22337819618,NA
"1809","range.4.rTau1.L1","rTau1","4","L1","4",792.349513174872,NA
"1810","slope.4.rTau1.L1","rTau1","4","L1","4",-119.975117725568,NA
"1811","mean.4.rTau2.L1","rTau2","5","L1","4",7918322.81839618,NA
"1812","min.4.rTau2.L1","rTau2","5","L1","4",5782287.01254965,NA
"1813","max.4.rTau2.L1","rTau2","5","L1","4",10010461.3445552,NA
"1814","range.4.rTau2.L1","rTau2","5","L1","4",4228174.33200555,NA
"1815","slope.4.rTau2.L1","rTau2","5","L1","4",410098.328811007,NA
"1816","mean.4.rNPQ.L1","rNPQ","6","L1","4",0.259867819776138,NA
"1817","min.4.rNPQ.L1","rNPQ","6","L1","4",0.119014229704768,NA
"1818","max.4.rNPQ.L1","rNPQ","6","L1","4",0.351622377380335,NA
"1819","range.4.rNPQ.L1","rNPQ","6","L1","4",0.232608147675567,NA
"1820","slope.4.rNPQ.L1","rNPQ","6","L1","4",0.0428958925285693,NA
"1821","mean.4.rqP.L1","rqP","7","L1","4",0.550605891556657,NA
"1822","min.4.rqP.L1","rqP","7","L1","4",0.31772320783515,NA
"1823","max.4.rqP.L1","rqP","7","L1","4",0.696637430880775,NA
"1824","range.4.rqP.L1","rqP","7","L1","4",0.378914223045625,NA
"1825","slope.4.rqP.L1","rqP","7","L1","4",0.0664289898252358,NA
"1826","mean.4.rABQ.L1","rABQ","8","L1","4",0.176543557288198,NA
"1827","min.4.rABQ.L1","rABQ","8","L1","4",0.0313674808036903,NA
"1828","max.4.rABQ.L1","rABQ","8","L1","4",0.330668599435874,NA
"1829","range.4.rABQ.L1","rABQ","8","L1","4",0.299301118632184,NA
"1830","slope.4.rABQ.L1","rABQ","8","L1","4",-0.0475138542000243,NA
"1831","mean.4.rqm.L1","rqm","9","L1","4",0.810187122824312,NA
"1832","min.4.rqm.L1","rqm","9","L1","4",0.764368122692219,NA
"1833","max.4.rqm.L1","rqm","9","L1","4",0.862929637002868,NA
"1834","range.4.rqm.L1","rqm","9","L1","4",0.098561514310649,NA
"1835","slope.4.rqm.L1","rqm","9","L1","4",-0.0134364269350397,NA
"1836","mean.1.rQuant.L2","rQuant","1","L2","1",0.115746096987477,NA
"1837","min.1.rQuant.L2","rQuant","1","L2","1",0.0965181091640015,NA
"1838","max.1.rQuant.L2","rQuant","1","L2","1",0.128120169481711,NA
"1839","range.1.rQuant.L2","rQuant","1","L2","1",0.0316020603177095,NA
"1840","slope.1.rQuant.L2","rQuant","1","L2","1",0.00608597709461009,NA
"1841","mean.1.rSigma.L2","rSigma","2","L2","1",4.56232496551111,NA
"1842","min.1.rSigma.L2","rSigma","2","L2","1",4.20879748801748,NA
"1843","max.1.rSigma.L2","rSigma","2","L2","1",4.79024146955754,NA
"1844","range.1.rSigma.L2","rSigma","2","L2","1",0.58144398154006,NA
"1845","slope.1.rSigma.L2","rSigma","2","L2","1",0.0737828112110115,NA
"1846","mean.1.rConnect.L2","rConnect","3","L2","1",0.248292117877305,NA
"1847","min.1.rConnect.L2","rConnect","3","L2","1",0.193092857720895,NA
"1848","max.1.rConnect.L2","rConnect","3","L2","1",0.321006444344912,NA
"1849","range.1.rConnect.L2","rConnect","3","L2","1",0.127913586624017,NA
"1850","slope.1.rConnect.L2","rConnect","3","L2","1",0.0150918430174592,NA
"1851","mean.1.rTau1.L2","rTau1","4","L2","1",1464.75270520703,NA
"1852","min.1.rTau1.L2","rTau1","4","L2","1",1231.02198515466,NA
"1853","max.1.rTau1.L2","rTau1","4","L2","1",1673.3189740356,NA
"1854","range.1.rTau1.L2","rTau1","4","L2","1",442.29698888094,NA
"1855","slope.1.rTau1.L2","rTau1","4","L2","1",17.9882034115898,NA
"1856","mean.1.rTau2.L2","rTau2","5","L2","1",4347101.43503382,NA
"1857","min.1.rTau2.L2","rTau2","5","L2","1",3104733.46337911,NA
"1858","max.1.rTau2.L2","rTau2","5","L2","1",5310565.06068789,NA
"1859","range.1.rTau2.L2","rTau2","5","L2","1",2205831.59730878,NA
"1860","slope.1.rTau2.L2","rTau2","5","L2","1",-308084.745341292,NA
"1861","mean.1.rNPQ.L2","rNPQ","6","L2","1",0.195709401205525,NA
"1862","min.1.rNPQ.L2","rNPQ","6","L2","1",0.155368521085802,NA
"1863","max.1.rNPQ.L2","rNPQ","6","L2","1",0.250194793096719,NA
"1864","range.1.rNPQ.L2","rNPQ","6","L2","1",0.094826272010917,NA
"1865","slope.1.rNPQ.L2","rNPQ","6","L2","1",-0.0180296671552455,NA
"1866","mean.1.rqP.L2","rqP","7","L2","1",0.66213917640426,NA
"1867","min.1.rqP.L2","rqP","7","L2","1",0.624376718520179,NA
"1868","max.1.rqP.L2","rqP","7","L2","1",0.705706002265464,NA
"1869","range.1.rqP.L2","rqP","7","L2","1",0.081329283745285,NA
"1870","slope.1.rqP.L2","rqP","7","L2","1",-0.0153600231753254,NA
"1871","mean.1.rABQ.L2","rABQ","8","L2","1",0.0309940064198438,NA
"1872","min.1.rABQ.L2","rABQ","8","L2","1",-0.0174138689784153,NA
"1873","max.1.rABQ.L2","rABQ","8","L2","1",0.106080776252388,NA
"1874","range.1.rABQ.L2","rABQ","8","L2","1",0.123494645230803,NA
"1875","slope.1.rABQ.L2","rABQ","8","L2","1",-0.0156709543548821,NA
"1876","mean.1.rqm.L2","rqm","9","L2","1",0.621935272474274,NA
"1877","min.1.rqm.L2","rqm","9","L2","1",0.581517491938467,NA
"1878","max.1.rqm.L2","rqm","9","L2","1",0.684740189154417,NA
"1879","range.1.rqm.L2","rqm","9","L2","1",0.10322269721595,NA
"1880","slope.1.rqm.L2","rqm","9","L2","1",-0.0198787979196442,NA
"1881","mean.2.rQuant.L2","rQuant","1","L2","2",0.11168735523858,NA
"1882","min.2.rQuant.L2","rQuant","1","L2","2",0.0931774328326581,NA
"1883","max.2.rQuant.L2","rQuant","1","L2","2",0.126291953336678,NA
"1884","range.2.rQuant.L2","rQuant","1","L2","2",0.0331145205040199,NA
"1885","slope.2.rQuant.L2","rQuant","1","L2","2",0.00659801763008477,NA
"1886","mean.2.rSigma.L2","rSigma","2","L2","2",4.22027297009425,NA
"1887","min.2.rSigma.L2","rSigma","2","L2","2",3.87375583120408,NA
"1888","max.2.rSigma.L2","rSigma","2","L2","2",4.51407035716752,NA
"1889","range.2.rSigma.L2","rSigma","2","L2","2",0.64031452596344,NA
"1890","slope.2.rSigma.L2","rSigma","2","L2","2",0.122541110168106,NA
"1891","mean.2.rConnect.L2","rConnect","3","L2","2",0.208077345839894,NA
"1892","min.2.rConnect.L2","rConnect","3","L2","2",0.163158981336245,NA
"1893","max.2.rConnect.L2","rConnect","3","L2","2",0.229181811938239,NA
"1894","range.2.rConnect.L2","rConnect","3","L2","2",0.066022830601994,NA
"1895","slope.2.rConnect.L2","rConnect","3","L2","2",0.00857569742999452,NA
"1896","mean.2.rTau1.L2","rTau1","4","L2","2",1461.20655357283,NA
"1897","min.2.rTau1.L2","rTau1","4","L2","2",1358.59150432732,NA
"1898","max.2.rTau1.L2","rTau1","4","L2","2",1554.07764358199,NA
"1899","range.2.rTau1.L2","rTau1","4","L2","2",195.48613925467,NA
"1900","slope.2.rTau1.L2","rTau1","4","L2","2",31.0832683180424,NA
"1901","mean.2.rTau2.L2","rTau2","5","L2","2",4267506.9161569,NA
"1902","min.2.rTau2.L2","rTau2","5","L2","2",3699105.3311338,NA
"1903","max.2.rTau2.L2","rTau2","5","L2","2",5159790.3748703,NA
"1904","range.2.rTau2.L2","rTau2","5","L2","2",1460685.0437365,NA
"1905","slope.2.rTau2.L2","rTau2","5","L2","2",-298153.157198723,NA
"1906","mean.2.rNPQ.L2","rNPQ","6","L2","2",0.264707602488481,NA
"1907","min.2.rNPQ.L2","rNPQ","6","L2","2",0.224082978247917,NA
"1908","max.2.rNPQ.L2","rNPQ","6","L2","2",0.323563058133188,NA
"1909","range.2.rNPQ.L2","rNPQ","6","L2","2",0.099480079885271,NA
"1910","slope.2.rNPQ.L2","rNPQ","6","L2","2",-0.0193032928297718,NA
"1911","mean.2.rqP.L2","rqP","7","L2","2",0.712053817383567,NA
"1912","min.2.rqP.L2","rqP","7","L2","2",0.685415958178455,NA
"1913","max.2.rqP.L2","rqP","7","L2","2",0.753968334288925,NA
"1914","range.2.rqP.L2","rqP","7","L2","2",0.0685523761104699,NA
"1915","slope.2.rqP.L2","rqP","7","L2","2",-0.0130637342454801,NA
"1916","mean.2.rABQ.L2","rABQ","8","L2","2",0.089985544985837,NA
"1917","min.2.rABQ.L2","rABQ","8","L2","2",0.0266342236432036,NA
"1918","max.2.rABQ.L2","rABQ","8","L2","2",0.164704788867629,NA
"1919","range.2.rABQ.L2","rABQ","8","L2","2",0.138070565224425,NA
"1920","slope.2.rABQ.L2","rABQ","8","L2","2",-0.0264234523161591,NA
"1921","mean.2.rqm.L2","rqm","9","L2","2",0.608649586718948,NA
"1922","min.2.rqm.L2","rqm","9","L2","2",0.55747534690205,NA
"1923","max.2.rqm.L2","rqm","9","L2","2",0.673508010198347,NA
"1924","range.2.rqm.L2","rqm","9","L2","2",0.116032663296297,NA
"1925","slope.2.rqm.L2","rqm","9","L2","2",-0.0231193309292135,NA
"1926","mean.3.rQuant.L2","rQuant","1","L2","3",0.11225890368223,NA
"1927","min.3.rQuant.L2","rQuant","1","L2","3",0.089545869004022,NA
"1928","max.3.rQuant.L2","rQuant","1","L2","3",0.124577572967096,NA
"1929","range.3.rQuant.L2","rQuant","1","L2","3",0.035031703963074,NA
"1930","slope.3.rQuant.L2","rQuant","1","L2","3",0.00678986604135371,NA
"1931","mean.3.rSigma.L2","rSigma","2","L2","3",3.84286833670566,NA
"1932","min.3.rSigma.L2","rSigma","2","L2","3",3.55349624964506,NA
"1933","max.3.rSigma.L2","rSigma","2","L2","3",4.12753745797335,NA
"1934","range.3.rSigma.L2","rSigma","2","L2","3",0.57404120832829,NA
"1935","slope.3.rSigma.L2","rSigma","2","L2","3",0.11864444235445,NA
"1936","mean.3.rConnect.L2","rConnect","3","L2","3",0.264877183316978,NA
"1937","min.3.rConnect.L2","rConnect","3","L2","3",0.194814506378775,NA
"1938","max.3.rConnect.L2","rConnect","3","L2","3",0.306425972395818,NA
"1939","range.3.rConnect.L2","rConnect","3","L2","3",0.111611466017043,NA
"1940","slope.3.rConnect.L2","rConnect","3","L2","3",0.00756483528617496,NA
"1941","mean.3.rTau1.L2","rTau1","4","L2","3",1256.89504538528,NA
"1942","min.3.rTau1.L2","rTau1","4","L2","3",1110.35372520598,NA
"1943","max.3.rTau1.L2","rTau1","4","L2","3",1438.51429253894,NA
"1944","range.3.rTau1.L2","rTau1","4","L2","3",328.16056733296,NA
"1945","slope.3.rTau1.L2","rTau1","4","L2","3",-55.3523189919604,NA
"1946","mean.3.rTau2.L2","rTau2","5","L2","3",4035774.5516547,NA
"1947","min.3.rTau2.L2","rTau2","5","L2","3",3550765.67062484,NA
"1948","max.3.rTau2.L2","rTau2","5","L2","3",4947717.3721625,NA
"1949","range.3.rTau2.L2","rTau2","5","L2","3",1396951.70153766,NA
"1950","slope.3.rTau2.L2","rTau2","5","L2","3",-244410.017887736,NA
"1951","mean.3.rNPQ.L2","rNPQ","6","L2","3",0.276000281843988,NA
"1952","min.3.rNPQ.L2","rNPQ","6","L2","3",0.235294714310791,NA
"1953","max.3.rNPQ.L2","rNPQ","6","L2","3",0.335205843563234,NA
"1954","range.3.rNPQ.L2","rNPQ","6","L2","3",0.099911129252443,NA
"1955","slope.3.rNPQ.L2","rNPQ","6","L2","3",-0.0195935727539103,NA
"1956","mean.3.rqP.L2","rqP","7","L2","3",0.714902507373631,NA
"1957","min.3.rqP.L2","rqP","7","L2","3",0.685013402804141,NA
"1958","max.3.rqP.L2","rqP","7","L2","3",0.748011305769929,NA
"1959","range.3.rqP.L2","rqP","7","L2","3",0.062997902965788,NA
"1960","slope.3.rqP.L2","rqP","7","L2","3",-0.0125541170283934,NA
"1961","mean.3.rABQ.L2","rABQ","8","L2","3",0.0369486143217464,NA
"1962","min.3.rABQ.L2","rABQ","8","L2","3",-0.0343915846327869,NA
"1963","max.3.rABQ.L2","rABQ","8","L2","3",0.109467411481271,NA
"1964","range.3.rABQ.L2","rABQ","8","L2","3",0.143858996114058,NA
"1965","slope.3.rABQ.L2","rABQ","8","L2","3",-0.0297331796463336,NA
"1966","mean.3.rqm.L2","rqm","9","L2","3",0.611177006957978,NA
"1967","min.3.rqm.L2","rqm","9","L2","3",0.568509728866657,NA
"1968","max.3.rqm.L2","rqm","9","L2","3",0.689846491827053,NA
"1969","range.3.rqm.L2","rqm","9","L2","3",0.121336762960396,NA
"1970","slope.3.rqm.L2","rqm","9","L2","3",-0.0235175647539436,NA
"1971","mean.4.rQuant.L2","rQuant","1","L2","4",0.115484211992898,NA
"1972","min.4.rQuant.L2","rQuant","1","L2","4",0.0982031838200322,NA
"1973","max.4.rQuant.L2","rQuant","1","L2","4",0.127569020692597,NA
"1974","range.4.rQuant.L2","rQuant","1","L2","4",0.0293658368725648,NA
"1975","slope.4.rQuant.L2","rQuant","1","L2","4",0.00630249814974376,NA
"1976","mean.4.rSigma.L2","rSigma","2","L2","4",3.64493818738966,NA
"1977","min.4.rSigma.L2","rSigma","2","L2","4",3.36471418084241,NA
"1978","max.4.rSigma.L2","rSigma","2","L2","4",3.85174691034512,NA
"1979","range.4.rSigma.L2","rSigma","2","L2","4",0.48703272950271,NA
"1980","slope.4.rSigma.L2","rSigma","2","L2","4",0.0416316715575232,NA
"1981","mean.4.rConnect.L2","rConnect","3","L2","4",0.302549528501142,NA
"1982","min.4.rConnect.L2","rConnect","3","L2","4",0.22765212809037,NA
"1983","max.4.rConnect.L2","rConnect","3","L2","4",0.405955128946528,NA
"1984","range.4.rConnect.L2","rConnect","3","L2","4",0.178303000856158,NA
"1985","slope.4.rConnect.L2","rConnect","3","L2","4",0.00143046154954769,NA
"1986","mean.4.rTau1.L2","rTau1","4","L2","4",981.305047118259,NA
"1987","min.4.rTau1.L2","rTau1","4","L2","4",912.347034838383,NA
"1988","max.4.rTau1.L2","rTau1","4","L2","4",1044.68050143832,NA
"1989","range.4.rTau1.L2","rTau1","4","L2","4",132.333466599937,NA
"1990","slope.4.rTau1.L2","rTau1","4","L2","4",3.84430657811799,NA
"1991","mean.4.rTau2.L2","rTau2","5","L2","4",4209762.21416371,NA
"1992","min.4.rTau2.L2","rTau2","5","L2","4",3430251.92036171,NA
"1993","max.4.rTau2.L2","rTau2","5","L2","4",4914261.06325863,NA
"1994","range.4.rTau2.L2","rTau2","5","L2","4",1484009.14289692,NA
"1995","slope.4.rTau2.L2","rTau2","5","L2","4",-240867.397227176,NA
"1996","mean.4.rNPQ.L2","rNPQ","6","L2","4",0.31340457014298,NA
"1997","min.4.rNPQ.L2","rNPQ","6","L2","4",0.27083994431556,NA
"1998","max.4.rNPQ.L2","rNPQ","6","L2","4",0.367686688919836,NA
"1999","range.4.rNPQ.L2","rNPQ","6","L2","4",0.096846744604276,NA
"2000","slope.4.rNPQ.L2","rNPQ","6","L2","4",-0.0196755684070834,NA
"2001","mean.4.rqP.L2","rqP","7","L2","4",0.733284507841206,NA
"2002","min.4.rqP.L2","rqP","7","L2","4",0.702764102554345,NA
"2003","max.4.rqP.L2","rqP","7","L2","4",0.765479980097078,NA
"2004","range.4.rqP.L2","rqP","7","L2","4",0.062715877542733,NA
"2005","slope.4.rqP.L2","rqP","7","L2","4",-0.0118360096334174,NA
"2006","mean.4.rABQ.L2","rABQ","8","L2","4",-0.00260656440330301,NA
"2007","min.4.rABQ.L2","rABQ","8","L2","4",-0.0594930663276327,NA
"2008","max.4.rABQ.L2","rABQ","8","L2","4",0.0744741469897418,NA
"2009","range.4.rABQ.L2","rABQ","8","L2","4",0.133967213317374,NA
"2010","slope.4.rABQ.L2","rABQ","8","L2","4",-0.0114515487080308,NA
"2011","mean.4.rqm.L2","rqm","9","L2","4",0.596194001053342,NA
"2012","min.4.rqm.L2","rqm","9","L2","4",0.553937850495189,NA
"2013","max.4.rqm.L2","rqm","9","L2","4",0.656619428250251,NA
"2014","range.4.rqm.L2","rqm","9","L2","4",0.102681577755062,NA
"2015","slope.4.rqm.L2","rqm","9","L2","4",-0.0220375280507892,NA
"2016","mean.1.rQuant.L3","rQuant","1","L3","1",0.0561129587302644,NA
"2017","min.1.rQuant.L3","rQuant","1","L3","1",0.0512754053164504,NA
"2018","max.1.rQuant.L3","rQuant","1","L3","1",0.0652158766792738,NA
"2019","range.1.rQuant.L3","rQuant","1","L3","1",0.0139404713628234,NA
"2020","slope.1.rQuant.L3","rQuant","1","L3","1",0.00137739817415919,NA
"2021","mean.1.rSigma.L3","rSigma","2","L3","1",3.44944776156881,NA
"2022","min.1.rSigma.L3","rSigma","2","L3","1",3.19335448974001,NA
"2023","max.1.rSigma.L3","rSigma","2","L3","1",3.70883782895812,NA
"2024","range.1.rSigma.L3","rSigma","2","L3","1",0.51548333921811,NA
"2025","slope.1.rSigma.L3","rSigma","2","L3","1",0.0388063426384607,NA
"2026","mean.1.rConnect.L3","rConnect","3","L3","1",0.346870744393988,NA
"2027","min.1.rConnect.L3","rConnect","3","L3","1",0.233422715957897,NA
"2028","max.1.rConnect.L3","rConnect","3","L3","1",0.465669142700037,NA
"2029","range.1.rConnect.L3","rConnect","3","L3","1",0.23224642674214,NA
"2030","slope.1.rConnect.L3","rConnect","3","L3","1",-0.00939935478280491,NA
"2031","mean.1.rTau1.L3","rTau1","4","L3","1",1286.67126340836,NA
"2032","min.1.rTau1.L3","rTau1","4","L3","1",1027.6279161893,NA
"2033","max.1.rTau1.L3","rTau1","4","L3","1",1661.20340457238,NA
"2034","range.1.rTau1.L3","rTau1","4","L3","1",633.57548838308,NA
"2035","slope.1.rTau1.L3","rTau1","4","L3","1",-30.1176488043867,NA
"2036","mean.1.rTau2.L3","rTau2","5","L3","1",10064855.5404362,NA
"2037","min.1.rTau2.L3","rTau2","5","L3","1",6745410.2673273,NA
"2038","max.1.rTau2.L3","rTau2","5","L3","1",12974135.5828513,NA
"2039","range.1.rTau2.L3","rTau2","5","L3","1",6228725.315524,NA
"2040","slope.1.rTau2.L3","rTau2","5","L3","1",442455.224622502,NA
"2041","mean.1.rNPQ.L3","rNPQ","6","L3","1",0.202083779278889,NA
"2042","min.1.rNPQ.L3","rNPQ","6","L3","1",0.114543357999622,NA
"2043","max.1.rNPQ.L3","rNPQ","6","L3","1",0.295806661999714,NA
"2044","range.1.rNPQ.L3","rNPQ","6","L3","1",0.181263304000092,NA
"2045","slope.1.rNPQ.L3","rNPQ","6","L3","1",0.0288320163950796,NA
"2046","mean.1.rqP.L3","rqP","7","L3","1",0.541679881959341,NA
"2047","min.1.rqP.L3","rqP","7","L3","1",0.378589179695403,NA
"2048","max.1.rqP.L3","rqP","7","L3","1",0.694092099805322,NA
"2049","range.1.rqP.L3","rqP","7","L3","1",0.315502920109919,NA
"2050","slope.1.rqP.L3","rqP","7","L3","1",0.0509098782509801,NA
"2051","mean.1.rABQ.L3","rABQ","8","L3","1",0.267361360541014,NA
"2052","min.1.rABQ.L3","rABQ","8","L3","1",0.212268719864278,NA
"2053","max.1.rABQ.L3","rABQ","8","L3","1",0.321753784840814,NA
"2054","range.1.rABQ.L3","rABQ","8","L3","1",0.109485064976536,NA
"2055","slope.1.rABQ.L3","rABQ","8","L3","1",-0.00824219644366775,NA
"2056","mean.1.rqm.L3","rqm","9","L3","1",0.816716666866832,NA
"2057","min.1.rqm.L3","rqm","9","L3","1",0.7869835502983,NA
"2058","max.1.rqm.L3","rqm","9","L3","1",0.832517703453687,NA
"2059","range.1.rqm.L3","rqm","9","L3","1",0.045534153155387,NA
"2060","slope.1.rqm.L3","rqm","9","L3","1",-0.00449903434294007,NA
"2061","mean.2.rQuant.L3","rQuant","1","L3","2",0.0523831205034636,NA
"2062","min.2.rQuant.L3","rQuant","1","L3","2",0.0500969064334617,NA
"2063","max.2.rQuant.L3","rQuant","1","L3","2",0.0571897771587535,NA
"2064","range.2.rQuant.L3","rQuant","1","L3","2",0.0070928707252918,NA
"2065","slope.2.rQuant.L3","rQuant","1","L3","2",0.000464095034944501,NA
"2066","mean.2.rSigma.L3","rSigma","2","L3","2",3.1429279810688,NA
"2067","min.2.rSigma.L3","rSigma","2","L3","2",2.89955950605485,NA
"2068","max.2.rSigma.L3","rSigma","2","L3","2",3.36858956353206,NA
"2069","range.2.rSigma.L3","rSigma","2","L3","2",0.46903005747721,NA
"2070","slope.2.rSigma.L3","rSigma","2","L3","2",0.0243711815728694,NA
"2071","mean.2.rConnect.L3","rConnect","3","L3","2",0.398765083488039,NA
"2072","min.2.rConnect.L3","rConnect","3","L3","2",0.350111862451172,NA
"2073","max.2.rConnect.L3","rConnect","3","L3","2",0.473856730478303,NA
"2074","range.2.rConnect.L3","rConnect","3","L3","2",0.123744868027131,NA
"2075","slope.2.rConnect.L3","rConnect","3","L3","2",0.0124573282568913,NA
"2076","mean.2.rTau1.L3","rTau1","4","L3","2",1191.77363696908,NA
"2077","min.2.rTau1.L3","rTau1","4","L3","2",1081.79872773385,NA
"2078","max.2.rTau1.L3","rTau1","4","L3","2",1368.21419951572,NA
"2079","range.2.rTau1.L3","rTau1","4","L3","2",286.41547178187,NA
"2080","slope.2.rTau1.L3","rTau1","4","L3","2",42.8875276588222,NA
"2081","mean.2.rTau2.L3","rTau2","5","L3","2",8494122.2539663,NA
"2082","min.2.rTau2.L3","rTau2","5","L3","2",6074791.23698629,NA
"2083","max.2.rTau2.L3","rTau2","5","L3","2",12589938.6233487,NA
"2084","range.2.rTau2.L3","rTau2","5","L3","2",6515147.38636241,NA
"2085","slope.2.rTau2.L3","rTau2","5","L3","2",563548.180203994,NA
"2086","mean.2.rNPQ.L3","rNPQ","6","L3","2",0.278249673342364,NA
"2087","min.2.rNPQ.L3","rNPQ","6","L3","2",0.17512691067065,NA
"2088","max.2.rNPQ.L3","rNPQ","6","L3","2",0.381320382935437,NA
"2089","range.2.rNPQ.L3","rNPQ","6","L3","2",0.206193472264787,NA
"2090","slope.2.rNPQ.L3","rNPQ","6","L3","2",0.0336533628723523,NA
"2091","mean.2.rqP.L3","rqP","7","L3","2",0.614349035519205,NA
"2092","min.2.rqP.L3","rqP","7","L3","2",0.462704320667295,NA
"2093","max.2.rqP.L3","rqP","7","L3","2",0.760181479157657,NA
"2094","range.2.rqP.L3","rqP","7","L3","2",0.297477158490362,NA
"2095","slope.2.rqP.L3","rqP","7","L3","2",0.0477255102904015,NA
"2096","mean.2.rABQ.L3","rABQ","8","L3","2",0.322292677722878,NA
"2097","min.2.rABQ.L3","rABQ","8","L3","2",0.273633431404422,NA
"2098","max.2.rABQ.L3","rABQ","8","L3","2",0.374770048671825,NA
"2099","range.2.rABQ.L3","rABQ","8","L3","2",0.101136617267403,NA
"2100","slope.2.rABQ.L3","rABQ","8","L3","2",-0.00525514052627523,NA
"2101","mean.2.rqm.L3","rqm","9","L3","2",0.816450521062207,NA
"2102","min.2.rqm.L3","rqm","9","L3","2",0.799608085635837,NA
"2103","max.2.rqm.L3","rqm","9","L3","2",0.824461372597127,NA
"2104","range.2.rqm.L3","rqm","9","L3","2",0.0248532869612901,NA
"2105","slope.2.rqm.L3","rqm","9","L3","2",-0.00162618036159268,NA
"2106","mean.3.rQuant.L3","rQuant","1","L3","3",0.0554710691389304,NA
"2107","min.3.rQuant.L3","rQuant","1","L3","3",0.0507127281045897,NA
"2108","max.3.rQuant.L3","rQuant","1","L3","3",0.0619179024030801,NA
"2109","range.3.rQuant.L3","rQuant","1","L3","3",0.0112051742984904,NA
"2110","slope.3.rQuant.L3","rQuant","1","L3","3",0.000386970963639354,NA
"2111","mean.3.rSigma.L3","rSigma","2","L3","3",3.04788540854916,NA
"2112","min.3.rSigma.L3","rSigma","2","L3","3",2.76449020344855,NA
"2113","max.3.rSigma.L3","rSigma","2","L3","3",3.18807837237002,NA
"2114","range.3.rSigma.L3","rSigma","2","L3","3",0.42358816892147,NA
"2115","slope.3.rSigma.L3","rSigma","2","L3","3",-0.00883062312675838,NA
"2116","mean.3.rConnect.L3","rConnect","3","L3","3",0.391367016843324,NA
"2117","min.3.rConnect.L3","rConnect","3","L3","3",0.2320475340498,NA
"2118","max.3.rConnect.L3","rConnect","3","L3","3",0.569119623178659,NA
"2119","range.3.rConnect.L3","rConnect","3","L3","3",0.337072089128859,NA
"2120","slope.3.rConnect.L3","rConnect","3","L3","3",0.005199991494665,NA
"2121","mean.3.rTau1.L3","rTau1","4","L3","3",1103.7038920541,NA
"2122","min.3.rTau1.L3","rTau1","4","L3","3",741.294154131332,NA
"2123","max.3.rTau1.L3","rTau1","4","L3","3",1501.6606423871,NA
"2124","range.3.rTau1.L3","rTau1","4","L3","3",760.366488255768,NA
"2125","slope.3.rTau1.L3","rTau1","4","L3","3",-22.8502613127284,NA
"2126","mean.3.rTau2.L3","rTau2","5","L3","3",9446469.35431108,NA
"2127","min.3.rTau2.L3","rTau2","5","L3","3",7356983.61399813,NA
"2128","max.3.rTau2.L3","rTau2","5","L3","3",11953940.3510645,NA
"2129","range.3.rTau2.L3","rTau2","5","L3","3",4596956.73706637,NA
"2130","slope.3.rTau2.L3","rTau2","5","L3","3",54883.8077751373,NA
"2131","mean.3.rNPQ.L3","rNPQ","6","L3","3",0.283606688221211,NA
"2132","min.3.rNPQ.L3","rNPQ","6","L3","3",0.183265866384246,NA
"2133","max.3.rNPQ.L3","rNPQ","6","L3","3",0.388601078564991,NA
"2134","range.3.rNPQ.L3","rNPQ","6","L3","3",0.205335212180745,NA
"2135","slope.3.rNPQ.L3","rNPQ","6","L3","3",0.0339866680608874,NA
"2136","mean.3.rqP.L3","rqP","7","L3","3",0.616196019239966,NA
"2137","min.3.rqP.L3","rqP","7","L3","3",0.47256598057231,NA
"2138","max.3.rqP.L3","rqP","7","L3","3",0.75679425851867,NA
"2139","range.3.rqP.L3","rqP","7","L3","3",0.28422827794636,NA
"2140","slope.3.rqP.L3","rqP","7","L3","3",0.04652751726075,NA
"2141","mean.3.rABQ.L3","rABQ","8","L3","3",0.236177248630878,NA
"2142","min.3.rABQ.L3","rABQ","8","L3","3",0.201043849242607,NA
"2143","max.3.rABQ.L3","rABQ","8","L3","3",0.307198194719467,NA
"2144","range.3.rABQ.L3","rABQ","8","L3","3",0.10615434547686,NA
"2145","slope.3.rABQ.L3","rABQ","8","L3","3",0.0022130198314101,NA
"2146","mean.3.rqm.L3","rqm","9","L3","3",0.807868895719013,NA
"2147","min.3.rqm.L3","rqm","9","L3","3",0.785539468625148,NA
"2148","max.3.rqm.L3","rqm","9","L3","3",0.824350015186598,NA
"2149","range.3.rqm.L3","rqm","9","L3","3",0.03881054656145,NA
"2150","slope.3.rqm.L3","rqm","9","L3","3",-0.00134032315805,NA
"2151","mean.4.rQuant.L3","rQuant","1","L3","4",0.0574934299641019,NA
"2152","min.4.rQuant.L3","rQuant","1","L3","4",0.0505869024362201,NA
"2153","max.4.rQuant.L3","rQuant","1","L3","4",0.0647107541687989,NA
"2154","range.4.rQuant.L3","rQuant","1","L3","4",0.0141238517325788,NA
"2155","slope.4.rQuant.L3","rQuant","1","L3","4",0.00101243721971072,NA
"2156","mean.4.rSigma.L3","rSigma","2","L3","4",2.88481286591135,NA
"2157","min.4.rSigma.L3","rSigma","2","L3","4",2.63616022485041,NA
"2158","max.4.rSigma.L3","rSigma","2","L3","4",3.46833654448781,NA
"2159","range.4.rSigma.L3","rSigma","2","L3","4",0.8321763196374,NA
"2160","slope.4.rSigma.L3","rSigma","2","L3","4",0.0111648041749664,NA
"2161","mean.4.rConnect.L3","rConnect","3","L3","4",0.428286168323538,NA
"2162","min.4.rConnect.L3","rConnect","3","L3","4",0.272262367353774,NA
"2163","max.4.rConnect.L3","rConnect","3","L3","4",0.56650127496578,NA
"2164","range.4.rConnect.L3","rConnect","3","L3","4",0.294238907612006,NA
"2165","slope.4.rConnect.L3","rConnect","3","L3","4",0.00461916710435505,NA
"2166","mean.4.rTau1.L3","rTau1","4","L3","4",932.910611445203,NA
"2167","min.4.rTau1.L3","rTau1","4","L3","4",571.23405255003,NA
"2168","max.4.rTau1.L3","rTau1","4","L3","4",1111.93845938322,NA
"2169","range.4.rTau1.L3","rTau1","4","L3","4",540.70440683319,NA
"2170","slope.4.rTau1.L3","rTau1","4","L3","4",-7.4235311046836,NA
"2171","mean.4.rTau2.L3","rTau2","5","L3","4",10809596.8653088,NA
"2172","min.4.rTau2.L3","rTau2","5","L3","4",7478028.82754449,NA
"2173","max.4.rTau2.L3","rTau2","5","L3","4",13576760.5537801,NA
"2174","range.4.rTau2.L3","rTau2","5","L3","4",6098731.72623561,NA
"2175","slope.4.rTau2.L3","rTau2","5","L3","4",63862.7542958495,NA
"2176","mean.4.rNPQ.L3","rNPQ","6","L3","4",0.317502390406608,NA
"2177","min.4.rNPQ.L3","rNPQ","6","L3","4",0.214031489314634,NA
"2178","max.4.rNPQ.L3","rNPQ","6","L3","4",0.430961503653854,NA
"2179","range.4.rNPQ.L3","rNPQ","6","L3","4",0.21693001433922,NA
"2180","slope.4.rNPQ.L3","rNPQ","6","L3","4",0.0341340777899053,NA
"2181","mean.4.rqP.L3","rqP","7","L3","4",0.63510239137091,NA
"2182","min.4.rqP.L3","rqP","7","L3","4",0.499702441295953,NA
"2183","max.4.rqP.L3","rqP","7","L3","4",0.7630823524346,NA
"2184","range.4.rqP.L3","rqP","7","L3","4",0.263379911138647,NA
"2185","slope.4.rqP.L3","rqP","7","L3","4",0.0434132899608795,NA
"2186","mean.4.rABQ.L3","rABQ","8","L3","4",0.206479734980313,NA
"2187","min.4.rABQ.L3","rABQ","8","L3","4",0.0459709305650311,NA
"2188","max.4.rABQ.L3","rABQ","8","L3","4",0.2748761678873,NA
"2189","range.4.rABQ.L3","rABQ","8","L3","4",0.228905237322269,NA
"2190","slope.4.rABQ.L3","rABQ","8","L3","4",-0.00307108252063813,NA
"2191","mean.4.rqm.L3","rqm","9","L3","4",0.798966529546465,NA
"2192","min.4.rqm.L3","rqm","9","L3","4",0.773730189791393,NA
"2193","max.4.rqm.L3","rqm","9","L3","4",0.823116127136658,NA
"2194","range.4.rqm.L3","rqm","9","L3","4",0.0493859373452651,NA
"2195","slope.4.rqm.L3","rqm","9","L3","4",-0.0035401222021691,NA
"2196","mean.1.rQuant.R1","rQuant","1","R1","1",0.189044555820465,NA
"2197","min.1.rQuant.R1","rQuant","1","R1","1",0.176314435556932,NA
"2198","max.1.rQuant.R1","rQuant","1","R1","1",0.198816007180157,NA
"2199","range.1.rQuant.R1","rQuant","1","R1","1",0.022501571623225,NA
"2200","slope.1.rQuant.R1","rQuant","1","R1","1",0.0052535203484773,NA
"2201","mean.1.rSigma.R1","rSigma","2","R1","1",4.80878048129511,NA
"2202","min.1.rSigma.R1","rSigma","2","R1","1",4.42713517192819,NA
"2203","max.1.rSigma.R1","rSigma","2","R1","1",4.96034884572333,NA
"2204","range.1.rSigma.R1","rSigma","2","R1","1",0.533213673795141,NA
"2205","slope.1.rSigma.R1","rSigma","2","R1","1",0.113386535743513,NA
"2206","mean.1.rConnect.R1","rConnect","3","R1","1",0.206469876813698,NA
"2207","min.1.rConnect.R1","rConnect","3","R1","1",0.187708486800558,NA
"2208","max.1.rConnect.R1","rConnect","3","R1","1",0.248450243693131,NA
"2209","range.1.rConnect.R1","rConnect","3","R1","1",0.060741756892573,NA
"2210","slope.1.rConnect.R1","rConnect","3","R1","1",-0.00502774390200841,NA
"2211","mean.1.rTau1.R1","rTau1","4","R1","1",1273.44002839535,NA
"2212","min.1.rTau1.R1","rTau1","4","R1","1",1171.22305450744,NA
"2213","max.1.rTau1.R1","rTau1","4","R1","1",1364.82254387861,NA
"2214","range.1.rTau1.R1","rTau1","4","R1","1",193.59948937117,NA
"2215","slope.1.rTau1.R1","rTau1","4","R1","1",-5.12185482857194,NA
"2216","mean.1.rTau2.R1","rTau2","5","R1","1",2004166.43407154,NA
"2217","min.1.rTau2.R1","rTau2","5","R1","1",1676346.5717876,NA
"2218","max.1.rTau2.R1","rTau2","5","R1","1",2382446.44025775,NA
"2219","range.1.rTau2.R1","rTau2","5","R1","1",706099.86847015,NA
"2220","slope.1.rTau2.R1","rTau2","5","R1","1",-147794.200432591,NA
"2221","mean.1.rNPQ.R1","rNPQ","6","R1","1",0.281487521184232,NA
"2222","min.1.rNPQ.R1","rNPQ","6","R1","1",0.238254586862929,NA
"2223","max.1.rNPQ.R1","rNPQ","6","R1","1",0.356929228047609,NA
"2224","range.1.rNPQ.R1","rNPQ","6","R1","1",0.11867464118468,NA
"2225","slope.1.rNPQ.R1","rNPQ","6","R1","1",-0.0276704145312198,NA
"2226","mean.1.rqP.R1","rqP","7","R1","1",0.933145020473586,NA
"2227","min.1.rqP.R1","rqP","7","R1","1",0.898200177471556,NA
"2228","max.1.rqP.R1","rqP","7","R1","1",1,NA
"2229","range.1.rqP.R1","rqP","7","R1","1",0.101799822528444,NA
"2230","slope.1.rqP.R1","rqP","7","R1","1",-0.0238526360380845,NA
"2231","mean.1.rABQ.R1","rABQ","8","R1","1",-0.0213514257339187,NA
"2232","min.1.rABQ.R1","rABQ","8","R1","1",-0.053543488920641,NA
"2233","max.1.rABQ.R1","rABQ","8","R1","1",0.0597073754242454,NA
"2234","range.1.rABQ.R1","rABQ","8","R1","1",0.113250864344886,NA
"2235","slope.1.rABQ.R1","rABQ","8","R1","1",-0.0240825091499036,NA
"2236","mean.1.rqm.R1","rqm","9","R1","1",0.382518457670164,NA
"2237","min.1.rqm.R1","rqm","9","R1","1",0.350601691645366,NA
"2238","max.1.rqm.R1","rqm","9","R1","1",0.42409920703507,NA
"2239","range.1.rqm.R1","rqm","9","R1","1",0.073497515389704,NA
"2240","slope.1.rqm.R1","rqm","9","R1","1",-0.0171597210687186,NA
"2241","mean.2.rQuant.R1","rQuant","1","R1","2",0.180723390340007,NA
"2242","min.2.rQuant.R1","rQuant","1","R1","2",0.164158608605626,NA
"2243","max.2.rQuant.R1","rQuant","1","R1","2",0.190160455455766,NA
"2244","range.2.rQuant.R1","rQuant","1","R1","2",0.02600184685014,NA
"2245","slope.2.rQuant.R1","rQuant","1","R1","2",0.005854628524881,NA
"2246","mean.2.rSigma.R1","rSigma","2","R1","2",4.67286474057705,NA
"2247","min.2.rSigma.R1","rSigma","2","R1","2",4.28270548793605,NA
"2248","max.2.rSigma.R1","rSigma","2","R1","2",5.02366222123136,NA
"2249","range.2.rSigma.R1","rSigma","2","R1","2",0.74095673329531,NA
"2250","slope.2.rSigma.R1","rSigma","2","R1","2",0.176029936379446,NA
"2251","mean.2.rConnect.R1","rConnect","3","R1","2",0.23451368466101,NA
"2252","min.2.rConnect.R1","rConnect","3","R1","2",0.194599925968863,NA
"2253","max.2.rConnect.R1","rConnect","3","R1","2",0.258266847348109,NA
"2254","range.2.rConnect.R1","rConnect","3","R1","2",0.063666921379246,NA
"2255","slope.2.rConnect.R1","rConnect","3","R1","2",0.0087490670247131,NA
"2256","mean.2.rTau1.R1","rTau1","4","R1","2",1580.29817025348,NA
"2257","min.2.rTau1.R1","rTau1","4","R1","2",1468.93297490168,NA
"2258","max.2.rTau1.R1","rTau1","4","R1","2",1713.52378970063,NA
"2259","range.2.rTau1.R1","rTau1","4","R1","2",244.59081479895,NA
"2260","slope.2.rTau1.R1","rTau1","4","R1","2",41.594002394515,NA
"2261","mean.2.rTau2.R1","rTau2","5","R1","2",2125179.58846024,NA
"2262","min.2.rTau2.R1","rTau2","5","R1","2",1905399.99939478,NA
"2263","max.2.rTau2.R1","rTau2","5","R1","2",2455122.51566168,NA
"2264","range.2.rTau2.R1","rTau2","5","R1","2",549722.5162669,NA
"2265","slope.2.rTau2.R1","rTau2","5","R1","2",-101720.545389876,NA
"2266","mean.2.rNPQ.R1","rNPQ","6","R1","2",0.351766304794184,NA
"2267","min.2.rNPQ.R1","rNPQ","6","R1","2",0.305821895904657,NA
"2268","max.2.rNPQ.R1","rNPQ","6","R1","2",0.435184914155888,NA
"2269","range.2.rNPQ.R1","rNPQ","6","R1","2",0.129363018251231,NA
"2270","slope.2.rNPQ.R1","rNPQ","6","R1","2",-0.0295981011743765,NA
"2271","mean.2.rqP.R1","rqP","7","R1","2",0.942220494208393,NA
"2272","min.2.rqP.R1","rqP","7","R1","2",0.9095243301953,NA
"2273","max.2.rqP.R1","rqP","7","R1","2",1,NA
"2274","range.2.rqP.R1","rqP","7","R1","2",0.0904756698047,NA
"2275","slope.2.rqP.R1","rqP","7","R1","2",-0.0209858283967102,NA
"2276","mean.2.rABQ.R1","rABQ","8","R1","2",-0.00760649616372034,NA
"2277","min.2.rABQ.R1","rABQ","8","R1","2",-0.0832487070918067,NA
"2278","max.2.rABQ.R1","rABQ","8","R1","2",0.0765232656258121,NA
"2279","range.2.rABQ.R1","rABQ","8","R1","2",0.159771972717619,NA
"2280","slope.2.rABQ.R1","rABQ","8","R1","2",-0.0379572098192836,NA
"2281","mean.2.rqm.R1","rqm","9","R1","2",0.366748605085748,NA
"2282","min.2.rqm.R1","rqm","9","R1","2",0.333681304626146,NA
"2283","max.2.rqm.R1","rqm","9","R1","2",0.424791291868084,NA
"2284","range.2.rqm.R1","rqm","9","R1","2",0.091109987241938,NA
"2285","slope.2.rqm.R1","rqm","9","R1","2",-0.0205145093455283,NA
"2286","mean.3.rQuant.R1","rQuant","1","R1","3",0.181795521171863,NA
"2287","min.3.rQuant.R1","rQuant","1","R1","3",0.169653202296322,NA
"2288","max.3.rQuant.R1","rQuant","1","R1","3",0.191551317521359,NA
"2289","range.3.rQuant.R1","rQuant","1","R1","3",0.021898115225037,NA
"2290","slope.3.rQuant.R1","rQuant","1","R1","3",0.0053400221216511,NA
"2291","mean.3.rSigma.R1","rSigma","2","R1","3",4.21172327260204,NA
"2292","min.3.rSigma.R1","rSigma","2","R1","3",3.94955542329603,NA
"2293","max.3.rSigma.R1","rSigma","2","R1","3",4.33291141741525,NA
"2294","range.3.rSigma.R1","rSigma","2","R1","3",0.38335599411922,NA
"2295","slope.3.rSigma.R1","rSigma","2","R1","3",0.0826449262797031,NA
"2296","mean.3.rConnect.R1","rConnect","3","R1","3",0.232075836655945,NA
"2297","min.3.rConnect.R1","rConnect","3","R1","3",0.20826743180399,NA
"2298","max.3.rConnect.R1","rConnect","3","R1","3",0.261713550925087,NA
"2299","range.3.rConnect.R1","rConnect","3","R1","3",0.053446119121097,NA
"2300","slope.3.rConnect.R1","rConnect","3","R1","3",-0.0078518945890297,NA
"2301","mean.3.rTau1.R1","rTau1","4","R1","3",1193.51825266435,NA
"2302","min.3.rTau1.R1","rTau1","4","R1","3",1148.1409256548,NA
"2303","max.3.rTau1.R1","rTau1","4","R1","3",1220.591054624,NA
"2304","range.3.rTau1.R1","rTau1","4","R1","3",72.4501289692,NA
"2305","slope.3.rTau1.R1","rTau1","4","R1","3",14.96758503196,NA
"2306","mean.3.rTau2.R1","rTau2","5","R1","3",2173771.74485443,NA
"2307","min.3.rTau2.R1","rTau2","5","R1","3",1822165.44087849,NA
"2308","max.3.rTau2.R1","rTau2","5","R1","3",2571816.49756573,NA
"2309","range.3.rTau2.R1","rTau2","5","R1","3",749651.05668724,NA
"2310","slope.3.rTau2.R1","rTau2","5","R1","3",-122936.232202432,NA
"2311","mean.3.rNPQ.R1","rNPQ","6","R1","3",0.367027159623173,NA
"2312","min.3.rNPQ.R1","rNPQ","6","R1","3",0.319814589936567,NA
"2313","max.3.rNPQ.R1","rNPQ","6","R1","3",0.444794271935855,NA
"2314","range.3.rNPQ.R1","rNPQ","6","R1","3",0.124979681999288,NA
"2315","slope.3.rNPQ.R1","rNPQ","6","R1","3",-0.0285001301173048,NA
"2316","mean.3.rqP.R1","rqP","7","R1","3",0.943052298916841,NA
"2317","min.3.rqP.R1","rqP","7","R1","3",0.911045554449194,NA
"2318","max.3.rqP.R1","rqP","7","R1","3",1,NA
"2319","range.3.rqP.R1","rqP","7","R1","3",0.088954445550806,NA
"2320","slope.3.rqP.R1","rqP","7","R1","3",-0.0197862936550739,NA
"2321","mean.3.rABQ.R1","rABQ","8","R1","3",-0.0554891758924756,NA
"2322","min.3.rABQ.R1","rABQ","8","R1","3",-0.0858598262932111,NA
"2323","max.3.rABQ.R1","rABQ","8","R1","3",0.0102120369601313,NA
"2324","range.3.rABQ.R1","rABQ","8","R1","3",0.0960718632533424,NA
"2325","slope.3.rABQ.R1","rABQ","8","R1","3",-0.020711433179409,NA
"2326","mean.3.rqm.R1","rqm","9","R1","3",0.370328086725587,NA
"2327","min.3.rqm.R1","rqm","9","R1","3",0.336537645061761,NA
"2328","max.3.rqm.R1","rqm","9","R1","3",0.412384552741171,NA
"2329","range.3.rqm.R1","rqm","9","R1","3",0.07584690767941,NA
"2330","slope.3.rqm.R1","rqm","9","R1","3",-0.0184958459074962,NA
"2331","mean.4.rQuant.R1","rQuant","1","R1","4",0.183814426085257,NA
"2332","min.4.rQuant.R1","rQuant","1","R1","4",0.171079977488103,NA
"2333","max.4.rQuant.R1","rQuant","1","R1","4",0.196433963788376,NA
"2334","range.4.rQuant.R1","rQuant","1","R1","4",0.025353986300273,NA
"2335","slope.4.rQuant.R1","rQuant","1","R1","4",0.00639677607994851,NA
"2336","mean.4.rSigma.R1","rSigma","2","R1","4",3.90686564173517,NA
"2337","min.4.rSigma.R1","rSigma","2","R1","4",3.68301929558548,NA
"2338","max.4.rSigma.R1","rSigma","2","R1","4",4.08396143344685,NA
"2339","range.4.rSigma.R1","rSigma","2","R1","4",0.40094213786137,NA
"2340","slope.4.rSigma.R1","rSigma","2","R1","4",0.0926058688113881,NA
"2341","mean.4.rConnect.R1","rConnect","3","R1","4",0.270449138293366,NA
"2342","min.4.rConnect.R1","rConnect","3","R1","4",0.20535316504216,NA
"2343","max.4.rConnect.R1","rConnect","3","R1","4",0.347871366697419,NA
"2344","range.4.rConnect.R1","rConnect","3","R1","4",0.142518201655259,NA
"2345","slope.4.rConnect.R1","rConnect","3","R1","4",-0.0242163281417667,NA
"2346","mean.4.rTau1.R1","rTau1","4","R1","4",994.576256930881,NA
"2347","min.4.rTau1.R1","rTau1","4","R1","4",861.14451879591,NA
"2348","max.4.rTau1.R1","rTau1","4","R1","4",1116.27914158147,NA
"2349","range.4.rTau1.R1","rTau1","4","R1","4",255.13462278556,NA
"2350","slope.4.rTau1.R1","rTau1","4","R1","4",48.2562857511841,NA
"2351","mean.4.rTau2.R1","rTau2","5","R1","4",2276197.02111529,NA
"2352","min.4.rTau2.R1","rTau2","5","R1","4",1993708.79314161,NA
"2353","max.4.rTau2.R1","rTau2","5","R1","4",2722877.25249934,NA
"2354","range.4.rTau2.R1","rTau2","5","R1","4",729168.45935773,NA
"2355","slope.4.rTau2.R1","rTau2","5","R1","4",-157156.712401099,NA
"2356","mean.4.rNPQ.R1","rNPQ","6","R1","4",0.41545807152099,NA
"2357","min.4.rNPQ.R1","rNPQ","6","R1","4",0.368864407643605,NA
"2358","max.4.rNPQ.R1","rNPQ","6","R1","4",0.493557316616937,NA
"2359","range.4.rNPQ.R1","rNPQ","6","R1","4",0.124692908973332,NA
"2360","slope.4.rNPQ.R1","rNPQ","6","R1","4",-0.029308573786426,NA
"2361","mean.4.rqP.R1","rqP","7","R1","4",0.95061010358413,NA
"2362","min.4.rqP.R1","rqP","7","R1","4",0.928013918485804,NA
"2363","max.4.rqP.R1","rqP","7","R1","4",1,NA
"2364","range.4.rqP.R1","rqP","7","R1","4",0.0719860815141961,NA
"2365","slope.4.rqP.R1","rqP","7","R1","4",-0.0163371963699996,NA
"2366","mean.4.rABQ.R1","rABQ","8","R1","4",-0.074654476226007,NA
"2367","min.4.rABQ.R1","rABQ","8","R1","4",-0.12336789581502,NA
"2368","max.4.rABQ.R1","rABQ","8","R1","4",-0.0130814660597898,NA
"2369","range.4.rABQ.R1","rABQ","8","R1","4",0.11028642975523,NA
"2370","slope.4.rABQ.R1","rABQ","8","R1","4",-0.025472929086642,NA
"2371","mean.4.rqm.R1","rqm","9","R1","4",0.35726826494059,NA
"2372","min.4.rqm.R1","rqm","9","R1","4",0.313142362875584,NA
"2373","max.4.rqm.R1","rqm","9","R1","4",0.401795968321592,NA
"2374","range.4.rqm.R1","rqm","9","R1","4",0.088653605446008,NA
"2375","slope.4.rqm.R1","rqm","9","R1","4",-0.022367183448076,NA
"2376","mean.All.rQuant.All","rQuant","1","All","All",0.101912111617979,NA
"2377","min.All.rQuant.All","rQuant","1","All","All",0.0392006629411054,NA
"2378","max.All.rQuant.All","rQuant","1","All","All",0.306154180912317,NA
"2379","range.All.rQuant.All","rQuant","1","All","All",0.266953517971212,NA
"2380","slope.All.rQuant.All","rQuant","1","All","All",0.00224993259932789,NA
"2381","mean.All.rSigma.All","rSigma","2","All","All",3.61152192749194,NA
"2382","min.All.rSigma.All","rSigma","2","All","All",2.35964450543474,NA
"2383","max.All.rSigma.All","rSigma","2","All","All",5.02366222123136,NA
"2384","range.All.rSigma.All","rSigma","2","All","All",2.66401771579662,NA
"2385","slope.All.rSigma.All","rSigma","2","All","All",0.0354956139348943,NA
"2386","mean.All.rConnect.All","rConnect","3","All","All",0.330067810833123,NA
"2387","min.All.rConnect.All","rConnect","3","All","All",0.163158981336245,NA
"2388","max.All.rConnect.All","rConnect","3","All","All",0.588237968885674,NA
"2389","range.All.rConnect.All","rConnect","3","All","All",0.425078987549429,NA
"2390","slope.All.rConnect.All","rConnect","3","All","All",-0.00437068995707308,NA
"2391","mean.All.rTau1.All","rTau1","4","All","All",1268.09112074925,NA
"2392","min.All.rTau1.All","rTau1","4","All","All",513.48092977157,NA
"2393","max.All.rTau1.All","rTau1","4","All","All",4085.62489863787,NA
"2394","range.All.rTau1.All","rTau1","4","All","All",3572.1439688663,NA
"2395","slope.All.rTau1.All","rTau1","4","All","All",-9.87192637921293,NA
"2396","mean.All.rTau2.All","rTau2","5","All","All",6333902.394676,NA
"2397","min.All.rTau2.All","rTau2","5","All","All",1676346.5717876,NA
"2398","max.All.rTau2.All","rTau2","5","All","All",13767868.8492984,NA
"2399","range.All.rTau2.All","rTau2","5","All","All",12091522.2775108,NA
"2400","slope.All.rTau2.All","rTau2","5","All","All",-85603.9333994271,NA
"2401","mean.All.rNPQ.All","rNPQ","6","All","All",0.283819711995744,NA
"2402","min.All.rNPQ.All","rNPQ","6","All","All",0.025896654399455,NA
"2403","max.All.rNPQ.All","rNPQ","6","All","All",0.730966082605819,NA
"2404","range.All.rNPQ.All","rNPQ","6","All","All",0.705069428206364,NA
"2405","slope.All.rNPQ.All","rNPQ","6","All","All",0.00287172015816464,NA
"2406","mean.All.rqP.All","rqP","7","All","All",0.695051814365176,NA
"2407","min.All.rqP.All","rqP","7","All","All",0.185153666038155,NA
"2408","max.All.rqP.All","rqP","7","All","All",1.39049151655284,NA
"2409","range.All.rqP.All","rqP","7","All","All",1.20533785051469,NA
"2410","slope.All.rqP.All","rqP","7","All","All",0.0101135301064867,NA
"2411","mean.All.rABQ.All","rABQ","8","All","All",0.14493193018194,NA
"2412","min.All.rABQ.All","rABQ","8","All","All",-0.12336789581502,NA
"2413","max.All.rABQ.All","rABQ","8","All","All",0.491191535747413,NA
"2414","range.All.rABQ.All","rABQ","8","All","All",0.614559431562433,NA
"2415","slope.All.rABQ.All","rABQ","8","All","All",-0.00826436016948163,NA
"2416","mean.All.rqm.All","rqm","9","All","All",0.650326686712602,NA
"2417","min.All.rqm.All","rqm","9","All","All",0,NA
"2418","max.All.rqm.All","rqm","9","All","All",0.862929637002868,NA
"2419","range.All.rqm.All","rqm","9","All","All",0.862929637002868,NA
"2420","slope.All.rqm.All","rqm","9","All","All",-0.00772451961517042,NA
"2421","mean.All.rQuant.L1","rQuant","1","L1","All",0.0526585301451871,NA
"2422","min.All.rQuant.L1","rQuant","1","L1","All",0.0392006629411054,NA
"2423","max.All.rQuant.L1","rQuant","1","L1","All",0.0695454186821615,NA
"2424","range.All.rQuant.L1","rQuant","1","L1","All",0.0303447557410561,NA
"2425","slope.All.rQuant.L1","rQuant","1","L1","All",0.00333634233282856,NA
"2426","mean.All.rSigma.L1","rSigma","2","L1","All",3.047412739423,NA
"2427","min.All.rSigma.L1","rSigma","2","L1","All",2.35964450543474,NA
"2428","max.All.rSigma.L1","rSigma","2","L1","All",3.72988683710807,NA
"2429","range.All.rSigma.L1","rSigma","2","L1","All",1.37024233167333,NA
"2430","slope.All.rSigma.L1","rSigma","2","L1","All",0.136263466235203,NA
"2431","mean.All.rConnect.L1","rConnect","3","L1","All",0.403345094278478,NA
"2432","min.All.rConnect.L1","rConnect","3","L1","All",0.23468175762823,NA
"2433","max.All.rConnect.L1","rConnect","3","L1","All",0.588237968885674,NA
"2434","range.All.rConnect.L1","rConnect","3","L1","All",0.353556211257444,NA
"2435","slope.All.rConnect.L1","rConnect","3","L1","All",-0.0190523223624015,NA
"2436","mean.All.rTau1.L1","rTau1","4","L1","All",1480.92908986463,NA
"2437","min.All.rTau1.L1","rTau1","4","L1","All",858.34186616746,NA
"2438","max.All.rTau1.L1","rTau1","4","L1","All",4085.62489863787,NA
"2439","range.All.rTau1.L1","rTau1","4","L1","All",3227.28303247041,NA
"2440","slope.All.rTau1.L1","rTau1","4","L1","All",-191.848666911571,NA
"2441","mean.All.rTau2.L1","rTau2","5","L1","All",8418073.72554273,NA
"2442","min.All.rTau2.L1","rTau2","5","L1","All",4848929.1380614,NA
"2443","max.All.rTau2.L1","rTau2","5","L1","All",13767868.8492984,NA
"2444","range.All.rTau2.L1","rTau2","5","L1","All",8918939.711237,NA
"2445","slope.All.rTau2.L1","rTau2","5","L1","All",791086.10513926,NA
"2446","mean.All.rNPQ.L1","rNPQ","6","L1","All",0.214401432590166,NA
"2447","min.All.rNPQ.L1","rNPQ","6","L1","All",0.025896654399455,NA
"2448","max.All.rNPQ.L1","rNPQ","6","L1","All",0.351622377380335,NA
"2449","range.All.rNPQ.L1","rNPQ","6","L1","All",0.32572572298088,NA
"2450","slope.All.rNPQ.L1","rNPQ","6","L1","All",0.041744284632034,NA
"2451","mean.All.rqP.L1","rqP","7","L1","All",0.508769531220738,NA
"2452","min.All.rqP.L1","rqP","7","L1","All",0.185153666038155,NA
"2453","max.All.rqP.L1","rqP","7","L1","All",0.696637430880775,NA
"2454","range.All.rqP.L1","rqP","7","L1","All",0.51148376484262,NA
"2455","slope.All.rqP.L1","rqP","7","L1","All",0.0728760989190313,NA
"2456","mean.All.rABQ.L1","rABQ","8","L1","All",0.275368637426145,NA
"2457","min.All.rABQ.L1","rABQ","8","L1","All",0.0313674808036903,NA
"2458","max.All.rABQ.L1","rABQ","8","L1","All",0.491191535747413,NA
"2459","range.All.rABQ.L1","rABQ","8","L1","All",0.459824054943723,NA
"2460","slope.All.rABQ.L1","rABQ","8","L1","All",-0.032198656195966,NA
"2461","mean.All.rqm.L1","rqm","9","L1","All",0.819353744657546,NA
"2462","min.All.rqm.L1","rqm","9","L1","All",0.764368122692219,NA
"2463","max.All.rqm.L1","rqm","9","L1","All",0.862929637002868,NA
"2464","range.All.rqm.L1","rqm","9","L1","All",0.098561514310649,NA
"2465","slope.All.rqm.L1","rqm","9","L1","All",-0.011450407386868,NA
"2466","mean.All.rQuant.L2","rQuant","1","L2","All",0.113794141975296,NA
"2467","min.All.rQuant.L2","rQuant","1","L2","All",0.089545869004022,NA
"2468","max.All.rQuant.L2","rQuant","1","L2","All",0.128120169481711,NA
"2469","range.All.rQuant.L2","rQuant","1","L2","All",0.038574300477689,NA
"2470","slope.All.rQuant.L2","rQuant","1","L2","All",0.00644408972894808,NA
"2471","mean.All.rSigma.L2","rSigma","2","L2","All",4.06760111492517,NA
"2472","min.All.rSigma.L2","rSigma","2","L2","All",3.36471418084241,NA
"2473","max.All.rSigma.L2","rSigma","2","L2","All",4.79024146955754,NA
"2474","range.All.rSigma.L2","rSigma","2","L2","All",1.42552728871513,NA
"2475","slope.All.rSigma.L2","rSigma","2","L2","All",0.0891500088227732,NA
"2476","mean.All.rConnect.L2","rConnect","3","L2","All",0.25594904388383,NA
"2477","min.All.rConnect.L2","rConnect","3","L2","All",0.163158981336245,NA
"2478","max.All.rConnect.L2","rConnect","3","L2","All",0.405955128946528,NA
"2479","range.All.rConnect.L2","rConnect","3","L2","All",0.242796147610283,NA
"2480","slope.All.rConnect.L2","rConnect","3","L2","All",0.0081657093207941,NA
"2481","mean.All.rTau1.L2","rTau1","4","L2","All",1291.03983782085,NA
"2482","min.All.rTau1.L2","rTau1","4","L2","All",912.347034838383,NA
"2483","max.All.rTau1.L2","rTau1","4","L2","All",1673.3189740356,NA
"2484","range.All.rTau1.L2","rTau1","4","L2","All",760.971939197217,NA
"2485","slope.All.rTau1.L2","rTau1","4","L2","All",-0.609135171052452,NA
"2486","mean.All.rTau2.L2","rTau2","5","L2","All",4215036.27925228,NA
"2487","min.All.rTau2.L2","rTau2","5","L2","All",3104733.46337911,NA
"2488","max.All.rTau2.L2","rTau2","5","L2","All",5310565.06068789,NA
"2489","range.All.rTau2.L2","rTau2","5","L2","All",2205831.59730878,NA
"2490","slope.All.rTau2.L2","rTau2","5","L2","All",-272878.829413732,NA
"2491","mean.All.rNPQ.L2","rNPQ","6","L2","All",0.262455463920243,NA
"2492","min.All.rNPQ.L2","rNPQ","6","L2","All",0.155368521085802,NA
"2493","max.All.rNPQ.L2","rNPQ","6","L2","All",0.367686688919836,NA
"2494","range.All.rNPQ.L2","rNPQ","6","L2","All",0.212318167834034,NA
"2495","slope.All.rNPQ.L2","rNPQ","6","L2","All",-0.0191505252865027,NA
"2496","mean.All.rqP.L2","rqP","7","L2","All",0.705595002250666,NA
"2497","min.All.rqP.L2","rqP","7","L2","All",0.624376718520179,NA
"2498","max.All.rqP.L2","rqP","7","L2","All",0.765479980097078,NA
"2499","range.All.rqP.L2","rqP","7","L2","All",0.141103261576899,NA
"2500","slope.All.rqP.L2","rqP","7","L2","All",-0.0132034710206541,NA
"2501","mean.All.rABQ.L2","rABQ","8","L2","All",0.038830400331031,NA
"2502","min.All.rABQ.L2","rABQ","8","L2","All",-0.0594930663276327,NA
"2503","max.All.rABQ.L2","rABQ","8","L2","All",0.164704788867629,NA
"2504","range.All.rABQ.L2","rABQ","8","L2","All",0.224197855195262,NA
"2505","slope.All.rABQ.L2","rABQ","8","L2","All",-0.0208197837563514,NA
"2506","mean.All.rqm.L2","rqm","9","L2","All",0.609488966801136,NA
"2507","min.All.rqm.L2","rqm","9","L2","All",0.553937850495189,NA
"2508","max.All.rqm.L2","rqm","9","L2","All",0.689846491827053,NA
"2509","range.All.rqm.L2","rqm","9","L2","All",0.135908641331864,NA
"2510","slope.All.rqm.L2","rqm","9","L2","All",-0.0221383054133977,NA
"2511","mean.All.rQuant.L3","rQuant","1","L3","All",0.0553651445841901,NA
"2512","min.All.rQuant.L3","rQuant","1","L3","All",0.0500969064334617,NA
"2513","max.All.rQuant.L3","rQuant","1","L3","All",0.0652158766792738,NA
"2514","range.All.rQuant.L3","rQuant","1","L3","All",0.0151189702458121,NA
"2515","slope.All.rQuant.L3","rQuant","1","L3","All",0.000810225348113439,NA
"2516","mean.All.rSigma.L3","rSigma","2","L3","All",3.13126850427453,NA
"2517","min.All.rSigma.L3","rSigma","2","L3","All",2.63616022485041,NA
"2518","max.All.rSigma.L3","rSigma","2","L3","All",3.70883782895812,NA
"2519","range.All.rSigma.L3","rSigma","2","L3","All",1.07267760410771,NA
"2520","slope.All.rSigma.L3","rSigma","2","L3","All",0.0163779263148844,NA
"2521","mean.All.rConnect.L3","rConnect","3","L3","All",0.391322253262222,NA
"2522","min.All.rConnect.L3","rConnect","3","L3","All",0.2320475340498,NA
"2523","max.All.rConnect.L3","rConnect","3","L3","All",0.569119623178659,NA
"2524","range.All.rConnect.L3","rConnect","3","L3","All",0.337072089128859,NA
"2525","slope.All.rConnect.L3","rConnect","3","L3","All",0.00321928301827659,NA
"2526","mean.All.rTau1.L3","rTau1","4","L3","All",1128.76485096919,NA
"2527","min.All.rTau1.L3","rTau1","4","L3","All",571.23405255003,NA
"2528","max.All.rTau1.L3","rTau1","4","L3","All",1661.20340457238,NA
"2529","range.All.rTau1.L3","rTau1","4","L3","All",1089.96935202235,NA
"2530","slope.All.rTau1.L3","rTau1","4","L3","All",-4.37597839074411,NA
"2531","mean.All.rTau2.L3","rTau2","5","L3","All",9703761.0035056,NA
"2532","min.All.rTau2.L3","rTau2","5","L3","All",6074791.23698629,NA
"2533","max.All.rTau2.L3","rTau2","5","L3","All",13576760.5537801,NA
"2534","range.All.rTau2.L3","rTau2","5","L3","All",7501969.31679381,NA
"2535","slope.All.rTau2.L3","rTau2","5","L3","All",281187.491724371,NA
"2536","mean.All.rNPQ.L3","rNPQ","6","L3","All",0.270360632812268,NA
"2537","min.All.rNPQ.L3","rNPQ","6","L3","All",0.114543357999622,NA
"2538","max.All.rNPQ.L3","rNPQ","6","L3","All",0.430961503653854,NA
"2539","range.All.rNPQ.L3","rNPQ","6","L3","All",0.316418145654232,NA
"2540","slope.All.rNPQ.L3","rNPQ","6","L3","All",0.0326515312795561,NA
"2541","mean.All.rqP.L3","rqP","7","L3","All",0.601831832022355,NA
"2542","min.All.rqP.L3","rqP","7","L3","All",0.378589179695403,NA
"2543","max.All.rqP.L3","rqP","7","L3","All",0.7630823524346,NA
"2544","range.All.rqP.L3","rqP","7","L3","All",0.384493172739197,NA
"2545","slope.All.rqP.L3","rqP","7","L3","All",0.0471440489407528,NA
"2546","mean.All.rABQ.L3","rABQ","8","L3","All",0.258077755468771,NA
"2547","min.All.rABQ.L3","rABQ","8","L3","All",0.0459709305650311,NA
"2548","max.All.rABQ.L3","rABQ","8","L3","All",0.374770048671825,NA
"2549","range.All.rABQ.L3","rABQ","8","L3","All",0.328799118106794,NA
"2550","slope.All.rABQ.L3","rABQ","8","L3","All",-0.00358884991479276,NA
"2551","mean.All.rqm.L3","rqm","9","L3","All",0.810000653298629,NA
"2552","min.All.rqm.L3","rqm","9","L3","All",0.773730189791393,NA
"2553","max.All.rqm.L3","rqm","9","L3","All",0.832517703453687,NA
"2554","range.All.rqm.L3","rqm","9","L3","All",0.0587875136622941,NA
"2555","slope.All.rqm.L3","rqm","9","L3","All",-0.00275141501618803,NA
"2556","mean.All.rQuant.R1","rQuant","1","R1","All",0.183844473354398,NA
"2557","min.All.rQuant.R1","rQuant","1","R1","All",0.164158608605626,NA
"2558","max.All.rQuant.R1","rQuant","1","R1","All",0.198816007180157,NA
"2559","range.All.rQuant.R1","rQuant","1","R1","All",0.034657398574531,NA
"2560","slope.All.rQuant.R1","rQuant","1","R1","All",0.00571123676873947,NA
"2561","mean.All.rSigma.R1","rSigma","2","R1","All",4.40005853405234,NA
"2562","min.All.rSigma.R1","rSigma","2","R1","All",3.68301929558548,NA
"2563","max.All.rSigma.R1","rSigma","2","R1","All",5.02366222123136,NA
"2564","range.All.rSigma.R1","rSigma","2","R1","All",1.34064292564588,NA
"2565","slope.All.rSigma.R1","rSigma","2","R1","All",0.116166816803512,NA
"2566","mean.All.rConnect.R1","rConnect","3","R1","All",0.235877134106005,NA
"2567","min.All.rConnect.R1","rConnect","3","R1","All",0.187708486800558,NA
"2568","max.All.rConnect.R1","rConnect","3","R1","All",0.347871366697419,NA
"2569","range.All.rConnect.R1","rConnect","3","R1","All",0.160162879896861,NA
"2570","slope.All.rConnect.R1","rConnect","3","R1","All",-0.00708672490202294,NA
"2571","mean.All.rTau1.R1","rTau1","4","R1","All",1260.45817706101,NA
"2572","min.All.rTau1.R1","rTau1","4","R1","All",861.14451879591,NA
"2573","max.All.rTau1.R1","rTau1","4","R1","All",1713.52378970063,NA
"2574","range.All.rTau1.R1","rTau1","4","R1","All",852.37927090472,NA
"2575","slope.All.rTau1.R1","rTau1","4","R1","All",24.9240045872718,NA
"2576","mean.All.rTau2.R1","rTau2","5","R1","All",2144828.69712538,NA
"2577","min.All.rTau2.R1","rTau2","5","R1","All",1676346.5717876,NA
"2578","max.All.rTau2.R1","rTau2","5","R1","All",2722877.25249934,NA
"2579","range.All.rTau2.R1","rTau2","5","R1","All",1046530.68071174,NA
"2580","slope.All.rTau2.R1","rTau2","5","R1","All",-132401.922606499,NA
"2581","mean.All.rNPQ.R1","rNPQ","6","R1","All",0.353934764280645,NA
"2582","min.All.rNPQ.R1","rNPQ","6","R1","All",0.238254586862929,NA
"2583","max.All.rNPQ.R1","rNPQ","6","R1","All",0.493557316616937,NA
"2584","range.All.rNPQ.R1","rNPQ","6","R1","All",0.255302729754008,NA
"2585","slope.All.rNPQ.R1","rNPQ","6","R1","All",-0.0287693049023318,NA
"2586","mean.All.rqP.R1","rqP","7","R1","All",0.942256979295737,NA
"2587","min.All.rqP.R1","rqP","7","R1","All",0.898200177471556,NA
"2588","max.All.rqP.R1","rqP","7","R1","All",1,NA
"2589","range.All.rqP.R1","rqP","7","R1","All",0.101799822528444,NA
"2590","slope.All.rqP.R1","rqP","7","R1","All",-0.020240488614967,NA
"2591","mean.All.rABQ.R1","rABQ","8","R1","All",-0.0397753935040304,NA
"2592","min.All.rABQ.R1","rABQ","8","R1","All",-0.12336789581502,NA
"2593","max.All.rABQ.R1","rABQ","8","R1","All",0.0765232656258121,NA
"2594","range.All.rABQ.R1","rABQ","8","R1","All",0.199891161440832,NA
"2595","slope.All.rABQ.R1","rABQ","8","R1","All",-0.0270560203088095,NA
"2596","mean.All.rqm.R1","rqm","9","R1","All",0.369215853605522,NA
"2597","min.All.rqm.R1","rqm","9","R1","All",0.313142362875584,NA
"2598","max.All.rqm.R1","rqm","9","R1","All",0.424791291868084,NA
"2599","range.All.rqm.R1","rqm","9","R1","All",0.1116489289925,NA
"2600","slope.All.rqm.R1","rqm","9","R1","All",-0.0196343149424548,NA
"2601","DCompL1.qQuant.1","qQuant","99","99","1",0.840769825087795,NA
"2602","DCompL12.qQuant.1","qQuant","99","99","1",0.77284184565136,NA
"2603","DCompL2.qQuant.1","qQuant","99","99","1",0.684740189154417,NA
"2604","DCompL22.qQuant.1","qQuant","99","99","1",0.581517491938466,NA
"2605","DCompL3.qQuant.1","qQuant","99","99","1",0.832517703453686,NA
"2606","DCompL32.qQuant.1","qQuant","99","99","1",0.811723714510945,NA
"2607","DCompR1.qQuant.1","qQuant","99","99","1",0.42409920703507,NA
"2608","DCompR12.qQuant.1","qQuant","99","99","1",0.350601691645367,NA
"2609","L1CompL2.qQuant.1","qQuant","99","99","1",-0.979899921729088,NA
"2610","L1CompL22.qQuant.1","qQuant","99","99","1",-1.62816082625215,NA
"2611","L1CompL3.qQuant.1","qQuant","99","99","1",-0.0518251119089634,NA
"2612","L1CompL32.qQuant.1","qQuant","99","99","1",-0.182415868053062,NA
"2613","L1CompR1.qQuant.1","qQuant","99","99","1",-2.61678176440154,NA
"2614","L1CompR12.qQuant.1","qQuant","99","99","1",-3.07836208628606,NA
"2615","L12CompL2.qQuant.1","qQuant","99","99","1",-0.387842808238906,NA
"2616","L12CompL22.qQuant.1","qQuant","99","99","1",-0.842251753019844,NA
"2617","L12CompL3.qQuant.1","qQuant","99","99","1",0.262706210012327,NA
"2618","L12CompL32.qQuant.1","qQuant","99","99","1",0.171166511592223,NA
"2619","L12CompR1.qQuant.1","qQuant","99","99","1",-1.535241557215,NA
"2620","L12CompR12.qQuant.1","qQuant","99","99","1",-1.85879373433341,NA
"2621","L2CompL3.qQuant.1","qQuant","99","99","1",0.468748344113079,NA
"2622","L2CompL32.qQuant.1","qQuant","99","99","1",0.402790082934882,NA
"2623","L2CompR1.qQuant.1","qQuant","99","99","1",-0.826749789071627,NA
"2624","L2CompR12.qQuant.1","qQuant","99","99","1",-1.05988294737864,NA
"2625","L22CompL3.qQuant.1","qQuant","99","99","1",0.599786625916305,NA
"2626","L22CompL32.qQuant.1","qQuant","99","99","1",0.550097598197889,NA
"2627","L22CompR1.qQuant.1","qQuant","99","99","1",-0.376164551375345,NA
"2628","L22CompR12.qQuant.1","qQuant","99","99","1",-0.551793195282478,NA
"2629","L3CompR1.qQuant.1","qQuant","99","99","1",-2.4385771203327,NA
"2630","L3CompR12.qQuant.1","qQuant","99","99","1",-2.87741463871709,NA
"2631","L32CompR1.qQuant.1","qQuant","99","99","1",-2.05880685647162,NA
"2632","L32CompR12.qQuant.1","qQuant","99","99","1",-2.44917739729034,NA
"2633","DCompL1.qSigma.1","qSigma","99","99","1",0.404552515470404,NA
"2634","DCompL12.qSigma.1","qSigma","99","99","1",0.207798057381791,NA
"2635","DCompL2.qSigma.1","qSigma","99","99","1",0.0492309477451136,NA
"2636","DCompL22.qSigma.1","qSigma","99","99","1",-0.00259905120503892,NA
"2637","DCompL3.qSigma.1","qSigma","99","99","1",0.321753784840814,NA
"2638","DCompL32.qSigma.1","qSigma","99","99","1",0.25802483601851,NA
"2639","DCompR1.qSigma.1","qSigma","99","99","1",0.059707375424245,NA
"2640","DCompR12.qSigma.1","qSigma","99","99","1",-0.0454167287286222,NA
"2641","L1CompL2.qSigma.1","qSigma","99","99","1",-0.596730319561253,NA
"2642","L1CompL22.qSigma.1","qSigma","99","99","1",-0.683774098058526,NA
"2643","L1CompL3.qSigma.1","qSigma","99","99","1",-0.139052952243136,NA
"2644","L1CompL32.qSigma.1","qSigma","99","99","1",-0.246079936953047,NA
"2645","L1CompR1.qSigma.1","qSigma","99","99","1",-0.579136110245871,NA
"2646","L1CompR12.qSigma.1","qSigma","99","99","1",-0.755682500790984,NA
"2647","L12CompL2.qSigma.1","qSigma","99","99","1",-0.200159960618901,NA
"2648","L12CompL22.qSigma.1","qSigma","99","99","1",-0.265585196485978,NA
"2649","L12CompL3.qSigma.1","qSigma","99","99","1",0.143846816485203,NA
"2650","L12CompL32.qSigma.1","qSigma","99","99","1",0.0634014838069196,NA
"2651","L12CompR1.qSigma.1","qSigma","99","99","1",-0.186935519834892,NA
"2652","L12CompR12.qSigma.1","qSigma","99","99","1",-0.319634139337686,NA
"2653","L2CompL3.qSigma.1","qSigma","99","99","1",0.286634105779288,NA
"2654","L2CompL32.qSigma.1","qSigma","99","99","1",0.219605263526628,NA
"2655","L2CompR1.qSigma.1","qSigma","99","99","1",0.0110188984951551,NA
"2656","L2CompR12.qSigma.1","qSigma","99","99","1",-0.0995485457264992,NA
"2657","L22CompL3.qSigma.1","qSigma","99","99","1",0.323512011761839,NA
"2658","L22CompL32.qSigma.1","qSigma","99","99","1",0.259948268363411,NA
"2659","L22CompR1.qSigma.1","qSigma","99","99","1",0.0621449088291046,NA
"2660","L22CompR12.qSigma.1","qSigma","99","99","1",-0.0427066806737151,NA
"2661","L3CompR1.qSigma.1","qSigma","99","99","1",-0.386358823034592,NA
"2662","L3CompR12.qSigma.1","qSigma","99","99","1",-0.541352838192044,NA
"2663","L32CompR1.qSigma.1","qSigma","99","99","1",-0.267283152080293,NA
"2664","L32CompR12.qSigma.1","qSigma","99","99","1",-0.408964584634941,NA
"2665","DCompL1.qConnect.1","qConnect","99","99","1",-1.25354953916007,NA
"2666","DCompL12.qConnect.1","qConnect","99","99","1",-0.417575108233833,NA
"2667","DCompL2.qConnect.1","qConnect","99","99","1",0.191689682639975,NA
"2668","DCompL22.qConnect.1","qConnect","99","99","1",0.0848890139996019,NA
"2669","DCompL3.qConnect.1","qConnect","99","99","1",-0.783986307311433,NA
"2670","DCompL32.qConnect.1","qConnect","99","99","1",-0.190725532665001,NA
"2671","DCompR1.qConnect.1","qConnect","99","99","1",0.248376811384897,NA
"2672","DCompR12.qConnect.1","qConnect","99","99","1",0.269943498617644,NA
"2673","L1CompL2.qConnect.1","qConnect","99","99","1",0.641316818949853,NA
"2674","L1CompL22.qConnect.1","qConnect","99","99","1",0.593924619761643,NA
"2675","L1CompL3.qConnect.1","qConnect","99","99","1",0.208366057053109,NA
"2676","L1CompL32.qConnect.1","qConnect","99","99","1",0.471622206668328,NA
"2677","L1CompR1.qConnect.1","qConnect","99","99","1",0.666471415181205,NA
"2678","L1CompR12.qConnect.1","qConnect","99","99","1",0.676041511980935,NA
"2679","L12CompL2.qConnect.1","qConnect","99","99","1",0.429793657729286,NA
"2680","L12CompL22.qConnect.1","qConnect","99","99","1",0.35445326269834,NA
"2681","L12CompL3.qConnect.1","qConnect","99","99","1",-0.258477449942045,NA
"2682","L12CompL32.qConnect.1","qConnect","99","99","1",0.16002649471707,NA
"2683","L12CompR1.qConnect.1","qConnect","99","99","1",0.469782458615857,NA
"2684","L12CompR12.qConnect.1","qConnect","99","99","1",0.484996246659594,NA
"2685","L2CompL3.qConnect.1","qConnect","99","99","1",-1.20705621219584,NA
"2686","L2CompL32.qConnect.1","qConnect","99","99","1",-0.473104458884008,NA
"2687","L2CompR1.qConnect.1","qConnect","99","99","1",0.0701304035436098,NA
"2688","L2CompR12.qConnect.1","qConnect","99","99","1",0.0968116010609008,NA
"2689","L22CompL3.qConnect.1","qConnect","99","99","1",-0.949475347365851,NA
"2690","L22CompL32.qConnect.1","qConnect","99","99","1",-0.30118155161617,NA
"2691","L22CompR1.qConnect.1","qConnect","99","99","1",0.178653518410742,NA
"2692","L22CompR12.qConnect.1","qConnect","99","99","1",0.202220809769583,NA
"2693","L3CompR1.qConnect.1","qConnect","99","99","1",0.578683319745967,NA
"2694","L3CompR12.qConnect.1","qConnect","99","99","1",0.590772362775254,NA
"2695","L32CompR1.qConnect.1","qConnect","99","99","1",0.3687687313357,NA
"2696","L32CompR12.qConnect.1","qConnect","99","99","1",0.386880955052342,NA
"2697","DCompL1.qTau1.1","qTau1","99","99","1",-4.90586027652845,NA
"2698","DCompL12.qTau1.1","qTau1","99","99","1",-1.08082446770258,NA
"2699","DCompL2.qTau1.1","qTau1","99","99","1",-0.779469242044703,NA
"2700","DCompL22.qTau1.1","qTau1","99","99","1",-0.797440681477188,NA
"2701","DCompL3.qTau1.1","qTau1","99","99","1",-0.705650014715724,NA
"2702","DCompL32.qTau1.1","qTau1","99","99","1",-0.942468823034612,NA
"2703","DCompR1.qTau1.1","qTau1","99","99","1",-0.958602231301259,NA
"2704","DCompR12.qTau1.1","qTau1","99","99","1",-0.816567207482647,NA
"2705","L1CompL2.qTau1.1","qTau1","99","99","1",0.698694320772062,NA
"2706","L1CompL22.qTau1.1","qTau1","99","99","1",0.695651336584998,NA
"2707","L1CompL3.qTau1.1","qTau1","99","99","1",0.711193639054676,NA
"2708","L1CompL32.qTau1.1","qTau1","99","99","1",0.67109468695788,NA
"2709","L1CompR1.qTau1.1","qTau1","99","99","1",0.6683629243507,NA
"2710","L1CompR12.qTau1.1","qTau1","99","99","1",0.692412769278983,NA
"2711","L12CompL2.qTau1.1","qTau1","99","99","1",0.144824914516022,NA
"2712","L12CompL22.qTau1.1","qTau1","99","99","1",0.13618822280491,NA
"2713","L12CompL3.qTau1.1","qTau1","99","99","1",0.180300865743413,NA
"2714","L12CompL32.qTau1.1","qTau1","99","99","1",0.0664907813299218,NA
"2715","L12CompR1.qTau1.1","qTau1","99","99","1",0.058737408319819,NA
"2716","L12CompR12.qTau1.1","qTau1","99","99","1",0.126996421044439,NA
"2717","L2CompL3.qTau1.1","qTau1","99","99","1",0.0414838456236295,NA
"2718","L2CompL32.qTau1.1","qTau1","99","99","1",-0.09160011150438,NA
"2719","L2CompR1.qTau1.1","qTau1","99","99","1",-0.100666527425179,NA
"2720","L2CompR12.qTau1.1","qTau1","99","99","1",-0.0208477699762412,NA
"2721","L22CompL3.qTau1.1","qTau1","99","99","1",0.0510674247597583,NA
"2722","L22CompL32.qTau1.1","qTau1","99","99","1",-0.0806859125043478,NA
"2723","L22CompR1.qTau1.1","qTau1","99","99","1",-0.0896616792336219,NA
"2724","L22CompR12.qTau1.1","qTau1","99","99","1",-0.0106409775869432,NA
"2725","L3CompR1.qTau1.1","qTau1","99","99","1",-0.148302532408851,NA
"2726","L3CompR12.qTau1.1","qTau1","99","99","1",-0.0650292802215993,NA
"2727","L32CompR1.qTau1.1","qTau1","99","99","1",-0.00830562018567807,NA
"2728","L32CompR12.qTau1.1","qTau1","99","99","1",0.0648152567799137,NA
"2729","DCompL1.qTau2.1","qTau2","99","99","1",-3.63168241987664,NA
"2730","DCompL12.qTau2.1","qTau2","99","99","1",-4.35193036290238,NA
"2731","DCompL2.qTau2.1","qTau2","99","99","1",-1.56798823062006,NA
"2732","DCompL22.qTau2.1","qTau2","99","99","1",-0.68926138698435,NA
"2733","DCompL3.qTau2.1","qTau2","99","99","1",-2.67012538704757,NA
"2734","DCompL32.qTau2.1","qTau2","99","99","1",-5.60086706366551,NA
"2735","DCompR1.qTau2.1","qTau2","99","99","1",-0.296270622118232,NA
"2736","DCompR12.qTau2.1","qTau2","99","99","1",0.0879128375025347,NA
"2737","L1CompL2.qTau2.1","qTau2","99","99","1",0.445560382205898,NA
"2738","L1CompL22.qTau2.1","qTau2","99","99","1",0.63528125768404,NA
"2739","L1CompL3.qTau2.1","qTau2","99","99","1",0.207604266800028,NA
"2740","L1CompL32.qTau2.1","qTau2","99","99","1",-0.425155368023121,NA
"2741","L1CompR1.qTau2.1","qTau2","99","99","1",0.720129640893479,NA
"2742","L1CompR12.qTau2.1","qTau2","99","99","1",0.80307648931557,NA
"2743","L12CompL2.qTau2.1","qTau2","99","99","1",0.520175328060989,NA
"2744","L12CompL22.qTau2.1","qTau2","99","99","1",0.684364094366083,NA
"2745","L12CompL3.qTau2.1","qTau2","99","99","1",0.314242686622469,NA
"2746","L12CompL32.qTau2.1","qTau2","99","99","1",-0.233361911698311,NA
"2747","L12CompR1.qTau2.1","qTau2","99","99","1",0.757793817516105,NA
"2748","L12CompR12.qTau2.1","qTau2","99","99","1",0.829577909155971,NA
"2749","L2CompL3.qTau2.1","qTau2","99","99","1",-0.429183102666082,NA
"2750","L2CompL32.qTau2.1","qTau2","99","99","1",-1.5704428801341,NA
"2751","L2CompR1.qTau2.1","qTau2","99","99","1",0.495219406903109,NA
"2752","L2CompR12.qTau2.1","qTau2","99","99","1",0.644824243498486,NA
"2753","L22CompL3.qTau2.1","qTau2","99","99","1",-1.17262136891641,NA
"2754","L22CompL32.qTau2.1","qTau2","99","99","1",-2.90754628888387,NA
"2755","L22CompR1.qTau2.1","qTau2","99","99","1",0.232640589487267,NA
"2756","L22CompR12.qTau2.1","qTau2","99","99","1",0.460067477108612,NA
"2757","L3CompR1.qTau2.1","qTau2","99","99","1",0.646804813074515,NA
"2758","L3CompR12.qTau2.1","qTau2","99","99","1",0.75148337827466,NA
"2759","L32CompR1.qTau2.1","qTau2","99","99","1",0.803621159218073,NA
"2760","L32CompR12.qTau2.1","qTau2","99","99","1",0.861823128128416,NA
"2761","DCompL1.qNPQ.1","qNPQ","99","99","1",0.951115648003699,NA
"2762","DCompL12.qNPQ.1","qNPQ","99","99","1",0.560476061690401,NA
"2763","DCompL2.qNPQ.1","qNPQ","99","99","1",0.527714655927175,NA
"2764","DCompL22.qNPQ.1","qNPQ","99","99","1",0.706715417491811,NA
"2765","DCompL3.qNPQ.1","qNPQ","99","99","1",0.783779875773851,NA
"2766","DCompL32.qNPQ.1","qNPQ","99","99","1",0.441614474016802,NA
"2767","DCompR1.qNPQ.1","qNPQ","99","99","1",0.32623520581043,NA
"2768","DCompR12.qNPQ.1","qNPQ","99","99","1",0.550253831661524,NA
"2769","L1CompL2.qNPQ.1","qNPQ","99","99","1",-8.66127860523885,NA
"2770","L1CompL22.qNPQ.1","qNPQ","99","99","1",-4.99955958361447,NA
"2771","L1CompL3.qNPQ.1","qNPQ","99","99","1",-3.42309482270546,NA
"2772","L1CompL32.qNPQ.1","qNPQ","99","99","1",-10.4225821388704,NA
"2773","L1CompR1.qNPQ.1","qNPQ","99","99","1",-12.7828316562436,NA
"2774","L1CompR12.qNPQ.1","qNPQ","99","99","1",-8.20020722321348,NA
"2775","L12CompL2.qNPQ.1","qNPQ","99","99","1",-0.074538387804829,NA
"2776","L12CompL22.qNPQ.1","qNPQ","99","99","1",0.332722163811699,NA
"2777","L12CompL3.qNPQ.1","qNPQ","99","99","1",0.508058366382209,NA
"2778","L12CompL32.qNPQ.1","qNPQ","99","99","1",-0.270432568771428,NA
"2779","L12CompR1.qNPQ.1","qNPQ","99","99","1",-0.532942202831676,NA
"2780","L12CompR12.qNPQ.1","qNPQ","99","99","1",-0.0232575046269204,NA
"2781","L2CompL3.qNPQ.1","qNPQ","99","99","1",0.542183286143199,NA
"2782","L2CompL32.qNPQ.1","qNPQ","99","99","1",-0.182305428256305,NA
"2783","L2CompR1.qNPQ.1","qNPQ","99","99","1",-0.426605340701991,NA
"2784","L2CompR12.qNPQ.1","qNPQ","99","99","1",0.0477236399926765,NA
"2785","L22CompL3.qNPQ.1","qNPQ","99","99","1",0.262763414370369,NA
"2786","L22CompL32.qNPQ.1","qNPQ","99","99","1",-0.903903441523751,NA
"2787","L22CompR1.qNPQ.1","qNPQ","99","99","1",-1.29730723799897,NA
"2788","L22CompR12.qNPQ.1","qNPQ","99","99","1",-0.533480432187118,NA
"2789","L3CompR1.qNPQ.1","qNPQ","99","99","1",-2.1161058509284,NA
"2790","L3CompR12.qNPQ.1","qNPQ","99","99","1",-1.08003843281524,NA
"2791","L32CompR1.qNPQ.1","qNPQ","99","99","1",-0.206630119939469,NA
"2792","L32CompR12.qNPQ.1","qNPQ","99","99","1",0.194559766665568,NA
"2793","DCompL1.qqP.1","qqP","99","99","1",0.866843009228011,NA
"2794","DCompL12.qqP.1","qqP","99","99","1",0.551134168813428,NA
"2795","DCompL2.qqP.1","qqP","99","99","1",0.492477304705191,NA
"2796","DCompL22.qqP.1","qqP","99","99","1",0.55096689833242,NA
"2797","DCompL3.qqP.1","qqP","99","99","1",0.727729960817049,NA
"2798","DCompL32.qqP.1","qqP","99","99","1",0.500829676741903,NA
"2799","DCompR1.qqP.1","qqP","99","99","1",0.28082984462998,NA
"2800","DCompR12.qqP.1","qqP","99","99","1",0.354041238814402,NA
"2801","L1CompL2.qqP.1","qqP","99","99","1",-2.81146113585479,NA
"2802","L1CompL22.qqP.1","qqP","99","99","1",-2.37220824129679,NA
"2803","L1CompL3.qqP.1","qqP","99","99","1",-1.04472959027118,NA
"2804","L1CompL32.qqP.1","qqP","99","99","1",-2.74873538643458,NA
"2805","L1CompR1.qqP.1","qqP","99","99","1",-4.40091925478769,NA
"2806","L1CompR12.qqP.1","qqP","99","99","1",-3.85110663315984,NA
"2807","L12CompL2.qqP.1","qqP","99","99","1",-0.130677944349602,NA
"2808","L12CompL22.qqP.1","qqP","99","99","1",-0.000372651401345395,NA
"2809","L12CompL3.qqP.1","qqP","99","99","1",0.39342667615575,NA
"2810","L12CompL32.qqP.1","qqP","99","99","1",-0.112070219153338,NA
"2811","L12CompR1.qqP.1","qqP","99","99","1",-0.602194030828545,NA
"2812","L12CompR12.qqP.1","qqP","99","99","1",-0.439090962834067,NA
"2813","L2CompL3.qqP.1","qqP","99","99","1",0.463531302723723,NA
"2814","L2CompL32.qqP.1","qqP","99","99","1",0.0164571399745204,NA
"2815","L2CompR1.qqP.1","qqP","99","99","1",-0.417020681119036,NA
"2816","L2CompR12.qqP.1","qqP","99","99","1",-0.272768227261984,NA
"2817","L22CompL3.qqP.1","qqP","99","99","1",0.393652632352006,NA
"2818","L22CompL32.qqP.1","qqP","99","99","1",-0.111655959002402,NA
"2819","L22CompR1.qqP.1","qqP","99","99","1",-0.601597193390037,NA
"2820","L22CompR12.qqP.1","qqP","99","99","1",-0.438554883340878,NA
"2821","L3CompR1.qqP.1","qqP","99","99","1",-1.64138558002254,NA
"2822","L3CompR12.qqP.1","qqP","99","99","1",-1.37249299674705,NA
"2823","L32CompR1.qqP.1","qqP","99","99","1",-0.440730992732058,NA
"2824","L32CompR12.qqP.1","qqP","99","99","1",-0.294064833360705,NA
"2825","DCompL1.qABQ.1","qABQ","99","99","1",0,NA
"2826","DCompL12.qABQ.1","qABQ","99","99","1",0,NA
"2827","DCompL2.qABQ.1","qABQ","99","99","1",0,NA
"2828","DCompL22.qABQ.1","qABQ","99","99","1",1,NA
"2829","DCompL3.qABQ.1","qABQ","99","99","1",0,NA
"2830","DCompL32.qABQ.1","qABQ","99","99","1",0,NA
"2831","DCompR1.qABQ.1","qABQ","99","99","1",0,NA
"2832","DCompR12.qABQ.1","qABQ","99","99","1",1,NA
"2833","L1CompL2.qABQ.1","qABQ","99","99","1",0.878307646442715,NA
"2834","L1CompL22.qABQ.1","qABQ","99","99","1",1.00642450882308,NA
"2835","L1CompL3.qABQ.1","qABQ","99","99","1",0.20466744727397,NA
"2836","L1CompL32.qABQ.1","qABQ","99","99","1",0.362196930802704,NA
"2837","L1CompR1.qABQ.1","qABQ","99","99","1",0.852411310915175,NA
"2838","L1CompR12.qABQ.1","qABQ","99","99","1",1.11226411155993,NA
"2839","L12CompL2.qABQ.1","qABQ","99","99","1",0.763082733470119,NA
"2840","L12CompL22.qABQ.1","qABQ","99","99","1",1.01250758182144,NA
"2841","L12CompL3.qABQ.1","qABQ","99","99","1",-0.54839650040447,NA
"2842","L12CompL32.qABQ.1","qABQ","99","99","1",-0.241709567786941,NA
"2843","L12CompR1.qABQ.1","qABQ","99","99","1",0.712666344543618,NA
"2844","L12CompR12.qABQ.1","qABQ","99","99","1",1.21856185423897,NA
"2845","L2CompL3.qABQ.1","qABQ","99","99","1",-5.53560005601862,NA
"2846","L2CompL32.qABQ.1","qABQ","99","99","1",-4.24111047697881,NA
"2847","L2CompR1.qABQ.1","qABQ","99","99","1",-0.212801665598072,NA
"2848","L2CompR12.qABQ.1","qABQ","99","99","1",1.92252395716125,NA
"2849","L22CompL3.qABQ.1","qABQ","99","99","1",124.796631715842,NA
"2850","L22CompL32.qABQ.1","qABQ","99","99","1",100.276549657147,NA
"2851","L22CompR1.qABQ.1","qABQ","99","99","1",23.9727584083331,NA
"2852","L22CompR12.qABQ.1","qABQ","99","99","1",-16.4743493473963,NA
"2853","L3CompR1.qABQ.1","qABQ","99","99","1",0.814431474508418,NA
"2854","L3CompR12.qABQ.1","qABQ","99","99","1",1.1411536736113,NA
"2855","L32CompR1.qABQ.1","qABQ","99","99","1",0.768598339812676,NA
"2856","L32CompR12.qABQ.1","qABQ","99","99","1",1.17601688825553,NA
"2857","DCompL1.qqm.1","qqm","99","99","1",0,NA
"2858","DCompL12.qqm.1","qqm","99","99","1",0,NA
"2859","DCompL2.qqm.1","qqm","99","99","1",0,NA
"2860","DCompL22.qqm.1","qqm","99","99","1",0,NA
"2861","DCompL3.qqm.1","qqm","99","99","1",0,NA
"2862","DCompL32.qqm.1","qqm","99","99","1",0,NA
"2863","DCompR1.qqm.1","qqm","99","99","1",0,NA
"2864","DCompR12.qqm.1","qqm","99","99","1",0,NA
"2865","L1CompL2.qqm.1","qqm","99","99","1",0.185579490697213,NA
"2866","L1CompL22.qqm.1","qqm","99","99","1",0.308351138936577,NA
"2867","L1CompL3.qqm.1","qqm","99","99","1",0.0098149593240293,NA
"2868","L1CompL32.qqm.1","qqm","99","99","1",0.0345470421394082,NA
"2869","L1CompR1.qqm.1","qqm","99","99","1",0.495582269510226,NA
"2870","L1CompR12.qqm.1","qqm","99","99","1",0.582999197659412,NA
"2871","L12CompL2.qqm.1","qqm","99","99","1",0.11399700597564,NA
"2872","L12CompL22.qqm.1","qqm","99","99","1",0.247559516593777,NA
"2873","L12CompL3.qqm.1","qqm","99","99","1",-0.0772161317844164,NA
"2874","L12CompL32.qqm.1","qqm","99","99","1",-0.0503102530981794,NA
"2875","L12CompR1.qqm.1","qqm","99","99","1",0.451247096127883,NA
"2876","L12CompR12.qqm.1","qqm","99","99","1",0.546347427202425,NA
"2877","L2CompL3.qqm.1","qqm","99","99","1",-0.215815453276899,NA
"2878","L2CompL32.qqm.1","qqm","99","99","1",-0.185447746996329,NA
"2879","L2CompR1.qqm.1","qqm","99","99","1",0.380642156320942,NA
"2880","L2CompR12.qqm.1","qqm","99","99","1",0.487978510391916,NA
"2881","L22CompL3.qqm.1","qqm","99","99","1",-0.431629684394394,NA
"2882","L22CompL32.qqm.1","qqm","99","99","1",-0.395871535704099,NA
"2883","L22CompR1.qqm.1","qqm","99","99","1",0.270702579175476,NA
"2884","L22CompR12.qqm.1","qqm","99","99","1",0.397091753032831,NA
"2885","L3CompR1.qqm.1","qqm","99","99","1",0.490582356055972,NA
"2886","L3CompR12.qqm.1","qqm","99","99","1",0.578865782444145,NA
"2887","L32CompR1.qqm.1","qqm","99","99","1",0.477532565017414,NA
"2888","L32CompR12.qqm.1","qqm","99","99","1",0.568077554742133,NA
"2889","DCompL1.qQuant.2","qQuant","99","99","2",0.858905946972465,NA
"2890","DCompL12.qQuant.2","qQuant","99","99","2",0.809906161237081,NA
"2891","DCompL2.qQuant.2","qQuant","99","99","2",0.673508010198346,NA
"2892","DCompL22.qQuant.2","qQuant","99","99","2",0.557475346902049,NA
"2893","DCompL3.qQuant.2","qQuant","99","99","2",0.817998753453336,NA
"2894","DCompL32.qQuant.2","qQuant","99","99","2",0.799608085635837,NA
"2895","DCompR1.qQuant.2","qQuant","99","99","2",0.424791291868083,NA
"2896","DCompR12.qQuant.2","qQuant","99","99","2",0.333681304626144,NA
"2897","L1CompL2.qQuant.2","qQuant","99","99","2",-1.31400248838226,NA
"2898","L1CompL22.qQuant.2","qQuant","99","99","2",-2.13638061705968,NA
"2899","L1CompL3.qQuant.2","qQuant","99","99","2",-0.289928545118384,NA
"2900","L1CompL32.qQuant.2","qQuant","99","99","2",-0.420271868758755,NA
"2901","L1CompR1.qQuant.2","qQuant","99","99","2",-3.07677500071293,NA
"2902","L1CompR12.qQuant.2","qQuant","99","99","2",-3.72251438722101,NA
"2903","L12CompL2.qQuant.2","qQuant","99","99","2",-0.717530625539354,NA
"2904","L12CompL22.qQuant.2","qQuant","99","99","2",-1.32792738564166,NA
"2905","L12CompL3.qQuant.2","qQuant","99","99","2",0.0425715650171512,NA
"2906","L12CompL32.qQuant.2","qQuant","99","99","2",-0.0541736421772597,NA
"2907","L12CompR1.qQuant.2","qQuant","99","99","2",-2.02591978717051,NA
"2908","L12CompR12.qQuant.2","qQuant","99","99","2",-2.50520932035505,NA
"2909","L2CompL3.qQuant.2","qQuant","99","99","2",0.442555247198466,NA
"2910","L2CompL32.qQuant.2","qQuant","99","99","2",0.386227164452326,NA
"2911","L2CompR1.qQuant.2","qQuant","99","99","2",-0.761785054761559,NA
"2912","L2CompR12.qQuant.2","qQuant","99","99","2",-1.04084239793647,NA
"2913","L22CompL3.qQuant.2","qQuant","99","99","2",0.58872066161164,NA
"2914","L22CompL32.qQuant.2","qQuant","99","99","2",0.547162145744211,NA
"2915","L22CompR1.qQuant.2","qQuant","99","99","2",-0.299834267096973,NA
"2916","L22CompR12.qQuant.2","qQuant","99","99","2",-0.505721072733928,NA
"2917","L3CompR1.qQuant.2","qQuant","99","99","2",-2.16046576079048,NA
"2918","L3CompR12.qQuant.2","qQuant","99","99","2",-2.66106665760125,NA
"2919","L32CompR1.qQuant.2","qQuant","99","99","2",-1.87041874896517,NA
"2920","L32CompR12.qQuant.2","qQuant","99","99","2",-2.32507774821186,NA
"2921","DCompL1.qSigma.2","qSigma","99","99","2",0.491191535747413,NA
"2922","DCompL12.qSigma.2","qSigma","99","99","2",0.239371351119812,NA
"2923","DCompL2.qSigma.2","qSigma","99","99","2",0.164704788867628,NA
"2924","DCompL22.qSigma.2","qSigma","99","99","2",0.0266342236432038,NA
"2925","DCompL3.qSigma.2","qSigma","99","99","2",0.307397164581863,NA
"2926","DCompL32.qSigma.2","qSigma","99","99","2",0.273633431404422,NA
"2927","DCompR1.qSigma.2","qSigma","99","99","2",0.0765232656258122,NA
"2928","DCompR12.qSigma.2","qSigma","99","99","2",-0.0832487070918077,NA
"2929","L1CompL2.qSigma.2","qSigma","99","99","2",-0.641669252415791,NA
"2930","L1CompL22.qSigma.2","qSigma","99","99","2",-0.913029842745676,NA
"2931","L1CompL3.qSigma.2","qSigma","99","99","2",-0.361225066166173,NA
"2932","L1CompL32.qSigma.2","qSigma","99","99","2",-0.427583500723738,NA
"2933","L1CompR1.qSigma.2","qSigma","99","99","2",-0.814979111502648,NA
"2934","L1CompR12.qSigma.2","qSigma","99","99","2",-1.12899112966417,NA
"2935","L12CompL2.qSigma.2","qSigma","99","99","2",-0.098164278142967,NA
"2936","L12CompL22.qSigma.2","qSigma","99","99","2",-0.279685925306395,NA
"2937","L12CompL3.qSigma.2","qSigma","99","99","2",0.0894336724789423,NA
"2938","L12CompL32.qSigma.2","qSigma","99","99","2",0.0450444252067704,NA
"2939","L12CompR1.qSigma.2","qSigma","99","99","2",-0.214096702423381,NA
"2940","L12CompR12.qSigma.2","qSigma","99","99","2",-0.424149233251452,NA
"2941","L2CompL3.qSigma.2","qSigma","99","99","2",0.170828676870772,NA
"2942","L2CompL32.qSigma.2","qSigma","99","99","2",0.130407359081018,NA
"2943","L2CompR1.qSigma.2","qSigma","99","99","2",-0.105569291032175,NA
"2944","L2CompR12.qSigma.2","qSigma","99","99","2",-0.296845345998448,NA
"2945","L22CompL3.qSigma.2","qSigma","99","99","2",0.288445461879218,NA
"2946","L22CompL32.qSigma.2","qSigma","99","99","2",0.253757851119145,NA
"2947","L22CompR1.qSigma.2","qSigma","99","99","2",0.0512541566535632,NA
"2948","L22CompR12.qSigma.2","qSigma","99","99","2",-0.112889659164196,NA
"2949","L3CompR1.qSigma.2","qSigma","99","99","2",-0.3333424109023,NA
"2950","L3CompR12.qSigma.2","qSigma","99","99","2",-0.564025804829157,NA
"2951","L32CompR1.qSigma.2","qSigma","99","99","2",-0.27136458958969,NA
"2952","L32CompR12.qSigma.2","qSigma","99","99","2",-0.491325115893285,NA
"2953","DCompL1.qConnect.2","qConnect","99","99","2",-0.786066018538626,NA
"2954","DCompL12.qConnect.2","qConnect","99","99","2",-0.0364640773222183,NA
"2955","DCompL2.qConnect.2","qConnect","99","99","2",0.443808200510389,NA
"2956","DCompL22.qConnect.2","qConnect","99","99","2",0.218743318030865,NA
"2957","DCompL3.qConnect.2","qConnect","99","99","2",-0.193494499687209,NA
"2958","DCompL32.qConnect.2","qConnect","99","99","2",-0.440160255714489,NA
"2959","DCompR1.qConnect.2","qConnect","99","99","2",0.211927906301117,NA
"2960","DCompR12.qConnect.2","qConnect","99","99","2",0.127553754979023,NA
"2961","L1CompL2.qConnect.2","qConnect","99","99","2",0.688593930058256,NA
"2962","L1CompL22.qConnect.2","qConnect","99","99","2",0.562582416405657,NA
"2963","L1CompL3.qConnect.2","qConnect","99","99","2",0.331774700767368,NA
"2964","L1CompL32.qConnect.2","qConnect","99","99","2",0.193669080108898,NA
"2965","L1CompR1.qConnect.2","qConnect","99","99","2",0.558766537452131,NA
"2966","L1CompR12.qConnect.2","qConnect","99","99","2",0.511526317635885,NA
"2967","L12CompL2.qConnect.2","qConnect","99","99","2",0.463375710109921,NA
"2968","L12CompL22.qConnect.2","qConnect","99","99","2",0.246228886207451,NA
"2969","L12CompL3.qConnect.2","qConnect","99","99","2",-0.151505899529766,NA
"2970","L12CompL32.qConnect.2","qConnect","99","99","2",-0.389493651758052,NA
"2971","L12CompR1.qConnect.2","qConnect","99","99","2",0.23965324902053,NA
"2972","L12CompR12.qConnect.2","qConnect","99","99","2",0.158247483815352,NA
"2973","L2CompL3.qConnect.2","qConnect","99","99","2",-1.14583260807229,NA
"2974","L2CompL32.qConnect.2","qConnect","99","99","2",-1.58932306631642,NA
"2975","L2CompR1.qConnect.2","qConnect","99","99","2",-0.416907071305361,NA
"2976","L2CompR12.qConnect.2","qConnect","99","99","2",-0.568606811214363,NA
"2977","L22CompL3.qConnect.2","qConnect","99","99","2",-0.527659893646018,NA
"2978","L22CompL32.qConnect.2","qConnect","99","99","2",-0.843389360951905,NA
"2979","L22CompR1.qConnect.2","qConnect","99","99","2",-0.0087236524013728,NA
"2980","L22CompR12.qConnect.2","qConnect","99","99","2",-0.116721642395431,NA
"2981","L3CompR1.qConnect.2","qConnect","99","99","2",0.339693568838884,NA
"2982","L3CompR12.qConnect.2","qConnect","99","99","2",0.268998520521354,NA
"2983","L32CompR1.qConnect.2","qConnect","99","99","2",0.452788611148065,NA
"2984","L32CompR12.qConnect.2","qConnect","99","99","2",0.394201970538243,NA
"2985","DCompL1.qTau1.2","qTau1","99","99","2",-2.05333760079146,NA
"2986","DCompL12.qTau1.2","qTau1","99","99","2",-1.18678731994752,NA
"2987","DCompL2.qTau1.2","qTau1","99","99","2",-0.744632990281504,NA
"2988","DCompL22.qTau1.2","qTau1","99","99","2",-0.995666186499912,NA
"2989","DCompL3.qTau1.2","qTau1","99","99","2",-0.426054801583779,NA
"2990","DCompL32.qTau1.2","qTau1","99","99","2",-0.667900733543908,NA
"2991","DCompR1.qTau1.2","qTau1","99","99","2",-0.886327803731349,NA
"2992","DCompR12.qTau1.2","qTau1","99","99","2",-1.2004186862806,NA
"2993","L1CompL2.qTau1.2","qTau1","99","99","2",0.428614448061926,NA
"2994","L1CompL22.qTau1.2","qTau1","99","99","2",0.346398450671616,NA
"2995","L1CompL3.qTau1.2","qTau1","99","99","2",0.532952136961819,NA
"2996","L1CompL32.qTau1.2","qTau1","99","99","2",0.453745064708348,NA
"2997","L1CompR1.qTau1.2","qTau1","99","99","2",0.382207914630079,NA
"2998","L1CompR12.qTau1.2","qTau1","99","99","2",0.279339865427844,NA
"2999","L12CompL2.qTau1.2","qTau1","99","99","2",0.202193567537526,NA
"3000","L12CompL22.qTau1.2","qTau1","99","99","2",0.0873981350194554,NA
"3001","L12CompL3.qTau1.2","qTau1","99","99","2",0.347876774034887,NA
"3002","L12CompL32.qTau1.2","qTau1","99","99","2",0.237282602505699,NA
"3003","L12CompR1.qTau1.2","qTau1","99","99","2",0.137397685396941,NA
"3004","L12CompR12.qTau1.2","qTau1","99","99","2",-0.00623351260945174,NA
"3005","L2CompL3.qTau1.2","qTau1","99","99","2",0.182604702807048,NA
"3006","L2CompL32.qTau1.2","qTau1","99","99","2",0.0439818902686321,NA
"3007","L2CompR1.qTau1.2","qTau1","99","99","2",-0.08121754789641,NA
"3008","L2CompR12.qTau1.2","qTau1","99","99","2",-0.261250187597079,NA
"3009","L22CompL3.qTau1.2","qTau1","99","99","2",0.285424180040422,NA
"3010","L22CompL32.qTau1.2","qTau1","99","99","2",0.164238616244159,NA
"3011","L22CompR1.qTau1.2","qTau1","99","99","2",0.0547879116799212,NA
"3012","L22CompR12.qTau1.2","qTau1","99","99","2",-0.102598571427315,NA
"3013","L3CompR1.qTau1.2","qTau1","99","99","2",-0.322759687521398,NA
"3014","L3CompR12.qTau1.2","qTau1","99","99","2",-0.54301130912838,NA
"3015","L32CompR1.qTau1.2","qTau1","99","99","2",-0.130959274610626,NA
"3016","L32CompR12.qTau1.2","qTau1","99","99","2",-0.319274368088569,NA
"3017","DCompL1.qTau2.2","qTau2","99","99","2",-2.17081031305083,NA
"3018","DCompL12.qTau2.2","qTau2","99","99","2",-3.92184179749098,NA
"3019","DCompL2.qTau2.2","qTau2","99","99","2",-1.8455912747829,NA
"3020","DCompL22.qTau2.2","qTau2","99","99","2",-1.13057870204857,NA
"3021","DCompL3.qTau2.2","qTau2","99","99","2",-2.49890572727953,NA
"3022","DCompL32.qTau2.2","qTau2","99","99","2",-6.25144398166779,NA
"3023","DCompR1.qTau2.2","qTau2","99","99","2",-0.302071136343494,NA
"3024","DCompR12.qTau2.2","qTau2","99","99","2",-0.125735683253139,NA
"3025","L1CompL2.qTau2.2","qTau2","99","99","2",0.102566538568817,NA
"3026","L1CompL22.qTau2.2","qTau2","99","99","2",0.328064913476766,NA
"3027","L1CompL3.qTau2.2","qTau2","99","99","2",-0.103473680805907,NA
"3028","L1CompL32.qTau2.2","qTau2","99","99","2",-1.28693717559243,NA
"3029","L1CompR1.qTau2.2","qTau2","99","99","2",0.589356975728172,NA
"3030","L1CompR12.qTau2.2","qTau2","99","99","2",0.644969086097742,NA
"3031","L12CompL2.qTau2.2","qTau2","99","99","2",0.421844221763995,NA
"3032","L12CompL22.qTau2.2","qTau2","99","99","2",0.567117597494767,NA
"3033","L12CompL3.qTau2.2","qTau2","99","99","2",0.289106421692959,NA
"3034","L12CompL32.qTau2.2","qTau2","99","99","2",-0.473319192291872,NA
"3035","L12CompR1.qTau2.2","qTau2","99","99","2",0.73545042894161,NA
"3036","L12CompR12.qTau2.2","qTau2","99","99","2",0.771277556335312,NA
"3037","L2CompL3.qTau2.2","qTau2","99","99","2",-0.229588296213227,NA
"3038","L2CompL32.qTau2.2","qTau2","99","99","2",-1.54830834137311,NA
"3039","L2CompR1.qTau2.2","qTau2","99","99","2",0.542425102339114,NA
"3040","L2CompR12.qTau2.2","qTau2","99","99","2",0.604393050671331,NA
"3041","L22CompL3.qTau2.2","qTau2","99","99","2",-0.642232565225259,NA
"3042","L22CompL32.qTau2.2","qTau2","99","99","2",-2.40350909107252,NA
"3043","L22CompR1.qTau2.2","qTau2","99","99","2",0.388865036953791,NA
"3044","L22CompR12.qTau2.2","qTau2","99","99","2",0.471629148376104,NA
"3045","L3CompR1.qTau2.2","qTau2","99","99","2",0.627863327042,NA
"3046","L3CompR12.qTau2.2","qTau2","99","99","2",0.678260641755438,NA
"3047","L32CompR1.qTau2.2","qTau2","99","99","2",0.820439744189539,NA
"3048","L32CompR12.qTau2.2","qTau2","99","99","2",0.844757032378781,NA
"3049","DCompL1.qNPQ.2","qNPQ","99","99","2",0.870725188879279,NA
"3050","DCompL12.qNPQ.2","qNPQ","99","99","2",0.50525095359176,NA
"3051","DCompL2.qNPQ.2","qNPQ","99","99","2",0.494834623258844,NA
"3052","DCompL22.qNPQ.2","qNPQ","99","99","2",0.650148682667929,NA
"3053","DCompL3.qNPQ.2","qNPQ","99","99","2",0.72658172933315,NA
"3054","DCompL32.qNPQ.2","qNPQ","99","99","2",0.404660544327746,NA
"3055","DCompR1.qNPQ.2","qNPQ","99","99","2",0.320564120082169,NA
"3056","DCompR12.qNPQ.2","qNPQ","99","99","2",0.522533152728524,NA
"3057","L1CompL2.qNPQ.2","qNPQ","99","99","2",-2.90768605547924,NA
"3058","L1CompL22.qNPQ.2","qNPQ","99","99","2",-1.70626051818685,NA
"3059","L1CompL3.qNPQ.2","qNPQ","99","99","2",-1.11501582014707,NA
"3060","L1CompL32.qNPQ.2","qNPQ","99","99","2",-3.6052239451064,NA
"3061","L1CompR1.qNPQ.2","qNPQ","99","99","2",-4.25574838615196,NA
"3062","L1CompR12.qNPQ.2","qNPQ","99","99","2",-2.69342521665416,NA
"3063","L12CompL2.qNPQ.2","qNPQ","99","99","2",-0.0210537653554577,NA
"3064","L12CompL22.qNPQ.2","qNPQ","99","99","2",0.292871163932689,NA
"3065","L12CompL3.qNPQ.2","qNPQ","99","99","2",0.447359681333797,NA
"3066","L12CompL32.qNPQ.2","qNPQ","99","99","2",-0.203316024546739,NA
"3067","L12CompR1.qNPQ.2","qNPQ","99","99","2",-0.373293965598059,NA
"3068","L12CompR12.qNPQ.2","qNPQ","99","99","2",0.0349312429447389,NA
"3069","L2CompL3.qNPQ.2","qNPQ","99","99","2",0.458754928077844,NA
"3070","L2CompL32.qNPQ.2","qNPQ","99","99","2",-0.178504076254819,NA
"3071","L2CompR1.qNPQ.2","qNPQ","99","99","2",-0.344977132639021,NA
"3072","L2CompR12.qNPQ.2","qNPQ","99","99","2",0.0548306173482517,NA
"3073","L22CompL3.qNPQ.2","qNPQ","99","99","2",0.218472942300436,NA
"3074","L22CompL32.qNPQ.2","qNPQ","99","99","2",-0.701692765407457,NA
"3075","L22CompR1.qNPQ.2","qNPQ","99","99","2",-0.942070377493893,NA
"3076","L22CompR12.qNPQ.2","qNPQ","99","99","2",-0.364770757225063,NA
"3077","L3CompR1.qNPQ.2","qNPQ","99","99","2",-1.48496882911566,NA
"3078","L3CompR12.qNPQ.2","qNPQ","99","99","2",-0.74628727665845,NA
"3079","L32CompR1.qNPQ.2","qNPQ","99","99","2",-0.141257938549723,NA
"3080","L32CompR12.qNPQ.2","qNPQ","99","99","2",0.197992266895323,NA
"3081","DCompL1.qqP.2","qqP","99","99","2",0.798621521722272,NA
"3082","DCompL12.qqP.2","qqP","99","99","2",0.500649552318801,NA
"3083","DCompL2.qqP.2","qqP","99","99","2",0.442125904740112,NA
"3084","DCompL22.qqP.2","qqP","99","99","2",0.492848982966749,NA
"3085","DCompL3.qqP.2","qqP","99","99","2",0.657637141341547,NA
"3086","DCompL32.qqP.2","qqP","99","99","2",0.437528692344407,NA
"3087","DCompR1.qqP.2","qqP","99","99","2",0.260082857742263,NA
"3088","DCompR12.qqP.2","qqP","99","99","2",0.327027356788011,NA
"3089","L1CompL2.qqP.2","qqP","99","99","2",-1.7702766454045,NA
"3090","L1CompL22.qqP.2","qqP","99","99","2",-1.51839730526626,NA
"3091","L1CompL3.qqP.2","qqP","99","99","2",-0.700096562385818,NA
"3092","L1CompL32.qqP.2","qqP","99","99","2",-1.79310536292696,NA
"3093","L1CompR1.qqP.2","qqP","99","99","2",-2.67426126458902,NA
"3094","L1CompR12.qqP.2","qqP","99","99","2",-2.34183001563786,NA
"3095","L12CompL2.qqP.2","qqP","99","99","2",-0.117199549635835,NA
"3096","L12CompL22.qqP.2","qqP","99","99","2",-0.0156214325796152,NA
"3097","L12CompL3.qqP.2","qqP","99","99","2",0.314383595232044,NA
"3098","L12CompL32.qqP.2","qqP","99","99","2",-0.126405934484498,NA
"3099","L12CompR1.qqP.2","qqP","99","99","2",-0.481759244822234,NA
"3100","L12CompR12.qqP.2","qqP","99","99","2",-0.347696084657636,NA
"3101","L2CompL3.qqP.2","qqP","99","99","2",0.386308019018231,NA
"3102","L2CompL32.qqP.2","qqP","99","99","2",-0.00824059126381178,NA
"3103","L2CompR1.qqP.2","qqP","99","99","2",-0.326315648180517,NA
"3104","L2CompR12.qqP.2","qqP","99","99","2",-0.20631635153893,NA
"3105","L22CompL3.qqP.2","qqP","99","99","2",0.324929168709513,NA
"3106","L22CompL32.qqP.2","qqP","99","99","2",-0.10908050810182,NA
"3107","L22CompR1.qqP.2","qqP","99","99","2",-0.458968073427377,NA
"3108","L22CompR12.qqP.2","qqP","99","99","2",-0.326966959760362,NA
"3109","L3CompR1.qqP.2","qqP","99","99","2",-1.16120739602742,NA
"3110","L3CompR12.qqP.2","qqP","99","99","2",-0.965670709284966,NA
"3111","L32CompR1.qqP.2","qqP","99","99","2",-0.315475353474912,NA
"3112","L32CompR12.qqP.2","qqP","99","99","2",-0.196456839757694,NA
"3113","DCompL1.qABQ.2","qABQ","99","99","2",0,NA
"3114","DCompL12.qABQ.2","qABQ","99","99","2",0,NA
"3115","DCompL2.qABQ.2","qABQ","99","99","2",0,NA
"3116","DCompL22.qABQ.2","qABQ","99","99","2",0,NA
"3117","DCompL3.qABQ.2","qABQ","99","99","2",0,NA
"3118","DCompL32.qABQ.2","qABQ","99","99","2",0,NA
"3119","DCompR1.qABQ.2","qABQ","99","99","2",0,NA
"3120","DCompR12.qABQ.2","qABQ","99","99","2",1,NA
"3121","L1CompL2.qABQ.2","qABQ","99","99","2",0.664683169637667,NA
"3122","L1CompL22.qABQ.2","qABQ","99","99","2",0.945776297625577,NA
"3123","L1CompL3.qABQ.2","qABQ","99","99","2",0.374180656199384,NA
"3124","L1CompL32.qABQ.2","qABQ","99","99","2",0.442919082495889,NA
"3125","L1CompR1.qABQ.2","qABQ","99","99","2",0.844208908222794,NA
"3126","L1CompR12.qABQ.2","qABQ","99","99","2",1.16948318737849,NA
"3127","L12CompL2.qABQ.2","qABQ","99","99","2",0.311927730293886,NA
"3128","L12CompL22.qABQ.2","qABQ","99","99","2",0.888732617672896,NA
"3129","L12CompL3.qABQ.2","qABQ","99","99","2",-0.284185275906309,NA
"3130","L12CompL32.qABQ.2","qABQ","99","99","2",-0.143133587726042,NA
"3131","L12CompR1.qABQ.2","qABQ","99","99","2",0.680315688290075,NA
"3132","L12CompR12.qABQ.2","qABQ","99","99","2",1.34778057901398,NA
"3133","L2CompL3.qABQ.2","qABQ","99","99","2",-0.866352318565029,NA
"3134","L2CompL32.qABQ.2","qABQ","99","99","2",-0.661356863304913,NA
"3135","L2CompR1.qABQ.2","qABQ","99","99","2",0.535391374155412,NA
"3136","L2CompR12.qABQ.2","qABQ","99","99","2",1.50544193440977,NA
"3137","L22CompL3.qABQ.2","qABQ","99","99","2",-10.5414351362294,NA
"3138","L22CompL32.qABQ.2","qABQ","99","99","2",-9.27375286286021,NA
"3139","L22CompR1.qABQ.2","qABQ","99","99","2",-1.87311793468923,NA
"3140","L22CompR12.qABQ.2","qABQ","99","99","2",4.12562919824583,NA
"3141","L3CompR1.qABQ.2","qABQ","99","99","2",0.75106060028269,NA
"3142","L3CompR12.qABQ.2","qABQ","99","99","2",1.27081807083369,NA
"3143","L32CompR1.qABQ.2","qABQ","99","99","2",0.720343873067494,NA
"3144","L32CompR12.qABQ.2","qABQ","99","99","2",1.30423441559949,NA
"3145","DCompL1.qqm.2","qqm","99","99","2",0,NA
"3146","DCompL12.qqm.2","qqm","99","99","2",0,NA
"3147","DCompL2.qqm.2","qqm","99","99","2",0,NA
"3148","DCompL22.qqm.2","qqm","99","99","2",0,NA
"3149","DCompL3.qqm.2","qqm","99","99","2",0,NA
"3150","DCompL32.qqm.2","qqm","99","99","2",0,NA
"3151","DCompR1.qqm.2","qqm","99","99","2",0,NA
"3152","DCompR12.qqm.2","qqm","99","99","2",0,NA
"3153","L1CompL2.qqm.2","qqm","99","99","2",0.215853595411259,NA
"3154","L1CompL22.qqm.2","qqm","99","99","2",0.350947156825401,NA
"3155","L1CompL3.qqm.2","qqm","99","99","2",0.0476270931215725,NA
"3156","L1CompL32.qqm.2","qqm","99","99","2",0.069038829624648,NA
"3157","L1CompR1.qqm.2","qqm","99","99","2",0.505427464595607,NA
"3158","L1CompR12.qqm.2","qqm","99","99","2",0.611504256313127,NA
"3159","L12CompL2.qqm.2","qqm","99","99","2",0.16841228967859,NA
"3160","L12CompL22.qqm.2","qqm","99","99","2",0.311679088784136,NA
"3161","L12CompL3.qqm.2","qqm","99","99","2",-0.00999201216582176,NA
"3162","L12CompL32.qqm.2","qqm","99","99","2",0.0127151466356478,NA
"3163","L12CompR1.qqm.2","qqm","99","99","2",0.475505543482665,NA
"3164","L12CompR12.qqm.2","qqm","99","99","2",0.58800004173759,NA
"3165","L2CompL3.qqm.2","qqm","99","99","2",-0.214534557966781,NA
"3166","L2CompL32.qqm.2","qqm","99","99","2",-0.187228768668028,NA
"3167","L2CompR1.qqm.2","qqm","99","99","2",0.369285464410462,NA
"3168","L2CompR12.qqm.2","qqm","99","99","2",0.504562233004657,NA
"3169","L22CompL3.qqm.2","qqm","99","99","2",-0.467327224421748,NA
"3170","L22CompL32.qqm.2","qqm","99","99","2",-0.434338020648526,NA
"3171","L22CompR1.qqm.2","qqm","99","99","2",0.23800882993536,NA
"3172","L22CompR12.qqm.2","qqm","99","99","2",0.401442043167561,NA
"3173","L3CompR1.qqm.2","qqm","99","99","2",0.480694450847575,NA
"3174","L3CompR12.qqm.2","qqm","99","99","2",0.592076023077728,NA
"3175","L32CompR1.qqm.2","qqm","99","99","2",0.468750629840998,NA
"3176","L32CompR12.qqm.2","qqm","99","99","2",0.582693933915379,NA
"3177","DCompL1.qQuant.3","qQuant","99","99","3",0.859592469675944,NA
"3178","DCompL12.qQuant.3","qQuant","99","99","3",0.782221351663923,NA
"3179","DCompL2.qQuant.3","qQuant","99","99","3",0.689846491827053,NA
"3180","DCompL22.qQuant.3","qQuant","99","99","3",0.568509728866659,NA
"3181","DCompL3.qQuant.3","qQuant","99","99","3",0.811091915415355,NA
"3182","DCompL32.qQuant.3","qQuant","99","99","3",0.797989709827276,NA
"3183","DCompR1.qQuant.3","qQuant","99","99","3",0.412384552741171,NA
"3184","DCompR12.qQuant.3","qQuant","99","99","3",0.336537645061761,NA
"3185","L1CompL2.qQuant.3","qQuant","99","99","3",-1.20895209435793,NA
"3186","L1CompL22.qQuant.3","qQuant","99","99","3",-2.07312770289084,NA
"3187","L1CompL3.qQuant.3","qQuant","99","99","3",-0.345427016262244,NA
"3188","L1CompL32.qQuant.3","qQuant","99","99","3",-0.438742563924397,NA
"3189","L1CompR1.qQuant.3","qQuant","99","99","3",-3.1850707430195,NA
"3190","L1CompR12.qQuant.3","qQuant","99","99","3",-3.72526191014821,NA
"3191","L12CompL2.qQuant.3","qQuant","99","99","3",-0.424168579163539,NA
"3192","L12CompL22.qQuant.3","qQuant","99","99","3",-0.981324957382705,NA
"3193","L12CompL3.qQuant.3","qQuant","99","99","3",0.132568385248122,NA
"3194","L12CompL32.qQuant.3","qQuant","99","99","3",0.0724054368223414,NA
"3195","L12CompR1.qQuant.3","qQuant","99","99","3",-1.69822341055225,NA
"3196","L12CompR12.qQuant.3","qQuant","99","99","3",-2.04649863523067,NA
"3197","L2CompL3.qQuant.3","qQuant","99","99","3",0.390920690539775,NA
"3198","L2CompL32.qQuant.3","qQuant","99","99","3",0.348676430059659,NA
"3199","L2CompR1.qQuant.3","qQuant","99","99","3",-0.894595520522582,NA
"3200","L2CompR12.qQuant.3","qQuant","99","99","3",-1.13914186831729,NA
"3201","L22CompL3.qQuant.3","qQuant","99","99","3",0.562196190221245,NA
"3202","L22CompL32.qQuant.3","qQuant","99","99","3",0.531831182097966,NA
"3203","L22CompR1.qQuant.3","qQuant","99","99","3",-0.361827801390316,NA
"3204","L22CompR12.qQuant.3","qQuant","99","99","3",-0.537606753439902,NA
"3205","L3CompR1.qQuant.3","qQuant","99","99","3",-2.11058919765572,NA
"3206","L3CompR12.qQuant.3","qQuant","99","99","3",-2.51209084776337,NA
"3207","L32CompR1.qQuant.3","qQuant","99","99","3",-1.90883918218424,NA
"3208","L32CompR12.qQuant.3","qQuant","99","99","3",-2.28429979666363,NA
"3209","DCompL1.qSigma.3","qSigma","99","99","3",0.320204412876163,NA
"3210","DCompL12.qSigma.3","qSigma","99","99","3",0.2639637935597,NA
"3211","DCompL2.qSigma.3","qSigma","99","99","3",0.109467411481271,NA
"3212","DCompL22.qSigma.3","qSigma","99","99","3",-0.030061438865985,NA
"3213","DCompL3.qSigma.3","qSigma","99","99","3",0.258837857450543,NA
"3214","DCompL32.qSigma.3","qSigma","99","99","3",0.218061674862974,NA
"3215","DCompR1.qSigma.3","qSigma","99","99","3",0.0102120369601314,NA
"3216","DCompR12.qSigma.3","qSigma","99","99","3",-0.0757758706886168,NA
"3217","L1CompL2.qSigma.3","qSigma","99","99","3",-0.310000543378789,NA
"3218","L1CompL22.qSigma.3","qSigma","99","99","3",-0.515251729161845,NA
"3219","L1CompL3.qSigma.3","qSigma","99","99","3",-0.0902720708812738,NA
"3220","L1CompL32.qSigma.3","qSigma","99","99","3",-0.150255076596404,NA
"3221","L1CompR1.qSigma.3","qSigma","99","99","3",-0.456008220393995,NA
"3222","L1CompR12.qSigma.3","qSigma","99","99","3",-0.582499049810168,NA
"3223","L12CompL2.qSigma.3","qSigma","99","99","3",-0.209903236724754,NA
"3224","L12CompL22.qSigma.3","qSigma","99","99","3",-0.399471153528822,NA
"3225","L12CompL3.qSigma.3","qSigma","99","99","3",-0.00696424450904021,NA
"3226","L12CompL32.qSigma.3","qSigma","99","99","3",-0.0623639411962127,NA
"3227","L12CompR1.qSigma.3","qSigma","99","99","3",-0.34475444873397,NA
"3228","L12CompR12.qSigma.3","qSigma","99","99","3",-0.461580097929426,NA
"3229","L2CompL3.qSigma.3","qSigma","99","99","3",0.167731588821166,NA
"3230","L2CompL32.qSigma.3","qSigma","99","99","3",0.121943053832912,NA
"3231","L2CompR1.qSigma.3","qSigma","99","99","3",-0.111456195765095,NA
"3232","L2CompR12.qSigma.3","qSigma","99","99","3",-0.208014040764093,NA
"3233","L22CompL3.qSigma.3","qSigma","99","99","3",0.28046802396038,NA
"3234","L22CompL32.qSigma.3","qSigma","99","99","3",0.240881858466736,NA
"3235","L22CompR1.qSigma.3","qSigma","99","99","3",0.0390981297877283,NA
"3236","L22CompR12.qSigma.3","qSigma","99","99","3",-0.0443802962597646,NA
"3237","L3CompR1.qSigma.3","qSigma","99","99","3",-0.335454020405287,NA
"3238","L3CompR12.qSigma.3","qSigma","99","99","3",-0.451471694153391,NA
"3239","L32CompR1.qSigma.3","qSigma","99","99","3",-0.265813340030902,NA
"3240","L32CompR12.qSigma.3","qSigma","99","99","3",-0.375780974158158,NA
"3241","DCompL1.qConnect.3","qConnect","99","99","3",-0.142411215676482,NA
"3242","DCompL12.qConnect.3","qConnect","99","99","3",-0.0160605856194309,NA
"3243","DCompL2.qConnect.3","qConnect","99","99","3",0.207889052629678,NA
"3244","DCompL22.qConnect.3","qConnect","99","99","3",0.224580784182992,NA
"3245","DCompL3.qConnect.3","qConnect","99","99","3",-0.136072670029029,NA
"3246","DCompL32.qConnect.3","qConnect","99","99","3",-0.211599963449391,NA
"3247","DCompR1.qConnect.3","qConnect","99","99","3",0.282549784433903,NA
"3248","DCompR12.qConnect.3","qConnect","99","99","3",0.33880980982239,NA
"3249","L1CompL2.qConnect.3","qConnect","99","99","3",0.306632378515934,NA
"3250","L1CompL22.qConnect.3","qConnect","99","99","3",0.321243344623641,NA
"3251","L1CompL3.qConnect.3","qConnect","99","99","3",0.00554839234810857,NA
"3252","L1CompL32.qConnect.3","qConnect","99","99","3",-0.0605637854596336,NA
"3253","L1CompR1.qConnect.3","qConnect","99","99","3",0.371986018938674,NA
"3254","L1CompR12.qConnect.3","qConnect","99","99","3",0.421232756555103,NA
"3255","L12CompL2.qConnect.3","qConnect","99","99","3",0.220409728926332,NA
"3256","L12CompL22.qConnect.3","qConnect","99","99","3",0.236837618945447,NA
"3257","L12CompL3.qConnect.3","qConnect","99","99","3",-0.118115086942806,NA
"3258","L12CompL32.qConnect.3","qConnect","99","99","3",-0.192448541551045,NA
"3259","L12CompR1.qConnect.3","qConnect","99","99","3",0.293890319415638,NA
"3260","L12CompR12.qConnect.3","qConnect","99","99","3",0.349261058311279,NA
"3261","L2CompL3.qConnect.3","qConnect","99","99","3",-0.434234274631102,NA
"3262","L2CompL32.qConnect.3","qConnect","99","99","3",-0.529583661823768,NA
"3263","L2CompR1.qConnect.3","qConnect","99","99","3",0.0942553969896347,NA
"3264","L2CompR12.qConnect.3","qConnect","99","99","3",0.165280832978444,NA
"3265","L22CompL3.qConnect.3","qConnect","99","99","3",-0.465107708005435,NA
"3266","L22CompL32.qConnect.3","qConnect","99","99","3",-0.562509593178972,NA
"3267","L22CompR1.qConnect.3","qConnect","99","99","3",0.0747582714852298,NA
"3268","L22CompR12.qConnect.3","qConnect","99","99","3",0.147312606277164,NA
"3269","L3CompR1.qConnect.3","qConnect","99","99","3",0.368482109909603,NA
"3270","L3CompR12.qConnect.3","qConnect","99","99","3",0.418003612250688,NA
"3271","L32CompR1.qConnect.3","qConnect","99","99","3",0.407848929341715,NA
"3272","L32CompR12.qConnect.3","qConnect","99","99","3",0.454283418517759,NA
"3273","DCompL1.qTau1.3","qTau1","99","99","3",-2.09934560066839,NA
"3274","DCompL12.qTau1.3","qTau1","99","99","3",-0.53741916126222,NA
"3275","DCompL2.qTau1.3","qTau1","99","99","3",-1.13657037017357,NA
"3276","DCompL22.qTau1.3","qTau1","99","99","3",-0.817550624323263,NA
"3277","DCompL3.qTau1.3","qTau1","99","99","3",-0.59369367123152,NA
"3278","DCompL32.qTau1.3","qTau1","99","99","3",-1.0313748494733,NA
"3279","DCompR1.qTau1.3","qTau1","99","99","3",-0.816886458853282,NA
"3280","DCompR12.qTau1.3","qTau1","99","99","3",-0.931535850164928,NA
"3281","L1CompL2.qTau1.3","qTau1","99","99","3",0.310638229659576,NA
"3282","L1CompL22.qTau1.3","qTau1","99","99","3",0.413569553543401,NA
"3283","L1CompL3.qTau1.3","qTau1","99","99","3",0.48579672080202,NA
"3284","L1CompL32.qTau1.3","qTau1","99","99","3",0.344579433466463,NA
"3285","L1CompR1.qTau1.3","qTau1","99","99","3",0.413783845705539,NA
"3286","L1CompR12.qTau1.3","qTau1","99","99","3",0.376792362314038,NA
"3287","L12CompL2.qTau1.3","qTau1","99","99","3",-0.389712333505357,NA
"3288","L12CompL22.qTau1.3","qTau1","99","99","3",-0.182208905755445,NA
"3289","L12CompL3.qTau1.3","qTau1","99","99","3",-0.0366032318233235,NA
"3290","L12CompL32.qTau1.3","qTau1","99","99","3",-0.321288885072531,NA
"3291","L12CompR1.qTau1.3","qTau1","99","99","3",-0.181776905500267,NA
"3292","L12CompR12.qTau1.3","qTau1","99","99","3",-0.256349536179281,NA
"3293","L2CompL3.qTau1.3","qTau1","99","99","3",0.254087909539785,NA
"3294","L2CompL32.qTau1.3","qTau1","99","99","3",0.0492356920084585,NA
"3295","L2CompR1.qTau1.3","qTau1","99","99","3",0.149624798594542,NA
"3296","L2CompR12.qTau1.3","qTau1","99","99","3",0.0959643187375958,NA
"3297","L22CompL3.qTau1.3","qTau1","99","99","3",0.123164081426944,NA
"3298","L22CompL32.qTau1.3","qTau1","99","99","3",-0.117644164783391,NA
"3299","L22CompR1.qTau1.3","qTau1","99","99","3",0.000365417865721537,NA
"3300","L22CompR12.qTau1.3","qTau1","99","99","3",-0.0627136456703132,NA
"3301","L3CompR1.qTau1.3","qTau1","99","99","3",-0.140047483183698,NA
"3302","L3CompR12.qTau1.3","qTau1","99","99","3",-0.211986898757239,NA
"3303","L32CompR1.qTau1.3","qTau1","99","99","3",0.10558779472712,NA
"3304","L32CompR12.qTau1.3","qTau1","99","99","3",0.0491484864717419,NA
"3305","DCompL1.qTau2.3","qTau2","99","99","3",-1.73378744578252,NA
"3306","DCompL12.qTau2.3","qTau2","99","99","3",-6.41273310433713,NA
"3307","DCompL2.qTau2.3","qTau2","99","99","3",-1.70410938801109,NA
"3308","DCompL22.qTau2.3","qTau2","99","99","3",-0.940623940766349,NA
"3309","DCompL3.qTau2.3","qTau2","99","99","3",-3.02086193726158,NA
"3310","DCompL32.qTau2.3","qTau2","99","99","3",-4.19448354274465,NA
"3311","DCompR1.qTau2.3","qTau2","99","99","3",-0.202426349278379,NA
"3312","DCompR12.qTau2.3","qTau2","99","99","3",0.00411961626755237,NA
"3313","L1CompL2.qTau2.3","qTau2","99","99","3",0.0108560224084792,NA
"3314","L1CompL22.qTau2.3","qTau2","99","99","3",0.290133567713834,NA
"3315","L1CompL3.qTau2.3","qTau2","99","99","3",-0.470802692968928,NA
"3316","L1CompL32.qTau2.3","qTau2","99","99","3",-0.900105127323743,NA
"3317","L1CompR1.qTau2.3","qTau2","99","99","3",0.560160995276575,NA
"3318","L1CompR12.qTau2.3","qTau2","99","99","3",0.635714040142801,NA
"3319","L12CompL2.qTau2.3","qTau2","99","99","3",0.635207507143494,NA
"3320","L12CompL22.qTau2.3","qTau2","99","99","3",0.738203991233556,NA
"3321","L12CompL3.qTau2.3","qTau2","99","99","3",0.45757362626357,NA
"3322","L12CompL32.qTau2.3","qTau2","99","99","3",0.299248540365577,NA
"3323","L12CompR1.qTau2.3","qTau2","99","99","3",0.837789067493223,NA
"3324","L12CompR12.qTau2.3","qTau2","99","99","3",0.865652739722982,NA
"3325","L2CompL3.qTau2.3","qTau2","99","99","3",-0.486945001222374,NA
"3326","L2CompL32.qTau2.3","qTau2","99","99","3",-0.920959102385007,NA
"3327","L2CompR1.qTau2.3","qTau2","99","99","3",0.555333687827333,NA
"3328","L2CompR12.qTau2.3","qTau2","99","99","3",0.631715940136234,NA
"3329","L22CompL3.qTau2.3","qTau2","99","99","3",-1.07194286991726,NA
"3330","L22CompL32.qTau2.3","qTau2","99","99","3",-1.67670795645928,NA
"3331","L22CompR1.qTau2.3","qTau2","99","99","3",0.38039188117841,NA
"3332","L22CompR12.qTau2.3","qTau2","99","99","3",0.486824642934593,NA
"3333","L3CompR1.qTau2.3","qTau2","99","99","3",0.700953087163869,NA
"3334","L3CompR12.qTau2.3","qTau2","99","99","3",0.752321666530362,NA
"3335","L32CompR1.qTau2.3","qTau2","99","99","3",0.768518594893258,NA
"3336","L32CompR12.qTau2.3","qTau2","99","99","3",0.808281155279925,NA
"3337","DCompL1.qNPQ.3","qNPQ","99","99","3",0.869381900720281,NA
"3338","DCompL12.qNPQ.3","qNPQ","99","99","3",0.520530893024153,NA
"3339","DCompL2.qNPQ.3","qNPQ","99","99","3",0.495974328482292,NA
"3340","DCompL22.qNPQ.3","qNPQ","99","99","3",0.646203732236871,NA
"3341","DCompL3.qNPQ.3","qNPQ","99","99","3",0.724435885756959,NA
"3342","DCompL32.qNPQ.3","qNPQ","99","99","3",0.415687633920151,NA
"3343","DCompR1.qNPQ.3","qNPQ","99","99","3",0.331193844305975,NA
"3344","DCompR12.qNPQ.3","qNPQ","99","99","3",0.519117084175979,NA
"3345","L1CompL2.qNPQ.3","qNPQ","99","99","3",-2.85877358725253,NA
"3346","L1CompL22.qNPQ.3","qNPQ","99","99","3",-1.7086312671376,NA
"3347","L1CompL3.qNPQ.3","qNPQ","99","99","3",-1.10969318771758,NA
"3348","L1CompL32.qNPQ.3","qNPQ","99","99","3",-3.47344104149414,NA
"3349","L1CompR1.qNPQ.3","qNPQ","99","99","3",-4.12031762353069,NA
"3350","L1CompR12.qNPQ.3","qNPQ","99","99","3",-2.68159480558824,NA
"3351","L12CompL2.qNPQ.3","qNPQ","99","99","3",-0.0512161559203394,NA
"3352","L12CompL22.qNPQ.3","qNPQ","99","99","3",0.262108313933661,NA
"3353","L12CompL3.qNPQ.3","qNPQ","99","99","3",0.425272431041271,NA
"3354","L12CompL32.qNPQ.3","qNPQ","99","99","3",-0.218665306228549,NA
"3355","L12CompR1.qNPQ.3","qNPQ","99","99","3",-0.39488894271496,NA
"3356","L12CompR12.qNPQ.3","qNPQ","99","99","3",-0.00294869643863209,NA
"3357","L2CompL3.qNPQ.3","qNPQ","99","99","3",0.453273652881071,NA
"3358","L2CompL32.qNPQ.3","qNPQ","99","99","3",-0.159290883578181,NA
"3359","L2CompR1.qNPQ.3","qNPQ","99","99","3",-0.326928752815575,NA
"3360","L2CompR12.qNPQ.3","qNPQ","99","99","3",0.0459158273109389,NA
"3361","L22CompL3.qNPQ.3","qNPQ","99","99","3",0.221122042961927,NA
"3362","L22CompL32.qNPQ.3","qNPQ","99","99","3",-0.651550395865264,NA
"3363","L22CompR1.qNPQ.3","qNPQ","99","99","3",-0.890370862085515,NA
"3364","L22CompR12.qNPQ.3","qNPQ","99","99","3",-0.359208560520986,NA
"3365","L3CompR1.qNPQ.3","qNPQ","99","99","3",-1.42704373002703,NA
"3366","L3CompR12.qNPQ.3","qNPQ","99","99","3",-0.745085411955682,NA
"3367","L32CompR1.qNPQ.3","qNPQ","99","99","3",-0.144603801868929,NA
"3368","L32CompR12.qNPQ.3","qNPQ","99","99","3",0.177010544804548,NA
"3369","DCompL1.qqP.3","qqP","99","99","3",0.795356358593247,NA
"3370","DCompL12.qqP.3","qqP","99","99","3",0.494686910778563,NA
"3371","DCompL2.qqP.3","qqP","99","99","3",0.444643853434471,NA
"3372","DCompL22.qqP.3","qqP","99","99","3",0.491416238240578,NA
"3373","DCompL3.qqP.3","qqP","99","99","3",0.649146450134913,NA
"3374","DCompL32.qqP.3","qqP","99","99","3",0.438123007083109,NA
"3375","DCompR1.qqP.3","qqP","99","99","3",0.25755648038782,NA
"3376","DCompR12.qqP.3","qqP","99","99","3",0.323600132027711,NA
"3377","L1CompL2.qqP.3","qqP","99","99","3",-1.71377181693954,NA
"3378","L1CompL22.qqP.3","qqP","99","99","3",-1.48521653672372,NA
"3379","L1CompL3.qqP.3","qqP","99","99","3",-0.714461037993965,NA
"3380","L1CompL32.qqP.3","qqP","99","99","3",-1.74563621451641,NA
"3381","L1CompR1.qqP.3","qqP","99","99","3",-2.62798235268149,NA
"3382","L1CompR12.qqP.3","qqP","99","99","3",-2.3052571940306,NA
"3383","L12CompL2.qqP.3","qqP","99","99","3",-0.0990337642375258,NA
"3384","L12CompL22.qqP.3","qqP","99","99","3",-0.00647256643010123,NA
"3385","L12CompL3.qqP.3","qqP","99","99","3",0.305670964499127,NA
"3386","L12CompL32.qqP.3","qqP","99","99","3",-0.111938330714143,NA
"3387","L12CompR1.qqP.3","qqP","99","99","3",-0.469274268664013,NA
"3388","L12CompR12.qqP.3","qqP","99","99","3",-0.33857579073294,NA
"3389","L2CompL3.qqP.3","qqP","99","99","3",0.368236847588958,NA
"3390","L2CompL32.qqP.3","qqP","99","99","3",-0.0117417379670494,NA
"3391","L2CompR1.qqP.3","qqP","99","99","3",-0.336878189255039,NA
"3392","L2CompR12.qqP.3","qqP","99","99","3",-0.217956931160891,NA
"3393","L22CompL3.qqP.3","qqP","99","99","3",0.310136154069637,NA
"3394","L22CompL32.qqP.3","qqP","99","99","3",-0.104787520099154,NA
"3395","L22CompR1.qqP.3","qqP","99","99","3",-0.45982545145313,NA
"3396","L22CompR12.qqP.3","qqP","99","99","3",-0.329967487818162,NA
"3397","L3CompR1.qqP.3","qqP","99","99","3",-1.1161066202627,NA
"3398","L3CompR12.qqP.3","qqP","99","99","3",-0.927869529130842,NA
"3399","L32CompR1.qqP.3","qqP","99","99","3",-0.32136309009185,NA
"3400","L32CompR12.qqP.3","qqP","99","99","3",-0.20382196904143,NA
"3401","DCompL1.qABQ.3","qABQ","99","99","3",0,NA
"3402","DCompL12.qABQ.3","qABQ","99","99","3",0,NA
"3403","DCompL2.qABQ.3","qABQ","99","99","3",0,NA
"3404","DCompL22.qABQ.3","qABQ","99","99","3",1,NA
"3405","DCompL3.qABQ.3","qABQ","99","99","3",0,NA
"3406","DCompL32.qABQ.3","qABQ","99","99","3",0,NA
"3407","DCompR1.qABQ.3","qABQ","99","99","3",0,NA
"3408","DCompR12.qABQ.3","qABQ","99","99","3",1,NA
"3409","L1CompL2.qABQ.3","qABQ","99","99","3",0.658132720601804,NA
"3410","L1CompL22.qABQ.3","qABQ","99","99","3",1.09388202553477,NA
"3411","L1CompL3.qABQ.3","qABQ","99","99","3",0.191648062793419,NA
"3412","L1CompL32.qABQ.3","qABQ","99","99","3",0.318992287132201,NA
"3413","L1CompR1.qABQ.3","qABQ","99","99","3",0.968107756953116,NA
"3414","L1CompR12.qABQ.3","qABQ","99","99","3",1.2366484271968,NA
"3415","L12CompL2.qABQ.3","qABQ","99","99","3",0.58529383895783,NA
"3416","L12CompL22.qABQ.3","qABQ","99","99","3",1.11388470540066,NA
"3417","L12CompL3.qABQ.3","qABQ","99","99","3",0.0194190878984988,NA
"3418","L12CompL32.qABQ.3","qABQ","99","99","3",0.173895510735435,NA
"3419","L12CompR1.qABQ.3","qABQ","99","99","3",0.961312736029377,NA
"3420","L12CompR12.qABQ.3","qABQ","99","99","3",1.28706918349194,NA
"3421","L2CompL3.qABQ.3","qABQ","99","99","3",-1.36451975933338,NA
"3422","L2CompL32.qABQ.3","qABQ","99","99","3",-0.992023670901194,NA
"3423","L2CompR1.qABQ.3","qABQ","99","99","3",0.906711624747987,NA
"3424","L2CompR12.qABQ.3","qABQ","99","99","3",1.69222309784481,NA
"3425","L22CompL3.qABQ.3","qABQ","99","99","3",9.6102950229509,NA
"3426","L22CompL32.qABQ.3","qABQ","99","99","3",8.2538668503225,NA
"3427","L22CompR1.qABQ.3","qABQ","99","99","3",1.33970552792421,NA
"3428","L22CompR12.qABQ.3","qABQ","99","99","3",-1.5207000578524,NA
"3429","L3CompR1.qABQ.3","qABQ","99","99","3",0.960546586729174,NA
"3430","L3CompR12.qABQ.3","qABQ","99","99","3",1.29275420309448,NA
"3431","L32CompR1.qABQ.3","qABQ","99","99","3",0.953169042810717,NA
"3432","L32CompR12.qABQ.3","qABQ","99","99","3",1.34749742583714,NA
"3433","DCompL1.qqm.3","qqm","99","99","3",0,NA
"3434","DCompL12.qqm.3","qqm","99","99","3",0,NA
"3435","DCompL2.qqm.3","qqm","99","99","3",0,NA
"3436","DCompL22.qqm.3","qqm","99","99","3",0,NA
"3437","DCompL3.qqm.3","qqm","99","99","3",0,NA
"3438","DCompL32.qqm.3","qqm","99","99","3",0,NA
"3439","DCompR1.qqm.3","qqm","99","99","3",0,NA
"3440","DCompR12.qqm.3","qqm","99","99","3",0,NA
"3441","L1CompL2.qqm.3","qqm","99","99","3",0.197472620848904,NA
"3442","L1CompL22.qqm.3","qqm","99","99","3",0.338628770118265,NA
"3443","L1CompL3.qqm.3","qqm","99","99","3",0.0564227305049254,NA
"3444","L1CompL32.qqm.3","qqm","99","99","3",0.0716650762097678,NA
"3445","L1CompR1.qqm.3","qqm","99","99","3",0.520255740610856,NA
"3446","L1CompR12.qqm.3","qqm","99","99","3",0.608491631867562,NA
"3447","L12CompL2.qqm.3","qqm","99","99","3",0.118092992016099,NA
"3448","L12CompL22.qqm.3","qqm","99","99","3",0.273211185481787,NA
"3449","L12CompL3.qqm.3","qqm","99","99","3",-0.0369084322359894,NA
"3450","L12CompL32.qqm.3","qqm","99","99","3",-0.0201584348596595,NA
"3451","L12CompR1.qqm.3","qqm","99","99","3",0.472803252092319,NA
"3452","L12CompR12.qqm.3","qqm","99","99","3",0.569766736300555,NA
"3453","L2CompL3.qqm.3","qqm","99","99","3",-0.175757106870522,NA
"3454","L2CompL32.qqm.3","qqm","99","99","3",-0.156764177656112,NA
"3455","L2CompR1.qqm.3","qqm","99","99","3",0.40220823382174,NA
"3456","L2CompR12.qqm.3","qqm","99","99","3",0.512155749070429,NA
"3457","L22CompL3.qqm.3","qqm","99","99","3",-0.426698390953298,NA
"3458","L22CompL32.qqm.3","qqm","99","99","3",-0.40365180982583,NA
"3459","L22CompR1.qqm.3","qqm","99","99","3",0.274621819466004,NA
"3460","L22CompR12.qqm.3","qqm","99","99","3",0.408035380972882,NA
"3461","L3CompR1.qqm.3","qqm","99","99","3",0.491568655902591,NA
"3462","L3CompR12.qqm.3","qqm","99","99","3",0.585080755133132,NA
"3463","L32CompR1.qqm.3","qqm","99","99","3",0.483220713672571,NA
"3464","L32CompR12.qqm.3","qqm","99","99","3",0.578268189530157,NA
"3465","DCompL1.qQuant.4","qQuant","99","99","4",0.862929637002867,NA
"3466","DCompL12.qQuant.4","qQuant","99","99","4",0.764368122692218,NA
"3467","DCompL2.qQuant.4","qQuant","99","99","4",0.656619428250251,NA
"3468","DCompL22.qQuant.4","qQuant","99","99","4",0.557352636580468,NA
"3469","DCompL3.qQuant.4","qQuant","99","99","4",0.804428010780309,NA
"3470","DCompL32.qQuant.4","qQuant","99","99","4",0.807840441183742,NA
"3471","DCompR1.qQuant.4","qQuant","99","99","4",0.401795968321592,NA
"3472","DCompR12.qQuant.4","qQuant","99","99","4",0.313142362875583,NA
"3473","L1CompL2.qQuant.4","qQuant","99","99","4",-1.50514089436629,NA
"3474","L1CompL22.qQuant.4","qQuant","99","99","4",-2.22934406636678,NA
"3475","L1CompL3.qQuant.4","qQuant","99","99","4",-0.426799965677351,NA
"3476","L1CompL32.qQuant.4","qQuant","99","99","4",-0.401904500831282,NA
"3477","L1CompR1.qQuant.4","qQuant","99","99","4",-3.36421133349534,NA
"3478","L1CompR12.qQuant.4","qQuant","99","99","4",-4.01098576020247,NA
"3479","L12CompL2.qQuant.4","qQuant","99","99","4",-0.457275542142485,NA
"3480","L12CompL22.qQuant.4","qQuant","99","99","4",-0.878554669584656,NA
"3481","L12CompL3.qQuant.4","qQuant","99","99","4",0.170010477978599,NA
"3482","L12CompL32.qQuant.4","qQuant","99","99","4",0.184492518534494,NA
"3483","L12CompR1.qQuant.4","qQuant","99","99","4",-1.5387228524137,NA
"3484","L12CompR12.qQuant.4","qQuant","99","99","4",-1.91496059434796,NA
"3485","L2CompL3.qQuant.4","qQuant","99","99","4",0.430451209795814,NA
"3486","L2CompL32.qQuant.4","qQuant","99","99","4",0.440388960164289,NA
"3487","L2CompR1.qQuant.4","qQuant","99","99","4",-0.742102148150566,NA
"3488","L2CompR12.qQuant.4","qQuant","99","99","4",-1.00028101072937,NA
"3489","L22CompL3.qQuant.4","qQuant","99","99","4",0.558176541008035,NA
"3490","L22CompL32.qQuant.4","qQuant","99","99","4",0.565885680800648,NA
"3491","L22CompR1.qQuant.4","qQuant","99","99","4",-0.351423460555987,NA
"3492","L22CompR12.qQuant.4","qQuant","99","99","4",-0.551703893181054,NA
"3493","L3CompR1.qQuant.4","qQuant","99","99","4",-2.05874084558412,NA
"3494","L3CompR12.qQuant.4","qQuant","99","99","4",-2.51204505238657,NA
"3495","L32CompR1.qQuant.4","qQuant","99","99","4",-2.11305893583159,NA
"3496","L32CompR12.qQuant.4","qQuant","99","99","4",-2.57441306253823,NA
"3497","DCompL1.qSigma.4","qSigma","99","99","4",0.330668599435875,NA
"3498","DCompL12.qSigma.4","qSigma","99","99","4",0.0480439266036419,NA
"3499","DCompL2.qSigma.4","qSigma","99","99","4",-0.00228944105229263,NA
"3500","DCompL22.qSigma.4","qSigma","99","99","4",-0.0075921508983113,NA
"3501","DCompL3.qSigma.4","qSigma","99","99","4",0.230887378091902,NA
"3502","DCompL32.qSigma.4","qSigma","99","99","4",0.243378065645947,NA
"3503","DCompR1.qSigma.4","qSigma","99","99","4",-0.0130814660597882,NA
"3504","DCompR12.qSigma.4","qSigma","99","99","4",-0.123367895815018,NA
"3505","L1CompL2.qSigma.4","qSigma","99","99","4",-0.497448708080249,NA
"3506","L1CompL22.qSigma.4","qSigma","99","99","4",-0.505371106224949,NA
"3507","L1CompL3.qSigma.4","qSigma","99","99","4",-0.149075960368624,NA
"3508","L1CompL32.qSigma.4","qSigma","99","99","4",-0.130414520693872,NA
"3509","L1CompR1.qSigma.4","qSigma","99","99","4",-0.513572297976674,NA
"3510","L1CompR12.qSigma.4","qSigma","99","99","4",-0.678343336153395,NA
"3511","L12CompL2.qSigma.4","qSigma","99","99","4",-0.0528736241750701,NA
"3512","L12CompL22.qSigma.4","qSigma","99","99","4",-0.0584439545655259,NA
"3513","L12CompL3.qSigma.4","qSigma","99","99","4",0.192071311479654,NA
"3514","L12CompL32.qSigma.4","qSigma","99","99","4",0.205192387024118,NA
"3515","L12CompR1.qSigma.4","qSigma","99","99","4",-0.0642103079875827,NA
"3516","L12CompR12.qSigma.4","qSigma","99","99","4",-0.180062743659066,NA
"3517","L2CompL3.qSigma.4","qSigma","99","99","4",0.232644193975929,NA
"3518","L2CompL32.qSigma.4","qSigma","99","99","4",0.24510635015801,NA
"3519","L2CompR1.qSigma.4","qSigma","99","99","4",-0.0107673737400298,NA
"3520","L2CompR12.qSigma.4","qSigma","99","99","4",-0.120801885965801,NA
"3521","L22CompL3.qSigma.4","qSigma","99","99","4",0.236682598983724,NA
"3522","L22CompL32.qSigma.4","qSigma","99","99","4",0.249079169900745,NA
"3523","L22CompR1.qSigma.4","qSigma","99","99","4",-0.00544795347659563,NA
"3524","L22CompR12.qSigma.4","qSigma","99","99","4",-0.114903381108604,NA
"3525","L3CompR1.qSigma.4","qSigma","99","99","4",-0.317208217889372,NA
"3526","L3CompR12.qSigma.4","qSigma","99","99","4",-0.460602600732315,NA
"3527","L32CompR1.qSigma.4","qSigma","99","99","4",-0.3389533399196,NA
"3528","L32CompR12.qSigma.4","qSigma","99","99","4",-0.484714947861067,NA
"3529","DCompL1.qConnect.4","qConnect","99","99","4",-0.291047100866417,NA
"3530","DCompL12.qConnect.4","qConnect","99","99","4",0.223806476625866,NA
"3531","DCompL2.qConnect.4","qConnect","99","99","4",0.336080073739536,NA
"3532","DCompL22.qConnect.4","qConnect","99","99","4",0.0114859827706139,NA
"3533","DCompL3.qConnect.4","qConnect","99","99","4",-0.363831336703137,NA
"3534","DCompL32.qConnect.4","qConnect","99","99","4",-0.413862805601608,NA
"3535","DCompR1.qConnect.4","qConnect","99","99","4",0.163815782752474,NA
"3536","DCompR12.qConnect.4","qConnect","99","99","4",0.309117200672482,NA
"3537","L1CompL2.qConnect.4","qConnect","99","99","4",0.485750809699422,NA
"3538","L1CompL22.qConnect.4","qConnect","99","99","4",0.234331561903514,NA
"3539","L1CompL3.qConnect.4","qConnect","99","99","4",-0.0563761273991279,NA
"3540","L1CompL32.qConnect.4","qConnect","99","99","4",-0.0951287560715405,NA
"3541","L1CompR1.qConnect.4","qConnect","99","99","4",0.352320905498827,NA
"3542","L1CompR12.qConnect.4","qConnect","99","99","4",0.464866309785392,NA
"3543","L12CompL2.qConnect.4","qConnect","99","99","4",0.144646397750929,NA
"3544","L12CompL22.qConnect.4","qConnect","99","99","4",-0.273540666678445,NA
"3545","L12CompL3.qConnect.4","qConnect","99","99","4",-0.757076419260142,NA
"3546","L12CompL32.qConnect.4","qConnect","99","99","4",-0.821533886878504,NA
"3547","L12CompR1.qConnect.4","qConnect","99","99","4",-0.0772883205886724,NA
"3548","L12CompR12.qConnect.4","qConnect","99","99","4",0.109909090294607,NA
"3549","L2CompL3.qConnect.4","qConnect","99","99","4",-1.05421057985852,NA
"3550","L2CompL32.qConnect.4","qConnect","99","99","4",-1.12956826520512,NA
"3551","L2CompR1.qConnect.4","qConnect","99","99","4",-0.25946546288698,NA
"3552","L2CompR12.qConnect.4","qConnect","99","99","4",-0.0406116340247868,NA
"3553","L22CompL3.qConnect.4","qConnect","99","99","4",-0.379678297861363,NA
"3554","L22CompL32.qConnect.4","qConnect","99","99","4",-0.430291104585844,NA
"3555","L22CompR1.qConnect.4","qConnect","99","99","4",0.154099787485878,NA
"3556","L22CompR12.qConnect.4","qConnect","99","99","4",0.301089527021651,NA
"3557","L3CompR1.qConnect.4","qConnect","99","99","4",0.386885903891255,NA
"3558","L3CompR12.qConnect.4","qConnect","99","99","4",0.493425044039811,NA
"3559","L32CompR1.qConnect.4","qConnect","99","99","4",0.40858178464372,NA
"3560","L32CompR12.qConnect.4","qConnect","99","99","4",0.511350891620957,NA
"3561","DCompL1.qTau1.4","qTau1","99","99","4",-2.29559148174985,NA
"3562","DCompL12.qTau1.4","qTau1","99","99","4",-0.752497148086163,NA
"3563","DCompL2.qTau1.4","qTau1","99","99","4",-0.82131593889362,NA
"3564","DCompL22.qTau1.4","qTau1","99","99","4",-0.776788546449534,NA
"3565","DCompL3.qTau1.4","qTau1","99","99","4",-0.695861490682687,NA
"3566","DCompL32.qTau1.4","qTau1","99","99","4",-1.1654912478987,NA
"3567","DCompR1.qTau1.4","qTau1","99","99","4",-0.869393243889273,NA
"3568","DCompR12.qTau1.4","qTau1","99","99","4",-1.17394469172996,NA
"3569","L1CompL2.qTau1.4","qTau1","99","99","4",0.447347782945913,NA
"3570","L1CompL22.qTau1.4","qTau1","99","99","4",0.460858981979733,NA
"3571","L1CompL3.qTau1.4","qTau1","99","99","4",0.48541513713883,NA
"3572","L1CompL32.qTau1.4","qTau1","99","99","4",0.342912718432901,NA
"3573","L1CompR1.qTau1.4","qTau1","99","99","4",0.432759413828596,NA
"3574","L1CompR12.qTau1.4","qTau1","99","99","4",0.340347642064038,NA
"3575","L12CompL2.qTau1.4","qTau1","99","99","4",-0.0392689887584758,NA
"3576","L12CompL22.qTau1.4","qTau1","99","99","4",-0.0138610201961801,NA
"3577","L12CompL3.qTau1.4","qTau1","99","99","4",0.0323171181564123,NA
"3578","L12CompL32.qTau1.4","qTau1","99","99","4",-0.235660354861946,NA
"3579","L12CompR1.qTau1.4","qTau1","99","99","4",-0.0667025883213373,NA
"3580","L12CompR12.qTau1.4","qTau1","99","99","4",-0.240484011117533,NA
"3581","L2CompL3.qTau1.4","qTau1","99","99","4",0.0688812113987985,NA
"3582","L2CompL32.qTau1.4","qTau1","99","99","4",-0.188970678647962,NA
"3583","L2CompR1.qTau1.4","qTau1","99","99","4",-0.0263970154595241,NA
"3584","L2CompR12.qTau1.4","qTau1","99","99","4",-0.193612072077155,NA
"3585","L22CompL3.qTau1.4","qTau1","99","99","4",0.0455468130569385,NA
"3586","L22CompL32.qTau1.4","qTau1","99","99","4",-0.218767000848743,NA
"3587","L22CompR1.qTau1.4","qTau1","99","99","4",-0.052119143622794,NA
"3588","L22CompR12.qTau1.4","qTau1","99","99","4",-0.223524710396206,NA
"3589","L3CompR1.qTau1.4","qTau1","99","99","4",-0.102326607544304,NA
"3590","L3CompR12.qTau1.4","qTau1","99","99","4",-0.28191170309246,NA
"3591","L32CompR1.qTau1.4","qTau1","99","99","4",0.136734795994556,NA
"3592","L32CompR12.qTau1.4","qTau1","99","99","4",-0.00390370722553978,NA
"3593","DCompL1.qTau2.4","qTau2","99","99","4",-3.31245430103435,NA
"3594","DCompL12.qTau2.4","qTau2","99","99","4",-3.92891000621698,NA
"3595","DCompL2.qTau2.4","qTau2","99","99","4",-1.44618685616017,NA
"3596","DCompL22.qTau2.4","qTau2","99","99","4",-0.850980769449169,NA
"3597","DCompL3.qTau2.4","qTau2","99","99","4",-3.99593186086598,NA
"3598","DCompL32.qTau2.4","qTau2","99","99","4",-5.04798442103574,NA
"3599","DCompR1.qTau2.4","qTau2","99","99","4",-0.469277927381909,NA
"3600","DCompR12.qTau2.4","qTau2","99","99","4",-0.0916582521515906,NA
"3601","L1CompL2.qTau2.4","qTau2","99","99","4",0.432762254298337,NA
"3602","L1CompL22.qTau2.4","qTau2","99","99","4",0.57078251959558,NA
"3603","L1CompL3.qTau2.4","qTau2","99","99","4",-0.158489229594316,NA
"3604","L1CompL32.qTau2.4","qTau2","99","99","4",-0.402446031621742,NA
"3605","L1CompR1.qTau2.4","qTau2","99","99","4",0.659294261499884,NA
"3606","L1CompR12.qTau2.4","qTau2","99","99","4",0.746859172075226,NA
"3607","L12CompL2.qTau2.4","qTau2","99","99","4",0.503706325927088,NA
"3608","L12CompL22.qTau2.4","qTau2","99","99","4",0.624464482590579,NA
"3609","L12CompL3.qTau2.4","qTau2","99","99","4",-0.0135977030549272,NA
"3610","L12CompL32.qTau2.4","qTau2","99","99","4",-0.227042979767785,NA
"3611","L12CompR1.qTau2.4","qTau2","99","99","4",0.701906116052299,NA
"3612","L12CompR12.qTau2.4","qTau2","99","99","4",0.778519337789765,NA
"3613","L2CompL3.qTau2.4","qTau2","99","99","4",-1.04233452088292,NA
"3614","L2CompL32.qTau2.4","qTau2","99","99","4",-1.47241309706381,NA
"3615","L2CompR1.qTau2.4","qTau2","99","99","4",0.399359896124916,NA
"3616","L2CompR12.qTau2.4","qTau2","99","99","4",0.553730636152142,NA
"3617","L22CompL3.qTau2.4","qTau2","99","99","4",-1.69907280687347,NA
"3618","L22CompL32.qTau2.4","qTau2","99","99","4",-2.26744854450085,NA
"3619","L22CompR1.qTau2.4","qTau2","99","99","4",0.206216535777868,NA
"3620","L22CompR12.qTau2.4","qTau2","99","99","4",0.41022712382017,NA
"3621","L3CompR1.qTau2.4","qTau2","99","99","4",0.70590513075428,NA
"3622","L3CompR12.qTau2.4","qTau2","99","99","4",0.781490564212306,NA
"3623","L32CompR1.qTau2.4","qTau2","99","99","4",0.757063208980573,NA
"3624","L32CompR12.qTau2.4","qTau2","99","99","4",0.819500485425417,NA
"3625","DCompL1.qNPQ.4","qNPQ","99","99","4",0.837182281727089,NA
"3626","DCompL12.qNPQ.4","qNPQ","99","99","4",0.518962116372298,NA
"3627","DCompL2.qNPQ.4","qNPQ","99","99","4",0.496985294298375,NA
"3628","DCompL22.qNPQ.4","qNPQ","99","99","4",0.629476728454974,NA
"3629","DCompL3.qNPQ.4","qNPQ","99","99","4",0.70719367914906,NA
"3630","DCompL32.qNPQ.4","qNPQ","99","99","4",0.410422023799626,NA
"3631","DCompR1.qNPQ.4","qNPQ","99","99","4",0.324787663392731,NA
"3632","DCompR12.qNPQ.4","qNPQ","99","99","4",0.495374113216524,NA
"3633","L1CompL2.qNPQ.4","qNPQ","99","99","4",-2.0894346821547,NA
"3634","L1CompL22.qNPQ.4","qNPQ","99","99","4",-1.27569379718222,NA
"3635","L1CompL3.qNPQ.4","qNPQ","99","99","4",-0.79836889963133,NA
"3636","L1CompL32.qNPQ.4","qNPQ","99","99","4",-2.62109224017091,NA
"3637","L1CompR1.qNPQ.4","qNPQ","99","99","4",-3.14704458316688,NA
"3638","L1CompR12.qNPQ.4","qNPQ","99","99","4",-2.0993302948616,NA
"3639","L12CompL2.qNPQ.4","qNPQ","99","99","4",-0.0456862605252365,NA
"3640","L12CompL22.qNPQ.4","qNPQ","99","99","4",0.22974201376665,NA
"3641","L12CompL3.qNPQ.4","qNPQ","99","99","4",0.39130299126803,NA
"3642","L12CompL32.qNPQ.4","qNPQ","99","99","4",-0.225637306887614,NA
"3643","L12CompR1.qNPQ.4","qNPQ","99","99","4",-0.403657299327901,NA
"3644","L12CompR12.qNPQ.4","qNPQ","99","99","4",-0.0490356455460171,NA
"3645","L2CompL3.qNPQ.4","qNPQ","99","99","4",0.417897096184252,NA
"3646","L2CompL32.qNPQ.4","qNPQ","99","99","4",-0.172088945944446,NA
"3647","L2CompR1.qNPQ.4","qNPQ","99","99","4",-0.342331206133338,NA
"3648","L2CompR12.qNPQ.4","qNPQ","99","99","4",-0.0032030496595588,NA
"3649","L22CompL3.qNPQ.4","qNPQ","99","99","4",0.209749175456695,NA
"3650","L22CompL32.qNPQ.4","qNPQ","99","99","4",-0.591203634098129,NA
"3651","L22CompR1.qNPQ.4","qNPQ","99","99","4",-0.822320994283935,NA
"3652","L22CompR12.qNPQ.4","qNPQ","99","99","4",-0.361927645406082,NA
"3653","L3CompR1.qNPQ.4","qNPQ","99","99","4",-1.30600328109379,NA
"3654","L3CompR12.qNPQ.4","qNPQ","99","99","4",-0.723411862547763,NA
"3655","L32CompR1.qNPQ.4","qNPQ","99","99","4",-0.145246878044494,NA
"3656","L32CompR12.qNPQ.4","qNPQ","99","99","4",0.144089658783363,NA
"3657","DCompL1.qqP.4","qqP","99","99","4",0.759343058717236,NA
"3658","DCompL12.qqP.4","qqP","99","99","4",0.472337464923761,NA
"3659","DCompL2.qqP.4","qqP","99","99","4",0.420193218246321,NA
"3660","DCompL22.qqP.4","qqP","99","99","4",0.467696865720286,NA
"3661","DCompL3.qqP.4","qqP","99","99","4",0.621504321660353,NA
"3662","DCompL32.qqP.4","qqP","99","99","4",0.422009282434764,NA
"3663","DCompR1.qqP.4","qqP","99","99","4",0.242557876327284,NA
"3664","DCompR12.qqP.4","qqP","99","99","4",0.297083166784274,NA
"3665","L1CompL2.qqP.4","qqP","99","99","4",-1.40926681218152,NA
"3666","L1CompL22.qqP.4","qqP","99","99","4",-1.21187525879121,NA
"3667","L1CompL3.qqP.4","qqP","99","99","4",-0.572760279932785,NA
"3668","L1CompL32.qqP.4","qqP","99","99","4",-1.40172053415287,NA
"3669","L1CompR1.qqP.4","qqP","99","99","4",-2.14739362860408,NA
"3670","L1CompR12.qqP.4","qqP","99","99","4",-1.92082509429812,NA
"3671","L12CompL2.qqP.4","qqP","99","99","4",-0.0988212033471467,NA
"3672","L12CompL22.qqP.4","qqP","99","99","4",-0.00879463462912674,NA
"3673","L12CompL3.qqP.4","qqP","99","99","4",0.282693666540187,NA
"3674","L12CompL32.qqP.4","qqP","99","99","4",-0.095379488107346,NA
"3675","L12CompR1.qqP.4","qqP","99","99","4",-0.435466938283343,NA
"3676","L12CompR12.qqP.4","qqP","99","99","4",-0.332133298253145,NA
"3677","L2CompL3.qqP.4","qqP","99","99","4",0.347203775031999,NA
"3678","L2CompL32.qqP.4","qqP","99","99","4",0.00313218859384658,NA
"3679","L2CompR1.qqP.4","qqP","99","99","4",-0.306369893400975,NA
"3680","L2CompR12.qqP.4","qqP","99","99","4",-0.212329443766921,NA
"3681","L22CompL3.qqP.4","qqP","99","99","4",0.288947116849482,NA
"3682","L22CompL32.qqP.4","qqP","99","99","4",-0.0858300099009263,NA
"3683","L22CompR1.qqP.4","qqP","99","99","4",-0.422952590158331,NA
"3684","L22CompR12.qqP.4","qqP","99","99","4",-0.320519809012357,NA
"3685","L3CompR1.qqP.4","qqP","99","99","4",-1.00119094356744,NA
"3686","L3CompR12.qqP.4","qqP","99","99","4",-0.857133049178321,NA
"3687","L32CompR1.qqP.4","qqP","99","99","4",-0.310474546829079,NA
"3688","L32CompR12.qqP.4","qqP","99","99","4",-0.216138619278762,NA
"3689","DCompL1.qABQ.4","qABQ","99","99","4",0,NA
"3690","DCompL12.qABQ.4","qABQ","99","99","4",0,NA
"3691","DCompL2.qABQ.4","qABQ","99","99","4",1,NA
"3692","DCompL22.qABQ.4","qABQ","99","99","4",1,NA
"3693","DCompL3.qABQ.4","qABQ","99","99","4",0,NA
"3694","DCompL32.qABQ.4","qABQ","99","99","4",0,NA
"3695","DCompR1.qABQ.4","qABQ","99","99","4",1,NA
"3696","DCompR12.qABQ.4","qABQ","99","99","4",1,NA
"3697","L1CompL2.qABQ.4","qABQ","99","99","4",1.00692367239043,NA
"3698","L1CompL22.qABQ.4","qABQ","99","99","4",1.02295999956229,NA
"3699","L1CompL3.qABQ.4","qABQ","99","99","4",0.30175596205446,NA
"3700","L1CompL32.qABQ.4","qABQ","99","99","4",0.263981926130416,NA
"3701","L1CompR1.qABQ.4","qABQ","99","99","4",1.03956065402674,NA
"3702","L1CompR12.qABQ.4","qABQ","99","99","4",1.37308621388752,NA
"3703","L12CompL2.qABQ.4","qABQ","99","99","4",1.04765307946585,NA
"3704","L12CompL22.qABQ.4","qABQ","99","99","4",1.15802519558706,NA
"3705","L12CompL3.qABQ.4","qABQ","99","99","4",-3.80575578255088,NA
"3706","L12CompL32.qABQ.4","qABQ","99","99","4",-4.06574051812612,NA
"3707","L12CompR1.qABQ.4","qABQ","99","99","4",1.27228136800122,NA
"3708","L12CompR12.qABQ.4","qABQ","99","99","4",3.56781459252477,NA
"3709","L2CompL3.qABQ.4","qABQ","99","99","4",101.848797945894,NA
"3710","L2CompL32.qABQ.4","qABQ","99","99","4",107.304578317057,NA
"3711","L2CompR1.qABQ.4","qABQ","99","99","4",-4.71382523549949,NA
"3712","L2CompR12.qABQ.4","qABQ","99","99","4",-52.8855960896527,NA
"3713","L22CompL3.qABQ.4","qABQ","99","99","4",31.4113262742533,NA
"3714","L22CompL32.qABQ.4","qABQ","99","99","4",33.0565369294871,NA
"3715","L22CompR1.qABQ.4","qABQ","99","99","4",-0.723025034012428,NA
"3716","L22CompR12.qABQ.4","qABQ","99","99","4",-15.2493998693394,NA
"3717","L3CompR1.qABQ.4","qABQ","99","99","4",1.05665734596624,NA
"3718","L3CompR12.qABQ.4","qABQ","99","99","4",1.53432065812587,NA
"3719","L32CompR1.qABQ.4","qABQ","99","99","4",1.05374956870115,NA
"3720","L32CompR12.qABQ.4","qABQ","99","99","4",1.50689816885343,NA
"3721","DCompL1.qqm.4","qqm","99","99","4",0,NA
"3722","DCompL12.qqm.4","qqm","99","99","4",0,NA
"3723","DCompL2.qqm.4","qqm","99","99","4",0,NA
"3724","DCompL22.qqm.4","qqm","99","99","4",0,NA
"3725","DCompL3.qqm.4","qqm","99","99","4",0,NA
"3726","DCompL32.qqm.4","qqm","99","99","4",0,NA
"3727","DCompR1.qqm.4","qqm","99","99","4",0,NA
"3728","DCompR12.qqm.4","qqm","99","99","4",0,NA
"3729","L1CompL2.qqm.4","qqm","99","99","4",0.239081148573335,NA
"3730","L1CompL22.qqm.4","qqm","99","99","4",0.354115778760053,NA
"3731","L1CompL3.qqm.4","qqm","99","99","4",0.0677942021156523,NA
"3732","L1CompL32.qqm.4","qqm","99","99","4",0.0638397309083763,NA
"3733","L1CompR1.qqm.4","qqm","99","99","4",0.534381540403327,NA
"3734","L1CompR12.qqm.4","qqm","99","99","4",0.637117153649756,NA
"3735","L12CompL2.qqm.4","qqm","99","99","4",0.140964400847148,NA
"3736","L12CompL22.qqm.4","qqm","99","99","4",0.27083218146593,NA
"3737","L12CompL3.qqm.4","qqm","99","99","4",-0.0524091558750424,NA
"3738","L12CompL32.qqm.4","qqm","99","99","4",-0.0568735367173699,NA
"3739","L12CompR1.qqm.4","qqm","99","99","4",0.474342327481677,NA
"3740","L12CompR12.qqm.4","qqm","99","99","4",0.590325193347088,NA
"3741","L2CompL3.qqm.4","qqm","99","99","4",-0.225105405309033,NA
"3742","L2CompL32.qqm.4","qqm","99","99","4",-0.230302373684651,NA
"3743","L2CompR1.qqm.4","qqm","99","99","4",0.388083947816939,NA
"3744","L2CompR12.qqm.4","qqm","99","99","4",0.523099150888604,NA
"3745","L22CompL3.qqm.4","qqm","99","99","4",-0.443301705210772,NA
"3746","L22CompL32.qqm.4","qqm","99","99","4",-0.449424274979831,NA
"3747","L22CompR1.qqm.4","qqm","99","99","4",0.279099187927529,NA
"3748","L22CompR12.qqm.4","qqm","99","99","4",0.438161152700721,NA
"3749","L3CompR1.qqm.4","qqm","99","99","4",0.500519669955497,NA
"3750","L3CompR12.qqm.4","qqm","99","99","4",0.610726679480205,NA
"3751","L32CompR1.qqm.4","qqm","99","99","4",0.502629544353049,NA
"3752","L32CompR12.qqm.4","qqm","99","99","4",0.612371024138466,NA
"3753","DCampL1.mQuant.1","mQuant","99","99","1",0.822413603917081,NA
"3754","DCampL2.mQuant.1","mQuant","99","99","1",0.621935272474274,NA
"3755","DCampL3.mQuant.1","mQuant","99","99","1",0.816716666866832,NA
"3756","DCampR1.mQuant.1","mQuant","99","99","1",0.382518457670164,NA
"3757","L1CampL2.mQuant.1","mQuant","99","99","1",-1.12890590644792,NA
"3758","L1CampL3.mQuant.1","mQuant","99","99","1",-0.0320798055251284,NA
"3759","L1CampR1.mQuant.1","mQuant","99","99","1",-2.47707682542034,NA
"3760","L2CampL3.mQuant.1","mQuant","99","99","1",0.515206471831742,NA
"3761","L2CampR1.mQuant.1","mQuant","99","99","1",-0.633269377894604,NA
"3762","L3CampR1.mQuant.1","mQuant","99","99","1",-2.36899996183064,NA
"3763","DCampL1.mSigma.1","mSigma","99","99","1",0.292449944283761,NA
"3764","DCampL2.mSigma.1","mSigma","99","99","1",0.0309940064198434,NA
"3765","DCampL3.mSigma.1","mSigma","99","99","1",0.267361360541014,NA
"3766","DCampR1.mSigma.1","mSigma","99","99","1",-0.0213514257339196,NA
"3767","L1CampL2.mSigma.1","mSigma","99","99","1",-0.369522884991156,NA
"3768","L1CampL3.mSigma.1","mSigma","99","99","1",-0.0354583870640094,NA
"3769","L1CampR1.mSigma.1","mSigma","99","99","1",-0.44350412735114,NA
"3770","L2CampL3.mSigma.1","mSigma","99","99","1",0.243927649247938,NA
"3771","L2CampR1.mSigma.1","mSigma","99","99","1",-0.0540197196927172,NA
"3772","L3CampR1.mSigma.1","mSigma","99","99","1",-0.394072562823238,NA
"3773","DCampL1.mConnect.1","mConnect","99","99","1",-0.52367941544341,NA
"3774","DCampL2.mConnect.1","mConnect","99","99","1",0.0487887259650437,NA
"3775","DCampL3.mConnect.1","mConnect","99","99","1",-0.328867647999622,NA
"3776","DCampR1.mConnect.1","mConnect","99","99","1",0.209010433948416,NA
"3777","L1CampL2.mConnect.1","mConnect","99","99","1",0.375714297644336,NA
"3778","L1CampL3.mConnect.1","mConnect","99","99","1",0.127856139204384,NA
"3779","L1CampR1.mConnect.1","mConnect","99","99","1",0.480868771977604,NA
"3780","L2CampL3.mConnect.1","mConnect","99","99","1",-0.39702680600355,NA
"3781","L2CampR1.mConnect.1","mConnect","99","99","1",0.168439664622272,NA
"3782","L3CampR1.mConnect.1","mConnect","99","99","1",0.404764223704083,NA
"3783","DCampL1.mTau1.1","mTau1","99","99","1",-1.67162004161498,NA
"3784","DCampL2.mTau1.1","mTau1","99","99","1",-1.11733211717597,NA
"3785","DCampL3.mTau1.1","mTau1","99","99","1",-0.859911492620756,NA
"3786","DCampR1.mTau1.1","mTau1","99","99","1",-0.840785452611844,NA
"3787","L1CampL2.mTau1.1","mTau1","99","99","1",0.207472588094505,NA
"3788","L1CampL3.mTau1.1","mTau1","99","99","1",0.303826343698016,NA
"3789","L1CampR1.mTau1.1","mTau1","99","99","1",0.310985310808231,NA
"3790","L2CampL3.mTau1.1","mTau1","99","99","1",0.121577820724012,NA
"3791","L2CampR1.mTau1.1","mTau1","99","99","1",0.130610905261747,NA
"3792","L3CampR1.mTau1.1","mTau1","99","99","1",0.0102833065362492,NA
"3793","DCampL1.mTau2.1","mTau2","99","99","1",-4.11130968484114,NA
"3794","DCampL2.mTau2.1","mTau2","99","99","1",-1.36522416050315,NA
"3795","DCampL3.mTau2.1","mTau2","99","99","1",-4.4762098037007,NA
"3796","DCampR1.mTau2.1","mTau2","99","99","1",-0.0904514059259758,NA
"3797","L1CampL2.mTau2.1","mTau2","99","99","1",0.537256729421461,NA
"3798","L1CampL3.mTau2.1","mTau2","99","99","1",-0.0713907278875631,NA
"3799","L1CampR1.mTau2.1","mTau2","99","99","1",0.786659100472824,NA
"3800","L2CampL3.mTau2.1","mTau2","99","99","1",-1.31530266566183,NA
"3801","L2CampR1.mTau2.1","mTau2","99","99","1",0.538964879466643,NA
"3802","L3CampR1.mTau2.1","mTau2","99","99","1",0.800874793878592,NA
"3803","DCampL1.mNPQ.1","mNPQ","99","99","1",0.717616320654526,NA
"3804","DCampL2.mNPQ.1","mNPQ","99","99","1",0.630565125906092,NA
"3805","DCampL3.mNPQ.1","mNPQ","99","99","1",0.618532400107257,NA
"3806","DCampR1.mNPQ.1","mNPQ","99","99","1",0.468644294514516,NA
"3807","L1CampL2.mNPQ.1","mNPQ","99","99","1",-0.308272754821409,NA
"3808","L1CampL3.mNPQ.1","mNPQ","99","99","1",-0.350884019844676,NA
"3809","L1CampR1.mNPQ.1","mNPQ","99","99","1",-0.881679942399974,NA
"3810","L2CampL3.mNPQ.1","mNPQ","99","99","1",-0.032570627849759,NA
"3811","L2CampR1.mNPQ.1","mNPQ","99","99","1",-0.438293303491473,NA
"3812","L3CampR1.mNPQ.1","mNPQ","99","99","1",-0.392924866056473,NA
"3813","DCampL1.mqP.1","mqP","99","99","1",0.683696877917301,NA
"3814","DCampL2.mqP.1","mqP","99","99","1",0.523809265628772,NA
"3815","DCampL3.mqP.1","mqP","99","99","1",0.610439995130487,NA
"3816","DCampR1.mqP.1","mqP","99","99","1",0.328909950643251,NA
"3817","L1CampL2.mqP.1","mqP","99","99","1",-0.505488568167612,NA
"3818","L1CampL3.mqP.1","mqP","99","99","1",-0.23160341353716,NA
"3819","L1CampR1.mqP.1","mqP","99","99","1",-1.12166748446223,NA
"3820","L2CampL3.mqP.1","mqP","99","99","1",0.181924433317889,NA
"3821","L2CampR1.mqP.1","mqP","99","99","1",-0.409288339561814,NA
"3822","L3CampR1.mqP.1","mqP","99","99","1",-0.72268723936775,NA
"3823","DCampL1.mABQ.1","mABQ","99","99","1",0,NA
"3824","DCampL2.mABQ.1","mABQ","99","99","1",0,NA
"3825","DCampL3.mABQ.1","mABQ","99","99","1",0,NA
"3826","DCampR1.mABQ.1","mABQ","99","99","1",1,NA
"3827","L1CampL2.mABQ.1","mABQ","99","99","1",0.894019448368332,NA
"3828","L1CampL3.mABQ.1","mABQ","99","99","1",0.0857876167635884,NA
"3829","L1CampR1.mABQ.1","mABQ","99","99","1",1.07300882134278,NA
"3830","L2CampL3.mABQ.1","mABQ","99","99","1",-7.62622782351355,NA
"3831","L2CampR1.mABQ.1","mABQ","99","99","1",1.68888885950055,NA
"3832","L3CampR1.mABQ.1","mABQ","99","99","1",1.07985980356591,NA
"3833","DCampL1.mqm.1","mqm","99","99","1",0,NA
"3834","DCampL2.mqm.1","mqm","99","99","1",0,NA
"3835","DCampL3.mqm.1","mqm","99","99","1",0,NA
"3836","DCampR1.mqm.1","mqm","99","99","1",0,NA
"3837","L1CampL2.mqm.1","mqm","99","99","1",0.243768257830302,NA
"3838","L1CampL3.mqm.1","mqm","99","99","1",0.00692709486214046,NA
"3839","L1CampR1.mqm.1","mqm","99","99","1",0.534883110094162,NA
"3840","L2CampL3.mqm.1","mqm","99","99","1",-0.313185958432058,NA
"3841","L2CampR1.mqm.1","mqm","99","99","1",0.3849545529901,NA
"3842","L3CampR1.mqm.1","mqm","99","99","1",0.53163872712722,NA
"3843","DCampL1.mQuant.2","mQuant","99","99","2",0.829627265614923,NA
"3844","DCampL2.mQuant.2","mQuant","99","99","2",0.608649586718947,NA
"3845","DCampL3.mQuant.2","mQuant","99","99","2",0.816450521062207,NA
"3846","DCampR1.mQuant.2","mQuant","99","99","2",0.366748605085746,NA
"3847","L1CampL2.mQuant.2","mQuant","99","99","2",-1.29702490068933,NA
"3848","L1CampL3.mQuant.2","mQuant","99","99","2",-0.0773406883459058,NA
"3849","L1CampR1.mQuant.2","mQuant","99","99","2",-2.71685878729266,NA
"3850","L2CampL3.mQuant.2","mQuant","99","99","2",0.530984323233676,NA
"3851","L2CampR1.mQuant.2","mQuant","99","99","2",-0.618118630832968,NA
"3852","L3CampR1.mQuant.2","mQuant","99","99","2",-2.45003101386557,NA
"3853","DCampL1.mSigma.2","mSigma","99","99","2",0.369883187728934,NA
"3854","DCampL2.mSigma.2","mSigma","99","99","2",0.0899855449858363,NA
"3855","DCampL3.mSigma.2","mSigma","99","99","2",0.322292677722878,NA
"3856","DCampR1.mSigma.2","mSigma","99","99","2",-0.00760649616372062,NA
"3857","L1CampL2.mSigma.2","mSigma","99","99","2",-0.444199610758348,NA
"3858","L1CampL3.mSigma.2","mSigma","99","99","2",-0.0755264882308582,NA
"3859","L1CampR1.mSigma.2","mSigma","99","99","2",-0.599078895438621,NA
"3860","L2CampL3.mSigma.2","mSigma","99","99","2",0.255278508442403,NA
"3861","L2CampR1.mSigma.2","mSigma","99","99","2",-0.107242297758927,NA
"3862","L3CampR1.mSigma.2","mSigma","99","99","2",-0.486787087939562,NA
"3863","DCampL1.mConnect.2","mConnect","99","99","2",-0.587546580460835,NA
"3864","DCampL2.mConnect.2","mConnect","99","99","2",0.290686222309702,NA
"3865","DCampL3.mConnect.2","mConnect","99","99","2",-0.359348210821219,NA
"3866","DCampR1.mConnect.2","mConnect","99","99","2",0.200567524948313,NA
"3867","L1CampL2.mConnect.2","mConnect","99","99","2",0.553201281511754,NA
"3868","L1CampL3.mConnect.2","mConnect","99","99","2",0.143742786793301,NA
"3869","L1CampR1.mConnect.2","mConnect","99","99","2",0.496435263764275,NA
"3870","L2CampL3.mConnect.2","mConnect","99","99","2",-0.916427191429432,NA
"3871","L2CampR1.mConnect.2","mConnect","99","99","2",-0.127050538415928,NA
"3872","L3CampR1.mConnect.2","mConnect","99","99","2",0.411900152817557,NA
"3873","DCampL1.mTau1.2","mTau1","99","99","2",-0.976500808409868,NA
"3874","DCampL2.mTau1.2","mTau1","99","99","2",-0.876405932805325,NA
"3875","DCampL3.mTau1.2","mTau1","99","99","2",-0.530414107096536,NA
"3876","DCampR1.mTau1.2","mTau1","99","99","2",-1.02933723162858,NA
"3877","L1CampL2.mTau1.2","mTau1","99","99","2",0.050642466311497,NA
"3878","L1CampL3.mTau1.2","mTau1","99","99","2",0.22569517776834,NA
"3879","L1CampR1.mTau1.2","mTau1","99","99","2",-0.0267323053923879,NA
"3880","L2CampL3.mTau1.2","mTau1","99","99","2",0.184390711870919,NA
"3881","L2CampR1.mTau1.2","mTau1","99","99","2",-0.0815022464753228,NA
"3882","L3CampR1.mTau1.2","mTau1","99","99","2",-0.326005309424775,NA
"3883","DCampL1.mTau2.2","mTau2","99","99","2",-3.10625911474161,NA
"3884","DCampL2.mTau2.2","mTau2","99","99","2",-1.45796173195804,NA
"3885","DCampL3.mTau2.2","mTau2","99","99","2",-3.89237108621355,NA
"3886","DCampR1.mTau2.2","mTau2","99","99","2",-0.224042562695535,NA
"3887","L1CampL2.mTau2.2","mTau2","99","99","2",0.401410952578741,NA
"3888","L1CampL3.mTau2.2","mTau2","99","99","2",-0.191442368712138,NA
"3889","L1CampR1.mTau2.2","mTau2","99","99","2",0.701908104556486,NA
"3890","L2CampL3.mTau2.2","mTau2","99","99","2",-0.990417923356449,NA
"3891","L2CampR1.mTau2.2","mTau2","99","99","2",0.502009105031734,NA
"3892","L3CampR1.mTau2.2","mTau2","99","99","2",0.749805862816739,NA
"3893","DCampL1.mNPQ.2","mNPQ","99","99","2",0.652256401431692,NA
"3894","DCampL2.mNPQ.2","mNPQ","99","99","2",0.586723167629668,NA
"3895","DCampL3.mNPQ.2","mNPQ","99","99","2",0.56558050269064,NA
"3896","DCampR1.mNPQ.2","mNPQ","99","99","2",0.450802081945177,NA
"3897","L1CampL2.mNPQ.2","mNPQ","99","99","2",-0.188452739523689,NA
"3898","L1CampL3.mNPQ.2","mNPQ","99","99","2",-0.249252320094186,NA
"3899","L1CampR1.mNPQ.2","mNPQ","99","99","2",-0.579318556303899,NA
"3900","L2CampL3.mNPQ.2","mNPQ","99","99","2",-0.0511586018934705,NA
"3901","L2CampR1.mNPQ.2","mNPQ","99","99","2",-0.328886293734206,NA
"3902","L3CampR1.mNPQ.2","mNPQ","99","99","2",-0.264211025187312,NA
"3903","DCampL1.mqP.2","mqP","99","99","2",0.614932610996202,NA
"3904","DCampL2.mqP.2","mqP","99","99","2",0.473139174307838,NA
"3905","DCampL3.mqP.2","mqP","99","99","2",0.545432617289833,NA
"3906","DCampR1.mqP.2","mqP","99","99","2",0.302834904548653,NA
"3907","L1CampL2.mqP.2","mqP","99","99","2",-0.368230187072439,NA
"3908","L1CampL3.mqP.2","mqP","99","99","2",-0.180487872229773,NA
"3909","L1CampR1.mqP.2","mqP","99","99","2",-0.810501526122409,NA
"3910","L2CampL3.mqP.2","mqP","99","99","2",0.137215445629345,NA
"3911","L2CampR1.mqP.2","mqP","99","99","2",-0.323243371786939,NA
"3912","L3CampR1.mqP.2","mqP","99","99","2",-0.533689221815241,NA
"3913","DCampL1.mABQ.2","mABQ","99","99","2",0,NA
"3914","DCampL2.mABQ.2","mABQ","99","99","2",0,NA
"3915","DCampL3.mABQ.2","mABQ","99","99","2",0,NA
"3916","DCampR1.mABQ.2","mABQ","99","99","2",1,NA
"3917","L1CampL2.mABQ.2","mABQ","99","99","2",0.756719018405935,NA
"3918","L1CampL3.mABQ.2","mABQ","99","99","2",0.128663620258764,NA
"3919","L1CampR1.mABQ.2","mABQ","99","99","2",1.0205645901627,NA
"3920","L2CampL3.mABQ.2","mABQ","99","99","2",-2.58160499859844,NA
"3921","L2CampR1.mABQ.2","mABQ","99","99","2",1.08453020054407,NA
"3922","L3CampR1.mABQ.2","mABQ","99","99","2",1.02360120688271,NA
"3923","DCampL1.mqm.2","mqm","99","99","2",0,NA
"3924","DCampL2.mqm.2","mqm","99","99","2",0,NA
"3925","DCampL3.mqm.2","mqm","99","99","2",0,NA
"3926","DCampR1.mqm.2","mqm","99","99","2",0,NA
"3927","L1CampL2.mqm.2","mqm","99","99","2",0.266357782650966,NA
"3928","L1CampL3.mqm.2","mqm","99","99","2",0.0158827284237694,NA
"3929","L1CampR1.mqm.2","mqm","99","99","2",0.5579356895727,NA
"3930","L2CampL3.mqm.2","mqm","99","99","2",-0.34141308706616,NA
"3931","L2CampR1.mqm.2","mqm","99","99","2",0.397438833298512,NA
"3932","L3CampR1.mqm.2","mqm","99","99","2",0.550801186814596,NA
"3933","DCampL1.mQuant.3","mQuant","99","99","3",0.815186986273869,NA
"3934","DCampL2.mQuant.3","mQuant","99","99","3",0.611177006957979,NA
"3935","DCampL3.mQuant.3","mQuant","99","99","3",0.807868895719013,NA
"3936","DCampR1.mQuant.3","mQuant","99","99","3",0.370328086725587,NA
"3937","L1CampL2.mQuant.3","mQuant","99","99","3",-1.10387236917313,NA
"3938","L1CampL3.mQuant.3","mQuant","99","99","3",-0.0395972686517664,NA
"3939","L1CampR1.mQuant.3","mQuant","99","99","3",-2.40707561972614,NA
"3940","L2CampL3.mQuant.3","mQuant","99","99","3",0.505864859539768,NA
"3941","L2CampR1.mQuant.3","mQuant","99","99","3",-0.619430755234073,NA
"3942","L3CampR1.mQuant.3","mQuant","99","99","3",-2.27730335819823,NA
"3943","DCampL1.mSigma.3","mSigma","99","99","3",0.262597860403686,NA
"3944","DCampL2.mSigma.3","mSigma","99","99","3",0.0369486143217469,NA
"3945","DCampL3.mSigma.3","mSigma","99","99","3",0.236177248630878,NA
"3946","DCampR1.mSigma.3","mSigma","99","99","3",-0.0554891758924746,NA
"3947","L1CampL2.mSigma.3","mSigma","99","99","3",-0.30600568396163,NA
"3948","L1CampL3.mSigma.3","mSigma","99","99","3",-0.0358293126017663,NA
"3949","L1CampR1.mSigma.3","mSigma","99","99","3",-0.431361694272131,NA
"3950","L2CampL3.mSigma.3","mSigma","99","99","3",0.2068722783352,NA
"3951","L2CampR1.mSigma.3","mSigma","99","99","3",-0.0959842762171198,NA
"3952","L3CampR1.mSigma.3","mSigma","99","99","3",-0.381850925493582,NA
"3953","DCampL1.mConnect.3","mConnect","99","99","3",-0.171928543595713,NA
"3954","DCampL2.mConnect.3","mConnect","99","99","3",0.169086794855281,NA
"3955","DCampL3.mConnect.3","mConnect","99","99","3",-0.22770869986207,NA
"3956","DCampR1.mConnect.3","mConnect","99","99","3",0.271983812053496,NA
"3957","L1CampL2.mConnect.3","mConnect","99","99","3",0.290986460151137,NA
"3958","L1CampL3.mConnect.3","mConnect","99","99","3",-0.0475968919531665,NA
"3959","L1CampR1.mConnect.3","mConnect","99","99","3",0.378787903132043,NA
"3960","L2CampL3.mConnect.3","mConnect","99","99","3",-0.477541447482763,NA
"3961","L2CampR1.mConnect.3","mConnect","99","99","3",0.123836059604196,NA
"3962","L3CampR1.mConnect.3","mConnect","99","99","3",0.407012275771692,NA
"3963","DCampL1.mTau1.3","mTau1","99","99","3",-1.12002043445925,NA
"3964","DCampL2.mTau1.3","mTau1","99","99","3",-0.988985443453217,NA
"3965","DCampL3.mTau1.3","mTau1","99","99","3",-0.746566655058573,NA
"3966","DCampR1.mTau1.3","mTau1","99","99","3",-0.888694238839517,NA
"3967","L1CampL2.mTau1.3","mTau1","99","99","3",0.061808362257347,NA
"3968","L1CampL3.mTau1.3","mTau1","99","99","3",0.176155745166643,NA
"3969","L1CampR1.mTau1.3","mTau1","99","99","3",0.109115078260432,NA
"3970","L2CampL3.mTau1.3","mTau1","99","99","3",0.121880624713756,NA
"3971","L2CampR1.mTau1.3","mTau1","99","99","3",0.0504232974372991,NA
"3972","L3CampR1.mTau1.3","mTau1","99","99","3",-0.0813754135115891,NA
"3973","DCampL1.mTau2.3","mTau2","99","99","3",-4.04480665703048,NA
"3974","DCampL2.mTau2.3","mTau2","99","99","3",-1.20569911984602,NA
"3975","DCampL3.mTau2.3","mTau2","99","99","3",-4.162842689494,NA
"3976","DCampR1.mTau2.3","mTau2","99","99","3",-0.188046151489239,NA
"3977","L1CampL2.mTau2.3","mTau2","99","99","3",0.562778264897001,NA
"3978","L1CampL3.mTau2.3","mTau2","99","99","3",-0.0233975334414502,NA
"3979","L1CampR1.mTau2.3","mTau2","99","99","3",0.76450115291662,NA
"3980","L2CampL3.mTau2.3","mTau2","99","99","3",-1.3406831163148,NA
"3981","L2CampR1.mTau2.3","mTau2","99","99","3",0.461374336690049,NA
"3982","L3CampR1.mTau2.3","mTau2","99","99","3",0.769885270007001,NA
"3983","DCampL1.mNPQ.3","mNPQ","99","99","3",0.661064860652733,NA
"3984","DCampL2.mNPQ.3","mNPQ","99","99","3",0.584997606495335,NA
"3985","DCampL3.mNPQ.3","mNPQ","99","99","3",0.573560383201841,NA
"3986","DCampR1.mNPQ.3","mNPQ","99","99","3",0.448126832671371,NA
"3987","L1CampL2.mNPQ.3","mNPQ","99","99","3",-0.224430120476414,NA
"3988","L1CampL3.mNPQ.3","mNPQ","99","99","3",-0.258174698614638,NA
"3989","L1CampR1.mNPQ.3","mNPQ","99","99","3",-0.628255979570145,NA
"3990","L2CampL3.mNPQ.3","mNPQ","99","99","3",-0.027559415252782,NA
"3991","L2CampR1.mNPQ.3","mNPQ","99","99","3",-0.329807191394969,NA
"3992","L3CampR1.mNPQ.3","mNPQ","99","99","3",-0.294141410857331,NA
"3993","DCampL1.mqP.3","mqP","99","99","3",0.610784514491644,NA
"3994","DCampL2.mqP.3","mqP","99","99","3",0.469225266245949,NA
"3995","DCampL3.mqP.3","mqP","99","99","3",0.542509258704465,NA
"3996","DCampR1.mqP.3","mqP","99","99","3",0.299836932013823,NA
"3997","L1CampL2.mqP.3","mqP","99","99","3",-0.363704049598139,NA
"3998","L1CampL3.mqP.3","mqP","99","99","3",-0.175417624244841,NA
"3999","L1CampR1.mqP.3","mqP","99","99","3",-0.798908558511465,NA
"4000","L2CampL3.mqP.3","mqP","99","99","3",0.138069858638891,NA
"4001","L2CampR1.mqP.3","mqP","99","99","3",-0.319134132542594,NA
"4002","L3CampR1.mqP.3","mqP","99","99","3",-0.530442050047694,NA
"4003","DCampL1.mABQ.3","mABQ","99","99","3",0,NA
"4004","DCampL2.mABQ.3","mABQ","99","99","3",0,NA
"4005","DCampL3.mABQ.3","mABQ","99","99","3",0,NA
"4006","DCampR1.mABQ.3","mABQ","99","99","3",1,NA
"4007","L1CampL2.mABQ.3","mABQ","99","99","3",0.859295828743821,NA
"4008","L1CampL3.mABQ.3","mABQ","99","99","3",0.100612441137912,NA
"4009","L1CampR1.mABQ.3","mABQ","99","99","3",1.2113085605769,NA
"4010","L2CampL3.mABQ.3","mABQ","99","99","3",-5.39204616915428,NA
"4011","L2CampR1.mABQ.3","mABQ","99","99","3",2.50179315005643,NA
"4012","L3CampR1.mABQ.3","mABQ","99","99","3",1.23494716876476,NA
"4013","DCampL1.mqm.3","mqm","99","99","3",0,NA
"4014","DCampL2.mqm.3","mqm","99","99","3",0,NA
"4015","DCampL3.mqm.3","mqm","99","99","3",0,NA
"4016","DCampR1.mqm.3","mqm","99","99","3",0,NA
"4017","L1CampL2.mqm.3","mqm","99","99","3",0.250261575259436,NA
"4018","L1CampL3.mqm.3","mqm","99","99","3",0.00897719256818211,NA
"4019","L1CampR1.mqm.3","mqm","99","99","3",0.545713936849856,NA
"4020","L2CampL3.mqm.3","mqm","99","99","3",-0.321824752112375,NA
"4021","L2CampR1.mqm.3","mqm","99","99","3",0.394073922105108,NA
"4022","L3CampR1.mqm.3","mqm","99","99","3",0.541598780831894,NA
"4023","DCampL1.mQuant.4","mQuant","99","99","4",0.810187122824312,NA
"4024","DCampL2.mQuant.4","mQuant","99","99","4",0.596194001053342,NA
"4025","DCampL3.mQuant.4","mQuant","99","99","4",0.798966529546465,NA
"4026","DCampR1.mQuant.4","mQuant","99","99","4",0.357268264940589,NA
"4027","L1CampL2.mQuant.4","mQuant","99","99","4",-1.12738990607524,NA
"4028","L1CampL3.mQuant.4","mQuant","99","99","4",-0.0591139729021711,NA
"4029","L1CampR1.mQuant.4","mQuant","99","99","4",-2.38613346271817,NA
"4030","L2CampL3.mQuant.4","mQuant","99","99","4",0.502153333586085,NA
"4031","L2CampR1.mQuant.4","mQuant","99","99","4",-0.591684464163481,NA
"4032","L3CampR1.mQuant.4","mQuant","99","99","4",-2.19713793732654,NA
"4033","DCampL1.mSigma.4","mSigma","99","99","4",0.176543557288199,NA
"4034","DCampL2.mSigma.4","mSigma","99","99","4",-0.00260656440330201,NA
"4035","DCampL3.mSigma.4","mSigma","99","99","4",0.206479734980314,NA
"4036","DCampR1.mSigma.4","mSigma","99","99","4",-0.0746544762260055,NA
"4037","L1CampL2.mSigma.4","mSigma","99","99","4",-0.217558710332661,NA
"4038","L1CampL3.mSigma.4","mSigma","99","99","4",0.0363542940942079,NA
"4039","L1CampR1.mSigma.4","mSigma","99","99","4",-0.305053212877855,NA
"4040","L2CampL3.mSigma.4","mSigma","99","99","4",0.208542719354778,NA
"4041","L2CampR1.mSigma.4","mSigma","99","99","4",-0.0718606025341381,NA
"4042","L3CampR1.mSigma.4","mSigma","99","99","4",-0.354287374373917,NA
"4043","DCampL1.mConnect.4","mConnect","99","99","4",-0.0976254133521192,NA
"4044","DCampL2.mConnect.4","mConnect","99","99","4",0.117650854672097,NA
"4045","DCampL3.mConnect.4","mConnect","99","99","4",-0.249044863656463,NA
"4046","DCampR1.mConnect.4","mConnect","99","99","4",0.211267764289644,NA
"4047","L1CampL2.mConnect.4","mConnect","99","99","4",0.196129085027986,NA
"4048","L1CampL3.mConnect.4","mConnect","99","99","4",-0.137951844465693,NA
"4049","L1CampR1.mConnect.4","mConnect","99","99","4",0.281419484173942,NA
"4050","L2CampL3.mConnect.4","mConnect","99","99","4",-0.41559026862579,NA
"4051","L2CampR1.mConnect.4","mConnect","99","99","4",0.106099620669726,NA
"4052","L3CampR1.mConnect.4","mConnect","99","99","4",0.36853170077381,NA
"4053","DCampL1.mTau1.4","mTau1","99","99","4",-1.33048409491699,NA
"4054","DCampL2.mTau1.4","mTau1","99","99","4",-0.911083723313362,NA
"4055","DCampL3.mTau1.4","mTau1","99","99","4",-0.816835947267259,NA
"4056","DCampR1.mTau1.4","mTau1","99","99","4",-0.93692929817926,NA
"4057","L1CampL2.mTau1.4","mTau1","99","99","4",0.179962769331221,NA
"4058","L1CampL3.mTau1.4","mTau1","99","99","4",0.22040405629459,NA
"4059","L1CampR1.mTau1.4","mTau1","99","99","4",0.168872552100274,NA
"4060","L2CampL3.mTau1.4","mTau1","99","99","4",0.0493164035130289,NA
"4061","L2CampR1.mTau1.4","mTau1","99","99","4",-0.0135240411242097,NA
"4062","L3CampR1.mTau1.4","mTau1","99","99","4",-0.0661002723402937,NA
"4063","DCampL1.mTau2.4","mTau2","99","99","4",-3.2727658502692,NA
"4064","DCampL2.mTau2.4","mTau2","99","99","4",-1.27160834926349,NA
"4065","DCampL3.mTau2.4","mTau2","99","99","4",-4.83291151428752,NA
"4066","DCampR1.mTau2.4","mTau2","99","99","4",-0.228247082540114,NA
"4067","L1CampL2.mTau2.4","mTau2","99","99","4",0.468351782225472,NA
"4068","L1CampL3.mTau2.4","mTau2","99","99","4",-0.36513717781189,NA
"4069","L1CampR1.mTau2.4","mTau2","99","99","4",0.71254051226263,NA
"4070","L2CampL3.mTau2.4","mTau2","99","99","4",-1.56774523485912,NA
"4071","L2CampR1.mTau2.4","mTau2","99","99","4",0.459305085342576,NA
"4072","L3CampR1.mTau2.4","mTau2","99","99","4",0.78942813044025,NA
"4073","DCampL1.mNPQ.4","mNPQ","99","99","4",0.644487171210823,NA
"4074","DCampL2.mNPQ.4","mNPQ","99","99","4",0.571246084324837,NA
"4075","DCampL3.mNPQ.4","mNPQ","99","99","4",0.565640050938144,NA
"4076","DCampR1.mNPQ.4","mNPQ","99","99","4",0.431631533381242,NA
"4077","L1CampL2.mNPQ.4","mNPQ","99","99","4",-0.206015313527317,NA
"4078","L1CampL3.mNPQ.4","mNPQ","99","99","4",-0.221784177356468,NA
"4079","L1CampR1.mNPQ.4","mNPQ","99","99","4",-0.598728430010627,NA
"4080","L2CampL3.mNPQ.4","mNPQ","99","99","4",-0.0130751771161436,NA
"4081","L2CampR1.mNPQ.4","mNPQ","99","99","4",-0.325628631807929,NA
"4082","L3CampR1.mNPQ.4","mNPQ","99","99","4",-0.308519507487599,NA
"4083","DCampL1.mqP.4","mqP","99","99","4",0.582947904192617,NA
"4084","DCampL2.mqP.4","mqP","99","99","4",0.444579425124454,NA
"4085","DCampL3.mqP.4","mqP","99","99","4",0.518946695930397,NA
"4086","DCampR1.mqP.4","mqP","99","99","4",0.279967864356496,NA
"4087","L1CampL2.mqP.4","mqP","99","99","4",-0.331777445693663,NA
"4088","L1CampL3.mqP.4","mqP","99","99","4",-0.153460943861983,NA
"4089","L1CampR1.mqP.4","mqP","99","99","4",-0.726480079783734,NA
"4090","L2CampL3.mqP.4","mqP","99","99","4",0.133893618943819,NA
"4091","L2CampR1.mqP.4","mqP","99","99","4",-0.296372817670364,NA
"4092","L3CampR1.mqP.4","mqP","99","99","4",-0.496782434612121,NA
"4093","DCampL1.mABQ.4","mABQ","99","99","4",0,NA
"4094","DCampL2.mABQ.4","mABQ","99","99","4",1,NA
"4095","DCampL3.mABQ.4","mABQ","99","99","4",0,NA
"4096","DCampR1.mABQ.4","mABQ","99","99","4",1,NA
"4097","L1CampL2.mABQ.4","mABQ","99","99","4",1.01476442665675,NA
"4098","L1CampL3.mABQ.4","mABQ","99","99","4",-0.169568225269448,NA
"4099","L1CampR1.mABQ.4","mABQ","99","99","4",1.42286718004746,NA
"4100","L2CampL3.mABQ.4","mABQ","99","99","4",80.2152822768024,NA
"4101","L2CampR1.mABQ.4","mABQ","99","99","4",-27.6409482656195,NA
"4102","L3CampR1.mABQ.4","mABQ","99","99","4",1.36155836907251,NA
"4103","DCampL1.mqm.4","mqm","99","99","4",0,NA
"4104","DCampL2.mqm.4","mqm","99","99","4",0,NA
"4105","DCampL3.mqm.4","mqm","99","99","4",0,NA
"4106","DCampR1.mqm.4","mqm","99","99","4",0,NA
"4107","L1CampL2.mqm.4","mqm","99","99","4",0.264128021468658,NA
"4108","L1CampL3.mqm.4","mqm","99","99","4",0.0138493848664639,NA
"4109","L1CampR1.mqm.4","mqm","99","99","4",0.559029939040314,NA
"4110","L2CampL3.mqm.4","mqm","99","99","4",-0.340111655157331,NA
"4111","L2CampR1.mqm.4","mqm","99","99","4",0.400751660853051,NA
"4112","L3CampR1.mqm.4","mqm","99","99","4",0.552837006647333,NA
"4113","secDer1TOJp.1","OJIP2","99","99","1",20.1613658976511,NA
"4114","secDer2TJ.1","OJIP2","99","99","1",72.1566998181782,NA
"4115","secDer3TJIp.1","OJIP2","99","99","1",184.342924209683,NA
"4116","secDer4TI.1","OJIP2","99","99","1",475.291605569801,NA
"4117","secDer5TIPp.1","OJIP2","99","99","1",511.482799835382,NA
"4118","secDer1FOJp.1","OJIP2","99","99","1",0.508140464678568,NA
"4119","secDer2FJ.1","OJIP2","99","99","1",0.596189629028149,NA
"4120","secDer3FJIp.1","OJIP2","99","99","1",0.649969516115342,NA
"4121","secDer4FI.1","OJIP2","99","99","1",0.677326651530635,NA
"4122","secDer5FIPp.1","OJIP2","99","99","1",0.677966261195562,NA
"4123","firDer1TOJ.1","OJIP2","99","99","1",55.049421034838,NA
"4124","firDer2TJp.1","OJIP2","99","99","1",143.900472268121,NA
"4125","firDer3TJI.1","OJIP2","99","99","1",325.556123392529,NA
"4126","firDer4TIp.1","OJIP2","99","99","1",452.944377016945,NA
"4127","firDer5TIP.1","OJIP2","99","99","1",721.482547076021,NA
"4128","firDer1FOJ.1","OJIP2","99","99","1",0.570742350761878,NA
"4129","firDer2FJp.1","OJIP2","99","99","1",0.651156485468596,NA
"4130","firDer3FJI.1","OJIP2","99","99","1",0.663704927801314,NA
"4131","firDer4FIp.1","OJIP2","99","99","1",0.677314706698525,NA
"4132","firDer5FIP.1","OJIP2","99","99","1",0.690104047532713,NA
"4133","MTFm.1","OJIP2","99","99","1",2751.27960784314,NA
"4134","MTFo.1","OJIP2","99","99","1",0,NA
"4135","secDer1TOJp.2","OJIP2","99","99","2",28.244042189156,NA
"4136","secDer2TJ.2","OJIP2","99","99","2",131.891114340383,NA
"4137","secDer3TJIp.2","OJIP2","99","99","2",924.251327309289,NA
"4138","secDer4TI.2","OJIP2","99","99","2",0,NA
"4139","secDer5TIPp.2","OJIP2","99","99","2",0,NA
"4140","secDer1FOJp.2","OJIP2","99","99","2",0.552330234891729,NA
"4141","secDer2FJ.2","OJIP2","99","99","2",0.731310304569137,NA
"4142","secDer3FJIp.2","OJIP2","99","99","2",0.78667885291695,NA
"4143","secDer4FI.2","OJIP2","99","99","2",0,NA
"4144","secDer5FIPp.2","OJIP2","99","99","2",0,NA
"4145","firDer1TOJ.2","OJIP2","99","99","2",78.187161655353,NA
"4146","firDer2TJp.2","OJIP2","99","99","2",556.777594272493,NA
"4147","firDer3TJI.2","OJIP2","99","99","2",6491.7321666151,NA
"4148","firDer4TIp.2","OJIP2","99","99","2",0,NA
"4149","firDer5TIP.2","OJIP2","99","99","2",0,NA
"4150","firDer1FOJ.2","OJIP2","99","99","2",0.652714370428636,NA
"4151","firDer2FJp.2","OJIP2","99","99","2",0.796833301338168,NA
"4152","firDer3FJI.2","OJIP2","99","99","2",0.883054516298065,NA
"4153","firDer4FIp.2","OJIP2","99","99","2",0,NA
"4154","firDer5FIP.2","OJIP2","99","99","2",0,NA
"4155","MTFm.2","OJIP2","99","99","2",3220.03764705882,NA
"4156","MTFo.2","OJIP2","99","99","2",0,NA
"4157","secDer1TOJp.3","OJIP2","99","99","3",30.4864648408542,NA
"4158","secDer2TJ.3","OJIP2","99","99","3",147.07803579805,NA
"4159","secDer3TJIp.3","OJIP2","99","99","3",1072.94842485036,NA
"4160","secDer4TI.3","OJIP2","99","99","3",0,NA
"4161","secDer5TIPp.3","OJIP2","99","99","3",0,NA
"4162","secDer1FOJp.3","OJIP2","99","99","3",0.537517769668836,NA
"4163","secDer2FJ.3","OJIP2","99","99","3",0.736355233884111,NA
"4164","secDer3FJIp.3","OJIP2","99","99","3",0.817460163602926,NA
"4165","secDer4FI.3","OJIP2","99","99","3",0,NA
"4166","secDer5FIPp.3","OJIP2","99","99","3",0,NA
"4167","firDer1TOJ.3","OJIP2","99","99","3",84.5466497149659,NA
"4168","firDer2TJp.3","OJIP2","99","99","3",674.588065148371,NA
"4169","firDer3TJI.3","OJIP2","99","99","3",6468.42880277105,NA
"4170","firDer4TIp.3","OJIP2","99","99","3",0,NA
"4171","firDer5TIP.3","OJIP2","99","99","3",0,NA
"4172","firDer1FOJ.3","OJIP2","99","99","3",0.646234275382553,NA
"4173","firDer2FJp.3","OJIP2","99","99","3",0.82454746550779,NA
"4174","firDer3FJI.3","OJIP2","99","99","3",0.901773181923408,NA
"4175","firDer4FIp.3","OJIP2","99","99","3",0,NA
"4176","firDer5FIP.3","OJIP2","99","99","3",0,NA
"4177","MTFm.3","OJIP2","99","99","3",2646.59352941176,NA
"4178","MTFo.3","OJIP2","99","99","3",0,NA
"4179","secDer1TOJp.4","OJIP2","99","99","4",33.0390383255206,NA
"4180","secDer2TJ.4","OJIP2","99","99","4",145.064611393218,NA
"4181","secDer3TJIp.4","OJIP2","99","99","4",1257.25040387311,NA
"4182","secDer4TI.4","OJIP2","99","99","4",0,NA
"4183","secDer5TIPp.4","OJIP2","99","99","4",0,NA
"4184","secDer1FOJp.4","OJIP2","99","99","4",0.518369889810495,NA
"4185","secDer2FJ.4","OJIP2","99","99","4",0.712548216582642,NA
"4186","secDer3FJIp.4","OJIP2","99","99","4",0.820612266135649,NA
"4187","secDer4FI.4","OJIP2","99","99","4",0,NA
"4188","secDer5FIPp.4","OJIP2","99","99","4",0,NA
"4189","firDer1TOJ.4","OJIP2","99","99","4",89.7505708735275,NA
"4190","firDer2TJp.4","OJIP2","99","99","4",810.693239990537,NA
"4191","firDer3TJI.4","OJIP2","99","99","4",6468.42880277105,NA
"4192","firDer4TIp.4","OJIP2","99","99","4",0,NA
"4193","firDer5TIP.4","OJIP2","99","99","4",0,NA
"4194","firDer1FOJ.4","OJIP2","99","99","4",0.629504642083059,NA
"4195","firDer2FJp.4","OJIP2","99","99","4",0.823287918842899,NA
"4196","firDer3FJI.4","OJIP2","99","99","4",0.897743050447388,NA
"4197","firDer4FIp.4","OJIP2","99","99","4",0,NA
"4198","firDer5FIP.4","OJIP2","99","99","4",0,NA
"4199","MTFm.4","OJIP2","99","99","4",2388.54882352941,NA
"4200","MTFo.4","OJIP2","99","99","4",0,NA
