"","uni","metric","metrix","stage","col","barefoot2025.bpv10.003","pval"
"1","Quant.1.0","Quant","1","1","1",0.388264026664728,6.87601257674297e-53
"2","Sigma.1.0","Sigma","2","1","1",4.53538868454802,7.66205279927781e-46
"3","Connect.1.0","Connect","3","1","1",0.216547726382804,1.88942547089698e-09
"4","Tau1.1.0","Tau1","4","1","1",766.671715114242,5.26479009337343e-23
"5","Tau2.1.0","Tau2","5","1","1",589460.986740724,1.64294627839924e-21
"6","NPQ.1.0","NPQ","6","1","1",0.722367837952206,8.04778350457419e-83
"7","qP.1.0","qP","7","1","1",0.953407807800094,1.37520251534859e-52
"8","ABQ.1.0","ABQ","8","1","1",0,7.66205279927781e-46
"9","qm.1.0","qm","9","1","1",0,6.87601257674297e-53
"10","nTau1.1.0","nTau1","10","1","1",1,5.26479009337343e-23
"11","nTau2.1.0","nTau2","11","1","1",1,1.64294627839924e-21
"12","nCon.1.0","nCon","12","1","1",1,1.88942547089698e-09
"13","Fm.1.0","Fm","13","1","1",2291.36104361941,8.04778350457419e-83
"14","Fo.1.0","Fo","14","1","1",1401.70797828104,1.37520251534859e-52
"15","Quant.3.0","Quant","1","3","1",0.0707956611442351,1.53222636806852e-78
"16","Sigma.3.0","Sigma","2","3","1",2.97422713227003,1.54071844890119e-29
"17","Connect.3.0","Connect","3","3","1",0.207884943963834,0.00270227275464199
"18","Tau1.3.0","Tau1","4","3","1",1990.40509251345,3.16097719607933e-10
"19","Tau2.3.0","Tau2","5","3","1",3736734.37974683,1.61884820041219e-15
"20","NPQ.3.0","NPQ","6","3","1",0.104555784644801,5.20670925118157e-93
"21","qP.3.0","qP","7","3","1",0.234723287164011,3.06445273613703e-78
"22","ABQ.3.0","ABQ","8","3","1",0.344217808188489,1.54071844890119e-29
"23","qm.3.0","qm","9","3","1",0.817661034032988,1.53222636806852e-78
"24","nTau1.3.0","nTau1","10","3","1",2.59616345989347,3.16097719607933e-10
"25","nTau2.3.0","nTau2","11","3","1",6.33923951508336,1.61884820041219e-15
"26","nCon.3.0","nCon","12","3","1",0.959995966876803,0.00270227275464199
"27","Fm.3.0","Fm","13","3","1",3572.9898132178,5.20670925118157e-93
"28","Fo.3.0","Fo","14","3","1",3320.03763712943,3.06445273613703e-78
"29","Quant.4.0","Quant","1","4","1",0.0706651100596976,8.14875502711397e-80
"30","Sigma.4.0","Sigma","2","4","1",3.00852273391454,9.96637081106912e-28
"31","Connect.4.0","Connect","3","4","1",0.1049299999341,0.191291656708157
"32","Tau1.4.0","Tau1","4","4","1",2844.17309925895,2.2223695945515e-08
"33","Tau2.4.0","Tau2","5","4","1",2937939.46617196,1.44063839446792e-15
"34","NPQ.4.0","NPQ","6","4","1",0.0831582388484687,1.027252122699e-94
"35","qP.4.0","qP","7","4","1",0.209973668878478,1.62975100542279e-79
"36","ABQ.4.0","ABQ","8","4","1",0.336656030349831,9.96637081106912e-28
"37","qm.4.0","qm","9","4","1",0.817997277093306,8.14875502711397e-80
"38","nTau1.4.0","nTau1","10","4","1",3.70976657047422,2.2223695945515e-08
"39","nTau2.4.0","nTau2","11","4","1",4.98411181105734,1.44063839446792e-15
"40","nCon.4.0","nCon","12","4","1",0.484558308169944,0.191291656708157
"41","Fm.4.0","Fm","13","4","1",3643.57341810219,1.027252122699e-94
"42","Fo.4.0","Fo","14","4","1",3386.09990150141,1.62975100542279e-79
"43","Quant.5.0","Quant","1","5","1",0.0912635441558592,3.17467146104093e-76
"44","Sigma.5.0","Sigma","2","5","1",3.27830173037693,1.28790969252775e-30
"45","Connect.5.0","Connect","3","5","1",0.0377221288915879,0.57968271226838
"46","Tau1.5.0","Tau1","4","5","1",1884.51200639625,1.54015682576351e-11
"47","Tau2.5.0","Tau2","5","5","1",2446324.86409812,1.03709275426504e-16
"48","NPQ.5.0","NPQ","6","5","1",0.133666150777902,1.36498357543188e-94
"49","qP.5.0","qP","7","5","1",0.293356757467826,6.34934292208186e-76
"50","ABQ.5.0","ABQ","8","5","1",0.277172926425019,1.28790969252775e-30
"51","qm.5.0","qm","9","5","1",0.764944630745648,3.17467146104093e-76
"52","nTau1.5.0","nTau1","10","5","1",2.45804295273296,1.54015682576351e-11
"53","nTau2.5.0","nTau2","11","5","1",4.15010478916418,1.03709275426504e-16
"54","nCon.5.0","nCon","12","5","1",0.174197760104413,0.57968271226838
"55","Fm.5.0","Fm","13","5","1",3481.2423074982,1.36498357543188e-94
"56","Fo.5.0","Fo","14","5","1",3163.53179645059,6.34934292208186e-76
"57","Quant.6.0","Quant","1","6","1",0.099425963099566,4.88828516883765e-76
"58","Sigma.6.0","Sigma","2","6","1",3.28557405034835,6.22238660776456e-32
"59","Connect.6.0","Connect","3","6","1",0.0973354187044058,0.117112299758537
"60","Tau1.6.0","Tau1","4","6","1",1504.93005348781,4.68218329939128e-13
"61","Tau2.6.0","Tau2","5","6","1",2310054.46736367,9.4588918895852e-19
"62","NPQ.6.0","NPQ","6","6","1",0.159395169185909,4.51744119008762e-94
"63","qP.6.0","qP","7","6","1",0.330067473072727,9.7765703376753e-76
"64","ABQ.6.0","ABQ","8","6","1",0.275569465183385,6.22238660776456e-32
"65","qm.6.0","qm","9","6","1",0.743921774176051,4.88828516883765e-76
"66","nTau1.6.0","nTau1","10","6","1",1.96293931785857,4.68218329939128e-13
"67","nTau2.6.0","nTau2","11","6","1",3.91892681504934,9.4588918895852e-19
"68","nCon.6.0","nCon","12","6","1",0.449487142304788,0.117112299758537
"69","Fm.6.0","Fm","13","6","1",3403.98741650599,4.51744119008762e-94
"70","Fo.6.0","Fo","14","6","1",3065.54268924108,9.7765703376753e-76
"71","Quant.7.0","Quant","1","7","1",0.103468650806456,1.56950240869405e-74
"72","Sigma.7.0","Sigma","2","7","1",3.28562939864324,6.22785205479264e-31
"73","Connect.7.0","Connect","3","7","1",0.0380356338413371,0.570240139247869
"74","Tau1.7.0","Tau1","4","7","1",1508.50695465045,4.45678040863342e-11
"75","Tau2.7.0","Tau2","5","7","1",2139091.94495352,9.82026472881973e-17
"76","NPQ.7.0","NPQ","6","7","1",0.190781974322355,6.72350430408936e-93
"77","qP.7.0","qP","7","7","1",0.365358843874707,3.13900481738809e-74
"78","ABQ.7.0","ABQ","8","7","1",0.275557261533655,6.22785205479264e-31
"79","qm.7.0","qm","9","7","1",0.73350956127645,1.56950240869405e-74
"80","nTau1.7.0","nTau1","10","7","1",1.96760481039223,4.45678040863342e-11
"81","nTau2.7.0","nTau2","11","7","1",3.62889485999929,9.82026472881973e-17
"82","nCon.7.0","nCon","12","7","1",0.175645500771037,0.570240139247869
"83","Fm.7.0","Fm","13","7","1",3314.26461919073,6.72350430408936e-93
"84","Fo.7.0","Fo","14","7","1",2971.34213062749,3.13900481738809e-74
"85","Quant.8.0","Quant","1","8","1",0.105197827549789,1.00215969123123e-75
"86","Sigma.8.0","Sigma","2","8","1",3.22517095793442,3.8585364876847e-33
"87","Connect.8.0","Connect","3","8","1",0.083801894559465,0.148588622344671
"88","Tau1.8.0","Tau1","4","8","1",1245.2934602841,1.07967374456241e-12
"89","Tau2.8.0","Tau2","5","8","1",2145712.93154477,1.5428478832273e-17
"90","NPQ.8.0","NPQ","6","8","1",0.230068782421482,5.39291190196419e-94
"91","qP.8.0","qP","7","8","1",0.402991038197,2.00431938246245e-75
"92","ABQ.8.0","ABQ","8","8","1",0.288887638468009,3.8585364876847e-33
"93","qm.8.0","qm","9","8","1",0.729055950783128,1.00215969123123e-75
"94","nTau1.8.0","nTau1","10","8","1",1.62428512195541,1.07967374456241e-12
"95","nTau2.8.0","nTau2","11","8","1",3.64012713277082,1.5428478832273e-17
"96","nCon.8.0","nCon","12","8","1",0.386990415273737,0.148588622344671
"97","Fm.8.0","Fm","13","8","1",3208.41128810501,5.39291190196419e-94
"98","Fo.8.0","Fo","14","8","1",2870.89339071014,2.00431938246245e-75
"99","Quant.9.0","Quant","1","9","1",0.113679186646252,1.19789615994392e-72
"100","Sigma.9.0","Sigma","2","9","1",3.16298220511453,1.12960096499867e-30
"101","Connect.9.0","Connect","3","9","1",0.0491574605576306,0.469215672948496
"102","Tau1.9.0","Tau1","4","9","1",1074.77397081934,1.51515558029157e-11
"103","Tau2.9.0","Tau2","5","9","1",1927503.12934636,3.12932728399536e-17
"104","NPQ.9.0","NPQ","6","9","1",0.26806078375442,2.09215640864028e-90
"105","qP.9.0","qP","7","9","1",0.445104562280687,2.39579231988785e-72
"106","ABQ.9.0","ABQ","8","9","1",0.302599528924445,1.12960096499867e-30
"107","qm.9.0","qm","9","9","1",0.707211642492916,1.19789615994392e-72
"108","nTau1.9.0","nTau1","10","9","1",1.40186986115588,1.51515558029157e-11
"109","nTau2.9.0","nTau2","11","9","1",3.26994181583417,3.12932728399536e-17
"110","nCon.9.0","nCon","12","9","1",0.227005202865682,0.469215672948496
"111","Fm.9.0","Fm","13","9","1",3112.28500812228,2.09215640864028e-90
"112","Fo.9.0","Fo","14","9","1",2758.48297978761,2.39579231988785e-72
"113","Quant.10.0","Quant","1","10","1",0.22889785359483,3.20595681257859e-73
"114","Sigma.10.0","Sigma","2","10","1",3.54880582219573,3.94763418219895e-50
"115","Connect.10.0","Connect","3","10","1",0.193288680303357,1.51379351669847e-12
"116","Tau1.10.0","Tau1","4","10","1",968.10895230796,2.73000115577045e-17
"117","Tau2.10.0","Tau2","5","10","1",974693.42004069,4.6029576691917e-20
"118","NPQ.10.0","NPQ","6","10","1",0.614838362736491,8.69285748721562e-97
"119","qP.10.0","qP","7","10","1",0.772524239041526,6.41191362515718e-73
"120","ABQ.10.0","ABQ","8","10","1",0.21752994748026,3.94763418219895e-50
"121","qm.10.0","qm","9","10","1",0.410458250378971,3.20595681257859e-73
"122","nTau1.10.0","nTau1","10","10","1",1.26274249228524,2.73000115577045e-17
"123","nTau2.10.0","nTau2","11","10","1",1.6535333838292,4.6029576691917e-20
"124","nCon.10.0","nCon","12","10","1",0.89259159415818,1.51379351669847e-12
"125","Fm.10.0","Fm","13","10","1",2443.9390701487,8.69285748721562e-97
"126","Fo.10.0","Fo","14","10","1",1884.52666267512,6.41191362515718e-73
"127","Quant.11.0","Quant","1","11","1",0.240717621964754,6.10874922689255e-70
"128","Sigma.11.0","Sigma","2","11","1",3.49353570824143,7.93915666715903e-48
"129","Connect.11.0","Connect","3","11","1",0.170660144984173,2.46351919181205e-09
"130","Tau1.11.0","Tau1","4","11","1",1005.53670172514,7.36064308283857e-17
"131","Tau2.11.0","Tau2","5","11","1",1016358.72506926,1.79636129814361e-17
"132","NPQ.11.0","NPQ","6","11","1",0.617181711768668,1.33191639001869e-93
"133","qP.11.0","qP","7","11","1",0.784353775091443,1.22174984537851e-69
"134","ABQ.11.0","ABQ","8","11","1",0.229716359229841,7.93915666715903e-48
"135","qm.11.0","qm","9","11","1",0.380015645455053,6.10874922689255e-70
"136","nTau1.11.0","nTau1","10","11","1",1.31156097440651,7.36064308283857e-17
"137","nTau2.11.0","nTau2","11","11","1",1.72421712026942,1.79636129814361e-17
"138","nCon.11.0","nCon","12","11","1",0.788094836343315,2.46351919181205e-09
"139","Fm.11.0","Fm","13","11","1",2440.39772274596,1.33191639001869e-93
"140","Fo.11.0","Fo","14","11","1",1852.95098627835,1.22174984537851e-69
"141","Quant.12.0","Quant","1","12","1",0.24595697051882,4.44781854510025e-70
"142","Sigma.12.0","Sigma","2","12","1",3.496637010645,1.37309791903843e-48
"143","Connect.12.0","Connect","3","12","1",0.182347714712089,1.36104926007465e-10
"144","Tau1.12.0","Tau1","4","12","1",1018.77560993968,8.66153704319374e-19
"145","Tau2.12.0","Tau2","5","12","1",1005891.77337126,1.50016154867286e-18
"146","NPQ.12.0","NPQ","6","12","1",0.625797283508497,8.18502745074312e-94
"147","qP.12.0","qP","7","12","1",0.792797302449917,8.89563709020051e-70
"148","ABQ.12.0","ABQ","8","12","1",0.229032558431438,1.37309791903843e-48
"149","qm.12.0","qm","9","12","1",0.366521352411546,4.44781854510025e-70
"150","nTau1.12.0","nTau1","10","12","1",1.32882900184713,8.66153704319374e-19
"151","nTau2.12.0","nTau2","11","12","1",1.70646030186507,1.50016154867286e-18
"152","nCon.12.0","nCon","12","12","1",0.842067094206025,1.36104926007465e-10
"153","Fm.12.0","Fm","13","12","1",2427.46534681735,8.18502745074312e-94
"154","Fo.12.0","Fo","14","12","1",1830.41332407474,8.89563709020051e-70
"155","Quant.13.0","Quant","1","13","1",0.252157527267411,7.99792139268549e-68
"156","Sigma.13.0","Sigma","2","13","1",3.54244625550736,1.4489088121816e-46
"157","Connect.13.0","Connect","3","13","1",0.143484052339397,7.25918225515048e-07
"158","Tau1.13.0","Tau1","4","13","1",951.969300778184,1.39247156048789e-17
"159","Tau2.13.0","Tau2","5","13","1",931641.629680873,1.82005077409222e-18
"160","NPQ.13.0","NPQ","6","13","1",0.636342713143709,4.97406705437192e-92
"161","qP.13.0","qP","7","13","1",0.8028192266068,1.5995842785371e-67
"162","ABQ.13.0","ABQ","8","13","1",0.218932157330549,1.4489088121816e-46
"163","qm.13.0","qm","9","13","1",0.350551403297652,7.99792139268549e-68
"164","nTau1.13.0","nTau1","10","13","1",1.2416909115218,1.39247156048789e-17
"165","nTau2.13.0","nTau2","11","13","1",1.58049752339362,1.82005077409222e-18
"166","nCon.13.0","nCon","12","13","1",0.662597824212439,7.25918225515048e-07
"167","Fm.13.0","Fm","13","13","1",2411.82151817366,4.97406705437192e-92
"168","Fo.13.0","Fo","14","13","1",1803.66256794066,1.5995842785371e-67
"169","Quant.14.0","Quant","1","14","1",0.255225658683876,2.41490893233934e-69
"170","Sigma.14.0","Sigma","2","14","1",3.44282784949119,1.55238218088827e-48
"171","Connect.14.0","Connect","3","14","1",0.175572988835232,4.25414536947705e-10
"172","Tau1.14.0","Tau1","4","14","1",949.589077085827,5.32420000678692e-19
"173","Tau2.14.0","Tau2","5","14","1",899130.857853961,4.57260399751626e-20
"174","NPQ.14.0","NPQ","6","14","1",0.639838259088097,4.24990804365874e-93
"175","qP.14.0","qP","7","14","1",0.8070259825852,4.82981786467869e-69
"176","ABQ.14.0","ABQ","8","14","1",0.240896847227046,1.55238218088827e-48
"177","qm.14.0","qm","9","14","1",0.342649225383254,2.41490893233934e-69
"178","nTau1.14.0","nTau1","10","14","1",1.23858629236678,5.32420000678692e-19
"179","nTau2.14.0","nTau2","11","14","1",1.52534413316389,4.57260399751626e-20
"180","nCon.14.0","nCon","12","14","1",0.81078195448176,4.25414536947705e-10
"181","Fm.14.0","Fm","13","14","1",2406.68038130866,4.24990804365874e-93
"182","Fo.14.0","Fo","14","14","1",1792.43379574759,4.82981786467869e-69
"183","Quant.15.0","Quant","1","15","1",0.257792462312654,2.18312377564471e-68
"184","Sigma.15.0","Sigma","2","15","1",3.53998110950365,5.68922237230415e-48
"185","Connect.15.0","Connect","3","15","1",0.171773965175462,1.93868077019488e-09
"186","Tau1.15.0","Tau1","4","15","1",914.901348527288,3.45545129411002e-17
"187","Tau2.15.0","Tau2","5","15","1",893050.29909843,6.19612519203596e-18
"188","NPQ.15.0","NPQ","6","15","1",0.647734526011672,1.34665966156788e-92
"189","qP.15.0","qP","7","15","1",0.812547275984781,4.36624755128941e-68
"190","ABQ.15.0","ABQ","8","15","1",0.219475693105578,5.68922237230415e-48
"191","qm.15.0","qm","9","15","1",0.336038250756458,2.18312377564471e-68
"192","nTau1.15.0","nTau1","10","15","1",1.19334172696192,3.45545129411002e-17
"193","nTau2.15.0","nTau2","11","15","1",1.51502867736222,6.19612519203596e-18
"194","nCon.15.0","nCon","12","15","1",0.793238368486987,1.93868077019488e-09
"195","Fm.15.0","Fm","13","15","1",2395.14709703832,1.34665966156788e-92
"196","Fo.15.0","Fo","14","15","1",1777.6962292918,4.36624755128941e-68
"197","Quant.16.0","Quant","1","16","1",0.0817356541535873,7.2443314871715e-76
"198","Sigma.16.0","Sigma","2","16","1",3.27166057626958,1.95434226632384e-26
"199","Connect.16.0","Connect","3","16","1",0,1
"200","Tau1.16.0","Tau1","4","16","1",1029.80373691136,2.33341891661893e-09
"201","Tau2.16.0","Tau2","5","16","1",3329575.17259721,5.47511261327601e-11
"202","NPQ.16.0","NPQ","6","16","1",0.227033226156498,4.19196752657266e-93
"203","qP.16.0","qP","7","16","1",0.372058886515196,1.4488662974343e-75
"204","ABQ.16.0","ABQ","8","16","1",0.278637222997874,1.95434226632384e-26
"205","qm.16.0","qm","9","16","1",0.789484349462621,7.2443314871715e-76
"206","nTau1.16.0","nTau1","10","16","1",1.34321342056803,2.33341891661893e-09
"207","nTau2.16.0","nTau2","11","16","1",5.64850812435824,5.47511261327601e-11
"208","nCon.16.0","nCon","12","16","1",0,1
"209","Fm.16.0","Fm","13","16","1",3216.3485735661,4.19196752657266e-93
"210","Fo.16.0","Fo","14","16","1",2953.45821891972,1.4488662974343e-75
"211","Quant.17.0","Quant","1","17","1",0.0821379489338874,2.45814340205268e-75
"212","Sigma.17.0","Sigma","2","17","1",3.22711627107007,5.52439676721373e-26
"213","Connect.17.0","Connect","3","17","1",0,1
"214","Tau1.17.0","Tau1","4","17","1",1077.15544161087,1.16606717286203e-09
"215","Tau2.17.0","Tau2","5","17","1",3327736.53971555,8.87408817112027e-12
"216","NPQ.17.0","NPQ","6","17","1",0.261788128346367,2.44303096995544e-92
"217","qP.17.0","qP","7","17","1",0.403007521179595,4.91628680410537e-75
"218","ABQ.17.0","ABQ","8","17","1",0.288458719742194,5.52439676721373e-26
"219","qm.17.0","qm","9","17","1",0.788448212317092,2.45814340205268e-75
"220","nTau1.17.0","nTau1","10","17","1",1.40497610695128,1.16606717286203e-09
"221","nTau2.17.0","nTau2","11","17","1",5.64538894781728,8.87408817112027e-12
"222","nCon.17.0","nCon","12","17","1",0,1
"223","Fm.17.0","Fm","13","17","1",3127.75693320148,2.44303096995544e-92
"224","Fo.17.0","Fo","14","17","1",2870.84939394456,4.91628680410537e-75
"225","Quant.18.0","Quant","1","18","1",0.0809148436665415,8.80013717274568e-79
"226","Sigma.18.0","Sigma","2","18","1",3.14233216369789,1.84532876349452e-30
"227","Connect.18.0","Connect","3","18","1",0.1230079852136,0.0697850819110028
"228","Tau1.18.0","Tau1","4","18","1",830.084093409904,2.17605249530592e-09
"229","Tau2.18.0","Tau2","5","18","1",3005229.62341804,3.80741830469227e-13
"230","NPQ.18.0","NPQ","6","18","1",0.287268697957169,2.22142788393988e-95
"231","qP.18.0","qP","7","18","1",0.422892170045579,1.76002743454914e-78
"232","ABQ.18.0","ABQ","8","18","1",0.307152620809822,1.84532876349452e-30
"233","qm.18.0","qm","9","18","1",0.791598401835943,8.80013717274568e-79
"234","nTau1.18.0","nTau1","10","18","1",1.082711253129,2.17605249530592e-09
"235","nTau2.18.0","nTau2","11","18","1",5.09826721533295,3.80741830469227e-13
"236","nCon.18.0","nCon","12","18","1",0.568040991555606,0.0697850819110028
"237","Fm.18.0","Fm","13","18","1",3065.845206156,2.22142788393988e-95
"238","Fo.18.0","Fo","14","18","1",2817.77282059407,1.76002743454914e-78
"239","Quant.19.0","Quant","1","19","1",0.0829078144672435,1.70489794842862e-75
"240","Sigma.19.0","Sigma","2","19","1",3.26028111241878,4.1799240833964e-26
"241","Connect.19.0","Connect","3","19","1",0,1
"242","Tau1.19.0","Tau1","4","19","1",1221.19732144762,1.73467693789325e-09
"243","Tau2.19.0","Tau2","5","19","1",3261271.83366864,4.92155394288572e-11
"244","NPQ.19.0","NPQ","6","19","1",0.319492156352481,1.65327695315066e-92
"245","qP.19.0","qP","7","19","1",0.450905579835175,3.40979589685724e-75
"246","ABQ.19.0","ABQ","8","19","1",0.281146261283738,4.1799240833964e-26
"247","qm.19.0","qm","9","19","1",0.786465372083426,1.70489794842862e-75
"248","nTau1.19.0","nTau1","10","19","1",1.59285558260832,1.73467693789325e-09
"249","nTau2.19.0","nTau2","11","19","1",5.53263389270428,4.92155394288572e-11
"250","nCon.19.0","nCon","12","19","1",0,1
"251","Fm.19.0","Fm","13","19","1",2990.97387405189,1.65327695315066e-92
"252","Fo.19.0","Fo","14","19","1",2742.99876702563,3.40979589685724e-75
"253","Quant.20.0","Quant","1","20","1",0.082981354781873,1.37032733723674e-76
"254","Sigma.20.0","Sigma","2","20","1",3.2873167699999,4.45231697742856e-28
"255","Connect.20.0","Connect","3","20","1",0,1
"256","Tau1.20.0","Tau1","4","20","1",1021.00952299273,3.04541489479663e-10
"257","Tau2.20.0","Tau2","5","20","1",3432810.87236436,2.85558976660923e-11
"258","NPQ.20.0","NPQ","6","20","1",0.351396808333732,2.20544357045064e-94
"259","qP.20.0","qP","7","20","1",0.475247211731075,2.74065467447349e-76
"260","ABQ.20.0","ABQ","8","20","1",0.275185215944176,4.45231697742856e-28
"261","qm.20.0","qm","9","20","1",0.786275964078617,1.37032733723674e-76
"262","nTau1.20.0","nTau1","10","20","1",1.33174278229449,3.04541489479663e-10
"263","nTau2.20.0","nTau2","11","20","1",5.82364388752039,2.85558976660923e-11
"264","nCon.20.0","nCon","12","20","1",0,1
"265","Fm.20.0","Fm","13","20","1",2920.36102374163,2.20544357045064e-94
"266","Fo.20.0","Fo","14","20","1",2678.02550953937,2.74065467447349e-76
"267","Quant.21.0","Quant","1","21","1",0.0840559065460954,5.94938710196755e-76
"268","Sigma.21.0","Sigma","2","21","1",3.08602901156432,5.92090694427848e-27
"269","Connect.21.0","Connect","3","21","1",0.0216477945057174,0.800727207919625
"270","Tau1.21.0","Tau1","4","21","1",803.760488068375,9.74392076742597e-10
"271","Tau2.21.0","Tau2","5","21","1",3267575.0533428,7.72452087747012e-12
"272","NPQ.21.0","NPQ","6","21","1",0.389028742993374,4.540566820014e-92
"273","qP.21.0","qP","7","21","1",0.503572616505772,1.18987742039351e-75
"274","ABQ.21.0","ABQ","8","21","1",0.319566805359295,5.92090694427848e-27
"275","qm.21.0","qm","9","21","1",0.78350838405465,5.94938710196755e-76
"276","nTau1.21.0","nTau1","10","21","1",1.04837634182005,9.74392076742597e-10
"277","nTau2.21.0","nTau2","11","21","1",5.54332708498662,7.72452087747012e-12
"278","nCon.21.0","nCon","12","21","1",0.0999677755445435,0.800727207919625
"279","Fm.21.0","Fm","13","21","1",2841.2418292812,4.540566820014e-92
"280","Fo.21.0","Fo","14","21","1",2602.41867160429,1.18987742039351e-75
"281","Quant.22.0","Quant","1","22","1",0.0856063359211028,3.44662979463557e-75
"282","Sigma.22.0","Sigma","2","22","1",3.08342654479475,3.12546493987941e-26
"283","Connect.22.0","Connect","3","22","1",0.0134041579845042,0.881296401565421
"284","Tau1.22.0","Tau1","4","22","1",980.997775541642,3.8964140446251e-10
"285","Tau2.22.0","Tau2","5","22","1",2875278.50813355,2.04507590258296e-13
"286","NPQ.22.0","NPQ","6","22","1",0.432947418474874,4.08885203328734e-91
"287","qP.22.0","qP","7","22","1",0.53505448714203,6.89325958927114e-75
"288","ABQ.22.0","ABQ","8","22","1",0.320140618752275,3.12546493987941e-26
"289","qm.22.0","qm","9","22","1",0.779515149377912,3.44662979463557e-75
"290","nTau1.22.0","nTau1","10","22","1",1.27955389014901,3.8964140446251e-10
"291","nTau2.22.0","nTau2","11","22","1",4.87780968174277,2.04507590258296e-13
"292","nCon.22.0","nCon","12","22","1",0.0618993244972188,0.881296401565421
"293","Fm.22.0","Fm","13","22","1",2754.16007299633,4.08885203328734e-91
"294","Fo.22.0","Fo","14","22","1",2518.38652060692,6.89325958927114e-75
"295","Quant.23.0","Quant","1","23","1",0.365232258854248,1.88458337945686e-57
"296","Sigma.23.0","Sigma","2","23","1",3.84038301476855,5.90129770254337e-47
"297","Connect.23.0","Connect","3","23","1",0.166970106735737,8.41754919367871e-08
"298","Tau1.23.0","Tau1","4","23","1",1059.94586379879,2.91222975049847e-15
"299","Tau2.23.0","Tau2","5","23","1",557822.475258589,2.63283458813791e-14
"300","NPQ.23.0","NPQ","6","23","1",0.961221960804362,5.0143767593051e-85
"301","qP.23.0","qP","7","23","1",1,3.76916675891372e-57
"302","ABQ.23.0","ABQ","8","23","1",0.153240597029168,5.90129770254337e-47
"303","qm.23.0","qm","9","23","1",0.0593198602722177,1.88458337945686e-57
"304","nTau1.23.0","nTau1","10","23","1",1.38252897935702,2.91222975049847e-15
"305","nTau2.23.0","nTau2","11","23","1",0.946326369015408,2.63283458813791e-14
"306","nCon.23.0","nCon","12","23","1",0.771054536220687,8.41754919367871e-08
"307","Fm.23.0","Fm","13","23","1",2012.29980366325,5.0143767593051e-85
"308","Fo.23.0","Fo","14","23","1",1277.34300087936,3.76916675891372e-57
"309","Quant.24.0","Quant","1","24","1",0.370739714875038,8.25010634913335e-56
"310","Sigma.24.0","Sigma","2","24","1",4.14883985821826,1.77020292570989e-46
"311","Connect.24.0","Connect","3","24","1",0.204961116187163,1.23386104057034e-09
"312","Tau1.24.0","Tau1","4","24","1",864.300537853168,1.16652090528739e-16
"313","Tau2.24.0","Tau2","5","24","1",582127.363662586,6.26570738915324e-15
"314","NPQ.24.0","NPQ","6","24","1",0.959177285833683,2.3557271658218e-84
"315","qP.24.0","qP","7","24","1",1.00365691857714,1.65002126982667e-55
"316","ABQ.24.0","ABQ","8","24","1",0.0852294815760185,1.77020292570989e-46
"317","qm.24.0","qm","9","24","1",0.0451350384948819,8.25010634913335e-56
"318","nTau1.24.0","nTau1","10","24","1",1.12734110417048,1.16652090528739e-16
"319","nTau2.24.0","nTau2","11","24","1",0.987558764289579,6.26570738915324e-15
"320","nCon.24.0","nCon","12","24","1",0.946493965144852,1.23386104057034e-09
"321","Fm.24.0","Fm","13","24","1",2014.39991939642,2.3557271658218e-84
"322","Fo.24.0","Fo","14","24","1",1267.58186763509,1.65002126982667e-55
"323","Quant.25.0","Quant","1","25","1",0.377148502255332,3.92782534772053e-54
"324","Sigma.25.0","Sigma","2","25","1",4.09486385913795,3.95502870930312e-45
"325","Connect.25.0","Connect","3","25","1",0.181950770413526,1.26979566376223e-07
"326","Tau1.25.0","Tau1","4","25","1",936.419217565166,8.04344901498053e-16
"327","Tau2.25.0","Tau2","5","25","1",539739.862039379,1.50644592628012e-14
"328","NPQ.25.0","NPQ","6","25","1",0.89957766732752,5.97709862201786e-83
"329","qP.25.0","qP","7","25","1",0.993745528004813,7.85565069544105e-54
"330","ABQ.25.0","ABQ","8","25","1",0.0971305561772324,3.95502870930312e-45
"331","qm.25.0","qm","9","25","1",0.0286287774452885,3.92782534772053e-54
"332","nTau1.25.0","nTau1","10","25","1",1.22140832784685,8.04344901498053e-16
"333","nTau2.25.0","nTau2","11","25","1",0.915649846521199,1.50644592628012e-14
"334","nCon.25.0","nCon","12","25","1",0.840234037331246,1.26979566376223e-07
"335","Fm.25.0","Fm","13","25","1",2077.6021083776,5.97709862201786e-83
"336","Fo.25.0","Fo","14","25","1",1294.03758492047,7.85565069544105e-54
"337","Quant.26.0","Quant","1","26","1",0.383263367580252,3.16084253997667e-56
"338","Sigma.26.0","Sigma","2","26","1",4.01043072119347,1.25903410874761e-47
"339","Connect.26.0","Connect","3","26","1",0.193356418239923,1.4073151254658e-09
"340","Tau1.26.0","Tau1","4","26","1",961.811087507052,5.85684065420607e-16
"341","Tau2.26.0","Tau2","5","26","1",510090.238136532,5.43850378380106e-15
"342","NPQ.26.0","NPQ","6","26","1",0.852316318870777,1.31308469437089e-84
"343","qP.26.0","qP","7","26","1",0.986256977597306,6.32168507995334e-56
"344","ABQ.26.0","ABQ","8","26","1",0.115747072603298,1.25903410874761e-47
"345","qm.26.0","qm","9","26","1",0.0128795323312151,3.16084253997667e-56
"346","nTau1.26.0","nTau1","10","26","1",1.25452794011545,5.85684065420607e-16
"347","nTau2.26.0","nTau2","11","26","1",0.865350293930302,5.43850378380106e-15
"348","nCon.26.0","nCon","12","26","1",0.892904402506241,1.4073151254658e-09
"349","Fm.26.0","Fm","13","26","1",2130.61156264747,1.31308469437089e-84
"350","Fo.26.0","Fo","14","26","1",1314.02620014177,6.32168507995334e-56
"351","Quant.27.0","Quant","1","27","1",0.385648941968012,1.51237546083118e-56
"352","Sigma.27.0","Sigma","2","27","1",4.04932952137844,2.05650240859135e-48
"353","Connect.27.0","Connect","3","27","1",0.21964585954177,1.34672930371497e-11
"354","Tau1.27.0","Tau1","4","27","1",1006.42998205344,1.32874733702953e-15
"355","Tau2.27.0","Tau2","5","27","1",498044.110173483,1.45163740223689e-14
"356","NPQ.27.0","NPQ","6","27","1",0.822925397156872,7.18629875673592e-85
"357","qP.27.0","qP","7","27","1",0.980254749701593,3.02475092166237e-56
"358","ABQ.27.0","ABQ","8","27","1",0.107170343486894,2.05650240859135e-48
"359","qm.27.0","qm","9","27","1",0.00673532575031444,1.51237546083118e-56
"360","nTau1.27.0","nTau1","10","27","1",1.31272611498844,1.32874733702953e-15
"361","nTau2.27.0","nTau2","11","27","1",0.844914458083634,1.45163740223689e-14
"362","nCon.27.0","nCon","12","27","1",1.01430692998129,1.34672930371497e-11
"363","Fm.27.0","Fm","13","27","1",2164.96329077533,7.18629875673592e-85
"364","Fo.27.0","Fo","14","27","1",1330.04748828824,3.02475092166237e-56
"365","Quant.1.1","Quant","1","1","2",0.36850639960624,1.98277253168791e-53
"366","Sigma.1.1","Sigma","2","1","2",4.44550291313953,2.49294659288681e-45
"367","Connect.1.1","Connect","3","1","2",0.243884862105711,1.10941428184137e-10
"368","Tau1.1.1","Tau1","4","1","2",932.907712957815,1.19311429537955e-22
"369","Tau2.1.1","Tau2","5","1","2",557853.455129948,3.9304387819406e-23
"370","NPQ.1.1","NPQ","6","1","2",0.651119347764418,9.70757297254682e-84
"371","qP.1.1","qP","7","1","2",0.936455969382313,3.96554506337581e-53
"372","ABQ.1.1","ABQ","8","1","2",0,2.49294659288681e-45
"373","qm.1.1","qm","9","1","2",0,1.98277253168791e-53
"374","nTau1.1.1","nTau1","10","1","2",1,1.19311429537955e-22
"375","nTau2.1.1","nTau2","11","1","2",1,3.9304387819406e-23
"376","nCon.1.1","nCon","12","1","2",1,1.10941428184137e-10
"377","Fm.1.1","Fm","13","1","2",2403.89037248922,9.70757297254682e-84
"378","Fo.1.1","Fo","14","1","2",1518.04138627512,3.96554506337581e-53
"379","Quant.3.1","Quant","1","3","2",0.0445226229358399,3.12152184418288e-86
"380","Sigma.3.1","Sigma","2","3","2",3.22353541983727,4.21645450832148e-29
"381","Connect.3.1","Connect","3","3","2",0.132081072479467,0.0602641861088686
"382","Tau1.3.1","Tau1","4","3","2",3407.80121649626,2.56743409767323e-09
"383","Tau2.3.1","Tau2","5","3","2",4553598.83709526,6.26923610124989e-22
"384","NPQ.3.1","NPQ","6","3","2",0.036305056754176,1.48292436864665e-103
"385","qP.3.1","qP","7","3","2",0.118276245379571,6.24304368836576e-86
"386","ABQ.3.1","ABQ","8","3","2",0.274877222482636,4.21645450832148e-29
"387","qm.3.1","qm","9","3","2",0.879180869088261,3.12152184418288e-86
"388","nTau1.3.1","nTau1","10","3","2",3.6528813827594,2.56743409767323e-09
"389","nTau2.3.1","nTau2","11","3","2",8.16271512746037,6.26923610124989e-22
"390","nCon.3.1","nCon","12","3","2",0.54157142570914,0.0602641861088686
"391","Fm.3.1","Fm","13","3","2",3830.05938073222,1.48292436864665e-103
"392","Fo.3.1","Fo","14","3","2",3659.535091102,6.24304368836576e-86
"393","Quant.4.1","Quant","1","4","2",0.0636676021515968,5.42792146212697e-83
"394","Sigma.4.1","Sigma","2","4","2",2.73543403083633,2.04214218576833e-31
"395","Connect.4.1","Connect","3","4","2",0.215323286967083,0.000696641563325859
"396","Tau1.4.1","Tau1","4","4","2",3524.08287643121,1.017940105766e-12
"397","Tau2.4.1","Tau2","5","4","2",2802528.92615721,1.11953968900223e-21
"398","NPQ.4.1","NPQ","6","4","2",0.0393480222048848,9.14322802528477e-99
"399","qP.4.1","qP","7","4","2",0.150302823927302,1.08558429242539e-82
"400","ABQ.4.1","ABQ","8","4","2",0.384673886333259,2.04214218576833e-31
"401","qm.4.1","qm","9","4","2",0.827227960709427,5.42792146212697e-83
"402","nTau1.4.1","nTau1","10","4","2",3.77752571608395,1.017940105766e-12
"403","nTau2.4.1","nTau2","11","4","2",5.02377264205414,1.11953968900223e-21
"404","nCon.4.1","nCon","12","4","2",0.882889102291852,0.000696641563325859
"405","Fm.4.1","Fm","13","4","2",3818.84587176243,9.14322802528477e-99
"406","Fo.4.1","Fo","14","4","2",3575.70911212079,1.08558429242539e-82
"407","Quant.5.1","Quant","1","5","2",0.0823888975434731,5.43916348516527e-82
"408","Sigma.5.1","Sigma","2","5","2",2.8525784993573,1.89911452171358e-36
"409","Connect.5.1","Connect","3","5","2",0.1841322175715,0.000113361749935892
"410","Tau1.5.1","Tau1","4","5","2",2518.69956866333,5.00859280522911e-15
"411","Tau2.5.1","Tau2","5","5","2",2393209.43891645,3.90785906099209e-21
"412","NPQ.5.1","NPQ","6","5","2",0.0853013771418235,5.7752843903392e-100
"413","qP.5.1","qP","7","5","2",0.234305539959497,1.08783269703305e-81
"414","ABQ.5.1","ABQ","8","5","2",0.358322656605181,1.89911452171358e-36
"415","qm.5.1","qm","9","5","2",0.776424784938584,5.43916348516527e-82
"416","nTau1.5.1","nTau1","10","5","2",2.6998378657174,5.00859280522911e-15
"417","nTau2.5.1","nTau2","11","5","2",4.29003247521157,3.90785906099209e-21
"418","nCon.5.1","nCon","12","5","2",0.754996501142777,0.000113361749935892
"419","Fm.5.1","Fm","13","5","2",3657.14997466819,5.7752843903392e-100
"420","Fo.5.1","Fo","14","5","2",3355.84142010414,1.08783269703305e-81
"421","Quant.6.1","Quant","1","6","2",0.0894813396846025,5.83606345274595e-81
"422","Sigma.6.1","Sigma","2","6","2",2.83926880545595,5.31931297244999e-36
"423","Connect.6.1","Connect","3","6","2",0.132076168536667,0.00712077461867522
"424","Tau1.6.1","Tau1","4","6","2",2509.08937275831,4.8735161850691e-13
"425","Tau2.6.1","Tau2","5","6","2",2280023.00936867,8.250690594205e-19
"426","NPQ.6.1","NPQ","6","6","2",0.109409430923227,1.24204244466806e-98
"427","qP.6.1","qP","7","6","2",0.271861564749317,1.16721269054919e-80
"428","ABQ.6.1","ABQ","8","6","2",0.361316624703147,5.31931297244999e-36
"429","qm.6.1","qm","9","6","2",0.757178329113915,5.83606345274595e-81
"430","nTau1.6.1","nTau1","10","6","2",2.68953652961358,4.8735161850691e-13
"431","nTau2.6.1","nTau2","11","6","2",4.08713612580844,8.250690594205e-19
"432","nCon.6.1","nCon","12","6","2",0.541551318094597,0.00712077461867522
"433","Fm.6.1","Fm","13","6","2",3577.67817118569,1.24204244466806e-98
"434","Fo.6.1","Fo","14","6","2",3257.54273546764,1.16721269054919e-80
"435","Quant.7.1","Quant","1","7","2",0.0927836365621687,8.00124964524375e-82
"436","Sigma.7.1","Sigma","2","7","2",3.06139314960483,3.11927946568003e-38
"437","Connect.7.1","Connect","3","7","2",0.104181814163945,0.0146382607120933
"438","Tau1.7.1","Tau1","4","7","2",2033.7818851867,2.41343631595897e-14
"439","Tau2.7.1","Tau2","5","7","2",2295537.19184249,1.68963163824184e-20
"440","NPQ.7.1","NPQ","6","7","2",0.139394076072813,2.68174805552191e-101
"441","qP.7.1","qP","7","7","2",0.309009339947613,1.60024992904875e-81
"442","ABQ.7.1","ABQ","8","7","2",0.311350546963698,3.11927946568003e-38
"443","qm.7.1","qm","9","7","2",0.748217027814684,8.00124964524375e-82
"444","nTau1.7.1","nTau1","10","7","2",2.18004616848811,2.41343631595897e-14
"445","nTau2.7.1","nTau2","11","7","2",4.11494662394404,1.68963163824184e-20
"446","nCon.7.1","nCon","12","7","2",0.427176222683259,0.0146382607120933
"447","Fm.7.1","Fm","13","7","2",3483.52689141761,2.68174805552191e-101
"448","Fo.7.1","Fo","14","7","2",3160.31259836978,1.60024992904875e-81
"449","Quant.8.1","Quant","1","8","2",0.10272875867578,5.62775541483121e-79
"450","Sigma.8.1","Sigma","2","8","2",3.09333795354398,4.88820365842612e-37
"451","Connect.8.1","Connect","3","8","2",0.120305922817512,0.00860790073379998
"452","Tau1.8.1","Tau1","4","8","2",1758.21444093834,6.38078994446129e-13
"453","Tau2.8.1","Tau2","5","8","2",2085826.86997347,2.0378550956869e-19
"454","NPQ.8.1","NPQ","6","8","2",0.175166843538,1.72321448245522e-98
"455","qP.8.1","qP","7","8","2",0.358597435621527,1.12555108296624e-78
"456","ABQ.8.1","ABQ","8","8","2",0.304164677431426,4.88820365842612e-37
"457","qm.8.1","qm","9","8","2",0.721229376788168,5.62775541483121e-79
"458","nTau1.8.1","nTau1","10","8","2",1.88466063311222,6.38078994446129e-13
"459","nTau2.8.1","nTau2","11","8","2",3.73902294732151,2.0378550956869e-19
"460","nCon.8.1","nCon","12","8","2",0.493289832664422,0.00860790073379998
"461","Fm.8.1","Fm","13","8","2",3377.48629119932,1.72321448245522e-98
"462","Fo.8.1","Fo","14","8","2",3030.52131705995,1.12555108296624e-78
"463","Quant.9.1","Quant","1","9","2",0.102056126064828,1.82785835414649e-80
"464","Sigma.9.1","Sigma","2","9","2",2.96409400868104,8.97659612666128e-39
"465","Connect.9.1","Connect","3","9","2",0.120201839745234,0.00391189590776304
"466","Tau1.9.1","Tau1","4","9","2",1768.43353967518,1.74541299794475e-15
"467","Tau2.9.1","Tau2","5","9","2",2116599.67260486,2.38916602989156e-20
"468","NPQ.9.1","NPQ","6","9","2",0.21268254292622,1.33121162176592e-99
"469","qP.9.1","qP","7","9","2",0.393575461468935,3.65571670829298e-80
"470","ABQ.9.1","ABQ","8","9","2",0.333237641140647,8.97659612666128e-39
"471","qm.9.1","qm","9","9","2",0.723054671034539,1.82785835414649e-80
"472","nTau1.9.1","nTau1","10","9","2",1.89561466274976,1.74541299794475e-15
"473","nTau2.9.1","nTau2","11","9","2",3.794185826297,2.38916602989156e-20
"474","nCon.9.1","nCon","12","9","2",0.49286306131265,0.00391189590776304
"475","Fm.9.1","Fm","13","9","2",3272.9999512849,1.33121162176592e-99
"476","Fo.9.1","Fo","14","9","2",2938.9702556464,3.65571670829298e-80
"477","Quant.10.1","Quant","1","10","2",0.224897437202739,1.56702753017183e-70
"478","Sigma.10.1","Sigma","2","10","2",3.35471253631067,2.36277289130892e-47
"479","Connect.10.1","Connect","3","10","2",0.181932533430606,1.14295666069739e-09
"480","Tau1.10.1","Tau1","4","10","2",1124.91010157285,3.61744110581685e-18
"481","Tau2.10.1","Tau2","5","10","2",931421.152530323,9.05690574509051e-23
"482","NPQ.10.1","NPQ","6","10","2",0.539665563247114,1.90353269267126e-94
"483","qP.10.1","qP","7","10","2",0.753029372066717,3.13405506034365e-70
"484","ABQ.10.1","ABQ","8","10","2",0.245369398725356,2.36277289130892e-47
"485","qm.10.1","qm","9","10","2",0.389705477454263,1.56702753017183e-70
"486","nTau1.10.1","nTau1","10","10","2",1.20581069911651,3.61744110581685e-18
"487","nTau2.10.1","nTau2","11","10","2",1.66965202772358,9.05690574509051e-23
"488","nCon.10.1","nCon","12","10","2",0.745977146181989,1.14295666069739e-09
"489","Fm.10.1","Fm","13","10","2",2577.90392840301,1.90353269267126e-94
"490","Fo.10.1","Fo","14","10","2",1998.1399415503,3.13405506034365e-70
"491","Quant.11.1","Quant","1","11","2",0.231957601571628,4.22993548167858e-70
"492","Sigma.11.1","Sigma","2","11","2",3.33110249371573,1.05180365136725e-47
"493","Connect.11.1","Connect","3","11","2",0.195701470649824,1.02749241492141e-10
"494","Tau1.11.1","Tau1","4","11","2",1169.27617175268,9.53150019861941e-20
"495","Tau2.11.1","Tau2","5","11","2",950529.682355647,2.00353096444643e-22
"496","NPQ.11.1","NPQ","6","11","2",0.53921926880541,6.3639166958393e-94
"497","qP.11.1","qP","7","11","2",0.759763698625485,8.45987096335716e-70
"498","ABQ.11.1","ABQ","8","11","2",0.250680393466839,1.05180365136725e-47
"499","qm.11.1","qm","9","11","2",0.370546612434733,4.22993548167858e-70
"500","nTau1.11.1","nTau1","10","11","2",1.25336746123092,9.53150019861941e-20
"501","nTau2.11.1","nTau2","11","11","2",1.70390570070813,2.00353096444643e-22
"502","nCon.11.1","nCon","12","11","2",0.80243385735437,1.02749241492141e-10
"503","Fm.11.1","Fm","13","11","2",2578.65138798711,6.3639166958393e-94
"504","Fo.11.1","Fo","14","11","2",1980.51359674027,8.45987096335716e-70
"505","Quant.12.1","Quant","1","12","2",0.238073290772799,5.90327320157865e-71
"506","Sigma.12.1","Sigma","2","12","2",3.36938492800959,3.43663374497023e-49
"507","Connect.12.1","Connect","3","12","2",0.201834761048498,3.82565137111875e-12
"508","Tau1.12.1","Tau1","4","12","2",1134.46098782091,6.61538759711553e-18
"509","Tau2.12.1","Tau2","5","12","2",925042.555985666,3.66462229037974e-20
"510","NPQ.12.1","NPQ","6","12","2",0.54980289155006,5.12531077773982e-95
"511","qP.12.1","qP","7","12","2",0.770915078515425,1.18065464031573e-70
"512","ABQ.12.1","ABQ","8","12","2",0.242068896625682,3.43663374497023e-49
"513","qm.12.1","qm","9","12","2",0.353950729140152,5.90327320157865e-71
"514","nTau1.12.1","nTau1","10","12","2",1.21604846016769,6.61538759711553e-18
"515","nTau2.12.1","nTau2","11","12","2",1.6582178482164,3.66462229037974e-20
"516","nCon.12.1","nCon","12","12","2",0.827582160310605,3.82565137111875e-12
"517","Fm.12.1","Fm","13","12","2",2561.04174638092,5.12531077773982e-95
"518","Fo.12.1","Fo","14","12","2",1951.3261100135,1.18065464031573e-70
"519","Quant.13.1","Quant","1","13","2",0.242071644377707,1.27573207029266e-69
"520","Sigma.13.1","Sigma","2","13","2",3.40629663286377,2.71193777922894e-48
"521","Connect.13.1","Connect","3","13","2",0.210515367261463,4.45589932393038e-12
"522","Tau1.13.1","Tau1","4","13","2",1077.8546394703,1.66663060794778e-17
"523","Tau2.13.1","Tau2","5","13","2",921357.636998707,2.57184007378056e-19
"524","NPQ.13.1","NPQ","6","13","2",0.558358579772307,6.95113064161374e-94
"525","qP.13.1","qP","7","13","2",0.77889894929222,2.55146414058533e-69
"526","ABQ.13.1","ABQ","8","13","2",0.233765740475433,2.71193777922894e-48
"527","qm.13.1","qm","9","13","2",0.343100568575287,1.27573207029266e-69
"528","nTau1.13.1","nTau1","10","13","2",1.15537113103388,1.66663060794778e-17
"529","nTau2.13.1","nTau2","11","13","2",1.65161231596941,2.57184007378056e-19
"530","nCon.13.1","nCon","12","13","2",0.863175210809994,4.45589932393038e-12
"531","Fm.13.1","Fm","13","13","2",2546.98113479216,6.95113064161374e-94
"532","Fo.13.1","Fo","14","13","2",1930.42922329402,2.55146414058533e-69
"533","Quant.14.1","Quant","1","14","2",0.244290937794921,3.76107869359849e-70
"534","Sigma.14.1","Sigma","2","14","2",3.3540411364412,4.84380383995993e-49
"535","Connect.14.1","Connect","3","14","2",0.217583123356362,3.74007442549917e-13
"536","Tau1.14.1","Tau1","4","14","2",1115.24168742347,3.7443698921683e-17
"537","Tau2.14.1","Tau2","5","14","2",925509.967737849,2.46915956224499e-18
"538","NPQ.14.1","NPQ","6","14","2",0.566048201295629,2.80193600359255e-94
"539","qP.14.1","qP","7","14","2",0.78466941666819,7.52215738719698e-70
"540","ABQ.14.1","ABQ","8","14","2",0.245520427727605,4.84380383995993e-49
"541","qm.14.1","qm","9","14","2",0.337078167282974,3.76107869359849e-70
"542","nTau1.14.1","nTau1","10","14","2",1.19544695786421,3.7443698921683e-17
"543","nTau2.14.1","nTau2","11","14","2",1.6590557237335,2.46915956224499e-18
"544","nCon.14.1","nCon","12","14","2",0.892155099245363,3.74007442549917e-13
"545","Fm.14.1","Fm","13","14","2",2534.47492908445,2.80193600359255e-94
"546","Fo.14.1","Fo","14","14","2",1915.32567184069,7.52215738719698e-70
"547","Quant.15.1","Quant","1","15","2",0.248746175541018,1.52650593115587e-71
"548","Sigma.15.1","Sigma","2","15","2",3.40690738472636,6.29342446711496e-51
"549","Connect.15.1","Connect","3","15","2",0.210118425905688,9.58445490670211e-14
"550","Tau1.15.1","Tau1","4","15","2",1139.62341952626,3.47162756255501e-18
"551","Tau2.15.1","Tau2","5","15","2",915440.145926595,4.08534263342965e-19
"552","NPQ.15.1","NPQ","6","15","2",0.574977839014881,1.13866349591593e-95
"553","qP.15.1","qP","7","15","2",0.793107972072413,3.05301186231174e-71
"554","ABQ.15.1","ABQ","8","15","2",0.233628354025685,6.29342446711496e-51
"555","qm.15.1","qm","9","15","2",0.324988179834026,1.52650593115587e-71
"556","nTau1.15.1","nTau1","10","15","2",1.22158216048299,3.47162756255501e-18
"557","nTau2.15.1","nTau2","11","15","2",1.64100470743405,4.08534263342965e-19
"558","nCon.15.1","nCon","12","15","2",0.861547633959392,9.58445490670211e-14
"559","Fm.15.1","Fm","13","15","2",2520.10523932462,1.13866349591593e-95
"560","Fo.15.1","Fo","14","15","2",1893.23869908174,3.05301186231174e-71
"561","Quant.16.1","Quant","1","16","2",0.0716587658446207,2.13507217085742e-82
"562","Sigma.16.1","Sigma","2","16","2",2.97923940130217,1.17088459615597e-33
"563","Connect.16.1","Connect","3","16","2",0.0805532092915675,0.145752418052776
"564","Tau1.16.1","Tau1","4","16","2",1657.54757575523,6.81694707326513e-14
"565","Tau2.16.1","Tau2","5","16","2",3897313.47947524,2.15854428546948e-14
"566","NPQ.16.1","NPQ","6","16","2",0.175518417863842,4.56483042523655e-101
"567","qP.16.1","qP","7","16","2",0.31886288919315,4.27014434171484e-82
"568","ABQ.16.1","ABQ","8","16","2",0.329830739173185,1.17088459615597e-33
"569","qm.16.1","qm","9","16","2",0.805542682783284,2.13507217085742e-82
"570","nTau1.16.1","nTau1","10","16","2",1.77675406981031,6.81694707326513e-14
"571","nTau2.16.1","nTau2","11","16","2",6.98626752892906,2.15854428546948e-14
"572","nCon.16.1","nCon","12","16","2",0.330291960706655,0.145752418052776
"573","Fm.16.1","Fm","13","16","2",3376.47615180224,4.56483042523655e-101
"574","Fo.16.1","Fo","14","16","2",3134.5220378603,4.27014434171484e-82
"575","Quant.17.1","Quant","1","17","2",0.0716632027657998,3.12872066995039e-81
"576","Sigma.17.1","Sigma","2","17","2",2.9992811587478,3.02038863330101e-31
"577","Connect.17.1","Connect","3","17","2",0.0294165201178211,0.654257634712178
"578","Tau1.17.1","Tau1","4","17","2",1661.74969099701,1.34388241658923e-12
"579","Tau2.17.1","Tau2","5","17","2",3245564.99825378,1.97358314182221e-16
"580","NPQ.17.1","NPQ","6","17","2",0.213368405484319,1.62290757847423e-99
"581","qP.17.1","qP","7","17","2",0.356225804684249,6.25744133990079e-81
"582","ABQ.17.1","ABQ","8","17","2",0.325322417429341,3.02038863330101e-31
"583","qm.17.1","qm","9","17","2",0.805530642500716,3.12872066995039e-81
"584","nTau1.17.1","nTau1","10","17","2",1.78125839020922,1.34388241658923e-12
"585","nTau2.17.1","nTau2","11","17","2",5.81795266912481,1.97358314182221e-16
"586","nCon.17.1","nCon","12","17","2",0.120616424749932,0.654257634712178
"587","Fm.17.1","Fm","13","17","2",3271.14987169728,1.62290757847423e-99
"588","Fo.17.1","Fo","14","17","2",3036.72879516452,6.25744133990079e-81
"589","Quant.18.1","Quant","1","18","2",0.0761769369608209,1.46577477079356e-79
"590","Sigma.18.1","Sigma","2","18","2",2.95839411857217,1.52527304256873e-30
"591","Connect.18.1","Connect","3","18","2",0.0797205610139646,0.238523603775255
"592","Tau1.18.1","Tau1","4","18","2",1740.85540571158,1.20897456887558e-13
"593","Tau2.18.1","Tau2","5","18","2",3532272.20044877,3.01941122433409e-15
"594","NPQ.18.1","NPQ","6","18","2",0.239034932958476,3.02457150226947e-97
"595","qP.18.1","qP","7","18","2",0.385783854210976,2.93154954158712e-79
"596","ABQ.18.1","ABQ","8","18","2",0.334519811059381,1.52527304256873e-30
"597","qm.18.1","qm","9","18","2",0.79328191574904,1.46577477079356e-79
"598","nTau1.18.1","nTau1","10","18","2",1.86605318139362,1.20897456887558e-13
"599","nTau2.18.1","nTau2","11","18","2",6.33189983492341,3.01941122433409e-15
"600","nCon.18.1","nCon","12","18","2",0.326877856729829,0.238523603775255
"601","Fm.18.1","Fm","13","18","2",3203.38821637936,3.02457150226947e-97
"602","Fo.18.1","Fo","14","18","2",2959.36391415919,2.93154954158712e-79
"603","Quant.19.1","Quant","1","19","2",0.0755427917729704,3.28332008396195e-81
"604","Sigma.19.1","Sigma","2","19","2",3.05988385287016,2.55001051617686e-33
"605","Connect.19.1","Connect","3","19","2",0.0600162338522357,0.290214351174058
"606","Tau1.19.1","Tau1","4","19","2",1273.38036490055,2.9383210125743e-13
"607","Tau2.19.1","Tau2","5","19","2",3391414.88522436,1.94410923303048e-16
"608","NPQ.19.1","NPQ","6","19","2",0.265355732868906,2.24832748785477e-100
"609","qP.19.1","qP","7","19","2",0.408542761208877,6.56664016792391e-81
"610","ABQ.19.1","ABQ","8","19","2",0.311690057872623,2.55001051617686e-33
"611","qm.19.1","qm","9","19","2",0.795002768327253,3.28332008396195e-81
"612","nTau1.19.1","nTau1","10","19","2",1.36495855615049,2.9383210125743e-13
"613","nTau2.19.1","nTau2","11","19","2",6.07940105781788,1.94410923303048e-16
"614","nCon.19.1","nCon","12","19","2",0.246084292948948,0.290214351174058
"615","Fm.19.1","Fm","13","19","2",3136.7541955356,2.24832748785477e-100
"616","Fo.19.1","Fo","14","19","2",2899.79502649927,6.56664016792391e-81
"617","Quant.20.1","Quant","1","20","2",0.0742052218167509,6.67831446956846e-81
"618","Sigma.20.1","Sigma","2","20","2",2.81558197628489,1.32181771515937e-31
"619","Connect.20.1","Connect","3","20","2",0.153647392889939,0.0149448319800739
"620","Tau1.20.1","Tau1","4","20","2",1767.31037224606,1.41165499443965e-11
"621","Tau2.20.1","Tau2","5","20","2",3494265.15334275,6.58337909199307e-14
"622","NPQ.20.1","NPQ","6","20","2",0.297797964218785,2.11325732879115e-97
"623","qP.20.1","qP","7","20","2",0.434674943228539,1.33566289391369e-80
"624","ABQ.20.1","ABQ","8","20","2",0.366644892310631,1.32181771515937e-31
"625","qm.20.1","qm","9","20","2",0.798632474507793,6.67831446956846e-81
"626","nTau1.20.1","nTau1","10","20","2",1.89441072005155,1.41165499443965e-11
"627","nTau2.20.1","nTau2","11","20","2",6.26376895439106,6.58337909199307e-14
"628","nCon.20.1","nCon","12","20","2",0.629999712008944,0.0149448319800739
"629","Fm.20.1","Fm","13","20","2",3058.3419094133,2.11325732879115e-97
"630","Fo.20.1","Fo","14","20","2",2831.39696963382,1.33566289391369e-80
"631","Quant.21.1","Quant","1","21","2",0.0783025476850395,4.77426524839785e-78
"632","Sigma.21.1","Sigma","2","21","2",3.06536344436378,3.84463729035978e-29
"633","Connect.21.1","Connect","3","21","2",0.00906347958706591,0.903982763367556
"634","Tau1.21.1","Tau1","4","21","2",1989.91932325077,6.88736329818929e-14
"635","Tau2.21.1","Tau2","5","21","2",3937313.83110862,1.02870688643726e-14
"636","NPQ.21.1","NPQ","6","21","2",0.337524127408187,1.57130502836958e-96
"637","qP.21.1","qP","7","21","2",0.471450125797672,9.54853049679571e-78
"638","ABQ.21.1","ABQ","8","21","2",0.310457443340435,3.84463729035978e-29
"639","qm.21.1","qm","9","21","2",0.787513737159767,4.77426524839785e-78
"640","nTau1.21.1","nTau1","10","21","2",2.13302912561594,6.88736329818929e-14
"641","nTau2.21.1","nTau2","11","21","2",7.0579715782014,1.02870688643726e-14
"642","nCon.21.1","nCon","12","21","2",0.0371629444681867,0.903982763367556
"643","Fm.21.1","Fm","13","21","2",2967.50527529757,1.57130502836958e-96
"644","Fo.21.1","Fo","14","21","2",2735.14205197297,9.54853049679571e-78
"645","Quant.22.1","Quant","1","22","2",0.0786272396086888,3.64782297733295e-79
"646","Sigma.22.1","Sigma","2","22","2",2.93515908227871,5.97969379865071e-31
"647","Connect.22.1","Connect","3","22","2",0.116369125751784,0.0755320546576133
"648","Tau1.22.1","Tau1","4","22","2",1833.99658396955,2.27745866021789e-11
"649","Tau2.22.1","Tau2","5","22","2",3989261.52527172,1.07763703651954e-10
"650","NPQ.22.1","NPQ","6","22","2",0.37568971634674,1.20373265293639e-96
"651","qP.22.1","qP","7","22","2",0.500799042882047,7.29564595466589e-79
"652","ABQ.22.1","ABQ","8","22","2",0.339746449472953,5.97969379865071e-31
"653","qm.22.1","qm","9","22","2",0.786632634622616,3.64782297733295e-79
"654","nTau1.22.1","nTau1","10","22","2",1.9658928300151,2.27745866021789e-11
"655","nTau2.22.1","nTau2","11","22","2",7.15109226013928,1.07763703651954e-10
"656","nCon.22.1","nCon","12","22","2",0.477147801413539,0.0755320546576133
"657","Fm.22.1","Fm","13","22","2",2885.17814501214,1.20373265293639e-96
"658","Fo.22.1","Fo","14","22","2",2658.32455169052,7.29564595466589e-79
"659","Quant.23.1","Quant","1","23","2",0.344859908758107,4.15778961229386e-56
"660","Sigma.23.1","Sigma","2","23","2",3.91818708095544,6.00132619074367e-45
"661","Connect.23.1","Connect","3","23","2",0.195880674018469,3.52804986741521e-08
"662","Tau1.23.1","Tau1","4","23","2",1187.14875011112,4.43788454842793e-18
"663","Tau2.23.1","Tau2","5","23","2",635688.061473453,1.06100482952598e-15
"664","NPQ.23.1","NPQ","6","23","2",0.923711388707827,1.9250882220931e-84
"665","qP.23.1","qP","7","23","2",1,8.31557922458772e-56
"666","ABQ.23.1","ABQ","8","23","2",0.118617812762086,6.00132619074367e-45
"667","qm.23.1","qm","9","23","2",0.0641684672868645,4.15778961229386e-56
"668","nTau1.23.1","nTau1","10","23","2",1.27252538876243,4.43788454842793e-18
"669","nTau2.23.1","nTau2","11","23","2",1.13952518466588,1.06100482952598e-15
"670","nCon.23.1","nCon","12","23","2",0.803168644118491,3.52804986741521e-08
"671","Fm.23.1","Fm","13","23","2",2063.25643608507,1.9250882220931e-84
"672","Fo.23.1","Fo","14","23","2",1351.7220097922,8.31557922458772e-56
"673","Quant.24.1","Quant","1","24","2",0.351040824762455,1.23823464291263e-56
"674","Sigma.24.1","Sigma","2","24","2",4.00546445395214,2.49230160016387e-46
"675","Connect.24.1","Connect","3","24","2",0.223572317849771,2.45377853451328e-10
"676","Tau1.24.1","Tau1","4","24","2",1115.87882599624,1.9088358307728e-18
"677","Tau2.24.1","Tau2","5","24","2",626077.288901595,4.57613125051681e-16
"678","NPQ.24.1","NPQ","6","24","2",0.883300629075297,4.97385803141716e-85
"679","qP.24.1","qP","7","24","2",0.99389544037924,2.47646928582526e-56
"680","ABQ.24.1","ABQ","8","24","2",0.0989850794803842,2.49230160016387e-46
"681","qm.24.1","qm","9","24","2",0.0473955808160927,1.23823464291263e-56
"682","nTau1.24.1","nTau1","10","24","2",1.19612991777966,1.9088358307728e-18
"683","nTau2.24.1","nTau2","11","24","2",1.12229705336459,4.57613125051681e-16
"684","nCon.24.1","nCon","12","24","2",0.916712566411214,2.45377853451328e-10
"685","Fm.24.1","Fm","13","24","2",2107.52858181246,4.97385803141716e-85
"686","Fo.24.1","Fo","14","24","2",1367.70001024256,2.47646928582526e-56
"687","Quant.25.1","Quant","1","25","2",0.3570143155291,1.80024844179412e-56
"688","Sigma.25.1","Sigma","2","25","2",4.02413795036196,8.11200128771988e-47
"689","Connect.25.1","Connect","3","25","2",0.233966851213473,3.78916456592048e-11
"690","Tau1.25.1","Tau1","4","25","2",1168.56137432386,5.51965476146869e-17
"691","Tau2.25.1","Tau2","5","25","2",595597.518646246,1.32635664942523e-14
"692","NPQ.25.1","NPQ","6","25","2",0.832581574353925,5.87882131537424e-85
"693","qP.25.1","qP","7","25","2",0.984376357929609,3.60049688358824e-56
"694","ABQ.25.1","ABQ","8","25","2",0.0947845431688158,8.11200128771988e-47
"695","qm.25.1","qm","9","25","2",0.031185575310008,1.80024844179412e-56
"696","nTau1.25.1","nTau1","10","25","2",1.25260125743724,5.51965476146869e-17
"697","nTau2.25.1","nTau2","11","25","2",1.06765945996965,1.32635664942523e-14
"698","nCon.25.1","nCon","12","25","2",0.959333224675753,3.78916456592048e-11
"699","Fm.25.1","Fm","13","25","2",2165.85714898988,5.87882131537424e-85
"700","Fo.25.1","Fo","14","25","2",1392.61514140945,3.60049688358824e-56
"701","Quant.26.1","Quant","1","26","2",0.363948945713143,6.45468691844387e-56
"702","Sigma.26.1","Sigma","2","26","2",4.04603824754169,9.96450555977053e-47
"703","Connect.26.1","Connect","3","26","2",0.23627370739545,2.27833607660933e-11
"704","Tau1.26.1","Tau1","4","26","2",1199.89354989497,1.85657578176619e-16
"705","Tau2.26.1","Tau2","5","26","2",570189.012530261,3.37005079901777e-14
"706","NPQ.26.1","NPQ","6","26","2",0.792283409337676,7.65273372331979e-85
"707","qP.26.1","qP","7","26","2",0.978280661834354,1.29093738368877e-55
"708","ABQ.26.1","ABQ","8","26","2",0.0898581495508973,9.96450555977053e-47
"709","qm.26.1","qm","9","26","2",0.0123673670198581,6.45468691844387e-56
"710","nTau1.26.1","nTau1","10","26","2",1.2861867612721,1.85657578176619e-16
"711","nTau2.26.1","nTau2","11","26","2",1.02211254100316,3.37005079901777e-14
"712","nCon.26.1","nCon","12","26","2",0.96879201667317,2.27833607660933e-11
"713","Fm.26.1","Fm","13","26","2",2214.55484285731,7.65273372331979e-85
"714","Fo.26.1","Fo","14","26","2",1408.56994257546,1.29093738368877e-55
"715","Quant.27.1","Quant","1","27","2",0.364393558284922,2.95531428860839e-56
"716","Sigma.27.1","Sigma","2","27","2",4.09866145105032,3.30170018183384e-47
"717","Connect.27.1","Connect","3","27","2",0.233297473839408,2.66171254190365e-11
"718","Tau1.27.1","Tau1","4","27","2",1209.79661509708,3.70819703469184e-16
"719","Tau2.27.1","Tau2","5","27","2",551429.787000005,4.56817306454091e-14
"720","NPQ.27.1","NPQ","6","27","2",0.771323536506736,4.10181207171235e-85
"721","qP.27.1","qP","7","27","2",0.972293325969199,5.91062857721678e-56
"722","ABQ.27.1","ABQ","8","27","2",0.0780207479032481,3.30170018183384e-47
"723","qm.27.1","qm","9","27","2",0.0111608409669764,2.95531428860839e-56
"724","nTau1.27.1","nTau1","10","27","2",1.29680202906822,3.70819703469184e-16
"725","nTau2.27.1","nTau2","11","27","2",0.98848502582377,4.56817306454091e-14
"726","nCon.27.1","nCon","12","27","2",0.956588579648235,2.66171254190365e-11
"727","Fm.27.1","Fm","13","27","2",2240.75942204727,4.10181207171235e-85
"728","Fo.27.1","Fo","14","27","2",1424.241122987,5.91062857721678e-56
"729","Quant.1.2","Quant","1","1","3",0.378698314853433,1.7692965028805e-64
"730","Sigma.1.2","Sigma","2","1","3",4.31952742719492,9.07438487227241e-55
"731","Connect.1.2","Connect","3","1","3",0.216148149023042,9.91313034493402e-12
"732","Tau1.1.2","Tau1","4","1","3",843.682692179449,3.71589110367482e-23
"733","Tau2.1.2","Tau2","5","1","3",561463.243129376,5.67883411716016e-23
"734","NPQ.1.2","NPQ","6","1","3",0.774511273455358,3.9445097053013e-100
"735","qP.1.2","qP","7","1","3",0.943818373807974,3.538593005761e-64
"736","ABQ.1.2","ABQ","8","1","3",0,9.07438487227241e-55
"737","qm.1.2","qm","9","1","3",0,1.7692965028805e-64
"738","nTau1.1.2","nTau1","10","1","3",1,3.71589110367482e-23
"739","nTau2.1.2","nTau2","11","1","3",1,5.67883411716016e-23
"740","nCon.1.2","nCon","12","1","3",1,9.91313034493402e-12
"741","Fm.1.2","Fm","13","1","3",2126.36127886467,3.9445097053013e-100
"742","Fo.1.2","Fo","14","1","3",1321.11184578903,3.538593005761e-64
"743","Quant.3.2","Quant","1","3","3",0.0512187931939115,1.7214313223672e-94
"744","Sigma.3.2","Sigma","2","3","3",2.92972754698263,1.06443382335904e-31
"745","Connect.3.2","Connect","3","3","3",0.180526085489392,0.0106892569963887
"746","Tau1.3.2","Tau1","4","3","3",3460.61762221488,3.47785139877133e-11
"747","Tau2.3.2","Tau2","5","3","3",3561140.72705609,1.68920358430603e-20
"748","NPQ.3.2","NPQ","6","3","3",0.0998790193281404,6.84449031154202e-113
"749","qP.3.2","qP","7","3","3",0.1995134621886,3.44286264473441e-94
"750","ABQ.3.2","ABQ","8","3","3",0.32174813185868,1.06443382335904e-31
"751","qm.3.2","qm","9","3","3",0.864750406365725,1.7214313223672e-94
"752","nTau1.3.2","nTau1","10","3","3",4.10179994717589,3.47785139877133e-11
"753","nTau2.3.2","nTau2","11","3","3",6.34260705510781,1.68920358430603e-20
"754","nCon.3.2","nCon","12","3","3",0.835196074106319,0.0106892569963887
"755","Fm.3.2","Fm","13","3","3",3430.60645259803,6.84449031154202e-113
"756","Fo.3.2","Fo","14","3","3",3254.89493017271,3.44286264473441e-94
"757","Quant.4.2","Quant","1","4","3",0.0684682158052927,5.56899030203413e-98
"758","Sigma.4.2","Sigma","2","4","3",2.83298856174297,1.10515058980849e-39
"759","Connect.4.2","Connect","3","4","3",0.129198599245163,0.00911322796798684
"760","Tau1.4.2","Tau1","4","4","3",3120.07630466638,1.96823352363078e-14
"761","Tau2.4.2","Tau2","5","4","3",2794251.86784481,2.27311455192998e-23
"762","NPQ.4.2","NPQ","6","4","3",0.131458549084688,2.4516591230189e-117
"763","qP.4.2","qP","7","4","3",0.256620434591238,1.11379806040683e-97
"764","ABQ.4.2","ABQ","8","4","3",0.344143865389761,1.10515058980849e-39
"765","qm.4.2","qm","9","4","3",0.819201160607773,5.56899030203413e-98
"766","nTau1.4.2","nTau1","10","4","3",3.69816322367171,1.96823352363078e-14
"767","nTau2.4.2","nTau2","11","4","3",4.9767316062771,2.27311455192998e-23
"768","nCon.4.2","nCon","12","4","3",0.597731693882744,0.00911322796798684
"769","Fm.4.2","Fm","13","4","3",3334.85664484726,2.4516591230189e-117
"770","Fo.4.2","Fo","14","4","3",3106.52496040815,1.11379806040683e-97
"771","Quant.5.2","Quant","1","5","3",0.0891846151361049,1.19533952278352e-95
"772","Sigma.5.2","Sigma","2","5","3",3.09256335247073,1.60572394799607e-44
"773","Connect.5.2","Connect","3","5","3",0.12933871284105,0.000791100384966299
"774","Tau1.5.2","Tau1","4","5","3",2271.05332123955,4.20994399791962e-15
"775","Tau2.5.2","Tau2","5","5","3",2533313.04083255,1.11486569102523e-18
"776","NPQ.5.2","NPQ","6","5","3",0.180444868050776,6.07731071169812e-118
"777","qP.5.2","qP","7","5","3",0.33172684381791,2.39067904556705e-95
"778","ABQ.5.2","ABQ","8","5","3",0.284050534556041,1.60572394799607e-44
"779","qm.5.2","qm","9","5","3",0.764496931625846,1.19533952278352e-95
"780","nTau1.5.2","nTau1","10","5","3",2.69183348466334,4.20994399791962e-15
"781","nTau2.5.2","nTau2","11","5","3",4.51198377067902,1.11486569102523e-18
"782","nCon.5.2","nCon","12","5","3",0.598379923333335,0.000791100384966299
"783","Fm.5.2","Fm","13","5","3",3196.46614840636,6.07731071169812e-118
"784","Fo.5.2","Fo","14","5","3",2911.39054516515,2.39067904556705e-95
"785","Quant.6.2","Quant","1","6","3",0.0910549705735268,8.42618326191499e-94
"786","Sigma.6.2","Sigma","2","6","3",3.07300848888967,9.14588281462748e-43
"787","Connect.6.2","Connect","3","6","3",0.132826211774177,0.00156834876737391
"788","Tau1.6.2","Tau1","4","6","3",1783.74167553358,2.44627418163312e-14
"789","Tau2.6.2","Tau2","5","6","3",2326998.99918124,2.00967118494082e-19
"790","NPQ.6.2","NPQ","6","6","3",0.20806840903581,9.23172745409472e-116
"791","qP.6.2","qP","7","6","3",0.359598421891092,1.685236652383e-93
"792","ABQ.6.2","ABQ","8","6","3",0.288577618574061,9.14588281462748e-43
"793","qm.6.2","qm","9","6","3",0.759558025472683,8.42618326191499e-94
"794","nTau1.6.2","nTau1","10","6","3",2.11423286511392,2.44627418163312e-14
"795","nTau2.6.2","nTau2","11","6","3",4.14452598216663,2.00967118494082e-19
"796","nCon.6.2","nCon","12","6","3",0.614514685295857,0.00156834876737391
"797","Fm.6.2","Fm","13","6","3",3123.37615366984,9.23172745409472e-116
"798","Fo.6.2","Fo","14","6","3",2838.97722990738,1.685236652383e-93
"799","Quant.7.2","Quant","1","7","3",0.09619688420254,3.48917470484524e-91
"800","Sigma.7.2","Sigma","2","7","3",3.11160273939339,1.48412171246344e-41
"801","Connect.7.2","Connect","3","7","3",0.106897288489904,0.0154009054860077
"802","Tau1.7.2","Tau1","4","7","3",2005.97056432356,2.23038736081451e-13
"803","Tau2.7.2","Tau2","5","7","3",2343049.54971363,4.57490964158494e-17
"804","NPQ.7.2","NPQ","6","7","3",0.242142563559207,8.6841275552336e-114
"805","qP.7.2","qP","7","7","3",0.395585294068682,6.97834940969047e-91
"806","ABQ.7.2","ABQ","8","7","3",0.279642786892998,1.48412171246344e-41
"807","qm.7.2","qm","9","7","3",0.745980163022983,3.48917470484524e-91
"808","nTau1.7.2","nTau1","10","7","3",2.37763626410496,2.23038736081451e-13
"809","nTau2.7.2","nTau2","11","7","3",4.17311298359335,4.57490964158494e-17
"810","nCon.7.2","nCon","12","7","3",0.494555650710237,0.0154009054860077
"811","Fm.7.2","Fm","13","7","3",3037.69645407893,8.6841275552336e-114
"812","Fo.7.2","Fo","14","7","3",2745.47952004343,6.97834940969047e-91
"813","Quant.8.2","Quant","1","8","3",0.103673914129115,1.63932365838136e-90
"814","Sigma.8.2","Sigma","2","8","3",3.27232962212091,1.26631878339987e-42
"815","Connect.8.2","Connect","3","8","3",0.0861607729661412,0.0390298933719193
"816","Tau1.8.2","Tau1","4","8","3",1403.90210482495,5.06221867280304e-14
"817","Tau2.8.2","Tau2","5","8","3",2114966.06956774,3.04520710563179e-19
"818","NPQ.8.2","NPQ","6","8","3",0.282249858962658,2.78409428647636e-114
"819","qP.8.2","qP","7","8","3",0.437107056875532,3.27864731676272e-90
"820","ABQ.8.2","ABQ","8","8","3",0.242433419563689,1.26631878339987e-42
"821","qm.8.2","qm","9","8","3",0.726236135565484,1.63932365838136e-90
"822","nTau1.8.2","nTau1","10","8","3",1.66401671841615,5.06221867280304e-14
"823","nTau2.8.2","nTau2","11","8","3",3.76688250824711,3.04520710563179e-19
"824","nCon.8.2","nCon","12","8","3",0.398619064542422,0.0390298933719193
"825","Fm.8.2","Fm","13","8","3",2942.68081560709,2.78409428647636e-114
"826","Fo.8.2","Fo","14","8","3",2637.60157742045,3.27864731676272e-90
"827","Quant.9.2","Quant","1","9","3",0.105839078573781,7.01089321799995e-92
"828","Sigma.9.2","Sigma","2","9","3",2.97064818292492,1.26358995214151e-44
"829","Connect.9.2","Connect","3","9","3",0.16132092769027,3.40102420571379e-05
"830","Tau1.9.2","Tau1","4","9","3",1485.57670900664,1.43082938253519e-14
"831","Tau2.9.2","Tau2","5","9","3",2059930.07165078,1.86228899232682e-20
"832","NPQ.9.2","NPQ","6","9","3",0.320871819062667,1.00370495406951e-113
"833","qP.9.2","qP","7","9","3",0.469171913462179,1.40217864359999e-91
"834","ABQ.9.2","ABQ","8","9","3",0.312274726114183,1.26358995214151e-44
"835","qm.9.2","qm","9","9","3",0.72051874956258,7.01089321799995e-92
"836","nTau1.9.2","nTau1","10","9","3",1.76082397182881,1.43082938253519e-14
"837","nTau2.9.2","nTau2","11","9","3",3.66886006672411,1.86228899232682e-20
"838","nCon.9.2","nCon","12","9","3",0.746344247773653,3.40102420571379e-05
"839","Fm.9.2","Fm","13","9","3",2856.63756795261,1.00370495406951e-113
"840","Fo.9.2","Fo","14","9","3",2554.29367994126,1.40217864359999e-91
"841","Quant.10.2","Quant","1","10","3",0.228544123776715,8.36024994359875e-83
"842","Sigma.10.2","Sigma","2","10","3",3.46894614733258,5.56172021618412e-56
"843","Connect.10.2","Connect","3","10","3",0.174509103340808,1.21687162304191e-11
"844","Tau1.10.2","Tau1","4","10","3",979.92616991566,8.55419715211482e-20
"845","Tau2.10.2","Tau2","5","10","3",953365.622422525,1.39464037119023e-23
"846","NPQ.10.2","NPQ","6","10","3",0.680553695556277,5.58399375983665e-111
"847","qP.10.2","qP","7","10","3",0.785628389301097,1.67204998871975e-82
"848","ABQ.10.2","ABQ","8","10","3",0.196915355718602,5.56172021618412e-56
"849","qm.10.2","qm","9","10","3",0.396500816579634,8.36024994359875e-83
"850","nTau1.10.2","nTau1","10","10","3",1.16148663354022,8.55419715211482e-20
"851","nTau2.10.2","nTau2","11","10","3",1.69800184444638,1.39464037119023e-23
"852","nCon.10.2","nCon","12","10","3",0.807358768185447,1.21687162304191e-11
"853","Fm.10.2","Fm","13","10","3",2245.24338065576,5.58399375983665e-111
"854","Fo.10.2","Fo","14","10","3",1732.10619955832,1.67204998871975e-82
"855","Quant.11.2","Quant","1","11","3",0.236287830963258,5.76423912143559e-84
"856","Sigma.11.2","Sigma","2","11","3",3.41964788280486,1.83793723002453e-58
"857","Connect.11.2","Connect","3","11","3",0.214469245147953,1.34288170033698e-16
"858","Tau1.11.2","Tau1","4","11","3",991.204861377043,8.2316599168883e-18
"859","Tau2.11.2","Tau2","5","11","3",957961.650471027,8.21228706305499e-20
"860","NPQ.11.2","NPQ","6","11","3",0.681784036577113,8.25511660882761e-112
"861","qP.11.2","qP","7","11","3",0.792803209250776,1.15284782428712e-83
"862","ABQ.11.2","ABQ","8","11","3",0.208328239502448,1.83793723002453e-58
"863","qm.11.2","qm","9","11","3",0.376052594649891,5.76423912143559e-84
"864","nTau1.11.2","nTau1","10","11","3",1.17485503799599,8.2316599168883e-18
"865","nTau2.11.2","nTau2","11","11","3",1.7061876484233,8.21228706305499e-20
"866","nCon.11.2","nCon","12","11","3",0.992232624324208,1.34288170033698e-16
"867","Fm.11.2","Fm","13","11","3",2243.60083026112,8.25511660882761e-112
"868","Fo.11.2","Fo","14","11","3",1713.46525653136,1.15284782428712e-83
"869","Quant.12.2","Quant","1","12","3",0.241745964653974,3.16093815874654e-82
"870","Sigma.12.2","Sigma","2","12","3",3.49231042174507,2.11119150087118e-57
"871","Connect.12.2","Connect","3","12","3",0.216139993104691,8.44182468460918e-16
"872","Tau1.12.2","Tau1","4","12","3",1029.52425933253,9.77655730231623e-18
"873","Tau2.12.2","Tau2","5","12","3",995413.943272989,3.33879765468056e-18
"874","NPQ.12.2","NPQ","6","12","3",0.690311731218478,1.93490676168468e-110
"875","qP.12.2","qP","7","12","3",0.800820048129669,6.32187631749307e-82
"876","ABQ.12.2","ABQ","8","12","3",0.191506367164578,2.11119150087118e-57
"877","qm.12.2","qm","9","12","3",0.361639713798207,3.16093815874654e-82
"878","nTau1.12.2","nTau1","10","12","3",1.22027424394947,9.77655730231623e-18
"879","nTau2.12.2","nTau2","11","12","3",1.77289244746449,3.33879765468056e-18
"880","nCon.12.2","nCon","12","12","3",0.99996226699887,8.44182468460918e-16
"881","Fm.12.2","Fm","13","12","3",2232.28176856131,1.93490676168468e-110
"882","Fo.12.2","Fo","14","12","3",1692.63665904098,6.32187631749307e-82
"883","Quant.13.2","Quant","1","13","3",0.244986776108879,3.34376689340457e-81
"884","Sigma.13.2","Sigma","2","13","3",3.39265083450906,1.66649588262918e-56
"885","Connect.13.2","Connect","3","13","3",0.221219707673689,7.95209143093105e-16
"886","Tau1.13.2","Tau1","4","13","3",1091.45745434728,1.10581696519253e-17
"887","Tau2.13.2","Tau2","5","13","3",1050019.82273276,1.90009645575625e-16
"888","NPQ.13.2","NPQ","6","13","3",0.70007467814658,2.52884286404037e-109
"889","qP.13.2","qP","7","13","3",0.807329825754943,6.68753378680914e-81
"890","ABQ.13.2","ABQ","8","13","3",0.214578239936716,1.66649588262918e-56
"891","qm.13.2","qm","9","13","3",0.353081948083935,3.34376689340457e-81
"892","nTau1.13.2","nTau1","10","13","3",1.29368240508498,1.10581696519253e-17
"893","nTau2.13.2","nTau2","11","13","3",1.87014882199654,1.90009645575625e-16
"894","nCon.13.2","nCon","12","13","3",1.023463345273,7.95209143093105e-16
"895","Fm.13.2","Fm","13","13","3",2219.46253849149,2.52884286404037e-109
"896","Fo.13.2","Fo","14","13","3",1675.72356649203,6.68753378680914e-81
"897","Quant.14.2","Quant","1","14","3",0.246432735770235,8.48554693627733e-83
"898","Sigma.14.2","Sigma","2","14","3",3.3878791381934,1.36528644935637e-58
"899","Connect.14.2","Connect","3","14","3",0.22712667876241,1.79290302298157e-17
"900","Tau1.14.2","Tau1","4","14","3",1035.88108284214,3.23989807637479e-18
"901","Tau2.14.2","Tau2","5","14","3",1001358.08448416,1.2525593155564e-17
"902","NPQ.14.2","NPQ","6","14","3",0.707556762741294,1.84074501625701e-110
"903","qP.14.2","qP","7","14","3",0.811385776719728,1.69710938725547e-82
"904","ABQ.14.2","ABQ","8","14","3",0.215682920112056,1.36528644935637e-58
"905","qm.14.2","qm","9","14","3",0.34926371176061,8.48554693627733e-83
"906","nTau1.14.2","nTau1","10","14","3",1.22780885805088,3.23989807637479e-18
"907","nTau2.14.2","nTau2","11","14","3",1.78347932253407,1.2525593155564e-17
"908","nCon.14.2","nCon","12","14","3",1.05079168981548,1.79290302298157e-17
"909","Fm.14.2","Fm","13","14","3",2209.73741143854,1.84074501625701e-110
"910","Fo.14.2","Fo","14","14","3",1665.1857758039,1.69710938725547e-82
"911","Quant.15.2","Quant","1","15","3",0.25017016857556,8.26783385309625e-80
"912","Sigma.15.2","Sigma","2","15","3",3.3900292719394,1.48086653174426e-55
"913","Connect.15.2","Connect","3","15","3",0.200795299937351,1.78327052975935e-13
"914","Tau1.15.2","Tau1","4","15","3",1027.92076593984,7.41261983184509e-19
"915","Tau2.15.2","Tau2","5","15","3",1014523.75138616,1.9883750475925e-17
"916","NPQ.15.2","NPQ","6","15","3",0.709380887969296,3.78135432419296e-108
"917","qP.15.2","qP","7","15","3",0.815245086266309,1.65356677061925e-79
"918","ABQ.15.2","ABQ","8","15","3",0.215185149515102,1.48086653174426e-55
"919","qm.15.2","qm","9","15","3",0.339394555604549,8.26783385309625e-80
"920","nTau1.15.2","nTau1","10","15","3",1.21837365572175,7.41261983184509e-19
"921","nTau2.15.2","nTau2","11","15","3",1.80692817170293,1.9883750475925e-17
"922","nCon.15.2","nCon","12","15","3",0.928970712194003,1.78327052975935e-13
"923","Fm.15.2","Fm","13","15","3",2207.3793426267,3.78135432419296e-108
"924","Fo.15.2","Fo","14","15","3",1655.15888037157,1.65356677061925e-79
"925","Quant.16.2","Quant","1","16","3",0.0740507794586336,1.70034701475112e-94
"926","Sigma.16.2","Sigma","2","16","3",3.05555580781901,6.6930866354665e-37
"927","Connect.16.2","Connect","3","16","3",0,1
"928","Tau1.16.2","Tau1","4","16","3",1809.43242902667,1.90182203242499e-14
"929","Tau2.16.2","Tau2","5","16","3",3845083.77215577,3.92153927651153e-14
"930","NPQ.16.2","NPQ","6","16","3",0.277416726051013,1.1724209691994e-115
"931","qP.16.2","qP","7","16","3",0.399587161850138,3.40069402950223e-94
"932","ABQ.16.2","ABQ","8","16","3",0.292618033032547,6.6930866354665e-37
"933","qm.16.2","qm","9","16","3",0.804459706964122,1.70034701475112e-94
"934","nTau1.16.2","nTau1","10","16","3",2.14468359467283,1.90182203242499e-14
"935","nTau2.16.2","nTau2","11","16","3",6.8483267946888,3.92153927651153e-14
"936","nCon.16.2","nCon","12","16","3",0,1
"937","Fm.16.2","Fm","13","16","3",2953.81451004551,1.1724209691994e-115
"938","Fo.16.2","Fo","14","16","3",2735.08224320042,3.40069402950223e-94
"939","Quant.17.2","Quant","1","17","3",0.0746945295615419,6.32532216875064e-94
"940","Sigma.17.2","Sigma","2","17","3",3.18369463690655,3.38053659718937e-38
"941","Connect.17.2","Connect","3","17","3",0.0745975780326224,0.155751249961289
"942","Tau1.17.2","Tau1","4","17","3",1899.86921544432,2.89705858250519e-12
"943","Tau2.17.2","Tau2","5","17","3",4035831.46311983,7.45663686102619e-12
"944","NPQ.17.2","NPQ","6","17","3",0.317720777121483,2.88143821710759e-116
"945","qP.17.2","qP","7","17","3",0.432495398710083,1.26506443375013e-93
"946","ABQ.17.2","ABQ","8","17","3",0.262953021929526,3.38053659718937e-38
"947","qm.17.2","qm","9","17","3",0.802759804752628,6.32532216875064e-94
"948","nTau1.17.2","nTau1","10","17","3",2.25187648514688,2.89705858250519e-12
"949","nTau2.17.2","nTau2","11","17","3",7.18805997098882,7.45663686102619e-12
"950","nCon.17.2","nCon","12","17","3",0.345122446663515,0.155751249961289
"951","Fm.17.2","Fm","13","17","3",2863.46859387529,2.88143821710759e-116
"952","Fo.17.2","Fo","14","17","3",2649.58315434153,1.26506443375013e-93
"953","Quant.18.2","Quant","1","18","3",0.0791307241869206,2.35147265096158e-93
"954","Sigma.18.2","Sigma","2","18","3",2.85833136628094,5.97937636997751e-38
"955","Connect.18.2","Connect","3","18","3",0.178031768361851,0.000982282765598469
"956","Tau1.18.2","Tau1","4","18","3",1328.68601710134,3.85607659937033e-12
"957","Tau2.18.2","Tau2","5","18","3",3537411.74678143,5.5245176130503e-15
"958","NPQ.18.2","NPQ","6","18","3",0.34310548023979,1.67827899841486e-112
"959","qP.18.2","qP","7","18","3",0.45656676398765,4.70294530192315e-93
"960","ABQ.18.2","ABQ","8","18","3",0.338276833644943,5.97937636997751e-38
"961","qm.18.2","qm","9","18","3",0.791045481104011,2.35147265096158e-93
"962","nTau1.18.2","nTau1","10","18","3",1.57486461369618,3.85607659937033e-12
"963","nTau2.18.2","nTau2","11","18","3",6.30034430582718,5.5245176130503e-15
"964","nCon.18.2","nCon","12","18","3",0.823656224522525,0.000982282765598469
"965","Fm.18.2","Fm","13","18","3",2809.34901710822,1.67827899841486e-112
"966","Fo.18.2","Fo","14","18","3",2587.04319489063,4.70294530192315e-93
"967","Quant.19.2","Quant","1","19","3",0.0734816220842062,2.770755695925e-94
"968","Sigma.19.2","Sigma","2","19","3",2.97110476998005,5.15434081984287e-37
"969","Connect.19.2","Connect","3","19","3",0.105761391726675,0.061469725237299
"970","Tau1.19.2","Tau1","4","19","3",1708.86309150817,8.8679971593698e-16
"971","Tau2.19.2","Tau2","5","19","3",3585416.43557049,1.44541347320299e-16
"972","NPQ.19.2","NPQ","6","19","3",0.377573858261487,2.04860522801417e-114
"973","qP.19.2","qP","7","19","3",0.475525725668359,5.54151139184999e-94
"974","ABQ.19.2","ABQ","8","19","3",0.31216902310319,5.15434081984287e-37
"975","qm.19.2","qm","9","19","3",0.805962637798782,2.770755695925e-94
"976","nTau1.19.2","nTau1","10","19","3",2.02548079668879,8.8679971593698e-16
"977","nTau2.19.2","nTau2","11","19","3",6.38584356045605,1.44541347320299e-16
"978","nCon.19.2","nCon","12","19","3",0.48930047379402,0.061469725237299
"979","Fm.19.2","Fm","13","19","3",2739.05608628941,2.04860522801417e-114
"980","Fo.19.2","Fo","14","19","3",2537.78580208925,5.54151139184999e-94
"981","Quant.20.2","Quant","1","20","3",0.0751048957789319,1.0450788737932e-93
"982","Sigma.20.2","Sigma","2","20","3",3.11405453662756,1.62750492712051e-37
"983","Connect.20.2","Connect","3","20","3",0.0678363198809211,0.217229297766765
"984","Tau1.20.2","Tau1","4","20","3",1817.80298482086,7.09552301375708e-14
"985","Tau2.20.2","Tau2","5","20","3",4369446.153153,1.76071664322223e-11
"986","NPQ.20.2","NPQ","6","20","3",0.412161308739035,2.26336677400783e-115
"987","qP.20.2","qP","7","20","3",0.501119068203942,2.09015774758639e-93
"988","ABQ.20.2","ABQ","8","20","3",0.279075179145277,1.62750492712051e-37
"989","qm.20.2","qm","9","20","3",0.801676181717366,1.0450788737932e-93
"990","nTau1.20.2","nTau1","10","20","3",2.15460504484809,7.09552301375708e-14
"991","nTau2.20.2","nTau2","11","20","3",7.78224791492926,1.76071664322223e-11
"992","nCon.20.2","nCon","12","20","3",0.313841780221257,0.217229297766765
"993","Fm.20.2","Fm","13","20","3",2671.96958126092,2.26336677400783e-115
"994","Fo.20.2","Fo","14","20","3",2471.29158433584,2.09015774758639e-93
"995","Quant.21.2","Quant","1","21","3",0.077251892185155,2.51058932114122e-95
"996","Sigma.21.2","Sigma","2","21","3",3.02695741915055,3.35638654811139e-40
"997","Connect.21.2","Connect","3","21","3",0.159872080602836,0.000840602414463564
"998","Tau1.21.2","Tau1","4","21","3",1453.67391980444,7.11813994013066e-14
"999","Tau2.21.2","Tau2","5","21","3",4049216.86137916,5.85600021141309e-13
"1000","NPQ.21.2","NPQ","6","21","3",0.450723320585423,3.71771589899057e-116
"1001","qP.21.2","qP","7","21","3",0.528552202955448,5.02117864228244e-95
"1002","ABQ.21.2","ABQ","8","21","3",0.299238754662512,3.35638654811139e-40
"1003","qm.21.2","qm","9","21","3",0.796006770679574,2.51058932114122e-95
"1004","nTau1.21.2","nTau1","10","21","3",1.72301024221468,7.11813994013066e-14
"1005","nTau2.21.2","nTau2","11","21","3",7.21190017499705,5.85600021141309e-13
"1006","nCon.21.2","nCon","12","21","3",0.739641219808885,0.000840602414463564
"1007","Fm.21.2","Fm","13","21","3",2600.94534032972,3.71771589899057e-116
"1008","Fo.21.2","Fo","14","21","3",2400.01739131909,5.02117864228244e-95
"1009","Quant.22.2","Quant","1","22","3",0.0775076843315865,2.0545408257895e-94
"1010","Sigma.22.2","Sigma","2","22","3",2.70449847900314,2.76181964430611e-38
"1011","Connect.22.2","Connect","3","22","3",0.236156992040032,1.31909885436216e-05
"1012","Tau1.22.2","Tau1","4","22","3",1556.84928863105,7.84141042840213e-12
"1013","Tau2.22.2","Tau2","5","22","3",3898645.36965065,1.25552088904929e-12
"1014","NPQ.22.2","NPQ","6","22","3",0.494091693681713,9.20621676432632e-112
"1015","qP.22.2","qP","7","22","3",0.555614334913593,4.10908165157901e-94
"1016","ABQ.22.2","ABQ","8","22","3",0.373890194104074,2.76181964430611e-38
"1017","qm.22.2","qm","9","22","3",0.795331319703431,2.0545408257895e-94
"1018","nTau1.22.2","nTau1","10","22","3",1.84530191630375,7.84141042840213e-12
"1019","nTau2.22.2","nTau2","11","22","3",6.94372323987076,1.25552088904929e-12
"1020","nCon.22.2","nCon","12","22","3",1.09257004099932,1.31909885436216e-05
"1021","Fm.22.2","Fm","13","22","3",2525.44879055337,9.20621676432632e-112
"1022","Fo.22.2","Fo","14","22","3",2329.70710289957,4.10908165157901e-94
"1023","Quant.23.2","Quant","1","23","3",0.346855285192799,5.85499724240376e-66
"1024","Sigma.23.2","Sigma","2","23","3",3.86223548723311,1.30171664150427e-52
"1025","Connect.23.2","Connect","3","23","3",0.185275344480831,2.87420687568112e-09
"1026","Tau1.23.2","Tau1","4","23","3",1039.18971378924,1.09755139202066e-18
"1027","Tau2.23.2","Tau2","5","23","3",694126.514218158,5.74345926679877e-15
"1028","NPQ.23.2","NPQ","6","23","3",1.09716885530983,2.66321022699325e-98
"1029","qP.23.2","qP","7","23","3",1,1.17099944848075e-65
"1030","ABQ.23.2","ABQ","8","23","3",0.105866196631323,1.30171664150427e-52
"1031","qm.23.2","qm","9","23","3",0.0840854802138679,5.85499724240376e-66
"1032","nTau1.23.2","nTau1","10","23","3",1.23173051127166,1.09755139202066e-18
"1033","nTau2.23.2","nTau2","11","23","3",1.23628131086439,5.74345926679877e-15
"1034","nCon.23.2","nCon","12","23","3",0.85716831403946,2.87420687568112e-09
"1035","Fm.23.2","Fm","13","23","3",1799.2123291507,2.66321022699325e-98
"1036","Fo.23.2","Fo","14","23","3",1175.14602360074,1.17099944848075e-65
"1037","Quant.24.2","Quant","1","24","3",0.356282274784654,1.44009907797218e-66
"1038","Sigma.24.2","Sigma","2","24","3",3.91786377015451,2.52336969501203e-54
"1039","Connect.24.2","Connect","3","24","3",0.198525254182546,5.53693393821954e-11
"1040","Tau1.24.2","Tau1","4","24","3",998.225942129435,6.66125959844273e-18
"1041","Tau2.24.2","Tau2","5","24","3",668065.859508723,1.94463965788446e-14
"1042","NPQ.24.2","NPQ","6","24","3",1.04342414542456,4.18123975325482e-99
"1043","qP.24.2","qP","7","24","3",0.994803672111319,2.88019815594437e-66
"1044","ABQ.24.2","ABQ","8","24","3",0.0929878705044486,2.52336969501203e-54
"1045","qm.24.2","qm","9","24","3",0.0591923417389751,1.44009907797218e-66
"1046","nTau1.24.2","nTau1","10","24","3",1.18317698274782,6.66125959844273e-18
"1047","nTau2.24.2","nTau2","11","24","3",1.18986570836799,1.94463965788446e-14
"1048","nCon.24.2","nCon","12","24","3",0.91846844435102,5.53693393821954e-11
"1049","Fm.24.2","Fm","13","24","3",1846.53395098272,4.18123975325482e-99
"1050","Fo.24.2","Fo","14","24","3",1188.6466344595,2.88019815594437e-66
"1051","Quant.25.2","Quant","1","25","3",0.364888169779006,9.12287784773663e-67
"1052","Sigma.25.2","Sigma","2","25","3",3.95148753115366,4.47026811492103e-55
"1053","Connect.25.2","Connect","3","25","3",0.198326504566734,1.43674689100793e-11
"1054","Tau1.25.2","Tau1","4","25","3",1015.01538453144,7.33240638327004e-17
"1055","Tau2.25.2","Tau2","5","25","3",621935.368087599,8.33844005009736e-14
"1056","NPQ.25.2","NPQ","6","25","3",0.983379848310023,8.15655359141742e-100
"1057","qP.25.2","qP","7","25","3",0.987254864532008,1.82457556954733e-66
"1058","ABQ.25.2","ABQ","8","25","3",0.085203740975033,4.47026811492103e-55
"1059","qm.25.2","qm","9","25","3",0.0364674056703199,9.12287784773663e-67
"1060","nTau1.25.2","nTau1","10","25","3",1.20307716863244,7.33240638327004e-17
"1061","nTau2.25.2","nTau2","11","25","3",1.10770451262522,8.33844005009736e-14
"1062","nCon.25.2","nCon","12","25","3",0.91754893790736,1.43674689100793e-11
"1063","Fm.25.2","Fm","13","25","3",1902.43541296408,8.15655359141742e-100
"1064","Fo.25.2","Fo","14","25","3",1208.25923700485,1.82457556954733e-66
"1065","Quant.26.2","Quant","1","26","3",0.369753584183495,3.61870317044731e-67
"1066","Sigma.26.2","Sigma","2","26","3",4.00397227940762,1.75419136510416e-56
"1067","Connect.26.2","Connect","3","26","3",0.242592666361077,1.92976238936749e-15
"1068","Tau1.26.2","Tau1","4","26","3",1085.33504425068,1.47590458865657e-16
"1069","Tau2.26.2","Tau2","5","26","3",583953.016902042,4.49277705598294e-14
"1070","NPQ.26.2","NPQ","6","26","3",0.938707718377803,5.14936962555381e-100
"1071","qP.26.2","qP","7","26","3",0.980183730252291,7.23740634089462e-67
"1072","ABQ.26.2","ABQ","8","26","3",0.073053164519948,1.75419136510416e-56
"1073","qm.26.2","qm","9","26","3",0.0236196738118569,3.61870317044731e-67
"1074","nTau1.26.2","nTau1","10","26","3",1.28642563645223,1.47590458865657e-16
"1075","nTau2.26.2","nTau2","11","26","3",1.04005564753859,4.49277705598294e-14
"1076","nCon.26.2","nCon","12","26","3",1.12234440802551,1.92976238936749e-15
"1077","Fm.26.2","Fm","13","26","3",1946.27174845188,5.14936962555381e-100
"1078","Fo.26.2","Fo","14","26","3",1226.63079366672,7.23740634089462e-67
"1079","Quant.27.2","Quant","1","27","3",0.373014873146938,1.1940256333554e-64
"1080","Sigma.27.2","Sigma","2","27","3",3.97318980913153,5.81287775805332e-54
"1081","Connect.27.2","Connect","3","27","3",0.208880706168653,1.46500101105345e-11
"1082","Tau1.27.2","Tau1","4","27","3",1112.50290679832,9.62097993242908e-17
"1083","Tau2.27.2","Tau2","5","27","3",564786.329954955,2.75826184826367e-14
"1084","NPQ.27.2","NPQ","6","27","3",0.908647057148928,4.33774274712923e-98
"1085","qP.27.2","qP","7","27","3",0.975229440240229,2.3880512667108e-64
"1086","ABQ.27.2","ABQ","8","27","3",0.0801795159079017,5.81287775805332e-54
"1087","qm.27.2","qm","9","27","3",0.0150078346894531,1.1940256333554e-64
"1088","nTau1.27.2","nTau1","10","27","3",1.31862715344372,9.62097993242908e-17
"1089","nTau2.27.2","nTau2","11","27","3",1.00591861865624,2.75826184826367e-14
"1090","nCon.27.2","nCon","12","27","3",0.966377492070892,1.46500101105345e-11
"1091","Fm.27.2","Fm","13","27","3",1976.92498812257,4.33774274712923e-98
"1092","Fo.27.2","Fo","14","27","3",1239.50256445702,2.3880512667108e-64
"1093","Quant.1.3","Quant","1","1","4",0.391559012249104,1.85071831815782e-71
"1094","Sigma.1.3","Sigma","2","1","4",3.96499201249772,1.62794962379803e-61
"1095","Connect.1.3","Connect","3","1","4",0.309677654244176,1.67403245942184e-25
"1096","Tau1.1.3","Tau1","4","1","4",697.773955586663,2.87085819413455e-23
"1097","Tau2.1.3","Tau2","5","1","4",623829.027241055,1.26126457298922e-21
"1098","NPQ.1.3","NPQ","6","1","4",0.809991577948434,7.26835474554547e-104
"1099","qP.1.3","qP","7","1","4",0.951776390705825,3.70143663631563e-71
"1100","ABQ.1.3","ABQ","8","1","4",0,1.62794962379803e-61
"1101","qm.1.3","qm","9","1","4",0,1.85071831815782e-71
"1102","nTau1.1.3","nTau1","10","1","4",1,2.87085819413455e-23
"1103","nTau2.1.3","nTau2","11","1","4",1,1.26126457298922e-21
"1104","nCon.1.3","nCon","12","1","4",1,1.67403245942184e-25
"1105","Fm.1.3","Fm","13","1","4",1629.87818408432,7.26835474554547e-104
"1106","Fo.1.3","Fo","14","1","4",991.684692237901,3.70143663631563e-71
"1107","Quant.3.3","Quant","1","3","4",0.0645884282888548,5.87309102450661e-91
"1108","Sigma.3.3","Sigma","2","3","4",3.26876438766152,7.4157964523275e-32
"1109","Connect.3.3","Connect","3","3","4",0.232055380916731,0.00114219093619887
"1110","Tau1.3.3","Tau1","4","3","4",2486.2302431569,2.68487054210092e-09
"1111","Tau2.3.3","Tau2","5","3","4",3868381.44549308,1.64859601182225e-13
"1112","NPQ.3.3","NPQ","6","3","4",0.117394142873899,5.29793971915466e-107
"1113","qP.3.3","qP","7","3","4",0.233503194719784,1.17461820490132e-90
"1114","ABQ.3.3","ABQ","8","3","4",0.17559370173803,7.4157964523275e-32
"1115","qm.3.3","qm","9","3","4",0.835048035498249,5.87309102450661e-91
"1116","nTau1.3.3","nTau1","10","3","4",3.56308833720595,2.68487054210092e-09
"1117","nTau2.3.3","nTau2","11","3","4",6.20102828911534,1.64859601182225e-13
"1118","nCon.3.3","nCon","12","3","4",0.749344932501198,0.00114219093619887
"1119","Fm.3.3","Fm","13","3","4",2640.12998912545,5.29793971915466e-107
"1120","Fo.3.3","Fo","14","3","4",2469.60814264957,1.17461820490132e-90
"1121","Quant.4.3","Quant","1","4","4",0.0812328805202068,3.36225174960487e-94
"1122","Sigma.4.3","Sigma","2","4","4",3.22794120141261,2.82015372904383e-39
"1123","Connect.4.3","Connect","3","4","4",0.220655142187942,1.99309886041228e-05
"1124","Tau1.4.3","Tau1","4","4","4",1750.46410038386,8.39328278186254e-13
"1125","Tau2.4.3","Tau2","5","4","4",2806559.59635539,8.34070828132723e-20
"1126","NPQ.4.3","NPQ","6","4","4",0.164920216940443,7.73525923558063e-112
"1127","qP.4.3","qP","7","4","4",0.302955292139939,6.72450349920975e-94
"1128","ABQ.4.3","ABQ","8","4","4",0.185889608040045,2.82015372904383e-39
"1129","qm.4.3","qm","9","4","4",0.792539877824271,3.36225174960487e-94
"1130","nTau1.4.3","nTau1","10","4","4",2.50864063694114,8.39328278186254e-13
"1131","nTau2.4.3","nTau2","11","4","4",4.49892434272845,8.34070828132723e-20
"1132","nCon.4.3","nCon","12","4","4",0.712531689528876,1.99309886041228e-05
"1133","Fm.4.3","Fm","13","4","4",2532.4187385318,7.73525923558063e-112
"1134","Fo.4.3","Fo","14","4","4",2326.70306971752,6.72450349920975e-94
"1135","Quant.5.3","Quant","1","5","4",0.0999301819617524,2.76951371074371e-93
"1136","Sigma.5.3","Sigma","2","5","4",3.52973672322225,3.18325094021286e-45
"1137","Connect.5.3","Connect","3","5","4",0.173111123126861,5.01799805134481e-06
"1138","Tau1.5.3","Tau1","4","5","4",1463.22483656779,2.33519242554228e-14
"1139","Tau2.5.3","Tau2","5","5","4",2485838.76353152,2.68047059002274e-17
"1140","NPQ.5.3","NPQ","6","5","4",0.220769211499249,4.37670543894687e-115
"1141","qP.5.3","qP","7","5","4",0.376646548158049,5.53902742148743e-93
"1142","ABQ.5.3","ABQ","8","5","4",0.109774569003804,3.18325094021286e-45
"1143","qm.5.3","qm","9","5","4",0.744788961981091,2.76951371074371e-93
"1144","nTau1.5.3","nTau1","10","5","4",2.09698975556857,2.33519242554228e-14
"1145","nTau2.5.3","nTau2","11","5","4",3.98480778383364,2.68047059002274e-17
"1146","nCon.5.3","nCon","12","5","4",0.559004244427547,5.01799805134481e-06
"1147","Fm.5.3","Fm","13","5","4",2416.56306407947,4.37670543894687e-115
"1148","Fo.5.3","Fo","14","5","4",2175.07547736396,5.53902742148743e-93
"1149","Quant.6.3","Quant","1","6","4",0.103700693329756,6.13873414996532e-93
"1150","Sigma.6.3","Sigma","2","6","4",3.23030443638379,9.15729948858122e-45
"1151","Connect.6.3","Connect","3","6","4",0.249337848908087,1.94993241317835e-09
"1152","Tau1.6.3","Tau1","4","6","4",1132.11048205698,6.94769546294519e-14
"1153","Tau2.6.3","Tau2","5","6","4",2434617.54952774,1.7532779095164e-17
"1154","NPQ.6.3","NPQ","6","6","4",0.246907169846451,5.65772546365947e-112
"1155","qP.6.3","qP","7","6","4",0.403140982952388,1.22774682999306e-92
"1156","ABQ.6.3","ABQ","8","6","4",0.185293582886973,9.15729948858122e-45
"1157","qm.6.3","qm","9","6","4",0.735159477663143,6.13873414996532e-93
"1158","nTau1.6.3","nTau1","10","6","4",1.62246021507803,6.94769546294519e-14
"1159","nTau2.6.3","nTau2","11","6","4",3.90270000787727,1.7532779095164e-17
"1160","nCon.6.3","nCon","12","6","4",0.805152859726481,1.94993241317835e-09
"1161","Fm.6.3","Fm","13","6","4",2365.9065066069,5.65772546365947e-112
"1162","Fo.6.3","Fo","14","6","4",2120.56036151838,1.22774682999306e-92
"1163","Quant.7.3","Quant","1","7","4",0.110705697758672,6.01375322998159e-89
"1164","Sigma.7.3","Sigma","2","7","4",3.27191771226263,7.26212112448516e-41
"1165","Connect.7.3","Connect","3","7","4",0.185158720774892,0.000100332078724332
"1166","Tau1.7.3","Tau1","4","7","4",1177.15564687309,1.52682537036832e-13
"1167","Tau2.7.3","Tau2","5","7","4",2237995.94787865,3.9196259998236e-18
"1168","NPQ.7.3","NPQ","6","7","4",0.283025516458083,7.96240159367825e-108
"1169","qP.7.3","qP","7","7","4",0.439981051430229,1.20275064599632e-88
"1170","ABQ.7.3","ABQ","8","7","4",0.174798410198685,7.26212112448516e-41
"1171","qm.7.3","qm","9","7","4",0.717269442675366,6.01375322998159e-89
"1172","nTau1.7.3","nTau1","10","7","4",1.68701574119856,1.52682537036832e-13
"1173","nTau2.7.3","nTau2","11","7","4",3.58751492821103,3.9196259998236e-18
"1174","nCon.7.3","nCon","12","7","4",0.597907915657672,0.000100332078724332
"1175","Fm.7.3","Fm","13","7","4",2299.30406561083,7.96240159367825e-108
"1176","Fo.7.3","Fo","14","7","4",2044.75800466803,1.20275064599632e-88
"1177","Quant.8.3","Quant","1","8","4",0.117080779840084,1.30734141773768e-88
"1178","Sigma.8.3","Sigma","2","8","4",3.34303766827631,6.40125375302123e-42
"1179","Connect.8.3","Connect","3","8","4",0.156588931565278,0.000499153901304653
"1180","Tau1.8.3","Tau1","4","8","4",1365.82906701165,4.70723030715888e-16
"1181","Tau2.8.3","Tau2","5","8","4",2449993.79203767,1.27805580372647e-16
"1182","NPQ.8.3","NPQ","6","8","4",0.32642556856352,2.1870577393767e-108
"1183","qP.8.3","qP","7","8","4",0.479387136735408,2.61468283547537e-88
"1184","ABQ.8.3","ABQ","8","8","4",0.156861436860654,6.40125375302123e-42
"1185","qm.8.3","qm","9","8","4",0.700988162250243,1.30734141773768e-88
"1186","nTau1.8.3","nTau1","10","8","4",1.95740906646954,4.70723030715888e-16
"1187","nTau2.8.3","nTau2","11","8","4",3.92734817562595,1.27805580372647e-16
"1188","nCon.8.3","nCon","12","8","4",0.505651374644584,0.000499153901304653
"1189","Fm.8.3","Fm","13","8","4",2224.07186365485,2.1870577393767e-108
"1190","Fo.8.3","Fo","14","8","4",1963.67579543775,2.61468283547537e-88
"1191","Quant.9.3","Quant","1","9","4",0.118563394820091,2.15979768285606e-88
"1192","Sigma.9.3","Sigma","2","9","4",3.383185628665,3.59350424079999e-43
"1193","Connect.9.3","Connect","3","9","4",0.201668992095276,2.28212657238723e-06
"1194","Tau1.9.3","Tau1","4","9","4",1035.60179553606,8.32099612644474e-16
"1195","Tau2.9.3","Tau2","5","9","4",2521676.21526664,9.31262638327909e-16
"1196","NPQ.9.3","NPQ","6","9","4",0.366520008948926,6.10097141483174e-109
"1197","qP.9.3","qP","7","9","4",0.508943816072852,4.31959536571212e-88
"1198","ABQ.9.3","ABQ","8","9","4",0.146735827461658,3.59350424079999e-43
"1199","qm.9.3","qm","9","9","4",0.697201721551327,2.15979768285606e-88
"1200","nTau1.9.3","nTau1","10","9","4",1.48415083028624,8.32099612644474e-16
"1201","nTau2.9.3","nTau2","11","9","4",4.04225533784312,9.31262638327909e-16
"1202","nCon.9.3","nCon","12","9","4",0.651222293024291,2.28212657238723e-06
"1203","Fm.9.3","Fm","13","9","4",2158.81638538435,6.10097141483174e-109
"1204","Fo.9.3","Fo","14","9","4",1902.85978593994,4.31959536571212e-88
"1205","Quant.10.3","Quant","1","10","4",0.23661501115962,5.53946681087047e-84
"1206","Sigma.10.3","Sigma","2","10","4",3.51814233413594,1.13531797934318e-57
"1207","Connect.10.3","Connect","3","10","4",0.239860057278681,1.55568807519666e-18
"1208","Tau1.10.3","Tau1","4","10","4",849.965299774957,1.18010598839868e-18
"1209","Tau2.10.3","Tau2","5","10","4",1161034.1138088,1.26005458439052e-17
"1210","NPQ.10.3","NPQ","6","10","4",0.725597561545934,1.55746025779731e-109
"1211","qP.10.3","qP","7","10","4",0.799467713705233,1.10789336217409e-83
"1212","ABQ.10.3","ABQ","8","10","4",0.112698758775123,1.13531797934318e-57
"1213","qm.10.3","qm","9","10","4",0.395710470816365,5.53946681087047e-84
"1214","nTau1.10.3","nTau1","10","10","4",1.21810980901449,1.18010598839868e-18
"1215","nTau2.10.3","nTau2","11","10","4",1.86114153575634,1.26005458439052e-17
"1216","nCon.10.3","nCon","12","10","4",0.774547514137249,1.55568807519666e-18
"1217","Fm.10.3","Fm","13","10","4",1709.59084088621,1.55746025779731e-109
"1218","Fo.10.3","Fo","14","10","4",1305.07598499154,1.10789336217409e-83
"1219","Quant.11.3","Quant","1","11","4",0.247254586917069,1.30436143743274e-80
"1220","Sigma.11.3","Sigma","2","11","4",3.48079697142055,4.97536535881485e-55
"1221","Connect.11.3","Connect","3","11","4",0.240947795732097,2.13780072855315e-16
"1222","Tau1.11.3","Tau1","4","11","4",856.358777774487,7.25070361874395e-20
"1223","Tau2.11.3","Tau2","5","11","4",1079415.1864625,4.52838605547075e-19
"1224","NPQ.11.3","NPQ","6","11","4",0.725942283158185,5.85268811303954e-106
"1225","qP.11.3","qP","7","11","4",0.808432669998127,2.60872287486547e-80
"1226","ABQ.11.3","ABQ","8","11","4",0.122117532532468,4.97536535881485e-55
"1227","qm.11.3","qm","9","11","4",0.368538127888195,1.30436143743274e-80
"1228","nTau1.11.3","nTau1","10","11","4",1.22727248691088,7.25070361874395e-20
"1229","nTau2.11.3","nTau2","11","11","4",1.73030612447823,4.52838605547075e-19
"1230","nCon.11.3","nCon","12","11","4",0.77806000022886,2.13780072855315e-16
"1231","Fm.11.3","Fm","13","11","4",1709.24938513957,5.85268811303954e-106
"1232","Fo.11.3","Fo","14","11","4",1286.62963447863,2.60872287486547e-80
"1233","Quant.12.3","Quant","1","12","4",0.248636802222846,5.54455936522749e-82
"1234","Sigma.12.3","Sigma","2","12","4",3.42862659153445,4.39272348208042e-57
"1235","Connect.12.3","Connect","3","12","4",0.2694727353573,2.34572963377396e-20
"1236","Tau1.12.3","Tau1","4","12","4",754.449018137486,2.04979046956295e-19
"1237","Tau2.12.3","Tau2","5","12","4",1007912.91657169,8.68893385093052e-19
"1238","NPQ.12.3","NPQ","6","12","4",0.731681021122774,2.68659883027243e-107
"1239","qP.12.3","qP","7","12","4",0.811649306984628,1.1089118730455e-81
"1240","ABQ.12.3","ABQ","8","12","4",0.135275284104641,4.39272348208042e-57
"1241","qm.12.3","qm","9","12","4",0.36500809726053,5.54455936522749e-82
"1242","nTau1.12.3","nTau1","10","12","4",1.08122266831122,2.04979046956295e-19
"1243","nTau2.12.3","nTau2","11","12","4",1.61568774865973,8.68893385093052e-19
"1244","nCon.12.3","nCon","12","12","4",0.870171714568802,2.34572963377396e-20
"1245","Fm.12.3","Fm","13","12","4",1703.58498493087,2.68659883027243e-107
"1246","Fo.12.3","Fo","14","12","4",1280.0110619628,1.1089118730455e-81
"1247","Quant.13.3","Quant","1","13","4",0.255114016722641,1.13557851689845e-82
"1248","Sigma.13.3","Sigma","2","13","4",3.44840192657579,7.58212465526085e-58
"1249","Connect.13.3","Connect","3","13","4",0.254266085517423,1.02654924855426e-19
"1250","Tau1.13.3","Tau1","4","13","4",770.748736182792,1.68477515402343e-18
"1251","Tau2.13.3","Tau2","5","13","4",969623.238622328,1.13706455429432e-18
"1252","NPQ.13.3","NPQ","6","13","4",0.743550886673982,5.94385839019691e-108
"1253","qP.13.3","qP","7","13","4",0.82121066541895,2.2711570337969e-82
"1254","ABQ.13.3","ABQ","8","13","4",0.130287799898114,7.58212465526085e-58
"1255","qm.13.3","qm","9","13","4",0.348465981520196,1.13557851689845e-82
"1256","nTau1.13.3","nTau1","10","13","4",1.10458226480347,1.68477515402343e-18
"1257","nTau2.13.3","nTau2","11","13","4",1.55430926789441,1.13706455429432e-18
"1258","nCon.13.3","nCon","12","13","4",0.821066945040013,1.02654924855426e-19
"1259","Fm.13.3","Fm","13","13","4",1691.98720199219,5.94385839019691e-108
"1260","Fo.13.3","Fo","14","13","4",1260.33755064866,2.2711570337969e-82
"1261","Quant.14.3","Quant","1","14","4",0.253144163208768,2.69921910160316e-83
"1262","Sigma.14.3","Sigma","2","14","4",3.34947455561957,4.42045462013983e-59
"1263","Connect.14.3","Connect","3","14","4",0.280533579036477,5.32114404770855e-23
"1264","Tau1.14.3","Tau1","4","14","4",837.346061627064,5.65800144279256e-16
"1265","Tau2.14.3","Tau2","5","14","4",1030733.61863707,1.53688787898099e-14
"1266","NPQ.14.3","NPQ","6","14","4",0.749389002920463,1.92595865550919e-108
"1267","qP.14.3","qP","7","14","4",0.821640385253592,5.39843820320632e-83
"1268","ABQ.14.3","ABQ","8","14","4",0.155238006769755,4.42045462013983e-59
"1269","qm.14.3","qm","9","14","4",0.353496777523482,2.69921910160316e-83
"1270","nTau1.14.3","nTau1","10","14","4",1.20002481451612,5.65800144279256e-16
"1271","nTau2.14.3","nTau2","11","14","4",1.65226940977016,1.53688787898099e-14
"1272","nCon.14.3","nCon","12","14","4",0.905888995191371,5.32114404770855e-23
"1273","Fm.14.3","Fm","13","14","4",1686.34064884918,1.92595865550919e-108
"1274","Fo.14.3","Fo","14","14","4",1259.45335641132,5.39843820320632e-83
"1275","Quant.15.3","Quant","1","15","4",0.261279960850322,3.30799538504816e-83
"1276","Sigma.15.3","Sigma","2","15","4",3.38828945406318,2.03778725182845e-59
"1277","Connect.15.3","Connect","3","15","4",0.255630624216415,3.02923506654788e-21
"1278","Tau1.15.3","Tau1","4","15","4",815.714182748131,2.77316016131981e-17
"1279","Tau2.15.3","Tau2","5","15","4",1002799.36302828,6.2105547628247e-16
"1280","NPQ.15.3","NPQ","6","15","4",0.754335505354029,1.18246909143018e-108
"1281","qP.15.3","qP","7","15","4",0.830015253301941,6.61599077009632e-83
"1282","ABQ.15.3","ABQ","8","15","4",0.145448605348198,2.03778725182845e-59
"1283","qm.15.3","qm","9","15","4",0.332718817147033,3.30799538504816e-83
"1284","nTau1.15.3","nTau1","10","15","4",1.16902354439742,2.77316016131981e-17
"1285","nTau2.15.3","nTau2","11","15","4",1.60749070536724,6.2105547628247e-16
"1286","nCon.15.3","nCon","12","15","4",0.825473264579995,3.02923506654788e-21
"1287","Fm.15.3","Fm","13","15","4",1681.58586386199,1.18246909143018e-108
"1288","Fo.15.3","Fo","14","15","4",1242.22117518567,6.61599077009632e-83
"1289","Quant.16.3","Quant","1","16","4",0.0862742380015288,1.53149997243972e-90
"1290","Sigma.16.3","Sigma","2","16","4",3.22476385959511,9.3856453891748e-37
"1291","Connect.16.3","Connect","3","16","4",0.213147637574068,0.000214887190337323
"1292","Tau1.16.3","Tau1","4","16","4",1169.17106338342,5.00499858154513e-14
"1293","Tau2.16.3","Tau2","5","16","4",3727969.31958236,5.12867943433234e-15
"1294","NPQ.16.3","NPQ","6","16","4",0.307801890904938,3.49269862227728e-108
"1295","qP.16.3","qP","7","16","4",0.432023715933079,3.06299994487944e-90
"1296","ABQ.16.3","ABQ","8","16","4",0.186690956897112,9.3856453891748e-37
"1297","qm.16.3","qm","9","16","4",0.779664787930759,1.53149997243972e-90
"1298","nTau1.16.3","nTau1","10","16","4",1.67557280409014,5.00499858154513e-14
"1299","nTau2.16.3","nTau2","11","16","4",5.97594718551278,5.12867943433234e-15
"1300","nCon.16.3","nCon","12","16","4",0.688288724268121,0.000214887190337323
"1301","Fm.16.3","Fm","13","16","4",2255.7436311957,3.49269862227728e-108
"1302","Fo.16.3","Fo","14","16","4",2061.13106828749,3.06299994487944e-90
"1303","Quant.17.3","Quant","1","17","4",0.0860576582093673,1.1168274453899e-91
"1304","Sigma.17.3","Sigma","2","17","4",3.40066781090691,7.43442404950367e-38
"1305","Connect.17.3","Connect","3","17","4",0.094134421556712,0.0844009297554248
"1306","Tau1.17.3","Tau1","4","17","4",1417.0689347933,4.64881256276432e-13
"1307","Tau2.17.3","Tau2","5","17","4",3301270.49755616,1.52138271243426e-15
"1308","NPQ.17.3","NPQ","6","17","4",0.350124465864724,2.2753278244952e-111
"1309","qP.17.3","qP","7","17","4",0.463194588018476,2.23365489077979e-91
"1310","ABQ.17.3","ABQ","8","17","4",0.142326693171649,7.43442404950367e-38
"1311","qm.17.3","qm","9","17","4",0.780217909645204,1.1168274453899e-91
"1312","nTau1.17.3","nTau1","10","17","4",2.03084240024677,4.64881256276432e-13
"1313","nTau2.17.3","nTau2","11","17","4",5.29194755838206,1.52138271243426e-15
"1314","nCon.17.3","nCon","12","17","4",0.303975505712428,0.0844009297554248
"1315","Fm.17.3","Fm","13","17","4",2185.03246245898,2.2753278244952e-111
"1316","Fo.17.3","Fo","14","17","4",1996.99368562831,2.23365489077979e-91
"1317","Quant.18.3","Quant","1","18","4",0.0872479650852114,9.32744143331181e-90
"1318","Sigma.18.3","Sigma","2","18","4",3.4175370557681,2.29509644001317e-35
"1319","Connect.18.3","Connect","3","18","4",0.0848774535773804,0.172429318932359
"1320","Tau1.18.3","Tau1","4","18","4",1290.18453473551,7.27863104738261e-15
"1321","Tau2.18.3","Tau2","5","18","4",3410673.75532068,4.92580205580787e-15
"1322","NPQ.18.3","NPQ","6","18","4",0.379415926514598,5.00162632566225e-109
"1323","qP.18.3","qP","7","18","4",0.485040924581598,1.86548828666236e-89
"1324","ABQ.18.3","ABQ","8","18","4",0.138072146174325,2.29509644001317e-35
"1325","qm.18.3","qm","9","18","4",0.777177992701377,9.32744143331181e-90
"1326","nTau1.18.3","nTau1","10","18","4",1.84900070345958,7.27863104738261e-15
"1327","nTau2.18.3","nTau2","11","18","4",5.46732134348528,4.92580205580787e-15
"1328","nCon.18.3","nCon","12","18","4",0.274083235952362,0.172429318932359
"1329","Fm.18.3","Fm","13","18","4",2138.63398962524,5.00162632566225e-109
"1330","Fo.18.3","Fo","14","18","4",1952.04252596837,1.86548828666236e-89
"1331","Quant.19.3","Quant","1","19","4",0.0891644945571117,2.7768701383919e-91
"1332","Sigma.19.3","Sigma","2","19","4",3.38260764128688,1.46990137551911e-38
"1333","Connect.19.3","Connect","3","19","4",0.181193379894188,0.00056361247980041
"1334","Tau1.19.3","Tau1","4","19","4",1208.92105041316,1.90853248931144e-15
"1335","Tau2.19.3","Tau2","5","19","4",4309820.24991744,2.09907247018529e-12
"1336","NPQ.19.3","NPQ","6","19","4",0.407013772020494,1.96402987753926e-110
"1337","qP.19.3","qP","7","19","4",0.505602030987096,5.55374027678379e-91
"1338","ABQ.19.3","ABQ","8","19","4",0.146881600107932,1.46990137551911e-38
"1339","qm.19.3","qm","9","19","4",0.772283380620067,2.7768701383919e-91
"1340","nTau1.19.3","nTau1","10","19","4",1.73253965805694,1.90853248931144e-15
"1341","nTau2.19.3","nTau2","11","19","4",6.90865615692498,2.09907247018529e-12
"1342","nCon.19.3","nCon","12","19","4",0.585103178776082,0.00056361247980041
"1343","Fm.19.3","Fm","13","19","4",2096.68579294584,1.96402987753926e-110
"1344","Fo.19.3","Fo","14","19","4",1909.73586397275,5.55374027678379e-91
"1345","Quant.20.3","Quant","1","20","4",0.0903089561865959,5.61415418814309e-90
"1346","Sigma.20.3","Sigma","2","20","4",3.15451104111824,7.91040667803014e-37
"1347","Connect.20.3","Connect","3","20","4",0.196455216423009,0.000650964551060943
"1348","Tau1.20.3","Tau1","4","20","4",1082.98159274257,1.73427214473701e-12
"1349","Tau2.20.3","Tau2","5","20","4",4051867.39995985,6.20865900455055e-12
"1350","NPQ.20.3","NPQ","6","20","4",0.44029841022803,3.83358796005661e-107
"1351","qP.20.3","qP","7","20","4",0.528190048284196,1.12283083762862e-89
"1352","ABQ.20.3","ABQ","8","20","4",0.204409231802945,7.91040667803014e-37
"1353","qm.20.3","qm","9","20","4",0.769360547551022,5.61415418814309e-90
"1354","nTau1.20.3","nTau1","10","20","4",1.55205218548467,1.73427214473701e-12
"1355","nTau2.20.3","nTau2","11","20","4",6.49515688277545,6.20865900455055e-12
"1356","nCon.20.3","nCon","12","20","4",0.634386155186086,0.000650964551060943
"1357","Fm.20.3","Fm","13","20","4",2048.2323422182,3.83358796005661e-107
"1358","Fo.20.3","Fo","14","20","4",1863.25861736485,1.12283083762862e-89
"1359","Quant.21.3","Quant","1","21","4",0.0848318201487389,3.36866049094878e-93
"1360","Sigma.21.3","Sigma","2","21","4",3.20023701401345,5.16144404466387e-40
"1361","Connect.21.3","Connect","3","21","4",0.226870019883729,4.9861122654649e-06
"1362","Tau1.21.3","Tau1","4","21","4",989.511762251796,1.76702702535622e-12
"1363","Tau2.21.3","Tau2","5","21","4",3339031.33411478,1.38119890232915e-14
"1364","NPQ.21.3","NPQ","6","21","4",0.485556851447171,2.36266998503981e-111
"1365","qP.21.3","qP","7","21","4",0.550492029760424,6.73732098189755e-93
"1366","ABQ.21.3","ABQ","8","21","4",0.19287680683183,5.16144404466387e-40
"1367","qm.21.3","qm","9","21","4",0.783348569449424,3.36866049094878e-93
"1368","nTau1.21.3","nTau1","10","21","4",1.41809787299936,1.76702702535622e-12
"1369","nTau2.21.3","nTau2","11","21","4",5.35247830464377,1.38119890232915e-14
"1370","nCon.21.3","nCon","12","21","4",0.732600550199356,4.9861122654649e-06
"1371","Fm.21.3","Fm","13","21","4",1985.83163168792,2.36266998503981e-111
"1372","Fo.21.3","Fo","14","21","4",1817.3699198629,6.73732098189755e-93
"1373","Quant.22.3","Quant","1","22","4",0.0860809415314086,4.90026517813657e-91
"1374","Sigma.22.3","Sigma","2","22","4",3.17292203772263,2.70379956557359e-37
"1375","Connect.22.3","Connect","3","22","4",0.158601298171321,0.00470592177357829
"1376","Tau1.22.3","Tau1","4","22","4",1255.98160156459,1.46991375620146e-12
"1377","Tau2.22.3","Tau2","5","22","4",3336517.64553411,1.8072930004403e-14
"1378","NPQ.22.3","NPQ","6","22","4",0.532526021467073,5.79845299031499e-109
"1379","qP.22.3","qP","7","22","4",0.578730495264996,9.80053035627314e-91
"1380","ABQ.22.3","ABQ","8","22","4",0.199765843733978,2.70379956557359e-37
"1381","qm.22.3","qm","9","22","4",0.78015844652135,4.90026517813657e-91
"1382","nTau1.22.3","nTau1","10","22","4",1.79998349251744,1.46991375620146e-12
"1383","nTau2.22.3","nTau2","11","22","4",5.34844885351069,1.8072930004403e-14
"1384","nCon.22.3","nCon","12","22","4",0.512149636881021,0.00470592177357829
"1385","Fm.22.3","Fm","13","22","4",1924.96945888752,5.79845299031499e-109
"1386","Fo.22.3","Fo","14","22","4",1759.26627544727,9.80053035627314e-91
"1387","Quant.23.3","Quant","1","23","4",0.352090867887136,1.31669860668045e-78
"1388","Sigma.23.3","Sigma","2","23","4",3.60865024149531,9.75230444790911e-65
"1389","Connect.23.3","Connect","3","23","4",0.286804155803815,1.77251637568405e-27
"1390","Tau1.23.3","Tau1","4","23","4",825.877718696654,7.78281320655462e-20
"1391","Tau2.23.3","Tau2","5","23","4",827672.783471513,8.39741387541715e-15
"1392","NPQ.23.3","NPQ","6","23","4",1.14169335907831,3.98018396200239e-107
"1393","qP.23.3","qP","7","23","4",1,2.63339721336091e-78
"1394","ABQ.23.3","ABQ","8","23","4",0.0898720022333488,9.75230444790911e-65
"1395","qm.23.3","qm","9","23","4",0.100797435705194,1.31669860668045e-78
"1396","nTau1.23.3","nTau1","10","23","4",1.18358920117946,7.78281320655462e-20
"1397","nTau2.23.3","nTau2","11","23","4",1.32676221741713,8.39741387541715e-15
"1398","nCon.23.3","nCon","12","23","4",0.92613771731064,1.77251637568405e-27
"1399","Fm.23.3","Fm","13","23","4",1377.4454563113,3.98018396200239e-107
"1400","Fo.23.3","Fo","14","23","4",892.459490131466,2.63339721336091e-78
"1401","Quant.24.3","Quant","1","24","4",0.3607036260581,8.33037199860976e-75
"1402","Sigma.24.3","Sigma","2","24","4",3.65386547220946,7.96170185526462e-62
"1403","Connect.24.3","Connect","3","24","4",0.307860577823628,8.82778665486908e-27
"1404","Tau1.24.3","Tau1","4","24","4",825.314625246897,3.44788004276077e-18
"1405","Tau2.24.3","Tau2","5","24","4",760965.055133078,5.53174560299749e-14
"1406","NPQ.24.3","NPQ","6","24","4",1.07669796916564,4.08529037409909e-104
"1407","qP.24.3","qP","7","24","4",0.9923713211416,1.66607439972195e-74
"1408","ABQ.24.3","ABQ","8","24","4",0.0784683901777317,7.96170185526462e-62
"1409","qm.24.3","qm","9","24","4",0.0788013689527198,8.33037199860976e-75
"1410","nTau1.24.3","nTau1","10","24","4",1.1827822157005,3.44788004276077e-18
"1411","nTau2.24.3","nTau2","11","24","4",1.21982950761128,5.53174560299749e-14
"1412","nCon.24.3","nCon","12","24","4",0.994132361842564,8.82778665486908e-27
"1413","Fm.24.3","Fm","13","24","4",1420.55601251431,4.08529037409909e-104
"1414","Fo.24.3","Fo","14","24","4",908.156307781763,1.66607439972195e-74
"1415","Quant.25.3","Quant","1","25","4",0.369740178480828,1.68334487602243e-71
"1416","Sigma.25.3","Sigma","2","25","4",3.71779518303277,3.05243493234749e-59
"1417","Connect.25.3","Connect","3","25","4",0.288282646700301,4.88638381303933e-23
"1418","Tau1.25.3","Tau1","4","25","4",851.035068080604,1.01716941533133e-16
"1419","Tau2.25.3","Tau2","5","25","4",727487.674701083,1.10762762333909e-12
"1420","NPQ.25.3","NPQ","6","25","4",1.02571475752828,1.3608429026361e-101
"1421","qP.25.3","qP","7","25","4",0.987658816486346,3.36668975204486e-71
"1422","ABQ.25.3","ABQ","8","25","4",0.0623448492924513,3.05243493234749e-59
"1423","qm.25.3","qm","9","25","4",0.0557229768329144,1.68334487602243e-71
"1424","nTau1.25.3","nTau1","10","25","4",1.21964292485678,1.01716941533133e-16
"1425","nTau2.25.3","nTau2","11","25","4",1.1661651557294,1.10762762333909e-12
"1426","nCon.25.3","nCon","12","25","4",0.93091200720926,4.88638381303933e-23
"1427","Fm.25.3","Fm","13","25","4",1456.30858209973,1.3608429026361e-101
"1428","Fo.25.3","Fo","14","25","4",917.852787031016,3.36668975204486e-71
"1429","Quant.26.3","Quant","1","26","4",0.378794848896608,9.02977170944627e-73
"1430","Sigma.26.3","Sigma","2","26","4",3.73594296867683,3.07277294986098e-61
"1431","Connect.26.3","Connect","3","26","4",0.300779897550387,6.02931275344669e-26
"1432","Tau1.26.3","Tau1","4","26","4",859.220463577525,1.76876796202752e-16
"1433","Tau2.26.3","Tau2","5","26","4",676446.015795244,4.2393916451371e-13
"1434","NPQ.26.3","NPQ","6","26","4",0.98305389781259,2.85734302096248e-103
"1435","qP.26.3","qP","7","26","4",0.984608947401498,1.80595434188925e-72
"1436","ABQ.26.3","ABQ","8","26","4",0.0577678449537664,3.07277294986098e-61
"1437","qm.26.3","qm","9","26","4",0.0325983132891743,9.02977170944627e-73
"1438","nTau1.26.3","nTau1","10","26","4",1.23137365145009,1.76876796202752e-16
"1439","nTau2.26.3","nTau2","11","26","4",1.08434520719065,4.2393916451371e-13
"1440","nCon.26.3","nCon","12","26","4",0.971267682469678,6.02931275344669e-26
"1441","Fm.26.3","Fm","13","26","4",1487.63772357805,2.85734302096248e-103
"1442","Fo.26.3","Fo","14","26","4",924.128216862411,1.80595434188925e-72
"1443","Quant.27.3","Quant","1","27","4",0.382073806660136,8.19108181345356e-72
"1444","Sigma.27.3","Sigma","2","27","4",3.72911207116675,1.8025237900726e-60
"1445","Connect.27.3","Connect","3","27","4",0.275588408937302,4.85756824212235e-23
"1446","Tau1.27.3","Tau1","4","27","4",879.706393048438,1.38510552430702e-16
"1447","Tau2.27.3","Tau2","5","27","4",665566.791005803,4.38491248318644e-13
"1448","NPQ.27.3","NPQ","6","27","4",0.956074241932092,2.74327176782901e-102
"1449","qP.27.3","qP","7","27","4",0.980817602772054,1.63821636269071e-71
"1450","ABQ.27.3","ABQ","8","27","4",0.0594906472919675,1.8025237900726e-60
"1451","qm.27.3","qm","9","27","4",0.0242242045062008,8.19108181345356e-72
"1452","nTau1.27.3","nTau1","10","27","4",1.26073262838939,1.38510552430702e-16
"1453","nTau2.27.3","nTau2","11","27","4",1.06690577376519,4.38491248318644e-13
"1454","nCon.27.3","nCon","12","27","4",0.889920228858376,4.85756824212235e-23
"1455","Fm.27.3","Fm","13","27","4",1508.15634858553,2.74327176782901e-102
"1456","Fo.27.3","Fo","14","27","4",931.929311442805,1.63821636269071e-71
"1457","MTQuant.2.0","MTQuant","15","2","1",0.580596071271826,NA
"1458","PQpool.2.0","PQpool","16","2","1",0.644828497225895,NA
"1459","MTTau1.2.0","MTTau1","17","2","1",20914.8180788465,NA
"1460","MTTau2.2.0","MTTau2","18","2","1",3943991.53940567,NA
"1461","MTQuant.2.1","MTQuant","15","2","2",0.605649737769701,NA
"1462","PQpool.2.1","PQpool","16","2","2",0.617536066518275,NA
"1463","MTTau1.2.1","MTTau1","17","2","2",27435.2478785482,NA
"1464","MTTau2.2.1","MTTau2","18","2","2",1.5e+07,NA
"1465","MTQuant.2.2","MTQuant","15","2","3",0.563535444918748,NA
"1466","PQpool.2.2","PQpool","16","2","3",0.649874478432161,NA
"1467","MTTau1.2.2","MTTau1","17","2","3",22323.9468049391,NA
"1468","MTTau2.2.2","MTTau2","18","2","3",4224339.16795088,NA
"1469","MTQuant.2.3","MTQuant","15","2","4",0.552488758612605,NA
"1470","PQpool.2.3","PQpool","16","2","4",0.66384319398848,NA
"1471","MTTau1.2.3","MTTau1","17","2","4",21246.6138282912,NA
"1472","MTTau2.2.3","MTTau2","18","2","4",5e+06,NA
"1473","Ratio12","Ratio12","Ratio12","Ratio12","Ratio12",1.04921987786413,NA
"1474","Ratio32","Ratio32","Ratio32","Ratio32","Ratio32",0.973666078297867,NA
"1475","Ratio42","Ratio42","Ratio42","Ratio42","Ratio42",0.746325243680111,NA
"1476","mean.1.rQuant.All","rQuant","1","All","1",0.191764642633544,NA
"1477","min.1.rQuant.All","rQuant","1","All","1",0.0706651100596976,NA
"1478","max.1.rQuant.All","rQuant","1","All","1",0.388264026664728,NA
"1479","range.1.rQuant.All","rQuant","1","All","1",0.31759891660503,NA
"1480","slope.1.rQuant.All","rQuant","1","All","1",0.0061649249326287,NA
"1481","mean.1.rSigma.All","rSigma","2","All","1",3.47392461820178,NA
"1482","min.1.rSigma.All","rSigma","2","All","1",2.97422713227003,NA
"1483","max.1.rSigma.All","rSigma","2","All","1",4.53538868454802,NA
"1484","range.1.rSigma.All","rSigma","2","All","1",1.56116155227799,NA
"1485","slope.1.rSigma.All","rSigma","2","All","1",0.0160404726561864,NA
"1486","mean.1.rConnect.All","rConnect","3","All","1",0.115287960077185,NA
"1487","min.1.rConnect.All","rConnect","3","All","1",0,NA
"1488","max.1.rConnect.All","rConnect","3","All","1",0.21964585954177,NA
"1489","range.1.rConnect.All","rConnect","3","All","1",0.21964585954177,NA
"1490","slope.1.rConnect.All","rConnect","3","All","1",0.000128382168435709,NA
"1491","mean.1.rTau1.All","rTau1","4","All","1",1170.04086198649,NA
"1492","min.1.rTau1.All","rTau1","4","All","1",766.671715114242,NA
"1493","max.1.rTau1.All","rTau1","4","All","1",2844.17309925895,NA
"1494","range.1.rTau1.All","rTau1","4","All","1",2077.50138414471,NA
"1495","slope.1.rTau1.All","rTau1","4","All","1",-32.4402675999349,NA
"1496","mean.1.rTau2.All","rTau2","5","All","1",1890034.2510612,NA
"1497","min.1.rTau2.All","rTau2","5","All","1",498044.110173483,NA
"1498","max.1.rTau2.All","rTau2","5","All","1",3736734.37974683,NA
"1499","range.1.rTau2.All","rTau2","5","All","1",3238690.26957335,NA
"1500","slope.1.rTau2.All","rTau2","5","All","1",-31570.6315406317,NA
"1501","mean.1.rNPQ.All","rNPQ","6","All","1",0.478383130260476,NA
"1502","min.1.rNPQ.All","rNPQ","6","All","1",0.0831582388484687,NA
"1503","max.1.rNPQ.All","rNPQ","6","All","1",0.961221960804362,NA
"1504","range.1.rNPQ.All","rNPQ","6","All","1",0.878063721955893,NA
"1505","slope.1.rNPQ.All","rNPQ","6","All","1",0.0215971685221126,NA
"1506","mean.1.rqP.All","rqP","7","All","1",0.620527072589633,NA
"1507","min.1.rqP.All","rqP","7","All","1",0.209973668878478,NA
"1508","max.1.rqP.All","rqP","7","All","1",1.00365691857714,NA
"1509","range.1.rqP.All","rqP","7","All","1",0.793683249698662,NA
"1510","slope.1.rqP.All","rqP","7","All","1",0.0181927806421948,NA
"1511","mean.1.rABQ.All","rABQ","8","All","1",0.234040374524597,NA
"1512","min.1.rABQ.All","rABQ","8","All","1",0,NA
"1513","max.1.rABQ.All","rABQ","8","All","1",0.344217808188489,NA
"1514","range.1.rABQ.All","rABQ","8","All","1",0.344217808188489,NA
"1515","slope.1.rABQ.All","rABQ","8","All","1",-0.00353673604884976,NA
"1516","mean.1.rqm.All","rqm","9","All","1",0.506097321761061,NA
"1517","min.1.rqm.All","rqm","9","All","1",0,NA
"1518","max.1.rqm.All","rqm","9","All","1",0.817997277093306,NA
"1519","range.1.rqm.All","rqm","9","All","1",0.817997277093306,NA
"1520","slope.1.rqm.All","rqm","9","All","1",-0.015878176985869,NA
"1521","mean.2.rQuant.All","rQuant","1","All","2",0.180138720384145,NA
"1522","min.2.rQuant.All","rQuant","1","All","2",0.0445226229358399,NA
"1523","max.2.rQuant.All","rQuant","1","All","2",0.36850639960624,NA
"1524","range.2.rQuant.All","rQuant","1","All","2",0.3239837766704,NA
"1525","slope.2.rQuant.All","rQuant","1","All","2",0.00600069766675326,NA
"1526","mean.2.rSigma.All","rSigma","2","All","2",3.32088392733865,NA
"1527","min.2.rSigma.All","rSigma","2","All","2",2.73543403083633,NA
"1528","max.2.rSigma.All","rSigma","2","All","2",4.44550291313953,NA
"1529","range.2.rSigma.All","rSigma","2","All","2",1.7100688823032,NA
"1530","slope.2.rSigma.All","rSigma","2","All","2",0.0211878043063592,NA
"1531","mean.2.rConnect.All","rConnect","3","All","2",0.15852501587925,NA
"1532","min.2.rConnect.All","rConnect","3","All","2",0.00906347958706591,NA
"1533","max.2.rConnect.All","rConnect","3","All","2",0.243884862105711,NA
"1534","range.2.rConnect.All","rConnect","3","All","2",0.234821382518645,NA
"1535","slope.2.rConnect.All","rConnect","3","All","2",4.11777883354747e-05,NA
"1536","mean.2.rTau1.All","rTau1","4","All","2",1654.63138665106,NA
"1537","min.2.rTau1.All","rTau1","4","All","2",932.907712957815,NA
"1538","max.2.rTau1.All","rTau1","4","All","2",3524.08287643121,NA
"1539","range.2.rTau1.All","rTau1","4","All","2",2591.1751634734,NA
"1540","slope.2.rTau1.All","rTau1","4","All","2",-44.0953693140057,NA
"1541","mean.2.rTau2.All","rTau2","5","All","2",2043110.24170384,NA
"1542","min.2.rTau2.All","rTau2","5","All","2",551429.787000005,NA
"1543","max.2.rTau2.All","rTau2","5","All","2",4553598.83709526,NA
"1544","range.2.rTau2.All","rTau2","5","All","2",4002169.05009525,NA
"1545","slope.2.rTau2.All","rTau2","5","All","2",-23958.0264092261,NA
"1546","mean.2.rNPQ.All","rNPQ","6","All","2",0.418626495236218,NA
"1547","min.2.rNPQ.All","rNPQ","6","All","2",0.036305056754176,NA
"1548","max.2.rNPQ.All","rNPQ","6","All","2",0.923711388707827,NA
"1549","range.2.rNPQ.All","rNPQ","6","All","2",0.887406331953651,NA
"1550","slope.2.rNPQ.All","rNPQ","6","All","2",0.0217641336168031,NA
"1551","mean.2.rqP.All","rqP","7","All","2",0.585305925961324,NA
"1552","min.2.rqP.All","rqP","7","All","2",0.118276245379571,NA
"1553","max.2.rqP.All","rqP","7","All","2",1,NA
"1554","range.2.rqP.All","rqP","7","All","2",0.881723754620429,NA
"1555","slope.2.rqP.All","rqP","7","All","2",0.0201323682177613,NA
"1556","mean.2.rABQ.All","rABQ","8","All","2",0.252979023470407,NA
"1557","min.2.rABQ.All","rABQ","8","All","2",0,NA
"1558","max.2.rABQ.All","rABQ","8","All","2",0.384673886333259,NA
"1559","range.2.rABQ.All","rABQ","8","All","2",0.384673886333259,NA
"1560","slope.2.rABQ.All","rABQ","8","All","2",-0.00476612089123473,NA
"1561","mean.2.rqm.All","rqm","9","All","2",0.51116528620228,NA
"1562","min.2.rqm.All","rqm","9","All","2",0,NA
"1563","max.2.rqm.All","rqm","9","All","2",0.879180869088261,NA
"1564","range.2.rqm.All","rqm","9","All","2",0.879180869088261,NA
"1565","slope.2.rqm.All","rqm","9","All","2",-0.016283835703166,NA
"1566","mean.3.rQuant.All","rQuant","1","All","3",0.183635334653469,NA
"1567","min.3.rQuant.All","rQuant","1","All","3",0.0512187931939115,NA
"1568","max.3.rQuant.All","rQuant","1","All","3",0.378698314853433,NA
"1569","range.3.rQuant.All","rQuant","1","All","3",0.327479521659522,NA
"1570","slope.3.rQuant.All","rQuant","1","All","3",0.00592574190189542,NA
"1571","mean.3.rSigma.All","rSigma","2","All","3",3.33756944273434,NA
"1572","min.3.rSigma.All","rSigma","2","All","3",2.70449847900314,NA
"1573","max.3.rSigma.All","rSigma","2","All","3",4.31952742719492,NA
"1574","range.3.rSigma.All","rSigma","2","All","3",1.61502894819178,NA
"1575","slope.3.rSigma.All","rSigma","2","All","3",0.0161208005428981,NA
"1576","mean.3.rConnect.All","rConnect","3","All","3",0.16355897622657,NA
"1577","min.3.rConnect.All","rConnect","3","All","3",0,NA
"1578","max.3.rConnect.All","rConnect","3","All","3",0.242592666361077,NA
"1579","range.3.rConnect.All","rConnect","3","All","3",0.242592666361077,NA
"1580","slope.3.rConnect.All","rConnect","3","All","3",0.00147664213355619,NA
"1581","mean.3.rTau1.All","rTau1","4","All","3",1513.69159713767,NA
"1582","min.3.rTau1.All","rTau1","4","All","3",843.682692179449,NA
"1583","max.3.rTau1.All","rTau1","4","All","3",3460.61762221488,NA
"1584","range.3.rTau1.All","rTau1","4","All","3",2616.93493003543,NA
"1585","slope.3.rTau1.All","rTau1","4","All","3",-38.5072649732194,NA
"1586","mean.3.rTau2.All","rTau2","5","All","3",2104679.82054722,NA
"1587","min.3.rTau2.All","rTau2","5","All","3",561463.243129376,NA
"1588","max.3.rTau2.All","rTau2","5","All","3",4369446.153153,NA
"1589","range.3.rTau2.All","rTau2","5","All","3",3807982.91002362,NA
"1590","slope.3.rTau2.All","rTau2","5","All","3",-11721.5170479053,NA
"1591","mean.3.rNPQ.All","rNPQ","6","All","3",0.54051572853844,NA
"1592","min.3.rNPQ.All","rNPQ","6","All","3",0.0998790193281404,NA
"1593","max.3.rNPQ.All","rNPQ","6","All","3",1.09716885530983,NA
"1594","range.3.rNPQ.All","rNPQ","6","All","3",0.99728983598169,NA
"1595","slope.3.rNPQ.All","rNPQ","6","All","3",0.0236240662965483,NA
"1596","mean.3.rqP.All","rqP","7","All","3",0.634357173059646,NA
"1597","min.3.rqP.All","rqP","7","All","3",0.1995134621886,NA
"1598","max.3.rqP.All","rqP","7","All","3",1,NA
"1599","range.3.rqP.All","rqP","7","All","3",0.8004865378114,NA
"1600","slope.3.rqP.All","rqP","7","All","3",0.017697954852257,NA
"1601","mean.3.rABQ.All","rABQ","8","All","3",0.227329957040755,NA
"1602","min.3.rABQ.All","rABQ","8","All","3",0,NA
"1603","max.3.rABQ.All","rABQ","8","All","3",0.373890194104074,NA
"1604","range.3.rABQ.All","rABQ","8","All","3",0.373890194104074,NA
"1605","slope.3.rABQ.All","rABQ","8","All","3",-0.00373207505094295,NA
"1606","mean.3.rqm.All","rqm","9","All","3",0.51508805967478,NA
"1607","min.3.rqm.All","rqm","9","All","3",0,NA
"1608","max.3.rqm.All","rqm","9","All","3",0.864750406365725,NA
"1609","range.3.rqm.All","rqm","9","All","3",0.864750406365725,NA
"1610","slope.3.rqm.All","rqm","9","All","3",-0.0156476584908725,NA
"1611","mean.4.rQuant.All","rQuant","1","All","4",0.193952885059714,NA
"1612","min.4.rQuant.All","rQuant","1","All","4",0.0645884282888548,NA
"1613","max.4.rQuant.All","rQuant","1","All","4",0.391559012249104,NA
"1614","range.4.rQuant.All","rQuant","1","All","4",0.326970583960249,NA
"1615","slope.4.rQuant.All","rQuant","1","All","4",0.0057013901933595,NA
"1616","mean.4.rSigma.All","rSigma","2","All","4",3.43200861541245,NA
"1617","min.4.rSigma.All","rSigma","2","All","4",3.15451104111824,NA
"1618","max.4.rSigma.All","rSigma","2","All","4",3.96499201249772,NA
"1619","range.4.rSigma.All","rSigma","2","All","4",0.81048097137948,NA
"1620","slope.4.rSigma.All","rSigma","2","All","4",0.00489368090937192,NA
"1621","mean.4.rConnect.All","rConnect","3","All","4",0.226290760955903,NA
"1622","min.4.rConnect.All","rConnect","3","All","4",0.0848774535773804,NA
"1623","max.4.rConnect.All","rConnect","3","All","4",0.309677654244176,NA
"1624","range.4.rConnect.All","rConnect","3","All","4",0.224800200666796,NA
"1625","slope.4.rConnect.All","rConnect","3","All","4",0.00100489742420151,NA
"1626","mean.4.rTau1.All","rTau1","4","All","4",1101.84411584432,NA
"1627","min.4.rTau1.All","rTau1","4","All","4",697.773955586663,NA
"1628","max.4.rTau1.All","rTau1","4","All","4",2486.2302431569,NA
"1629","range.4.rTau1.All","rTau1","4","All","4",1788.45628757024,NA
"1630","slope.4.rTau1.All","rTau1","4","All","4",-20.3947075241093,NA
"1631","mean.4.rTau2.All","rTau2","5","All","4",2108296.12679056,NA
"1632","min.4.rTau2.All","rTau2","5","All","4",623829.027241055,NA
"1633","max.4.rTau2.All","rTau2","5","All","4",4309820.24991744,NA
"1634","range.4.rTau2.All","rTau2","5","All","4",3685991.22267639,NA
"1635","slope.4.rTau2.All","rTau2","5","All","4",-21469.8576795346,NA
"1636","mean.4.rNPQ.All","rNPQ","6","All","4",0.578939278377627,NA
"1637","min.4.rNPQ.All","rNPQ","6","All","4",0.117394142873899,NA
"1638","max.4.rNPQ.All","rNPQ","6","All","4",1.14169335907831,NA
"1639","range.4.rNPQ.All","rNPQ","6","All","4",1.02429921620441,NA
"1640","slope.4.rNPQ.All","rNPQ","6","All","4",0.0237730657808699,NA
"1641","mean.4.rqP.All","rqP","7","All","4",0.656826189546473,NA
"1642","min.4.rqP.All","rqP","7","All","4",0.233503194719784,NA
"1643","max.4.rqP.All","rqP","7","All","4",1,NA
"1644","range.4.rqP.All","rqP","7","All","4",0.766496805280216,NA
"1645","slope.4.rqP.All","rqP","7","All","4",0.0164744032059541,NA
"1646","mean.4.rABQ.All","rABQ","8","All","4",0.134422312934122,NA
"1647","min.4.rABQ.All","rABQ","8","All","4",0,NA
"1648","max.4.rABQ.All","rABQ","8","All","4",0.204409231802945,NA
"1649","range.4.rABQ.All","rABQ","8","All","4",0.204409231802945,NA
"1650","slope.4.rABQ.All","rABQ","8","All","4",-0.00123422213561766,NA
"1651","mean.4.rqm.All","rqm","9","All","4",0.50466499558865,NA
"1652","min.4.rqm.All","rqm","9","All","4",0,NA
"1653","max.4.rqm.All","rqm","9","All","4",0.835048035498249,NA
"1654","range.4.rqm.All","rqm","9","All","4",0.835048035498249,NA
"1655","slope.4.rqm.All","rqm","9","All","4",-0.0145607431191811,NA
"1656","mean.1.rQuant.L1","rQuant","1","L1","1",0.0934994204945507,NA
"1657","min.1.rQuant.L1","rQuant","1","L1","1",0.0706651100596976,NA
"1658","max.1.rQuant.L1","rQuant","1","L1","1",0.113679186646252,NA
"1659","range.1.rQuant.L1","rQuant","1","L1","1",0.0430140765865544,NA
"1660","slope.1.rQuant.L1","rQuant","1","L1","1",0.00749718279060108,NA
"1661","mean.1.rSigma.L1","rSigma","2","L1","1",3.17434402980029,NA
"1662","min.1.rSigma.L1","rSigma","2","L1","1",2.97422713227003,NA
"1663","max.1.rSigma.L1","rSigma","2","L1","1",3.28562939864324,NA
"1664","range.1.rSigma.L1","rSigma","2","L1","1",0.31140226637321,NA
"1665","slope.1.rSigma.L1","rSigma","2","L1","1",0.0359603333871277,NA
"1666","mean.1.rConnect.L1","rConnect","3","L1","1",0.0884096400646229,NA
"1667","min.1.rConnect.L1","rConnect","3","L1","1",0.0377221288915879,NA
"1668","max.1.rConnect.L1","rConnect","3","L1","1",0.207884943963834,NA
"1669","range.1.rConnect.L1","rConnect","3","L1","1",0.170162815072246,NA
"1670","slope.1.rConnect.L1","rConnect","3","L1","1",-0.0185044698577904,NA
"1671","mean.1.rTau1.L1","rTau1","4","L1","1",1721.79923391576,NA
"1672","min.1.rTau1.L1","rTau1","4","L1","1",1074.77397081934,NA
"1673","max.1.rTau1.L1","rTau1","4","L1","1",2844.17309925895,NA
"1674","range.1.rTau1.L1","rTau1","4","L1","1",1769.39912843961,NA
"1675","slope.1.rTau1.L1","rTau1","4","L1","1",-225.737774813494,NA
"1676","mean.1.rTau2.L1","rTau2","5","L1","1",2520480.16903218,NA
"1677","min.1.rTau2.L1","rTau2","5","L1","1",1927503.12934636,NA
"1678","max.1.rTau2.L1","rTau2","5","L1","1",3736734.37974683,NA
"1679","range.1.rTau2.L1","rTau2","5","L1","1",1809231.25040047,NA
"1680","slope.1.rTau2.L1","rTau2","5","L1","1",-261406.419271442,NA
"1681","mean.1.rNPQ.L1","rNPQ","6","L1","1",0.167098126279334,NA
"1682","min.1.rNPQ.L1","rNPQ","6","L1","1",0.0831582388484687,NA
"1683","max.1.rNPQ.L1","rNPQ","6","L1","1",0.26806078375442,NA
"1684","range.1.rNPQ.L1","rNPQ","6","L1","1",0.184902544905951,NA
"1685","slope.1.rNPQ.L1","rNPQ","6","L1","1",0.0300518538578334,NA
"1686","mean.1.rqP.L1","rqP","7","L1","1",0.325939375847919,NA
"1687","min.1.rqP.L1","rqP","7","L1","1",0.209973668878478,NA
"1688","max.1.rqP.L1","rqP","7","L1","1",0.445104562280687,NA
"1689","range.1.rqP.L1","rqP","7","L1","1",0.235130893402209,NA
"1690","slope.1.rqP.L1","rqP","7","L1","1",0.0388993089426412,NA
"1691","mean.1.rABQ.L1","rABQ","8","L1","1",0.300094379867548,NA
"1692","min.1.rABQ.L1","rABQ","8","L1","1",0.275557261533655,NA
"1693","max.1.rABQ.L1","rABQ","8","L1","1",0.344217808188489,NA
"1694","range.1.rABQ.L1","rABQ","8","L1","1",0.068660546654834,NA
"1695","slope.1.rABQ.L1","rABQ","8","L1","1",-0.0079288316588264,NA
"1696","mean.1.rqm.L1","rqm","9","L1","1",0.759185981514355,NA
"1697","min.1.rqm.L1","rqm","9","L1","1",0.707211642492916,NA
"1698","max.1.rqm.L1","rqm","9","L1","1",0.817997277093306,NA
"1699","range.1.rqm.L1","rqm","9","L1","1",0.11078563460039,NA
"1700","slope.1.rqm.L1","rqm","9","L1","1",-0.0193094963110632,NA
"1701","mean.2.rQuant.L1","rQuant","1","L1","2",0.0825184262311841,NA
"1702","min.2.rQuant.L1","rQuant","1","L1","2",0.0445226229358399,NA
"1703","max.2.rQuant.L1","rQuant","1","L1","2",0.10272875867578,NA
"1704","range.2.rQuant.L1","rQuant","1","L1","2",0.0582061357399401,NA
"1705","slope.2.rQuant.L1","rQuant","1","L1","2",0.00932562719478666,NA
"1706","mean.2.rSigma.L1","rSigma","2","L1","2",2.96709169533096,NA
"1707","min.2.rSigma.L1","rSigma","2","L1","2",2.73543403083633,NA
"1708","max.2.rSigma.L1","rSigma","2","L1","2",3.22353541983727,NA
"1709","range.2.rSigma.L1","rSigma","2","L1","2",0.48810138900094,NA
"1710","slope.2.rSigma.L1","rSigma","2","L1","2",0.00522493793550504,NA
"1711","mean.2.rConnect.L1","rConnect","3","L1","2",0.144043188897344,NA
"1712","min.2.rConnect.L1","rConnect","3","L1","2",0.104181814163945,NA
"1713","max.2.rConnect.L1","rConnect","3","L1","2",0.215323286967083,NA
"1714","range.2.rConnect.L1","rConnect","3","L1","2",0.111141472803138,NA
"1715","slope.2.rConnect.L1","rConnect","3","L1","2",-0.0109151010681927,NA
"1716","mean.2.rTau1.L1","rTau1","4","L1","2",2502.87184287848,NA
"1717","min.2.rTau1.L1","rTau1","4","L1","2",1758.21444093834,NA
"1718","max.2.rTau1.L1","rTau1","4","L1","2",3524.08287643121,NA
"1719","range.2.rTau1.L1","rTau1","4","L1","2",1765.86843549287,NA
"1720","slope.2.rTau1.L1","rTau1","4","L1","2",-319.098485175914,NA
"1721","mean.2.rTau2.L1","rTau2","5","L1","2",2646760.56370834,NA
"1722","min.2.rTau2.L1","rTau2","5","L1","2",2085826.86997347,NA
"1723","max.2.rTau2.L1","rTau2","5","L1","2",4553598.83709526,NA
"1724","range.2.rTau2.L1","rTau2","5","L1","2",2467771.96712179,NA
"1725","slope.2.rTau2.L1","rTau2","5","L1","2",-315788.351889737,NA
"1726","mean.2.rNPQ.L1","rNPQ","6","L1","2",0.113943907080163,NA
"1727","min.2.rNPQ.L1","rNPQ","6","L1","2",0.036305056754176,NA
"1728","max.2.rNPQ.L1","rNPQ","6","L1","2",0.21268254292622,NA
"1729","range.2.rNPQ.L1","rNPQ","6","L1","2",0.176377486172044,NA
"1730","slope.2.rNPQ.L1","rNPQ","6","L1","2",0.0305308142897626,NA
"1731","mean.2.rqP.L1","rqP","7","L1","2",0.262275487293395,NA
"1732","min.2.rqP.L1","rqP","7","L1","2",0.118276245379571,NA
"1733","max.2.rqP.L1","rqP","7","L1","2",0.393575461468935,NA
"1734","range.2.rqP.L1","rqP","7","L1","2",0.275299216089364,NA
"1735","slope.2.rqP.L1","rqP","7","L1","2",0.0470425239873092,NA
"1736","mean.2.rABQ.L1","rABQ","8","L1","2",0.332563322237142,NA
"1737","min.2.rABQ.L1","rABQ","8","L1","2",0.274877222482636,NA
"1738","max.2.rABQ.L1","rABQ","8","L1","2",0.384673886333259,NA
"1739","range.2.rABQ.L1","rABQ","8","L1","2",0.109796663850623,NA
"1740","slope.2.rABQ.L1","rABQ","8","L1","2",-0.00117533112396841,NA
"1741","mean.2.rqm.L1","rqm","9","L1","2",0.776073288498225,NA
"1742","min.2.rqm.L1","rqm","9","L1","2",0.721229376788168,NA
"1743","max.2.rqm.L1","rqm","9","L1","2",0.879180869088261,NA
"1744","range.2.rqm.L1","rqm","9","L1","2",0.157951492300093,NA
"1745","slope.2.rqm.L1","rqm","9","L1","2",-0.0253065542545565,NA
"1746","mean.3.rQuant.L1","rQuant","1","L1","3",0.086519495944896,NA
"1747","min.3.rQuant.L1","rQuant","1","L1","3",0.0512187931939115,NA
"1748","max.3.rQuant.L1","rQuant","1","L1","3",0.105839078573781,NA
"1749","range.3.rQuant.L1","rQuant","1","L1","3",0.0546202853798695,NA
"1750","slope.3.rQuant.L1","rQuant","1","L1","3",0.00861730435191744,NA
"1751","mean.3.rSigma.L1","rSigma","2","L1","3",3.04040978493217,NA
"1752","min.3.rSigma.L1","rSigma","2","L1","3",2.83298856174297,NA
"1753","max.3.rSigma.L1","rSigma","2","L1","3",3.27232962212091,NA
"1754","range.3.rSigma.L1","rSigma","2","L1","3",0.43934106037794,NA
"1755","slope.3.rSigma.L1","rSigma","2","L1","3",0.0364458362680504,NA
"1756","mean.3.rConnect.L1","rConnect","3","L1","3",0.132324085499442,NA
"1757","min.3.rConnect.L1","rConnect","3","L1","3",0.0861607729661412,NA
"1758","max.3.rConnect.L1","rConnect","3","L1","3",0.180526085489392,NA
"1759","range.3.rConnect.L1","rConnect","3","L1","3",0.0943653125232508,NA
"1760","slope.3.rConnect.L1","rConnect","3","L1","3",-0.00593330536809126,NA
"1761","mean.3.rTau1.L1","rTau1","4","L1","3",2218.70547168708,NA
"1762","min.3.rTau1.L1","rTau1","4","L1","3",1403.90210482495,NA
"1763","max.3.rTau1.L1","rTau1","4","L1","3",3460.61762221488,NA
"1764","range.3.rTau1.L1","rTau1","4","L1","3",2056.71551738993,NA
"1765","slope.3.rTau1.L1","rTau1","4","L1","3",-343.662639150841,NA
"1766","mean.3.rTau2.L1","rTau2","5","L1","3",2533378.61797812,NA
"1767","min.3.rTau2.L1","rTau2","5","L1","3",2059930.07165078,NA
"1768","max.3.rTau2.L1","rTau2","5","L1","3",3561140.72705609,NA
"1769","range.3.rTau2.L1","rTau2","5","L1","3",1501210.65540531,NA
"1770","slope.3.rTau2.L1","rTau2","5","L1","3",-216159.537638892,NA
"1771","mean.3.rNPQ.L1","rNPQ","6","L1","3",0.209302155297707,NA
"1772","min.3.rNPQ.L1","rNPQ","6","L1","3",0.0998790193281404,NA
"1773","max.3.rNPQ.L1","rNPQ","6","L1","3",0.320871819062667,NA
"1774","range.3.rNPQ.L1","rNPQ","6","L1","3",0.220992799734527,NA
"1775","slope.3.rNPQ.L1","rNPQ","6","L1","3",0.0366520969452839,NA
"1776","mean.3.rqP.L1","rqP","7","L1","3",0.349903346699319,NA
"1777","min.3.rqP.L1","rqP","7","L1","3",0.1995134621886,NA
"1778","max.3.rqP.L1","rqP","7","L1","3",0.469171913462179,NA
"1779","range.3.rqP.L1","rqP","7","L1","3",0.269658451273579,NA
"1780","slope.3.rqP.L1","rqP","7","L1","3",0.044064537451432,NA
"1781","mean.3.rABQ.L1","rABQ","8","L1","3",0.296124440421345,NA
"1782","min.3.rABQ.L1","rABQ","8","L1","3",0.242433419563689,NA
"1783","max.3.rABQ.L1","rABQ","8","L1","3",0.344143865389761,NA
"1784","range.3.rABQ.L1","rABQ","8","L1","3",0.101710445826072,NA
"1785","slope.3.rABQ.L1","rABQ","8","L1","3",-0.00843745916245278,NA
"1786","mean.3.rqm.L1","rqm","9","L1","3",0.771534510317582,NA
"1787","min.3.rqm.L1","rqm","9","L1","3",0.72051874956258,NA
"1788","max.3.rqm.L1","rqm","9","L1","3",0.864750406365725,NA
"1789","range.3.rqm.L1","rqm","9","L1","3",0.144231656803145,NA
"1790","slope.3.rqm.L1","rqm","9","L1","3",-0.022755063896317,NA
"1791","mean.4.rQuant.L1","rQuant","1","L1","4",0.0994002937884882,NA
"1792","min.4.rQuant.L1","rQuant","1","L1","4",0.0645884282888548,NA
"1793","max.4.rQuant.L1","rQuant","1","L1","4",0.118563394820091,NA
"1794","range.4.rQuant.L1","rQuant","1","L1","4",0.0539749665312362,NA
"1795","slope.4.rQuant.L1","rQuant","1","L1","4",0.00872843621537081,NA
"1796","mean.4.rSigma.L1","rSigma","2","L1","4",3.32212682255487,NA
"1797","min.4.rSigma.L1","rSigma","2","L1","4",3.22794120141261,NA
"1798","max.4.rSigma.L1","rSigma","2","L1","4",3.52973672322225,NA
"1799","range.4.rSigma.L1","rSigma","2","L1","4",0.30179552180964,NA
"1800","slope.4.rSigma.L1","rSigma","2","L1","4",0.0112727730635079,NA
"1801","mean.4.rConnect.L1","rConnect","3","L1","4",0.20265373422501,NA
"1802","min.4.rConnect.L1","rConnect","3","L1","4",0.156588931565278,NA
"1803","max.4.rConnect.L1","rConnect","3","L1","4",0.249337848908087,NA
"1804","range.4.rConnect.L1","rConnect","3","L1","4",0.092748917342809,NA
"1805","slope.4.rConnect.L1","rConnect","3","L1","4",-0.00740157107363077,NA
"1806","mean.4.rTau1.L1","rTau1","4","L1","4",1487.23088165519,NA
"1807","min.4.rTau1.L1","rTau1","4","L1","4",1035.60179553606,NA
"1808","max.4.rTau1.L1","rTau1","4","L1","4",2486.2302431569,NA
"1809","range.4.rTau1.L1","rTau1","4","L1","4",1450.62844762084,NA
"1810","slope.4.rTau1.L1","rTau1","4","L1","4",-193.115164260773,NA
"1811","mean.4.rTau2.L1","rTau2","5","L1","4",2686437.61572724,NA
"1812","min.4.rTau2.L1","rTau2","5","L1","4",2237995.94787865,NA
"1813","max.4.rTau2.L1","rTau2","5","L1","4",3868381.44549308,NA
"1814","range.4.rTau2.L1","rTau2","5","L1","4",1630385.49761443,NA
"1815","slope.4.rTau2.L1","rTau2","5","L1","4",-178610.361248844,NA
"1816","mean.4.rNPQ.L1","rNPQ","6","L1","4",0.246565976447224,NA
"1817","min.4.rNPQ.L1","rNPQ","6","L1","4",0.117394142873899,NA
"1818","max.4.rNPQ.L1","rNPQ","6","L1","4",0.366520008948926,NA
"1819","range.4.rNPQ.L1","rNPQ","6","L1","4",0.249125866075027,NA
"1820","slope.4.rNPQ.L1","rNPQ","6","L1","4",0.0404515930867882,NA
"1821","mean.4.rqP.L1","rqP","7","L1","4",0.392079717458378,NA
"1822","min.4.rqP.L1","rqP","7","L1","4",0.233503194719784,NA
"1823","max.4.rqP.L1","rqP","7","L1","4",0.508943816072852,NA
"1824","range.4.rqP.L1","rqP","7","L1","4",0.275440621353068,NA
"1825","slope.4.rqP.L1","rqP","7","L1","4",0.0443757163043686,NA
"1826","mean.4.rABQ.L1","rABQ","8","L1","4",0.162135305169978,NA
"1827","min.4.rABQ.L1","rABQ","8","L1","4",0.109774569003804,NA
"1828","max.4.rABQ.L1","rABQ","8","L1","4",0.185889608040045,NA
"1829","range.4.rABQ.L1","rABQ","8","L1","4",0.076115039036241,NA
"1830","slope.4.rABQ.L1","rABQ","8","L1","4",-0.00284307585689346,NA
"1831","mean.4.rqm.L1","rqm","9","L1","4",0.746142239920527,NA
"1832","min.4.rqm.L1","rqm","9","L1","4",0.697201721551327,NA
"1833","max.4.rqm.L1","rqm","9","L1","4",0.835048035498249,NA
"1834","range.4.rqm.L1","rqm","9","L1","4",0.137846313946922,NA
"1835","slope.4.rqm.L1","rqm","9","L1","4",-0.0222914961533767,NA
"1836","mean.1.rQuant.L2","rQuant","1","L2","1",0.246791349057057,NA
"1837","min.1.rQuant.L2","rQuant","1","L2","1",0.22889785359483,NA
"1838","max.1.rQuant.L2","rQuant","1","L2","1",0.257792462312654,NA
"1839","range.1.rQuant.L2","rQuant","1","L2","1",0.028894608717824,NA
"1840","slope.1.rQuant.L2","rQuant","1","L2","1",0.00554850601414505,NA
"1841","mean.1.rSigma.L2","rSigma","2","L2","1",3.51070562593073,NA
"1842","min.1.rSigma.L2","rSigma","2","L2","1",3.44282784949119,NA
"1843","max.1.rSigma.L2","rSigma","2","L2","1",3.54880582219573,NA
"1844","range.1.rSigma.L2","rSigma","2","L2","1",0.10597797270454,NA
"1845","slope.1.rSigma.L2","rSigma","2","L2","1",-0.00429822556710761,NA
"1846","mean.1.rConnect.L2","rConnect","3","L2","1",0.172854591058285,NA
"1847","min.1.rConnect.L2","rConnect","3","L2","1",0.143484052339397,NA
"1848","max.1.rConnect.L2","rConnect","3","L2","1",0.193288680303357,NA
"1849","range.1.rConnect.L2","rConnect","3","L2","1",0.04980462796396,NA
"1850","slope.1.rConnect.L2","rConnect","3","L2","1",-0.00376282018454258,NA
"1851","mean.1.rTau1.L2","rTau1","4","L2","1",968.146831727346,NA
"1852","min.1.rTau1.L2","rTau1","4","L2","1",914.901348527288,NA
"1853","max.1.rTau1.L2","rTau1","4","L2","1",1018.77560993968,NA
"1854","range.1.rTau1.L2","rTau1","4","L2","1",103.874261412392,NA
"1855","slope.1.rTau1.L2","rTau1","4","L2","1",-14.3053486280799,NA
"1856","mean.1.rTau2.L2","rTau2","5","L2","1",953461.117519079,NA
"1857","min.1.rTau2.L2","rTau2","5","L2","1",893050.29909843,NA
"1858","max.1.rTau2.L2","rTau2","5","L2","1",1016358.72506926,NA
"1859","range.1.rTau2.L2","rTau2","5","L2","1",123308.42597083,NA
"1860","slope.1.rTau2.L2","rTau2","5","L2","1",-23832.8385727881,NA
"1861","mean.1.rNPQ.L2","rNPQ","6","L2","1",0.630288809376189,NA
"1862","min.1.rNPQ.L2","rNPQ","6","L2","1",0.614838362736491,NA
"1863","max.1.rNPQ.L2","rNPQ","6","L2","1",0.647734526011672,NA
"1864","range.1.rNPQ.L2","rNPQ","6","L2","1",0.0328961632751811,NA
"1865","slope.1.rNPQ.L2","rNPQ","6","L2","1",0.00694273965626871,NA
"1866","mean.1.rqP.L2","rqP","7","L2","1",0.795344633626611,NA
"1867","min.1.rqP.L2","rqP","7","L2","1",0.772524239041526,NA
"1868","max.1.rqP.L2","rqP","7","L2","1",0.812547275984781,NA
"1869","range.1.rqP.L2","rqP","7","L2","1",0.040023036943255,NA
"1870","slope.1.rqP.L2","rqP","7","L2","1",0.00794724946726935,NA
"1871","mean.1.rABQ.L2","rABQ","8","L2","1",0.225930593800785,NA
"1872","min.1.rABQ.L2","rABQ","8","L2","1",0.21752994748026,NA
"1873","max.1.rABQ.L2","rABQ","8","L2","1",0.240896847227046,NA
"1874","range.1.rABQ.L2","rABQ","8","L2","1",0.023366899746786,NA
"1875","slope.1.rABQ.L2","rABQ","8","L2","1",0.000947708314780436,NA
"1876","mean.1.rqm.L2","rqm","9","L2","1",0.364372354613822,NA
"1877","min.1.rqm.L2","rqm","9","L2","1",0.336038250756458,NA
"1878","max.1.rqm.L2","rqm","9","L2","1",0.410458250378971,NA
"1879","range.1.rqm.L2","rqm","9","L2","1",0.074419999622513,NA
"1880","slope.1.rqm.L2","rqm","9","L2","1",-0.0142905487840531,NA
"1881","mean.2.rQuant.L2","rQuant","1","L2","2",0.238339514543469,NA
"1882","min.2.rQuant.L2","rQuant","1","L2","2",0.224897437202739,NA
"1883","max.2.rQuant.L2","rQuant","1","L2","2",0.248746175541018,NA
"1884","range.2.rQuant.L2","rQuant","1","L2","2",0.023848738338279,NA
"1885","slope.2.rQuant.L2","rQuant","1","L2","2",0.00457834439903376,NA
"1886","mean.2.rSigma.L2","rSigma","2","L2","2",3.37040751867789,NA
"1887","min.2.rSigma.L2","rSigma","2","L2","2",3.33110249371573,NA
"1888","max.2.rSigma.L2","rSigma","2","L2","2",3.40690738472636,NA
"1889","range.2.rSigma.L2","rSigma","2","L2","2",0.0758048910106299,NA
"1890","slope.2.rSigma.L2","rSigma","2","L2","2",0.0104771964316868,NA
"1891","mean.2.rConnect.L2","rConnect","3","L2","2",0.20294761360874,NA
"1892","min.2.rConnect.L2","rConnect","3","L2","2",0.181932533430606,NA
"1893","max.2.rConnect.L2","rConnect","3","L2","2",0.217583123356362,NA
"1894","range.2.rConnect.L2","rConnect","3","L2","2",0.035650589925756,NA
"1895","slope.2.rConnect.L2","rConnect","3","L2","2",0.00615014362022825,NA
"1896","mean.2.rTau1.L2","rTau1","4","L2","2",1126.89450126108,NA
"1897","min.2.rTau1.L2","rTau1","4","L2","2",1077.8546394703,NA
"1898","max.2.rTau1.L2","rTau1","4","L2","2",1169.27617175268,NA
"1899","range.2.rTau1.L2","rTau1","4","L2","2",91.42153228238,NA
"1900","slope.2.rTau1.L2","rTau1","4","L2","2",-4.14694890203404,NA
"1901","mean.2.rTau2.L2","rTau2","5","L2","2",928216.856922464,NA
"1902","min.2.rTau2.L2","rTau2","5","L2","2",915440.145926595,NA
"1903","max.2.rTau2.L2","rTau2","5","L2","2",950529.682355647,NA
"1904","range.2.rTau2.L2","rTau2","5","L2","2",35089.536429052,NA
"1905","slope.2.rTau2.L2","rTau2","5","L2","2",-4532.83131025704,NA
"1906","mean.2.rNPQ.L2","rNPQ","6","L2","2",0.554678723947567,NA
"1907","min.2.rNPQ.L2","rNPQ","6","L2","2",0.53921926880541,NA
"1908","max.2.rNPQ.L2","rNPQ","6","L2","2",0.574977839014881,NA
"1909","range.2.rNPQ.L2","rNPQ","6","L2","2",0.0357585702094709,NA
"1910","slope.2.rNPQ.L2","rNPQ","6","L2","2",0.00758868184376392,NA
"1911","mean.2.rqP.L2","rqP","7","L2","2",0.773397414540075,NA
"1912","min.2.rqP.L2","rqP","7","L2","2",0.753029372066717,NA
"1913","max.2.rqP.L2","rqP","7","L2","2",0.793107972072413,NA
"1914","range.2.rqP.L2","rqP","7","L2","2",0.040078600005696,NA
"1915","slope.2.rqP.L2","rqP","7","L2","2",0.0080884007123825,NA
"1916","mean.2.rABQ.L2","rABQ","8","L2","2",0.241838868507767,NA
"1917","min.2.rABQ.L2","rABQ","8","L2","2",0.233628354025685,NA
"1918","max.2.rABQ.L2","rABQ","8","L2","2",0.250680393466839,NA
"1919","range.2.rABQ.L2","rABQ","8","L2","2",0.017052039441154,NA
"1920","slope.2.rABQ.L2","rABQ","8","L2","2",-0.00235680791046592,NA
"1921","mean.2.rqm.L2","rqm","9","L2","2",0.353228289120239,NA
"1922","min.2.rqm.L2","rqm","9","L2","2",0.324988179834026,NA
"1923","max.2.rqm.L2","rqm","9","L2","2",0.389705477454263,NA
"1924","range.2.rqm.L2","rqm","9","L2","2",0.064717297620237,NA
"1925","slope.2.rqm.L2","rqm","9","L2","2",-0.0124240566891808,NA
"1926","mean.3.rQuant.L2","rQuant","1","L2","3",0.241361266641437,NA
"1927","min.3.rQuant.L2","rQuant","1","L2","3",0.228544123776715,NA
"1928","max.3.rQuant.L2","rQuant","1","L2","3",0.25017016857556,NA
"1929","range.3.rQuant.L2","rQuant","1","L2","3",0.021626044798845,NA
"1930","slope.3.rQuant.L2","rQuant","1","L2","3",0.00405159285343029,NA
"1931","mean.3.rSigma.L2","rSigma","2","L2","3",3.42524394942073,NA
"1932","min.3.rSigma.L2","rSigma","2","L2","3",3.3878791381934,NA
"1933","max.3.rSigma.L2","rSigma","2","L2","3",3.49231042174507,NA
"1934","range.3.rSigma.L2","rSigma","2","L2","3",0.10443128355167,NA
"1935","slope.3.rSigma.L2","rSigma","2","L2","3",-0.0168442913724657,NA
"1936","mean.3.rConnect.L2","rConnect","3","L2","3",0.209043337994484,NA
"1937","min.3.rConnect.L2","rConnect","3","L2","3",0.174509103340808,NA
"1938","max.3.rConnect.L2","rConnect","3","L2","3",0.22712667876241,NA
"1939","range.3.rConnect.L2","rConnect","3","L2","3",0.052617575421602,NA
"1940","slope.3.rConnect.L2","rConnect","3","L2","3",0.00498522852557382,NA
"1941","mean.3.rTau1.L2","rTau1","4","L2","3",1025.98576562575,NA
"1942","min.3.rTau1.L2","rTau1","4","L2","3",979.92616991566,NA
"1943","max.3.rTau1.L2","rTau1","4","L2","3",1091.45745434728,NA
"1944","range.3.rTau1.L2","rTau1","4","L2","3",111.53128443162,NA
"1945","slope.3.rTau1.L2","rTau1","4","L2","3",12.4552811294554,NA
"1946","mean.3.rTau2.L2","rTau2","5","L2","3",995440.47912827,NA
"1947","min.3.rTau2.L2","rTau2","5","L2","3",953365.622422525,NA
"1948","max.3.rTau2.L2","rTau2","5","L2","3",1050019.82273276,NA
"1949","range.3.rTau2.L2","rTau2","5","L2","3",96654.2003102351,NA
"1950","slope.3.rTau2.L2","rTau2","5","L2","3",14016.7378947812,NA
"1951","mean.3.rNPQ.L2","rNPQ","6","L2","3",0.69494363203484,NA
"1952","min.3.rNPQ.L2","rNPQ","6","L2","3",0.680553695556277,NA
"1953","max.3.rNPQ.L2","rNPQ","6","L2","3",0.709380887969296,NA
"1954","range.3.rNPQ.L2","rNPQ","6","L2","3",0.028827192413019,NA
"1955","slope.3.rNPQ.L2","rNPQ","6","L2","3",0.00660620249959252,NA
"1956","mean.3.rqP.L2","rqP","7","L2","3",0.802202055903754,NA
"1957","min.3.rqP.L2","rqP","7","L2","3",0.785628389301097,NA
"1958","max.3.rqP.L2","rqP","7","L2","3",0.815245086266309,NA
"1959","range.3.rqP.L2","rqP","7","L2","3",0.029616696965212,NA
"1960","slope.3.rqP.L2","rqP","7","L2","3",0.0060097418530911,NA
"1961","mean.3.rABQ.L2","rABQ","8","L2","3",0.207032711991584,NA
"1962","min.3.rABQ.L2","rABQ","8","L2","3",0.191506367164578,NA
"1963","max.3.rABQ.L2","rABQ","8","L2","3",0.215682920112056,NA
"1964","range.3.rABQ.L2","rABQ","8","L2","3",0.024176552947478,NA
"1965","slope.3.rABQ.L2","rABQ","8","L2","3",0.00389956810238462,NA
"1966","mean.3.rqm.L2","rqm","9","L2","3",0.362655556746138,NA
"1967","min.3.rqm.L2","rqm","9","L2","3",0.339394555604549,NA
"1968","max.3.rqm.L2","rqm","9","L2","3",0.396500816579634,NA
"1969","range.3.rqm.L2","rqm","9","L2","3",0.057106260975085,NA
"1970","slope.3.rqm.L2","rqm","9","L2","3",-0.0106987348359297,NA
"1971","mean.4.rQuant.L2","rQuant","1","L2","4",0.250340756846878,NA
"1972","min.4.rQuant.L2","rQuant","1","L2","4",0.23661501115962,NA
"1973","max.4.rQuant.L2","rQuant","1","L2","4",0.261279960850322,NA
"1974","range.4.rQuant.L2","rQuant","1","L2","4",0.024664949690702,NA
"1975","slope.4.rQuant.L2","rQuant","1","L2","4",0.00421344833795434,NA
"1976","mean.4.rSigma.L2","rSigma","2","L2","4",3.43562197222491,NA
"1977","min.4.rSigma.L2","rSigma","2","L2","4",3.34947455561957,NA
"1978","max.4.rSigma.L2","rSigma","2","L2","4",3.51814233413594,NA
"1979","range.4.rSigma.L2","rSigma","2","L2","4",0.16866777851637,NA
"1980","slope.4.rSigma.L2","rSigma","2","L2","4",-0.0292416089350117,NA
"1981","mean.4.rConnect.L2","rConnect","3","L2","4",0.256785146189732,NA
"1982","min.4.rConnect.L2","rConnect","3","L2","4",0.239860057278681,NA
"1983","max.4.rConnect.L2","rConnect","3","L2","4",0.280533579036477,NA
"1984","range.4.rConnect.L2","rConnect","3","L2","4",0.040673521757796,NA
"1985","slope.4.rConnect.L2","rConnect","3","L2","4",0.00521152956462663,NA
"1986","mean.4.rTau1.L2","rTau1","4","L2","4",814.097012707486,NA
"1987","min.4.rTau1.L2","rTau1","4","L2","4",754.449018137486,NA
"1988","max.4.rTau1.L2","rTau1","4","L2","4",856.358777774487,NA
"1989","range.4.rTau1.L2","rTau1","4","L2","4",101.909759637001,NA
"1990","slope.4.rTau1.L2","rTau1","4","L2","4",-6.05697187231695,NA
"1991","mean.4.rTau2.L2","rTau2","5","L2","4",1041919.73952178,NA
"1992","min.4.rTau2.L2","rTau2","5","L2","4",969623.238622328,NA
"1993","max.4.rTau2.L2","rTau2","5","L2","4",1161034.1138088,NA
"1994","range.4.rTau2.L2","rTau2","5","L2","4",191410.875186472,NA
"1995","slope.4.rTau2.L2","rTau2","5","L2","4",-27871.6610093787,NA
"1996","mean.4.rNPQ.L2","rNPQ","6","L2","4",0.738416043462561,NA
"1997","min.4.rNPQ.L2","rNPQ","6","L2","4",0.725597561545934,NA
"1998","max.4.rNPQ.L2","rNPQ","6","L2","4",0.754335505354029,NA
"1999","range.4.rNPQ.L2","rNPQ","6","L2","4",0.028737943808095,NA
"2000","slope.4.rNPQ.L2","rNPQ","6","L2","4",0.00645427839652906,NA
"2001","mean.4.rqP.L2","rqP","7","L2","4",0.815402665777079,NA
"2002","min.4.rqP.L2","rqP","7","L2","4",0.799467713705233,NA
"2003","max.4.rqP.L2","rqP","7","L2","4",0.830015253301941,NA
"2004","range.4.rqP.L2","rqP","7","L2","4",0.0305475395967081,NA
"2005","slope.4.rqP.L2","rqP","7","L2","4",0.00576920577669303,NA
"2006","mean.4.rABQ.L2","rABQ","8","L2","4",0.133510997904717,NA
"2007","min.4.rABQ.L2","rABQ","8","L2","4",0.112698758775123,NA
"2008","max.4.rABQ.L2","rABQ","8","L2","4",0.155238006769755,NA
"2009","range.4.rABQ.L2","rABQ","8","L2","4",0.042539247994632,NA
"2010","slope.4.rABQ.L2","rABQ","8","L2","4",0.00737494775344883,NA
"2011","mean.4.rqm.L2","rqm","9","L2","4",0.360656378692634,NA
"2012","min.4.rqm.L2","rqm","9","L2","4",0.332718817147033,NA
"2013","max.4.rqm.L2","rqm","9","L2","4",0.395710470816365,NA
"2014","range.4.rqm.L2","rqm","9","L2","4",0.062991653669332,NA
"2015","slope.4.rqm.L2","rqm","9","L2","4",-0.0107606981480324,NA
"2016","mean.1.rQuant.L3","rQuant","1","L3","1",0.0829056940671901,NA
"2017","min.1.rQuant.L3","rQuant","1","L3","1",0.0809148436665415,NA
"2018","max.1.rQuant.L3","rQuant","1","L3","1",0.0856063359211028,NA
"2019","range.1.rQuant.L3","rQuant","1","L3","1",0.00469149225456129,NA
"2020","slope.1.rQuant.L3","rQuant","1","L3","1",0.00062551684436765,NA
"2021","mean.1.rSigma.L3","rSigma","2","L3","1",3.19402320711647,NA
"2022","min.1.rSigma.L3","rSigma","2","L3","1",3.08342654479475,NA
"2023","max.1.rSigma.L3","rSigma","2","L3","1",3.2873167699999,NA
"2024","range.1.rSigma.L3","rSigma","2","L3","1",0.20389022520515,NA
"2025","slope.1.rSigma.L3","rSigma","2","L3","1",-0.0250675716833562,NA
"2026","mean.1.rConnect.L3","rConnect","3","L3","1",0.0225799911005459,NA
"2027","min.1.rConnect.L3","rConnect","3","L3","1",0,NA
"2028","max.1.rConnect.L3","rConnect","3","L3","1",0.1230079852136,NA
"2029","range.1.rConnect.L3","rConnect","3","L3","1",0.1230079852136,NA
"2030","slope.1.rConnect.L3","rConnect","3","L3","1",-0.00141071150888045,NA
"2031","mean.1.rTau1.L3","rTau1","4","L3","1",994.8583399975,NA
"2032","min.1.rTau1.L3","rTau1","4","L3","1",803.760488068375,NA
"2033","max.1.rTau1.L3","rTau1","4","L3","1",1221.19732144762,NA
"2034","range.1.rTau1.L3","rTau1","4","L3","1",417.436833379245,NA
"2035","slope.1.rTau1.L3","rTau1","4","L3","1",-17.9386557718327,NA
"2036","mean.1.rTau2.L3","rTau2","5","L3","1",3214211.08617716,NA
"2037","min.1.rTau2.L3","rTau2","5","L3","1",2875278.50813355,NA
"2038","max.1.rTau2.L3","rTau2","5","L3","1",3432810.87236436,NA
"2039","range.1.rTau2.L3","rTau2","5","L3","1",557532.36423081,NA
"2040","slope.1.rTau2.L3","rTau2","5","L3","1",-37701.1327567911,NA
"2041","mean.1.rNPQ.L3","rNPQ","6","L3","1",0.324136454087785,NA
"2042","min.1.rNPQ.L3","rNPQ","6","L3","1",0.227033226156498,NA
"2043","max.1.rNPQ.L3","rNPQ","6","L3","1",0.432947418474874,NA
"2044","range.1.rNPQ.L3","rNPQ","6","L3","1",0.205914192318376,NA
"2045","slope.1.rNPQ.L3","rNPQ","6","L3","1",0.0334411398794894,NA
"2046","mean.1.rqP.L3","rqP","7","L3","1",0.451819781850632,NA
"2047","min.1.rqP.L3","rqP","7","L3","1",0.372058886515196,NA
"2048","max.1.rqP.L3","rqP","7","L3","1",0.53505448714203,NA
"2049","range.1.rqP.L3","rqP","7","L3","1",0.162995600626834,NA
"2050","slope.1.rqP.L3","rqP","7","L3","1",0.0265168583649412,NA
"2051","mean.1.rABQ.L3","rABQ","8","L3","1",0.295755352127053,NA
"2052","min.1.rABQ.L3","rABQ","8","L3","1",0.275185215944176,NA
"2053","max.1.rABQ.L3","rABQ","8","L3","1",0.320140618752275,NA
"2054","range.1.rABQ.L3","rABQ","8","L3","1",0.044955402808099,NA
"2055","slope.1.rABQ.L3","rABQ","8","L3","1",0.00552710548684853,NA
"2056","mean.1.rqm.L3","rqm","9","L3","1",0.786470833315752,NA
"2057","min.1.rqm.L3","rqm","9","L3","1",0.779515149377912,NA
"2058","max.1.rqm.L3","rqm","9","L3","1",0.791598401835943,NA
"2059","range.1.rqm.L3","rqm","9","L3","1",0.012083252458031,NA
"2060","slope.1.rqm.L3","rqm","9","L3","1",-0.00161106051915481,NA
"2061","mean.2.rQuant.L3","rQuant","1","L3","2",0.0751681009220987,NA
"2062","min.2.rQuant.L3","rQuant","1","L3","2",0.0716587658446207,NA
"2063","max.2.rQuant.L3","rQuant","1","L3","2",0.0786272396086888,NA
"2064","range.2.rQuant.L3","rQuant","1","L3","2",0.00696847376406809,NA
"2065","slope.2.rQuant.L3","rQuant","1","L3","2",0.00115044271380763,NA
"2066","mean.2.rSigma.L3","rSigma","2","L3","2",2.97327186205995,NA
"2067","min.2.rSigma.L3","rSigma","2","L3","2",2.81558197628489,NA
"2068","max.2.rSigma.L3","rSigma","2","L3","2",3.06536344436378,NA
"2069","range.2.rSigma.L3","rSigma","2","L3","2",0.24978146807889,NA
"2070","slope.2.rSigma.L3","rSigma","2","L3","2",-0.00510316171877486,NA
"2071","mean.2.rConnect.L3","rConnect","3","L3","2",0.0755409317863397,NA
"2072","min.2.rConnect.L3","rConnect","3","L3","2",0.00906347958706591,NA
"2073","max.2.rConnect.L3","rConnect","3","L3","2",0.153647392889939,NA
"2074","range.2.rConnect.L3","rConnect","3","L3","2",0.144583913302873,NA
"2075","slope.2.rConnect.L3","rConnect","3","L3","2",0.00502387500696834,NA
"2076","mean.2.rTau1.L3","rTau1","4","L3","2",1703.53704526154,NA
"2077","min.2.rTau1.L3","rTau1","4","L3","2",1273.38036490055,NA
"2078","max.2.rTau1.L3","rTau1","4","L3","2",1989.91932325077,NA
"2079","range.2.rTau1.L3","rTau1","4","L3","2",716.53895835022,NA
"2080","slope.2.rTau1.L3","rTau1","4","L3","2",43.2907591316058,NA
"2081","mean.2.rTau2.L3","rTau2","5","L3","2",3641058.01044646,NA
"2082","min.2.rTau2.L3","rTau2","5","L3","2",3245564.99825378,NA
"2083","max.2.rTau2.L3","rTau2","5","L3","2",3989261.52527172,NA
"2084","range.2.rTau2.L3","rTau2","5","L3","2",743696.52701794,NA
"2085","slope.2.rTau2.L3","rTau2","5","L3","2",57904.8127140394,NA
"2086","mean.2.rNPQ.L3","rNPQ","6","L3","2",0.272041328164179,NA
"2087","min.2.rNPQ.L3","rNPQ","6","L3","2",0.175518417863842,NA
"2088","max.2.rNPQ.L3","rNPQ","6","L3","2",0.37568971634674,NA
"2089","range.2.rNPQ.L3","rNPQ","6","L3","2",0.200171298482898,NA
"2090","slope.2.rNPQ.L3","rNPQ","6","L3","2",0.0324138703770264,NA
"2091","mean.2.rqP.L3","rqP","7","L3","2",0.410905631600787,NA
"2092","min.2.rqP.L3","rqP","7","L3","2",0.31886288919315,NA
"2093","max.2.rqP.L3","rqP","7","L3","2",0.500799042882047,NA
"2094","range.2.rqP.L3","rqP","7","L3","2",0.181936153688897,NA
"2095","slope.2.rqP.L3","rqP","7","L3","2",0.029469578296825,NA
"2096","mean.2.rABQ.L3","rABQ","8","L3","2",0.331173115808364,NA
"2097","min.2.rABQ.L3","rABQ","8","L3","2",0.310457443340435,NA
"2098","max.2.rABQ.L3","rABQ","8","L3","2",0.366644892310631,NA
"2099","range.2.rABQ.L3","rABQ","8","L3","2",0.056187448970196,NA
"2100","slope.2.rABQ.L3","rABQ","8","L3","2",0.00114793799902651,NA
"2101","mean.2.rqm.L3","rqm","9","L3","2",0.79601955080721,NA
"2102","min.2.rqm.L3","rqm","9","L3","2",0.786632634622616,NA
"2103","max.2.rqm.L3","rqm","9","L3","2",0.805542682783284,NA
"2104","range.2.rqm.L3","rqm","9","L3","2",0.018910048160668,NA
"2105","slope.2.rqm.L3","rqm","9","L3","2",-0.0031219070144696,NA
"2106","mean.3.rQuant.L3","rQuant","1","L3","3",0.075888875369568,NA
"2107","min.3.rQuant.L3","rQuant","1","L3","3",0.0734816220842062,NA
"2108","max.3.rQuant.L3","rQuant","1","L3","3",0.0791307241869206,NA
"2109","range.3.rQuant.L3","rQuant","1","L3","3",0.00564910210271441,NA
"2110","slope.3.rQuant.L3","rQuant","1","L3","3",0.000409271837789153,NA
"2111","mean.3.rSigma.L3","rSigma","2","L3","3",2.98774243082397,NA
"2112","min.3.rSigma.L3","rSigma","2","L3","3",2.70449847900314,NA
"2113","max.3.rSigma.L3","rSigma","2","L3","3",3.18369463690655,NA
"2114","range.3.rSigma.L3","rSigma","2","L3","3",0.47919615790341,NA
"2115","slope.3.rSigma.L3","rSigma","2","L3","3",-0.0396758304147494,NA
"2116","mean.3.rConnect.L3","rConnect","3","L3","3",0.117465161520705,NA
"2117","min.3.rConnect.L3","rConnect","3","L3","3",0,NA
"2118","max.3.rConnect.L3","rConnect","3","L3","3",0.236156992040032,NA
"2119","range.3.rConnect.L3","rConnect","3","L3","3",0.236156992040032,NA
"2120","slope.3.rConnect.L3","rConnect","3","L3","3",0.0274580190278426,NA
"2121","mean.3.rTau1.L3","rTau1","4","L3","3",1653.59670661955,NA
"2122","min.3.rTau1.L3","rTau1","4","L3","3",1328.68601710134,NA
"2123","max.3.rTau1.L3","rTau1","4","L3","3",1899.86921544432,NA
"2124","range.3.rTau1.L3","rTau1","4","L3","3",571.18319834298,NA
"2125","slope.3.rTau1.L3","rTau1","4","L3","3",-41.4651087409677,NA
"2126","mean.3.rTau2.L3","rTau2","5","L3","3",3903007.40025862,NA
"2127","min.3.rTau2.L3","rTau2","5","L3","3",3537411.74678143,NA
"2128","max.3.rTau2.L3","rTau2","5","L3","3",4369446.153153,NA
"2129","range.3.rTau2.L3","rTau2","5","L3","3",832034.40637157,NA
"2130","slope.3.rTau2.L3","rTau2","5","L3","3",36410.3569776742,NA
"2131","mean.3.rNPQ.L3","rNPQ","6","L3","3",0.381827594954278,NA
"2132","min.3.rNPQ.L3","rNPQ","6","L3","3",0.277416726051013,NA
"2133","max.3.rNPQ.L3","rNPQ","6","L3","3",0.494091693681713,NA
"2134","range.3.rNPQ.L3","rNPQ","6","L3","3",0.2166749676307,NA
"2135","slope.3.rNPQ.L3","rNPQ","6","L3","3",0.0351816363685437,NA
"2136","mean.3.rqP.L3","rqP","7","L3","3",0.478494379469888,NA
"2137","min.3.rqP.L3","rqP","7","L3","3",0.399587161850138,NA
"2138","max.3.rqP.L3","rqP","7","L3","3",0.555614334913593,NA
"2139","range.3.rqP.L3","rqP","7","L3","3",0.156027173063455,NA
"2140","slope.3.rqP.L3","rqP","7","L3","3",0.0251695511391924,NA
"2141","mean.3.rABQ.L3","rABQ","8","L3","3",0.308317291374581,NA
"2142","min.3.rABQ.L3","rABQ","8","L3","3",0.262953021929526,NA
"2143","max.3.rABQ.L3","rABQ","8","L3","3",0.373890194104074,NA
"2144","range.3.rABQ.L3","rABQ","8","L3","3",0.110937172174548,NA
"2145","slope.3.rABQ.L3","rABQ","8","L3","3",0.00918522479217455,NA
"2146","mean.3.rqm.L3","rqm","9","L3","3",0.799605986102845,NA
"2147","min.3.rqm.L3","rqm","9","L3","3",0.791045481104011,NA
"2148","max.3.rqm.L3","rqm","9","L3","3",0.805962637798782,NA
"2149","range.3.rqm.L3","rqm","9","L3","3",0.014917156694771,NA
"2150","slope.3.rqm.L3","rqm","9","L3","3",-0.00108073318981516,NA
"2151","mean.4.rQuant.L3","rQuant","1","L3","4",0.0871380105314232,NA
"2152","min.4.rQuant.L3","rQuant","1","L3","4",0.0848318201487389,NA
"2153","max.4.rQuant.L3","rQuant","1","L3","4",0.0903089561865959,NA
"2154","range.4.rQuant.L3","rQuant","1","L3","4",0.005477136037857,NA
"2155","slope.4.rQuant.L3","rQuant","1","L3","4",1.05091320596824e-06,NA
"2156","mean.4.rSigma.L3","rSigma","2","L3","4",3.27903520863019,NA
"2157","min.4.rSigma.L3","rSigma","2","L3","4",3.15451104111824,NA
"2158","max.4.rSigma.L3","rSigma","2","L3","4",3.4175370557681,NA
"2159","range.4.rSigma.L3","rSigma","2","L3","4",0.26302601464986,NA
"2160","slope.4.rSigma.L3","rSigma","2","L3","4",-0.0292647526447935,NA
"2161","mean.4.rConnect.L3","rConnect","3","L3","4",0.165039918154344,NA
"2162","min.4.rConnect.L3","rConnect","3","L3","4",0.0848774535773804,NA
"2163","max.4.rConnect.L3","rConnect","3","L3","4",0.226870019883729,NA
"2164","range.4.rConnect.L3","rConnect","3","L3","4",0.141992566306349,NA
"2165","slope.4.rConnect.L3","rConnect","3","L3","4",0.00762178361755076,NA
"2166","mean.4.rTau1.L3","rTau1","4","L3","4",1201.97436284062,NA
"2167","min.4.rTau1.L3","rTau1","4","L3","4",989.511762251796,NA
"2168","max.4.rTau1.L3","rTau1","4","L3","4",1417.0689347933,NA
"2169","range.4.rTau1.L3","rTau1","4","L3","4",427.557172541504,NA
"2170","slope.4.rTau1.L3","rTau1","4","L3","4",-28.6387740190156,NA
"2171","mean.4.rTau2.L3","rTau2","5","L3","4",3639592.88599791,NA
"2172","min.4.rTau2.L3","rTau2","5","L3","4",3301270.49755616,NA
"2173","max.4.rTau2.L3","rTau2","5","L3","4",4309820.24991744,NA
"2174","range.4.rTau2.L3","rTau2","5","L3","4",1008549.75236128,NA
"2175","slope.4.rTau2.L3","rTau2","5","L3","4",-16344.2751567264,NA
"2176","mean.4.rNPQ.L3","rNPQ","6","L3","4",0.41467676263529,NA
"2177","min.4.rNPQ.L3","rNPQ","6","L3","4",0.307801890904938,NA
"2178","max.4.rNPQ.L3","rNPQ","6","L3","4",0.532526021467073,NA
"2179","range.4.rNPQ.L3","rNPQ","6","L3","4",0.224724130562135,NA
"2180","slope.4.rNPQ.L3","rNPQ","6","L3","4",0.0359257016630261,NA
"2181","mean.4.rqP.L3","rqP","7","L3","4",0.506181976118552,NA
"2182","min.4.rqP.L3","rqP","7","L3","4",0.432023715933079,NA
"2183","max.4.rqP.L3","rqP","7","L3","4",0.578730495264996,NA
"2184","range.4.rqP.L3","rqP","7","L3","4",0.146706779331917,NA
"2185","slope.4.rqP.L3","rqP","7","L3","4",0.0234951551850802,NA
"2186","mean.4.rABQ.L3","rABQ","8","L3","4",0.173003325531396,NA
"2187","min.4.rABQ.L3","rABQ","8","L3","4",0.138072146174325,NA
"2188","max.4.rABQ.L3","rABQ","8","L3","4",0.204409231802945,NA
"2189","range.4.rABQ.L3","rABQ","8","L3","4",0.06633708562862,NA
"2190","slope.4.rABQ.L3","rABQ","8","L3","4",0.00738078476641357,NA
"2191","mean.4.rqm.L3","rqm","9","L3","4",0.777458804917029,NA
"2192","min.4.rqm.L3","rqm","9","L3","4",0.769360547551022,NA
"2193","max.4.rqm.L3","rqm","9","L3","4",0.783348569449424,NA
"2194","range.4.rqm.L3","rqm","9","L3","4",0.013988021898402,NA
"2195","slope.4.rqm.L3","rqm","9","L3","4",-2.68392036220732e-06,NA
"2196","mean.1.rQuant.R1","rQuant","1","R1","1",0.376406557106576,NA
"2197","min.1.rQuant.R1","rQuant","1","R1","1",0.365232258854248,NA
"2198","max.1.rQuant.R1","rQuant","1","R1","1",0.385648941968012,NA
"2199","range.1.rQuant.R1","rQuant","1","R1","1",0.020416683113764,NA
"2200","slope.1.rQuant.R1","rQuant","1","R1","1",0.00533570189327422,NA
"2201","mean.1.rSigma.R1","rSigma","2","R1","1",4.02876939493933,NA
"2202","min.1.rSigma.R1","rSigma","2","R1","1",3.84038301476855,NA
"2203","max.1.rSigma.R1","rSigma","2","R1","1",4.14883985821826,NA
"2204","range.1.rSigma.R1","rSigma","2","R1","1",0.30845684344971,NA
"2205","slope.1.rSigma.R1","rSigma","2","R1","1",0.0279483876194991,NA
"2206","mean.1.rConnect.R1","rConnect","3","R1","1",0.193376854223624,NA
"2207","min.1.rConnect.R1","rConnect","3","R1","1",0.166970106735737,NA
"2208","max.1.rConnect.R1","rConnect","3","R1","1",0.21964585954177,NA
"2209","range.1.rConnect.R1","rConnect","3","R1","1",0.052675752806033,NA
"2210","slope.1.rConnect.R1","rConnect","3","R1","1",0.0093746807664826,NA
"2211","mean.1.rTau1.R1","rTau1","4","R1","1",965.781337755523,NA
"2212","min.1.rTau1.R1","rTau1","4","R1","1",864.300537853168,NA
"2213","max.1.rTau1.R1","rTau1","4","R1","1",1059.94586379879,NA
"2214","range.1.rTau1.R1","rTau1","4","R1","1",195.645325945622,NA
"2215","slope.1.rTau1.R1","rTau1","4","R1","1",-0.952121383681662,NA
"2216","mean.1.rTau2.R1","rTau2","5","R1","1",537564.809854114,NA
"2217","min.1.rTau2.R1","rTau2","5","R1","1",498044.110173483,NA
"2218","max.1.rTau2.R1","rTau2","5","R1","1",582127.363662586,NA
"2219","range.1.rTau2.R1","rTau2","5","R1","1",84083.253489103,NA
"2220","slope.1.rTau2.R1","rTau2","5","R1","1",-19159.3855696266,NA
"2221","mean.1.rNPQ.R1","rNPQ","6","R1","1",0.899043725998643,NA
"2222","min.1.rNPQ.R1","rNPQ","6","R1","1",0.822925397156872,NA
"2223","max.1.rNPQ.R1","rNPQ","6","R1","1",0.961221960804362,NA
"2224","range.1.rNPQ.R1","rNPQ","6","R1","1",0.13829656364749,NA
"2225","slope.1.rNPQ.R1","rNPQ","6","R1","1",-0.0383454094257887,NA
"2226","mean.1.rqP.R1","rqP","7","R1","1",0.99278283477617,NA
"2227","min.1.rqP.R1","rqP","7","R1","1",0.980254749701593,NA
"2228","max.1.rqP.R1","rqP","7","R1","1",1.00365691857714,NA
"2229","range.1.rqP.R1","rqP","7","R1","1",0.023402168875547,NA
"2230","slope.1.rqP.R1","rqP","7","R1","1",-0.00568904415766483,NA
"2231","mean.1.rABQ.R1","rABQ","8","R1","1",0.111703610174522,NA
"2232","min.1.rABQ.R1","rABQ","8","R1","1",0.0852294815760185,NA
"2233","max.1.rABQ.R1","rABQ","8","R1","1",0.153240597029168,NA
"2234","range.1.rABQ.R1","rABQ","8","R1","1",0.0680111154531495,NA
"2235","slope.1.rABQ.R1","rABQ","8","R1","1",-0.00616229160572684,NA
"2236","mean.1.rqm.R1","rqm","9","R1","1",0.0305397068587835,NA
"2237","min.1.rqm.R1","rqm","9","R1","1",0.00673532575031444,NA
"2238","max.1.rqm.R1","rqm","9","R1","1",0.0593198602722177,NA
"2239","range.1.rqm.R1","rqm","9","R1","1",0.0525845345219033,NA
"2240","slope.1.rqm.R1","rqm","9","R1","1",-0.0137424575207473,NA
"2241","mean.2.rQuant.R1","rQuant","1","R1","2",0.356251510609545,NA
"2242","min.2.rQuant.R1","rQuant","1","R1","2",0.344859908758107,NA
"2243","max.2.rQuant.R1","rQuant","1","R1","2",0.364393558284922,NA
"2244","range.2.rQuant.R1","rQuant","1","R1","2",0.019533649526815,NA
"2245","slope.2.rQuant.R1","rQuant","1","R1","2",0.00519754200043181,NA
"2246","mean.2.rSigma.R1","rSigma","2","R1","2",4.01849783677231,NA
"2247","min.2.rSigma.R1","rSigma","2","R1","2",3.91818708095544,NA
"2248","max.2.rSigma.R1","rSigma","2","R1","2",4.09866145105032,NA
"2249","range.2.rSigma.R1","rSigma","2","R1","2",0.180474370094879,NA
"2250","slope.2.rSigma.R1","rSigma","2","R1","2",0.0401522533779309,NA
"2251","mean.2.rConnect.R1","rConnect","3","R1","2",0.224598204863314,NA
"2252","min.2.rConnect.R1","rConnect","3","R1","2",0.195880674018469,NA
"2253","max.2.rConnect.R1","rConnect","3","R1","2",0.23627370739545,NA
"2254","range.2.rConnect.R1","rConnect","3","R1","2",0.040393033376981,NA
"2255","slope.2.rConnect.R1","rConnect","3","R1","2",0.00875349891875572,NA
"2256","mean.2.rTau1.R1","rTau1","4","R1","2",1176.25582308465,NA
"2257","min.2.rTau1.R1","rTau1","4","R1","2",1115.87882599624,NA
"2258","max.2.rTau1.R1","rTau1","4","R1","2",1209.79661509708,NA
"2259","range.2.rTau1.R1","rTau1","4","R1","2",93.9177891008399,NA
"2260","slope.2.rTau1.R1","rTau1","4","R1","2",12.9310453870649,NA
"2261","mean.2.rTau2.R1","rTau2","5","R1","2",595796.333710312,NA
"2262","min.2.rTau2.R1","rTau2","5","R1","2",551429.787000005,NA
"2263","max.2.rTau2.R1","rTau2","5","R1","2",635688.061473453,NA
"2264","range.2.rTau2.R1","rTau2","5","R1","2",84258.2744734479,NA
"2265","slope.2.rTau2.R1","rTau2","5","R1","2",-22440.482531823,NA
"2266","mean.2.rNPQ.R1","rNPQ","6","R1","2",0.840640107596292,NA
"2267","min.2.rNPQ.R1","rNPQ","6","R1","2",0.771323536506736,NA
"2268","max.2.rNPQ.R1","rNPQ","6","R1","2",0.923711388707827,NA
"2269","range.2.rNPQ.R1","rNPQ","6","R1","2",0.152387852201091,NA
"2270","slope.2.rNPQ.R1","rNPQ","6","R1","2",-0.0395792924139803,NA
"2271","mean.2.rqP.R1","rqP","7","R1","2",0.98576915722248,NA
"2272","min.2.rqP.R1","rqP","7","R1","2",0.972293325969199,NA
"2273","max.2.rqP.R1","rqP","7","R1","2",1,NA
"2274","range.2.rqP.R1","rqP","7","R1","2",0.027706674030801,NA
"2275","slope.2.rqP.R1","rqP","7","R1","2",-0.00710281266064885,NA
"2276","mean.2.rABQ.R1","rABQ","8","R1","2",0.0960532665730863,NA
"2277","min.2.rABQ.R1","rABQ","8","R1","2",0.0780207479032481,NA
"2278","max.2.rABQ.R1","rABQ","8","R1","2",0.118617812762086,NA
"2279","range.2.rABQ.R1","rABQ","8","R1","2",0.0405970648588379,NA
"2280","slope.2.rABQ.R1","rABQ","8","R1","2",-0.00903210596471628,NA
"2281","mean.2.rqm.R1","rqm","9","R1","2",0.0332555662799599,NA
"2282","min.2.rqm.R1","rqm","9","R1","2",0.0111608409669764,NA
"2283","max.2.rqm.R1","rqm","9","R1","2",0.0641684672868645,NA
"2284","range.2.rqm.R1","rqm","9","R1","2",0.0530076263198881,NA
"2285","slope.2.rqm.R1","rqm","9","R1","2",-0.0141043466436011,NA
"2286","mean.3.rQuant.R1","rQuant","1","R1","3",0.362158837417378,NA
"2287","min.3.rQuant.R1","rQuant","1","R1","3",0.346855285192799,NA
"2288","max.3.rQuant.R1","rQuant","1","R1","3",0.373014873146938,NA
"2289","range.3.rQuant.R1","rQuant","1","R1","3",0.026159587954139,NA
"2290","slope.3.rQuant.R1","rQuant","1","R1","3",0.00657904853071187,NA
"2291","mean.3.rSigma.R1","rSigma","2","R1","3",3.94174977541609,NA
"2292","min.3.rSigma.R1","rSigma","2","R1","3",3.86223548723311,NA
"2293","max.3.rSigma.R1","rSigma","2","R1","3",4.00397227940762,NA
"2294","range.3.rSigma.R1","rSigma","2","R1","3",0.14173679217451,NA
"2295","slope.3.rSigma.R1","rSigma","2","R1","3",0.0308017153049946,NA
"2296","mean.3.rConnect.R1","rConnect","3","R1","3",0.206720095151968,NA
"2297","min.3.rConnect.R1","rConnect","3","R1","3",0.185275344480831,NA
"2298","max.3.rConnect.R1","rConnect","3","R1","3",0.242592666361077,NA
"2299","range.3.rConnect.R1","rConnect","3","R1","3",0.057317321880246,NA
"2300","slope.3.rConnect.R1","rConnect","3","R1","3",0.0091278135554175,NA
"2301","mean.3.rTau1.R1","rTau1","4","R1","3",1050.05379829982,NA
"2302","min.3.rTau1.R1","rTau1","4","R1","3",998.225942129435,NA
"2303","max.3.rTau1.R1","rTau1","4","R1","3",1112.50290679832,NA
"2304","range.3.rTau1.R1","rTau1","4","R1","3",114.276964668885,NA
"2305","slope.3.rTau1.R1","rTau1","4","R1","3",23.3735488139407,NA
"2306","mean.3.rTau2.R1","rTau2","5","R1","3",626573.417734295,NA
"2307","min.3.rTau2.R1","rTau2","5","R1","3",564786.329954955,NA
"2308","max.3.rTau2.R1","rTau2","5","R1","3",694126.514218158,NA
"2309","range.3.rTau2.R1","rTau2","5","R1","3",129340.184263203,NA
"2310","slope.3.rTau2.R1","rTau2","5","R1","3",-34279.3211133087,NA
"2311","mean.3.rNPQ.R1","rNPQ","6","R1","3",0.994265524914229,NA
"2312","min.3.rNPQ.R1","rNPQ","6","R1","3",0.908647057148928,NA
"2313","max.3.rNPQ.R1","rNPQ","6","R1","3",1.09716885530983,NA
"2314","range.3.rNPQ.R1","rNPQ","6","R1","3",0.188521798160902,NA
"2315","slope.3.rNPQ.R1","rNPQ","6","R1","3",-0.0481760023368561,NA
"2316","mean.3.rqP.R1","rqP","7","R1","3",0.987494341427169,NA
"2317","min.3.rqP.R1","rqP","7","R1","3",0.975229440240229,NA
"2318","max.3.rqP.R1","rqP","7","R1","3",1,NA
"2319","range.3.rqP.R1","rqP","7","R1","3",0.024770559759771,NA
"2320","slope.3.rqP.R1","rqP","7","R1","3",-0.00641610613785702,NA
"2321","mean.3.rABQ.R1","rABQ","8","R1","3",0.0874580977077309,NA
"2322","min.3.rABQ.R1","rABQ","8","R1","3",0.073053164519948,NA
"2323","max.3.rABQ.R1","rABQ","8","R1","3",0.105866196631323,NA
"2324","range.3.rABQ.R1","rABQ","8","R1","3",0.032813032111375,NA
"2325","slope.3.rABQ.R1","rABQ","8","R1","3",-0.00713080674313432,NA
"2326","mean.3.rqm.R1","rqm","9","R1","3",0.0436745472248946,NA
"2327","min.3.rqm.R1","rqm","9","R1","3",0.0150078346894531,NA
"2328","max.3.rqm.R1","rqm","9","R1","3",0.0840854802138679,NA
"2329","range.3.rqm.R1","rqm","9","R1","3",0.0690776455244148,NA
"2330","slope.3.rqm.R1","rqm","9","R1","3",-0.0173727958975948,NA
"2331","mean.4.rQuant.R1","rQuant","1","R1","4",0.368680665596562,NA
"2332","min.4.rQuant.R1","rQuant","1","R1","4",0.352090867887136,NA
"2333","max.4.rQuant.R1","rQuant","1","R1","4",0.382073806660136,NA
"2334","range.4.rQuant.R1","rQuant","1","R1","4",0.029982938773,NA
"2335","slope.4.rQuant.R1","rQuant","1","R1","4",0.0078057100384508,NA
"2336","mean.4.rSigma.R1","rSigma","2","R1","4",3.68907318731622,NA
"2337","min.4.rSigma.R1","rSigma","2","R1","4",3.60865024149531,NA
"2338","max.4.rSigma.R1","rSigma","2","R1","4",3.73594296867683,NA
"2339","range.4.rSigma.R1","rSigma","2","R1","4",0.12729272718152,NA
"2340","slope.4.rSigma.R1","rSigma","2","R1","4",0.0323001155810252,NA
"2341","mean.4.rConnect.R1","rConnect","3","R1","4",0.291863137363087,NA
"2342","min.4.rConnect.R1","rConnect","3","R1","4",0.275588408937302,NA
"2343","max.4.rConnect.R1","rConnect","3","R1","4",0.307860577823628,NA
"2344","range.4.rConnect.R1","rConnect","3","R1","4",0.032272168886326,NA
"2345","slope.4.rConnect.R1","rConnect","3","R1","4",-0.0029512174006267,NA
"2346","mean.4.rTau1.R1","rTau1","4","R1","4",848.230853730024,NA
"2347","min.4.rTau1.R1","rTau1","4","R1","4",825.314625246897,NA
"2348","max.4.rTau1.R1","rTau1","4","R1","4",879.706393048438,NA
"2349","range.4.rTau1.R1","rTau1","4","R1","4",54.3917678015411,NA
"2350","slope.4.rTau1.R1","rTau1","4","R1","4",14.1563187034196,NA
"2351","mean.4.rTau2.R1","rTau2","5","R1","4",731627.664021344,NA
"2352","min.4.rTau2.R1","rTau2","5","R1","4",665566.791005803,NA
"2353","max.4.rTau2.R1","rTau2","5","R1","4",827672.783471513,NA
"2354","range.4.rTau2.R1","rTau2","5","R1","4",162105.99246571,NA
"2355","slope.4.rTau2.R1","rTau2","5","R1","4",-40873.1024269254,NA
"2356","mean.4.rNPQ.R1","rNPQ","6","R1","4",1.03664684510338,NA
"2357","min.4.rNPQ.R1","rNPQ","6","R1","4",0.956074241932092,NA
"2358","max.4.rNPQ.R1","rNPQ","6","R1","4",1.14169335907831,NA
"2359","range.4.rNPQ.R1","rNPQ","6","R1","4",0.185619117146218,NA
"2360","slope.4.rNPQ.R1","rNPQ","6","R1","4",-0.0464882305645486,NA
"2361","mean.4.rqP.R1","rqP","7","R1","4",0.9890913375603,NA
"2362","min.4.rqP.R1","rqP","7","R1","4",0.980817602772054,NA
"2363","max.4.rqP.R1","rqP","7","R1","4",1,NA
"2364","range.4.rqP.R1","rqP","7","R1","4",0.019182397227946,NA
"2365","slope.4.rqP.R1","rqP","7","R1","4",-0.00461271681959942,NA
"2366","mean.4.rABQ.R1","rABQ","8","R1","4",0.0695887467898531,NA
"2367","min.4.rABQ.R1","rABQ","8","R1","4",0.0577678449537664,NA
"2368","max.4.rABQ.R1","rABQ","8","R1","4",0.0898720022333488,NA
"2369","range.4.rABQ.R1","rABQ","8","R1","4",0.0321041572795824,NA
"2370","slope.4.rABQ.R1","rABQ","8","R1","4",-0.00814632551067279,NA
"2371","mean.4.rqm.R1","rqm","9","R1","4",0.0584288598572407,NA
"2372","min.4.rqm.R1","rqm","9","R1","4",0.0242242045062008,NA
"2373","max.4.rqm.R1","rqm","9","R1","4",0.100797435705194,NA
"2374","range.4.rqm.R1","rqm","9","R1","4",0.0765732311989932,NA
"2375","slope.4.rqm.R1","rqm","9","R1","4",-0.0199349518061532,NA
"2376","mean.All.rQuant.All","rQuant","1","All","All",0.187372895682718,NA
"2377","min.All.rQuant.All","rQuant","1","All","All",0.0445226229358399,NA
"2378","max.All.rQuant.All","rQuant","1","All","All",0.391559012249104,NA
"2379","range.All.rQuant.All","rQuant","1","All","All",0.347036389313264,NA
"2380","slope.All.rQuant.All","rQuant","1","All","All",0.00594818867365922,NA
"2381","mean.All.rSigma.All","rSigma","2","All","All",3.3910966509218,NA
"2382","min.All.rSigma.All","rSigma","2","All","All",2.70449847900314,NA
"2383","max.All.rSigma.All","rSigma","2","All","All",4.53538868454802,NA
"2384","range.All.rSigma.All","rSigma","2","All","All",1.83089020554488,NA
"2385","slope.All.rSigma.All","rSigma","2","All","All",0.0145606896037039,NA
"2386","mean.All.rConnect.All","rConnect","3","All","All",0.165915678284727,NA
"2387","min.All.rConnect.All","rConnect","3","All","All",0,NA
"2388","max.All.rConnect.All","rConnect","3","All","All",0.309677654244176,NA
"2389","range.All.rConnect.All","rConnect","3","All","All",0.309677654244176,NA
"2390","slope.All.rConnect.All","rConnect","3","All","All",0.00066277487863222,NA
"2391","mean.All.rTau1.All","rTau1","4","All","All",1360.05199040489,NA
"2392","min.All.rTau1.All","rTau1","4","All","All",697.773955586663,NA
"2393","max.All.rTau1.All","rTau1","4","All","All",3524.08287643121,NA
"2394","range.All.rTau1.All","rTau1","4","All","All",2826.30892084455,NA
"2395","slope.All.rTau1.All","rTau1","4","All","All",-33.8594023528173,NA
"2396","mean.All.rTau2.All","rTau2","5","All","All",2036530.1100257,NA
"2397","min.All.rTau2.All","rTau2","5","All","All",498044.110173483,NA
"2398","max.All.rTau2.All","rTau2","5","All","All",4553598.83709526,NA
"2399","range.All.rTau2.All","rTau2","5","All","All",4055554.72692178,NA
"2400","slope.All.rTau2.All","rTau2","5","All","All",-22180.0081693245,NA
"2401","mean.All.rNPQ.All","rNPQ","6","All","All",0.50411615810319,NA
"2402","min.All.rNPQ.All","rNPQ","6","All","All",0.036305056754176,NA
"2403","max.All.rNPQ.All","rNPQ","6","All","All",1.14169335907831,NA
"2404","range.All.rNPQ.All","rNPQ","6","All","All",1.10538830232413,NA
"2405","slope.All.rNPQ.All","rNPQ","6","All","All",0.0226896085540835,NA
"2406","mean.All.rqP.All","rqP","7","All","All",0.624254090289269,NA
"2407","min.All.rqP.All","rqP","7","All","All",0.118276245379571,NA
"2408","max.All.rqP.All","rqP","7","All","All",1.00365691857714,NA
"2409","range.All.rqP.All","rqP","7","All","All",0.885380673197569,NA
"2410","slope.All.rqP.All","rqP","7","All","All",0.0181243767295418,NA
"2411","mean.All.rABQ.All","rABQ","8","All","All",0.21219291699247,NA
"2412","min.All.rABQ.All","rABQ","8","All","All",0,NA
"2413","max.All.rABQ.All","rABQ","8","All","All",0.384673886333259,NA
"2414","range.All.rABQ.All","rABQ","8","All","All",0.384673886333259,NA
"2415","slope.All.rABQ.All","rABQ","8","All","All",-0.00331728853166128,NA
"2416","mean.All.rqm.All","rqm","9","All","All",0.509253915806693,NA
"2417","min.All.rqm.All","rqm","9","All","All",0,NA
"2418","max.All.rqm.All","rqm","9","All","All",0.879180869088261,NA
"2419","range.All.rqm.All","rqm","9","All","All",0.879180869088261,NA
"2420","slope.All.rqm.All","rqm","9","All","All",-0.0155926035747722,NA
"2421","mean.All.rQuant.L1","rQuant","1","L1","All",0.0904844091147797,NA
"2422","min.All.rQuant.L1","rQuant","1","L1","All",0.0445226229358399,NA
"2423","max.All.rQuant.L1","rQuant","1","L1","All",0.118563394820091,NA
"2424","range.All.rQuant.L1","rQuant","1","L1","All",0.0740407718842511,NA
"2425","slope.All.rQuant.L1","rQuant","1","L1","All",0.008542137638169,NA
"2426","mean.All.rSigma.L1","rSigma","2","L1","All",3.12599308315457,NA
"2427","min.All.rSigma.L1","rSigma","2","L1","All",2.73543403083633,NA
"2428","max.All.rSigma.L1","rSigma","2","L1","All",3.52973672322225,NA
"2429","range.All.rSigma.L1","rSigma","2","L1","All",0.79430269238592,NA
"2430","slope.All.rSigma.L1","rSigma","2","L1","All",0.0222259701635478,NA
"2431","mean.All.rConnect.L1","rConnect","3","L1","All",0.141857662171605,NA
"2432","min.All.rConnect.L1","rConnect","3","L1","All",0.0377221288915879,NA
"2433","max.All.rConnect.L1","rConnect","3","L1","All",0.249337848908087,NA
"2434","range.All.rConnect.L1","rConnect","3","L1","All",0.211615720016499,NA
"2435","slope.All.rConnect.L1","rConnect","3","L1","All",-0.0106886118419263,NA
"2436","mean.All.rTau1.L1","rTau1","4","L1","All",1982.65185753413,NA
"2437","min.All.rTau1.L1","rTau1","4","L1","All",1035.60179553606,NA
"2438","max.All.rTau1.L1","rTau1","4","L1","All",3524.08287643121,NA
"2439","range.All.rTau1.L1","rTau1","4","L1","All",2488.48108089515,NA
"2440","slope.All.rTau1.L1","rTau1","4","L1","All",-270.403515850256,NA
"2441","mean.All.rTau2.L1","rTau2","5","L1","All",2596764.24161147,NA
"2442","min.All.rTau2.L1","rTau2","5","L1","All",1927503.12934636,NA
"2443","max.All.rTau2.L1","rTau2","5","L1","All",4553598.83709526,NA
"2444","range.All.rTau2.L1","rTau2","5","L1","All",2626095.7077489,NA
"2445","slope.All.rTau2.L1","rTau2","5","L1","All",-242991.167512229,NA
"2446","mean.All.rNPQ.L1","rNPQ","6","L1","All",0.184227541276107,NA
"2447","min.All.rNPQ.L1","rNPQ","6","L1","All",0.036305056754176,NA
"2448","max.All.rNPQ.L1","rNPQ","6","L1","All",0.366520008948926,NA
"2449","range.All.rNPQ.L1","rNPQ","6","L1","All",0.33021495219475,NA
"2450","slope.All.rNPQ.L1","rNPQ","6","L1","All",0.034421589544917,NA
"2451","mean.All.rqP.L1","rqP","7","L1","All",0.332549481824753,NA
"2452","min.All.rqP.L1","rqP","7","L1","All",0.118276245379571,NA
"2453","max.All.rqP.L1","rqP","7","L1","All",0.508943816072852,NA
"2454","range.All.rqP.L1","rqP","7","L1","All",0.390667570693281,NA
"2455","slope.All.rqP.L1","rqP","7","L1","All",0.0435955216714378,NA
"2456","mean.All.rABQ.L1","rABQ","8","L1","All",0.272729361924003,NA
"2457","min.All.rABQ.L1","rABQ","8","L1","All",0.109774569003804,NA
"2458","max.All.rABQ.L1","rABQ","8","L1","All",0.384673886333259,NA
"2459","range.All.rABQ.L1","rABQ","8","L1","All",0.274899317329455,NA
"2460","slope.All.rABQ.L1","rABQ","8","L1","All",-0.00509617445053527,NA
"2461","mean.All.rqm.L1","rqm","9","L1","All",0.763234005062672,NA
"2462","min.All.rqm.L1","rqm","9","L1","All",0.697201721551327,NA
"2463","max.All.rqm.L1","rqm","9","L1","All",0.879180869088261,NA
"2464","range.All.rqm.L1","rqm","9","L1","All",0.181979147536934,NA
"2465","slope.All.rqm.L1","rqm","9","L1","All",-0.0224156526538283,NA
"2466","mean.All.rQuant.L2","rQuant","1","L2","All",0.24420822177221,NA
"2467","min.All.rQuant.L2","rQuant","1","L2","All",0.224897437202739,NA
"2468","max.All.rQuant.L2","rQuant","1","L2","All",0.261279960850322,NA
"2469","range.All.rQuant.L2","rQuant","1","L2","All",0.036382523647583,NA
"2470","slope.All.rQuant.L2","rQuant","1","L2","All",0.00459797290114087,NA
"2471","mean.All.rSigma.L2","rSigma","2","L2","All",3.43549476656356,NA
"2472","min.All.rSigma.L2","rSigma","2","L2","All",3.33110249371573,NA
"2473","max.All.rSigma.L2","rSigma","2","L2","All",3.54880582219573,NA
"2474","range.All.rSigma.L2","rSigma","2","L2","All",0.21770332848,NA
"2475","slope.All.rSigma.L2","rSigma","2","L2","All",-0.00997673236072437,NA
"2476","mean.All.rConnect.L2","rConnect","3","L2","All",0.21040767221281,NA
"2477","min.All.rConnect.L2","rConnect","3","L2","All",0.143484052339397,NA
"2478","max.All.rConnect.L2","rConnect","3","L2","All",0.280533579036477,NA
"2479","range.All.rConnect.L2","rConnect","3","L2","All",0.13704952669708,NA
"2480","slope.All.rConnect.L2","rConnect","3","L2","All",0.00314602038147155,NA
"2481","mean.All.rTau1.L2","rTau1","4","L2","All",983.781027830415,NA
"2482","min.All.rTau1.L2","rTau1","4","L2","All",754.449018137486,NA
"2483","max.All.rTau1.L2","rTau1","4","L2","All",1169.27617175268,NA
"2484","range.All.rTau1.L2","rTau1","4","L2","All",414.827153615194,NA
"2485","slope.All.rTau1.L2","rTau1","4","L2","All",-3.01349706824384,NA
"2486","mean.All.rTau2.L2","rTau2","5","L2","All",979759.548272898,NA
"2487","min.All.rTau2.L2","rTau2","5","L2","All",893050.29909843,NA
"2488","max.All.rTau2.L2","rTau2","5","L2","All",1161034.1138088,NA
"2489","range.All.rTau2.L2","rTau2","5","L2","All",267983.81471037,NA
"2490","slope.All.rTau2.L2","rTau2","5","L2","All",-10555.1482494107,NA
"2491","mean.All.rNPQ.L2","rNPQ","6","L2","All",0.654581802205289,NA
"2492","min.All.rNPQ.L2","rNPQ","6","L2","All",0.53921926880541,NA
"2493","max.All.rNPQ.L2","rNPQ","6","L2","All",0.754335505354029,NA
"2494","range.All.rNPQ.L2","rNPQ","6","L2","All",0.215116236548619,NA
"2495","slope.All.rNPQ.L2","rNPQ","6","L2","All",0.00689797559903853,NA
"2496","mean.All.rqP.L2","rqP","7","L2","All",0.79658669246188,NA
"2497","min.All.rqP.L2","rqP","7","L2","All",0.753029372066717,NA
"2498","max.All.rqP.L2","rqP","7","L2","All",0.830015253301941,NA
"2499","range.All.rqP.L2","rqP","7","L2","All",0.076985881235224,NA
"2500","slope.All.rqP.L2","rqP","7","L2","All",0.00695364945235904,NA
"2501","mean.All.rABQ.L2","rABQ","8","L2","All",0.202078293051213,NA
"2502","min.All.rABQ.L2","rABQ","8","L2","All",0.112698758775123,NA
"2503","max.All.rABQ.L2","rABQ","8","L2","All",0.250680393466839,NA
"2504","range.All.rABQ.L2","rABQ","8","L2","All",0.137981634691716,NA
"2505","slope.All.rABQ.L2","rABQ","8","L2","All",0.002466354065037,NA
"2506","mean.All.rqm.L2","rqm","9","L2","All",0.360228144793208,NA
"2507","min.All.rqm.L2","rqm","9","L2","All",0.324988179834026,NA
"2508","max.All.rqm.L2","rqm","9","L2","All",0.410458250378971,NA
"2509","range.All.rqm.L2","rqm","9","L2","All",0.085470070544945,NA
"2510","slope.All.rqm.L2","rqm","9","L2","All",-0.012043509614299,NA
"2511","mean.All.rQuant.L3","rQuant","1","L3","All",0.08027517022257,NA
"2512","min.All.rQuant.L3","rQuant","1","L3","All",0.0716587658446207,NA
"2513","max.All.rQuant.L3","rQuant","1","L3","All",0.0903089561865959,NA
"2514","range.All.rQuant.L3","rQuant","1","L3","All",0.0186501903419752,NA
"2515","slope.All.rQuant.L3","rQuant","1","L3","All",0.000546570577292601,NA
"2516","mean.All.rSigma.L3","rSigma","2","L3","All",3.10851817715765,NA
"2517","min.All.rSigma.L3","rSigma","2","L3","All",2.70449847900314,NA
"2518","max.All.rSigma.L3","rSigma","2","L3","All",3.4175370557681,NA
"2519","range.All.rSigma.L3","rSigma","2","L3","All",0.71303857676496,NA
"2520","slope.All.rSigma.L3","rSigma","2","L3","All",-0.0247778291154186,NA
"2521","mean.All.rConnect.L3","rConnect","3","L3","All",0.0951565006404837,NA
"2522","min.All.rConnect.L3","rConnect","3","L3","All",0,NA
"2523","max.All.rConnect.L3","rConnect","3","L3","All",0.236156992040032,NA
"2524","range.All.rConnect.L3","rConnect","3","L3","All",0.236156992040032,NA
"2525","slope.All.rConnect.L3","rConnect","3","L3","All",0.00967324153587033,NA
"2526","mean.All.rTau1.L3","rTau1","4","L3","All",1388.4916136798,NA
"2527","min.All.rTau1.L3","rTau1","4","L3","All",803.760488068375,NA
"2528","max.All.rTau1.L3","rTau1","4","L3","All",1989.91932325077,NA
"2529","range.All.rTau1.L3","rTau1","4","L3","All",1186.1588351824,NA
"2530","slope.All.rTau1.L3","rTau1","4","L3","All",-11.1879448500525,NA
"2531","mean.All.rTau2.L3","rTau2","5","L3","All",3599467.34572004,NA
"2532","min.All.rTau2.L3","rTau2","5","L3","All",2875278.50813355,NA
"2533","max.All.rTau2.L3","rTau2","5","L3","All",4369446.153153,NA
"2534","range.All.rTau2.L3","rTau2","5","L3","All",1494167.64501945,NA
"2535","slope.All.rTau2.L3","rTau2","5","L3","All",10067.440444549,NA
"2536","mean.All.rNPQ.L3","rNPQ","6","L3","All",0.348170534960383,NA
"2537","min.All.rNPQ.L3","rNPQ","6","L3","All",0.175518417863842,NA
"2538","max.All.rNPQ.L3","rNPQ","6","L3","All",0.532526021467073,NA
"2539","range.All.rNPQ.L3","rNPQ","6","L3","All",0.357007603603231,NA
"2540","slope.All.rNPQ.L3","rNPQ","6","L3","All",0.0342405870720214,NA
"2541","mean.All.rqP.L3","rqP","7","L3","All",0.461850442259965,NA
"2542","min.All.rqP.L3","rqP","7","L3","All",0.31886288919315,NA
"2543","max.All.rqP.L3","rqP","7","L3","All",0.578730495264996,NA
"2544","range.All.rqP.L3","rqP","7","L3","All",0.259867606071846,NA
"2545","slope.All.rqP.L3","rqP","7","L3","All",0.0261627857465097,NA
"2546","mean.All.rABQ.L3","rABQ","8","L3","All",0.277062271210349,NA
"2547","min.All.rABQ.L3","rABQ","8","L3","All",0.138072146174325,NA
"2548","max.All.rABQ.L3","rABQ","8","L3","All",0.373890194104074,NA
"2549","range.All.rABQ.L3","rABQ","8","L3","All",0.235818047929749,NA
"2550","slope.All.rABQ.L3","rABQ","8","L3","All",0.0058102632611158,NA
"2551","mean.All.rqm.L3","rqm","9","L3","All",0.789888793785709,NA
"2552","min.All.rqm.L3","rqm","9","L3","All",0.769360547551022,NA
"2553","max.All.rqm.L3","rqm","9","L3","All",0.805962637798782,NA
"2554","range.All.rqm.L3","rqm","9","L3","All",0.03660209024776,NA
"2555","slope.All.rqm.L3","rqm","9","L3","All",-0.00145409616095045,NA
"2556","mean.All.rQuant.R1","rQuant","1","R1","All",0.365874392682515,NA
"2557","min.All.rQuant.R1","rQuant","1","R1","All",0.344859908758107,NA
"2558","max.All.rQuant.R1","rQuant","1","R1","All",0.385648941968012,NA
"2559","range.All.rQuant.R1","rQuant","1","R1","All",0.040789033209905,NA
"2560","slope.All.rQuant.R1","rQuant","1","R1","All",0.00622950061571719,NA
"2561","mean.All.rSigma.R1","rSigma","2","R1","All",3.91952254861099,NA
"2562","min.All.rSigma.R1","rSigma","2","R1","All",3.60865024149531,NA
"2563","max.All.rSigma.R1","rSigma","2","R1","All",4.14883985821826,NA
"2564","range.All.rSigma.R1","rSigma","2","R1","All",0.54018961672295,NA
"2565","slope.All.rSigma.R1","rSigma","2","R1","All",0.0328006179708625,NA
"2566","mean.All.rConnect.R1","rConnect","3","R1","All",0.229139572900498,NA
"2567","min.All.rConnect.R1","rConnect","3","R1","All",0.166970106735737,NA
"2568","max.All.rConnect.R1","rConnect","3","R1","All",0.307860577823628,NA
"2569","range.All.rConnect.R1","rConnect","3","R1","All",0.140890471087891,NA
"2570","slope.All.rConnect.R1","rConnect","3","R1","All",0.00607619396000727,NA
"2571","mean.All.rTau1.R1","rTau1","4","R1","All",1010.08045321751,NA
"2572","min.All.rTau1.R1","rTau1","4","R1","All",825.314625246897,NA
"2573","max.All.rTau1.R1","rTau1","4","R1","All",1209.79661509708,NA
"2574","range.All.rTau1.R1","rTau1","4","R1","All",384.481989850183,NA
"2575","slope.All.rTau1.R1","rTau1","4","R1","All",12.3771978801859,NA
"2576","mean.All.rTau2.R1","rTau2","5","R1","All",622890.556330016,NA
"2577","min.All.rTau2.R1","rTau2","5","R1","All",498044.110173483,NA
"2578","max.All.rTau2.R1","rTau2","5","R1","All",827672.783471513,NA
"2579","range.All.rTau2.R1","rTau2","5","R1","All",329628.67329803,NA
"2580","slope.All.rTau2.R1","rTau2","5","R1","All",-29188.0729104209,NA
"2581","mean.All.rNPQ.R1","rNPQ","6","R1","All",0.942649050903137,NA
"2582","min.All.rNPQ.R1","rNPQ","6","R1","All",0.771323536506736,NA
"2583","max.All.rNPQ.R1","rNPQ","6","R1","All",1.14169335907831,NA
"2584","range.All.rNPQ.R1","rNPQ","6","R1","All",0.370369822571574,NA
"2585","slope.All.rNPQ.R1","rNPQ","6","R1","All",-0.0431472336852934,NA
"2586","mean.All.rqP.R1","rqP","7","R1","All",0.98878441774653,NA
"2587","min.All.rqP.R1","rqP","7","R1","All",0.972293325969199,NA
"2588","max.All.rqP.R1","rqP","7","R1","All",1.00365691857714,NA
"2589","range.All.rqP.R1","rqP","7","R1","All",0.031363592607941,NA
"2590","slope.All.rqP.R1","rqP","7","R1","All",-0.00595516994394247,NA
"2591","mean.All.rABQ.R1","rABQ","8","R1","All",0.0912009303112981,NA
"2592","min.All.rABQ.R1","rABQ","8","R1","All",0.0577678449537664,NA
"2593","max.All.rABQ.R1","rABQ","8","R1","All",0.153240597029168,NA
"2594","range.All.rABQ.R1","rABQ","8","R1","All",0.0954727520754016,NA
"2595","slope.All.rABQ.R1","rABQ","8","R1","All",-0.00761788245606255,NA
"2596","mean.All.rqm.R1","rqm","9","R1","All",0.0414746700552197,NA
"2597","min.All.rqm.R1","rqm","9","R1","All",0.00673532575031444,NA
"2598","max.All.rqm.R1","rqm","9","R1","All",0.100797435705194,NA
"2599","range.All.rqm.R1","rqm","9","R1","All",0.0940621099548796,NA
"2600","slope.All.rqm.R1","rqm","9","R1","All",-0.0162886379670241,NA
"2601","DCompL1.qQuant.1","qQuant","99","99","1",0.817661034032987,NA
"2602","DCompL12.qQuant.1","qQuant","99","99","1",0.707211642492917,NA
"2603","DCompL2.qQuant.1","qQuant","99","99","1",0.41045825037897,NA
"2604","DCompL22.qQuant.1","qQuant","99","99","1",0.336038250756458,NA
"2605","DCompL3.qQuant.1","qQuant","99","99","1",0.789484349462621,NA
"2606","DCompL32.qQuant.1","qQuant","99","99","1",0.779515149377912,NA
"2607","DCompR1.qQuant.1","qQuant","99","99","1",0.059319860272217,NA
"2608","DCompR12.qQuant.1","qQuant","99","99","1",0.00673532575031505,NA
"2609","L1CompL2.qQuant.1","qQuant","99","99","1",-2.23321867322471,NA
"2610","L1CompL22.qQuant.1","qQuant","99","99","1",-2.64135962778061,NA
"2611","L1CompL3.qQuant.1","qQuant","99","99","1",-0.154529145325215,NA
"2612","L1CompL32.qQuant.1","qQuant","99","99","1",-0.209203142360564,NA
"2613","L1CompR1.qQuant.1","qQuant","99","99","1",-4.1589638821247,NA
"2614","L1CompR12.qQuant.1","qQuant","99","99","1",-4.44735278596117,NA
"2615","L12CompL2.qQuant.1","qQuant","99","99","1",-1.01354232333766,NA
"2616","L12CompL22.qQuant.1","qQuant","99","99","1",-1.26771909544757,NA
"2617","L12CompL3.qQuant.1","qQuant","99","99","1",0.280997194253922,NA
"2618","L12CompL32.qQuant.1","qQuant","99","99","1",0.246948025873079,NA
"2619","L12CompR1.qQuant.1","qQuant","99","99","1",-2.21283314588431,NA
"2620","L12CompR12.qQuant.1","qQuant","99","99","1",-2.39243227670231,NA
"2621","L2CompL3.qQuant.1","qQuant","99","99","1",0.6429164674551,NA
"2622","L2CompL32.qQuant.1","qQuant","99","99","1",0.626006384172419,NA
"2623","L2CompR1.qQuant.1","qQuant","99","99","1",-0.595612423263445,NA
"2624","L2CompR12.qQuant.1","qQuant","99","99","1",-0.684808030793708,NA
"2625","L22CompL3.qQuant.1","qQuant","99","99","1",0.682940092893572,NA
"2626","L22CompL32.qQuant.1","qQuant","99","99","1",0.667925372397901,NA
"2627","L22CompR1.qQuant.1","qQuant","99","99","1",-0.416768572586461,NA
"2628","L22CompR12.qQuant.1","qQuant","99","99","1",-0.49596671100605,NA
"2629","L3CompR1.qQuant.1","qQuant","99","99","1",-3.46845703550558,NA
"2630","L3CompR12.qQuant.1","qQuant","99","99","1",-3.71824622879202,NA
"2631","L32CompR1.qQuant.1","qQuant","99","99","1",-3.26641620534789,NA
"2632","L32CompR12.qQuant.1","qQuant","99","99","1",-3.50491120567801,NA
"2633","DCompL1.qSigma.1","qSigma","99","99","1",0.344217808188488,NA
"2634","DCompL12.qSigma.1","qSigma","99","99","1",0.302599528924445,NA
"2635","DCompL2.qSigma.1","qSigma","99","99","1",0.217529947480259,NA
"2636","DCompL22.qSigma.1","qSigma","99","99","1",0.219475693105577,NA
"2637","DCompL3.qSigma.1","qSigma","99","99","1",0.278637222997874,NA
"2638","DCompL32.qSigma.1","qSigma","99","99","1",0.320140618752275,NA
"2639","DCompR1.qSigma.1","qSigma","99","99","1",0.153240597029168,NA
"2640","DCompR12.qSigma.1","qSigma","99","99","1",0.107170343486893,NA
"2641","L1CompL2.qSigma.1","qSigma","99","99","1",-0.193185881364468,NA
"2642","L1CompL22.qSigma.1","qSigma","99","99","1",-0.190218820578715,NA
"2643","L1CompL3.qSigma.1","qSigma","99","99","1",-0.100003607919661,NA
"2644","L1CompL32.qSigma.1","qSigma","99","99","1",-0.0367152230372451,NA
"2645","L1CompR1.qSigma.1","qSigma","99","99","1",-0.291220489888222,NA
"2646","L1CompR12.qSigma.1","qSigma","99","99","1",-0.361472860442859,NA
"2647","L12CompL2.qSigma.1","qSigma","99","99","1",-0.121980963553106,NA
"2648","L12CompL22.qSigma.1","qSigma","99","99","1",-0.119190965974932,NA
"2649","L12CompL3.qSigma.1","qSigma","99","99","1",-0.0343594633505421,NA
"2650","L12CompL32.qSigma.1","qSigma","99","99","1",0.0251521049315861,NA
"2651","L12CompR1.qSigma.1","qSigma","99","99","1",-0.214165229434002,NA
"2652","L12CompR12.qSigma.1","qSigma","99","99","1",-0.280225198494854,NA
"2653","L2CompL3.qSigma.1","qSigma","99","99","1",0.0780953537082155,NA
"2654","L2CompL32.qSigma.1","qSigma","99","99","1",0.131136867080836,NA
"2655","L2CompR1.qSigma.1","qSigma","99","99","1",-0.0821620587830344,NA
"2656","L2CompR12.qSigma.1","qSigma","99","99","1",-0.1410400355106,NA
"2657","L22CompL3.qSigma.1","qSigma","99","99","1",0.0757971652768769,NA
"2658","L22CompL32.qSigma.1","qSigma","99","99","1",0.128970904246694,NA
"2659","L22CompR1.qSigma.1","qSigma","99","99","1",-0.084859748109509,NA
"2660","L22CompR12.qSigma.1","qSigma","99","99","1",-0.143884499978647,NA
"2661","L3CompR1.qSigma.1","qSigma","99","99","1",-0.173832958902919,NA
"2662","L3CompR12.qSigma.1","qSigma","99","99","1",-0.237698540841781,NA
"2663","L32CompR1.qSigma.1","qSigma","99","99","1",-0.245491974262091,NA
"2664","L32CompR12.qSigma.1","qSigma","99","99","1",-0.313256360270449,NA
"2665","DCompL1.qConnect.1","qConnect","99","99","1",0.0400040331231938,NA
"2666","DCompL12.qConnect.1","qConnect","99","99","1",0.772994797134318,NA
"2667","DCompL2.qConnect.1","qConnect","99","99","1",0.107408405841817,NA
"2668","DCompL22.qConnect.1","qConnect","99","99","1",0.206761631513013,NA
"2669","DCompL3.qConnect.1","qConnect","99","99","1",1,NA
"2670","DCompL32.qConnect.1","qConnect","99","99","1",0.938100675502781,NA
"2671","DCompR1.qConnect.1","qConnect","99","99","1",0.228945463779314,NA
"2672","DCompR12.qConnect.1","qConnect","99","99","1",-0.0143069299812884,NA
"2673","L1CompL2.qConnect.1","qConnect","99","99","1",0.0702131832260846,NA
"2674","L1CompL22.qConnect.1","qConnect","99","99","1",0.173706561426855,NA
"2675","L1CompL3.qConnect.1","qConnect","99","99","1",1,NA
"2676","L1CompL32.qConnect.1","qConnect","99","99","1",0.935521266095941,NA
"2677","L1CompR1.qConnect.1","qConnect","99","99","1",0.196814817119296,NA
"2678","L1CompR12.qConnect.1","qConnect","99","99","1",-0.0565741575781556,NA
"2679","L12CompL2.qConnect.1","qConnect","99","99","1",-2.9320314375628,NA
"2680","L12CompL22.qConnect.1","qConnect","99","99","1",-2.49436206075128,NA
"2681","L12CompL3.qConnect.1","qConnect","99","99","1",1,NA
"2682","L12CompL32.qConnect.1","qConnect","99","99","1",0.727322000924161,NA
"2683","L12CompR1.qConnect.1","qConnect","99","99","1",-2.39663816726226,NA
"2684","L12CompR12.qConnect.1","qConnect","99","99","1",-3.46821005499795,NA
"2685","L2CompL3.qConnect.1","qConnect","99","99","1",1,NA
"2686","L2CompL32.qConnect.1","qConnect","99","99","1",0.930652131498508,NA
"2687","L2CompR1.qConnect.1","qConnect","99","99","1",0.136162001449409,NA
"2688","L2CompR12.qConnect.1","qConnect","99","99","1",-0.136361732084086,NA
"2689","L22CompL3.qConnect.1","qConnect","99","99","1",1,NA
"2690","L22CompL32.qConnect.1","qConnect","99","99","1",0.921966300476255,NA
"2691","L22CompR1.qConnect.1","qConnect","99","99","1",0.027966161430913,NA
"2692","L22CompR12.qConnect.1","qConnect","99","99","1",-0.278691210960918,NA
"2693","L3CompR1.qConnect.1","qConnect","99","99","1",0,NA
"2694","L3CompR12.qConnect.1","qConnect","99","99","1",0,NA
"2695","L32CompR1.qConnect.1","qConnect","99","99","1",-11.4565904795185,NA
"2696","L32CompR12.qConnect.1","qConnect","99","99","1",-15.3863973996494,NA
"2697","DCompL1.qTau1.1","qTau1","99","99","1",-1.59616345989347,NA
"2698","DCompL12.qTau1.1","qTau1","99","99","1",-0.401869861155876,NA
"2699","DCompL2.qTau1.1","qTau1","99","99","1",-0.262742492285243,NA
"2700","DCompL22.qTau1.1","qTau1","99","99","1",-0.193341726961922,NA
"2701","DCompL3.qTau1.1","qTau1","99","99","1",-0.343213420568031,NA
"2702","DCompL32.qTau1.1","qTau1","99","99","1",-0.27955389014901,NA
"2703","DCompR1.qTau1.1","qTau1","99","99","1",-0.382528979357021,NA
"2704","DCompR12.qTau1.1","qTau1","99","99","1",-0.312726114988436,NA
"2705","L1CompL2.qTau1.1","qTau1","99","99","1",0.513612100396383,NA
"2706","L1CompL22.qTau1.1","qTau1","99","99","1",0.540344148048794,NA
"2707","L1CompL3.qTau1.1","qTau1","99","99","1",0.482616005764464,NA
"2708","L1CompL32.qTau1.1","qTau1","99","99","1",0.507136622976153,NA
"2709","L1CompR1.qTau1.1","qTau1","99","99","1",0.467472291049905,NA
"2710","L1CompR12.qTau1.1","qTau1","99","99","1",0.49435922072399,NA
"2711","L12CompL2.qTau1.1","qTau1","99","99","1",0.0992441400772531,NA
"2712","L12CompL22.qTau1.1","qTau1","99","99","1",0.148749994540876,NA
"2713","L12CompL3.qTau1.1","qTau1","99","99","1",0.0418415733251315,NA
"2714","L12CompL32.qTau1.1","qTau1","99","99","1",0.0872520156086484,NA
"2715","L12CompR1.qTau1.1","qTau1","99","99","1",0.0137964887717238,NA
"2716","L12CompR12.qTau1.1","qTau1","99","99","1",0.0635891737439445,NA
"2717","L2CompL3.qTau1.1","qTau1","99","99","1",-0.0637271088717033,NA
"2718","L2CompL32.qTau1.1","qTau1","99","99","1",-0.013313401557702,NA
"2719","L2CompR1.qTau1.1","qTau1","99","99","1",-0.0948621653295241,NA
"2720","L2CompR12.qTau1.1","qTau1","99","99","1",-0.0395833853763289,NA
"2721","L22CompL3.qTau1.1","qTau1","99","99","1",-0.125589921327616,NA
"2722","L22CompL32.qTau1.1","qTau1","99","99","1",-0.0722443213366656,NA
"2723","L22CompR1.qTau1.1","qTau1","99","99","1",-0.158535688579954,NA
"2724","L22CompR12.qTau1.1","qTau1","99","99","1",-0.100042079589767,NA
"2725","L3CompR1.qTau1.1","qTau1","99","99","1",-0.029269778120862,NA
"2726","L3CompR12.qTau1.1","qTau1","99","99","1",0.0226972907750594,NA
"2727","L32CompR1.qTau1.1","qTau1","99","99","1",-0.080477336672408,NA
"2728","L32CompR12.qTau1.1","qTau1","99","99","1",-0.0259248360657658,NA
"2729","DCompL1.qTau2.1","qTau2","99","99","1",-5.33923951508337,NA
"2730","DCompL12.qTau2.1","qTau2","99","99","1",-2.26994181583416,NA
"2731","DCompL2.qTau2.1","qTau2","99","99","1",-0.653533383829203,NA
"2732","DCompL22.qTau2.1","qTau2","99","99","1",-0.515028677362223,NA
"2733","DCompL3.qTau2.1","qTau2","99","99","1",-4.64850812435825,NA
"2734","DCompL32.qTau2.1","qTau2","99","99","1",-3.87780968174277,NA
"2735","DCompR1.qTau2.1","qTau2","99","99","1",0.0536736309845917,NA
"2736","DCompR12.qTau2.1","qTau2","99","99","1",0.155085541916366,NA
"2737","L1CompL2.qTau2.1","qTau2","99","99","1",0.739159030054813,NA
"2738","L1CompL22.qTau2.1","qTau2","99","99","1",0.761007819036114,NA
"2739","L1CompL3.qTau2.1","qTau2","99","99","1",0.108961238817624,NA
"2740","L1CompL32.qTau2.1","qTau2","99","99","1",0.230537090429116,NA
"2741","L1CompR1.qTau2.1","qTau2","99","99","1",0.850719259500489,NA
"2742","L1CompR12.qTau2.1","qTau2","99","99","1",0.866716747951663,NA
"2743","L12CompL2.qTau2.1","qTau2","99","99","1",0.494323300854396,NA
"2744","L12CompL22.qTau2.1","qTau2","99","99","1",0.536680233872681,NA
"2745","L12CompL3.qTau2.1","qTau2","99","99","1",-0.727403251338072,NA
"2746","L12CompL32.qTau2.1","qTau2","99","99","1",-0.491711460467819,NA
"2747","L12CompR1.qTau2.1","qTau2","99","99","1",0.710598407460042,NA
"2748","L12CompR12.qTau2.1","qTau2","99","99","1",0.741611776089632,NA
"2749","L2CompL3.qTau2.1","qTau2","99","99","1",-2.41602303261492,NA
"2750","L2CompL32.qTau2.1","qTau2","99","99","1",-1.94993117734756,NA
"2751","L2CompR1.qTau2.1","qTau2","99","99","1",0.427694428023017,NA
"2752","L2CompR12.qTau2.1","qTau2","99","99","1",0.489024856500323,NA
"2753","L22CompL3.qTau2.1","qTau2","99","99","1",-2.72831762775126,NA
"2754","L22CompL32.qTau2.1","qTau2","99","99","1",-2.21961541364048,NA
"2755","L22CompR1.qTau2.1","qTau2","99","99","1",0.375373956179475,NA
"2756","L22CompR12.qTau2.1","qTau2","99","99","1",0.442311244197243,NA
"2757","L3CompR1.qTau2.1","qTau2","99","99","1",0.832464369674086,NA
"2758","L3CompR12.qTau2.1","qTau2","99","99","1",0.850418121124748,NA
"2759","L32CompR1.qTau2.1","qTau2","99","99","1",0.805993585080322,NA
"2760","L32CompR12.qTau2.1","qTau2","99","99","1",0.826784045870818,NA
"2761","DCompL1.qNPQ.1","qNPQ","99","99","1",0.855259634840334,NA
"2762","DCompL12.qNPQ.1","qNPQ","99","99","1",0.628913733875074,NA
"2763","DCompL2.qNPQ.1","qNPQ","99","99","1",0.148856952879496,NA
"2764","DCompL22.qNPQ.1","qNPQ","99","99","1",0.103317600839078,NA
"2765","DCompL3.qNPQ.1","qNPQ","99","99","1",0.685709670020609,NA
"2766","DCompL32.qNPQ.1","qNPQ","99","99","1",0.400655184618672,NA
"2767","DCompR1.qNPQ.1","qNPQ","99","99","1",-0.330654426045971,NA
"2768","DCompR12.qNPQ.1","qNPQ","99","99","1",-0.139205476658166,NA
"2769","L1CompL2.qNPQ.1","qNPQ","99","99","1",-4.88048155178819,NA
"2770","L1CompL22.qNPQ.1","qNPQ","99","99","1",-5.19510941658722,NA
"2771","L1CompL3.qNPQ.1","qNPQ","99","99","1",-1.17140760721924,NA
"2772","L1CompL32.qNPQ.1","qNPQ","99","99","1",-3.14082702306421,NA
"2773","L1CompR1.qNPQ.1","qNPQ","99","99","1",-8.19338862091509,NA
"2774","L1CompR12.qNPQ.1","qNPQ","99","99","1",-6.87068262126797,NA
"2775","L12CompL2.qNPQ.1","qNPQ","99","99","1",-1.2936527832425,NA
"2776","L12CompL22.qNPQ.1","qNPQ","99","99","1",-1.41637182783545,NA
"2777","L12CompL3.qNPQ.1","qNPQ","99","99","1",0.153053188248188,NA
"2778","L12CompL32.qNPQ.1","qNPQ","99","99","1",-0.615109127157938,NA
"2779","L12CompR1.qNPQ.1","qNPQ","99","99","1",-2.58583582179246,NA
"2780","L12CompR12.qNPQ.1","qNPQ","99","99","1",-2.06992088000005,NA
"2781","L2CompL3.qNPQ.1","qNPQ","99","99","1",0.63074323282947,NA
"2782","L2CompL32.qNPQ.1","qNPQ","99","99","1",0.295835385827368,NA
"2783","L2CompR1.qNPQ.1","qNPQ","99","99","1",-0.563373431231917,NA
"2784","L2CompR12.qNPQ.1","qNPQ","99","99","1",-0.338441852415061,NA
"2785","L22CompL3.qNPQ.1","qNPQ","99","99","1",0.649496488083751,NA
"2786","L22CompL32.qNPQ.1","qNPQ","99","99","1",0.331597435232173,NA
"2787","L22CompR1.qNPQ.1","qNPQ","99","99","1",-0.483975181503666,NA
"2788","L22CompR12.qNPQ.1","qNPQ","99","99","1",-0.27046708815093,NA
"2789","L3CompR1.qNPQ.1","qNPQ","99","99","1",-3.23383826709917,NA
"2790","L3CompR12.qNPQ.1","qNPQ","99","99","1",-2.62469146515856,NA
"2791","L32CompR1.qNPQ.1","qNPQ","99","99","1",-1.22018175830778,NA
"2792","L32CompR12.qNPQ.1","qNPQ","99","99","1",-0.900751366195362,NA
"2793","DCompL1.qqP.1","qqP","99","99","1",0.75380599440903,NA
"2794","DCompL12.qqP.1","qqP","99","99","1",0.533143573359518,NA
"2795","DCompL2.qqP.1","qqP","99","99","1",0.189723187998577,NA
"2796","DCompL22.qqP.1","qqP","99","99","1",0.147744260811474,NA
"2797","DCompL3.qqP.1","qqP","99","99","1",0.609758926378325,NA
"2798","DCompL32.qqP.1","qqP","99","99","1",0.438797875615659,NA
"2799","DCompR1.qqP.1","qqP","99","99","1",-0.0488691112226293,NA
"2800","DCompR12.qqP.1","qqP","99","99","1",-0.0281589280912708,NA
"2801","L1CompL2.qqP.1","qqP","99","99","1",-2.29121259494688,NA
"2802","L1CompL22.qqP.1","qqP","99","99","1",-2.46172416807123,NA
"2803","L1CompL3.qqP.1","qqP","99","99","1",-0.585095756839937,NA
"2804","L1CompL32.qqP.1","qqP","99","99","1",-1.27951173318464,NA
"2805","L1CompR1.qqP.1","qqP","99","99","1",-3.26033570031446,NA
"2806","L1CompR12.qqP.1","qqP","99","99","1",-3.17621430555652,NA
"2807","L12CompL2.qqP.1","qqP","99","99","1",-0.735601709142593,NA
"2808","L12CompL22.qqP.1","qqP","99","99","1",-0.825519989778,NA
"2809","L12CompL3.qqP.1","qqP","99","99","1",0.164109025059662,NA
"2810","L12CompL32.qqP.1","qqP","99","99","1",-0.202087177899156,NA
"2811","L12CompR1.qqP.1","qqP","99","99","1",-1.24666310962095,NA
"2812","L12CompR12.qqP.1","qqP","99","99","1",-1.20230218418529,NA
"2813","L2CompL3.qqP.1","qqP","99","99","1",0.518385485254403,NA
"2814","L2CompL32.qqP.1","qqP","99","99","1",0.307394564336422,NA
"2815","L2CompR1.qqP.1","qqP","99","99","1",-0.294457765157899,NA
"2816","L2CompR12.qqP.1","qqP","99","99","1",-0.268898372584139,NA
"2817","L22CompL3.qqP.1","qqP","99","99","1",0.542108013266954,NA
"2818","L22CompL32.qqP.1","qqP","99","99","1",0.341509715242647,NA
"2819","L22CompR1.qqP.1","qqP","99","99","1",-0.23069762160981,NA
"2820","L22CompR12.qqP.1","qqP","99","99","1",-0.20639718902947,NA
"2821","L3CompR1.qqP.1","qqP","99","99","1",-1.68774658056489,NA
"2822","L3CompR12.qqP.1","qqP","99","99","1",-1.63467635159295,NA
"2823","L32CompR1.qqP.1","qqP","99","99","1",-0.86896853317025,NA
"2824","L32CompR12.qqP.1","qqP","99","99","1",-0.832065281682957,NA
"2825","DCompL1.qABQ.1","qABQ","99","99","1",0,NA
"2826","DCompL12.qABQ.1","qABQ","99","99","1",0,NA
"2827","DCompL2.qABQ.1","qABQ","99","99","1",0,NA
"2828","DCompL22.qABQ.1","qABQ","99","99","1",0,NA
"2829","DCompL3.qABQ.1","qABQ","99","99","1",0,NA
"2830","DCompL32.qABQ.1","qABQ","99","99","1",0,NA
"2831","DCompR1.qABQ.1","qABQ","99","99","1",0,NA
"2832","DCompR12.qABQ.1","qABQ","99","99","1",0,NA
"2833","L1CompL2.qABQ.1","qABQ","99","99","1",0.368045631848473,NA
"2834","L1CompL22.qABQ.1","qABQ","99","99","1",0.362392973621527,NA
"2835","L1CompL3.qABQ.1","qABQ","99","99","1",0.190520605356664,NA
"2836","L1CompL32.qABQ.1","qABQ","99","99","1",0.0699475415375072,NA
"2837","L1CompR1.qABQ.1","qABQ","99","99","1",0.554815022977383,NA
"2838","L1CompR12.qABQ.1","qABQ","99","99","1",0.688655435780914,NA
"2839","L12CompL2.qABQ.1","qABQ","99","99","1",0.28112925934338,NA
"2840","L12CompL22.qABQ.1","qABQ","99","99","1",0.274699158040071,NA
"2841","L12CompL3.qABQ.1","qABQ","99","99","1",0.0791881798750389,NA
"2842","L12CompL32.qABQ.1","qABQ","99","99","1",-0.057968001107529,NA
"2843","L12CompR1.qABQ.1","qABQ","99","99","1",0.493586134869925,NA
"2844","L12CompR12.qABQ.1","qABQ","99","99","1",0.645834400774454,NA
"2845","L2CompL3.qABQ.1","qABQ","99","99","1",-0.280914311916336,NA
"2846","L2CompL32.qABQ.1","qABQ","99","99","1",-0.471708251946903,NA
"2847","L2CompR1.qABQ.1","qABQ","99","99","1",0.295542527342935,NA
"2848","L2CompR12.qABQ.1","qABQ","99","99","1",0.507330623997786,NA
"2849","L22CompL3.qABQ.1","qABQ","99","99","1",-0.269558460233847,NA
"2850","L22CompL32.qABQ.1","qABQ","99","99","1",-0.458660930612815,NA
"2851","L22CompR1.qABQ.1","qABQ","99","99","1",0.30178784328772,NA
"2852","L22CompR12.qABQ.1","qABQ","99","99","1",0.511698348138534,NA
"2853","L3CompR1.qABQ.1","qABQ","99","99","1",0.450035442571371,NA
"2854","L3CompR12.qABQ.1","qABQ","99","99","1",0.615376788736831,NA
"2855","L32CompR1.qABQ.1","qABQ","99","99","1",0.52133347643791,NA
"2856","L32CompR12.qABQ.1","qABQ","99","99","1",0.6652397814917,NA
"2857","DCompL1.qqm.1","qqm","99","99","1",0,NA
"2858","DCompL12.qqm.1","qqm","99","99","1",0,NA
"2859","DCompL2.qqm.1","qqm","99","99","1",0,NA
"2860","DCompL22.qqm.1","qqm","99","99","1",0,NA
"2861","DCompL3.qqm.1","qqm","99","99","1",0,NA
"2862","DCompL32.qqm.1","qqm","99","99","1",0,NA
"2863","DCompR1.qqm.1","qqm","99","99","1",0,NA
"2864","DCompR12.qqm.1","qqm","99","99","1",0,NA
"2865","L1CompL2.qqm.1","qqm","99","99","1",0.49800928099209,NA
"2866","L1CompL22.qqm.1","qqm","99","99","1",0.589024991078515,NA
"2867","L1CompL3.qqm.1","qqm","99","99","1",0.0344601043679307,NA
"2868","L1CompL32.qqm.1","qqm","99","99","1",0.0466524428428822,NA
"2869","L1CompR1.qqm.1","qqm","99","99","1",0.927451770595412,NA
"2870","L1CompR12.qqm.1","qqm","99","99","1",0.991762692032549,NA
"2871","L12CompL2.qqm.1","qqm","99","99","1",0.419610445139013,NA
"2872","L12CompL22.qqm.1","qqm","99","99","1",0.52484061267441,NA
"2873","L12CompL3.qqm.1","qqm","99","99","1",-0.116333926121033,NA
"2874","L12CompL32.qqm.1","qqm","99","99","1",-0.102237438611908,NA
"2875","L12CompR1.qqm.1","qqm","99","99","1",0.916121487956398,NA
"2876","L12CompR12.qqm.1","qqm","99","99","1",0.990476223317574,NA
"2877","L2CompL3.qqm.1","qqm","99","99","1",-0.92342180656303,NA
"2878","L2CompL32.qqm.1","qqm","99","99","1",-0.899133830683621,NA
"2879","L2CompR1.qqm.1","qqm","99","99","1",0.85547894282196,NA
"2880","L2CompR12.qqm.1","qqm","99","99","1",0.983590716609799,NA
"2881","L22CompL3.qqm.1","qqm","99","99","1",-1.34938834399181,NA
"2882","L22CompL32.qqm.1","qqm","99","99","1",-1.31972148296553,NA
"2883","L22CompR1.qqm.1","qqm","99","99","1",0.823472892926081,NA
"2884","L22CompR12.qqm.1","qqm","99","99","1",0.979956669411436,NA
"2885","L3CompR1.qqm.1","qqm","99","99","1",0.924862525377995,NA
"2886","L3CompR12.qqm.1","qqm","99","99","1",0.991468702634955,NA
"2887","L32CompR1.qqm.1","qqm","99","99","1",0.923901594061953,NA
"2888","L32CompR12.qqm.1","qqm","99","99","1",0.991359596082655,NA
"2889","DCompL1.qQuant.2","qQuant","99","99","2",0.879180869088261,NA
"2890","DCompL12.qQuant.2","qQuant","99","99","2",0.723054671034538,NA
"2891","DCompL2.qQuant.2","qQuant","99","99","2",0.389705477454262,NA
"2892","DCompL22.qQuant.2","qQuant","99","99","2",0.324988179834026,NA
"2893","DCompL3.qQuant.2","qQuant","99","99","2",0.805542682783283,NA
"2894","DCompL32.qQuant.2","qQuant","99","99","2",0.786632634622616,NA
"2895","DCompR1.qQuant.2","qQuant","99","99","2",0.0641684672868638,NA
"2896","DCompR12.qQuant.2","qQuant","99","99","2",0.0111608409669756,NA
"2897","L1CompL2.qQuant.2","qQuant","99","99","2",-4.05130700693064,NA
"2898","L1CompL22.qQuant.2","qQuant","99","99","2",-4.58696139487285,NA
"2899","L1CompL3.qQuant.2","qQuant","99","99","2",-0.609491110797444,NA
"2900","L1CompL32.qQuant.2","qQuant","99","99","2",-0.766006457481086,NA
"2901","L1CompR1.qQuant.2","qQuant","99","99","2",-6.74572309576355,NA
"2902","L1CompR12.qQuant.2","qQuant","99","99","2",-7.1844584675534,NA
"2903","L12CompL2.qQuant.2","qQuant","99","99","2",-1.20366425686078,NA
"2904","L12CompL22.qQuant.2","qQuant","99","99","2",-1.43734683190904,NA
"2905","L12CompL3.qQuant.2","qQuant","99","99","2",0.297849442187315,NA
"2906","L12CompL32.qQuant.2","qQuant","99","99","2",0.229568643838751,NA
"2907","L12CompR1.qQuant.2","qQuant","99","99","2",-2.37912011807155,NA
"2908","L12CompR12.qQuant.2","qQuant","99","99","2",-2.57052116649472,NA
"2909","L2CompL3.qQuant.2","qQuant","99","99","2",0.681371354267491,NA
"2910","L2CompL32.qQuant.2","qQuant","99","99","2",0.650386235669691,NA
"2911","L2CompR1.qQuant.2","qQuant","99","99","2",-0.533409686866396,NA
"2912","L2CompR12.qQuant.2","qQuant","99","99","2",-0.620265498874631,NA
"2913","L22CompL3.qQuant.2","qQuant","99","99","2",0.711920130274308,NA
"2914","L22CompL32.qQuant.2","qQuant","99","99","2",0.683905734680438,NA
"2915","L22CompR1.qQuant.2","qQuant","99","99","2",-0.386392807881543,NA
"2916","L22CompR12.qQuant.2","qQuant","99","99","2",-0.464921249512171,NA
"2917","L3CompR1.qQuant.2","qQuant","99","99","2",-3.81252927947258,NA
"2918","L3CompR12.qQuant.2","qQuant","99","99","2",-4.08512188271627,NA
"2919","L32CompR1.qQuant.2","qQuant","99","99","2",-3.38601063034137,NA
"2920","L32CompR12.qQuant.2","qQuant","99","99","2",-3.6344442472918,NA
"2921","DCompL1.qSigma.2","qSigma","99","99","2",0.274877222482636,NA
"2922","DCompL12.qSigma.2","qSigma","99","99","2",0.333237641140647,NA
"2923","DCompL2.qSigma.2","qSigma","99","99","2",0.245369398725355,NA
"2924","DCompL22.qSigma.2","qSigma","99","99","2",0.233628354025684,NA
"2925","DCompL3.qSigma.2","qSigma","99","99","2",0.329830739173185,NA
"2926","DCompL32.qSigma.2","qSigma","99","99","2",0.339746449472952,NA
"2927","DCompR1.qSigma.2","qSigma","99","99","2",0.118617812762085,NA
"2928","DCompR12.qSigma.2","qSigma","99","99","2",0.0780207479032471,NA
"2929","L1CompL2.qSigma.2","qSigma","99","99","2",-0.0406935551773841,NA
"2930","L1CompL22.qSigma.2","qSigma","99","99","2",-0.0568853575365234,NA
"2931","L1CompL3.qSigma.2","qSigma","99","99","2",0.0757851199747116,NA
"2932","L1CompL32.qSigma.2","qSigma","99","99","2",0.0894596460097583,NA
"2933","L1CompR1.qSigma.2","qSigma","99","99","2",-0.215493726807952,NA
"2934","L1CompR12.qSigma.2","qSigma","99","99","2",-0.271480197123824,NA
"2935","L12CompL2.qSigma.2","qSigma","99","99","2",-0.131783447652339,NA
"2936","L12CompL22.qSigma.2","qSigma","99","99","2",-0.149392487130448,NA
"2937","L12CompL3.qSigma.2","qSigma","99","99","2",-0.00510961952514764,NA
"2938","L12CompL32.qSigma.2","qSigma","99","99","2",0.0097618113047654,NA
"2939","L12CompR1.qSigma.2","qSigma","99","99","2",-0.32188353995525,NA
"2940","L12CompR12.qSigma.2","qSigma","99","99","2",-0.382770397648129,NA
"2941","L2CompL3.qSigma.2","qSigma","99","99","2",0.111924086175629,NA
"2942","L2CompL32.qSigma.2","qSigma","99","99","2",0.125063906218731,NA
"2943","L2CompR1.qSigma.2","qSigma","99","99","2",-0.167965075560378,NA
"2944","L2CompR12.qSigma.2","qSigma","99","99","2",-0.221762343773814,NA
"2945","L22CompL3.qSigma.2","qSigma","99","99","2",0.125529676956141,NA
"2946","L22CompL32.qSigma.2","qSigma","99","99","2",0.138468190994144,NA
"2947","L22CompR1.qSigma.2","qSigma","99","99","2",-0.150071498427347,NA
"2948","L22CompR12.qSigma.2","qSigma","99","99","2",-0.203044576270312,NA
"2949","L3CompR1.qSigma.2","qSigma","99","99","2",-0.315163554578015,NA
"2950","L3CompR12.qSigma.2","qSigma","99","99","2",-0.375740885159773,NA
"2951","L32CompR1.qSigma.2","qSigma","99","99","2",-0.334914725614653,NA
"2952","L32CompR12.qSigma.2","qSigma","99","99","2",-0.396401808609408,NA
"2953","DCompL1.qConnect.2","qConnect","99","99","2",0.45842857429086,NA
"2954","DCompL12.qConnect.2","qConnect","99","99","2",0.507136938687351,NA
"2955","DCompL2.qConnect.2","qConnect","99","99","2",0.254022853818012,NA
"2956","DCompL22.qConnect.2","qConnect","99","99","2",0.138452366040608,NA
"2957","DCompL3.qConnect.2","qConnect","99","99","2",0.669708039293345,NA
"2958","DCompL32.qConnect.2","qConnect","99","99","2",0.522852198586461,NA
"2959","DCompR1.qConnect.2","qConnect","99","99","2",0.196831355881509,NA
"2960","DCompR12.qConnect.2","qConnect","99","99","2",0.043411420351764,NA
"2961","L1CompL2.qConnect.2","qConnect","99","99","2",-0.377430770475375,NA
"2962","L1CompL22.qConnect.2","qConnect","99","99","2",-0.590829192716863,NA
"2963","L1CompL3.qConnect.2","qConnect","99","99","2",0.390122992042708,NA
"2964","L1CompL32.qConnect.2","qConnect","99","99","2",0.118956837893072,NA
"2965","L1CompR1.qConnect.2","qConnect","99","99","2",-0.483033642454108,NA
"2966","L1CompR12.qConnect.2","qConnect","99","99","2",-0.766320256641434,NA
"2967","L12CompL2.qConnect.2","qConnect","99","99","2",-0.513558642831169,NA
"2968","L12CompL22.qConnect.2","qConnect","99","99","2",-0.748046671756696,NA
"2969","L12CompL3.qConnect.2","qConnect","99","99","2",0.32985044603062,NA
"2970","L12CompL32.qConnect.2","qConnect","99","99","2",0.0318856516803186,NA
"2971","L12CompR1.qConnect.2","qConnect","99","99","2",-0.629597969828375,NA
"2972","L12CompR12.qConnect.2","qConnect","99","99","2",-0.940881057510255,NA
"2973","L2CompL3.qConnect.2","qConnect","99","99","2",0.557235818285943,NA
"2974","L2CompL32.qConnect.2","qConnect","99","99","2",0.360372092019648,NA
"2975","L2CompR1.qConnect.2","qConnect","99","99","2",-0.0766665550402133,NA
"2976","L2CompR12.qConnect.2","qConnect","99","99","2",-0.282329605597418,NA
"2977","L22CompL3.qConnect.2","qConnect","99","99","2",0.616629484328405,NA
"2978","L22CompL32.qConnect.2","qConnect","99","99","2",0.446173626847859,NA
"2979","L22CompR1.qConnect.2","qConnect","99","99","2",0.0677606060765448,NA
"2980","L22CompR12.qConnect.2","qConnect","99","99","2",-0.110314208921991,NA
"2981","L3CompR1.qConnect.2","qConnect","99","99","2",-1.43169298580602,NA
"2982","L3CompR12.qConnect.2","qConnect","99","99","2",-1.8961909263599,NA
"2983","L32CompR1.qConnect.2","qConnect","99","99","2",-0.683270135038082,NA
"2984","L32CompR12.qConnect.2","qConnect","99","99","2",-1.00480559024765,NA
"2985","DCompL1.qTau1.2","qTau1","99","99","2",-2.65288138275941,NA
"2986","DCompL12.qTau1.2","qTau1","99","99","2",-0.895614662749762,NA
"2987","DCompL2.qTau1.2","qTau1","99","99","2",-0.205810699116513,NA
"2988","DCompL22.qTau1.2","qTau1","99","99","2",-0.221582160482998,NA
"2989","DCompL3.qTau1.2","qTau1","99","99","2",-0.776754069810314,NA
"2990","DCompL32.qTau1.2","qTau1","99","99","2",-0.965892830015096,NA
"2991","DCompR1.qTau1.2","qTau1","99","99","2",-0.272525388762438,NA
"2992","DCompR12.qTau1.2","qTau1","99","99","2",-0.296802029068212,NA
"2993","L1CompL2.qTau1.2","qTau1","99","99","2",0.669901490695097,NA
"2994","L1CompL22.qTau1.2","qTau1","99","99","2",0.665583950727629,NA
"2995","L1CompL3.qTau1.2","qTau1","99","99","2",0.513602035314888,NA
"2996","L1CompL32.qTau1.2","qTau1","99","99","2",0.461824071459433,NA
"2997","L1CompR1.qTau1.2","qTau1","99","99","2",0.651637911165578,NA
"2998","L1CompR12.qTau1.2","qTau1","99","99","2",0.644992023231644,NA
"2999","L12CompL2.qTau1.2","qTau1","99","99","2",0.363894612754591,NA
"3000","L12CompL22.qTau1.2","qTau1","99","99","2",0.355574640517403,NA
"3001","L12CompL3.qTau1.2","qTau1","99","99","2",0.0627029297014562,NA
"3002","L12CompL32.qTau1.2","qTau1","99","99","2",-0.0370740787388665,NA
"3003","L12CompR1.qTau1.2","qTau1","99","99","2",0.328700387389638,NA
"3004","L12CompR12.qTau1.2","qTau1","99","99","2",0.315893649404947,NA
"3005","L2CompL3.qTau1.2","qTau1","99","99","2",-0.473493369325821,NA
"3006","L2CompL32.qTau1.2","qTau1","99","99","2",-0.630349466508706,NA
"3007","L2CompR1.qTau1.2","qTau1","99","99","2",-0.0553276643629104,NA
"3008","L2CompR12.qTau1.2","qTau1","99","99","2",-0.0754607087317836,NA
"3009","L22CompL3.qTau1.2","qTau1","99","99","2",-0.454469561922719,NA
"3010","L22CompL32.qTau1.2","qTau1","99","99","2",-0.609300539586963,NA
"3011","L22CompR1.qTau1.2","qTau1","99","99","2",-0.0417026622747155,NA
"3012","L22CompR12.qTau1.2","qTau1","99","99","2",-0.0615757752679309,NA
"3013","L3CompR1.qTau1.2","qTau1","99","99","2",0.283792050692591,NA
"3014","L3CompR12.qTau1.2","qTau1","99","99","2",0.270128572601689,NA
"3015","L32CompR1.qTau1.2","qTau1","99","99","2",0.352698494376896,NA
"3016","L32CompR12.qTau1.2","qTau1","99","99","2",0.340349580979827,NA
"3017","DCompL1.qTau2.2","qTau2","99","99","2",-7.16271512746037,NA
"3018","DCompL12.qTau2.2","qTau2","99","99","2",-2.794185826297,NA
"3019","DCompL2.qTau2.2","qTau2","99","99","2",-0.66965202772358,NA
"3020","DCompL22.qTau2.2","qTau2","99","99","2",-0.641004707434051,NA
"3021","DCompL3.qTau2.2","qTau2","99","99","2",-5.98626752892906,NA
"3022","DCompL32.qTau2.2","qTau2","99","99","2",-6.15109226013927,NA
"3023","DCompR1.qTau2.2","qTau2","99","99","2",-0.13952518466588,NA
"3024","DCompR12.qTau2.2","qTau2","99","99","2",0.0115149741762317,NA
"3025","L1CompL2.qTau2.2","qTau2","99","99","2",0.795453840829669,NA
"3026","L1CompL22.qTau2.2","qTau2","99","99","2",0.79896337409675,NA
"3027","L1CompL3.qTau2.2","qTau2","99","99","2",0.144124544365587,NA
"3028","L1CompL32.qTau2.2","qTau2","99","99","2",0.123932153888095,NA
"3029","L1CompR1.qTau2.2","qTau2","99","99","2",0.860398756189301,NA
"3030","L1CompR12.qTau2.2","qTau2","99","99","2",0.878902422736966,NA
"3031","L12CompL2.qTau2.2","qTau2","99","99","2",0.559944582536933,NA
"3032","L12CompL22.qTau2.2","qTau2","99","99","2",0.567494903370187,NA
"3033","L12CompL3.qTau2.2","qTau2","99","99","2",-0.841308741524508,NA
"3034","L12CompL32.qTau2.2","qTau2","99","99","2",-0.884750138112896,NA
"3035","L12CompR1.qTau2.2","qTau2","99","99","2",0.699665425776466,NA
"3036","L12CompR12.qTau2.2","qTau2","99","99","2",0.739473744545481,NA
"3037","L2CompL3.qTau2.2","qTau2","99","99","2",-3.18426559122873,NA
"3038","L2CompL32.qTau2.2","qTau2","99","99","2",-3.2829836046072,NA
"3039","L2CompR1.qTau2.2","qTau2","99","99","2",0.317507381331714,NA
"3040","L2CompR12.qTau2.2","qTau2","99","99","2",0.407969439493642,NA
"3041","L22CompL3.qTau2.2","qTau2","99","99","2",-3.25731108343565,NA
"3042","L22CompL32.qTau2.2","qTau2","99","99","2",-3.35775243528767,NA
"3043","L22CompR1.qTau2.2","qTau2","99","99","2",0.30559298245543,NA
"3044","L22CompR12.qTau2.2","qTau2","99","99","2",0.397634253365788,NA
"3045","L3CompR1.qTau2.2","qTau2","99","99","2",0.836890703090415,NA
"3046","L3CompR12.qTau2.2","qTau2","99","99","2",0.858510281530073,NA
"3047","L32CompR1.qTau2.2","qTau2","99","99","2",0.840650191157835,NA
"3048","L32CompR12.qTau2.2","qTau2","99","99","2",0.861771462335389,NA
"3049","DCompL1.qNPQ.2","qNPQ","99","99","2",0.944242085757661,NA
"3050","DCompL12.qNPQ.2","qNPQ","99","99","2",0.673358588319555,NA
"3051","DCompL2.qNPQ.2","qNPQ","99","99","2",0.171172589019163,NA
"3052","DCompL22.qNPQ.2","qNPQ","99","99","2",0.116939404444,NA
"3053","DCompL3.qNPQ.2","qNPQ","99","99","2",0.730435874058305,NA
"3054","DCompL32.qNPQ.2","qNPQ","99","99","2",0.423009441146773,NA
"3055","DCompR1.qNPQ.2","qNPQ","99","99","2",-0.418651422169128,NA
"3056","DCompR12.qNPQ.2","qNPQ","99","99","2",-0.184611606389877,NA
"3057","L1CompL2.qNPQ.2","qNPQ","99","99","2",-13.8647491973701,NA
"3058","L1CompL22.qNPQ.2","qNPQ","99","99","2",-14.8374036682574,NA
"3059","L1CompL3.qNPQ.2","qNPQ","99","99","2",-3.83454464903578,NA
"3060","L1CompL32.qNPQ.2","qNPQ","99","99","2",-9.34813742037536,NA
"3061","L1CompR1.qNPQ.2","qNPQ","99","99","2",-24.44305039825,NA
"3062","L1CompR12.qNPQ.2","qNPQ","99","99","2",-20.2456226615873,NA
"3063","L12CompL2.qNPQ.2","qNPQ","99","99","2",-1.53742293947616,NA
"3064","L12CompL22.qNPQ.2","qNPQ","99","99","2",-1.70345572844849,NA
"3065","L12CompL3.qNPQ.2","qNPQ","99","99","2",0.174739894262362,NA
"3066","L12CompL32.qNPQ.2","qNPQ","99","99","2",-0.766434194258565,NA
"3067","L12CompR1.qNPQ.2","qNPQ","99","99","2",-3.34314624979947,NA
"3068","L12CompR12.qNPQ.2","qNPQ","99","99","2",-2.62664244039206,NA
"3069","L2CompL3.qNPQ.2","qNPQ","99","99","2",0.674764465592792,NA
"3070","L2CompL32.qNPQ.2","qNPQ","99","99","2",0.30384715658666,NA
"3071","L2CompR1.qNPQ.2","qNPQ","99","99","2",-0.711636709131388,NA
"3072","L2CompR12.qNPQ.2","qNPQ","99","99","2",-0.429262100523441,NA
"3073","L22CompL3.qNPQ.2","qNPQ","99","99","2",0.694738812604394,NA
"3074","L22CompL32.qNPQ.2","qNPQ","99","99","2",0.346601397733145,NA
"3075","L22CompR1.qNPQ.2","qNPQ","99","99","2",-0.606516505558609,NA
"3076","L22CompR12.qNPQ.2","qNPQ","99","99","2",-0.341483939325831,NA
"3077","L3CompR1.qNPQ.2","qNPQ","99","99","2",-4.26276045528392,NA
"3078","L3CompR12.qNPQ.2","qNPQ","99","99","2",-3.39454472011643,NA
"3079","L32CompR1.qNPQ.2","qNPQ","99","99","2",-1.4587082065757,NA
"3080","L32CompR12.qNPQ.2","qNPQ","99","99","2",-1.0530866375774,NA
"3081","DCompL1.qqP.2","qqP","99","99","2",0.873698017582625,NA
"3082","DCompL12.qqP.2","qqP","99","99","2",0.579718134822145,NA
"3083","DCompL2.qqP.2","qqP","99","99","2",0.195873167893397,NA
"3084","DCompL22.qqP.2","qqP","99","99","2",0.153074999782908,NA
"3085","DCompL3.qqP.2","qqP","99","99","2",0.659500393378375,NA
"3086","DCompL32.qqP.2","qqP","99","99","2",0.465218804454443,NA
"3087","DCompR1.qqP.2","qqP","99","99","2",-0.067855865833821,NA
"3088","DCompR12.qqP.2","qqP","99","99","2",-0.0382691314472846,NA
"3089","L1CompL2.qqP.2","qqP","99","99","2",-5.3667000051456,NA
"3090","L1CompL22.qqP.2","qqP","99","99","2",-5.70555587495341,NA
"3091","L1CompL3.qqP.2","qqP","99","99","2",-1.69591656523978,NA
"3092","L1CompL32.qqP.2","qqP","99","99","2",-3.23414728185603,NA
"3093","L1CompR1.qqP.2","qqP","99","99","2",-7.4547830952091,NA
"3094","L1CompR12.qqP.2","qqP","99","99","2",-7.22052917598901,NA
"3095","L12CompL2.qqP.2","qqP","99","99","2",-0.913303662927049,NA
"3096","L12CompL22.qqP.2","qqP","99","99","2",-1.01513572292416,NA
"3097","L12CompL3.qqP.2","qqP","99","99","2",0.189830361875043,NA
"3098","L12CompL32.qqP.2","qqP","99","99","2",-0.272434620321407,NA
"3099","L12CompR1.qqP.2","qqP","99","99","2",-1.54080881025386,NA
"3100","L12CompR12.qqP.2","qqP","99","99","2",-1.47041144877357,NA
"3101","L2CompL3.qqP.2","qqP","99","99","2",0.576559824860458,NA
"3102","L2CompL32.qqP.2","qqP","99","99","2",0.334954171166544,NA
"3103","L2CompR1.qqP.2","qqP","99","99","2",-0.32796944859596,NA
"3104","L2CompR12.qqP.2","qqP","99","99","2",-0.291175831960849,NA
"3105","L22CompL3.qqP.2","qqP","99","99","2",0.597957780754678,NA
"3106","L22CompL32.qqP.2","qqP","99","99","2",0.368561330214037,NA
"3107","L22CompR1.qqP.2","qqP","99","99","2",-0.260862373362573,NA
"3108","L22CompR12.qqP.2","qqP","99","99","2",-0.225928070586114,NA
"3109","L3CompR1.qqP.2","qqP","99","99","2",-2.13614419831169,NA
"3110","L3CompR12.qqP.2","qqP","99","99","2",-2.04925207329548,NA
"3111","L32CompR1.qqP.2","qqP","99","99","2",-0.996808928078422,NA
"3112","L32CompR12.qqP.2","qqP","99","99","2",-0.94148399400636,NA
"3113","DCompL1.qABQ.2","qABQ","99","99","2",0,NA
"3114","DCompL12.qABQ.2","qABQ","99","99","2",0,NA
"3115","DCompL2.qABQ.2","qABQ","99","99","2",0,NA
"3116","DCompL22.qABQ.2","qABQ","99","99","2",0,NA
"3117","DCompL3.qABQ.2","qABQ","99","99","2",0,NA
"3118","DCompL32.qABQ.2","qABQ","99","99","2",0,NA
"3119","DCompR1.qABQ.2","qABQ","99","99","2",0,NA
"3120","DCompR12.qABQ.2","qABQ","99","99","2",0,NA
"3121","L1CompL2.qABQ.2","qABQ","99","99","2",0.107349104777658,NA
"3122","L1CompL22.qABQ.2","qABQ","99","99","2",0.150062882927874,NA
"3123","L1CompL3.qABQ.2","qABQ","99","99","2",-0.199920226907926,NA
"3124","L1CompL32.qABQ.2","qABQ","99","99","2",-0.235993460660113,NA
"3125","L1CompR1.qABQ.2","qABQ","99","99","2",0.568469836493713,NA
"3126","L1CompR12.qABQ.2","qABQ","99","99","2",0.716161465840711,NA
"3127","L12CompL2.qABQ.2","qABQ","99","99","2",0.263680423719616,NA
"3128","L12CompL22.qABQ.2","qABQ","99","99","2",0.298913672459111,NA
"3129","L12CompL3.qABQ.2","qABQ","99","99","2",0.0102236408702224,NA
"3130","L12CompL32.qABQ.2","qABQ","99","99","2",-0.0195320321858804,NA
"3131","L12CompR1.qABQ.2","qABQ","99","99","2",0.644044375191031,NA
"3132","L12CompR12.qABQ.2","qABQ","99","99","2",0.765870543206977,NA
"3133","L2CompL3.qABQ.2","qABQ","99","99","2",-0.344221165665272,NA
"3134","L2CompL32.qABQ.2","qABQ","99","99","2",-0.384632522384073,NA
"3135","L2CompR1.qABQ.2","qABQ","99","99","2",0.516574546873892,NA
"3136","L2CompR12.qABQ.2","qABQ","99","99","2",0.682027390911214,NA
"3137","L22CompL3.qABQ.2","qABQ","99","99","2",-0.411775298202561,NA
"3138","L22CompL32.qABQ.2","qABQ","99","99","2",-0.454217536607742,NA
"3139","L22CompR1.qABQ.2","qABQ","99","99","2",0.492279893608097,NA
"3140","L22CompR12.qABQ.2","qABQ","99","99","2",0.66604760698408,NA
"3141","L3CompR1.qABQ.2","qABQ","99","99","2",0.640367622922486,NA
"3142","L3CompR12.qABQ.2","qABQ","99","99","2",0.763452163073614,NA
"3143","L32CompR1.qABQ.2","qABQ","99","99","2",0.650863716321106,NA
"3144","L32CompR12.qABQ.2","qABQ","99","99","2",0.770355958026107,NA
"3145","DCompL1.qqm.2","qqm","99","99","2",0,NA
"3146","DCompL12.qqm.2","qqm","99","99","2",0,NA
"3147","DCompL2.qqm.2","qqm","99","99","2",0,NA
"3148","DCompL22.qqm.2","qqm","99","99","2",0,NA
"3149","DCompL3.qqm.2","qqm","99","99","2",0,NA
"3150","DCompL32.qqm.2","qqm","99","99","2",0,NA
"3151","DCompR1.qqm.2","qqm","99","99","2",0,NA
"3152","DCompR12.qqm.2","qqm","99","99","2",0,NA
"3153","L1CompL2.qqm.2","qqm","99","99","2",0.55674026681404,NA
"3154","L1CompL22.qqm.2","qqm","99","99","2",0.630351169752989,NA
"3155","L1CompL3.qqm.2","qqm","99","99","2",0.0837577214132766,NA
"3156","L1CompL32.qqm.2","qqm","99","99","2",0.105266433471898,NA
"3157","L1CompR1.qqm.2","qqm","99","99","2",0.927013348967193,NA
"3158","L1CompR12.qqm.2","qqm","99","99","2",0.987305409660983,NA
"3159","L12CompL2.qqm.2","qqm","99","99","2",0.461029029939498,NA
"3160","L12CompL22.qqm.2","qqm","99","99","2",0.550534430032744,NA
"3161","L12CompL3.qqm.2","qqm","99","99","2",-0.114082675976247,NA
"3162","L12CompL32.qqm.2","qqm","99","99","2",-0.0879296768764529,NA
"3163","L12CompR1.qqm.2","qqm","99","99","2",0.911253643939465,NA
"3164","L12CompR12.qqm.2","qqm","99","99","2",0.984564319388176,NA
"3165","L2CompL3.qqm.2","qqm","99","99","2",-1.0670550694988,NA
"3166","L2CompL32.qqm.2","qqm","99","99","2",-1.01853112191613,NA
"3167","L2CompR1.qqm.2","qqm","99","99","2",0.835341120412157,NA
"3168","L2CompR12.qqm.2","qqm","99","99","2",0.971360831159253,NA
"3169","L22CompL3.qqm.2","qqm","99","99","2",-1.47868301916298,NA
"3170","L22CompL32.qqm.2","qqm","99","99","2",-1.42049613934992,NA
"3171","L22CompR1.qqm.2","qqm","99","99","2",0.80255138103904,NA
"3172","L22CompR12.qqm.2","qqm","99","99","2",0.965657701850337,NA
"3173","L3CompR1.qqm.2","qqm","99","99","2",0.920341319388376,NA
"3174","L3CompR12.qqm.2","qqm","99","99","2",0.986144941533807,NA
"3175","L32CompR1.qqm.2","qqm","99","99","2",0.918426385503763,NA
"3176","L32CompR12.qqm.2","qqm","99","99","2",0.985811876502771,NA
"3177","DCompL1.qQuant.3","qQuant","99","99","3",0.864750406365725,NA
"3178","DCompL12.qQuant.3","qQuant","99","99","3",0.720518749562581,NA
"3179","DCompL2.qQuant.3","qQuant","99","99","3",0.396500816579635,NA
"3180","DCompL22.qQuant.3","qQuant","99","99","3",0.33939455560455,NA
"3181","DCompL3.qQuant.3","qQuant","99","99","3",0.804459706964122,NA
"3182","DCompL32.qQuant.3","qQuant","99","99","3",0.795331319703432,NA
"3183","DCompR1.qQuant.3","qQuant","99","99","3",0.0840854802138694,NA
"3184","DCompR12.qQuant.3","qQuant","99","99","3",0.0150078346894538,NA
"3185","L1CompL2.qQuant.3","qQuant","99","99","3",-3.46211457797258,NA
"3186","L1CompL22.qQuant.3","qQuant","99","99","3",-3.88434328447431,NA
"3187","L1CompL3.qQuant.3","qQuant","99","99","3",-0.445773608493302,NA
"3188","L1CompL32.qQuant.3","qQuant","99","99","3",-0.513266508215973,NA
"3189","L1CompR1.qQuant.3","qQuant","99","99","3",-5.77203158379043,NA
"3190","L1CompR12.qQuant.3","qQuant","99","99","3",-6.28277356584183,NA
"3191","L12CompL2.qQuant.3","qQuant","99","99","3",-1.15935481351905,NA
"3192","L12CompL22.qQuant.3","qQuant","99","99","3",-1.36368430211876,NA
"3193","L12CompL3.qQuant.3","qQuant","99","99","3",0.300345576922116,NA
"3194","L12CompL32.qQuant.3","qQuant","99","99","3",0.267683681906249,NA
"3195","L12CompR1.qQuant.3","qQuant","99","99","3",-2.27719486853813,NA
"3196","L12CompR12.qQuant.3","qQuant","99","99","3",-2.52435866008515,NA
"3197","L2CompL3.qQuant.3","qQuant","99","99","3",0.675989134023939,NA
"3198","L2CompL32.qQuant.3","qQuant","99","99","3",0.660863368303835,NA
"3199","L2CompR1.qQuant.3","qQuant","99","99","3",-0.51767317164397,NA
"3200","L2CompR12.qQuant.3","qQuant","99","99","3",-0.632135042384066,NA
"3201","L22CompL3.qQuant.3","qQuant","99","99","3",0.703998362873279,NA
"3202","L22CompL32.qQuant.3","qQuant","99","99","3",0.690180149084496,NA
"3203","L22CompR1.qQuant.3","qQuant","99","99","3",-0.38647740123354,NA
"3204","L22CompR12.qQuant.3","qQuant","99","99","3",-0.491044576860788,NA
"3205","L3CompR1.qQuant.3","qQuant","99","99","3",-3.68401936790632,NA
"3206","L3CompR12.qQuant.3","qQuant","99","99","3",-4.03728489928067,NA
"3207","L32CompR1.qQuant.3","qQuant","99","99","3",-3.47510834808215,NA
"3208","L32CompR12.qQuant.3","qQuant","99","99","3",-3.81261795348109,NA
"3209","DCompL1.qSigma.3","qSigma","99","99","3",0.321748131858679,NA
"3210","DCompL12.qSigma.3","qSigma","99","99","3",0.312274726114184,NA
"3211","DCompL2.qSigma.3","qSigma","99","99","3",0.196915355718601,NA
"3212","DCompL22.qSigma.3","qSigma","99","99","3",0.215185149515101,NA
"3213","DCompL3.qSigma.3","qSigma","99","99","3",0.292618033032546,NA
"3214","DCompL32.qSigma.3","qSigma","99","99","3",0.373890194104074,NA
"3215","DCompR1.qSigma.3","qSigma","99","99","3",0.105866196631323,NA
"3216","DCompR12.qSigma.3","qSigma","99","99","3",0.0801795159079011,NA
"3217","L1CompL2.qSigma.3","qSigma","99","99","3",-0.184050766394745,NA
"3218","L1CompL22.qSigma.3","qSigma","99","99","3",-0.157114174466783,NA
"3219","L1CompL3.qSigma.3","qSigma","99","99","3",-0.0429487926158773,NA
"3220","L1CompL32.qSigma.3","qSigma","99","99","3",0.0768771376749544,NA
"3221","L1CompR1.qSigma.3","qSigma","99","99","3",-0.318291692758558,NA
"3222","L1CompR12.qSigma.3","qSigma","99","99","3",-0.356163583614994,NA
"3223","L12CompL2.qSigma.3","qSigma","99","99","3",-0.167740484138055,NA
"3224","L12CompL22.qSigma.3","qSigma","99","99","3",-0.141174943376013,NA
"3225","L12CompL3.qSigma.3","qSigma","99","99","3",-0.0285821880161149,NA
"3226","L12CompL32.qSigma.3","qSigma","99","99","3",0.0895931418104608,NA
"3227","L12CompR1.qSigma.3","qSigma","99","99","3",-0.300132243674284,NA
"3228","L12CompR12.qSigma.3","qSigma","99","99","3",-0.33748244977953,NA
"3229","L2CompL3.qSigma.3","qSigma","99","99","3",0.119168854734584,NA
"3230","L2CompL32.qSigma.3","qSigma","99","99","3",0.220368848596066,NA
"3231","L2CompR1.qSigma.3","qSigma","99","99","3",-0.113374299627841,NA
"3232","L2CompR12.qSigma.3","qSigma","99","99","3",-0.145359322509715,NA
"3233","L22CompL3.qSigma.3","qSigma","99","99","3",0.0986638867366008,NA
"3234","L22CompL32.qSigma.3","qSigma","99","99","3",0.202219726717603,NA
"3235","L22CompR1.qSigma.3","qSigma","99","99","3",-0.13929266605523,NA
"3236","L22CompR12.qSigma.3","qSigma","99","99","3",-0.172022271907555,NA
"3237","L3CompR1.qSigma.3","qSigma","99","99","3",-0.26400423692143,NA
"3238","L3CompR12.qSigma.3","qSigma","99","99","3",-0.300316557453915,NA
"3239","L32CompR1.qSigma.3","qSigma","99","99","3",-0.428078261910025,NA
"3240","L32CompR12.qSigma.3","qSigma","99","99","3",-0.4691041019169,NA
"3241","DCompL1.qConnect.3","qConnect","99","99","3",0.164803925893682,NA
"3242","DCompL12.qConnect.3","qConnect","99","99","3",0.253655752226346,NA
"3243","DCompL2.qConnect.3","qConnect","99","99","3",0.192641231814551,NA
"3244","DCompL22.qConnect.3","qConnect","99","99","3",0.0710292878059961,NA
"3245","DCompL3.qConnect.3","qConnect","99","99","3",1,NA
"3246","DCompL32.qConnect.3","qConnect","99","99","3",-0.0925700409993194,NA
"3247","DCompR1.qConnect.3","qConnect","99","99","3",0.142831685960539,NA
"3248","DCompR12.qConnect.3","qConnect","99","99","3",0.0336225079291068,NA
"3249","L1CompL2.qConnect.3","qConnect","99","99","3",0.0333302643342232,NA
"3250","L1CompL22.qConnect.3","qConnect","99","99","3",-0.112278590614818,NA
"3251","L1CompL3.qConnect.3","qConnect","99","99","3",1,NA
"3252","L1CompL32.qConnect.3","qConnect","99","99","3",-0.308159933783691,NA
"3253","L1CompR1.qConnect.3","qConnect","99","99","3",-0.0263078822019772,NA
"3254","L1CompR12.qConnect.3","qConnect","99","99","3",-0.157066612298128,NA
"3255","L12CompL2.qConnect.3","qConnect","99","99","3",-0.0817511766102584,NA
"3256","L12CompL22.qConnect.3","qConnect","99","99","3",-0.24469467670599,NA
"3257","L12CompL3.qConnect.3","qConnect","99","99","3",1,NA
"3258","L12CompL32.qConnect.3","qConnect","99","99","3",-0.463895574004164,NA
"3259","L12CompR1.qConnect.3","qConnect","99","99","3",-0.148489208024842,NA
"3260","L12CompR12.qConnect.3","qConnect","99","99","3",-0.294814684984306,NA
"3261","L2CompL3.qConnect.3","qConnect","99","99","3",1,NA
"3262","L2CompL32.qConnect.3","qConnect","99","99","3",-0.353264600637072,NA
"3263","L2CompR1.qConnect.3","qConnect","99","99","3",-0.0616944384786451,NA
"3264","L2CompR12.qConnect.3","qConnect","99","99","3",-0.196961660852265,NA
"3265","L22CompL3.qConnect.3","qConnect","99","99","3",1,NA
"3266","L22CompL32.qConnect.3","qConnect","99","99","3",-0.176108166444703,NA
"3267","L22CompR1.qConnect.3","qConnect","99","99","3",0.0772924239828438,NA
"3268","L22CompR12.qConnect.3","qConnect","99","99","3",-0.0402669098022946,NA
"3269","L3CompR1.qConnect.3","qConnect","99","99","3",0,NA
"3270","L3CompR12.qConnect.3","qConnect","99","99","3",0,NA
"3271","L32CompR1.qConnect.3","qConnect","99","99","3",0.215456875189941,NA
"3272","L32CompR12.qConnect.3","qConnect","99","99","3",0.115500649105301,NA
"3273","DCompL1.qTau1.3","qTau1","99","99","3",-3.10179994717589,NA
"3274","DCompL12.qTau1.3","qTau1","99","99","3",-0.760823971828809,NA
"3275","DCompL2.qTau1.3","qTau1","99","99","3",-0.161486633540223,NA
"3276","DCompL22.qTau1.3","qTau1","99","99","3",-0.218373655721746,NA
"3277","DCompL3.qTau1.3","qTau1","99","99","3",-1.14468359467283,NA
"3278","DCompL32.qTau1.3","qTau1","99","99","3",-0.845301916303757,NA
"3279","DCompR1.qTau1.3","qTau1","99","99","3",-0.231730511271656,NA
"3280","DCompR12.qTau1.3","qTau1","99","99","3",-0.318627153443719,NA
"3281","L1CompL2.qTau1.3","qTau1","99","99","3",0.716834889926821,NA
"3282","L1CompL22.qTau1.3","qTau1","99","99","3",0.702966095028452,NA
"3283","L1CompL3.qTau1.3","qTau1","99","99","3",0.477135983643119,NA
"3284","L1CompL32.qTau1.3","qTau1","99","99","3",0.550123862677834,NA
"3285","L1CompR1.qTau1.3","qTau1","99","99","3",0.699709754952894,NA
"3286","L1CompR12.qTau1.3","qTau1","99","99","3",0.678524752443961,NA
"3287","L12CompL2.qTau1.3","qTau1","99","99","3",0.340373227464702,NA
"3288","L12CompL22.qTau1.3","qTau1","99","99","3",0.308066180825372,NA
"3289","L12CompL3.qTau1.3","qTau1","99","99","3",-0.217999998287926,NA
"3290","L12CompL32.qTau1.3","qTau1","99","99","3",-0.0479763711912715,NA
"3291","L12CompR1.qTau1.3","qTau1","99","99","3",0.300480609658915,NA
"3292","L12CompR12.qTau1.3","qTau1","99","99","3",0.251130621492971,NA
"3293","L2CompL3.qTau1.3","qTau1","99","99","3",-0.846498730799692,NA
"3294","L2CompL32.qTau1.3","qTau1","99","99","3",-0.588741413820027,NA
"3295","L2CompR1.qTau1.3","qTau1","99","99","3",-0.0604775601397405,NA
"3296","L2CompR12.qTau1.3","qTau1","99","99","3",-0.135292577086772,NA
"3297","L22CompL3.qTau1.3","qTau1","99","99","3",-0.760283952793078,NA
"3298","L22CompL32.qTau1.3","qTau1","99","99","3",-0.514561569546272,NA
"3299","L22CompR1.qTau1.3","qTau1","99","99","3",-0.0109628564990576,NA
"3300","L22CompR12.qTau1.3","qTau1","99","99","3",-0.0822846893078821,NA
"3301","L3CompR1.qTau1.3","qTau1","99","99","3",0.425681944725484,NA
"3302","L3CompR12.qTau1.3","qTau1","99","99","3",0.385164713005195,NA
"3303","L32CompR1.qTau1.3","qTau1","99","99","3",0.332504615971526,NA
"3304","L32CompR12.qTau1.3","qTau1","99","99","3",0.285413870872143,NA
"3305","DCompL1.qTau2.3","qTau2","99","99","3",-5.34260705510781,NA
"3306","DCompL12.qTau2.3","qTau2","99","99","3",-2.66886006672411,NA
"3307","DCompL2.qTau2.3","qTau2","99","99","3",-0.698001844446377,NA
"3308","DCompL22.qTau2.3","qTau2","99","99","3",-0.806928171702928,NA
"3309","DCompL3.qTau2.3","qTau2","99","99","3",-5.84832679468879,NA
"3310","DCompL32.qTau2.3","qTau2","99","99","3",-5.94372323987075,NA
"3311","DCompR1.qTau2.3","qTau2","99","99","3",-0.236281310864392,NA
"3312","DCompR12.qTau2.3","qTau2","99","99","3",-0.00591861865624092,NA
"3313","L1CompL2.qTau2.3","qTau2","99","99","3",0.732286451029794,NA
"3314","L1CompL22.qTau2.3","qTau2","99","99","3",0.715112704286516,NA
"3315","L1CompL3.qTau2.3","qTau2","99","99","3",-0.0797337333350511,NA
"3316","L1CompL32.qTau2.3","qTau2","99","99","3",-0.0947743064547654,NA
"3317","L1CompR1.qTau2.3","qTau2","99","99","3",0.805083099091123,NA
"3318","L1CompR12.qTau2.3","qTau2","99","99","3",0.841402973585419,NA
"3319","L12CompL2.qTau2.3","qTau2","99","99","3",0.537185443553179,NA
"3320","L12CompL22.qTau2.3","qTau2","99","99","3",0.50749602360378,NA
"3321","L12CompL3.qTau2.3","qTau2","99","99","3",-0.866608883996926,NA
"3322","L12CompL32.qTau2.3","qTau2","99","99","3",-0.892610542126979,NA
"3323","L12CompR1.qTau2.3","qTau2","99","99","3",0.663033942864914,NA
"3324","L12CompR12.qTau2.3","qTau2","99","99","3",0.725822571490328,NA
"3325","L2CompL3.qTau2.3","qTau2","99","99","3",-3.03316805402037,NA
"3326","L2CompL32.qTau2.3","qTau2","99","99","3",-3.08934964504394,NA
"3327","L2CompR1.qTau2.3","qTau2","99","99","3",0.27191992464091,NA
"3328","L2CompR12.qTau2.3","qTau2","99","99","3",0.407586851600733,NA
"3329","L22CompL3.qTau2.3","qTau2","99","99","3",-2.79003819960072,NA
"3330","L22CompL32.qTau2.3","qTau2","99","99","3",-2.8428330182747,NA
"3331","L22CompR1.qTau2.3","qTau2","99","99","3",0.31581048421019,NA
"3332","L22CompR12.qTau2.3","qTau2","99","99","3",0.443299056149964,NA
"3333","L3CompR1.qTau2.3","qTau2","99","99","3",0.819476881298482,NA
"3334","L3CompR12.qTau2.3","qTau2","99","99","3",0.853114687891883,NA
"3335","L32CompR1.qTau2.3","qTau2","99","99","3",0.821957000854285,NA
"3336","L32CompR12.qTau2.3","qTau2","99","99","3",0.85513267394065,NA
"3337","DCompL1.qNPQ.3","qNPQ","99","99","3",0.871042523522549,NA
"3338","DCompL12.qNPQ.3","qNPQ","99","99","3",0.585710589296979,NA
"3339","DCompL2.qNPQ.3","qNPQ","99","99","3",0.121312085594189,NA
"3340","DCompL22.qNPQ.3","qNPQ","99","99","3",0.0840922368960405,NA
"3341","DCompL3.qNPQ.3","qNPQ","99","99","3",0.641817058629292,NA
"3342","DCompL32.qNPQ.3","qNPQ","99","99","3",0.362060036289205,NA
"3343","DCompR1.qNPQ.3","qNPQ","99","99","3",-0.416595074743053,NA
"3344","DCompR12.qNPQ.3","qNPQ","99","99","3",-0.17318764528132,NA
"3345","L1CompL2.qNPQ.3","qNPQ","99","99","3",-5.81378031276419,NA
"3346","L1CompL22.qNPQ.3","qNPQ","99","99","3",-6.10240141264014,NA
"3347","L1CompL3.qNPQ.3","qNPQ","99","99","3",-1.7775275319794,NA
"3348","L1CompL32.qNPQ.3","qNPQ","99","99","3",-3.94690173176846,NA
"3349","L1CompR1.qNPQ.3","qNPQ","99","99","3",-9.98497825359313,NA
"3350","L1CompR12.qNPQ.3","qNPQ","99","99","3",-8.09747675999579,NA
"3351","L12CompL2.qNPQ.3","qNPQ","99","99","3",-1.12095190392324,NA
"3352","L12CompL22.qNPQ.3","qNPQ","99","99","3",-1.21079211643311,NA
"3353","L12CompL3.qNPQ.3","qNPQ","99","99","3",0.135428200390409,NA
"3354","L12CompL32.qNPQ.3","qNPQ","99","99","3",-0.539841345759366,NA
"3355","L12CompR1.qNPQ.3","qNPQ","99","99","3",-2.41933691314771,NA
"3356","L12CompR12.qNPQ.3","qNPQ","99","99","3",-1.8318069807541,NA
"3357","L2CompL3.qNPQ.3","qNPQ","99","99","3",0.592366145592295,NA
"3358","L2CompL32.qNPQ.3","qNPQ","99","99","3",0.273985731165786,NA
"3359","L2CompR1.qNPQ.3","qNPQ","99","99","3",-0.612170887431618,NA
"3360","L2CompR12.qNPQ.3","qNPQ","99","99","3",-0.335158508552672,NA
"3361","L22CompL3.qNPQ.3","qNPQ","99","99","3",0.608931209233508,NA
"3362","L22CompL32.qNPQ.3","qNPQ","99","99","3",0.303488856182578,NA
"3363","L22CompR1.qNPQ.3","qNPQ","99","99","3",-0.546656914384362,NA
"3364","L22CompR12.qNPQ.3","qNPQ","99","99","3",-0.280901519281214,NA
"3365","L3CompR1.qNPQ.3","qNPQ","99","99","3",-2.95494846661869,NA
"3366","L3CompR12.qNPQ.3","qNPQ","99","99","3",-2.27538670823273,NA
"3367","L32CompR1.qNPQ.3","qNPQ","99","99","3",-1.22057741374744,NA
"3368","L32CompR12.qNPQ.3","qNPQ","99","99","3",-0.839025162269305,NA
"3369","DCompL1.qqP.3","qqP","99","99","3",0.788610321937648,NA
"3370","DCompL12.qqP.3","qqP","99","99","3",0.502900212072333,NA
"3371","DCompL2.qqP.3","qqP","99","99","3",0.167606383703505,NA
"3372","DCompL22.qqP.3","qqP","99","99","3",0.136226726571255,NA
"3373","DCompL3.qqP.3","qqP","99","99","3",0.576627057769659,NA
"3374","DCompL32.qqP.3","qqP","99","99","3",0.411312228779903,NA
"3375","DCompR1.qqP.3","qqP","99","99","3",-0.0595258873435076,NA
"3376","DCompR12.qqP.3","qqP","99","99","3",-0.0332808380340408,NA
"3377","L1CompL2.qqP.3","qqP","99","99","3",-2.93772119777282,NA
"3378","L1CompL22.qqP.3","qqP","99","99","3",-3.08616580216356,NA
"3379","L1CompL3.qqP.3","qqP","99","99","3",-1.00280801840032,NA
"3380","L1CompL32.qqP.3","qqP","99","99","3",-1.78484633978418,NA
"3381","L1CompR1.qqP.3","qqP","99","99","3",-4.01219310732376,NA
"3382","L1CompR12.qqP.3","qqP","99","99","3",-3.88803827843128,NA
"3383","L12CompL2.qqP.3","qqP","99","99","3",-0.674500043073078,NA
"3384","L12CompL22.qqP.3","qqP","99","99","3",-0.737625511830703,NA
"3385","L12CompL3.qqP.3","qqP","99","99","3",0.148313975358311,NA
"3386","L12CompL32.qqP.3","qqP","99","99","3",-0.184244663781184,NA
"3387","L12CompR1.qqP.3","qqP","99","99","3",-1.13141488504855,NA
"3388","L12CompR12.qqP.3","qqP","99","99","3",-1.07861854526559,NA
"3389","L2CompL3.qqP.3","qqP","99","99","3",0.491378917447707,NA
"3390","L2CompL32.qqP.3","qqP","99","99","3",0.292777167322233,NA
"3391","L2CompR1.qqP.3","qqP","99","99","3",-0.272866425931489,NA
"3392","L2CompR12.qqP.3","qqP","99","99","3",-0.241336812061747,NA
"3393","L22CompL3.qqP.3","qqP","99","99","3",0.509856399527432,NA
"3394","L22CompL32.qqP.3","qqP","99","99","3",0.318469569122806,NA
"3395","L22CompR1.qqP.3","qqP","99","99","3",-0.226624995165366,NA
"3396","L22CompR12.qqP.3","qqP","99","99","3",-0.196240807419794,NA
"3397","L3CompR1.qqP.3","qqP","99","99","3",-1.50258290424016,NA
"3398","L3CompR12.qqP.3","qqP","99","99","3",-1.44059252485689,NA
"3399","L32CompR1.qqP.3","qqP","99","99","3",-0.799809575027462,NA
"3400","L32CompR12.qqP.3","qqP","99","99","3",-0.755227284393036,NA
"3401","DCompL1.qABQ.3","qABQ","99","99","3",0,NA
"3402","DCompL12.qABQ.3","qABQ","99","99","3",0,NA
"3403","DCompL2.qABQ.3","qABQ","99","99","3",0,NA
"3404","DCompL22.qABQ.3","qABQ","99","99","3",0,NA
"3405","DCompL3.qABQ.3","qABQ","99","99","3",0,NA
"3406","DCompL32.qABQ.3","qABQ","99","99","3",0,NA
"3407","DCompR1.qABQ.3","qABQ","99","99","3",0,NA
"3408","DCompR12.qABQ.3","qABQ","99","99","3",0,NA
"3409","L1CompL2.qABQ.3","qABQ","99","99","3",0.387982908926128,NA
"3410","L1CompL22.qABQ.3","qABQ","99","99","3",0.331200003331746,NA
"3411","L1CompL3.qABQ.3","qABQ","99","99","3",0.0905369633627824,NA
"3412","L1CompL32.qABQ.3","qABQ","99","99","3",-0.16205863245943,NA
"3413","L1CompR1.qABQ.3","qABQ","99","99","3",0.670965621401581,NA
"3414","L1CompR12.qABQ.3","qABQ","99","99","3",0.75080036845989,NA
"3415","L12CompL2.qABQ.3","qABQ","99","99","3",0.369416288762991,NA
"3416","L12CompL22.qABQ.3","qABQ","99","99","3",0.310910773366847,NA
"3417","L12CompL3.qABQ.3","qABQ","99","99","3",0.0629467947221849,NA
"3418","L12CompL32.qABQ.3","qABQ","99","99","3",-0.197311734947648,NA
"3419","L12CompR1.qABQ.3","qABQ","99","99","3",0.660983781977242,NA
"3420","L12CompR12.qABQ.3","qABQ","99","99","3",0.743240457190941,NA
"3421","L2CompL3.qABQ.3","qABQ","99","99","3",-0.486009214287519,NA
"3422","L2CompL32.qABQ.3","qABQ","99","99","3",-0.898735589916991,NA
"3423","L2CompR1.qABQ.3","qABQ","99","99","3",0.462377140447041,NA
"3424","L2CompR12.qABQ.3","qABQ","99","99","3",0.592822430656547,NA
"3425","L22CompL3.qABQ.3","qABQ","99","99","3",-0.359843063947174,NA
"3426","L22CompL32.qABQ.3","qABQ","99","99","3",-0.737527868194426,NA
"3427","L22CompR1.qABQ.3","qABQ","99","99","3",0.508022756821826,NA
"3428","L22CompR12.qABQ.3","qABQ","99","99","3",0.627392893568268,NA
"3429","L3CompR1.qABQ.3","qABQ","99","99","3",0.638210278655151,NA
"3430","L3CompR12.qABQ.3","qABQ","99","99","3",0.725992567590721,NA
"3431","L32CompR1.qABQ.3","qABQ","99","99","3",0.716852171303924,NA
"3432","L32CompR12.qABQ.3","qABQ","99","99","3",0.78555330636571,NA
"3433","DCompL1.qqm.3","qqm","99","99","3",0,NA
"3434","DCompL12.qqm.3","qqm","99","99","3",0,NA
"3435","DCompL2.qqm.3","qqm","99","99","3",0,NA
"3436","DCompL22.qqm.3","qqm","99","99","3",0,NA
"3437","DCompL3.qqm.3","qqm","99","99","3",0,NA
"3438","DCompL32.qqm.3","qqm","99","99","3",0,NA
"3439","DCompR1.qqm.3","qqm","99","99","3",0,NA
"3440","DCompR12.qqm.3","qqm","99","99","3",0,NA
"3441","L1CompL2.qqm.3","qqm","99","99","3",0.541485249777444,NA
"3442","L1CompL22.qqm.3","qqm","99","99","3",0.607523103653784,NA
"3443","L1CompL3.qqm.3","qqm","99","99","3",0.0697203481580147,NA
"3444","L1CompL32.qqm.3","qqm","99","99","3",0.0802764429496376,NA
"3445","L1CompR1.qqm.3","qqm","99","99","3",0.902763294940499,NA
"3446","L1CompR12.qqm.3","qqm","99","99","3",0.982644894319823,NA
"3447","L12CompL2.qqm.3","qqm","99","99","3",0.449700903938522,NA
"3448","L12CompL22.qqm.3","qqm","99","99","3",0.528958051666813,NA
"3449","L12CompL3.qqm.3","qqm","99","99","3",-0.116500725973476,NA
"3450","L12CompL32.qqm.3","qqm","99","99","3",-0.103831538299689,NA
"3451","L12CompR1.qqm.3","qqm","99","99","3",0.883298692414437,NA
"3452","L12CompR12.qqm.3","qqm","99","99","3",0.979170792295739,NA
"3453","L2CompL3.qqm.3","qqm","99","99","3",-1.02889798286847,NA
"3454","L2CompL32.qqm.3","qqm","99","99","3",-1.00587561600569,NA
"3455","L2CompR1.qqm.3","qqm","99","99","3",0.787931129778695,NA
"3456","L2CompR12.qqm.3","qqm","99","99","3",0.962149296894477,NA
"3457","L22CompL3.qqm.3","qqm","99","99","3",-1.37027876163533,NA
"3458","L22CompL32.qqm.3","qqm","99","99","3",-1.34338266943246,NA
"3459","L22CompR1.qqm.3","qqm","99","99","3",0.752248588478121,NA
"3460","L22CompR12.qqm.3","qqm","99","99","3",0.955780567361429,NA
"3461","L3CompR1.qqm.3","qqm","99","99","3",0.895475833673273,NA
"3462","L3CompR12.qqm.3","qqm","99","99","3",0.98134420585701,NA
"3463","L32CompR1.qqm.3","qqm","99","99","3",0.89427616122898,NA
"3464","L32CompR12.qqm.3","qqm","99","99","3",0.981130084635609,NA
"3465","DCompL1.qQuant.4","qQuant","99","99","4",0.835048035498249,NA
"3466","DCompL12.qQuant.4","qQuant","99","99","4",0.697201721551328,NA
"3467","DCompL2.qQuant.4","qQuant","99","99","4",0.395710470816366,NA
"3468","DCompL22.qQuant.4","qQuant","99","99","4",0.332718817147032,NA
"3469","DCompL3.qQuant.4","qQuant","99","99","4",0.779664787930759,NA
"3470","DCompL32.qQuant.4","qQuant","99","99","4",0.78015844652135,NA
"3471","DCompR1.qQuant.4","qQuant","99","99","4",0.100797435705193,NA
"3472","DCompR12.qQuant.4","qQuant","99","99","4",0.0242242045062,NA
"3473","L1CompL2.qQuant.4","qQuant","99","99","4",-2.66342729538829,NA
"3474","L1CompL22.qQuant.4","qQuant","99","99","4",-3.04530606754845,NA
"3475","L1CompL3.qQuant.4","qQuant","99","99","4",-0.33575379192833,NA
"3476","L1CompL32.qQuant.4","qQuant","99","99","4",-0.33276105042275,NA
"3477","L1CompR1.qQuant.4","qQuant","99","99","4",-4.45129951626167,NA
"3478","L1CompR12.qQuant.4","qQuant","99","99","4",-4.91551484967882,NA
"3479","L12CompL2.qQuant.4","qQuant","99","99","4",-0.995683503484878,NA
"3480","L12CompL22.qQuant.4","qQuant","99","99","4",-1.20371524657159,NA
"3481","L12CompL3.qQuant.4","qQuant","99","99","4",0.272336642077076,NA
"3482","L12CompL32.qQuant.4","qQuant","99","99","4",0.273966963732537,NA
"3483","L12CompR1.qQuant.4","qQuant","99","99","4",-1.96964226118358,NA
"3484","L12CompR12.qQuant.4","qQuant","99","99","4",-2.22252755363405,NA
"3485","L2CompL3.qQuant.4","qQuant","99","99","4",0.635381383544899,NA
"3486","L2CompL32.qQuant.4","qQuant","99","99","4",0.636198307497327,NA
"3487","L2CompR1.qQuant.4","qQuant","99","99","4",-0.488032674518762,NA
"3488","L2CompR12.qQuant.4","qQuant","99","99","4",-0.614748805613139,NA
"3489","L22CompL3.qQuant.4","qQuant","99","99","4",0.669801550334156,NA
"3490","L22CompL32.qQuant.4","qQuant","99","99","4",0.670541356285944,NA
"3491","L22CompR1.qQuant.4","qQuant","99","99","4",-0.347561698728347,NA
"3492","L22CompR12.qQuant.4","qQuant","99","99","4",-0.462315768177157,NA
"3493","L3CompR1.qQuant.4","qQuant","99","99","4",-3.08106609856,NA
"3494","L3CompR12.qQuant.4","qQuant","99","99","4",-3.42859671102938,NA
"3495","L32CompR1.qQuant.4","qQuant","99","99","4",-3.09023021383505,NA
"3496","L32CompR12.qQuant.4","qQuant","99","99","4",-3.4385412132223,NA
"3497","DCompL1.qSigma.4","qSigma","99","99","4",0.175593701738031,NA
"3498","DCompL12.qSigma.4","qSigma","99","99","4",0.146735827461659,NA
"3499","DCompL2.qSigma.4","qSigma","99","99","4",0.112698758775126,NA
"3500","DCompL22.qSigma.4","qSigma","99","99","4",0.145448605348198,NA
"3501","DCompL3.qSigma.4","qSigma","99","99","4",0.186690956897113,NA
"3502","DCompL32.qSigma.4","qSigma","99","99","4",0.199765843733978,NA
"3503","DCompR1.qSigma.4","qSigma","99","99","4",0.08987200223335,NA
"3504","DCompR12.qSigma.4","qSigma","99","99","4",0.0594906472919674,NA
"3505","L1CompL2.qSigma.4","qSigma","99","99","4",-0.0762911965804991,NA
"3506","L1CompL22.qSigma.4","qSigma","99","99","4",-0.0365658249498882,NA
"3507","L1CompL3.qSigma.4","qSigma","99","99","4",0.0134609053599878,NA
"3508","L1CompL32.qSigma.4","qSigma","99","99","4",0.029320666335164,NA
"3509","L1CompR1.qSigma.4","qSigma","99","99","4",-0.103979918258026,NA
"3510","L1CompR12.qSigma.4","qSigma","99","99","4",-0.140832323443955,NA
"3511","L12CompL2.qSigma.4","qSigma","99","99","4",-0.0398904228983124,NA
"3512","L12CompL22.qSigma.4","qSigma","99","99","4",-0.00150858568177166,NA
"3513","L12CompL3.qSigma.4","qSigma","99","99","4",0.0468262124689868,NA
"3514","L12CompL32.qSigma.4","qSigma","99","99","4",0.0621495874068665,NA
"3515","L12CompR1.qSigma.4","qSigma","99","99","4",-0.066642696433798,NA
"3516","L12CompR12.qSigma.4","qSigma","99","99","4",-0.102248732546861,NA
"3517","L2CompL3.qSigma.4","qSigma","99","99","4",0.0833901663654219,NA
"3518","L2CompL32.qSigma.4","qSigma","99","99","4",0.0981257333063804,NA
"3519","L2CompR1.qSigma.4","qSigma","99","99","4",-0.0257260505014783,NA
"3520","L2CompR12.qSigma.4","qSigma","99","99","4",-0.0599662313215149,NA
"3521","L22CompL3.qSigma.4","qSigma","99","99","4",0.0482619908024601,NA
"3522","L22CompL32.qSigma.4","qSigma","99","99","4",0.0635622839371898,NA
"3523","L22CompR1.qSigma.4","qSigma","99","99","4",-0.0650359983760765,NA
"3524","L22CompR12.qSigma.4","qSigma","99","99","4",-0.100588400644125,NA
"3525","L3CompR1.qSigma.4","qSigma","99","99","4",-0.119043253588311,NA
"3526","L3CompR12.qSigma.4","qSigma","99","99","4",-0.156398494131897,NA
"3527","L32CompR1.qSigma.4","qSigma","99","99","4",-0.137327106872574,NA
"3528","L32CompR12.qSigma.4","qSigma","99","99","4",-0.17529268820085,NA
"3529","DCompL1.qConnect.4","qConnect","99","99","4",0.250655067498803,NA
"3530","DCompL12.qConnect.4","qConnect","99","99","4",0.348777706975708,NA
"3531","DCompL2.qConnect.4","qConnect","99","99","4",0.225452485862751,NA
"3532","DCompL22.qConnect.4","qConnect","99","99","4",0.174526735420005,NA
"3533","DCompL3.qConnect.4","qConnect","99","99","4",0.31171127573188,NA
"3534","DCompL32.qConnect.4","qConnect","99","99","4",0.487850363118979,NA
"3535","DCompR1.qConnect.4","qConnect","99","99","4",0.0738622826893592,NA
"3536","DCompR12.qConnect.4","qConnect","99","99","4",0.110079771141624,NA
"3537","L1CompL2.qConnect.4","qConnect","99","99","4",-0.0336328178692421,NA
"3538","L1CompL22.qConnect.4","qConnect","99","99","4",-0.101593176622539,NA
"3539","L1CompL3.qConnect.4","qConnect","99","99","4",0.0814794436912787,NA
"3540","L1CompL32.qConnect.4","qConnect","99","99","4",0.316536864843344,NA
"3541","L1CompR1.qConnect.4","qConnect","99","99","4",-0.23592977965346,NA
"3542","L1CompR12.qConnect.4","qConnect","99","99","4",-0.187597580580095,NA
"3543","L12CompL2.qConnect.4","qConnect","99","99","4",-0.189374999034865,NA
"3544","L12CompL22.qConnect.4","qConnect","99","99","4",-0.26757525567265,NA
"3545","L12CompL3.qConnect.4","qConnect","99","99","4",-0.0569182468734164,NA
"3546","L12CompL32.qConnect.4","qConnect","99","99","4",0.213556350316901,NA
"3547","L12CompR1.qConnect.4","qConnect","99","99","4",-0.422152968703875,NA
"3548","L12CompR12.qConnect.4","qConnect","99","99","4",-0.366538336280789,NA
"3549","L2CompL3.qConnect.4","qConnect","99","99","4",0.111366686090537,NA
"3550","L2CompL32.qConnect.4","qConnect","99","99","4",0.338775701253793,NA
"3551","L2CompR1.qConnect.4","qConnect","99","99","4",-0.195714530621462,NA
"3552","L2CompR12.qConnect.4","qConnect","99","99","4",-0.148954986770099,NA
"3553","L22CompL3.qConnect.4","qConnect","99","99","4",0.166188956321529,NA
"3554","L22CompL32.qConnect.4","qConnect","99","99","4",0.37956847440528,NA
"3555","L22CompR1.qConnect.4","qConnect","99","99","4",-0.121947562749793,NA
"3556","L22CompR12.qConnect.4","qConnect","99","99","4",-0.0780727457129349,NA
"3557","L3CompR1.qConnect.4","qConnect","99","99","4",-0.345565726498618,NA
"3558","L3CompR12.qConnect.4","qConnect","99","99","4",-0.292946110376363,NA
"3559","L32CompR1.qConnect.4","qConnect","99","99","4",-0.808334226205446,NA
"3560","L32CompR12.qConnect.4","qConnect","99","99","4",-0.737617611676871,NA
"3561","DCompL1.qTau1.4","qTau1","99","99","4",-2.56308833720595,NA
"3562","DCompL12.qTau1.4","qTau1","99","99","4",-0.48415083028624,NA
"3563","DCompL2.qTau1.4","qTau1","99","99","4",-0.218109809014492,NA
"3564","DCompL22.qTau1.4","qTau1","99","99","4",-0.169023544397423,NA
"3565","DCompL3.qTau1.4","qTau1","99","99","4",-0.675572804090149,NA
"3566","DCompL32.qTau1.4","qTau1","99","99","4",-0.799983492517439,NA
"3567","DCompR1.qTau1.4","qTau1","99","99","4",-0.183589201179465,NA
"3568","DCompR12.qTau1.4","qTau1","99","99","4",-0.260732628389394,NA
"3569","L1CompL2.qTau1.4","qTau1","99","99","4",0.658130898329147,NA
"3570","L1CompL22.qTau1.4","qTau1","99","99","4",0.671907223800651,NA
"3571","L1CompL3.qTau1.4","qTau1","99","99","4",0.529741436215955,NA
"3572","L1CompL32.qTau1.4","qTau1","99","99","4",0.494824904080564,NA
"3573","L1CompR1.qTau1.4","qTau1","99","99","4",0.667819293498742,NA
"3574","L1CompR12.qTau1.4","qTau1","99","99","4",0.646168573699181,NA
"3575","L12CompL2.qTau1.4","qTau1","99","99","4",0.179254706356522,NA
"3576","L12CompL22.qTau1.4","qTau1","99","99","4",0.212328342549955,NA
"3577","L12CompL3.qTau1.4","qTau1","99","99","4",-0.128977439420352,NA
"3578","L12CompL32.qTau1.4","qTau1","99","99","4",-0.212803615229785,NA
"3579","L12CompR1.qTau1.4","qTau1","99","99","4",0.202514207433221,NA
"3580","L12CompR12.qTau1.4","qTau1","99","99","4",0.150536048855463,NA
"3581","L2CompL3.qTau1.4","qTau1","99","99","4",-0.375551523918657,NA
"3582","L2CompL32.qTau1.4","qTau1","99","99","4",-0.477685738343827,NA
"3583","L2CompR1.qTau1.4","qTau1","99","99","4",0.0283394876057653,NA
"3584","L2CompR12.qTau1.4","qTau1","99","99","4",-0.034990949961552,NA
"3585","L22CompL3.qTau1.4","qTau1","99","99","4",-0.433309715719907,NA
"3586","L22CompL32.qTau1.4","qTau1","99","99","4",-0.53973245547013,NA
"3587","L22CompR1.qTau1.4","qTau1","99","99","4",-0.0124596778669242,NA
"3588","L22CompR12.qTau1.4","qTau1","99","99","4",-0.0784493044913331,NA
"3589","L3CompR1.qTau1.4","qTau1","99","99","4",0.293621143593241,NA
"3590","L3CompR12.qTau1.4","qTau1","99","99","4",0.247581110583862,NA
"3591","L32CompR1.qTau1.4","qTau1","99","99","4",0.342444413462865,NA
"3592","L32CompR12.qTau1.4","qTau1","99","99","4",0.299586560859985,NA
"3593","DCompL1.qTau2.4","qTau2","99","99","4",-5.20102828911533,NA
"3594","DCompL12.qTau2.4","qTau2","99","99","4",-3.04225533784313,NA
"3595","DCompL2.qTau2.4","qTau2","99","99","4",-0.861141535756339,NA
"3596","DCompL22.qTau2.4","qTau2","99","99","4",-0.607490705367236,NA
"3597","DCompL3.qTau2.4","qTau2","99","99","4",-4.97594718551278,NA
"3598","DCompL32.qTau2.4","qTau2","99","99","4",-4.34844885351069,NA
"3599","DCompR1.qTau2.4","qTau2","99","99","4",-0.326762217417129,NA
"3600","DCompR12.qTau2.4","qTau2","99","99","4",-0.0669057737651891,NA
"3601","L1CompL2.qTau2.4","qTau2","99","99","4",0.699865659535338,NA
"3602","L1CompL22.qTau2.4","qTau2","99","99","4",0.740770299630972,NA
"3603","L1CompL3.qTau2.4","qTau2","99","99","4",0.0362973837738545,NA
"3604","L1CompL32.qTau2.4","qTau2","99","99","4",0.137490009052398,NA
"3605","L1CompR1.qTau2.4","qTau2","99","99","4",0.786041579628657,NA
"3606","L1CompR12.qTau2.4","qTau2","99","99","4",0.827946959113551,NA
"3607","L12CompL2.qTau2.4","qTau2","99","99","4",0.539578433273983,NA
"3608","L12CompL22.qTau2.4","qTau2","99","99","4",0.602328262067442,NA
"3609","L12CompL3.qTau2.4","qTau2","99","99","4",-0.478369545230519,NA
"3610","L12CompL32.qTau2.4","qTau2","99","99","4",-0.323134836000866,NA
"3611","L12CompR1.qTau2.4","qTau2","99","99","4",0.6717767418114,NA
"3612","L12CompR12.qTau2.4","qTau2","99","99","4",0.73606175647121,NA
"3613","L2CompL3.qTau2.4","qTau2","99","99","4",-2.21090420621033,NA
"3614","L2CompL32.qTau2.4","qTau2","99","99","4",-1.87374643505399,NA
"3615","L2CompR1.qTau2.4","qTau2","99","99","4",0.287124492185408,NA
"3616","L2CompR12.qTau2.4","qTau2","99","99","4",0.426746567486811,NA
"3617","L22CompL3.qTau2.4","qTau2","99","99","4",-2.71756251252947,NA
"3618","L22CompL32.qTau2.4","qTau2","99","99","4",-2.32720359480326,NA
"3619","L22CompR1.qTau2.4","qTau2","99","99","4",0.174637705221426,NA
"3620","L22CompR12.qTau2.4","qTau2","99","99","4",0.336291170951778,NA
"3621","L3CompR1.qTau2.4","qTau2","99","99","4",0.777982941242597,NA
"3622","L3CompR12.qTau2.4","qTau2","99","99","4",0.82146666617944,NA
"3623","L32CompR1.qTau2.4","qTau2","99","99","4",0.751935139746872,NA
"3624","L32CompR12.qTau2.4","qTau2","99","99","4",0.80052052417686,NA
"3625","DCompL1.qNPQ.4","qNPQ","99","99","4",0.855067452465077,NA
"3626","DCompL12.qNPQ.4","qNPQ","99","99","4",0.547501456895075,NA
"3627","DCompL2.qNPQ.4","qNPQ","99","99","4",0.104191227044922,NA
"3628","DCompL22.qNPQ.4","qNPQ","99","99","4",0.0687119151724664,NA
"3629","DCompL3.qNPQ.4","qNPQ","99","99","4",0.619993714398184,NA
"3630","DCompL32.qNPQ.4","qNPQ","99","99","4",0.342553631463839,NA
"3631","DCompR1.qNPQ.4","qNPQ","99","99","4",-0.409512629711556,NA
"3632","DCompR12.qNPQ.4","qNPQ","99","99","4",-0.180350843095998,NA
"3633","L1CompL2.qNPQ.4","qNPQ","99","99","4",-5.18086681143324,NA
"3634","L1CompL22.qNPQ.4","qNPQ","99","99","4",-5.42566559870293,NA
"3635","L1CompL3.qNPQ.4","qNPQ","99","99","4",-1.62195270879544,NA
"3636","L1CompL32.qNPQ.4","qNPQ","99","99","4",-3.53622308941848,NA
"3637","L1CompR1.qNPQ.4","qNPQ","99","99","4",-8.72530086364428,NA
"3638","L1CompR12.qNPQ.4","qNPQ","99","99","4",-7.14413920939034,NA
"3639","L12CompL2.qNPQ.4","qNPQ","99","99","4",-0.97969426997107,NA
"3640","L12CompL22.qNPQ.4","qNPQ","99","99","4",-1.05810184147176,NA
"3641","L12CompL3.qNPQ.4","qNPQ","99","99","4",0.16020439978809,NA
"3642","L12CompL32.qNPQ.4","qNPQ","99","99","4",-0.452924829381633,NA
"3643","L12CompR1.qNPQ.4","qNPQ","99","99","4",-2.11495506712542,NA
"3644","L12CompR12.qNPQ.4","qNPQ","99","99","4",-1.60851854902503,NA
"3645","L2CompL3.qNPQ.4","qNPQ","99","99","4",0.575795306906565,NA
"3646","L2CompL32.qNPQ.4","qNPQ","99","99","4",0.26608625815598,NA
"3647","L2CompR1.qNPQ.4","qNPQ","99","99","4",-0.573452585267591,NA
"3648","L2CompR12.qNPQ.4","qNPQ","99","99","4",-0.317637065779427,NA
"3649","L22CompL3.qNPQ.4","qNPQ","99","99","4",0.591956246629968,NA
"3650","L22CompL32.qNPQ.4","qNPQ","99","99","4",0.294046193388253,NA
"3651","L22CompR1.qNPQ.4","qNPQ","99","99","4",-0.513508711939105,NA
"3652","L22CompR12.qNPQ.4","qNPQ","99","99","4",-0.267439004456488,NA
"3653","L3CompR1.qNPQ.4","qNPQ","99","99","4",-2.70918240859967,NA
"3654","L3CompR12.qNPQ.4","qNPQ","99","99","4",-2.1061350504418,NA
"3655","L32CompR1.qNPQ.4","qNPQ","99","99","4",-1.14392032136387,NA
"3656","L32CompR12.qNPQ.4","qNPQ","99","99","4",-0.795356852794109,NA
"3657","DCompL1.qqP.4","qqP","99","99","4",0.754665909976375,NA
"3658","DCompL12.qqP.4","qqP","99","99","4",0.465269551711168,NA
"3659","DCompL2.qqP.4","qqP","99","99","4",0.160025693522028,NA
"3660","DCompL22.qqP.4","qqP","99","99","4",0.127930403183869,NA
"3661","DCompL3.qqP.4","qqP","99","99","4",0.546086958920366,NA
"3662","DCompL32.qqP.4","qqP","99","99","4",0.391946994150783,NA
"3663","DCompR1.qqP.4","qqP","99","99","4",-0.0506669526215218,NA
"3664","DCompR12.qqP.4","qqP","99","99","4",-0.0305126417820602,NA
"3665","L1CompL2.qqP.4","qqP","99","99","4",-2.42379775430754,NA
"3666","L1CompL22.qqP.4","qqP","99","99","4",-2.55462054511932,NA
"3667","L1CompL3.qqP.4","qqP","99","99","4",-0.85018331955385,NA
"3668","L1CompL32.qqP.4","qqP","99","99","4",-1.47846928158522,NA
"3669","L1CompR1.qqP.4","qqP","99","99","4",-3.28259665226445,NA
"3670","L1CompR12.qqP.4","qqP","99","99","4",-3.20044618211364,NA
"3671","L12CompL2.qqP.4","qqP","99","99","4",-0.570836875225525,NA
"3672","L12CompL22.qqP.4","qqP","99","99","4",-0.630858313018838,NA
"3673","L12CompL3.qqP.4","qqP","99","99","4",0.151136722189316,NA
"3674","L12CompL32.qqP.4","qqP","99","99","4",-0.137120595610409,NA
"3675","L12CompR1.qqP.4","qqP","99","99","4",-0.96485342471841,NA
"3676","L12CompR12.qqP.4","qqP","99","99","4",-0.927162825830772,NA
"3677","L2CompL3.qqP.4","qqP","99","99","4",0.459610802879317,NA
"3678","L2CompL32.qqP.4","qqP","99","99","4",0.276105231838823,NA
"3679","L2CompR1.qqP.4","qqP","99","99","4",-0.250832251080378,NA
"3680","L2CompR12.qqP.4","qqP","99","99","4",-0.226838289974629,NA
"3681","L22CompL3.qqP.4","qqP","99","99","4",0.479499064367293,NA
"3682","L22CompL32.qqP.4","qqP","99","99","4",0.302747156798977,NA
"3683","L22CompR1.qqP.4","qqP","99","99","4",-0.204797135982539,NA
"3684","L22CompR12.qqP.4","qqP","99","99","4",-0.18168623874103,NA
"3685","L3CompR1.qqP.4","qqP","99","99","4",-1.31468774310275,NA
"3686","L3CompR12.qqP.4","qqP","99","99","4",-1.27028648335589,NA
"3687","L32CompR1.qqP.4","qqP","99","99","4",-0.727920004530102,NA
"3688","L32CompR12.qqP.4","qqP","99","99","4",-0.694774356625091,NA
"3689","DCompL1.qABQ.4","qABQ","99","99","4",0,NA
"3690","DCompL12.qABQ.4","qABQ","99","99","4",0,NA
"3691","DCompL2.qABQ.4","qABQ","99","99","4",0,NA
"3692","DCompL22.qABQ.4","qABQ","99","99","4",0,NA
"3693","DCompL3.qABQ.4","qABQ","99","99","4",0,NA
"3694","DCompL32.qABQ.4","qABQ","99","99","4",0,NA
"3695","DCompR1.qABQ.4","qABQ","99","99","4",0,NA
"3696","DCompR12.qABQ.4","qABQ","99","99","4",0,NA
"3697","L1CompL2.qABQ.4","qABQ","99","99","4",0.358184504001975,NA
"3698","L1CompL22.qABQ.4","qABQ","99","99","4",0.171675271330664,NA
"3699","L1CompL3.qABQ.4","qABQ","99","99","4",-0.0631984806359291,NA
"3700","L1CompL32.qABQ.4","qABQ","99","99","4",-0.137659504621701,NA
"3701","L1CompR1.qABQ.4","qABQ","99","99","4",0.488182085440458,NA
"3702","L1CompR12.qABQ.4","qABQ","99","99","4",0.661202840972496,NA
"3703","L12CompL2.qABQ.4","qABQ","99","99","4",0.231961541195035,NA
"3704","L12CompL22.qABQ.4","qABQ","99","99","4",0.00877237778753349,NA
"3705","L12CompL3.qABQ.4","qABQ","99","99","4",-0.27229293708719,NA
"3706","L12CompL32.qABQ.4","qABQ","99","99","4",-0.361397875281527,NA
"3707","L12CompR1.qABQ.4","qABQ","99","99","4",0.387525161454981,NA
"3708","L12CompR12.qABQ.4","qABQ","99","99","4",0.594573129677465,NA
"3709","L2CompL3.qABQ.4","qABQ","99","99","4",-0.656548474235032,NA
"3710","L2CompL32.qABQ.4","qABQ","99","99","4",-0.77256471948007,NA
"3711","L2CompR1.qABQ.4","qABQ","99","99","4",0.202546654371964,NA
"3712","L2CompR12.qABQ.4","qABQ","99","99","4",0.472126863343065,NA
"3713","L22CompL3.qABQ.4","qABQ","99","99","4",-0.283552746691393,NA
"3714","L22CompL32.qABQ.4","qABQ","99","99","4",-0.373446264787117,NA
"3715","L22CompR1.qABQ.4","qABQ","99","99","4",0.382104750896725,NA
"3716","L22CompR12.qABQ.4","qABQ","99","99","4",0.590985096422552,NA
"3717","L3CompR1.qABQ.4","qABQ","99","99","4",0.518605487233758,NA
"3718","L3CompR12.qABQ.4","qABQ","99","99","4",0.681341569614678,NA
"3719","L32CompR1.qABQ.4","qABQ","99","99","4",0.550113269848931,NA
"3720","L32CompR12.qABQ.4","qABQ","99","99","4",0.70219810263866,NA
"3721","DCompL1.qqm.4","qqm","99","99","4",0,NA
"3722","DCompL12.qqm.4","qqm","99","99","4",0,NA
"3723","DCompL2.qqm.4","qqm","99","99","4",0,NA
"3724","DCompL22.qqm.4","qqm","99","99","4",0,NA
"3725","DCompL3.qqm.4","qqm","99","99","4",0,NA
"3726","DCompL32.qqm.4","qqm","99","99","4",0,NA
"3727","DCompR1.qqm.4","qqm","99","99","4",0,NA
"3728","DCompR12.qqm.4","qqm","99","99","4",0,NA
"3729","L1CompL2.qqm.4","qqm","99","99","4",0.52612250553915,NA
"3730","L1CompL22.qqm.4","qqm","99","99","4",0.601557272153201,NA
"3731","L1CompL3.qqm.4","qqm","99","99","4",0.0663234271720003,NA
"3732","L1CompL32.qqm.4","qqm","99","99","4",0.0657322532878578,NA
"3733","L1CompR1.qqm.4","qqm","99","99","4",0.879291452203644,NA
"3734","L1CompR12.qqm.4","qqm","99","99","4",0.970990645476165,NA
"3735","L12CompL2.qqm.4","qqm","99","99","4",0.432430445042679,NA
"3736","L12CompL22.qqm.4","qqm","99","99","4",0.522779696517805,NA
"3737","L12CompL3.qqm.4","qqm","99","99","4",-0.118277198449748,NA
"3738","L12CompL32.qqm.4","qqm","99","99","4",-0.118985255494548,NA
"3739","L12CompR1.qqm.4","qqm","99","99","4",0.855425721725253,NA
"3740","L12CompR12.qqm.4","qqm","99","99","4",0.965255099410397,NA
"3741","L2CompL3.qqm.4","qqm","99","99","4",-0.970291021923889,NA
"3742","L2CompL32.qqm.4","qqm","99","99","4",-0.9715385466345,NA
"3743","L2CompR1.qqm.4","qqm","99","99","4",0.745274782602428,NA
"3744","L2CompR12.qqm.4","qqm","99","99","4",0.938783008556166,NA
"3745","L22CompL3.qqm.4","qqm","99","99","4",-1.34331437763622,NA
"3746","L22CompL32.qqm.4","qqm","99","99","4",-1.34479808870139,NA
"3747","L22CompR1.qqm.4","qqm","99","99","4",0.697049188352187,NA
"3748","L22CompR12.qqm.4","qqm","99","99","4",0.927193163542969,NA
"3749","L3CompR1.qqm.4","qqm","99","99","4",0.870716957767566,NA
"3750","L3CompR12.qqm.4","qqm","99","99","4",0.968929974931288,NA
"3751","L32CompR1.qqm.4","qqm","99","99","4",0.870798763822093,NA
"3752","L32CompR12.qqm.4","qqm","99","99","4",0.968949635020663,NA
"3753","DCampL1.mQuant.1","mQuant","99","99","1",0.759185981514355,NA
"3754","DCampL2.mQuant.1","mQuant","99","99","1",0.364372354613821,NA
"3755","DCampL3.mQuant.1","mQuant","99","99","1",0.786470833315752,NA
"3756","DCampR1.mQuant.1","mQuant","99","99","1",0.0305397068587832,NA
"3757","L1CampL2.mQuant.1","mQuant","99","99","1",-1.63949602844267,NA
"3758","L1CampL3.mQuant.1","mQuant","99","99","1",0.11330258916394,NA
"3759","L1CampR1.mQuant.1","mQuant","99","99","1",-3.02576353003722,NA
"3760","L2CampL3.mQuant.1","mQuant","99","99","1",0.66406563931857,NA
"3761","L2CampR1.mQuant.1","mQuant","99","99","1",-0.525201586460602,NA
"3762","L3CampR1.mQuant.1","mQuant","99","99","1",-3.54017738276844,NA
"3763","DCampL1.mSigma.1","mSigma","99","99","1",0.300094379867547,NA
"3764","DCampL2.mSigma.1","mSigma","99","99","1",0.225930593800785,NA
"3765","DCampL3.mSigma.1","mSigma","99","99","1",0.295755352127053,NA
"3766","DCampR1.mSigma.1","mSigma","99","99","1",0.111703610174521,NA
"3767","L1CampL2.mSigma.1","mSigma","99","99","1",-0.105962552569199,NA
"3768","L1CampL3.mSigma.1","mSigma","99","99","1",-0.00619944691924784,NA
"3769","L1CampR1.mSigma.1","mSigma","99","99","1",-0.269165962201267,NA
"3770","L2CampL3.mSigma.1","mSigma","99","99","1",0.0902047772035289,NA
"3771","L2CampR1.mSigma.1","mSigma","99","99","1",-0.147566849576362,NA
"3772","L3CampR1.mSigma.1","mSigma","99","99","1",-0.261346312688963,NA
"3773","DCampL1.mConnect.1","mConnect","99","99","1",0.59173138623337,NA
"3774","DCampL2.mConnect.1","mConnect","99","99","1",0.201771388018548,NA
"3775","DCampL3.mConnect.1","mConnect","99","99","1",0.89572741548609,NA
"3776","DCampR1.mConnect.1","mConnect","99","99","1",0.107001225763136,NA
"3777","L1CampL2.mConnect.1","mConnect","99","99","1",-0.955155466439374,NA
"3778","L1CampL3.mConnect.1","mConnect","99","99","1",0.744598088126576,NA
"3779","L1CampR1.mConnect.1","mConnect","99","99","1",-1.18728245112496,NA
"3780","L2CampL3.mConnect.1","mConnect","99","99","1",0.869370023889431,NA
"3781","L2CampR1.mConnect.1","mConnect","99","99","1",-0.118725589176968,NA
"3782","L3CampR1.mConnect.1","mConnect","99","99","1",-7.56408017888671,NA
"3783","DCampL1.mTau1.1","mTau1","99","99","1",-1.24581029920896,NA
"3784","DCampL2.mTau1.1","mTau1","99","99","1",-0.262791899898228,NA
"3785","DCampL3.mTau1.1","mTau1","99","99","1",-0.297632768217171,NA
"3786","DCampR1.mTau1.1","mTau1","99","99","1",-0.25970649329565,NA
"3787","L1CampL2.mTau1.1","mTau1","99","99","1",0.437712125399452,NA
"3788","L1CampL3.mTau1.1","mTau1","99","99","1",0.422198407107567,NA
"3789","L1CampR1.mTau1.1","mTau1","99","99","1",0.439085975454225,NA
"3790","L2CampL3.mTau1.1","mTau1","99","99","1",-0.0275903482765063,NA
"3791","L2CampR1.mTau1.1","mTau1","99","99","1",0.00244332150279605,NA
"3792","L3CampR1.mTau1.1","mTau1","99","99","1",0.0292272789732557,NA
"3793","DCampL1.mTau2.1","mTau2","99","99","1",-3.27590667699407,NA
"3794","DCampL2.mTau2.1","mTau2","99","99","1",-0.617513523313904,NA
"3795","DCampL3.mTau2.1","mTau2","99","99","1",-4.45279697635179,NA
"3796","DCampR1.mTau2.1","mTau2","99","99","1",0.088040053631975,NA
"3797","L1CampL2.mTau2.1","mTau2","99","99","1",0.621714493439084,NA
"3798","L1CampL3.mTau2.1","mTau2","99","99","1",-0.275237601814328,NA
"3799","L1CampR1.mTau2.1","mTau2","99","99","1",0.786721269836243,NA
"3800","L2CampL3.mTau2.1","mTau2","99","99","1",-2.37109823056088,NA
"3801","L2CampR1.mTau2.1","mTau2","99","99","1",0.436196400695536,NA
"3802","L3CampR1.mTau2.1","mTau2","99","99","1",0.832753731649445,NA
"3803","DCampL1.mNPQ.1","mNPQ","99","99","1",0.768680002762817,NA
"3804","DCampL2.mNPQ.1","mNPQ","99","99","1",0.127468339173358,NA
"3805","DCampL3.mNPQ.1","mNPQ","99","99","1",0.551286149440625,NA
"3806","DCampR1.mNPQ.1","mNPQ","99","99","1",-0.244578840258564,NA
"3807","L1CampL2.mNPQ.1","mNPQ","99","99","1",-2.77196814476872,NA
"3808","L1CampL3.mNPQ.1","mNPQ","99","99","1",-0.939797059997751,NA
"3809","L1CampR1.mNPQ.1","mNPQ","99","99","1",-4.38033397511432,NA
"3810","L2CampL3.mNPQ.1","mNPQ","99","99","1",0.485733445896667,NA
"3811","L2CampR1.mNPQ.1","mNPQ","99","99","1",-0.4263996323978,NA
"3812","L3CampR1.mNPQ.1","mNPQ","99","99","1",-1.77365817593339,NA
"3813","DCampL1.mqP.1","mqP","99","99","1",0.658132256541934,NA
"3814","DCampL2.mqP.1","mqP","99","99","1",0.165787581012369,NA
"3815","DCampL3.mqP.1","mqP","99","99","1",0.526100186977526,NA
"3816","DCampR1.mqP.1","mqP","99","99","1",-0.0412992495487642,NA
"3817","L1CampL2.mqP.1","mqP","99","99","1",-1.4401612464206,NA
"3818","L1CampL3.mqP.1","mqP","99","99","1",-0.38620803539075,NA
"3819","L1CampR1.mqP.1","mqP","99","99","1",-2.04591254798068,NA
"3820","L2CampL3.mqP.1","mqP","99","99","1",0.431919494080919,NA
"3821","L2CampR1.mqP.1","mqP","99","99","1",-0.248242325153161,NA
"3822","L3CampR1.mqP.1","mqP","99","99","1",-1.19729829161039,NA
"3823","DCampL1.mABQ.1","mABQ","99","99","1",0,NA
"3824","DCampL2.mABQ.1","mABQ","99","99","1",0,NA
"3825","DCampL3.mABQ.1","mABQ","99","99","1",0,NA
"3826","DCampR1.mABQ.1","mABQ","99","99","1",0,NA
"3827","L1CampL2.mABQ.1","mABQ","99","99","1",0.247134871701016,NA
"3828","L1CampL3.mABQ.1","mABQ","99","99","1",0.0144588770453123,NA
"3829","L1CampR1.mABQ.1","mABQ","99","99","1",0.627771735599231,NA
"3830","L2CampL3.mABQ.1","mABQ","99","99","1",-0.309054020314912,NA
"3831","L2CampR1.mABQ.1","mABQ","99","99","1",0.50558439963639,NA
"3832","L3CampR1.mABQ.1","mABQ","99","99","1",0.622310773512104,NA
"3833","DCampL1.mqm.1","mqm","99","99","1",0,NA
"3834","DCampL2.mqm.1","mqm","99","99","1",0,NA
"3835","DCampL3.mqm.1","mqm","99","99","1",0,NA
"3836","DCampR1.mqm.1","mqm","99","99","1",0,NA
"3837","L1CampL2.mqm.1","mqm","99","99","1",0.520048626441962,NA
"3838","L1CampL3.mqm.1","mqm","99","99","1",-0.035939614884578,NA
"3839","L1CampR1.mqm.1","mqm","99","99","1",0.95977308906855,NA
"3840","L2CampL3.mqm.1","mqm","99","99","1",-1.15842619056346,NA
"3841","L2CampR1.mqm.1","mqm","99","99","1",0.916185444718629,NA
"3842","L3CampR1.mqm.1","mqm","99","99","1",0.961168672040858,NA
"3843","DCampL1.mQuant.2","mQuant","99","99","2",0.776073288498225,NA
"3844","DCampL2.mQuant.2","mQuant","99","99","2",0.353228289120239,NA
"3845","DCampL3.mQuant.2","mQuant","99","99","2",0.79601955080721,NA
"3846","DCampR1.mQuant.2","mQuant","99","99","2",0.0332555662799596,NA
"3847","L1CampL2.mQuant.2","mQuant","99","99","2",-1.88831871169883,NA
"3848","L1CampL3.mQuant.2","mQuant","99","99","2",0.0890749574948595,NA
"3849","L1CampR1.mQuant.2","mQuant","99","99","2",-3.31723588149232,NA
"3850","L2CampL3.mQuant.2","mQuant","99","99","2",0.684617546250857,NA
"3851","L2CampR1.mQuant.2","mQuant","99","99","2",-0.494722817120498,NA
"3852","L3CampR1.mQuant.2","mQuant","99","99","2",-3.73939751356431,NA
"3853","DCampL1.mSigma.2","mSigma","99","99","2",0.332563322237141,NA
"3854","DCampL2.mSigma.2","mSigma","99","99","2",0.241838868507766,NA
"3855","DCampL3.mSigma.2","mSigma","99","99","2",0.331173115808364,NA
"3856","DCampR1.mSigma.2","mSigma","99","99","2",0.0960532665730855,NA
"3857","L1CampL2.mSigma.2","mSigma","99","99","2",-0.135929679551728,NA
"3858","L1CampL3.mSigma.2","mSigma","99","99","2",-0.00208290385454636,NA
"3859","L1CampR1.mSigma.2","mSigma","99","99","2",-0.35435579665295,NA
"3860","L2CampL3.mSigma.2","mSigma","99","99","2",0.117830159829965,NA
"3861","L2CampR1.mSigma.2","mSigma","99","99","2",-0.192288414532332,NA
"3862","L3CampR1.mSigma.2","mSigma","99","99","2",-0.351540667387273,NA
"3863","DCampL1.mConnect.2","mConnect","99","99","2",0.409380362300187,NA
"3864","DCampL2.mConnect.2","mConnect","99","99","2",0.167854815356382,NA
"3865","DCampL3.mConnect.2","mConnect","99","99","2",0.690259858139138,NA
"3866","DCampR1.mConnect.2","mConnect","99","99","2",0.0790809936946274,NA
"3867","L1CampL2.mConnect.2","mConnect","99","99","2",-0.408935855713219,NA
"3868","L1CampL3.mConnect.2","mConnect","99","99","2",0.475567485247943,NA
"3869","L1CampR1.mConnect.2","mConnect","99","99","2",-0.5592421035845,NA
"3870","L2CampL3.mConnect.2","mConnect","99","99","2",0.627781128129085,NA
"3871","L2CampR1.mConnect.2","mConnect","99","99","2",-0.106680689019157,NA
"3872","L3CampR1.mConnect.2","mConnect","99","99","2",-1.97319876194496,NA
"3873","DCampL1.mTau1.2","mTau1","99","99","2",-1.68287185121778,NA
"3874","DCampL2.mTau1.2","mTau1","99","99","2",-0.207937811649367,NA
"3875","DCampL3.mTau1.2","mTau1","99","99","2",-0.826050981892319,NA
"3876","DCampR1.mTau1.2","mTau1","99","99","2",-0.260849070863929,NA
"3877","L1CampL2.mTau1.2","mTau1","99","99","2",0.549759407591133,NA
"3878","L1CampL3.mTau1.2","mTau1","99","99","2",0.319367050251223,NA
"3879","L1CampR1.mTau1.2","mTau1","99","99","2",0.530037534110465,NA
"3880","L2CampL3.mTau1.2","mTau1","99","99","2",-0.511709430967275,NA
"3881","L2CampR1.mTau1.2","mTau1","99","99","2",-0.0438029662655524,NA
"3882","L3CampR1.mTau1.2","mTau1","99","99","2",0.309521429923428,NA
"3883","DCampL1.mTau2.2","mTau2","99","99","2",-3.74454453829958,NA
"3884","DCampL2.mTau2.2","mTau2","99","99","2",-0.663908053964178,NA
"3885","DCampL3.mTau2.2","mTau2","99","99","2",-5.5269076976467,NA
"3886","DCampR1.mTau2.2","mTau2","99","99","2",-0.0680158529654092,NA
"3887","L1CampL2.mTau2.2","mTau2","99","99","2",0.649300783134704,NA
"3888","L1CampL3.mTau2.2","mTau2","99","99","2",-0.375665808374075,NA
"3889","L1CampR1.mTau2.2","mTau2","99","99","2",0.774896021242077,NA
"3890","L2CampL3.mTau2.2","mTau2","99","99","2",-2.92263724073975,NA
"3891","L2CampR1.mTau2.2","mTau2","99","99","2",0.358128082605938,NA
"3892","L3CampR1.mTau2.2","mTau2","99","99","2",0.836367250397844,NA
"3893","DCampL1.mNPQ.2","mNPQ","99","99","2",0.825003039041332,NA
"3894","DCampL2.mNPQ.2","mNPQ","99","99","2",0.148115125357547,NA
"3895","DCampL3.mNPQ.2","mNPQ","99","99","2",0.58219437174119,NA
"3896","DCampR1.mNPQ.2","mNPQ","99","99","2",-0.291069157263692,NA
"3897","L1CampL2.mNPQ.2","mNPQ","99","99","2",-3.86799810679944,NA
"3898","L1CampL3.mNPQ.2","mNPQ","99","99","2",-1.38750219415233,NA
"3899","L1CampR1.mNPQ.2","mNPQ","99","99","2",-6.37766616169194,NA
"3900","L2CampL3.mNPQ.2","mNPQ","99","99","2",0.509551536016919,NA
"3901","L2CampR1.mNPQ.2","mNPQ","99","99","2",-0.515544172333816,NA
"3902","L3CampR1.mNPQ.2","mNPQ","99","99","2",-2.09011911267011,NA
"3903","DCampL1.mqP.2","mqP","99","99","2",0.719927582429325,NA
"3904","DCampL2.mqP.2","mqP","99","99","2",0.17412303426267,NA
"3905","DCampL3.mqP.2","mqP","99","99","2",0.561212010990948,NA
"3906","DCampR1.mqP.2","mqP","99","99","2",-0.0526593768980878,NA
"3907","L1CampL2.mqP.2","mqP","99","99","2",-1.94879793198102,NA
"3908","L1CampL3.mqP.2","mqP","99","99","2",-0.566694759930528,NA
"3909","L1CampR1.mqP.2","mqP","99","99","2",-2.75852569142212,NA
"3910","L2CampL3.mqP.2","mqP","99","99","2",0.468700536262919,NA
"3911","L2CampR1.mqP.2","mqP","99","99","2",-0.274595878767837,NA
"3912","L3CampR1.mqP.2","mqP","99","99","2",-1.39901593312841,NA
"3913","DCampL1.mABQ.2","mABQ","99","99","2",0,NA
"3914","DCampL2.mABQ.2","mABQ","99","99","2",0,NA
"3915","DCampL3.mABQ.2","mABQ","99","99","2",0,NA
"3916","DCampR1.mABQ.2","mABQ","99","99","2",0,NA
"3917","L1CampL2.mABQ.2","mABQ","99","99","2",0.272803546461694,NA
"3918","L1CampL3.mABQ.2","mABQ","99","99","2",0.00418027586273189,NA
"3919","L1CampR1.mABQ.2","mABQ","99","99","2",0.711173000296788,NA
"3920","L2CampL3.mABQ.2","mABQ","99","99","2",-0.369395737963141,NA
"3921","L2CampR1.mABQ.2","mABQ","99","99","2",0.602821220733583,NA
"3922","L3CampR1.mABQ.2","mABQ","99","99","2",0.709960555407317,NA
"3923","DCampL1.mqm.2","mqm","99","99","2",0,NA
"3924","DCampL2.mqm.2","mqm","99","99","2",0,NA
"3925","DCampL3.mqm.2","mqm","99","99","2",0,NA
"3926","DCampR1.mqm.2","mqm","99","99","2",0,NA
"3927","L1CampL2.mqm.2","mqm","99","99","2",0.544851891753975,NA
"3928","L1CampL3.mqm.2","mqm","99","99","2",-0.0257015189217275,NA
"3929","L1CampR1.mqm.2","mqm","99","99","2",0.957148935837861,NA
"3930","L2CampL3.mqm.2","mqm","99","99","2",-1.25355549180333,NA
"3931","L2CampR1.mqm.2","mqm","99","99","2",0.905852483211955,NA
"3932","L3CampR1.mqm.2","mqm","99","99","2",0.958222676508087,NA
"3933","DCampL1.mQuant.3","mQuant","99","99","3",0.771534510317582,NA
"3934","DCampL2.mQuant.3","mQuant","99","99","3",0.362655556746138,NA
"3935","DCampL3.mQuant.3","mQuant","99","99","3",0.799605986102845,NA
"3936","DCampR1.mQuant.3","mQuant","99","99","3",0.0436745472248955,NA
"3937","L1CampL2.mQuant.3","mQuant","99","99","3",-1.7896749051238,NA
"3938","L1CampL3.mQuant.3","mQuant","99","99","3",0.122869654512304,NA
"3939","L1CampR1.mQuant.3","mQuant","99","99","3",-3.18586393115416,NA
"3940","L2CampL3.mQuant.3","mQuant","99","99","3",0.685579726914893,NA
"3941","L2CampR1.mQuant.3","mQuant","99","99","3",-0.500484491388574,NA
"3942","L3CampR1.mQuant.3","mQuant","99","99","3",-3.77222564774767,NA
"3943","DCampL1.mSigma.3","mSigma","99","99","3",0.296124440421345,NA
"3944","DCampL2.mSigma.3","mSigma","99","99","3",0.207032711991584,NA
"3945","DCampL3.mSigma.3","mSigma","99","99","3",0.308317291374581,NA
"3946","DCampR1.mSigma.3","mSigma","99","99","3",0.0874580977077304,NA
"3947","L1CampL2.mSigma.3","mSigma","99","99","3",-0.126573123924195,NA
"3948","L1CampL3.mSigma.3","mSigma","99","99","3",0.0173224525092685,NA
"3949","L1CampR1.mSigma.3","mSigma","99","99","3",-0.296453456685615,NA
"3950","L2CampL3.mSigma.3","mSigma","99","99","3",0.127728572054188,NA
"3951","L2CampR1.mSigma.3","mSigma","99","99","3",-0.150793880267333,NA
"3952","L3CampR1.mSigma.3","mSigma","99","99","3",-0.319307091116624,NA
"3953","DCampL1.mConnect.3","mConnect","99","99","3",0.387808380050776,NA
"3954","DCampL2.mConnect.3","mConnect","99","99","3",0.0328700988681654,NA
"3955","DCampL3.mConnect.3","mConnect","99","99","3",0.456552544855782,NA
"3956","DCampR1.mConnect.3","mConnect","99","99","3",0.0436184807211499,NA
"3957","L1CampL2.mConnect.3","mConnect","99","99","3",-0.579782979081041,NA
"3958","L1CampL3.mConnect.3","mConnect","99","99","3",0.112291907574148,NA
"3959","L1CampR1.mConnect.3","mConnect","99","99","3",-0.562225760878878,NA
"3960","L2CampL3.mConnect.3","mConnect","99","99","3",0.438082252954624,NA
"3961","L2CampR1.mConnect.3","mConnect","99","99","3",0.0111136899401059,NA
"3962","L3CampR1.mConnect.3","mConnect","99","99","3",-0.759841747763911,NA
"3963","DCampL1.mTau1.3","mTau1","99","99","3",-1.62978663928211,NA
"3964","DCampL2.mTau1.3","mTau1","99","99","3",-0.216080139057214,NA
"3965","DCampL3.mTau1.3","mTau1","99","99","3",-0.959974670510172,NA
"3966","DCampR1.mTau1.3","mTau1","99","99","3",-0.244607490509571,NA
"3967","L1CampL2.mTau1.3","mTau1","99","99","3",0.537574599820317,NA
"3968","L1CampL3.mTau1.3","mTau1","99","99","3",0.254702019839445,NA
"3969","L1CampR1.mTau1.3","mTau1","99","99","3",0.526726818092996,NA
"3970","L2CampL3.mTau1.3","mTau1","99","99","3",-0.611715056895571,NA
"3971","L2CampR1.mTau1.3","mTau1","99","99","3",-0.0234584469691888,NA
"3972","L3CampR1.mTau1.3","mTau1","99","99","3",0.364987971918226,NA
"3973","DCampL1.mTau2.3","mTau2","99","99","3",-3.51210056754216,NA
"3974","DCampL2.mTau2.3","mTau2","99","99","3",-0.77293970942795,NA
"3975","DCampL3.mTau2.3","mTau2","99","99","3",-5.95149228025113,NA
"3976","DCampR1.mTau2.3","mTau2","99","99","3",-0.115965159610486,NA
"3977","L1CampL2.mTau2.3","mTau2","99","99","3",0.60706999259245,NA
"3978","L1CampL3.mTau2.3","mTau2","99","99","3",-0.540633276274193,NA
"3979","L1CampR1.mTau2.3","mTau2","99","99","3",0.75267280883804,NA
"3980","L2CampL3.mTau2.3","mTau2","99","99","3",-2.92088475613989,NA
"3981","L2CampR1.mTau2.3","mTau2","99","99","3",0.370556622046353,NA
"3982","L3CampR1.mTau2.3","mTau2","99","99","3",0.83946394319089,NA
"3983","DCampL1.mNPQ.3","mNPQ","99","99","3",0.729762286914252,NA
"3984","DCampL2.mNPQ.3","mNPQ","99","99","3",0.102732709190326,NA
"3985","DCampL3.mNPQ.3","mNPQ","99","99","3",0.507008344435304,NA
"3986","DCampR1.mNPQ.3","mNPQ","99","99","3",-0.283732798979765,NA
"3987","L1CampL2.mNPQ.3","mNPQ","99","99","3",-2.32028894325702,NA
"3988","L1CampL3.mNPQ.3","mNPQ","99","99","3",-0.824288882315497,NA
"3989","L1CampR1.mNPQ.3","mNPQ","99","99","3",-3.75038359495156,NA
"3990","L2CampL3.mNPQ.3","mNPQ","99","99","3",0.450563214981535,NA
"3991","L2CampR1.mNPQ.3","mNPQ","99","99","3",-0.430713915606299,NA
"3992","L3CampR1.mNPQ.3","mNPQ","99","99","3",-1.60396455901331,NA
"3993","DCampL1.mqP.3","mqP","99","99","3",0.629268346103941,NA
"3994","DCampL2.mqP.3","mqP","99","99","3",0.150046154889789,NA
"3995","DCampL3.mqP.3","mqP","99","99","3",0.493022818003286,NA
"3996","DCampR1.mqP.3","mqP","99","99","3",-0.0462758183473144,NA
"3997","L1CampL2.mqP.3","mqP","99","99","3",-1.29263899151301,NA
"3998","L1CampL3.mqP.3","mqP","99","99","3",-0.367504437964322,NA
"3999","L1CampR1.mqP.3","mqP","99","99","3",-1.82219175878803,NA
"4000","L2CampL3.mqP.3","mqP","99","99","3",0.40352386789782,NA
"4001","L2CampR1.mqP.3","mqP","99","99","3",-0.230979569498444,NA
"4002","L3CampR1.mqP.3","mqP","99","99","3",-1.06375327233977,NA
"4003","DCampL1.mABQ.3","mABQ","99","99","3",0,NA
"4004","DCampL2.mABQ.3","mABQ","99","99","3",0,NA
"4005","DCampL3.mABQ.3","mABQ","99","99","3",0,NA
"4006","DCampR1.mABQ.3","mABQ","99","99","3",0,NA
"4007","L1CampL2.mABQ.3","mABQ","99","99","3",0.300859085805264,NA
"4008","L1CampL3.mABQ.3","mABQ","99","99","3",-0.0411747538834951,NA
"4009","L1CampR1.mABQ.3","mABQ","99","99","3",0.704657617644495,NA
"4010","L2CampL3.mABQ.3","mABQ","99","99","3",-0.489220173994123,NA
"4011","L2CampR1.mABQ.3","mABQ","99","99","3",0.577563869658983,NA
"4012","L3CampR1.mABQ.3","mABQ","99","99","3",0.716337357149794,NA
"4013","DCampL1.mqm.3","mqm","99","99","3",0,NA
"4014","DCampL2.mqm.3","mqm","99","99","3",0,NA
"4015","DCampL3.mqm.3","mqm","99","99","3",0,NA
"4016","DCampR1.mqm.3","mqm","99","99","3",0,NA
"4017","L1CampL2.mqm.3","mqm","99","99","3",0.529955495319503,NA
"4018","L1CampL3.mqm.3","mqm","99","99","3",-0.0363839535495411,NA
"4019","L1CampR1.mqm.3","mqm","99","99","3",0.94339261997896,NA
"4020","L2CampL3.mqm.3","mqm","99","99","3",-1.20486346128863,NA
"4021","L2CampR1.mqm.3","mqm","99","99","3",0.879570169510826,NA
"4022","L3CampR1.mqm.3","mqm","99","99","3",0.945379914628006,NA
"4023","DCampL1.mQuant.4","mQuant","99","99","4",0.746142239920528,NA
"4024","DCampL2.mQuant.4","mQuant","99","99","4",0.360656378692633,NA
"4025","DCampL3.mQuant.4","mQuant","99","99","4",0.777458804917029,NA
"4026","DCampR1.mQuant.4","mQuant","99","99","4",0.0584288598572405,NA
"4027","L1CampL2.mQuant.4","mQuant","99","99","4",-1.51851123679345,NA
"4028","L1CampL3.mQuant.4","mQuant","99","99","4",0.123362646021526,NA
"4029","L1CampR1.mQuant.4","mQuant","99","99","4",-2.70905005956089,NA
"4030","L2CampL3.mQuant.4","mQuant","99","99","4",0.65192239717993,NA
"4031","L2CampR1.mQuant.4","mQuant","99","99","4",-0.472715311083234,NA
"4032","L3CampR1.mQuant.4","mQuant","99","99","4",-3.23099705109299,NA
"4033","DCampL1.mSigma.4","mSigma","99","99","4",0.162135305169979,NA
"4034","DCampL2.mSigma.4","mSigma","99","99","4",0.133510997904718,NA
"4035","DCampL3.mSigma.4","mSigma","99","99","4",0.173003325531397,NA
"4036","DCampR1.mSigma.4","mSigma","99","99","4",0.0695887467898536,NA
"4037","L1CampL2.mSigma.4","mSigma","99","99","4",-0.0341634006563172,NA
"4038","L1CampL3.mSigma.4","mSigma","99","99","4",0.0129710923833862,NA
"4039","L1CampR1.mSigma.4","mSigma","99","99","4",-0.110455254829541,NA
"4040","L2CampL3.mSigma.4","mSigma","99","99","4",0.0455774135980737,NA
"4041","L2CampR1.mSigma.4","mSigma","99","99","4",-0.073771566586872,NA
"4042","L3CampR1.mSigma.4","mSigma","99","99","4",-0.125048361056583,NA
"4043","DCampL1.mConnect.4","mConnect","99","99","4",0.34559781292705,NA
"4044","DCampL2.mConnect.4","mConnect","99","99","4",0.170798594375618,NA
"4045","DCampL3.mConnect.4","mConnect","99","99","4",0.467059001860649,NA
"4046","DCampR1.mConnect.4","mConnect","99","99","4",0.0575260004618961,NA
"4047","L1CampL2.mConnect.4","mConnect","99","99","4",-0.267112827561419,NA
"4048","L1CampL3.mConnect.4","mConnect","99","99","4",0.185606330988712,NA
"4049","L1CampR1.mConnect.4","mConnect","99","99","4",-0.44020606617111,NA
"4050","L2CampL3.mConnect.4","mConnect","99","99","4",0.357284015048129,NA
"4051","L2CampR1.mConnect.4","mConnect","99","99","4",-0.13660444030293,NA
"4052","L3CampR1.mConnect.4","mConnect","99","99","4",-0.768439663731163,NA
"4053","DCampL1.mTau1.4","mTau1","99","99","4",-1.13139351182115,NA
"4054","DCampL2.mTau1.4","mTau1","99","99","4",-0.166705931325601,NA
"4055","DCampL3.mTau1.4","mTau1","99","99","4",-0.722584159550702,NA
"4056","DCampR1.mTau1.4","mTau1","99","99","4",-0.215624124315247,NA
"4057","L1CampL2.mTau1.4","mTau1","99","99","4",0.452608856668273,NA
"4058","L1CampL3.mTau1.4","mTau1","99","99","4",0.191803789400269,NA
"4059","L1CampR1.mTau1.4","mTau1","99","99","4",0.429657584311322,NA
"4060","L2CampL3.mTau1.4","mTau1","99","99","4",-0.47645101760434,NA
"4061","L2CampR1.mTau1.4","mTau1","99","99","4",-0.0419284685851097,NA
"4062","L3CampR1.mTau1.4","mTau1","99","99","4",0.294302041746212,NA
"4063","DCampL1.mTau2.4","mTau2","99","99","4",-3.30636840931926,NA
"4064","DCampL2.mTau2.4","mTau2","99","99","4",-0.670200798654353,NA
"4065","DCampL3.mTau2.4","mTau2","99","99","4",-4.83427946931929,NA
"4066","DCampR1.mTau2.4","mTau2","99","99","4",-0.172801572342728,NA
"4067","L1CampL2.mTau2.4","mTau2","99","99","4",0.61215561700668,NA
"4068","L1CampL3.mTau2.4","mTau2","99","99","4",-0.354802681696609,NA
"4069","L1CampR1.mTau2.4","mTau2","99","99","4",0.727658792544384,NA
"4070","L2CampL3.mTau2.4","mTau2","99","99","4",-2.49316050741914,NA
"4071","L2CampR1.mTau2.4","mTau2","99","99","4",0.297808040034688,NA
"4072","L3CampR1.mTau2.4","mTau2","99","99","4",0.79898090612386,NA
"4073","DCampL1.mNPQ.4","mNPQ","99","99","4",0.695594394855645,NA
"4074","DCampL2.mNPQ.4","mNPQ","99","99","4",0.0883657761814772,NA
"4075","DCampL3.mNPQ.4","mNPQ","99","99","4",0.488048056393879,NA
"4076","DCampR1.mNPQ.4","mNPQ","99","99","4",-0.279824226974095,NA
"4077","L1CampL2.mNPQ.4","mNPQ","99","99","4",-1.99480104312208,NA
"4078","L1CampL3.mNPQ.4","mNPQ","99","99","4",-0.681808530967565,NA
"4079","L1CampR1.mNPQ.4","mNPQ","99","99","4",-3.20433857112183,NA
"4080","L2CampL3.mNPQ.4","mNPQ","99","99","4",0.438423953127023,NA
"4081","L2CampR1.mNPQ.4","mNPQ","99","99","4",-0.403879092662133,NA
"4082","L3CampR1.mNPQ.4","mNPQ","99","99","4",-1.49989133347006,NA
"4083","DCampL1.mqP.4","mqP","99","99","4",0.588054798073298,NA
"4084","DCampL2.mqP.4","mqP","99","99","4",0.143283365988532,NA
"4085","DCampL3.mqP.4","mqP","99","99","4",0.468171325679581,NA
"4086","DCampR1.mqP.4","mqP","99","99","4",-0.0392055814988248,NA
"4087","L1CampL2.mqP.4","mqP","99","99","4",-1.07968591454527,NA
"4088","L1CampL3.mqP.4","mqP","99","99","4",-0.29101800878615,NA
"4089","L1CampR1.mqP.4","mqP","99","99","4",-1.52267917343951,NA
"4090","L2CampL3.mqP.4","mqP","99","99","4",0.379224526282164,NA
"4091","L2CampR1.mqP.4","mqP","99","99","4",-0.213009693336844,NA
"4092","L3CampR1.mqP.4","mqP","99","99","4",-0.954023225292886,NA
"4093","DCampL1.mABQ.4","mABQ","99","99","4",0,NA
"4094","DCampL2.mABQ.4","mABQ","99","99","4",0,NA
"4095","DCampL3.mABQ.4","mABQ","99","99","4",0,NA
"4096","DCampR1.mABQ.4","mABQ","99","99","4",0,NA
"4097","L1CampL2.mABQ.4","mABQ","99","99","4",0.176545800652442,NA
"4098","L1CampL3.mABQ.4","mABQ","99","99","4",-0.0670305603706958,NA
"4099","L1CampR1.mABQ.4","mABQ","99","99","4",0.570798311219767,NA
"4100","L2CampL3.mABQ.4","mABQ","99","99","4",-0.295798310599581,NA
"4101","L2CampR1.mABQ.4","mABQ","99","99","4",0.478778917977103,NA
"4102","L3CampR1.mABQ.4","mABQ","99","99","4",0.59776064086569,NA
"4103","DCampL1.mqm.4","mqm","99","99","4",0,NA
"4104","DCampL2.mqm.4","mqm","99","99","4",0,NA
"4105","DCampL3.mqm.4","mqm","99","99","4",0,NA
"4106","DCampR1.mqm.4","mqm","99","99","4",0,NA
"4107","L1CampL2.mqm.4","mqm","99","99","4",0.516638571847846,NA
"4108","L1CampL3.mqm.4","mqm","99","99","4",-0.0419713069720291,NA
"4109","L1CampR1.mqm.4","mqm","99","99","4",0.921692062543646,NA
"4110","L2CampL3.mqm.4","mqm","99","99","4",-1.15567740056419,NA
"4111","L2CampR1.mqm.4","mqm","99","99","4",0.837992994691947,NA
"4112","L3CampR1.mqm.4","mqm","99","99","4",0.924846359076895,NA
