"","uni","metric","metrix","stage","col","barefoot2025.bpv6.002","pval"
"1","Quant.1.0","Quant","1","1","1",0.383684256059472,6.00452717869173e-56
"2","Sigma.1.0","Sigma","2","1","1",6.11471368943389,4.21852310073998e-48
"3","Connect.1.0","Connect","3","1","1",0.256603473888109,1.13548434847698e-13
"4","Tau1.1.0","Tau1","4","1","1",603.217846929651,2.57607408383143e-20
"5","Tau2.1.0","Tau2","5","1","1",712156.320677299,8.36379638844739e-16
"6","NPQ.1.0","NPQ","6","1","1",0.836694462647005,1.07296267669963e-84
"7","qP.1.0","qP","7","1","1",0.980422993733981,1.20090543573835e-55
"8","ABQ.1.0","ABQ","8","1","1",0,4.21852310073998e-48
"9","qm.1.0","qm","9","1","1",0,6.00452717869173e-56
"10","nTau1.1.0","nTau1","10","1","1",1,2.57607408383143e-20
"11","nTau2.1.0","nTau2","11","1","1",1,8.36379638844739e-16
"12","nCon.1.0","nCon","12","1","1",1,1.13548434847698e-13
"13","Fm.1.0","Fm","13","1","1",1891.22145739216,1.07296267669963e-84
"14","Fo.1.0","Fo","14","1","1",1165.58955946894,1.20090543573835e-55
"15","Quant.3.0","Quant","1","3","1",0.060206490406654,7.4204024286313e-76
"16","Sigma.3.0","Sigma","2","3","1",4.6790615692915,9.87943675578324e-19
"17","Connect.3.0","Connect","3","3","1",0,1
"18","Tau1.3.0","Tau1","4","3","1",495.594756989933,8.59082430276354e-06
"19","Tau2.3.0","Tau2","5","3","1",3421350.36603654,4.49735301032303e-14
"20","NPQ.3.0","NPQ","6","3","1",0.0603372463187629,9.17869984043501e-89
"21","qP.3.0","qP","7","3","1",0.16774763735174,1.48408048572617e-75
"22","ABQ.3.0","ABQ","8","3","1",0.234786482746227,9.87943675578324e-19
"23","qm.3.0","qm","9","3","1",0.843083239784221,7.4204024286313e-76
"24","nTau1.3.0","nTau1","10","3","1",0.82158503683617,8.59082430276354e-06
"25","nTau2.3.0","nTau2","11","3","1",4.80421259588436,4.49735301032303e-14
"26","nCon.3.0","nCon","12","3","1",0,1
"27","Fm.3.0","Fm","13","3","1",3275.93507677945,9.17869984043501e-89
"28","Fo.3.0","Fo","14","3","1",3078.70252300651,1.48408048572617e-75
"29","Quant.4.0","Quant","1","4","1",0.066332041763554,3.95186970657383e-77
"30","Sigma.4.0","Sigma","2","4","1",4.81812446704028,7.60476540608759e-23
"31","Connect.4.0","Connect","3","4","1",0,1
"32","Tau1.4.0","Tau1","4","4","1",1036.10814552181,9.40039035490255e-06
"33","Tau2.4.0","Tau2","5","4","1",2813986.77029481,4.60694230413013e-13
"34","NPQ.4.0","NPQ","6","4","1",0.0840450111654562,1.44663275766845e-93
"35","qP.4.0","qP","7","4","1",0.204686892785136,7.90373941314766e-77
"36","ABQ.4.0","ABQ","8","4","1",0.21204414274279,7.60476540608759e-23
"37","qm.4.0","qm","9","4","1",0.827118155837824,3.95186970657383e-77
"38","nTau1.4.0","nTau1","10","4","1",1.71763509782669,9.40039035490255e-06
"39","nTau2.4.0","nTau2","11","4","1",3.95136108266028,4.60694230413013e-13
"40","nCon.4.0","nCon","12","4","1",0,1
"41","Fm.4.0","Fm","13","4","1",3204.29128186929,1.44663275766845e-93
"42","Fo.4.0","Fo","14","4","1",2991.74409873775,7.90373941314766e-77
"43","Quant.5.0","Quant","1","5","1",0.0873911876976401,1.67973786816976e-74
"44","Sigma.5.0","Sigma","2","5","1",4.87453709602336,1.57137074162555e-26
"45","Connect.5.0","Connect","3","5","1",0,1
"46","Tau1.5.0","Tau1","4","5","1",1053.03278406525,1.8057170139316e-07
"47","Tau2.5.0","Tau2","5","5","1",2588927.1381076,2.74184930432419e-12
"48","NPQ.5.0","NPQ","6","5","1",0.131253253410724,2.28479389957129e-92
"49","qP.5.0","qP","7","5","1",0.285190055737454,3.35947573633951e-74
"50","ABQ.5.0","ABQ","8","5","1",0.2028184239523,1.57137074162555e-26
"51","qm.5.0","qm","9","5","1",0.772231499423072,1.67973786816976e-74
"52","nTau1.5.0","nTau1","10","5","1",1.74569235546517,1.8057170139316e-07
"53","nTau2.5.0","nTau2","11","5","1",3.63533547753306,2.74184930432419e-12
"54","nCon.5.0","nCon","12","5","1",0,1
"55","Fm.5.0","Fm","13","5","1",3070.57324958712,2.28479389957129e-92
"56","Fo.5.0","Fo","14","5","1",2802.2322063931,3.35947573633951e-74
"57","Quant.6.0","Quant","1","6","1",0.0982784561876042,1.58508419888817e-73
"58","Sigma.6.0","Sigma","2","6","1",4.80285158909399,3.19994238070792e-28
"59","Connect.6.0","Connect","3","6","1",0.00783238261196551,0.921356556378203
"60","Tau1.6.0","Tau1","4","6","1",683.837490050485,8.5223680109648e-09
"61","Tau2.6.0","Tau2","5","6","1",2142120.11228266,9.46219148829499e-15
"62","NPQ.6.0","NPQ","6","6","1",0.179752471627211,1.24292077182631e-91
"63","qP.6.0","qP","7","6","1",0.347742676306095,3.17016839777634e-73
"64","ABQ.6.0","ABQ","8","6","1",0.21454186851083,3.19994238070792e-28
"65","qm.6.0","qm","9","6","1",0.74385590590308,1.58508419888817e-73
"66","nTau1.6.0","nTau1","10","6","1",1.13364930021746,8.5223680109648e-09
"67","nTau2.6.0","nTau2","11","6","1",3.00793526657937,9.46219148829499e-15
"68","nCon.6.0","nCon","12","6","1",0.0305232914164708,0.921356556378203
"69","Fm.6.0","Fm","13","6","1",2944.34303972282,1.24292077182631e-91
"70","Fo.6.0","Fo","14","6","1",2654.97755129214,3.17016839777634e-73
"71","Quant.7.0","Quant","1","7","1",0.104293924805395,5.58938764896629e-74
"72","Sigma.7.0","Sigma","2","7","1",4.73012699111856,1.21389861065829e-30
"73","Connect.7.0","Connect","3","7","1",0.0778845259579909,0.246549305217075
"74","Tau1.7.0","Tau1","4","7","1",760.163073854491,2.02766972392996e-08
"75","Tau2.7.0","Tau2","5","7","1",1979032.5744226,2.58330019939087e-15
"76","NPQ.7.0","NPQ","6","7","1",0.214889893639447,4.94531599920455e-92
"77","qP.7.0","qP","7","7","1",0.387667796547259,1.11787752979326e-73
"78","ABQ.7.0","ABQ","8","7","1",0.226435245972003,1.21389861065829e-30
"79","qm.7.0","qm","9","7","1",0.728177731667914,5.58938764896629e-74
"80","nTau1.7.0","nTau1","10","7","1",1.26018001245103,2.02766972392996e-08
"81","nTau2.7.0","nTau2","11","7","1",2.77893001432668,2.58330019939087e-15
"82","nCon.7.0","nCon","12","7","1",0.303520933594033,0.246549305217075
"83","Fm.7.0","Fm","13","7","1",2859.18583784208,4.94531599920455e-92
"84","Fo.7.0","Fo","14","7","1",2560.99012506552,1.11787752979326e-73
"85","Quant.8.0","Quant","1","8","1",0.104857056544189,5.69166522766603e-74
"86","Sigma.8.0","Sigma","2","8","1",4.51366003119306,1.89031849249627e-29
"87","Connect.8.0","Connect","3","8","1",0,1
"88","Tau1.8.0","Tau1","4","8","1",1082.30492975129,7.27711509732261e-09
"89","Tau2.8.0","Tau2","5","8","1",2329701.21620738,7.76663091515364e-12
"90","NPQ.8.0","NPQ","6","8","1",0.253440633134606,6.05143374412026e-91
"91","qP.8.0","qP","7","8","1",0.421789746170828,1.13833304553321e-73
"92","ABQ.8.0","ABQ","8","8","1",0.261836242800285,1.89031849249627e-29
"93","qm.8.0","qm","9","8","1",0.72671003595223,5.69166522766603e-74
"94","nTau1.8.0","nTau1","10","8","1",1.79421901268368,7.27711509732261e-09
"95","nTau2.8.0","nTau2","11","8","1",3.27133404361519,7.76663091515364e-12
"96","nCon.8.0","nCon","12","8","1",0,1
"97","Fm.8.0","Fm","13","8","1",2771.24890210763,6.05143374412026e-91
"98","Fo.8.0","Fo","14","8","1",2480.66389928131,1.13833304553321e-73
"99","Quant.9.0","Quant","1","9","1",0.107004594621158,5.15069281327557e-75
"100","Sigma.9.0","Sigma","2","9","1",4.68048798386904,1.26498137776223e-32
"101","Connect.9.0","Connect","3","9","1",0.0468839873512546,0.437453755473536
"102","Tau1.9.0","Tau1","4","9","1",680.753608423181,1.01169328467107e-09
"103","Tau2.9.0","Tau2","5","9","1",2041258.23053265,8.9351277580572e-15
"104","NPQ.9.0","NPQ","6","9","1",0.289157325290531,1.69007398953301e-93
"105","qP.9.0","qP","7","9","1",0.453442879134595,1.03013856265511e-74
"106","ABQ.9.0","ABQ","8","9","1",0.23455320697078,1.26498137776223e-32
"107","qm.9.0","qm","9","9","1",0.721112886621618,5.15069281327557e-75
"108","nTau1.9.0","nTau1","10","9","1",1.12853691562374,1.01169328467107e-09
"109","nTau2.9.0","nTau2","11","9","1",2.8663064151299,8.9351277580572e-15
"110","nCon.9.0","nCon","12","9","1",0.182709869982891,0.437453755473536
"111","Fm.9.0","Fm","13","9","1",2694.47018628897,1.69007398953301e-93
"112","Fo.9.0","Fo","14","9","1",2406.14949628632,1.03013856265511e-74
"113","Quant.10.0","Quant","1","10","1",0.231423687344311,8.84912504510373e-68
"114","Sigma.10.0","Sigma","2","10","1",4.67896355425337,2.24196235801171e-44
"115","Connect.10.0","Connect","3","10","1",0.176479721375803,7.91327270702671e-08
"116","Tau1.10.0","Tau1","4","10","1",867.344269823305,4.57238672484053e-15
"117","Tau2.10.0","Tau2","5","10","1",1032597.21028188,5.88323671024331e-16
"118","NPQ.10.0","NPQ","6","10","1",0.640947688703677,4.12656762159127e-90
"119","qP.10.0","qP","7","10","1",0.784444910824555,1.76982500902075e-67
"120","ABQ.10.0","ABQ","8","10","1",0.234802512121127,2.24196235801171e-44
"121","qm.10.0","qm","9","10","1",0.396838197842447,8.84912504510373e-68
"122","nTau1.10.0","nTau1","10","10","1",1.4378624144462,4.57238672484053e-15
"123","nTau2.10.0","nTau2","11","10","1",1.44995864011967,5.88323671024331e-16
"124","nCon.10.0","nCon","12","10","1",0.687752658612707,7.91327270702671e-08
"125","Fm.10.0","Fm","13","10","1",2116.82310310298,4.12656762159127e-90
"126","Fo.10.0","Fo","14","10","1",1626.94009512726,1.76982500902075e-67
"127","Quant.11.0","Quant","1","11","1",0.2489239356902,9.93303931066467e-69
"128","Sigma.11.0","Sigma","2","11","1",4.72562304135451,6.42973323776134e-47
"129","Connect.11.0","Connect","3","11","1",0.168805566706631,1.06701625755861e-08
"130","Tau1.11.0","Tau1","4","11","1",801.013375679121,1.66060871188008e-16
"131","Tau2.11.0","Tau2","5","11","1",992117.338700396,1.39316719910512e-16
"132","NPQ.11.0","NPQ","6","11","1",0.630879821901547,1.5832731972609e-91
"133","qP.11.0","qP","7","11","1",0.796012031769018,1.98660786213293e-68
"134","ABQ.11.0","ABQ","8","11","1",0.227171821712553,6.42973323776134e-47
"135","qm.11.0","qm","9","11","1",0.351227130748842,9.93303931066467e-69
"136","nTau1.11.0","nTau1","10","11","1",1.32790065770806,1.66060871188008e-16
"137","nTau2.11.0","nTau2","11","11","1",1.39311736748589,1.39316719910512e-16
"138","nCon.11.0","nCon","12","11","1",0.657845991517006,1.06701625755861e-08
"139","Fm.11.0","Fm","13","11","1",2129.890830571,1.5832731972609e-91
"140","Fo.11.0","Fo","14","11","1",1599.7100224348,1.98660786213293e-68
"141","Quant.12.0","Quant","1","12","1",0.251537676216304,1.49447276853213e-69
"142","Sigma.12.0","Sigma","2","12","1",4.67633559403167,4.22017024976869e-48
"143","Connect.12.0","Connect","3","12","1",0.188191876449742,9.36212394422955e-11
"144","Tau1.12.0","Tau1","4","12","1",805.272516918286,6.42575655315097e-17
"145","Tau2.12.0","Tau2","5","12","1",972182.549265952,1.31533081917531e-16
"146","NPQ.12.0","NPQ","6","12","1",0.627955226118429,3.15975473611894e-92
"147","qP.12.0","qP","7","12","1",0.797160299838341,2.98894553706426e-69
"148","ABQ.12.0","ABQ","8","12","1",0.235232288616835,4.22017024976869e-48
"149","qm.12.0","qm","9","12","1",0.344414913450827,1.49447276853213e-69
"150","nTau1.12.0","nTau1","10","12","1",1.33496135934486,6.42575655315097e-17
"151","nTau2.12.0","nTau2","11","12","1",1.36512521343819,1.31533081917531e-16
"152","nCon.12.0","nCon","12","12","1",0.733395669194261,9.36212394422955e-11
"153","Fm.12.0","Fm","13","12","1",2133.71714571877,3.15975473611894e-92
"154","Fo.12.0","Fo","14","12","1",1597.00689318179,2.98894553706426e-69
"155","Quant.13.0","Quant","1","13","1",0.256656377659162,9.16404209124077e-68
"156","Sigma.13.0","Sigma","2","13","1",4.75694934038132,9.15604988530686e-47
"157","Connect.13.0","Connect","3","13","1",0.182118807784807,1.54832473502488e-09
"158","Tau1.13.0","Tau1","4","13","1",820.610417410085,1.59841807076857e-16
"159","Tau2.13.0","Tau2","5","13","1",931605.307483596,1.05813112933936e-16
"160","NPQ.13.0","NPQ","6","13","1",0.630275292794465,6.96959049403131e-91
"161","qP.13.0","qP","7","13","1",0.802758652468912,1.83280841824815e-67
"162","ABQ.13.0","ABQ","8","13","1",0.22204872018763,9.15604988530686e-47
"163","qm.13.0","qm","9","13","1",0.33107399220629,9.16404209124077e-68
"164","nTau1.13.0","nTau1","10","13","1",1.36038816090563,1.59841807076857e-16
"165","nTau2.13.0","nTau2","11","13","1",1.30814721492269,1.05813112933936e-16
"166","nCon.13.0","nCon","12","13","1",0.709728535725978,1.54832473502488e-09
"167","Fm.13.0","Fm","13","13","1",2130.68062417683,6.96959049403131e-91
"168","Fo.13.0","Fo","14","13","1",1583.82785322704,1.83280841824815e-67
"169","Quant.14.0","Quant","1","14","1",0.25862523227718,1.7617353306743e-69
"170","Sigma.14.0","Sigma","2","14","1",4.6977840838208,9.67338286100907e-49
"171","Connect.14.0","Connect","3","14","1",0.19515305736804,1.08545171113417e-11
"172","Tau1.14.0","Tau1","4","14","1",788.66595619463,1.02988111306513e-16
"173","Tau2.14.0","Tau2","5","14","1",910512.051184049,5.43575614468045e-17
"174","NPQ.14.0","NPQ","6","14","1",0.630055270102842,2.15057468581165e-92
"175","qP.14.0","qP","7","14","1",0.804450082878356,3.5234706613486e-69
"176","ABQ.14.0","ABQ","8","14","1",0.231724603567543,9.67338286100907e-49
"177","qm.14.0","qm","9","14","1",0.325942547308763,1.7617353306743e-69
"178","nTau1.14.0","nTau1","10","14","1",1.30743140344554,1.02988111306513e-16
"179","nTau2.14.0","nTau2","11","14","1",1.27852835781631,5.43575614468045e-17
"180","nCon.14.0","nCon","12","14","1",0.760523832398057,1.08545171113417e-11
"181","Fm.14.0","Fm","13","14","1",2130.96822061268,2.15057468581165e-92
"182","Fo.14.0","Fo","14","14","1",1579.84606958144,3.5234706613486e-69
"183","Quant.15.0","Quant","1","15","1",0.261669798382564,2.65430403446662e-68
"184","Sigma.15.0","Sigma","2","15","1",4.71360957338164,6.77141385937163e-48
"185","Connect.15.0","Connect","3","15","1",0.195547257699381,3.83036639531875e-11
"186","Tau1.15.0","Tau1","4","15","1",803.195667411582,6.5364216748626e-18
"187","Tau2.15.0","Tau2","5","15","1",899893.539101811,1.74465802630257e-18
"188","NPQ.15.0","NPQ","6","15","1",0.631545264410386,2.25069016147572e-91
"189","qP.15.0","qP","7","15","1",0.807816445537546,5.30860806893323e-68
"190","ABQ.15.0","ABQ","8","15","1",0.229136503721071,6.77141385937163e-48
"191","qm.15.0","qm","9","15","1",0.31800746512256,2.65430403446662e-68
"192","nTau1.15.0","nTau1","10","15","1",1.33151840831601,6.5364216748626e-18
"193","nTau2.15.0","nTau2","11","15","1",1.26361799084499,1.74465802630257e-18
"194","nCon.15.0","nCon","12","15","1",0.76206005607176,3.83036639531875e-11
"195","Fm.15.0","Fm","13","15","1",2129.02213269987,2.25069016147572e-91
"196","Fo.15.0","Fo","14","15","1",1571.92134048428,5.30860806893323e-68
"197","Quant.16.0","Quant","1","16","1",0.0864826463810715,8.74542546336923e-73
"198","Sigma.16.0","Sigma","2","16","1",4.89317481806924,1.50842040918004e-24
"199","Connect.16.0","Connect","3","16","1",0,1
"200","Tau1.16.0","Tau1","4","16","1",466.065804400801,5.9825125022612e-09
"201","Tau2.16.0","Tau2","5","16","1",3065798.41061049,9.71657515346655e-12
"202","NPQ.16.0","NPQ","6","16","1",0.211837749120097,1.37673468305187e-90
"203","qP.16.0","qP","7","16","1",0.363240486332172,1.74908509267385e-72
"204","ABQ.16.0","ABQ","8","16","1",0.199770411732516,1.50842040918004e-24
"205","qm.16.0","qm","9","16","1",0.774599439473309,8.74542546336923e-73
"206","nTau1.16.0","nTau1","10","16","1",0.772632651326635,5.9825125022612e-09
"207","nTau2.16.0","nTau2","11","16","1",4.30495148550357,9.71657515346655e-12
"208","nCon.16.0","nCon","12","16","1",0,1
"209","Fm.16.0","Fm","13","16","1",2866.38700680311,1.37673468305187e-90
"210","Fo.16.0","Fo","14","16","1",2618.49427290246,1.74908509267385e-72
"211","Quant.17.0","Quant","1","17","1",0.0838418171759874,3.73518664308153e-75
"212","Sigma.17.0","Sigma","2","17","1",4.71962224691899,7.35542410880164e-26
"213","Connect.17.0","Connect","3","17","1",0,1
"214","Tau1.17.0","Tau1","4","17","1",612.757635130959,3.82576669253214e-07
"215","Tau2.17.0","Tau2","5","17","1",3129342.66101085,1.38911692116314e-09
"216","NPQ.17.0","NPQ","6","17","1",0.244991531083293,4.69924048209395e-92
"217","qP.17.0","qP","7","17","1",0.389731255456323,7.47037328616306e-75
"218","ABQ.17.0","ABQ","8","17","1",0.228153191362924,7.35542410880164e-26
"219","qm.17.0","qm","9","17","1",0.781482258258229,3.73518664308153e-75
"220","nTau1.17.0","nTau1","10","17","1",1.01581483082748,3.82576669253214e-07
"221","nTau2.17.0","nTau2","11","17","1",4.3941794380687,1.38911692116314e-09
"222","nCon.17.0","nCon","12","17","1",0,1
"223","Fm.17.0","Fm","13","17","1",2790.05590938351,4.69924048209395e-92
"224","Fo.17.0","Fo","14","17","1",2556.1325519182,7.47037328616306e-75
"225","Quant.18.0","Quant","1","18","1",0.0837090514092899,5.05673621967996e-74
"226","Sigma.18.0","Sigma","2","18","1",4.88422366714942,1.05043524892558e-23
"227","Connect.18.0","Connect","3","18","1",0,1
"228","Tau1.18.0","Tau1","4","18","1",797.340692459246,8.05810313218902e-07
"229","Tau2.18.0","Tau2","5","18","1",3461375.29446744,1.56048211788682e-07
"230","NPQ.18.0","NPQ","6","18","1",0.26631169009616,1.83528246377713e-90
"231","qP.18.0","qP","7","18","1",0.407857960772479,1.01134724393599e-73
"232","ABQ.18.0","ABQ","8","18","1",0.201234282548787,1.05043524892558e-23
"233","qm.18.0","qm","9","18","1",0.781828286964387,5.05673621967996e-74
"234","nTau1.18.0","nTau1","10","18","1",1.32181217203315,8.05810313218902e-07
"235","nTau2.18.0","nTau2","11","18","1",4.86041504367396,1.56048211788682e-07
"236","nCon.18.0","nCon","12","18","1",0,1
"237","Fm.18.0","Fm","13","18","1",2743.08134845347,1.83528246377713e-90
"238","Fo.18.0","Fo","14","18","1",2513.46061083592,1.01134724393599e-73
"239","Quant.19.0","Quant","1","19","1",0.0842123627970913,1.00424697795964e-72
"240","Sigma.19.0","Sigma","2","19","1",5.11942816894818,1.40383744181155e-22
"241","Connect.19.0","Connect","3","19","1",0,1
"242","Tau1.19.0","Tau1","4","19","1",477.898592480576,7.38195951421574e-09
"243","Tau2.19.0","Tau2","5","19","1",3015230.69113868,2.10291452891861e-11
"244","NPQ.19.0","NPQ","6","19","1",0.284589296614894,7.33915386128732e-90
"245","qP.19.0","qP","7","19","1",0.42362769675865,2.00849395591928e-72
"246","ABQ.19.0","ABQ","8","19","1",0.162768948970669,1.40383744181155e-22
"247","qm.19.0","qm","9","19","1",0.780516501610016,1.00424697795964e-72
"248","nTau1.19.0","nTau1","10","19","1",0.792248762056785,7.38195951421574e-09
"249","nTau2.19.0","nTau2","11","19","1",4.23394499717567,2.10291452891861e-11
"250","nCon.19.0","nCon","12","19","1",0,1
"251","Fm.19.0","Fm","13","19","1",2704.05178338701,7.33915386128732e-90
"252","Fo.19.0","Fo","14","19","1",2476.3371935823,2.00849395591928e-72
"253","Quant.20.0","Quant","1","20","1",0.0842271416406851,4.1357391492479e-74
"254","Sigma.20.0","Sigma","2","20","1",4.8895676202359,2.03582827748984e-24
"255","Connect.20.0","Connect","3","20","1",0,1
"256","Tau1.20.0","Tau1","4","20","1",655.32354255199,2.39763458381025e-07
"257","Tau2.20.0","Tau2","5","20","1",3374336.37619286,1.18405219368866e-08
"258","NPQ.20.0","NPQ","6","20","1",0.307580961178078,4.56523065031182e-91
"259","qP.20.0","qP","7","20","1",0.442140811348553,8.27147829849579e-74
"260","ABQ.20.0","ABQ","8","20","1",0.200360332702906,2.03582827748984e-24
"261","qm.20.0","qm","9","20","1",0.780477983366538,4.1357391492479e-74
"262","nTau1.20.0","nTau1","10","20","1",1.08637956567027,2.39763458381025e-07
"263","nTau2.20.0","nTau2","11","20","1",4.7381962052709,1.18405219368866e-08
"264","nCon.20.0","nCon","12","20","1",0,1
"265","Fm.20.0","Fm","13","20","1",2656.50547198378,4.56523065031182e-91
"266","Fo.20.0","Fo","14","20","1",2432.75560932574,8.27147829849579e-74
"267","Quant.21.0","Quant","1","21","1",0.0852551444407942,1.99029260839675e-73
"268","Sigma.21.0","Sigma","2","21","1",4.69900595818059,5.3980048673625e-24
"269","Connect.21.0","Connect","3","21","1",0,1
"270","Tau1.21.0","Tau1","4","21","1",619.815364290024,8.377725581699e-08
"271","Tau2.21.0","Tau2","5","21","1",3393993.79144334,3.5929492820422e-09
"272","NPQ.21.0","NPQ","6","21","1",0.33650526565001,7.71599231388129e-90
"273","qP.21.0","qP","7","21","1",0.465640681111439,3.9805852167935e-73
"274","ABQ.21.0","ABQ","8","21","1",0.231524778290049,5.3980048673625e-24
"275","qm.21.0","qm","9","21","1",0.777798689692445,1.99029260839675e-73
"276","nTau1.21.0","nTau1","10","21","1",1.02751496402975,8.377725581699e-08
"277","nTau2.21.0","nTau2","11","21","1",4.76579887434751,3.5929492820422e-09
"278","nCon.21.0","nCon","12","21","1",0,1
"279","Fm.21.0","Fm","13","21","1",2599.01406130412,7.71599231388129e-90
"280","Fo.21.0","Fo","14","21","1",2377.43474210398,3.9805852167935e-73
"281","Quant.22.0","Quant","1","22","1",0.0812868010970025,5.18931609771665e-76
"282","Sigma.22.0","Sigma","2","22","1",4.16458375747055,3.23806450718351e-26
"283","Connect.22.0","Connect","3","22","1",0.0944799700580992,0.285363697677065
"284","Tau1.22.0","Tau1","4","22","1",465.492617055004,3.81764239364689e-08
"285","Tau2.22.0","Tau2","5","22","1",3073171.87624998,1.22085493646967e-10
"286","NPQ.22.0","NPQ","6","22","1",0.365620470425026,4.83594336879646e-90
"287","qP.22.0","qP","7","22","1",0.482884407359909,1.03786321954332e-75
"288","ABQ.22.0","ABQ","8","22","1",0.318924160804639,3.23806450718351e-26
"289","qm.22.0","qm","9","22","1",0.78814142145983,5.18931609771665e-76
"290","nTau1.22.0","nTau1","10","22","1",0.771682435167225,3.81764239364689e-08
"291","nTau2.22.0","nTau2","11","22","1",4.31530520339584,1.22085493646967e-10
"292","nCon.22.0","nCon","12","22","1",0.368194430989258,0.285363697677065
"293","Fm.22.0","Fm","13","22","1",2543.60274590075,4.83594336879646e-90
"294","Fo.22.0","Fo","14","22","1",2336.84141542493,1.03786321954332e-75
"295","Quant.23.0","Quant","1","23","1",0.36953704214262,6.5110027297951e-60
"296","Sigma.23.0","Sigma","2","23","1",5.18416871754461,1.6970837444552e-49
"297","Connect.23.0","Connect","3","23","1",0.216096982888743,7.14973050040313e-13
"298","Tau1.23.0","Tau1","4","23","1",873.89633372633,1.56240645447304e-15
"299","Tau2.23.0","Tau2","5","23","1",614405.49854198,1.090397780039e-12
"300","NPQ.23.0","NPQ","6","23","1",0.956200800010993,1.34888573794265e-86
"301","qP.23.0","qP","7","23","1",1,1.30220054595902e-59
"302","ABQ.23.0","ABQ","8","23","1",0.152181282583557,1.6970837444552e-49
"303","qm.23.0","qm","9","23","1",0.0368720209219616,6.5110027297951e-60
"304","nTau1.23.0","nTau1","10","23","1",1.44872426798116,1.56240645447304e-15
"305","nTau2.23.0","nTau2","11","23","1",0.862739655189253,1.090397780039e-12
"306","nCon.23.0","nCon","12","23","1",0.84214363747457,7.14973050040313e-13
"307","Fm.23.0","Fm","13","23","1",1775.68477551581,1.34888573794265e-86
"308","Fo.23.0","Fo","14","23","1",1119.50347579402,1.30220054595902e-59
"309","Quant.24.0","Quant","1","24","1",0.369787329671955,2.92828188682869e-60
"310","Sigma.24.0","Sigma","2","24","1",5.56699076763178,1.24784797521466e-50
"311","Connect.24.0","Connect","3","24","1",0.245749490806539,4.62960820720193e-15
"312","Tau1.24.0","Tau1","4","24","1",665.045474381615,1.13994966032206e-17
"313","Tau2.24.0","Tau2","5","24","1",694774.651608825,3.88351110175989e-13
"314","NPQ.24.0","NPQ","6","24","1",0.993663379727517,3.37606764854072e-87
"315","qP.24.0","qP","7","24","1",1.00912133844123,5.85656377365738e-60
"316","ABQ.24.0","ABQ","8","24","1",0.0895745818399595,1.24784797521466e-50
"317","qm.24.0","qm","9","24","1",0.0362196941053617,2.92828188682869e-60
"318","nTau1.24.0","nTau1","10","24","1",1.10249634981237,1.13994966032206e-17
"319","nTau2.24.0","nTau2","11","24","1",0.975592902058437,3.88351110175989e-13
"320","nCon.24.0","nCon","12","24","1",0.957701340059397,4.62960820720193e-15
"321","Fm.24.0","Fm","13","24","1",1742.31819360906,3.37606764854072e-87
"322","Fo.24.0","Fo","14","24","1",1098.0310013555,5.85656377365738e-60
"323","Quant.25.0","Quant","1","25","1",0.375852284110706,3.73806554533394e-58
"324","Sigma.25.0","Sigma","2","25","1",5.556145939317,5.960793985548e-49
"325","Connect.25.0","Connect","3","25","1",0.261477008079844,3.24732215235362e-15
"326","Tau1.25.0","Tau1","4","25","1",705.807080239877,1.55721138004711e-17
"327","Tau2.25.0","Tau2","5","25","1",669931.616998338,5.13565865266418e-13
"328","NPQ.25.0","NPQ","6","25","1",0.948201254570846,1.01620953581076e-85
"329","qP.25.0","qP","7","25","1",1.00283043697863,7.47613109066788e-58
"330","ABQ.25.0","ABQ","8","25","1",0.0913481445716888,5.960793985548e-49
"331","qm.25.0","qm","9","25","1",0.0204125444947937,3.73806554533394e-58
"332","nTau1.25.0","nTau1","10","25","1",1.17006995703526,1.55721138004711e-17
"333","nTau2.25.0","nTau2","11","25","1",0.940708658404095,5.13565865266418e-13
"334","nCon.25.0","nCon","12","25","1",1.01899247160566,3.24732215235362e-15
"335","Fm.25.0","Fm","13","25","1",1782.97594782965,1.01620953581076e-85
"336","Fo.25.0","Fo","14","25","1",1112.84036532343,7.47613109066788e-58
"337","Quant.26.0","Quant","1","26","1",0.38155999652345,9.34198062569088e-56
"338","Sigma.26.0","Sigma","2","26","1",5.53256312615791,7.89318784472376e-47
"339","Connect.26.0","Connect","3","26","1",0.235288752558208,3.846036010212e-12
"340","Tau1.26.0","Tau1","4","26","1",678.756122224191,2.76665907986947e-16
"341","Tau2.26.0","Tau2","5","26","1",630361.800334344,2.01020376989717e-12
"342","NPQ.26.0","NPQ","6","26","1",0.914959064326158,8.62039775535681e-84
"343","qP.26.0","qP","7","26","1",0.999022318216772,1.86839612513818e-55
"344","ABQ.26.0","ABQ","8","26","1",0.0952048767682988,7.89318784472376e-47
"345","qm.26.0","qm","9","26","1",0.00553647824343639,9.34198062569088e-56
"346","nTau1.26.0","nTau1","10","26","1",1.12522553117257,2.76665907986947e-16
"347","nTau2.26.0","nTau2","11","26","1",0.885145272227362,2.01020376989717e-12
"348","nCon.26.0","nCon","12","26","1",0.916935180155842,3.846036010212e-12
"349","Fm.26.0","Fm","13","26","1",1813.927014494,8.62039775535681e-84
"350","Fo.26.0","Fo","14","26","1",1121.80502914988,1.86839612513818e-55
"351","Quant.27.0","Quant","1","27","1",0.385023649639806,1.59647927483957e-57
"352","Sigma.27.0","Sigma","2","27","1",5.51215815595194,6.63073496783183e-49
"353","Connect.27.0","Connect","3","27","1",0.243522465475029,5.63890717876351e-14
"354","Tau1.27.0","Tau1","4","27","1",730.094135680373,2.0927941992086e-16
"355","Tau2.27.0","Tau2","5","27","1",632125.084797926,2.68818584975475e-12
"356","NPQ.27.0","NPQ","6","27","1",0.893283069268144,2.79190037180189e-85
"357","qP.27.0","qP","7","27","1",0.99626597776416,3.19295854967914e-57
"358","ABQ.27.0","ABQ","8","27","1",0.0985419046721938,6.63073496783183e-49
"359","qm.27.0","qm","9","27","1",-0.00349087448645924,1.59647927483957e-57
"360","nTau1.27.0","nTau1","10","27","1",1.21033245186049,2.0927941992086e-16
"361","nTau2.27.0","nTau2","11","27","1",0.88762125174532,2.68818584975475e-12
"362","nCon.27.0","nCon","12","27","1",0.949022481204663,5.63890717876351e-14
"363","Fm.27.0","Fm","13","27","1",1834.69447058126,2.79190037180189e-85
"364","Fo.27.0","Fo","14","27","1",1128.29370954409,3.19295854967914e-57
"365","Quant.1.1","Quant","1","1","2",0.364098437642235,2.47880555777113e-56
"366","Sigma.1.1","Sigma","2","1","2",5.75823246575741,5.35775949829157e-48
"367","Connect.1.1","Connect","3","1","2",0.289556221505581,5.55427992128912e-15
"368","Tau1.1.1","Tau1","4","1","2",787.823277255006,1.16454678200329e-22
"369","Tau2.1.1","Tau2","5","1","2",662348.426721714,3.90442997837149e-20
"370","NPQ.1.1","NPQ","6","1","2",0.765179552898819,1.03682470374919e-85
"371","qP.1.1","qP","7","1","2",0.965748374570119,4.95761111554225e-56
"372","ABQ.1.1","ABQ","8","1","2",0,5.35775949829157e-48
"373","qm.1.1","qm","9","1","2",0,2.47880555777113e-56
"374","nTau1.1.1","nTau1","10","1","2",1,1.16454678200329e-22
"375","nTau2.1.1","nTau2","11","1","2",1,3.90442997837149e-20
"376","nCon.1.1","nCon","12","1","2",1,5.55427992128912e-15
"377","Fm.1.1","Fm","13","1","2",2196.20717543073,1.03682470374919e-85
"378","Fo.1.1","Fo","14","1","2",1396.57157411774,4.95761111554225e-56
"379","Quant.3.1","Quant","1","3","2",0.0468014813646096,1.23600172754346e-83
"380","Sigma.3.1","Sigma","2","3","2",3.89355876768793,7.0473356265216e-25
"381","Connect.3.1","Connect","3","3","2",0,1
"382","Tau1.3.1","Tau1","4","3","2",3084.227976252,2.47039190945705e-10
"383","Tau2.3.1","Tau2","5","3","2",4345225.88225298,2.94400980599439e-18
"384","NPQ.3.1","NPQ","6","3","2",0.0259541252854104,4.49259080267285e-99
"385","qP.3.1","qP","7","3","2",0.107050952122825,2.47200345508692e-83
"386","ABQ.3.1","ABQ","8","3","2",0.323827443431325,7.0473356265216e-25
"387","qm.3.1","qm","9","3","2",0.871459263413272,1.23600172754346e-83
"388","nTau1.3.1","nTau1","10","3","2",3.9148728722491,2.47039190945705e-10
"389","nTau2.3.1","nTau2","11","3","2",6.5603324578872,2.94400980599439e-18
"390","nCon.3.1","nCon","12","3","2",0,1
"391","Fm.3.1","Fm","13","3","2",3778.62898979186,4.49259080267285e-99
"392","Fo.3.1","Fo","14","3","2",3601.78355554234,2.47200345508692e-83
"393","Quant.4.1","Quant","1","4","2",0.0615036357723284,2.75340434640579e-84
"394","Sigma.4.1","Sigma","2","4","2",3.68957875338034,8.67114275085821e-31
"395","Connect.4.1","Connect","3","4","2",0.135187603600129,0.0428234905597359
"396","Tau1.4.1","Tau1","4","4","2",3054.26641407696,1.26395068177829e-10
"397","Tau2.4.1","Tau2","5","4","2",3209620.11817229,1.49151941087804e-18
"398","NPQ.4.1","NPQ","6","4","2",0.0486691129756548,3.70033041795257e-100
"399","qP.4.1","qP","7","4","2",0.158594352584927,5.50680869281159e-84
"400","ABQ.4.1","ABQ","8","4","2",0.359251510715966,8.67114275085821e-31
"401","qm.4.1","qm","9","4","2",0.831079649309668,2.75340434640579e-84
"402","nTau1.4.1","nTau1","10","4","2",3.87684205615105,1.26395068177829e-10
"403","nTau2.4.1","nTau2","11","4","2",4.84581828639387,1.49151941087804e-18
"404","nCon.4.1","nCon","12","4","2",0.466878600974987,0.0428234905597359
"405","Fm.4.1","Fm","13","4","2",3696.78095028436,3.70033041795257e-100
"406","Fo.4.1","Fo","14","4","2",3469.41548118799,5.50680869281159e-84
"407","Quant.5.1","Quant","1","5","2",0.0760730873995203,7.52133359432449e-82
"408","Sigma.5.1","Sigma","2","5","2",3.83255096041167,5.37724207469649e-34
"409","Connect.5.1","Connect","3","5","2",0.143750626014999,0.00822513083866295
"410","Tau1.5.1","Tau1","4","5","2",2753.63059188979,3.44356468676491e-12
"411","Tau2.5.1","Tau2","5","5","2",2762627.18154626,2.65553894772919e-17
"412","NPQ.5.1","NPQ","6","5","2",0.0964638850552008,9.77446390659979e-100
"413","qP.5.1","qP","7","5","2",0.237541695272552,1.5042667188649e-81
"414","ABQ.5.1","ABQ","8","5","2",0.334422327823204,5.37724207469649e-34
"415","qm.5.1","qm","9","5","2",0.79106450471982,7.52133359432449e-82
"416","nTau1.5.1","nTau1","10","5","2",3.49523893414802,3.44356468676491e-12
"417","nTau2.5.1","nTau2","11","5","2",4.17095756567258,2.65553894772919e-17
"418","nCon.5.1","nCon","12","5","2",0.496451519043698,0.00822513083866295
"419","Fm.5.1","Fm","13","5","2",3535.63856761669,9.77446390659979e-100
"420","Fo.5.1","Fo","14","5","2",3266.67162584927,1.5042667188649e-81
"421","Quant.6.1","Quant","1","6","2",0.0913365743960374,1.70884422039186e-82
"422","Sigma.6.1","Sigma","2","6","2",3.8482255551452,1.90788249426263e-38
"423","Connect.6.1","Connect","3","6","2",0.135838306951055,0.00149215160319998
"424","Tau1.6.1","Tau1","4","6","2",1844.22068066344,5.57291663584854e-12
"425","Tau2.6.1","Tau2","5","6","2",2268971.72389122,9.89475956808e-19
"426","NPQ.6.1","NPQ","6","6","2",0.136780053623089,5.04796352090433e-101
"427","qP.6.1","qP","7","6","2",0.302923180994763,3.41768844078373e-82
"428","ABQ.6.1","ABQ","8","6","2",0.331700208696068,1.90788249426263e-38
"429","qm.6.1","qm","9","6","2",0.749143185047706,1.70884422039186e-82
"430","nTau1.6.1","nTau1","10","6","2",2.34090656357504,5.57291663584854e-12
"431","nTau2.6.1","nTau2","11","6","2",3.42564673267432,9.89475956808e-19
"432","nCon.6.1","nCon","12","6","2",0.469125844524246,0.00149215160319998
"433","Fm.6.1","Fm","13","6","2",3410.2463248228,5.04796352090433e-101
"434","Fo.6.1","Fo","14","6","2",3098.76610766681,3.41768844078373e-82
"435","Quant.7.1","Quant","1","7","2",0.0941836944748474,4.12904652370073e-79
"436","Sigma.7.1","Sigma","2","7","2",3.94816246786607,1.80826587412989e-35
"437","Connect.7.1","Connect","3","7","2",0.073684394481217,0.141172111770422
"438","Tau1.7.1","Tau1","4","7","2",2106.57519001386,1.59984555474126e-11
"439","Tau2.7.1","Tau2","5","7","2",2360698.84745981,8.05203931251063e-16
"440","NPQ.7.1","NPQ","6","7","2",0.175046223424598,2.3730217697764e-98
"441","qP.7.1","qP","7","7","2",0.345875960222388,8.25809304740147e-79
"442","ABQ.7.1","ABQ","8","7","2",0.314344724471496,1.80826587412989e-35
"443","qm.7.1","qm","9","7","2",0.74132354127981,4.12904652370073e-79
"444","nTau1.7.1","nTau1","10","7","2",2.67391844190458,1.59984555474126e-11
"445","nTau2.7.1","nTau2","11","7","2",3.56413445283484,8.05203931251063e-16
"446","nCon.7.1","nCon","12","7","2",0.254473532283598,0.141172111770422
"447","Fm.7.1","Fm","13","7","2",3299.18936184621,2.3730217697764e-98
"448","Fo.7.1","Fo","14","7","2",2988.45951897542,8.25809304740147e-79
"449","Quant.8.1","Quant","1","8","2",0.0965496839858629,8.02956282135321e-82
"450","Sigma.8.1","Sigma","2","8","2",3.98273907621881,1.80394644337279e-39
"451","Connect.8.1","Connect","3","8","2",0.0958512498646008,0.0154758614665336
"452","Tau1.8.1","Tau1","4","8","2",1763.77613439419,1.81992575460473e-13
"453","Tau2.8.1","Tau2","5","8","2",2303390.07202515,1.13799297498018e-18
"454","NPQ.8.1","NPQ","6","8","2",0.207448263780735,1.30381204985769e-101
"455","qP.8.1","qP","7","8","2",0.380061720925213,1.60591256427064e-81
"456","ABQ.8.1","ABQ","8","8","2",0.308339998445176,1.80394644337279e-39
"457","qm.8.1","qm","9","8","2",0.734825327427708,8.02956282135321e-82
"458","nTau1.8.1","nTau1","10","8","2",2.23879667600032,1.81992575460473e-13
"459","nTau2.8.1","nTau2","11","8","2",3.47761084513442,1.13799297498018e-18
"460","nCon.8.1","nCon","12","8","2",0.331028113870983,0.0154758614665336
"461","Fm.8.1","Fm","13","8","2",3210.65516120862,1.30381204985769e-101
"462","Fo.8.1","Fo","14","8","2",2900.66742000634,1.60591256427064e-81
"463","Quant.9.1","Quant","1","9","2",0.0983610197542861,1.62714266794574e-80
"464","Sigma.9.1","Sigma","2","9","2",3.87105398152525,5.54772620401209e-38
"465","Connect.9.1","Connect","3","9","2",0.166455687538247,0.000164472398551834
"466","Tau1.9.1","Tau1","4","9","2",1738.5979758072,3.45912863557046e-12
"467","Tau2.9.1","Tau2","5","9","2",2181908.33433762,4.68842249549364e-18
"468","NPQ.9.1","NPQ","6","9","2",0.2424443454969,3.8181912823547e-99
"469","qP.9.1","qP","7","9","2",0.414077363452225,3.25428533589148e-80
"470","ABQ.9.1","ABQ","8","9","2",0.327735723671227,5.54772620401209e-38
"471","qm.9.1","qm","9","9","2",0.72985047562622,1.62714266794574e-80
"472","nTau1.9.1","nTau1","10","9","2",2.20683753070227,3.45912863557046e-12
"473","nTau2.9.1","nTau2","11","9","2",3.29420022198429,4.68842249549364e-18
"474","nCon.9.1","nCon","12","9","2",0.574864828228318,0.000164472398551834
"475","Fm.9.1","Fm","13","9","2",3120.22024491533,3.8181912823547e-99
"476","Fo.9.1","Fo","14","9","2",2813.31219976749,3.25428533589148e-80
"477","Quant.10.1","Quant","1","10","2",0.226555957213412,2.34656134950912e-74
"478","Sigma.10.1","Sigma","2","10","2",4.14841601012487,2.87971866000947e-51
"479","Connect.10.1","Connect","3","10","2",0.217416519747787,4.68446149330402e-15
"480","Tau1.10.1","Tau1","4","10","2",1077.37883494474,2.18986777817503e-16
"481","Tau2.10.1","Tau2","5","10","2",976211.719572684,1.6653063146967e-19
"482","NPQ.10.1","NPQ","6","10","2",0.571829464472429,2.12939861217446e-97
"483","qP.10.1","qP","7","10","2",0.766759530579058,4.69312269901824e-74
"484","ABQ.10.1","ABQ","8","10","2",0.279567812728239,2.87971866000947e-51
"485","qm.10.1","qm","9","10","2",0.377761797934362,2.34656134950912e-74
"486","nTau1.10.1","nTau1","10","10","2",1.36753871845298,2.18986777817503e-16
"487","nTau2.10.1","nTau2","11","10","2",1.47386432908799,1.6653063146967e-19
"488","nCon.10.1","nCon","12","10","2",0.750861157868771,4.68446149330402e-15
"489","Fm.10.1","Fm","13","10","2",2466.36170629438,2.12939861217446e-97
"490","Fo.10.1","Fo","14","10","2",1907.59276909035,4.69312269901824e-74
"491","Quant.11.1","Quant","1","11","2",0.239699675815384,1.92817807098129e-74
"492","Sigma.11.1","Sigma","2","11","2",4.25157151226525,7.16738386004355e-53
"493","Connect.11.1","Connect","3","11","2",0.239439479062991,9.78670265283226e-18
"494","Tau1.11.1","Tau1","4","11","2",1039.89178558064,3.08868569809535e-19
"495","Tau2.11.1","Tau2","5","11","2",935696.388937006,1.98368828453532e-21
"496","NPQ.11.1","NPQ","6","11","2",0.562322120502,8.49011152752931e-98
"497","qP.11.1","qP","7","11","2",0.774939145225437,3.85635614196259e-74
"498","ABQ.11.1","ABQ","8","11","2",0.261653374095583,7.16738386004355e-53
"499","qm.11.1","qm","9","11","2",0.341662443355734,1.92817807098129e-74
"500","nTau1.11.1","nTau1","10","11","2",1.31995564944959,3.08868569809535e-19
"501","nTau2.11.1","nTau2","11","11","2",1.41269511813929,1.98368828453532e-21
"502","nCon.11.1","nCon","12","11","2",0.826918785643762,9.78670265283226e-18
"503","Fm.11.1","Fm","13","11","2",2481.37048635934,8.49011152752931e-98
"504","Fo.11.1","Fo","14","11","2",1886.58678520114,3.85635614196259e-74
"505","Quant.12.1","Quant","1","12","2",0.245663059824126,1.09435512051556e-72
"506","Sigma.12.1","Sigma","2","12","2",4.17363841389358,1.33722793336226e-51
"507","Connect.12.1","Connect","3","12","2",0.2382025253589,1.09106150992809e-16
"508","Tau1.12.1","Tau1","4","12","2",1115.89650409137,7.52150021275921e-18
"509","Tau2.12.1","Tau2","5","12","2",941508.570811177,5.61964048771781e-19
"510","NPQ.12.1","NPQ","6","12","2",0.560207564189551,4.59931611768934e-96
"511","qP.12.1","qP","7","12","2",0.779713324497641,2.18871024103112e-72
"512","ABQ.12.1","ABQ","8","12","2",0.275187579050856,1.33722793336226e-51
"513","qm.12.1","qm","9","12","2",0.325283949541371,1.09435512051556e-72
"514","nTau1.12.1","nTau1","10","12","2",1.41642997396505,7.52150021275921e-18
"515","nTau2.12.1","nTau2","11","12","2",1.4214702305117,5.61964048771781e-19
"516","nCon.12.1","nCon","12","12","2",0.822646890888195,1.09106150992809e-16
"517","Fm.12.1","Fm","13","12","2",2484.73349891349,4.59931611768934e-96
"518","Fo.12.1","Fo","14","12","2",1874.3262647229,2.18871024103112e-72
"519","Quant.13.1","Quant","1","13","2",0.249046125353862,1.54905696068017e-74
"520","Sigma.13.1","Sigma","2","13","2",4.19673967256727,8.17455698991736e-54
"521","Connect.13.1","Connect","3","13","2",0.235878963972178,3.89354549048687e-18
"522","Tau1.13.1","Tau1","4","13","2",1079.3805197557,1.5210342458661e-18
"523","Tau2.13.1","Tau2","5","13","2",936194.251876705,2.18931006000329e-19
"524","NPQ.13.1","NPQ","6","13","2",0.560259266447946,8.34019756424303e-98
"525","qP.13.1","qP","7","13","2",0.783010657640297,3.09811392136034e-74
"526","ABQ.13.1","ABQ","8","13","2",0.271175712768787,8.17455698991736e-54
"527","qm.13.1","qm","9","13","2",0.315992326233007,1.54905696068017e-74
"528","nTau1.13.1","nTau1","10","13","2",1.37007949741794,1.5210342458661e-18
"529","nTau2.13.1","nTau2","11","13","2",1.41344678134194,2.18931006000329e-19
"530","nCon.13.1","nCon","12","13","2",0.814622330494916,3.89354549048687e-18
"531","Fm.13.1","Fm","13","13","2",2484.65116238381,8.34019756424303e-98
"532","Fo.13.1","Fo","14","13","2",1865.85841753615,3.09811392136034e-74
"533","Quant.14.1","Quant","1","14","2",0.24911913290792,5.59289080890369e-71
"534","Sigma.14.1","Sigma","2","14","2",4.24770493905054,1.87923919425095e-50
"535","Connect.14.1","Connect","3","14","2",0.242855267007704,7.44388436209673e-16
"536","Tau1.14.1","Tau1","4","14","2",1017.08611737647,6.38146322154852e-19
"537","Tau2.14.1","Tau2","5","14","2",926574.865424434,6.18417311261292e-20
"538","NPQ.14.1","NPQ","6","14","2",0.565400626411269,1.65735608472115e-94
"539","qP.14.1","qP","7","14","2",0.785467338999128,1.11857816178074e-70
"540","ABQ.14.1","ABQ","8","14","2",0.262324860222221,1.87923919425095e-50
"541","qm.14.1","qm","9","14","2",0.315791810255704,5.59289080890369e-71
"542","nTau1.14.1","nTau1","10","14","2",1.2910079541192,6.38146322154852e-19
"543","nTau2.14.1","nTau2","11","14","2",1.39892362998506,6.18417311261292e-20
"544","nCon.14.1","nCon","12","14","2",0.838715416802135,7.44388436209673e-16
"545","Fm.14.1","Fm","13","14","2",2476.49064053811,1.65735608472115e-94
"546","Fo.14.1","Fo","14","14","2",1859.54943951267,1.11857816178074e-70
"547","Quant.15.1","Quant","1","15","2",0.251382963343132,1.66686282620039e-73
"548","Sigma.15.1","Sigma","2","15","2",4.22572472894532,4.58036665105871e-53
"549","Connect.15.1","Connect","3","15","2",0.239111351122107,1.07669692657896e-17
"550","Tau1.15.1","Tau1","4","15","2",1020.66245279322,3.47258333198005e-18
"551","Tau2.15.1","Tau2","5","15","2",896873.823128396,1.29335618921419e-19
"552","NPQ.15.1","NPQ","6","15","2",0.566345633836384,6.825242976194e-97
"553","qP.15.1","qP","7","15","2",0.788085968573383,3.33372565240078e-73
"554","ABQ.15.1","ABQ","8","15","2",0.266142040274595,4.58036665105871e-53
"555","qm.15.1","qm","9","15","2",0.309574177326896,1.66686282620039e-73
"556","nTau1.15.1","nTau1","10","15","2",1.29554746890634,3.47258333198005e-18
"557","nTau2.15.1","nTau2","11","15","2",1.35408160862926,1.29335618921419e-19
"558","nCon.15.1","nCon","12","15","2",0.825785575867858,1.07669692657896e-17
"559","Fm.15.1","Fm","13","15","2",2474.99652455695,6.825242976194e-97
"560","Fo.15.1","Fo","14","15","2",1852.82456394987,3.33372565240078e-73
"561","Quant.16.1","Quant","1","16","2",0.076278511313466,3.5251616346833e-82
"562","Sigma.16.1","Sigma","2","16","2",3.80380579450686,1.99493404347932e-33
"563","Connect.16.1","Connect","3","16","2",0.165436912389649,0.00375432188932115
"564","Tau1.16.1","Tau1","4","16","2",1467.86205377814,4.68591052818413e-12
"565","Tau2.16.1","Tau2","5","16","2",3512146.66731273,1.73396352232619e-14
"566","NPQ.16.1","NPQ","6","16","2",0.171514042871778,4.16286723370278e-99
"567","qP.16.1","qP","7","16","2",0.319295474804957,7.05032326936659e-82
"568","ABQ.16.1","ABQ","8","16","2",0.339414339881722,1.99493404347932e-33
"569","qm.16.1","qm","9","16","2",0.790500305885911,3.5251616346833e-82
"570","nTau1.16.1","nTau1","10","16","2",1.86318695595359,4.68591052818413e-12
"571","nTau2.16.1","nTau2","11","16","2",5.30256663354068,1.73396352232619e-14
"572","nCon.16.1","nCon","12","16","2",0.571346426367361,0.00375432188932115
"573","Fm.16.1","Fm","13","16","2",3309.13660283311,4.16286723370278e-99
"574","Fo.16.1","Fo","14","16","2",3056.7205890361,7.05032326936659e-82
"575","Quant.17.1","Quant","1","17","2",0.073155727295123,6.02359603961623e-80
"576","Sigma.17.1","Sigma","2","17","2",4.09049596311205,7.34558775960296e-30
"577","Connect.17.1","Connect","3","17","2",0.0368838286842878,0.604210040127689
"578","Tau1.17.1","Tau1","4","17","2",1912.96082799403,1.46457249705272e-12
"579","Tau2.17.1","Tau2","5","17","2",3797173.64242514,1.24285252109321e-13
"580","NPQ.17.1","NPQ","6","17","2",0.20714665474939,1.89206147017052e-98
"581","qP.17.1","qP","7","17","2",0.350524810635351,1.20471920792325e-79
"582","ABQ.17.1","ABQ","8","17","2",0.289626463079238,7.34558775960296e-30
"583","qm.17.1","qm","9","17","2",0.799077063420398,6.02359603961623e-80
"584","nTau1.17.1","nTau1","10","17","2",2.42815982114582,1.46457249705272e-12
"585","nTau2.17.1","nTau2","11","17","2",5.73289448458299,1.24285252109321e-13
"586","nCon.17.1","nCon","12","17","2",0.127380542861439,0.604210040127689
"587","Fm.17.1","Fm","13","17","2",3211.45735254912,1.89206147017052e-98
"588","Fo.17.1","Fo","14","17","2",2976.52085424612,1.20471920792325e-79
"589","Quant.18.1","Quant","1","18","2",0.0780138933948848,5.29374702284927e-80
"590","Sigma.18.1","Sigma","2","18","2",4.09912353014105,1.63910049207289e-31
"591","Connect.18.1","Connect","3","18","2",0.0618791669619187,0.33267170457238
"592","Tau1.18.1","Tau1","4","18","2",1267.53920331317,5.18867739325935e-12
"593","Tau2.18.1","Tau2","5","18","2",3453115.3215816,1.43800690595084e-15
"594","NPQ.18.1","NPQ","6","18","2",0.22440282890353,1.04325308809981e-98
"595","qP.18.1","qP","7","18","2",0.372849433702718,1.05874940456985e-79
"596","ABQ.18.1","ABQ","8","18","2",0.28812816180705,1.63910049207289e-31
"597","qm.18.1","qm","9","18","2",0.785734061645325,5.29374702284927e-80
"598","nTau1.18.1","nTau1","10","18","2",1.60891311529868,5.18867739325935e-12
"599","nTau2.18.1","nTau2","11","18","2",5.21344232471835,1.43800690595084e-15
"600","nCon.18.1","nCon","12","18","2",0.213703461939691,0.33267170457238
"601","Fm.18.1","Fm","13","18","2",3166.19653964018,1.04325308809981e-98
"602","Fo.18.1","Fo","14","18","2",2919.18922032943,1.05874940456985e-79
"603","Quant.19.1","Quant","1","19","2",0.0742931056189019,2.33674345992784e-84
"604","Sigma.19.1","Sigma","2","19","2",3.84690274591722,2.53383896755533e-36
"605","Connect.19.1","Connect","3","19","2",0.170285169364604,0.000409705705245548
"606","Tau1.19.1","Tau1","4","19","2",1577.41234417551,5.12448297995287e-12
"607","Tau2.19.1","Tau2","5","19","2",3819408.84062284,6.35169299501371e-14
"608","NPQ.19.1","NPQ","6","19","2",0.24220328896802,2.81782412849202e-102
"609","qP.19.1","qP","7","19","2",0.384616669047483,4.67348691985568e-84
"610","ABQ.19.1","ABQ","8","19","2",0.331929933570124,2.53383896755533e-36
"611","qm.19.1","qm","9","19","2",0.795953242480259,2.33674345992784e-84
"612","nTau1.19.1","nTau1","10","19","2",2.00224135249171,5.12448297995287e-12
"613","nTau2.19.1","nTau2","11","19","2",5.76646472843147,6.35169299501371e-14
"614","nCon.19.1","nCon","12","19","2",0.588090176336695,0.000409705705245548
"615","Fm.19.1","Fm","13","19","2",3120.82574118817,2.81782412849202e-102
"616","Fo.19.1","Fo","14","19","2",2888.96990477989,4.67348691985568e-84
"617","Quant.20.1","Quant","1","20","2",0.0738507988806031,2.07762270252823e-81
"618","Sigma.20.1","Sigma","2","20","2",3.9216415192923,4.63354958753678e-32
"619","Connect.20.1","Connect","3","20","2",0.111640749439277,0.0689970615629783
"620","Tau1.20.1","Tau1","4","20","2",1675.73802635929,5.14114105681168e-13
"621","Tau2.20.1","Tau2","5","20","2",3570018.28569884,1.27704675232e-15
"622","NPQ.20.1","NPQ","6","20","2",0.266534781865021,3.75184106641687e-99
"623","qP.20.1","qP","7","20","2",0.405700967631799,4.15524540505646e-81
"624","ABQ.20.1","ABQ","8","20","2",0.318950469156429,4.63354958753678e-32
"625","qm.20.1","qm","9","20","2",0.797168042360102,2.07762270252823e-81
"626","nTau1.20.1","nTau1","10","20","2",2.12704812708508,5.14114105681168e-13
"627","nTau2.20.1","nTau2","11","20","2",5.3899400099259,1.27704675232e-15
"628","nCon.20.1","nCon","12","20","2",0.385558109781887,0.0689970615629783
"629","Fm.20.1","Fm","13","20","2",3060.87132821683,3.75184106641687e-99
"630","Fo.20.1","Fo","14","20","2",2834.82353535728,4.15524540505646e-81
"631","Quant.21.1","Quant","1","21","2",0.0732704074110461,1.0363145488181e-81
"632","Sigma.21.1","Sigma","2","21","2",3.82063448704979,4.85236544196531e-32
"633","Connect.21.1","Connect","3","21","2",0.120805032082633,0.0501883635306793
"634","Tau1.21.1","Tau1","4","21","2",1758.50127169962,2.62133169329947e-12
"635","Tau2.21.1","Tau2","5","21","2",3544962.72419775,1.26077509237341e-14
"636","NPQ.21.1","NPQ","6","21","2",0.293502208290934,7.14535106988475e-99
"637","qP.21.1","qP","7","21","2",0.428037420455059,2.07262909763619e-81
"638","ABQ.21.1","ABQ","8","21","2",0.336491795048215,4.85236544196531e-32
"639","qm.21.1","qm","9","21","2",0.798762093335204,1.0363145488181e-81
"640","nTau1.21.1","nTau1","10","21","2",2.23210118622888,2.62133169329947e-12
"641","nTau2.21.1","nTau2","11","21","2",5.35211163970525,1.26077509237341e-14
"642","nCon.21.1","nCon","12","21","2",0.417207516573097,0.0501883635306793
"643","Fm.21.1","Fm","13","21","2",2997.05711760799,7.14535106988475e-99
"644","Fo.21.1","Fo","14","21","2",2777.46152156668,2.07262909763619e-81
"645","Quant.22.1","Quant","1","22","2",0.0767398881254105,4.56030907003386e-80
"646","Sigma.22.1","Sigma","2","22","2",3.85163464401027,2.89239381748266e-30
"647","Connect.22.1","Connect","3","22","2",0,1
"648","Tau1.22.1","Tau1","4","22","2",1462.61926234244,8.26447796498388e-15
"649","Tau2.22.1","Tau2","5","22","2",3875044.10614481,1.9785483626474e-15
"650","NPQ.22.1","NPQ","6","22","2",0.325520740475127,1.2660568891223e-97
"651","qP.22.1","qP","7","22","2",0.45811341606453,9.12061814006771e-80
"652","ABQ.22.1","ABQ","8","22","2",0.331108171315614,2.89239381748266e-30
"653","qm.22.1","qm","9","22","2",0.789233129858098,4.56030907003386e-80
"654","nTau1.22.1","nTau1","10","22","2",1.85653217487887,8.26447796498388e-15
"655","nTau2.22.1","nTau2","11","22","2",5.85046170536601,1.9785483626474e-15
"656","nCon.22.1","nCon","12","22","2",0,1
"657","Fm.22.1","Fm","13","22","2",2924.66189447207,1.2660568891223e-97
"658","Fo.22.1","Fo","14","22","2",2700.22366788563,9.12061814006771e-80
"659","Quant.23.1","Quant","1","23","2",0.352797637133618,6.97422694837594e-60
"660","Sigma.23.1","Sigma","2","23","2",4.92790583452669,3.04856048014729e-49
"661","Connect.23.1","Connect","3","23","2",0.23695272530047,2.92151977604607e-13
"662","Tau1.23.1","Tau1","4","23","2",1032.20703806967,2.65502764489902e-17
"663","Tau2.23.1","Tau2","5","23","2",645948.517924344,3.51400372508396e-14
"664","NPQ.23.1","NPQ","6","23","2",0.917308266062268,2.91611474077592e-87
"665","qP.23.1","qP","7","23","2",1,1.39484538967519e-59
"666","ABQ.23.1","ABQ","8","23","2",0.144198178202849,3.04856048014729e-49
"667","qm.23.1","qm","9","23","2",0.0310377616058913,6.97422694837594e-60
"668","nTau1.23.1","nTau1","10","23","2",1.31020124420055,2.65502764489902e-17
"669","nTau2.23.1","nTau2","11","23","2",0.975239755790557,3.51400372508396e-14
"670","nCon.23.1","nCon","12","23","2",0.818330630467572,2.92151977604607e-13
"671","Fm.23.1","Fm","13","23","2",2021.94924448007,2.91611474077592e-87
"672","Fo.23.1","Fo","14","23","2",1308.6103286234,1.39484538967519e-59
"673","Quant.24.1","Quant","1","24","2",0.356041340186147,1.70888527298516e-58
"674","Sigma.24.1","Sigma","2","24","2",5.26573382652467,1.05786170404888e-48
"675","Connect.24.1","Connect","3","24","2",0.270088476007207,8.38020806339003e-15
"676","Tau1.24.1","Tau1","4","24","2",920.248458056872,1.02950663332741e-17
"677","Tau2.24.1","Tau2","5","24","2",675310.13784144,2.81613979382079e-14
"678","NPQ.24.1","NPQ","6","24","2",0.920378011917007,9.92464645638568e-87
"679","qP.24.1","qP","7","24","2",1.00336434796776,3.41777054597031e-58
"680","ABQ.24.1","ABQ","8","24","2",0.0855294818612297,1.05786170404888e-48
"681","qm.24.1","qm","9","24","2",0.0221288987348126,1.70888527298516e-58
"682","nTau1.24.1","nTau1","10","24","2",1.16808995700568,1.02950663332741e-17
"683","nTau2.24.1","nTau2","11","24","2",1.01956932423601,2.81613979382079e-14
"684","nCon.24.1","nCon","12","24","2",0.932766958357348,8.38020806339003e-15
"685","Fm.24.1","Fm","13","24","2",2018.71713586749,9.92464645638568e-87
"686","Fo.24.1","Fo","14","24","2",1299.97038135649,3.41777054597031e-58
"687","Quant.25.1","Quant","1","25","2",0.361667000918844,1.29755757351421e-55
"688","Sigma.25.1","Sigma","2","25","2",5.19289745341186,3.64624551415404e-46
"689","Connect.25.1","Connect","3","25","2",0.253175112088898,3.15408785541341e-12
"690","Tau1.25.1","Tau1","4","25","2",923.68883618596,9.84613101421987e-19
"691","Tau2.25.1","Tau2","5","25","2",640958.06585481,2.10516240834097e-15
"692","NPQ.25.1","NPQ","6","25","2",0.876148824880974,2.06159520364875e-84
"693","qP.25.1","qP","7","25","2",0.99595738303429,2.59511514702843e-55
"694","ABQ.25.1","ABQ","8","25","2",0.0981785670702663,3.64624551415404e-46
"695","qm.25.1","qm","9","25","2",0.0066779652753699,1.29755757351421e-55
"696","nTau1.25.1","nTau1","10","25","2",1.17245689846122,9.84613101421987e-19
"697","nTau2.25.1","nTau2","11","25","2",0.967705274136793,2.10516240834097e-15
"698","nCon.25.1","nCon","12","25","2",0.87435562866681,3.15408785541341e-12
"699","Fm.25.1","Fm","13","25","2",2066.30729321057,2.06159520364875e-84
"700","Fo.25.1","Fo","14","25","2",1318.99213149837,2.59511514702843e-55
"701","Quant.26.1","Quant","1","26","2",0.366019786690114,1.85375915729943e-57
"702","Sigma.26.1","Sigma","2","26","2",5.13869145821579,2.33663372159375e-48
"703","Connect.26.1","Connect","3","26","2",0.246081258546838,6.23263032445301e-13
"704","Tau1.26.1","Tau1","4","26","2",959.390432536551,2.15552634839898e-17
"705","Tau2.26.1","Tau2","5","26","2",607896.298273479,1.39131869921807e-14
"706","NPQ.26.1","NPQ","6","26","2",0.844374853974426,1.15994907866152e-85
"707","qP.26.1","qP","7","26","2",0.990671820438563,3.70751831459887e-57
"708","ABQ.26.1","ABQ","8","26","2",0.107592218832056,2.33663372159375e-48
"709","qm.26.1","qm","9","26","2",-0.00527700437365408,1.85375915729943e-57
"710","nTau1.26.1","nTau1","10","26","2",1.21777365588807,2.15552634839898e-17
"711","nTau2.26.1","nTau2","11","26","2",0.91778929902839,1.39131869921807e-14
"712","nCon.26.1","nCon","12","26","2",0.849856574544695,6.23263032445301e-13
"713","Fm.26.1","Fm","13","26","2",2101.90460558825,1.15994907866152e-85
"714","Fo.26.1","Fo","14","26","2",1332.56593020787,3.70751831459887e-57
"715","Quant.27.1","Quant","1","27","2",0.36657151720188,2.92142315306089e-58
"716","Sigma.27.1","Sigma","2","27","2",5.18152235828055,3.05100392316438e-49
"717","Connect.27.1","Connect","3","27","2",0.246321728173602,2.12611765519819e-13
"718","Tau1.27.1","Tau1","4","27","2",978.523252006423,7.83631882010009e-18
"719","Tau2.27.1","Tau2","5","27","2",591339.978850812,3.04327935035654e-15
"720","NPQ.27.1","NPQ","6","27","2",0.828182132055291,2.49479254029325e-86
"721","qP.27.1","qP","7","27","2",0.986531406742202,5.84284630612178e-58
"722","ABQ.27.1","ABQ","8","27","2",0.100154016168397,3.05100392316438e-49
"723","qm.27.1","qm","9","27","2",-0.00679233774157262,2.92142315306089e-58
"724","nTau1.27.1","nTau1","10","27","2",1.24205933012778,7.83631882010009e-18
"725","nTau2.27.1","nTau2","11","27","2",0.892792909281361,3.04327935035654e-15
"726","nCon.27.1","nCon","12","27","2",0.850687051008002,2.12611765519819e-13
"727","Fm.27.1","Fm","13","27","2",2120.52176423019,2.49479254029325e-86
"728","Fo.27.1","Fo","14","27","2",1343.19888385672,5.84284630612178e-58
"729","Quant.1.2","Quant","1","1","3",0.368837621133849,3.76852389975874e-68
"730","Sigma.1.2","Sigma","2","1","3",5.15895276452484,8.16507233718329e-58
"731","Connect.1.2","Connect","3","1","3",0.280300160510895,1.8564349873154e-18
"732","Tau1.1.2","Tau1","4","1","3",696.935124170876,1.0364722528223e-23
"733","Tau2.1.2","Tau2","5","1","3",657898.702921701,3.09263835762614e-21
"734","NPQ.1.2","NPQ","6","1","3",0.862547489980213,9.52637496948053e-103
"735","qP.1.2","qP","7","1","3",0.970130900559224,7.53704779951749e-68
"736","ABQ.1.2","ABQ","8","1","3",0,8.16507233718329e-58
"737","qm.1.2","qm","9","1","3",0,3.76852389975874e-68
"738","nTau1.1.2","nTau1","10","1","3",1,1.0364722528223e-23
"739","nTau2.1.2","nTau2","11","1","3",1,3.09263835762614e-21
"740","nCon.1.2","nCon","12","1","3",1,1.8564349873154e-18
"741","Fm.1.2","Fm","13","1","3",1936.04696318536,9.52637496948053e-103
"742","Fo.1.2","Fo","14","1","3",1221.96000688066,7.53704779951749e-68
"743","Quant.3.2","Quant","1","3","3",0.0501892177861507,1.18970626640691e-96
"744","Sigma.3.2","Sigma","2","3","3",3.73110485714767,8.83282247935573e-32
"745","Connect.3.2","Connect","3","3","3",0.125187730111734,0.0829682927361977
"746","Tau1.3.2","Tau1","4","3","3",2433.22538174466,7.6221717744077e-12
"747","Tau2.3.2","Tau2","5","3","3",4053029.61517463,2.61395424352739e-21
"748","NPQ.3.2","NPQ","6","3","3",0.0787358638107972,2.64548273980463e-115
"749","qP.3.2","qP","7","3","3",0.175374357125954,2.37941253281382e-96
"750","ABQ.3.2","ABQ","8","3","3",0.27677088210531,8.83282247935573e-32
"751","qm.3.2","qm","9","3","3",0.863925980132224,1.18970626640691e-96
"752","nTau1.3.2","nTau1","10","3","3",3.49132264590538,7.6221717744077e-12
"753","nTau2.3.2","nTau2","11","3","3",6.16056787644557,2.61395424352739e-21
"754","nCon.3.2","nCon","12","3","3",0.446620258381436,0.0829682927361977
"755","Fm.3.2","Fm","13","3","3",3342.7825408771,2.64548273980463e-115
"756","Fo.3.2","Fo","14","3","3",3175.01089992127,2.37941253281382e-96
"757","Quant.4.2","Quant","1","4","3",0.0586980813280823,1.33846784737324e-98
"758","Sigma.4.2","Sigma","2","4","3",3.33887744718991,1.76693238936095e-36
"759","Connect.4.2","Connect","3","4","3",0.131821924855679,0.0236875880958344
"760","Tau1.4.2","Tau1","4","4","3",3234.03229366058,6.21995296594999e-12
"761","Tau2.4.2","Tau2","5","4","3",3272067.87859463,6.40475185799552e-19
"762","NPQ.4.2","NPQ","6","4","3",0.114873254125582,6.34950250707302e-117
"763","qP.4.2","qP","7","4","3",0.228452703989622,2.67693569474647e-98
"764","ABQ.4.2","ABQ","8","4","3",0.352799376232041,1.76693238936095e-36
"765","qm.4.2","qm","9","4","3",0.84085657762449,1.33846784737324e-98
"766","nTau1.4.2","nTau1","10","4","3",4.64036347358446,6.21995296594999e-12
"767","nTau2.4.2","nTau2","11","4","3",4.97351319293307,6.40475185799552e-19
"768","nCon.4.2","nCon","12","4","3",0.470288438705891,0.0236875880958344
"769","Fm.4.2","Fm","13","4","3",3234.42992144694,6.34950250707302e-117
"770","Fo.4.2","Fo","14","4","3",3044.57509086787,2.67693569474647e-98
"771","Quant.5.2","Quant","1","5","3",0.0810073454551961,2.10026603033291e-93
"772","Sigma.5.2","Sigma","2","5","3",3.60582812850388,1.45534071090963e-38
"773","Connect.5.2","Connect","3","5","3",0.11656784475235,0.0253785483280167
"774","Tau1.5.2","Tau1","4","5","3",2276.50500708594,1.99984570531316e-13
"775","Tau2.5.2","Tau2","5","5","3",2929705.6944172,2.4369968328588e-20
"776","NPQ.5.2","NPQ","6","5","3",0.162701381678111,5.89978094658225e-114
"777","qP.5.2","qP","7","5","3",0.307571922712199,4.20053206066582e-93
"778","ABQ.5.2","ABQ","8","5","3",0.301054246261162,1.45534071090963e-38
"779","qm.5.2","qm","9","5","3",0.780371250616544,2.10026603033291e-93
"780","nTau1.5.2","nTau1","10","5","3",3.2664518233232,1.99984570531316e-13
"781","nTau2.5.2","nTau2","11","5","3",4.45312581010799,2.4369968328588e-20
"782","nCon.5.2","nCon","12","5","3",0.415867920089255,0.0253785483280167
"783","Fm.5.2","Fm","13","5","3",3101.38051660371,5.89978094658225e-114
"784","Fo.5.2","Fo","14","5","3",2850.14591370718,4.20053206066582e-93
"785","Quant.6.2","Quant","1","6","3",0.0877693535672702,3.58138834819606e-94
"786","Sigma.6.2","Sigma","2","6","3",3.68204508207603,5.93962837412637e-43
"787","Connect.6.2","Connect","3","6","3",0.146417712224269,0.00040496160791542
"788","Tau1.6.2","Tau1","4","6","3",1727.87284659585,8.95462770160269e-13
"789","Tau2.6.2","Tau2","5","6","3",2419719.79299015,6.44066135169023e-18
"790","NPQ.6.2","NPQ","6","6","3",0.210753003079502,2.65056883905226e-116
"791","qP.6.2","qP","7","6","3",0.361797116474798,7.16277669639211e-94
"792","ABQ.6.2","ABQ","8","6","3",0.286280520458465,5.93962837412637e-43
"793","qm.6.2","qm","9","6","3",0.762037957794389,3.58138834819606e-94
"794","nTau1.6.2","nTau1","10","6","3",2.47924489191364,8.95462770160269e-13
"795","nTau2.6.2","nTau2","11","6","3",3.67795191302897,6.44066135169023e-18
"796","nCon.6.2","nCon","12","6","3",0.522360429467459,0.00040496160791542
"797","Fm.6.2","Fm","13","6","3",2978.29483188812,2.65056883905226e-116
"798","Fo.6.2","Fo","14","6","3",2716.89181976056,7.16277669639211e-94
"799","Quant.7.2","Quant","1","7","3",0.0940868073964813,4.2096824240768e-94
"800","Sigma.7.2","Sigma","2","7","3",3.77074352434712,2.45509859768331e-44
"801","Connect.7.2","Connect","3","7","3",0.103147407686114,0.00736284028463589
"802","Tau1.7.2","Tau1","4","7","3",1843.5061571744,1.8397560873353e-12
"803","Tau2.7.2","Tau2","5","7","3",2543652.43669889,6.26526141299422e-16
"804","NPQ.7.2","NPQ","6","7","3",0.244960436005433,5.3464529956763e-117
"805","qP.7.2","qP","7","7","3",0.399621147321755,8.4193648481536e-94
"806","ABQ.7.2","ABQ","8","7","3",0.269087410476722,2.45509859768331e-44
"807","qm.7.2","qm","9","7","3",0.744909949513155,4.2096824240768e-94
"808","nTau1.7.2","nTau1","10","7","3",2.64516178513397,1.8397560873353e-12
"809","nTau2.7.2","nTau2","11","7","3",3.86632839584975,6.26526141299422e-16
"810","nCon.7.2","nCon","12","7","3",0.367989113877461,0.00736284028463589
"811","Fm.7.2","Fm","13","7","3",2896.46105006743,5.3464529956763e-117
"812","Fo.7.2","Fo","14","7","3",2623.94227711833,8.4193648481536e-94
"813","Quant.8.2","Quant","1","8","3",0.0980665458705585,9.5988503697656e-92
"814","Sigma.8.2","Sigma","2","8","3",3.54154773892328,3.40220557624002e-41
"815","Connect.8.2","Connect","3","8","3",0.139051571942308,0.00255468414175503
"816","Tau1.8.2","Tau1","4","8","3",1684.83477512439,7.91998374046387e-14
"817","Tau2.8.2","Tau2","5","8","3",2369579.8413795,1.22087139455601e-18
"818","NPQ.8.2","NPQ","6","8","3",0.280788773963246,2.95545560839383e-112
"819","qP.8.2","qP","7","8","3",0.434049911742418,1.91977007395312e-91
"820","ABQ.8.2","ABQ","8","8","3",0.313514214885534,3.40220557624002e-41
"821","qm.8.2","qm","9","8","3",0.734120002267961,9.5988503697656e-92
"822","nTau1.8.2","nTau1","10","8","3",2.41749155221412,7.91998374046387e-14
"823","nTau2.8.2","nTau2","11","8","3",3.60173964602195,1.22087139455601e-18
"824","nCon.8.2","nCon","12","8","3",0.496080957245487,0.00255468414175503
"825","Fm.8.2","Fm","13","8","3",2815.4364599921,2.95545560839383e-112
"826","Fo.8.2","Fo","14","8","3",2539.33633124264,1.91977007395312e-91
"827","Quant.9.2","Quant","1","9","3",0.0983295409466451,6.35732068510107e-93
"828","Sigma.9.2","Sigma","2","9","3",3.80619300711726,3.08224647344401e-43
"829","Connect.9.2","Connect","3","9","3",0.0766554175192973,0.0617650215854225
"830","Tau1.9.2","Tau1","4","9","3",1618.22385146779,1.37149155366353e-15
"831","Tau2.9.2","Tau2","5","9","3",2563173.14260543,1.33529059208277e-17
"832","NPQ.9.2","NPQ","6","9","3",0.321519301217312,1.19420221190504e-115
"833","qP.9.2","qP","7","9","3",0.466190311885847,1.27146413702021e-92
"834","ABQ.9.2","ABQ","8","9","3",0.262215961097713,3.08224647344401e-43
"835","qm.9.2","qm","9","9","3",0.733406964711547,6.35732068510107e-93
"836","nTau1.9.2","nTau1","10","9","3",2.32191461636109,1.37149155366353e-15
"837","nTau2.9.2","nTau2","11","9","3",3.89599968995604,1.33529059208277e-17
"838","nCon.9.2","nCon","12","9","3",0.273476181317841,0.0617650215854225
"839","Fm.9.2","Fm","13","9","3",2728.66193361162,1.19420221190504e-115
"840","Fo.9.2","Fo","14","9","3",2460.353858281,1.27146413702021e-92
"841","Quant.10.2","Quant","1","10","3",0.228484032843397,2.3842521869295e-84
"842","Sigma.10.2","Sigma","2","10","3",3.92509423941882,2.3044776154374e-57
"843","Connect.10.2","Connect","3","10","3",0.206545295738485,1.56578830068983e-15
"844","Tau1.10.2","Tau1","4","10","3",1032.01570019727,2.75764091609124e-17
"845","Tau2.10.2","Tau2","5","10","3",1048556.37974568,2.42012127802145e-18
"846","NPQ.10.2","NPQ","6","10","3",0.668242662175899,1.33292053182131e-111
"847","qP.10.2","qP","7","10","3",0.788759621734472,4.76850437385901e-84
"848","ABQ.10.2","ABQ","8","10","3",0.239168409059792,2.3044776154374e-57
"849","qm.10.2","qm","9","10","3",0.380529480314369,2.3842521869295e-84
"850","nTau1.10.2","nTau1","10","10","3",1.48079163239911,2.75764091609124e-17
"851","nTau2.10.2","nTau2","11","10","3",1.59379608910777,2.42012127802145e-18
"852","nCon.10.2","nCon","12","10","3",0.736871842534878,1.56578830068983e-15
"853","Fm.10.2","Fm","13","10","3",2161.54369716298,1.33292053182131e-111
"854","Fo.10.2","Fo","14","10","3",1667.66547606796,4.76850437385901e-84
"855","Quant.11.2","Quant","1","11","3",0.238312169751042,1.85490092986251e-84
"856","Sigma.11.2","Sigma","2","11","3",3.90004105779393,6.18482266199864e-59
"857","Connect.11.2","Connect","3","11","3",0.213826525432033,5.12206366511791e-17
"858","Tau1.11.2","Tau1","4","11","3",1049.92561455634,8.36734820427238e-19
"859","Tau2.11.2","Tau2","5","11","3",1068764.73067325,5.10006338659374e-18
"860","NPQ.11.2","NPQ","6","11","3",0.657998047294558,1.40874422978852e-111
"861","qP.11.2","qP","7","11","3",0.793264696655545,3.70980185972503e-84
"862","ABQ.11.2","ABQ","8","11","3",0.244024662405851,6.18482266199864e-59
"863","qm.11.2","qm","9","11","3",0.353883237240163,1.85490092986251e-84
"864","nTau1.11.2","nTau1","10","11","3",1.50648974078528,8.36734820427238e-19
"865","nTau2.11.2","nTau2","11","11","3",1.62451259734502,5.10006338659374e-18
"866","nCon.11.2","nCon","12","11","3",0.76284838739406,5.12206366511791e-17
"867","Fm.11.2","Fm","13","11","3",2174.89967352421,1.40874422978852e-111
"868","Fo.11.2","Fo","14","11","3",1656.59461333582,3.70980185972503e-84
"869","Quant.12.2","Quant","1","12","3",0.245236885502452,3.304609634884e-85
"870","Sigma.12.2","Sigma","2","12","3",3.92004080076773,1.49448589921718e-60
"871","Connect.12.2","Connect","3","12","3",0.221089681062856,1.10496187433832e-18
"872","Tau1.12.2","Tau1","4","12","3",1031.62111751908,6.91849708426191e-19
"873","Tau2.12.2","Tau2","5","12","3",1032575.71038462,3.94602880010985e-18
"874","NPQ.12.2","NPQ","6","12","3",0.654297492827097,2.75981929972214e-112
"875","qP.12.2","qP","7","12","3",0.797899051781592,6.60921926976799e-85
"876","ABQ.12.2","ABQ","8","12","3",0.240147956437283,1.49448589921718e-60
"877","qm.12.2","qm","9","12","3",0.335108808183487,3.304609634884e-85
"878","nTau1.12.2","nTau1","10","12","3",1.48022546395027,6.91849708426191e-19
"879","nTau2.12.2","nTau2","11","12","3",1.56950561811262,3.94602880010985e-18
"880","nCon.12.2","nCon","12","12","3",0.788760451153086,1.10496187433832e-18
"881","Fm.12.2","Fm","13","12","3",2179.76478076038,2.75981929972214e-112
"882","Fo.12.2","Fo","14","12","3",1645.20605479877,6.60921926976799e-85
"883","Quant.13.2","Quant","1","13","3",0.244799748017785,9.41409234436587e-85
"884","Sigma.13.2","Sigma","2","13","3",3.9099082731792,3.63162291534194e-60
"885","Connect.13.2","Connect","3","13","3",0.250424557940579,4.81784108185223e-21
"886","Tau1.13.2","Tau1","4","13","3",1018.89972903714,5.4904392938683e-19
"887","Tau2.13.2","Tau2","5","13","3",1003587.65405825,1.53869290403673e-18
"888","NPQ.13.2","NPQ","6","13","3",0.657380600616526,7.24288261982379e-112
"889","qP.13.2","qP","7","13","3",0.798757421817261,1.88281846887317e-84
"890","ABQ.13.2","ABQ","8","13","3",0.24211202318707,3.63162291534194e-60
"891","qm.13.2","qm","9","13","3",0.336293984151501,9.41409234436587e-85
"892","nTau1.13.2","nTau1","10","13","3",1.4619721315514,5.4904392938683e-19
"893","nTau2.13.2","nTau2","11","13","3",1.52544403811918,1.53869290403673e-18
"894","nCon.13.2","nCon","12","13","3",0.89341567797941,4.81784108185223e-21
"895","Fm.13.2","Fm","13","13","3",2175.70991866523,7.24288261982379e-112
"896","Fo.13.2","Fo","14","13","3",1643.09667881618,1.88281846887317e-84
"897","Quant.14.2","Quant","1","14","3",0.249899915987488,2.30362991353939e-83
"898","Sigma.14.2","Sigma","2","14","3",3.88486835293008,4.30393493775371e-59
"899","Connect.14.2","Connect","3","14","3",0.239092646536472,1.98848780741635e-19
"900","Tau1.14.2","Tau1","4","14","3",1006.81092325599,6.38509685805418e-20
"901","Tau2.14.2","Tau2","5","14","3",1013874.47977411,6.67945739855145e-19
"902","NPQ.14.2","NPQ","6","14","3",0.657878971265994,9.1829277674301e-111
"903","qP.14.2","qP","7","14","3",0.803472560355171,4.60725982707879e-83
"904","ABQ.14.2","ABQ","8","14","3",0.246965705977365,4.30393493775371e-59
"905","qm.14.2","qm","9","14","3",0.322466305852241,2.30362991353939e-83
"906","nTau1.14.2","nTau1","10","14","3",1.44462646283434,6.38509685805418e-20
"907","nTau2.14.2","nTau2","11","14","3",1.5410799189473,6.67945739855145e-19
"908","nCon.14.2","nCon","12","14","3",0.852987904468853,1.98848780741635e-19
"909","Fm.14.2","Fm","13","14","3",2175.05588421276,9.1829277674301e-111
"910","Fo.14.2","Fo","14","14","3",1631.5096014799,4.60725982707879e-83
"911","Quant.15.2","Quant","1","15","3",0.251381102095131,2.96118830356988e-83
"912","Sigma.15.2","Sigma","2","15","3",3.8604659303505,3.68110719632208e-59
"913","Connect.15.2","Connect","3","15","3",0.2384796421378,2.27346196346333e-19
"914","Tau1.15.2","Tau1","4","15","3",975.77342493899,2.90151687889014e-19
"915","Tau2.15.2","Tau2","5","15","3",1016668.59949503,3.69364685943182e-18
"916","NPQ.15.2","NPQ","6","15","3",0.658892584903276,1.51576928539215e-110
"917","qP.15.2","qP","7","15","3",0.80518841504035,5.92237660713976e-83
"918","ABQ.15.2","ABQ","8","15","3",0.251695817628587,3.68110719632208e-59
"919","qm.15.2","qm","9","15","3",0.318450484193133,2.96118830356988e-83
"920","nTau1.15.2","nTau1","10","15","3",1.40009219093361,2.90151687889014e-19
"921","nTau2.15.2","nTau2","11","15","3",1.5453269553201,3.69364685943182e-18
"922","nCon.15.2","nCon","12","15","3",0.850800947466921,2.27346196346333e-19
"923","Fm.15.2","Fm","13","15","3",2173.72688538177,1.51576928539215e-110
"924","Fo.15.2","Fo","14","15","3",1627.29302528068,5.92237660713976e-83
"925","Quant.16.2","Quant","1","16","3",0.0737570993938721,3.85315968550706e-90
"926","Sigma.16.2","Sigma","2","16","3",4.08655411716148,3.6069498848174e-33
"927","Connect.16.2","Connect","3","16","3",0,1
"928","Tau1.16.2","Tau1","4","16","3",1594.3896056279,2.38976849343585e-13
"929","Tau2.16.2","Tau2","5","16","3",3904336.16465953,5.32129045827197e-14
"930","NPQ.16.2","NPQ","6","16","3",0.246562167462802,2.21707574974272e-113
"931","qP.16.2","qP","7","16","3",0.377062128122041,7.70631937101412e-90
"932","ABQ.16.2","ABQ","8","16","3",0.207871383265541,3.6069498848174e-33
"933","qm.16.2","qm","9","16","3",0.800028264017281,3.85315968550706e-90
"934","nTau1.16.2","nTau1","10","16","3",2.28771595853301,2.38976849343585e-13
"935","nTau2.16.2","nTau2","11","16","3",5.93455519416672,5.32129045827197e-14
"936","nCon.16.2","nCon","12","16","3",0,1
"937","Fm.16.2","Fm","13","16","3",2892.73933212987,2.21707574974272e-113
"938","Fo.16.2","Fo","14","16","3",2679.3792696894,7.70631937101412e-90
"939","Quant.17.2","Quant","1","17","3",0.0746730053670453,1.41606918678871e-96
"940","Sigma.17.2","Sigma","2","17","3",3.67974845136146,1.10487532542851e-39
"941","Connect.17.2","Connect","3","17","3",0.109298959107939,0.0273227265609299
"942","Tau1.17.2","Tau1","4","17","3",1497.83670923817,1.09558902558234e-11
"943","Tau2.17.2","Tau2","5","17","3",3699162.09568745,5.03316226217404e-14
"944","NPQ.17.2","NPQ","6","17","3",0.277793997726912,3.40199752415052e-117
"945","qP.17.2","qP","7","17","3",0.404763569150508,2.83213837357742e-96
"946","ABQ.17.2","ABQ","8","17","3",0.286725694279471,1.10487532542851e-39
"947","qm.17.2","qm","9","17","3",0.797545041263709,1.41606918678871e-96
"948","nTau1.17.2","nTau1","10","17","3",2.14917666980854,1.09558902558234e-11
"949","nTau2.17.2","nTau2","11","17","3",5.62269248937507,5.03316226217404e-14
"950","nCon.17.2","nCon","12","17","3",0.3899354139103,0.0273227265609299
"951","Fm.17.2","Fm","13","17","3",2822.03502143494,3.40199752415052e-117
"952","Fo.17.2","Fo","14","17","3",2611.30518513334,2.83213837357742e-96
"953","Quant.18.2","Quant","1","18","3",0.0723856388723506,3.24709507130571e-95
"954","Sigma.18.2","Sigma","2","18","3",3.59254822395125,1.5818185360094e-37
"955","Connect.18.2","Connect","3","18","3",0.0822921833314601,0.137389659171287
"956","Tau1.18.2","Tau1","4","18","3",1453.015132915,9.01916590282704e-11
"957","Tau2.18.2","Tau2","5","18","3",3611516.12767227,8.15385386113178e-13
"958","NPQ.18.2","NPQ","6","18","3",0.301506560636991,1.6325242587951e-115
"959","qP.18.2","qP","7","18","3",0.421544898259412,6.49419014261141e-95
"960","ABQ.18.2","ABQ","8","18","3",0.303628393604388,1.5818185360094e-37
"961","qm.18.2","qm","9","18","3",0.803746595453498,3.24709507130571e-95
"962","nTau1.18.2","nTau1","10","18","3",2.08486426142406,9.01916590282704e-11
"963","nTau2.18.2","nTau2","11","18","3",5.48947142110736,8.15385386113178e-13
"964","nCon.18.2","nCon","12","18","3",0.293585930102461,0.137389659171287
"965","Fm.18.2","Fm","13","18","3",2770.61946579804,1.6325242587951e-115
"966","Fo.18.2","Fo","14","18","3",2570.06640569408,6.49419014261141e-95
"967","Quant.19.2","Quant","1","19","3",0.0713471980418957,8.04310211184977e-96
"968","Sigma.19.2","Sigma","2","19","3",3.56243470194938,2.05467392565502e-37
"969","Connect.19.2","Connect","3","19","3",0.0990306998357693,0.0761265965600041
"970","Tau1.19.2","Tau1","4","19","3",1643.32422669816,6.76853077712523e-13
"971","Tau2.19.2","Tau2","5","19","3",4077279.06237703,1.70315868663676e-14
"972","NPQ.19.2","NPQ","6","19","3",0.322419869963563,1.55713338261648e-115
"973","qP.19.2","qP","7","19","3",0.436931967581746,1.60862042236995e-95
"974","ABQ.19.2","ABQ","8","19","3",0.309465532143229,2.05467392565502e-37
"975","qm.19.2","qm","9","19","3",0.806562037184368,8.04310211184977e-96
"976","nTau1.19.2","nTau1","10","19","3",2.35792998473592,6.76853077712523e-13
"977","nTau2.19.2","nTau2","11","19","3",6.19742681399128,1.70315868663676e-14
"978","nCon.19.2","nCon","12","19","3",0.353302330099522,0.0761265965600041
"979","Fm.19.2","Fm","13","19","3",2726.80371315357,1.55713338261648e-115
"980","Fo.19.2","Fo","14","19","3",2532.25390860983,1.60862042236995e-95
"981","Quant.20.2","Quant","1","20","3",0.071549830824183,1.09673538624452e-93
"982","Sigma.20.2","Sigma","2","20","3",3.86961767016804,4.28132362234301e-36
"983","Connect.20.2","Connect","3","20","3",0.0161745832992201,0.788269499430348
"984","Tau1.20.2","Tau1","4","20","3",1438.007558495,5.02066607369172e-14
"985","Tau2.20.2","Tau2","5","20","3",4194460.47621141,2.95705973505277e-13
"986","NPQ.20.2","NPQ","6","20","3",0.348277243233424,6.144576310544e-116
"987","qP.20.2","qP","7","20","3",0.456914596843723,2.19347077248904e-93
"988","ABQ.20.2","ABQ","8","20","3",0.249921864612294,4.28132362234301e-36
"989","qm.20.2","qm","9","20","3",0.806012655096759,1.09673538624452e-93
"990","nTau1.20.2","nTau1","10","20","3",2.06333058648143,5.02066607369172e-14
"991","nTau2.20.2","nTau2","11","20","3",6.37554148926572,2.95705973505277e-13
"992","nCon.20.2","nCon","12","20","3",0.0577045095862205,0.788269499430348
"993","Fm.20.2","Fm","13","20","3",2674.50884442497,6.144576310544e-116
"994","Fo.20.2","Fo","14","20","3",2483.14818906858,2.19347077248904e-93
"995","Quant.21.2","Quant","1","21","3",0.0736466739628354,2.8159840834329e-94
"996","Sigma.21.2","Sigma","2","21","3",3.86252134550737,1.18899025791476e-39
"997","Connect.21.2","Connect","3","21","3",0.0652656740552194,0.173117677000328
"998","Tau1.21.2","Tau1","4","21","3",1222.36034209858,7.63557043074047e-13
"999","Tau2.21.2","Tau2","5","21","3",3948892.21701307,5.00307808347969e-13
"1000","NPQ.21.2","NPQ","6","21","3",0.376474532471804,1.09972971304788e-117
"1001","qP.21.2","qP","7","21","3",0.47984954618485,5.6319681668658e-94
"1002","ABQ.21.2","ABQ","8","21","3",0.25129740049808,1.18899025791476e-39
"1003","qm.21.2","qm","9","21","3",0.800327651673826,2.8159840834329e-94
"1004","nTau1.21.2","nTau1","10","21","3",1.75390836206281,7.63557043074047e-13
"1005","nTau2.21.2","nTau2","11","21","3",6.0022799854692,5.00307808347969e-13
"1006","nCon.21.2","nCon","12","21","3",0.232842085913406,0.173117677000328
"1007","Fm.21.2","Fm","13","21","3",2619.7211257438,1.09972971304788e-117
"1008","Fo.21.2","Fo","14","21","3",2426.78737812259,5.6319681668658e-94
"1009","Quant.22.2","Quant","1","22","3",0.0739689831491243,4.75071711003828e-99
"1010","Sigma.22.2","Sigma","2","22","3",3.36987863986211,5.63133471770731e-43
"1011","Connect.22.2","Connect","3","22","3",0.22571684016351,2.767681373284e-07
"1012","Tau1.22.2","Tau1","4","22","3",1526.97820248587,7.55229157228844e-11
"1013","Tau2.22.2","Tau2","5","22","3",4066891.22990567,2.80799412781245e-11
"1014","NPQ.22.2","NPQ","6","22","3",0.404439574863374,6.59693180725975e-118
"1015","qP.22.2","qP","7","22","3",0.499849976376211,9.50143422007656e-99
"1016","ABQ.22.2","ABQ","8","22","3",0.346790173572662,5.63133471770731e-43
"1017","qm.22.2","qm","9","22","3",0.799453800505124,4.75071711003828e-99
"1018","nTau1.22.2","nTau1","10","22","3",2.19099045166145,7.55229157228844e-11
"1019","nTau2.22.2","nTau2","11","22","3",6.18163740382034,2.80799412781245e-11
"1020","nCon.22.2","nCon","12","22","3",0.805268322901072,2.767681373284e-07
"1021","Fm.22.2","Fm","13","22","3",2567.55753419687,6.59693180725975e-118
"1022","Fo.22.2","Fo","14","22","3",2377.63791421546,9.50143422007656e-99
"1023","Quant.23.2","Quant","1","23","3",0.349880308223959,1.47923001010416e-70
"1024","Sigma.23.2","Sigma","2","23","3",4.46012642141051,2.63164331331385e-57
"1025","Connect.23.2","Connect","3","23","3",0.243481024083146,7.26895371862361e-17
"1026","Tau1.23.2","Tau1","4","23","3",901.191411609884,2.45969724079326e-19
"1027","Tau2.23.2","Tau2","5","23","3",740735.828951035,3.27424815991583e-14
"1028","NPQ.23.2","NPQ","6","23","3",1.04109503451861,4.74836431257473e-102
"1029","qP.23.2","qP","7","23","3",1,2.95846002020831e-70
"1030","ABQ.23.2","ABQ","8","23","3",0.135458953592241,2.63164331331385e-57
"1031","qm.23.2","qm","9","23","3",0.0513974492396216,1.47923001010416e-70
"1032","nTau1.23.2","nTau1","10","23","3",1.29307790690275,2.45969724079326e-19
"1033","nTau2.23.2","nTau2","11","23","3",1.1259116725135,3.27424815991583e-14
"1034","nCon.23.2","nCon","12","23","3",0.868643898167451,7.26895371862361e-17
"1035","Fm.23.2","Fm","13","23","3",1766.68864054886,4.74836431257473e-102
"1036","Fo.23.2","Fo","14","23","3",1148.55907445786,2.95846002020831e-70
"1037","Quant.24.2","Quant","1","24","3",0.356466917520367,1.7494769809523e-67
"1038","Sigma.24.2","Sigma","2","24","3",4.70908280184168,3.21569839118656e-55
"1039","Connect.24.2","Connect","3","24","3",0.258066586512099,1.94179520974664e-16
"1040","Tau1.24.2","Tau1","4","24","3",804.757396873657,1.00821369157843e-19
"1041","Tau2.24.2","Tau2","5","24","3",748926.920662621,2.28610770216195e-14
"1042","NPQ.24.2","NPQ","6","24","3",1.03115637981336,2.99964434080657e-100
"1043","qP.24.2","qP","7","24","3",1.00247145753078,3.4989539619046e-67
"1044","ABQ.24.2","ABQ","8","24","3",0.0872017991280442,3.21569839118656e-55
"1045","qm.24.2","qm","9","24","3",0.0335397012253055,1.7494769809523e-67
"1046","nTau1.24.2","nTau1","10","24","3",1.15470919596864,1.00821369157843e-19
"1047","nTau2.24.2","nTau2","11","24","3",1.1383620568587,2.28610770216195e-14
"1048","nCon.24.2","nCon","12","24","3",0.920679410392518,1.94179520974664e-16
"1049","Fm.24.2","Fm","13","24","3",1775.3332277134,2.99964434080657e-100
"1050","Fo.24.2","Fo","14","24","3",1142.48566445892,3.4989539619046e-67
"1051","Quant.25.2","Quant","1","25","3",0.3602640185979,8.55091171345971e-66
"1052","Sigma.25.2","Sigma","2","25","3",4.61928407982719,4.43863280259727e-54
"1053","Connect.25.2","Connect","3","25","3",0.251664089254746,6.92475525069716e-15
"1054","Tau1.25.2","Tau1","4","25","3",883.343908319834,1.05439265356184e-18
"1055","Tau2.25.2","Tau2","5","25","3",723129.63147852,1.24734140568401e-13
"1056","NPQ.25.2","NPQ","6","25","3",0.98131224417932,2.62748224512505e-98
"1057","qP.25.2","qP","7","25","3",0.993587769006407,1.71018234269194e-65
"1058","ABQ.25.2","ABQ","8","25","3",0.104608184903076,4.43863280259727e-54
"1059","qm.25.2","qm","9","25","3",0.0232449241744707,8.55091171345971e-66
"1060","nTau1.25.2","nTau1","10","25","3",1.26746934927512,1.05439265356184e-18
"1061","nTau2.25.2","nTau2","11","25","3",1.09915041368395,1.24734140568401e-13
"1062","nCon.25.2","nCon","12","25","3",0.897837834969644,6.92475525069716e-15
"1063","Fm.25.2","Fm","13","25","3",1819.99552183575,2.62748224512505e-98
"1064","Fo.25.2","Fo","14","25","3",1164.31662130902,1.71018234269194e-65
"1065","Quant.26.2","Quant","1","26","3",0.367880322975366,2.16440230750887e-68
"1066","Sigma.26.2","Sigma","2","26","3",4.65750617048986,3.39509178871565e-57
"1067","Connect.26.2","Connect","3","26","3",0.234689382897417,1.5626716179585e-15
"1068","Tau1.26.2","Tau1","4","26","3",894.620900800435,1.24013675475499e-18
"1069","Tau2.26.2","Tau2","5","26","3",696452.677742574,1.1014541216878e-13
"1070","NPQ.26.2","NPQ","6","26","3",0.951485763206516,1.02841298452915e-100
"1071","qP.26.2","qP","7","26","3",0.992073214150615,4.32880461501775e-68
"1072","ABQ.26.2","ABQ","8","26","3",0.0971992993390318,3.39509178871565e-57
"1073","qm.26.2","qm","9","26","3",0.00259544608150308,2.16440230750887e-68
"1074","nTau1.26.2","nTau1","10","26","3",1.28365018460612,1.24013675475499e-18
"1075","nTau2.26.2","nTau2","11","26","3",1.05860168845091,1.1014541216878e-13
"1076","nCon.26.2","nCon","12","26","3",0.837278803086147,1.5626716179585e-15
"1077","Fm.26.2","Fm","13","26","3",1847.8123078078,1.02841298452915e-100
"1078","Fo.26.2","Fo","14","26","3",1168.03851921361,4.32880461501775e-68
"1079","Quant.27.2","Quant","1","27","3",0.367864416795108,4.17038675797813e-68
"1080","Sigma.27.2","Sigma","2","27","3",4.65023877696929,4.95941196208048e-57
"1081","Connect.27.2","Connect","3","27","3",0.260901665792768,1.39713923766195e-17
"1082","Tau1.27.2","Tau1","4","27","3",918.645612603379,1.06709140878534e-17
"1083","Tau2.27.2","Tau2","5","27","3",671427.535393925,3.0426281481895e-13
"1084","NPQ.27.2","NPQ","6","27","3",0.929055107965963,1.53234640280003e-100
"1085","qP.27.2","qP","7","27","3",0.98653429825099,8.34077351595627e-68
"1086","ABQ.27.2","ABQ","8","27","3",0.0986079948344728,4.95941196208048e-57
"1087","qm.27.2","qm","9","27","3",0.00263857123833766,4.17038675797813e-68
"1088","nTau1.27.2","nTau1","10","27","3",1.31812213324198,1.06709140878534e-17
"1089","nTau2.27.2","nTau2","11","27","3",1.02056370139072,3.0426281481895e-13
"1090","nCon.27.2","nCon","12","27","3",0.93079385083915,1.39713923766195e-17
"1091","Fm.27.2","Fm","13","27","3",1869.29828851127,1.53234640280003e-100
"1092","Fo.27.2","Fo","14","27","3",1181.64996379198,8.34077351595627e-68
"1093","Quant.1.3","Quant","1","1","4",0.37860872246876,2.03556308508726e-73
"1094","Sigma.1.3","Sigma","2","1","4",4.42600208409594,3.42782295807091e-62
"1095","Connect.1.3","Connect","3","1","4",0.28540589905766,5.95148335230763e-24
"1096","Tau1.1.3","Tau1","4","1","4",587.314323472168,1.94960130863788e-26
"1097","Tau2.1.3","Tau2","5","1","4",734013.724774274,1.11564961449569e-22
"1098","NPQ.1.3","NPQ","6","1","4",0.89032107058628,1.92825333128676e-105
"1099","qP.1.3","qP","7","1","4",0.973206955215167,4.07112617017452e-73
"1100","ABQ.1.3","ABQ","8","1","4",0,3.42782295807091e-62
"1101","qm.1.3","qm","9","1","4",0,2.03556308508726e-73
"1102","nTau1.1.3","nTau1","10","1","4",1,1.94960130863788e-26
"1103","nTau2.1.3","nTau2","11","1","4",1,1.11564961449569e-22
"1104","nCon.1.3","nCon","12","1","4",1,5.95148335230763e-24
"1105","Fm.1.3","Fm","13","1","4",1590.46744197513,1.92825333128676e-105
"1106","Fo.1.3","Fo","14","1","4",988.302595640773,4.07112617017452e-73
"1107","Quant.3.3","Quant","1","3","4",0.0595923143982791,1.33023222834711e-90
"1108","Sigma.3.3","Sigma","2","3","4",4.06543567423749,1.75305993606668e-27
"1109","Connect.3.3","Connect","3","3","4",0,1
"1110","Tau1.3.3","Tau1","4","3","4",1864.83887352985,1.86861623757881e-10
"1111","Tau2.3.3","Tau2","5","3","4",3955685.09417727,1.37310558208285e-18
"1112","NPQ.3.3","NPQ","6","3","4",0.101696170767701,2.58173997179896e-109
"1113","qP.3.3","qP","7","3","4",0.212248538329525,2.66046445669423e-90
"1114","ABQ.3.3","ABQ","8","3","4",0.0814654857832273,1.75305993606668e-27
"1115","qm.3.3","qm","9","3","4",0.842601844960938,1.33023222834711e-90
"1116","nTau1.3.3","nTau1","10","3","4",3.17519733301416,1.86861623757881e-10
"1117","nTau2.3.3","nTau2","11","3","4",5.38911598062248,1.37310558208285e-18
"1118","nCon.3.3","nCon","12","3","4",0,1
"1119","Fm.3.3","Fm","13","3","4",2728.96847372359,2.58173997179896e-109
"1120","Fo.3.3","Fo","14","3","4",2566.34292645446,2.66046445669423e-90
"1121","Quant.4.3","Quant","1","4","4",0.0712265058496892,9.23914099993371e-96
"1122","Sigma.4.3","Sigma","2","4","4",3.54285900561385,1.01361356141035e-37
"1123","Connect.4.3","Connect","3","4","4",0.132799756991652,0.0158612743806094
"1124","Tau1.4.3","Tau1","4","4","4",1854.45063362092,3.98055295127892e-11
"1125","Tau2.4.3","Tau2","5","4","4",3349602.46169255,2.24869999653401e-16
"1126","NPQ.4.3","NPQ","6","4","4",0.138365880439509,8.15230453006466e-114
"1127","qP.4.3","qP","7","4","4",0.266929649942631,1.84782819998674e-95
"1128","ABQ.4.3","ABQ","8","4","4",0.19953517004782,1.01361356141035e-37
"1129","qm.4.3","qm","9","4","4",0.811873045646574,9.23914099993371e-96
"1130","nTau1.4.3","nTau1","10","4","4",3.15750963241883,3.98055295127892e-11
"1131","nTau2.4.3","nTau2","11","4","4",4.56340576291353,2.24869999653401e-16
"1132","nCon.4.3","nCon","12","4","4",0.46530137404351,0.0158612743806094
"1133","Fm.4.3","Fm","13","4","4",2641.06134003796,8.15230453006466e-114
"1134","Fo.4.3","Fo","14","4","4",2452.94776905236,1.84782819998674e-95
"1135","Quant.5.3","Quant","1","5","4",0.0880299207996114,2.45025135056075e-94
"1136","Sigma.5.3","Sigma","2","5","4",3.75907120565067,3.77951540224526e-42
"1137","Connect.5.3","Connect","3","5","4",0.131523296817849,0.00262487015784939
"1138","Tau1.5.3","Tau1","4","5","4",1702.08297927872,1.78454363268688e-10
"1139","Tau2.5.3","Tau2","5","5","4",2741756.42751533,3.67610982718821e-15
"1140","NPQ.5.3","NPQ","6","5","4",0.191546255926585,9.60965491373929e-115
"1141","qP.5.3","qP","7","5","4",0.340167203872388,4.90050270112149e-94
"1142","ABQ.5.3","ABQ","8","5","4",0.150684718572946,3.77951540224526e-42
"1143","qm.5.3","qm","9","5","4",0.767491038701901,2.45025135056075e-94
"1144","nTau1.5.3","nTau1","10","5","4",2.89807844156789,1.78454363268688e-10
"1145","nTau2.5.3","nTau2","11","5","4",3.73529313550436,3.67610982718821e-15
"1146","nCon.5.3","nCon","12","5","4",0.460828936094547,0.00262487015784939
"1147","Fm.5.3","Fm","13","5","4",2523.18707955581,9.60965491373929e-115
"1148","Fo.5.3","Fo","14","5","4",2301.07112077991,4.90050270112149e-94
"1149","Quant.6.3","Quant","1","6","4",0.102039956364283,1.35238703679068e-90
"1150","Sigma.6.3","Sigma","2","6","4",3.71868899379446,1.41282152587635e-41
"1151","Connect.6.3","Connect","3","6","4",0.156199324878199,0.000543933244212205
"1152","Tau1.6.3","Tau1","4","6","4",1223.26759088461,1.90146626208846e-13
"1153","Tau2.6.3","Tau2","5","6","4",2479183.32363037,6.76530951613494e-17
"1154","NPQ.6.3","NPQ","6","6","4",0.237986195936011,7.03325065150247e-111
"1155","qP.6.3","qP","7","6","4",0.398198577224629,2.70477407358136e-90
"1156","ABQ.6.3","ABQ","8","6","4",0.15980857597042,1.41282152587635e-41
"1157","qm.6.3","qm","9","6","4",0.730487042932026,1.35238703679068e-90
"1158","nTau1.6.3","nTau1","10","6","4",2.08281586536613,1.90146626208846e-13
"1159","nTau2.6.3","nTau2","11","6","4",3.37757080004571,6.76530951613494e-17
"1160","nCon.6.3","nCon","12","6","4",0.547288354564259,0.000543933244212205
"1161","Fm.6.3","Fm","13","6","4",2428.53605921989,7.03325065150247e-111
"1162","Fo.6.3","Fo","14","6","4",2180.728345708,2.70477407358136e-90
"1163","Quant.7.3","Quant","1","7","4",0.10837420249364,1.29026133275441e-93
"1164","Sigma.7.3","Sigma","2","7","4",3.75062401537041,5.41943210734237e-46
"1165","Connect.7.3","Connect","3","7","4",0.182998003440676,1.40119969128413e-06
"1166","Tau1.7.3","Tau1","4","7","4",1190.39903849684,2.18708063723349e-13
"1167","Tau2.7.3","Tau2","5","7","4",2415230.95144541,2.03817887383243e-17
"1168","NPQ.7.3","NPQ","6","7","4",0.273693404893662,5.31020854897645e-114
"1169","qP.7.3","qP","7","7","4",0.434889080961383,2.58052266550882e-93
"1170","ABQ.7.3","ABQ","8","7","4",0.152593255921044,5.41943210734237e-46
"1171","qm.7.3","qm","9","7","4",0.713756720164886,1.29026133275441e-93
"1172","nTau1.7.3","nTau1","10","7","4",2.0268517060154,2.18708063723349e-13
"1173","nTau2.7.3","nTau2","11","7","4",3.29044385673871,2.03817887383243e-17
"1174","nCon.7.3","nCon","12","7","4",0.641185077270268,1.40119969128413e-06
"1175","Fm.7.3","Fm","13","7","4",2360.45354878638,5.31020854897645e-114
"1176","Fo.7.3","Fo","14","7","4",2104.64127791338,2.58052266550882e-93
"1177","Quant.8.3","Quant","1","8","4",0.109717454386278,3.67463888200321e-87
"1178","Sigma.8.3","Sigma","2","8","4",3.57119686097727,1.96529905853071e-38
"1179","Connect.8.3","Connect","3","8","4",0.139211133140528,0.00870960424589275
"1180","Tau1.8.3","Tau1","4","8","4",1224.51190695042,2.94067894101414e-13
"1181","Tau2.8.3","Tau2","5","8","4",2125846.24556965,4.87461661706386e-20
"1182","NPQ.8.3","NPQ","6","8","4",0.311255327066118,4.97060338067887e-106
"1183","qP.8.3","qP","7","8","4",0.465446679455243,7.34927776400642e-87
"1184","ABQ.8.3","ABQ","8","8","4",0.193132584864853,1.96529905853071e-38
"1185","qm.8.3","qm","9","8","4",0.710208857126024,3.67463888200321e-87
"1186","nTau1.8.3","nTau1","10","8","4",2.08493451974946,2.94067894101414e-13
"1187","nTau2.8.3","nTau2","11","8","4",2.89619413618375,4.87461661706386e-20
"1188","nCon.8.3","nCon","12","8","4",0.487765437225259,0.00870960424589275
"1189","Fm.8.3","Fm","13","8","4",2292.83653273994,4.97060338067887e-106
"1190","Fo.8.3","Fo","14","8","4",2041.27234504386,7.34927776400642e-87
"1191","Quant.9.3","Quant","1","9","4",0.11039711615677,3.96028991045875e-88
"1192","Sigma.9.3","Sigma","2","9","4",3.79173415939763,3.36129455890124e-40
"1193","Connect.9.3","Connect","3","9","4",0.122198574905321,0.0113812254095297
"1194","Tau1.9.3","Tau1","4","9","4",1270.36506783453,2.16854629220134e-13
"1195","Tau2.9.3","Tau2","5","9","4",2301411.7818423,1.14473963179372e-16
"1196","NPQ.9.3","NPQ","6","9","4",0.353134944009178,9.97736469740626e-109
"1197","qP.9.3","qP","7","9","4",0.49664018028435,7.92057982091749e-88
"1198","ABQ.9.3","ABQ","8","9","4",0.143304931323335,3.36129455890124e-40
"1199","qm.9.3","qm","9","9","4",0.708413700992114,3.96028991045875e-88
"1200","nTau1.9.3","nTau1","10","9","4",2.16300712763858,2.16854629220134e-13
"1201","nTau2.9.3","nTau2","11","9","4",3.13537976766038,1.14473963179372e-16
"1202","nCon.9.3","nCon","12","9","4",0.428157144995218,0.0113812254095297
"1203","Fm.9.3","Fm","13","9","4",2221.87308882821,9.97736469740626e-109
"1204","Fo.9.3","Fo","14","9","4",1976.58470735524,7.92057982091749e-88
"1205","Quant.10.3","Quant","1","10","4",0.229908958994539,6.99419788082871e-86
"1206","Sigma.10.3","Sigma","2","10","4",3.80832904778711,5.61112585371234e-59
"1207","Connect.10.3","Connect","3","10","4",0.240527810950815,1.31696338938752e-19
"1208","Tau1.10.3","Tau1","4","10","4",851.633677622093,7.5457689200714e-19
"1209","Tau2.10.3","Tau2","5","10","4",1140474.10921383,2.61865198689614e-18
"1210","NPQ.10.3","NPQ","6","10","4",0.710874188992968,4.46366003266971e-111
"1211","qP.10.3","qP","7","10","4",0.797213491950052,1.39883957616574e-85
"1212","ABQ.10.3","ABQ","8","10","4",0.139555523149962,5.61112585371234e-59
"1213","qm.10.3","qm","9","10","4",0.392753137076736,6.99419788082871e-86
"1214","nTau1.10.3","nTau1","10","10","4",1.45004751899679,7.5457689200714e-19
"1215","nTau2.10.3","nTau2","11","10","4",1.55375038738486,2.61865198689614e-18
"1216","nCon.10.3","nCon","12","10","4",0.842756970843906,1.31696338938752e-19
"1217","Fm.10.3","Fm","13","10","4",1757.28533225269,4.46366003266971e-111
"1218","Fo.10.3","Fo","14","10","4",1353.2696908581,1.39883957616574e-85
"1219","Quant.11.3","Quant","1","11","4",0.240087966973914,2.05767515465074e-85
"1220","Sigma.11.3","Sigma","2","11","4",3.67827987908354,1.98259624154636e-59
"1221","Connect.11.3","Connect","3","11","4",0.249503919253329,9.48918012014887e-21
"1222","Tau1.11.3","Tau1","4","11","4",827.790788852926,2.8722854470512e-19
"1223","Tau2.11.3","Tau2","5","11","4",1134383.96556834,1.04907052665621e-17
"1224","NPQ.11.3","NPQ","6","11","4",0.699504709023216,3.36427300306732e-110
"1225","qP.11.3","qP","7","11","4",0.801531206406581,4.11535030930148e-85
"1226","ABQ.11.3","ABQ","8","11","4",0.168938511732564,1.98259624154636e-59
"1227","qm.11.3","qm","9","11","4",0.365867840000108,2.05767515465074e-85
"1228","nTau1.11.3","nTau1","10","11","4",1.40945104822078,2.8722854470512e-19
"1229","nTau2.11.3","nTau2","11","11","4",1.54545334410087,1.04907052665621e-17
"1230","nCon.11.3","nCon","12","11","4",0.8742072959148,9.48918012014887e-21
"1231","Fm.11.3","Fm","13","11","4",1769.04135757001,3.36427300306732e-110
"1232","Fo.11.3","Fo","14","11","4",1344.31581453825,4.11535030930148e-85
"1233","Quant.12.3","Quant","1","12","4",0.246119035994446,3.7191443246735e-83
"1234","Sigma.12.3","Sigma","2","12","4",3.68304377224162,3.67314539549154e-58
"1235","Connect.12.3","Connect","3","12","4",0.278594346811518,6.16998502488289e-22
"1236","Tau1.12.3","Tau1","4","12","4",802.102346839129,2.51334924587193e-19
"1237","Tau2.12.3","Tau2","5","12","4",1089859.0173014,8.561632739801e-18
"1238","NPQ.12.3","NPQ","6","12","4",0.694141768829467,4.43373544853053e-108
"1239","qP.12.3","qP","7","12","4",0.804640276875945,7.438288649347e-83
"1240","ABQ.12.3","ABQ","8","12","4",0.16786216945627,3.67314539549154e-58
"1241","qm.12.3","qm","9","12","4",0.349938283540855,3.7191443246735e-83
"1242","nTau1.12.3","nTau1","10","12","4",1.36571221709211,2.51334924587193e-19
"1243","nTau2.12.3","nTau2","11","12","4",1.48479378588807,8.561632739801e-18
"1244","nCon.12.3","nCon","12","12","4",0.976133807084465,6.16998502488289e-22
"1245","Fm.12.3","Fm","13","12","4",1774.64139835495,4.43373544853053e-108
"1246","Fo.12.3","Fo","14","12","4",1337.868368156,7.438288649347e-83
"1247","Quant.13.3","Quant","1","13","4",0.246923038179418,2.04723395649142e-84
"1248","Sigma.13.3","Sigma","2","13","4",3.6957741333513,2.3868789672671e-59
"1249","Connect.13.3","Connect","3","13","4",0.265235169201714,6.18153415210493e-22
"1250","Tau1.13.3","Tau1","4","13","4",795.807209158102,1.08404997700159e-19
"1251","Tau2.13.3","Tau2","5","13","4",1085354.15282086,4.86575963695337e-18
"1252","NPQ.13.3","NPQ","6","13","4",0.698799679402531,1.95713724717488e-109
"1253","qP.13.3","qP","7","13","4",0.807095333338166,4.09446791298284e-84
"1254","ABQ.13.3","ABQ","8","13","4",0.164985903049748,2.3868789672671e-59
"1255","qm.13.3","qm","9","13","4",0.347814713381855,2.04723395649142e-84
"1256","nTau1.13.3","nTau1","10","13","4",1.35499370158953,1.08404997700159e-19
"1257","nTau2.13.3","nTau2","11","13","4",1.47865648309863,4.86575963695337e-18
"1258","nCon.13.3","nCon","12","13","4",0.929326163465631,6.18153415210493e-22
"1259","Fm.13.3","Fm","13","13","4",1769.77553863469,1.95713724717488e-109
"1260","Fo.13.3","Fo","14","13","4",1332.7771857394,4.09446791298284e-84
"1261","Quant.14.3","Quant","1","14","4",0.25151274950678,1.31845184577013e-81
"1262","Sigma.14.3","Sigma","2","14","4",3.64514619706744,3.13052583571215e-57
"1263","Connect.14.3","Connect","3","14","4",0.286503027392684,1.05642885904247e-21
"1264","Tau1.14.3","Tau1","4","14","4",877.013943382935,3.31719309966665e-19
"1265","Tau2.14.3","Tau2","5","14","4",1112043.31752445,6.38265459903801e-17
"1266","NPQ.14.3","NPQ","6","14","4",0.69699242631672,1.81781629326328e-106
"1267","qP.14.3","qP","7","14","4",0.810331993558135,2.63690369154025e-81
"1268","ABQ.14.3","ABQ","8","14","4",0.176424654166877,3.13052583571215e-57
"1269","qm.14.3","qm","9","14","4",0.335692141832436,1.31845184577013e-81
"1270","nTau1.14.3","nTau1","10","14","4",1.4932616289657,3.31719309966665e-19
"1271","nTau2.14.3","nTau2","11","14","4",1.51501706302076,6.38265459903801e-17
"1272","nCon.14.3","nCon","12","14","4",1.00384409831278,1.05642885904247e-21
"1273","Fm.14.3","Fm","13","14","4",1771.6603038545,1.81781629326328e-106
"1274","Fo.14.3","Fo","14","14","4",1326.06514964004,2.63690369154025e-81
"1275","Quant.15.3","Quant","1","15","4",0.253373010609982,5.47580340782096e-85
"1276","Sigma.15.3","Sigma","2","15","4",3.67843998863282,8.91843094627079e-61
"1277","Connect.15.3","Connect","3","15","4",0.265684857099855,3.04231277673808e-23
"1278","Tau1.15.3","Tau1","4","15","4",825.335718923077,9.41925150316381e-19
"1279","Tau2.15.3","Tau2","5","15","4",1082874.47410557,1.23032069903456e-16
"1280","NPQ.15.3","NPQ","6","15","4",0.701878794755284,3.32642331661895e-110
"1281","qP.15.3","qP","7","15","4",0.81375266737918,1.09516068156419e-84
"1282","ABQ.15.3","ABQ","8","15","4",0.168902336975699,8.91843094627079e-61
"1283","qm.15.3","qm","9","15","4",0.33077872860975,5.47580340782096e-85
"1284","nTau1.15.3","nTau1","10","15","4",1.40527088466656,9.41925150316381e-19
"1285","nTau2.15.3","nTau2","11","15","4",1.47527823739069,1.23032069903456e-16
"1286","nCon.15.3","nCon","12","15","4",0.930901771747121,3.04231277673808e-23
"1287","Fm.15.3","Fm","13","15","4",1766.57358145141,3.32642331661895e-110
"1288","Fo.15.3","Fo","14","15","4",1318.97151465501,1.09516068156419e-84
"1289","Quant.16.3","Quant","1","16","4",0.0843579721178847,3.68839569698491e-93
"1290","Sigma.16.3","Sigma","2","16","4",4.06956851868676,1.64748118546474e-39
"1291","Connect.16.3","Connect","3","16","4",0.103125837145961,0.0372948186018891
"1292","Tau1.16.3","Tau1","4","16","4",930.729954408148,1.84047637590913e-10
"1293","Tau2.16.3","Tau2","5","16","4",3662097.64804354,6.83598396981367e-12
"1294","NPQ.16.3","NPQ","6","16","4",0.268196341897186,1.11677049809109e-114
"1295","qP.16.3","qP","7","16","4",0.403034962686772,7.37679139396982e-93
"1296","ABQ.16.3","ABQ","8","16","4",0.0805317210965536,1.64748118546474e-39
"1297","qm.16.3","qm","9","16","4",0.777189570362195,3.68839569698491e-93
"1298","nTau1.16.3","nTau1","10","16","4",1.58472204271424,1.84047637590913e-10
"1299","nTau2.16.3","nTau2","11","16","4",4.98914056296389,6.83598396981367e-12
"1300","nCon.16.3","nCon","12","16","4",0.361330433205682,0.0372948186018891
"1301","Fm.16.3","Fm","13","16","4",2370.68505744893,1.11677049809109e-114
"1302","Fo.16.3","Fo","14","16","4",2170.69887347237,7.37679139396982e-93
"1303","Quant.17.3","Quant","1","17","4",0.0811430738998436,5.29527012808922e-91
"1304","Sigma.17.3","Sigma","2","17","4",3.74751270015027,1.56190814069891e-36
"1305","Connect.17.3","Connect","3","17","4",0.149205182198907,0.00926829643590773
"1306","Tau1.17.3","Tau1","4","17","4",982.982060575025,9.96221185785428e-12
"1307","Tau2.17.3","Tau2","5","17","4",3688680.95883907,3.01129342372261e-13
"1308","NPQ.17.3","NPQ","6","17","4",0.302357334225332,1.09958755266527e-110
"1309","qP.17.3","qP","7","17","4",0.426912484532963,1.05905402561784e-90
"1310","ABQ.17.3","ABQ","8","17","4",0.153296218811938,1.56190814069891e-36
"1311","qm.17.3","qm","9","17","4",0.785680917833215,5.29527012808922e-91
"1312","nTau1.17.3","nTau1","10","17","4",1.67368991575702,9.96221185785428e-12
"1313","nTau2.17.3","nTau2","11","17","4",5.02535693044898,3.01129342372261e-13
"1314","nCon.17.3","nCon","12","17","4",0.522782404608826,0.00926829643590773
"1315","Fm.17.3","Fm","13","17","4",2308.50169814215,1.09958755266527e-110
"1316","Fo.17.3","Fo","14","17","4",2121.18277425188,1.05905402561784e-90
"1317","Quant.18.3","Quant","1","18","4",0.0842382155172769,3.10571912705804e-90
"1318","Sigma.18.3","Sigma","2","18","4",3.6454025437655,1.59171028184455e-35
"1319","Connect.18.3","Connect","3","18","4",0.0741038297235076,0.231535094740843
"1320","Tau1.18.3","Tau1","4","18","4",1090.09755243882,1.5302722481619e-10
"1321","Tau2.18.3","Tau2","5","18","4",3979651.19004559,3.18904704229097e-11
"1322","NPQ.18.3","NPQ","6","18","4",0.324033551700485,2.24744641974836e-109
"1323","qP.18.3","qP","7","18","4",0.447047368928285,6.21143825411608e-90
"1324","ABQ.18.3","ABQ","8","18","4",0.176366735825858,1.59171028184455e-35
"1325","qm.18.3","qm","9","18","4",0.777505877392385,3.10571912705804e-90
"1326","nTau1.18.3","nTau1","10","18","4",1.85607179813737,1.5302722481619e-10
"1327","nTau2.18.3","nTau2","11","18","4",5.42176672686797,3.18904704229097e-11
"1328","nCon.18.3","nCon","12","18","4",0.259643651263622,0.231535094740843
"1329","Fm.18.3","Fm","13","18","4",2270.70840749145,2.24744641974836e-109
"1330","Fo.18.3","Fo","14","18","4",2079.42798328429,6.21143825411608e-90
"1331","Quant.19.3","Quant","1","19","4",0.0786383094404881,5.71897153912766e-89
"1332","Sigma.19.3","Sigma","2","19","4",3.6548116492015,1.290171564771e-32
"1333","Connect.19.3","Connect","3","19","4",0.124211939093138,0.0801283356625368
"1334","Tau1.19.3","Tau1","4","19","4",1166.35222238499,2.80514002800261e-11
"1335","Tau2.19.3","Tau2","5","19","4",4324225.83554686,1.12258673612831e-10
"1336","NPQ.19.3","NPQ","6","19","4",0.346616512581656,1.91413161590231e-107
"1337","qP.19.3","qP","7","19","4",0.457834479502351,1.14379430782553e-88
"1338","ABQ.19.3","ABQ","8","19","4",0.174240865738761,1.290171564771e-32
"1339","qm.19.3","qm","9","19","4",0.792296625054705,5.71897153912766e-89
"1340","nTau1.19.3","nTau1","10","19","4",1.98590801513164,2.80514002800261e-11
"1341","nTau2.19.3","nTau2","11","19","4",5.89120569492983,1.12258673612831e-10
"1342","nCon.19.3","nCon","12","19","4",0.435211533830435,0.0801283356625368
"1343","Fm.19.3","Fm","13","19","4",2232.62828693759,1.91413161590231e-107
"1344","Fo.19.3","Fo","14","19","4",2057.05817284381,1.14379430782553e-88
"1345","Quant.20.3","Quant","1","20","4",0.0830278619525374,1.67106408177491e-88
"1346","Sigma.20.3","Sigma","2","20","4",3.78415251595652,3.5667865182589e-32
"1347","Connect.20.3","Connect","3","20","4",0.0647601643139101,0.379017657249328
"1348","Tau1.20.3","Tau1","4","20","4",1273.10646375865,1.04431447894434e-12
"1349","Tau2.20.3","Tau2","5","20","4",3864891.42136684,5.50612109218912e-13
"1350","NPQ.20.3","NPQ","6","20","4",0.36859840650387,2.21848989551332e-107
"1351","qP.20.3","qP","7","20","4",0.478416720179738,3.34212816354983e-88
"1352","ABQ.20.3","ABQ","8","20","4",0.145017909152325,3.5667865182589e-32
"1353","qm.20.3","qm","9","20","4",0.780702722823856,1.67106408177491e-88
"1354","nTau1.20.3","nTau1","10","20","4",2.16767480866483,1.04431447894434e-12
"1355","nTau2.20.3","nTau2","11","20","4",5.26542119162061,5.50612109218912e-13
"1356","nCon.20.3","nCon","12","20","4",0.226905486283683,0.379017657249328
"1357","Fm.20.3","Fm","13","20","4",2196.76868200311,2.21848989551332e-107
"1358","Fo.20.3","Fo","14","20","4",2014.3756751321,3.34212816354983e-88
"1359","Quant.21.3","Quant","1","21","4",0.0805066484930087,3.79636099450464e-93
"1360","Sigma.21.3","Sigma","2","21","4",3.67167446360222,2.37853560773231e-38
"1361","Connect.21.3","Connect","3","21","4",0.163193080665844,0.00201885459864927
"1362","Tau1.21.3","Tau1","4","21","4",1103.35313909214,1.08815844460868e-13
"1363","Tau2.21.3","Tau2","5","21","4",3726636.53078279,2.19706821608891e-13
"1364","NPQ.21.3","NPQ","6","21","4",0.399814920388999,3.08684774401036e-112
"1365","qP.21.3","qP","7","21","4",0.497467434386729,7.59272198900929e-93
"1366","ABQ.21.3","ABQ","8","21","4",0.170430923022892,2.37853560773231e-38
"1367","qm.21.3","qm","9","21","4",0.787361875954531,3.79636099450464e-93
"1368","nTau1.21.3","nTau1","10","21","4",1.87864163191046,1.08815844460868e-13
"1369","nTau2.21.3","nTau2","11","21","4",5.0770665520305,2.19706821608891e-13
"1370","nCon.21.3","nCon","12","21","4",0.57179294893577,0.00201885459864927
"1371","Fm.21.3","Fm","13","21","4",2147.77973420342,3.08684774401036e-112
"1372","Fo.21.3","Fo","14","21","4",1974.86918610149,7.59272198900929e-93
"1373","Quant.22.3","Quant","1","22","4",0.0834483054527052,2.33286975533274e-92
"1374","Sigma.22.3","Sigma","2","22","4",3.68230143849243,2.81593200275513e-38
"1375","Connect.22.3","Connect","3","22","4",0.122797424728275,0.0206181459698769
"1376","Tau1.22.3","Tau1","4","22","4",973.857406648737,4.04290542236121e-13
"1377","Tau2.22.3","Tau2","5","22","4",3937959.05269124,2.25854900834513e-13
"1378","NPQ.22.3","NPQ","6","22","4",0.429780150576316,7.35474223101304e-112
"1379","qP.22.3","qP","7","22","4",0.52040882112777,4.66573951066547e-92
"1380","ABQ.22.3","ABQ","8","22","4",0.168029890513579,2.81593200275513e-38
"1381","qm.22.3","qm","9","22","4",0.779592226749106,2.33286975533274e-92
"1382","nTau1.22.3","nTau1","10","22","4",1.65815367977295,4.04290542236121e-13
"1383","nTau2.22.3","nTau2","11","22","4",5.3649665119031,2.25854900834513e-13
"1384","nCon.22.3","nCon","12","22","4",0.430255384116872,0.0206181459698769
"1385","Fm.22.3","Fm","13","22","4",2102.76672006896,7.35474223101304e-112
"1386","Fo.22.3","Fo","14","22","4",1927.29440051686,4.66573951066547e-92
"1387","Quant.23.3","Quant","1","23","4",0.354625011347101,2.18833239219126e-72
"1388","Sigma.23.3","Sigma","2","23","4",4.00700463150686,1.3849160256923e-58
"1389","Connect.23.3","Connect","3","23","4",0.286663382149376,1.84739161922156e-22
"1390","Tau1.23.3","Tau1","4","23","4",791.088223101279,7.64761023099466e-19
"1391","Tau2.23.3","Tau2","5","23","4",845606.62338411,4.74434057173558e-13
"1392","NPQ.23.3","NPQ","6","23","4",1.08023161167901,8.94280729610521e-102
"1393","qP.23.3","qP","7","23","4",1,4.37666478438253e-72
"1394","ABQ.23.3","ABQ","8","23","4",0.0946672515348941,1.3849160256923e-58
"1395","qm.23.3","qm","9","23","4",0.0633469587421809,2.18833239219126e-72
"1396","nTau1.23.3","nTau1","10","23","4",1.34695884551974,7.64761023099466e-19
"1397","nTau2.23.3","nTau2","11","23","4",1.15203107904304,4.74434057173558e-13
"1398","nCon.23.3","nCon","12","23","4",1.00440594639378,1.84739161922156e-22
"1399","Fm.23.3","Fm","13","23","4",1445.2689310016,8.94280729610521e-102
"1400","Fo.23.3","Fo","14","23","4",932.740419945543,4.37666478438253e-72
"1401","Quant.24.3","Quant","1","24","4",0.36197554730777,4.44505416988406e-76
"1402","Sigma.24.3","Sigma","2","24","4",4.11518488179131,2.95896252207218e-63
"1403","Connect.24.3","Connect","3","24","4",0.307859289168176,5.47361256265475e-28
"1404","Tau1.24.3","Tau1","4","24","4",696.236236317979,1.53112545954043e-19
"1405","Tau2.24.3","Tau2","5","24","4",821795.285088515,7.14848177320162e-14
"1406","NPQ.24.3","NPQ","6","24","4",1.05687018169428,9.60165729024633e-106
"1407","qP.24.3","qP","7","24","4",1.00007248793966,8.89010833976812e-76
"1408","ABQ.24.3","ABQ","8","24","4",0.0702252724691431,2.95896252207218e-63
"1409","qm.24.3","qm","9","24","4",0.043932361231751,4.44505416988406e-76
"1410","nTau1.24.3","nTau1","10","24","4",1.18545761356861,1.53112545954043e-19
"1411","nTau2.24.3","nTau2","11","24","4",1.11959117023491,7.14848177320162e-14
"1412","nCon.24.3","nCon","12","24","4",1.07867178003206,5.47361256265475e-28
"1413","Fm.24.3","Fm","13","24","4",1461.68394311135,9.60165729024633e-106
"1414","Fo.24.3","Fo","14","24","4",932.59009781264,8.89010833976812e-76
"1415","Quant.25.3","Quant","1","25","4",0.363155385832974,1.01429428112905e-72
"1416","Sigma.25.3","Sigma","2","25","4",4.09165300491105,4.30869574248059e-60
"1417","Connect.25.3","Connect","3","25","4",0.320200923802861,3.19054205207549e-26
"1418","Tau1.25.3","Tau1","4","25","4",749.003157968209,1.82598025244605e-18
"1419","Tau2.25.3","Tau2","5","25","4",794679.035282005,5.14338780455554e-13
"1420","NPQ.25.3","NPQ","6","25","4",1.015189276732,1.47845185240876e-102
"1421","qP.25.3","qP","7","25","4",0.991619755438341,2.02858856225811e-72
"1422","ABQ.25.3","ABQ","8","25","4",0.0755420067212157,4.30869574248059e-60
"1423","qm.25.3","qm","9","25","4",0.0408161136252234,1.01429428112905e-72
"1424","nTau1.25.3","nTau1","10","25","4",1.27530204531731,1.82598025244605e-18
"1425","nTau2.25.3","nTau2","11","25","4",1.08264874137931,5.14338780455554e-13
"1426","nCon.25.3","nCon","12","25","4",1.12191417507517,3.19054205207549e-26
"1427","Fm.25.3","Fm","13","25","4",1491.91649259004,1.47845185240876e-102
"1428","Fo.25.3","Fo","14","25","4",950.118983092927,2.02858856225811e-72
"1429","Quant.26.3","Quant","1","26","4",0.369306814320049,4.59197328018127e-74
"1430","Sigma.26.3","Sigma","2","26","4",4.11208488716052,4.88761044165165e-62
"1431","Connect.26.3","Connect","3","26","4",0.317370849881132,1.95237207494595e-27
"1432","Tau1.26.3","Tau1","4","26","4",772.245388344553,3.11675743364958e-17
"1433","Tau2.26.3","Tau2","5","26","4",764095.155714797,2.47335834624007e-12
"1434","NPQ.26.3","NPQ","6","26","4",0.982293948522422,7.36484352000908e-104
"1435","qP.26.3","qP","7","26","4",0.988515669831853,9.18394656036255e-74
"1436","ABQ.26.3","ABQ","8","26","4",0.0709256776139856,4.88761044165165e-62
"1437","qm.26.3","qm","9","26","4",0.0245686578165879,4.59197328018127e-74
"1438","nTau1.26.3","nTau1","10","26","4",1.31487579560308,3.11675743364958e-17
"1439","nTau2.26.3","nTau2","11","26","4",1.04098210963259,2.47335834624007e-12
"1440","nCon.26.3","nCon","12","26","4",1.11199821352331,1.95237207494595e-27
"1441","Fm.26.3","Fm","13","26","4",1516.67421468348,7.36484352000908e-104
"1442","Fo.26.3","Fo","14","26","4",956.556092097362,9.18394656036255e-74
"1443","Quant.27.3","Quant","1","27","4",0.373702815719387,4.08787076760363e-72
"1444","Sigma.27.3","Sigma","2","27","4",4.10190569941911,1.84834548300784e-60
"1445","Connect.27.3","Connect","3","27","4",0.300671967167181,1.01184618047153e-24
"1446","Tau1.27.3","Tau1","4","27","4",742.258835855786,7.41672422843233e-18
"1447","Tau2.27.3","Tau2","5","27","4",727039.25667765,4.66092681207784e-13
"1448","NPQ.27.3","NPQ","6","27","4",0.962149593378666,3.90269918263408e-102
"1449","qP.27.3","qP","7","27","4",0.987028171426595,8.17574153520726e-72
"1450","ABQ.27.3","ABQ","8","27","4",0.0732255381987769,1.84834548300784e-60
"1451","qm.27.3","qm","9","27","4",0.0129577224670989,4.08787076760363e-72
"1452","nTau1.27.3","nTau1","10","27","4",1.263818718855,7.41672422843233e-18
"1453","nTau2.27.3","nTau2","11","27","4",0.990498177539161,4.66092681207784e-13
"1454","nCon.27.3","nCon","12","27","4",1.05348897188154,1.01184618047153e-24
"1455","Fm.27.3","Fm","13","27","4",1532.24510903377,3.90269918263408e-102
"1456","Fo.27.3","Fo","14","27","4",959.640797415591,8.17574153520726e-72
"1457","MTQuant.2.0","MTQuant","15","2","1",0.544456370037084,NA
"1458","PQpool.2.0","PQpool","16","2","1",0.664442967257436,NA
"1459","MTTau1.2.0","MTTau1","17","2","1",19558.3471296121,NA
"1460","MTTau2.2.0","MTTau2","18","2","1",5e+06,NA
"1461","MTQuant.2.1","MTQuant","15","2","2",0.566514606606323,NA
"1462","PQpool.2.1","PQpool","16","2","2",0.639752476560545,NA
"1463","MTTau1.2.1","MTTau1","17","2","2",22893.7315887189,NA
"1464","MTTau2.2.1","MTTau2","18","2","2",5010000,NA
"1465","MTQuant.2.2","MTQuant","15","2","3",0.536899061838484,NA
"1466","PQpool.2.2","PQpool","16","2","3",0.661129510919017,NA
"1467","MTTau1.2.2","MTTau1","17","2","3",20317.8395666581,NA
"1468","MTTau2.2.2","MTTau2","18","2","3",5e+06,NA
"1469","MTQuant.2.3","MTQuant","15","2","4",0.529010661500933,NA
"1470","PQpool.2.3","PQpool","16","2","4",0.671277389222289,NA
"1471","MTTau1.2.3","MTTau1","17","2","4",19077.6819073997,NA
"1472","MTTau2.2.3","MTTau2","18","2","4",5e+06,NA
"1473","Ratio12","Ratio12","Ratio12","Ratio12","Ratio12",1.04788748403108,NA
"1474","Ratio32","Ratio32","Ratio32","Ratio32","Ratio32",1.07272438840442,NA
"1475","Ratio42","Ratio42","Ratio42","Ratio42","Ratio42",0.881245778853855,NA
"1476","mean.1.rQuant.All","rQuant","1","All","1",0.191986922410994,NA
"1477","min.1.rQuant.All","rQuant","1","All","1",0.060206490406654,NA
"1478","max.1.rQuant.All","rQuant","1","All","1",0.385023649639806,NA
"1479","range.1.rQuant.All","rQuant","1","All","1",0.324817159233152,NA
"1480","slope.1.rQuant.All","rQuant","1","All","1",0.00632875702345363,NA
"1481","mean.1.rSigma.All","rSigma","2","All","1",4.93017159799473,NA
"1482","min.1.rSigma.All","rSigma","2","All","1",4.16458375747055,NA
"1483","max.1.rSigma.All","rSigma","2","All","1",6.11471368943389,NA
"1484","range.1.rSigma.All","rSigma","2","All","1",1.95012993196334,NA
"1485","slope.1.rSigma.All","rSigma","2","All","1",0.013193680112373,NA
"1486","mean.1.rConnect.All","rConnect","3","All","1",0.107389051040776,NA
"1487","min.1.rConnect.All","rConnect","3","All","1",0,NA
"1488","max.1.rConnect.All","rConnect","3","All","1",0.261477008079844,NA
"1489","range.1.rConnect.All","rConnect","3","All","1",0.261477008079844,NA
"1490","slope.1.rConnect.All","rConnect","3","All","1",0.004690505037501,NA
"1491","mean.1.rTau1.All","rTau1","4","All","1",731.900316678619,NA
"1492","min.1.rTau1.All","rTau1","4","All","1",465.492617055004,NA
"1493","max.1.rTau1.All","rTau1","4","All","1",1082.30492975129,NA
"1494","range.1.rTau1.All","rTau1","4","All","1",616.812312696286,NA
"1495","slope.1.rTau1.All","rTau1","4","All","1",-6.61409354153031,NA
"1496","mean.1.rTau2.All","rTau2","5","All","1",1904703.40299901,NA
"1497","min.1.rTau2.All","rTau2","5","All","1",614405.49854198,NA
"1498","max.1.rTau2.All","rTau2","5","All","1",3461375.29446744,NA
"1499","range.1.rTau2.All","rTau2","5","All","1",2846969.79592546,NA
"1500","slope.1.rTau2.All","rTau2","5","All","1",-24715.3200659752,NA
"1501","mean.1.rNPQ.All","rNPQ","6","All","1",0.483268207436012,NA
"1502","min.1.rNPQ.All","rNPQ","6","All","1",0.0603372463187629,NA
"1503","max.1.rNPQ.All","rNPQ","6","All","1",0.993663379727517,NA
"1504","range.1.rNPQ.All","rNPQ","6","All","1",0.933326133408754,NA
"1505","slope.1.rNPQ.All","rNPQ","6","All","1",0.0210662060284309,NA
"1506","mean.1.rqP.All","rqP","7","All","1",0.61629601813939,NA
"1507","min.1.rqP.All","rqP","7","All","1",0.16774763735174,NA
"1508","max.1.rqP.All","rqP","7","All","1",1.00912133844123,NA
"1509","range.1.rqP.All","rqP","7","All","1",0.84137370108949,NA
"1510","slope.1.rqP.All","rqP","7","All","1",0.0177862988169519,NA
"1511","mean.1.rABQ.All","rABQ","8","All","1",0.193719960018083,NA
"1512","min.1.rABQ.All","rABQ","8","All","1",0,NA
"1513","max.1.rABQ.All","rABQ","8","All","1",0.318924160804639,NA
"1514","range.1.rABQ.All","rABQ","8","All","1",0.318924160804639,NA
"1515","slope.1.rABQ.All","rABQ","8","All","1",-0.00215769384839249,NA
"1516","mean.1.rqm.All","rqm","9","All","1",0.499622620998982,NA
"1517","min.1.rqm.All","rqm","9","All","1",-0.00349087448645924,NA
"1518","max.1.rqm.All","rqm","9","All","1",0.843083239784221,NA
"1519","range.1.rqm.All","rqm","9","All","1",0.84657411427068,NA
"1520","slope.1.rqm.All","rqm","9","All","1",-0.0164947008471274,NA
"1521","mean.2.rQuant.All","rQuant","1","All","2",0.181502851669908,NA
"1522","min.2.rQuant.All","rQuant","1","All","2",0.0468014813646096,NA
"1523","max.2.rQuant.All","rQuant","1","All","2",0.36657151720188,NA
"1524","range.2.rQuant.All","rQuant","1","All","2",0.31977003583727,NA
"1525","slope.2.rQuant.All","rQuant","1","All","2",0.00617808386911845,NA
"1526","mean.2.rSigma.All","rSigma","2","All","2",4.27726488153187,NA
"1527","min.2.rSigma.All","rSigma","2","All","2",3.68957875338034,NA
"1528","max.2.rSigma.All","rSigma","2","All","2",5.75823246575741,NA
"1529","range.2.rSigma.All","rSigma","2","All","2",2.06865371237707,NA
"1530","slope.2.rSigma.All","rSigma","2","All","2",0.0268791065180086,NA
"1531","mean.2.rConnect.All","rConnect","3","All","2",0.16818378289488,NA
"1532","min.2.rConnect.All","rConnect","3","All","2",0,NA
"1533","max.2.rConnect.All","rConnect","3","All","2",0.289556221505581,NA
"1534","range.2.rConnect.All","rConnect","3","All","2",0.289556221505581,NA
"1535","slope.2.rConnect.All","rConnect","3","All","2",0.0022374661838297,NA
"1536","mean.2.rTau1.All","rTau1","4","All","2",1516.15790236201,NA
"1537","min.2.rTau1.All","rTau1","4","All","2",787.823277255006,NA
"1538","max.2.rTau1.All","rTau1","4","All","2",3084.227976252,NA
"1539","range.2.rTau1.All","rTau1","4","All","2",2296.40469899699,NA
"1540","slope.2.rTau1.All","rTau1","4","All","2",-45.4156551934331,NA
"1541","mean.2.rTau2.All","rTau2","5","All","2",2093891.26126485,NA
"1542","min.2.rTau2.All","rTau2","5","All","2",591339.978850812,NA
"1543","max.2.rTau2.All","rTau2","5","All","2",4345225.88225298,NA
"1544","range.2.rTau2.All","rTau2","5","All","2",3753885.90340217,NA
"1545","slope.2.rTau2.All","rTau2","5","All","2",-29141.1649359237,NA
"1546","mean.2.rNPQ.All","rNPQ","6","All","2",0.430829495131298,NA
"1547","min.2.rNPQ.All","rNPQ","6","All","2",0.0259541252854104,NA
"1548","max.2.rNPQ.All","rNPQ","6","All","2",0.920378011917007,NA
"1549","range.2.rNPQ.All","rNPQ","6","All","2",0.894423886631597,NA
"1550","slope.2.rNPQ.All","rNPQ","6","All","2",0.0206282156144103,NA
"1551","mean.2.rqP.All","rqP","7","All","2",0.587904335237872,NA
"1552","min.2.rqP.All","rqP","7","All","2",0.107050952122825,NA
"1553","max.2.rqP.All","rqP","7","All","2",1.00336434796776,NA
"1554","range.2.rqP.All","rqP","7","All","2",0.896313395844935,NA
"1555","slope.2.rqP.All","rqP","7","All","2",0.0189791434160403,NA
"1556","mean.2.rABQ.All","rABQ","8","All","2",0.257191350476459,NA
"1557","min.2.rABQ.All","rABQ","8","All","2",0,NA
"1558","max.2.rABQ.All","rABQ","8","All","2",0.359251510715966,NA
"1559","range.2.rABQ.All","rABQ","8","All","2",0.359251510715966,NA
"1560","slope.2.rABQ.All","rABQ","8","All","2",-0.004667943970281,NA
"1561","mean.2.rqm.All","rqm","9","All","2",0.501500602844516,NA
"1562","min.2.rqm.All","rqm","9","All","2",-0.00679233774157262,NA
"1563","max.2.rqm.All","rqm","9","All","2",0.871459263413272,NA
"1564","range.2.rqm.All","rqm","9","All","2",0.878251601154845,NA
"1565","slope.2.rqm.All","rqm","9","All","2",-0.0169681691279023,NA
"1566","mean.3.rQuant.All","rQuant","1","All","3",0.181107030054059,NA
"1567","min.3.rQuant.All","rQuant","1","All","3",0.0501892177861507,NA
"1568","max.3.rQuant.All","rQuant","1","All","3",0.368837621133849,NA
"1569","range.3.rQuant.All","rQuant","1","All","3",0.318648403347698,NA
"1570","slope.3.rQuant.All","rQuant","1","All","3",0.00607191403441014,NA
"1571","mean.3.rSigma.All","rSigma","2","All","3",3.96750971556807,NA
"1572","min.3.rSigma.All","rSigma","2","All","3",3.33887744718991,NA
"1573","max.3.rSigma.All","rSigma","2","All","3",5.15895276452484,NA
"1574","range.3.rSigma.All","rSigma","2","All","3",1.82007531733493,NA
"1575","slope.3.rSigma.All","rSigma","2","All","3",0.0201648804206557,NA
"1576","mean.3.rConnect.All","rConnect","3","All","3",0.166738069491699,NA
"1577","min.3.rConnect.All","rConnect","3","All","3",0,NA
"1578","max.3.rConnect.All","rConnect","3","All","3",0.280300160510895,NA
"1579","range.3.rConnect.All","rConnect","3","All","3",0.280300160510895,NA
"1580","slope.3.rConnect.All","rConnect","3","All","3",0.00190683895995975,NA
"1581","mean.3.rTau1.All","rTau1","4","All","3",1400.33280593443,NA
"1582","min.3.rTau1.All","rTau1","4","All","3",696.935124170876,NA
"1583","max.3.rTau1.All","rTau1","4","All","3",3234.03229366058,NA
"1584","range.3.rTau1.All","rTau1","4","All","3",2537.0971694897,NA
"1585","slope.3.rTau1.All","rTau1","4","All","3",-40.3813401211136,NA
"1586","mean.3.rTau2.All","rTau2","5","All","3",2233694.79333339,NA
"1587","min.3.rTau2.All","rTau2","5","All","3",657898.702921701,NA
"1588","max.3.rTau2.All","rTau2","5","All","3",4194460.47621141,NA
"1589","range.3.rTau2.All","rTau2","5","All","3",3536561.77328971,NA
"1590","slope.3.rTau2.All","rTau2","5","All","3",-23110.1520322583,NA
"1591","mean.3.rNPQ.All","rNPQ","6","All","3",0.517044166884084,NA
"1592","min.3.rNPQ.All","rNPQ","6","All","3",0.0787358638107972,NA
"1593","max.3.rNPQ.All","rNPQ","6","All","3",1.04109503451861,NA
"1594","range.3.rNPQ.All","rNPQ","6","All","3",0.962359170707813,NA
"1595","slope.3.rNPQ.All","rNPQ","6","All","3",0.0218565420423244,NA
"1596","mean.3.rqP.All","rqP","7","All","3",0.622388983102057,NA
"1597","min.3.rqP.All","rqP","7","All","3",0.175374357125954,NA
"1598","max.3.rqP.All","rqP","7","All","3",1.00247145753078,NA
"1599","range.3.rqP.All","rqP","7","All","3",0.827097100404826,NA
"1600","slope.3.rqP.All","rqP","7","All","3",0.0173394844053327,NA
"1601","mean.3.rABQ.All","rABQ","8","All","3",0.230946686922516,NA
"1602","min.3.rABQ.All","rABQ","8","All","3",0,NA
"1603","max.3.rABQ.All","rABQ","8","All","3",0.352799376232041,NA
"1604","range.3.rABQ.All","rABQ","8","All","3",0.352799376232041,NA
"1605","slope.3.rABQ.All","rABQ","8","All","3",-0.00390871584623101,NA
"1606","mean.3.rqm.All","rqm","9","All","3",0.508978966144193,NA
"1607","min.3.rqm.All","rqm","9","All","3",0,NA
"1608","max.3.rqm.All","rqm","9","All","3",0.863925980132224,NA
"1609","range.3.rqm.All","rqm","9","All","3",0.863925980132224,NA
"1610","slope.3.rqm.All","rqm","9","All","3",-0.0164622958356157,NA
"1611","mean.4.rQuant.All","rQuant","1","All","4",0.188232189022208,NA
"1612","min.4.rQuant.All","rQuant","1","All","4",0.0595923143982791,NA
"1613","max.4.rQuant.All","rQuant","1","All","4",0.37860872246876,NA
"1614","range.4.rQuant.All","rQuant","1","All","4",0.319016408070481,NA
"1615","slope.4.rQuant.All","rQuant","1","All","4",0.00585559722167628,NA
"1616","mean.4.rSigma.All","rSigma","2","All","4",3.82684161353637,NA
"1617","min.4.rSigma.All","rSigma","2","All","4",3.54285900561385,NA
"1618","max.4.rSigma.All","rSigma","2","All","4",4.42600208409594,NA
"1619","range.4.rSigma.All","rSigma","2","All","4",0.883143078482091,NA
"1620","slope.4.rSigma.All","rSigma","2","All","4",0.00504802992204524,NA
"1621","mean.4.rConnect.All","rConnect","3","All","4",0.195021114999233,NA
"1622","min.4.rConnect.All","rConnect","3","All","4",0,NA
"1623","max.4.rConnect.All","rConnect","3","All","4",0.320200923802861,NA
"1624","range.4.rConnect.All","rConnect","3","All","4",0.320200923802861,NA
"1625","slope.4.rConnect.All","rConnect","3","All","4",0.00414935399796848,NA
"1626","mean.4.rTau1.All","rTau1","4","All","4",1044.93172075926,NA
"1627","min.4.rTau1.All","rTau1","4","All","4",587.314323472168,NA
"1628","max.4.rTau1.All","rTau1","4","All","4",1864.83887352985,NA
"1629","range.4.rTau1.All","rTau1","4","All","4",1277.52455005768,NA
"1630","slope.4.rTau1.All","rTau1","4","All","4",-23.1380742495858,NA
"1631","mean.4.rTau2.All","rTau2","5","All","4",2226349.11694787,NA
"1632","min.4.rTau2.All","rTau2","5","All","4",727039.25667765,NA
"1633","max.4.rTau2.All","rTau2","5","All","4",4324225.83554686,NA
"1634","range.4.rTau2.All","rTau2","5","All","4",3597186.57886921,NA
"1635","slope.4.rTau2.All","rTau2","5","All","4",-19612.3436311511,NA
"1636","mean.4.rNPQ.All","rNPQ","6","All","4",0.547550871031748,NA
"1637","min.4.rNPQ.All","rNPQ","6","All","4",0.101696170767701,NA
"1638","max.4.rNPQ.All","rNPQ","6","All","4",1.08023161167901,NA
"1639","range.4.rNPQ.All","rNPQ","6","All","4",0.978535440911309,NA
"1640","slope.4.rNPQ.All","rNPQ","6","All","4",0.0218503296314496,NA
"1641","mean.4.rqP.All","rqP","7","All","4",0.639255776568247,NA
"1642","min.4.rqP.All","rqP","7","All","4",0.212248538329525,NA
"1643","max.4.rqP.All","rqP","7","All","4",1.00007248793966,NA
"1644","range.4.rqP.All","rqP","7","All","4",0.787823949610135,NA
"1645","slope.4.rqP.All","rqP","7","All","4",0.016253190997348,NA
"1646","mean.4.rABQ.All","rABQ","8","All","4",0.135372839681334,NA
"1647","min.4.rABQ.All","rABQ","8","All","4",0,NA
"1648","max.4.rABQ.All","rABQ","8","All","4",0.19953517004782,NA
"1649","range.4.rABQ.All","rABQ","8","All","4",0.19953517004782,NA
"1650","slope.4.rABQ.All","rABQ","8","All","4",-0.00114053943629725,NA
"1651","mean.4.rqm.All","rqm","9","All","4",0.502831874039194,NA
"1652","min.4.rqm.All","rqm","9","All","4",0,NA
"1653","max.4.rqm.All","rqm","9","All","4",0.842601844960938,NA
"1654","range.4.rqm.All","rqm","9","All","4",0.842601844960938,NA
"1655","slope.4.rqm.All","rqm","9","All","4",-0.0154660917041061,NA
"1656","mean.1.rQuant.L1","rQuant","1","L1","1",0.0897662502894563,NA
"1657","min.1.rQuant.L1","rQuant","1","L1","1",0.060206490406654,NA
"1658","max.1.rQuant.L1","rQuant","1","L1","1",0.107004594621158,NA
"1659","range.1.rQuant.L1","rQuant","1","L1","1",0.046798104214504,NA
"1660","slope.1.rQuant.L1","rQuant","1","L1","1",0.00836953854687632,NA
"1661","mean.1.rSigma.L1","rSigma","2","L1","1",4.72840710394711,NA
"1662","min.1.rSigma.L1","rSigma","2","L1","1",4.51366003119306,NA
"1663","max.1.rSigma.L1","rSigma","2","L1","1",4.87453709602336,NA
"1664","range.1.rSigma.L1","rSigma","2","L1","1",0.3608770648303,NA
"1665","slope.1.rSigma.L1","rSigma","2","L1","1",-0.0267521333166648,NA
"1666","mean.1.rConnect.L1","rConnect","3","L1","1",0.0189429851316016,NA
"1667","min.1.rConnect.L1","rConnect","3","L1","1",0,NA
"1668","max.1.rConnect.L1","rConnect","3","L1","1",0.0778845259579909,NA
"1669","range.1.rConnect.L1","rConnect","3","L1","1",0.0778845259579909,NA
"1670","slope.1.rConnect.L1","rConnect","3","L1","1",0.00780487457184838,NA
"1671","mean.1.rTau1.L1","rTau1","4","L1","1",827.399255522349,NA
"1672","min.1.rTau1.L1","rTau1","4","L1","1",495.594756989933,NA
"1673","max.1.rTau1.L1","rTau1","4","L1","1",1082.30492975129,NA
"1674","range.1.rTau1.L1","rTau1","4","L1","1",586.710172761357,NA
"1675","slope.1.rTau1.L1","rTau1","4","L1","1",12.6785861624266,NA
"1676","mean.1.rTau2.L1","rTau2","5","L1","1",2473768.05826918,NA
"1677","min.1.rTau2.L1","rTau2","5","L1","1",1979032.5744226,NA
"1678","max.1.rTau2.L1","rTau2","5","L1","1",3421350.36603654,NA
"1679","range.1.rTau2.L1","rTau2","5","L1","1",1442317.79161394,NA
"1680","slope.1.rTau2.L1","rTau2","5","L1","1",-204240.788513269,NA
"1681","mean.1.rNPQ.L1","rNPQ","6","L1","1",0.173267976369534,NA
"1682","min.1.rNPQ.L1","rNPQ","6","L1","1",0.0603372463187629,NA
"1683","max.1.rNPQ.L1","rNPQ","6","L1","1",0.289157325290531,NA
"1684","range.1.rNPQ.L1","rNPQ","6","L1","1",0.228820078971768,NA
"1685","slope.1.rNPQ.L1","rNPQ","6","L1","1",0.0396031471815117,NA
"1686","mean.1.rqP.L1","rqP","7","L1","1",0.324038240576158,NA
"1687","min.1.rqP.L1","rqP","7","L1","1",0.16774763735174,NA
"1688","max.1.rqP.L1","rqP","7","L1","1",0.453442879134595,NA
"1689","range.1.rqP.L1","rqP","7","L1","1",0.285695241782855,NA
"1690","slope.1.rqP.L1","rqP","7","L1","1",0.0497774704617769,NA
"1691","mean.1.rABQ.L1","rABQ","8","L1","1",0.226716516242174,NA
"1692","min.1.rABQ.L1","rABQ","8","L1","1",0.2028184239523,NA
"1693","max.1.rABQ.L1","rABQ","8","L1","1",0.261836242800285,NA
"1694","range.1.rABQ.L1","rABQ","8","L1","1",0.059017818847985,NA
"1695","slope.1.rABQ.L1","rABQ","8","L1","1",0.00437504267172687,NA
"1696","mean.1.rqm.L1","rqm","9","L1","1",0.766041350741423,NA
"1697","min.1.rqm.L1","rqm","9","L1","1",0.721112886621618,NA
"1698","max.1.rqm.L1","rqm","9","L1","1",0.843083239784221,NA
"1699","range.1.rqm.L1","rqm","9","L1","1",0.121970353162603,NA
"1700","slope.1.rqm.L1","rqm","9","L1","1",-0.0218136095362198,NA
"1701","mean.2.rQuant.L1","rQuant","1","L1","2",0.0806870253067846,NA
"1702","min.2.rQuant.L1","rQuant","1","L1","2",0.0468014813646096,NA
"1703","max.2.rQuant.L1","rQuant","1","L1","2",0.0983610197542861,NA
"1704","range.2.rQuant.L1","rQuant","1","L1","2",0.0515595383896765,NA
"1705","slope.2.rQuant.L1","rQuant","1","L1","2",0.00867433280969377,NA
"1706","mean.2.rSigma.L1","rSigma","2","L1","2",3.86655279460504,NA
"1707","min.2.rSigma.L1","rSigma","2","L1","2",3.68957875338034,NA
"1708","max.2.rSigma.L1","rSigma","2","L1","2",3.98273907621881,NA
"1709","range.2.rSigma.L1","rSigma","2","L1","2",0.29316032283847,NA
"1710","slope.2.rSigma.L1","rSigma","2","L1","2",0.0226577783801179,NA
"1711","mean.2.rConnect.L1","rConnect","3","L1","2",0.10725255263575,NA
"1712","min.2.rConnect.L1","rConnect","3","L1","2",0,NA
"1713","max.2.rConnect.L1","rConnect","3","L1","2",0.166455687538247,NA
"1714","range.2.rConnect.L1","rConnect","3","L1","2",0.166455687538247,NA
"1715","slope.2.rConnect.L1","rConnect","3","L1","2",0.012522432986068,NA
"1716","mean.2.rTau1.L1","rTau1","4","L1","2",2335.04213758535,NA
"1717","min.2.rTau1.L1","rTau1","4","L1","2",1738.5979758072,NA
"1718","max.2.rTau1.L1","rTau1","4","L1","2",3084.227976252,NA
"1719","range.2.rTau1.L1","rTau1","4","L1","2",1345.6300004448,NA
"1720","slope.2.rTau1.L1","rTau1","4","L1","2",-259.461641520567,NA
"1721","mean.2.rTau2.L1","rTau2","5","L1","2",2776063.16566933,NA
"1722","min.2.rTau2.L1","rTau2","5","L1","2",2181908.33433762,NA
"1723","max.2.rTau2.L1","rTau2","5","L1","2",4345225.88225298,NA
"1724","range.2.rTau2.L1","rTau2","5","L1","2",2163317.54791536,NA
"1725","slope.2.rTau2.L1","rTau2","5","L1","2",-310869.3239331,NA
"1726","mean.2.rNPQ.L1","rNPQ","6","L1","2",0.13325800137737,NA
"1727","min.2.rNPQ.L1","rNPQ","6","L1","2",0.0259541252854104,NA
"1728","max.2.rNPQ.L1","rNPQ","6","L1","2",0.2424443454969,NA
"1729","range.2.rNPQ.L1","rNPQ","6","L1","2",0.21649022021149,NA
"1730","slope.2.rNPQ.L1","rNPQ","6","L1","2",0.0373432607362152,NA
"1731","mean.2.rqP.L1","rqP","7","L1","2",0.278017889367842,NA
"1732","min.2.rqP.L1","rqP","7","L1","2",0.107050952122825,NA
"1733","max.2.rqP.L1","rqP","7","L1","2",0.414077363452225,NA
"1734","range.2.rqP.L1","rqP","7","L1","2",0.3070264113294,NA
"1735","slope.2.rqP.L1","rqP","7","L1","2",0.0525838655578074,NA
"1736","mean.2.rABQ.L1","rABQ","8","L1","2",0.32851741960778,NA
"1737","min.2.rABQ.L1","rABQ","8","L1","2",0.308339998445176,NA
"1738","max.2.rABQ.L1","rABQ","8","L1","2",0.359251510715966,NA
"1739","range.2.rABQ.L1","rABQ","8","L1","2",0.05091151227079,NA
"1740","slope.2.rABQ.L1","rABQ","8","L1","2",-0.00393484954191363,NA
"1741","mean.2.rqm.L1","rqm","9","L1","2",0.778392278117743,NA
"1742","min.2.rqm.L1","rqm","9","L1","2",0.72985047562622,NA
"1743","max.2.rqm.L1","rqm","9","L1","2",0.871459263413272,NA
"1744","range.2.rqm.L1","rqm","9","L1","2",0.141608787787052,NA
"1745","slope.2.rqm.L1","rqm","9","L1","2",-0.0238241418058959,NA
"1746","mean.3.rQuant.L1","rQuant","1","L1","3",0.0811638417643406,NA
"1747","min.3.rQuant.L1","rQuant","1","L1","3",0.0501892177861507,NA
"1748","max.3.rQuant.L1","rQuant","1","L1","3",0.0983295409466451,NA
"1749","range.3.rQuant.L1","rQuant","1","L1","3",0.0481403231604944,NA
"1750","slope.3.rQuant.L1","rQuant","1","L1","3",0.00843704858956146,NA
"1751","mean.3.rSigma.L1","rSigma","2","L1","3",3.63947711218645,NA
"1752","min.3.rSigma.L1","rSigma","2","L1","3",3.33887744718991,NA
"1753","max.3.rSigma.L1","rSigma","2","L1","3",3.80619300711726,NA
"1754","range.3.rSigma.L1","rSigma","2","L1","3",0.46731555992735,NA
"1755","slope.3.rSigma.L1","rSigma","2","L1","3",0.0284114439006697,NA
"1756","mean.3.rConnect.L1","rConnect","3","L1","3",0.119835658441679,NA
"1757","min.3.rConnect.L1","rConnect","3","L1","3",0.0766554175192973,NA
"1758","max.3.rConnect.L1","rConnect","3","L1","3",0.146417712224269,NA
"1759","range.3.rConnect.L1","rConnect","3","L1","3",0.0697622947049717,NA
"1760","slope.3.rConnect.L1","rConnect","3","L1","3",-0.00516278859536743,NA
"1761","mean.3.rTau1.L1","rTau1","4","L1","3",2116.88575897909,NA
"1762","min.3.rTau1.L1","rTau1","4","L1","3",1618.22385146779,NA
"1763","max.3.rTau1.L1","rTau1","4","L1","3",3234.03229366058,NA
"1764","range.3.rTau1.L1","rTau1","4","L1","3",1615.80844219279,NA
"1765","slope.3.rTau1.L1","rTau1","4","L1","3",-213.44280277909,NA
"1766","mean.3.rTau2.L1","rTau2","5","L1","3",2878704.05740863,NA
"1767","min.3.rTau2.L1","rTau2","5","L1","3",2369579.8413795,NA
"1768","max.3.rTau2.L1","rTau2","5","L1","3",4053029.61517463,NA
"1769","range.3.rTau2.L1","rTau2","5","L1","3",1683449.77379513,NA
"1770","slope.3.rTau2.L1","rTau2","5","L1","3",-237878.526780577,NA
"1771","mean.3.rNPQ.L1","rNPQ","6","L1","3",0.202047430554283,NA
"1772","min.3.rNPQ.L1","rNPQ","6","L1","3",0.0787358638107972,NA
"1773","max.3.rNPQ.L1","rNPQ","6","L1","3",0.321519301217312,NA
"1774","range.3.rNPQ.L1","rNPQ","6","L1","3",0.242783437406515,NA
"1775","slope.3.rNPQ.L1","rNPQ","6","L1","3",0.0408014430793641,NA
"1776","mean.3.rqP.L1","rqP","7","L1","3",0.339008210178942,NA
"1777","min.3.rqP.L1","rqP","7","L1","3",0.175374357125954,NA
"1778","max.3.rqP.L1","rqP","7","L1","3",0.466190311885847,NA
"1779","range.3.rqP.L1","rqP","7","L1","3",0.290815954759893,NA
"1780","slope.3.rqP.L1","rqP","7","L1","3",0.0491318394426724,NA
"1781","mean.3.rABQ.L1","rABQ","8","L1","3",0.294531801645278,NA
"1782","min.3.rABQ.L1","rABQ","8","L1","3",0.262215961097713,NA
"1783","max.3.rABQ.L1","rABQ","8","L1","3",0.352799376232041,NA
"1784","range.3.rABQ.L1","rABQ","8","L1","3",0.090583415134328,NA
"1785","slope.3.rABQ.L1","rABQ","8","L1","3",-0.0055072114821516,NA
"1786","mean.3.rqm.L1","rqm","9","L1","3",0.779946954665759,NA
"1787","min.3.rqm.L1","rqm","9","L1","3",0.733406964711547,NA
"1788","max.3.rqm.L1","rqm","9","L1","3",0.863925980132224,NA
"1789","range.3.rqm.L1","rqm","9","L1","3",0.130519015420677,NA
"1790","slope.3.rqm.L1","rqm","9","L1","3",-0.0228746963599456,NA
"1791","mean.4.rQuant.L1","rQuant","1","L1","4",0.0927682100640787,NA
"1792","min.4.rQuant.L1","rQuant","1","L1","4",0.0595923143982791,NA
"1793","max.4.rQuant.L1","rQuant","1","L1","4",0.11039711615677,NA
"1794","range.4.rQuant.L1","rQuant","1","L1","4",0.0508048017584909,NA
"1795","slope.4.rQuant.L1","rQuant","1","L1","4",0.00891930657295282,NA
"1796","mean.4.rSigma.L1","rSigma","2","L1","4",3.74280141643454,NA
"1797","min.4.rSigma.L1","rSigma","2","L1","4",3.54285900561385,NA
"1798","max.4.rSigma.L1","rSigma","2","L1","4",4.06543567423749,NA
"1799","range.4.rSigma.L1","rSigma","2","L1","4",0.52257666862364,NA
"1800","slope.4.rSigma.L1","rSigma","2","L1","4",-0.0276027151454641,NA
"1801","mean.4.rConnect.L1","rConnect","3","L1","4",0.123561441453461,NA
"1802","min.4.rConnect.L1","rConnect","3","L1","4",0,NA
"1803","max.4.rConnect.L1","rConnect","3","L1","4",0.182998003440676,NA
"1804","range.4.rConnect.L1","rConnect","3","L1","4",0.182998003440676,NA
"1805","slope.4.rConnect.L1","rConnect","3","L1","4",0.0153890422727336,NA
"1806","mean.4.rTau1.L1","rTau1","4","L1","4",1475.70229865656,NA
"1807","min.4.rTau1.L1","rTau1","4","L1","4",1190.39903849684,NA
"1808","max.4.rTau1.L1","rTau1","4","L1","4",1864.83887352985,NA
"1809","range.4.rTau1.L1","rTau1","4","L1","4",674.43983503301,NA
"1810","slope.4.rTau1.L1","rTau1","4","L1","4",-126.963671828887,NA
"1811","mean.4.rTau2.L1","rTau2","5","L1","4",2766959.46941041,NA
"1812","min.4.rTau2.L1","rTau2","5","L1","4",2125846.24556965,NA
"1813","max.4.rTau2.L1","rTau2","5","L1","4",3955685.09417727,NA
"1814","range.4.rTau2.L1","rTau2","5","L1","4",1829838.84860762,NA
"1815","slope.4.rTau2.L1","rTau2","5","L1","4",-276316.351618594,NA
"1816","mean.4.rNPQ.L1","rNPQ","6","L1","4",0.229668311291252,NA
"1817","min.4.rNPQ.L1","rNPQ","6","L1","4",0.101696170767701,NA
"1818","max.4.rNPQ.L1","rNPQ","6","L1","4",0.353134944009178,NA
"1819","range.4.rNPQ.L1","rNPQ","6","L1","4",0.251438773241477,NA
"1820","slope.4.rNPQ.L1","rNPQ","6","L1","4",0.0422229414980259,NA
"1821","mean.4.rqP.L1","rqP","7","L1","4",0.373502844295736,NA
"1822","min.4.rqP.L1","rqP","7","L1","4",0.212248538329525,NA
"1823","max.4.rqP.L1","rqP","7","L1","4",0.49664018028435,NA
"1824","range.4.rqP.L1","rqP","7","L1","4",0.284391641954825,NA
"1825","slope.4.rqP.L1","rqP","7","L1","4",0.0480332450706676,NA
"1826","mean.4.rABQ.L1","rABQ","8","L1","4",0.154360674640521,NA
"1827","min.4.rABQ.L1","rABQ","8","L1","4",0.0814654857832273,NA
"1828","max.4.rABQ.L1","rABQ","8","L1","4",0.19953517004782,NA
"1829","range.4.rABQ.L1","rABQ","8","L1","4",0.118069684264593,NA
"1830","slope.4.rABQ.L1","rABQ","8","L1","4",0.00623648941437455,NA
"1831","mean.4.rqm.L1","rqm","9","L1","4",0.754976035789209,NA
"1832","min.4.rqm.L1","rqm","9","L1","4",0.708413700992114,NA
"1833","max.4.rqm.L1","rqm","9","L1","4",0.842601844960938,NA
"1834","range.4.rqm.L1","rqm","9","L1","4",0.134188143968824,NA
"1835","slope.4.rqm.L1","rqm","9","L1","4",-0.0235581116958781,NA
"1836","mean.1.rQuant.L2","rQuant","1","L2","1",0.251472784594953,NA
"1837","min.1.rQuant.L2","rQuant","1","L2","1",0.231423687344311,NA
"1838","max.1.rQuant.L2","rQuant","1","L2","1",0.261669798382564,NA
"1839","range.1.rQuant.L2","rQuant","1","L2","1",0.030246111038253,NA
"1840","slope.1.rQuant.L2","rQuant","1","L2","1",0.00529866132557322,NA
"1841","mean.1.rSigma.L2","rSigma","2","L2","1",4.70821086453722,NA
"1842","min.1.rSigma.L2","rSigma","2","L2","1",4.67633559403167,NA
"1843","max.1.rSigma.L2","rSigma","2","L2","1",4.75694934038132,NA
"1844","range.1.rSigma.L2","rSigma","2","L2","1",0.0806137463496501,NA
"1845","slope.1.rSigma.L2","rSigma","2","L2","1",0.0048664848397106,NA
"1846","mean.1.rConnect.L2","rConnect","3","L2","1",0.184382714564067,NA
"1847","min.1.rConnect.L2","rConnect","3","L2","1",0.168805566706631,NA
"1848","max.1.rConnect.L2","rConnect","3","L2","1",0.195547257699381,NA
"1849","range.1.rConnect.L2","rConnect","3","L2","1",0.02674169099275,NA
"1850","slope.1.rConnect.L2","rConnect","3","L2","1",0.00480877385534804,NA
"1851","mean.1.rTau1.L2","rTau1","4","L2","1",814.350367239502,NA
"1852","min.1.rTau1.L2","rTau1","4","L2","1",788.66595619463,NA
"1853","max.1.rTau1.L2","rTau1","4","L2","1",867.344269823305,NA
"1854","range.1.rTau1.L2","rTau1","4","L2","1",78.678313628675,NA
"1855","slope.1.rTau1.L2","rTau1","4","L2","1",-9.78421057200833,NA
"1856","mean.1.rTau2.L2","rTau2","5","L2","1",956484.666002947,NA
"1857","min.1.rTau2.L2","rTau2","5","L2","1",899893.539101811,NA
"1858","max.1.rTau2.L2","rTau2","5","L2","1",1032597.21028188,NA
"1859","range.1.rTau2.L2","rTau2","5","L2","1",132703.671180069,NA
"1860","slope.1.rTau2.L2","rTau2","5","L2","1",-27111.7560066213,NA
"1861","mean.1.rNPQ.L2","rNPQ","6","L2","1",0.631943094005224,NA
"1862","min.1.rNPQ.L2","rNPQ","6","L2","1",0.627955226118429,NA
"1863","max.1.rNPQ.L2","rNPQ","6","L2","1",0.640947688703677,NA
"1864","range.1.rNPQ.L2","rNPQ","6","L2","1",0.012992462585248,NA
"1865","slope.1.rNPQ.L2","rNPQ","6","L2","1",-0.00134759171961531,NA
"1866","mean.1.rqP.L2","rqP","7","L2","1",0.798773737219455,NA
"1867","min.1.rqP.L2","rqP","7","L2","1",0.784444910824555,NA
"1868","max.1.rqP.L2","rqP","7","L2","1",0.807816445537546,NA
"1869","range.1.rqP.L2","rqP","7","L2","1",0.0233715347129909,NA
"1870","slope.1.rqP.L2","rqP","7","L2","1",0.00422200512924399,NA
"1871","mean.1.rABQ.L2","rABQ","8","L2","1",0.230019408321126,NA
"1872","min.1.rABQ.L2","rABQ","8","L2","1",0.22204872018763,NA
"1873","max.1.rABQ.L2","rABQ","8","L2","1",0.235232288616835,NA
"1874","range.1.rABQ.L2","rABQ","8","L2","1",0.013183568429205,NA
"1875","slope.1.rABQ.L2","rABQ","8","L2","1",-0.000795864710414726,NA
"1876","mean.1.rqm.L2","rqm","9","L2","1",0.344584041113288,NA
"1877","min.1.rqm.L2","rqm","9","L2","1",0.31800746512256,NA
"1878","max.1.rqm.L2","rqm","9","L2","1",0.396838197842447,NA
"1879","range.1.rqm.L2","rqm","9","L2","1",0.078830732719887,NA
"1880","slope.1.rqm.L2","rqm","9","L2","1",-0.0138099524332631,NA
"1881","mean.2.rQuant.L2","rQuant","1","L2","2",0.243577819076306,NA
"1882","min.2.rQuant.L2","rQuant","1","L2","2",0.226555957213412,NA
"1883","max.2.rQuant.L2","rQuant","1","L2","2",0.251382963343132,NA
"1884","range.2.rQuant.L2","rQuant","1","L2","2",0.02482700612972,NA
"1885","slope.2.rQuant.L2","rQuant","1","L2","2",0.00445075621302696,NA
"1886","mean.2.rSigma.L2","rSigma","2","L2","2",4.20729921280781,NA
"1887","min.2.rSigma.L2","rSigma","2","L2","2",4.14841601012487,NA
"1888","max.2.rSigma.L2","rSigma","2","L2","2",4.25157151226525,NA
"1889","range.2.rSigma.L2","rSigma","2","L2","2",0.10315550214038,NA
"1890","slope.2.rSigma.L2","rSigma","2","L2","2",0.0113727180894802,NA
"1891","mean.2.rConnect.L2","rConnect","3","L2","2",0.235484017711944,NA
"1892","min.2.rConnect.L2","rConnect","3","L2","2",0.217416519747787,NA
"1893","max.2.rConnect.L2","rConnect","3","L2","2",0.242855267007704,NA
"1894","range.2.rConnect.L2","rConnect","3","L2","2",0.025438747259917,NA
"1895","slope.2.rConnect.L2","rConnect","3","L2","2",0.00332565598054334,NA
"1896","mean.2.rTau1.L2","rTau1","4","L2","2",1058.38270242369,NA
"1897","min.2.rTau1.L2","rTau1","4","L2","2",1017.08611737647,NA
"1898","max.2.rTau1.L2","rTau1","4","L2","2",1115.89650409137,NA
"1899","range.2.rTau1.L2","rTau1","4","L2","2",98.8103867148999,NA
"1900","slope.2.rTau1.L2","rTau1","4","L2","2",-11.1004257058795,NA
"1901","mean.2.rTau2.L2","rTau2","5","L2","2",935509.936625067,NA
"1902","min.2.rTau2.L2","rTau2","5","L2","2",896873.823128396,NA
"1903","max.2.rTau2.L2","rTau2","5","L2","2",976211.719572684,NA
"1904","range.2.rTau2.L2","rTau2","5","L2","2",79337.8964442881,NA
"1905","slope.2.rTau2.L2","rTau2","5","L2","2",-12267.6677626752,NA
"1906","mean.2.rNPQ.L2","rNPQ","6","L2","2",0.564394112643263,NA
"1907","min.2.rNPQ.L2","rNPQ","6","L2","2",0.560207564189551,NA
"1908","max.2.rNPQ.L2","rNPQ","6","L2","2",0.571829464472429,NA
"1909","range.2.rNPQ.L2","rNPQ","6","L2","2",0.011621900282878,NA
"1910","slope.2.rNPQ.L2","rNPQ","6","L2","2",-0.000518055234114953,NA
"1911","mean.2.rqP.L2","rqP","7","L2","2",0.779662660919157,NA
"1912","min.2.rqP.L2","rqP","7","L2","2",0.766759530579058,NA
"1913","max.2.rqP.L2","rqP","7","L2","2",0.788085968573383,NA
"1914","range.2.rqP.L2","rqP","7","L2","2",0.021326437994325,NA
"1915","slope.2.rqP.L2","rqP","7","L2","2",0.00404326012672438,NA
"1916","mean.2.rABQ.L2","rABQ","8","L2","2",0.26934189652338,NA
"1917","min.2.rABQ.L2","rABQ","8","L2","2",0.261653374095583,NA
"1918","max.2.rABQ.L2","rABQ","8","L2","2",0.279567812728239,NA
"1919","range.2.rABQ.L2","rABQ","8","L2","2",0.017914438632656,NA
"1920","slope.2.rABQ.L2","rABQ","8","L2","2",-0.00197503629058218,NA
"1921","mean.2.rqm.L2","rqm","9","L2","2",0.331011084107846,NA
"1922","min.2.rqm.L2","rqm","9","L2","2",0.309574177326896,NA
"1923","max.2.rqm.L2","rqm","9","L2","2",0.377761797934362,NA
"1924","range.2.rqm.L2","rqm","9","L2","2",0.068187620607466,NA
"1925","slope.2.rqm.L2","rqm","9","L2","2",-0.0122240464470224,NA
"1926","mean.3.rQuant.L2","rQuant","1","L2","3",0.243018975699549,NA
"1927","min.3.rQuant.L2","rQuant","1","L2","3",0.228484032843397,NA
"1928","max.3.rQuant.L2","rQuant","1","L2","3",0.251381102095131,NA
"1929","range.3.rQuant.L2","rQuant","1","L2","3",0.022897069251734,NA
"1930","slope.3.rQuant.L2","rQuant","1","L2","3",0.00425175564238116,NA
"1931","mean.3.rSigma.L2","rSigma","2","L2","3",3.90006977574004,NA
"1932","min.3.rSigma.L2","rSigma","2","L2","3",3.8604659303505,NA
"1933","max.3.rSigma.L2","rSigma","2","L2","3",3.92509423941882,NA
"1934","range.3.rSigma.L2","rSigma","2","L2","3",0.0646283090683202,NA
"1935","slope.3.rSigma.L2","rSigma","2","L2","3",-0.010822633929191,NA
"1936","mean.3.rConnect.L2","rConnect","3","L2","3",0.228243058141371,NA
"1937","min.3.rConnect.L2","rConnect","3","L2","3",0.206545295738485,NA
"1938","max.3.rConnect.L2","rConnect","3","L2","3",0.250424557940579,NA
"1939","range.3.rConnect.L2","rConnect","3","L2","3",0.043879262202094,NA
"1940","slope.3.rConnect.L2","rConnect","3","L2","3",0.00756585634821754,NA
"1941","mean.3.rTau1.L2","rTau1","4","L2","3",1019.1744182508,NA
"1942","min.3.rTau1.L2","rTau1","4","L2","3",975.77342493899,NA
"1943","max.3.rTau1.L2","rTau1","4","L2","3",1049.92561455634,NA
"1944","range.3.rTau1.L2","rTau1","4","L2","3",74.1521896173499,NA
"1945","slope.3.rTau1.L2","rTau1","4","L2","3",-12.0936239621255,NA
"1946","mean.3.rTau2.L2","rTau2","5","L2","3",1030671.25902182,NA
"1947","min.3.rTau2.L2","rTau2","5","L2","3",1003587.65405825,NA
"1948","max.3.rTau2.L2","rTau2","5","L2","3",1068764.73067325,NA
"1949","range.3.rTau2.L2","rTau2","5","L2","3",65177.076615,NA
"1950","slope.3.rTau2.L2","rTau2","5","L2","3",-10088.5060079155,NA
"1951","mean.3.rNPQ.L2","rNPQ","6","L2","3",0.659115059847225,NA
"1952","min.3.rNPQ.L2","rNPQ","6","L2","3",0.654297492827097,NA
"1953","max.3.rNPQ.L2","rNPQ","6","L2","3",0.668242662175899,NA
"1954","range.3.rNPQ.L2","rNPQ","6","L2","3",0.013945169348802,NA
"1955","slope.3.rNPQ.L2","rNPQ","6","L2","3",-0.00125784304741087,NA
"1956","mean.3.rqP.L2","rqP","7","L2","3",0.797890294564065,NA
"1957","min.3.rqP.L2","rqP","7","L2","3",0.788759621734472,NA
"1958","max.3.rqP.L2","rqP","7","L2","3",0.80518841504035,NA
"1959","range.3.rqP.L2","rqP","7","L2","3",0.016428793305878,NA
"1960","slope.3.rqP.L2","rqP","7","L2","3",0.00324645507611239,NA
"1961","mean.3.rABQ.L2","rABQ","8","L2","3",0.244019095782658,NA
"1962","min.3.rABQ.L2","rABQ","8","L2","3",0.239168409059792,NA
"1963","max.3.rABQ.L2","rABQ","8","L2","3",0.251695817628587,NA
"1964","range.3.rABQ.L2","rABQ","8","L2","3",0.012527408568795,NA
"1965","slope.3.rABQ.L2","rABQ","8","L2","3",0.00209783543738009,NA
"1966","mean.3.rqm.L2","rqm","9","L2","3",0.341122049989149,NA
"1967","min.3.rqm.L2","rqm","9","L2","3",0.318450484193133,NA
"1968","max.3.rqm.L2","rqm","9","L2","3",0.380529480314369,NA
"1969","range.3.rqm.L2","rqm","9","L2","3",0.062078996121236,NA
"1970","slope.3.rqm.L2","rqm","9","L2","3",-0.0115274456800552,NA
"1971","mean.4.rQuant.L2","rQuant","1","L2","4",0.244654126709846,NA
"1972","min.4.rQuant.L2","rQuant","1","L2","4",0.229908958994539,NA
"1973","max.4.rQuant.L2","rQuant","1","L2","4",0.253373010609982,NA
"1974","range.4.rQuant.L2","rQuant","1","L2","4",0.023464051615443,NA
"1975","slope.4.rQuant.L2","rQuant","1","L2","4",0.00435424593887955,NA
"1976","mean.4.rSigma.L2","rSigma","2","L2","4",3.69816883636064,NA
"1977","min.4.rSigma.L2","rSigma","2","L2","4",3.64514619706744,NA
"1978","max.4.rSigma.L2","rSigma","2","L2","4",3.80832904778711,NA
"1979","range.4.rSigma.L2","rSigma","2","L2","4",0.16318285071967,NA
"1980","slope.4.rSigma.L2","rSigma","2","L2","4",-0.021031885163145,NA
"1981","mean.4.rConnect.L2","rConnect","3","L2","4",0.264341521784986,NA
"1982","min.4.rConnect.L2","rConnect","3","L2","4",0.240527810950815,NA
"1983","max.4.rConnect.L2","rConnect","3","L2","4",0.286503027392684,NA
"1984","range.4.rConnect.L2","rConnect","3","L2","4",0.045975216441869,NA
"1985","slope.4.rConnect.L2","rConnect","3","L2","4",0.00638352507295601,NA
"1986","mean.4.rTau1.L2","rTau1","4","L2","4",829.947280796377,NA
"1987","min.4.rTau1.L2","rTau1","4","L2","4",795.807209158102,NA
"1988","max.4.rTau1.L2","rTau1","4","L2","4",877.013943382935,NA
"1989","range.4.rTau1.L2","rTau1","4","L2","4",81.2067342248331,NA
"1990","slope.4.rTau1.L2","rTau1","4","L2","4",0.282415211826196,NA
"1991","mean.4.rTau2.L2","rTau2","5","L2","4",1107498.17275574,NA
"1992","min.4.rTau2.L2","rTau2","5","L2","4",1082874.47410557,NA
"1993","max.4.rTau2.L2","rTau2","5","L2","4",1140474.10921383,NA
"1994","range.4.rTau2.L2","rTau2","5","L2","4",57599.63510826,NA
"1995","slope.4.rTau2.L2","rTau2","5","L2","4",-10272.142404386,NA
"1996","mean.4.rNPQ.L2","rNPQ","6","L2","4",0.700365261220031,NA
"1997","min.4.rNPQ.L2","rNPQ","6","L2","4",0.694141768829467,NA
"1998","max.4.rNPQ.L2","rNPQ","6","L2","4",0.710874188992968,NA
"1999","range.4.rNPQ.L2","rNPQ","6","L2","4",0.016732420163501,NA
"2000","slope.4.rNPQ.L2","rNPQ","6","L2","4",-0.00136731167813844,NA
"2001","mean.4.rqP.L2","rqP","7","L2","4",0.805760828251343,NA
"2002","min.4.rqP.L2","rqP","7","L2","4",0.797213491950052,NA
"2003","max.4.rqP.L2","rqP","7","L2","4",0.81375266737918,NA
"2004","range.4.rqP.L2","rqP","7","L2","4",0.016539175429128,NA
"2005","slope.4.rqP.L2","rqP","7","L2","4",0.00318723700178626,NA
"2006","mean.4.rABQ.L2","rABQ","8","L2","4",0.164444849755187,NA
"2007","min.4.rABQ.L2","rABQ","8","L2","4",0.139555523149962,NA
"2008","max.4.rABQ.L2","rABQ","8","L2","4",0.176424654166877,NA
"2009","range.4.rABQ.L2","rABQ","8","L2","4",0.036869131016915,NA
"2010","slope.4.rABQ.L2","rABQ","8","L2","4",0.00475189228643147,NA
"2011","mean.4.rqm.L2","rqm","9","L2","4",0.353807474073623,NA
"2012","min.4.rqm.L2","rqm","9","L2","4",0.33077872860975,NA
"2013","max.4.rqm.L2","rqm","9","L2","4",0.392753137076736,NA
"2014","range.4.rqm.L2","rqm","9","L2","4",0.061974408466986,NA
"2015","slope.4.rqm.L2","rqm","9","L2","4",-0.0115006487713413,NA
"2016","mean.1.rQuant.L3","rQuant","1","L3","1",0.0841449949917031,NA
"2017","min.1.rQuant.L3","rQuant","1","L3","1",0.0812868010970025,NA
"2018","max.1.rQuant.L3","rQuant","1","L3","1",0.0864826463810715,NA
"2019","range.1.rQuant.L3","rQuant","1","L3","1",0.00519584528406901,NA
"2020","slope.1.rQuant.L3","rQuant","1","L3","1",-0.000437242538971368,NA
"2021","mean.1.rSigma.L3","rSigma","2","L3","1",4.76708660528184,NA
"2022","min.1.rSigma.L3","rSigma","2","L3","1",4.16458375747055,NA
"2023","max.1.rSigma.L3","rSigma","2","L3","1",5.11942816894818,NA
"2024","range.1.rSigma.L3","rSigma","2","L3","1",0.95484441147763,NA
"2025","slope.1.rSigma.L3","rSigma","2","L3","1",-0.0793450645066567,NA
"2026","mean.1.rConnect.L3","rConnect","3","L3","1",0.0134971385797285,NA
"2027","min.1.rConnect.L3","rConnect","3","L3","1",0,NA
"2028","max.1.rConnect.L3","rConnect","3","L3","1",0.0944799700580992,NA
"2029","range.1.rConnect.L3","rConnect","3","L3","1",0.0944799700580992,NA
"2030","slope.1.rConnect.L3","rConnect","3","L3","1",0.0101228539347963,NA
"2031","mean.1.rTau1.L3","rTau1","4","L3","1",584.956321195514,NA
"2032","min.1.rTau1.L3","rTau1","4","L3","1",465.492617055004,NA
"2033","max.1.rTau1.L3","rTau1","4","L3","1",797.340692459246,NA
"2034","range.1.rTau1.L3","rTau1","4","L3","1",331.848075404242,NA
"2035","slope.1.rTau1.L3","rTau1","4","L3","1",-4.62933048666125,NA
"2036","mean.1.rTau2.L3","rTau2","5","L3","1",3216178.44301623,NA
"2037","min.1.rTau2.L3","rTau2","5","L3","1",3015230.69113868,NA
"2038","max.1.rTau2.L3","rTau2","5","L3","1",3461375.29446744,NA
"2039","range.1.rTau2.L3","rTau2","5","L3","1",446144.60332876,NA
"2040","slope.1.rTau2.L3","rTau2","5","L3","1",16585.1335538884,NA
"2041","mean.1.rNPQ.L3","rNPQ","6","L3","1",0.288205280595365,NA
"2042","min.1.rNPQ.L3","rNPQ","6","L3","1",0.211837749120097,NA
"2043","max.1.rNPQ.L3","rNPQ","6","L3","1",0.365620470425026,NA
"2044","range.1.rNPQ.L3","rNPQ","6","L3","1",0.153782721304929,NA
"2045","slope.1.rNPQ.L3","rNPQ","6","L3","1",0.0244873180046478,NA
"2046","mean.1.rqP.L3","rqP","7","L3","1",0.425017614162789,NA
"2047","min.1.rqP.L3","rqP","7","L3","1",0.363240486332172,NA
"2048","max.1.rqP.L3","rqP","7","L3","1",0.482884407359909,NA
"2049","range.1.rqP.L3","rqP","7","L3","1",0.119643921027737,NA
"2050","slope.1.rqP.L3","rqP","7","L3","1",0.0194654808917685,NA
"2051","mean.1.rABQ.L3","rABQ","8","L3","1",0.220390872344641,NA
"2052","min.1.rABQ.L3","rABQ","8","L3","1",0.162768948970669,NA
"2053","max.1.rABQ.L3","rABQ","8","L3","1",0.318924160804639,NA
"2054","range.1.rABQ.L3","rABQ","8","L3","1",0.15615521183397,NA
"2055","slope.1.rABQ.L3","rABQ","8","L3","1",0.0129760882580264,NA
"2056","mean.1.rqm.L3","rqm","9","L3","1",0.780692082974965,NA
"2057","min.1.rqm.L3","rqm","9","L3","1",0.774599439473309,NA
"2058","max.1.rqm.L3","rqm","9","L3","1",0.78814142145983,NA
"2059","range.1.rqm.L3","rqm","9","L3","1",0.013541981986521,NA
"2060","slope.1.rqm.L3","rqm","9","L3","1",0.00113958947250526,NA
"2061","mean.2.rQuant.L3","rQuant","1","L3","2",0.075086047434205,NA
"2062","min.2.rQuant.L3","rQuant","1","L3","2",0.073155727295123,NA
"2063","max.2.rQuant.L3","rQuant","1","L3","2",0.0780138933948848,NA
"2064","range.2.rQuant.L3","rQuant","1","L3","2",0.00485816609976181,NA
"2065","slope.2.rQuant.L3","rQuant","1","L3","2",-9.1057280235782e-05,NA
"2066","mean.2.rSigma.L3","rSigma","2","L3","2",3.91917695486136,NA
"2067","min.2.rSigma.L3","rSigma","2","L3","2",3.80380579450686,NA
"2068","max.2.rSigma.L3","rSigma","2","L3","2",4.09912353014105,NA
"2069","range.2.rSigma.L3","rSigma","2","L3","2",0.29531773563419,NA
"2070","slope.2.rSigma.L3","rSigma","2","L3","2",-0.0204899433736798,NA
"2071","mean.2.rConnect.L3","rConnect","3","L3","2",0.0952758369889099,NA
"2072","min.2.rConnect.L3","rConnect","3","L3","2",0,NA
"2073","max.2.rConnect.L3","rConnect","3","L3","2",0.170285169364604,NA
"2074","range.2.rConnect.L3","rConnect","3","L3","2",0.170285169364604,NA
"2075","slope.2.rConnect.L3","rConnect","3","L3","2",-0.00995381242481779,NA
"2076","mean.2.rTau1.L3","rTau1","4","L3","2",1588.94756995174,NA
"2077","min.2.rTau1.L3","rTau1","4","L3","2",1267.53920331317,NA
"2078","max.2.rTau1.L3","rTau1","4","L3","2",1912.96082799403,NA
"2079","range.2.rTau1.L3","rTau1","4","L3","2",645.42162468086,NA
"2080","slope.2.rTau1.L3","rTau1","4","L3","2",2.98397629107877,NA
"2081","mean.2.rTau2.L3","rTau2","5","L3","2",3653124.22685482,NA
"2082","min.2.rTau2.L3","rTau2","5","L3","2",3453115.3215816,NA
"2083","max.2.rTau2.L3","rTau2","5","L3","2",3875044.10614481,NA
"2084","range.2.rTau2.L3","rTau2","5","L3","2",421928.78456321,NA
"2085","slope.2.rTau2.L3","rTau2","5","L3","2",25041.9087199536,NA
"2086","mean.2.rNPQ.L3","rNPQ","6","L3","2",0.247260649446257,NA
"2087","min.2.rNPQ.L3","rNPQ","6","L3","2",0.171514042871778,NA
"2088","max.2.rNPQ.L3","rNPQ","6","L3","2",0.325520740475127,NA
"2089","range.2.rNPQ.L3","rNPQ","6","L3","2",0.154006697603349,NA
"2090","slope.2.rNPQ.L3","rNPQ","6","L3","2",0.0241736840305224,NA
"2091","mean.2.rqP.L3","rqP","7","L3","2",0.3884483131917,NA
"2092","min.2.rqP.L3","rqP","7","L3","2",0.319295474804957,NA
"2093","max.2.rqP.L3","rqP","7","L3","2",0.45811341606453,NA
"2094","range.2.rqP.L3","rqP","7","L3","2",0.138817941259573,NA
"2095","slope.2.rqP.L3","rqP","7","L3","2",0.0215832349052577,NA
"2096","mean.2.rABQ.L3","rABQ","8","L3","2",0.319378476265485,NA
"2097","min.2.rABQ.L3","rABQ","8","L3","2",0.28812816180705,NA
"2098","max.2.rABQ.L3","rABQ","8","L3","2",0.339414339881722,NA
"2099","range.2.rABQ.L3","rABQ","8","L3","2",0.051286178074672,NA
"2100","slope.2.rABQ.L3","rABQ","8","L3","2",0.00355837377103606,NA
"2101","mean.2.rqm.L3","rqm","9","L3","2",0.793775419855042,NA
"2102","min.2.rqm.L3","rqm","9","L3","2",0.785734061645325,NA
"2103","max.2.rqm.L3","rqm","9","L3","2",0.799077063420398,NA
"2104","range.2.rqm.L3","rqm","9","L3","2",0.013343001775073,NA
"2105","slope.2.rqm.L3","rqm","9","L3","2",0.000250089730748206,NA
"2106","mean.3.rQuant.L3","rQuant","1","L3","3",0.0730469185159009,NA
"2107","min.3.rQuant.L3","rQuant","1","L3","3",0.0713471980418957,NA
"2108","max.3.rQuant.L3","rQuant","1","L3","3",0.0746730053670453,NA
"2109","range.3.rQuant.L3","rQuant","1","L3","3",0.0033258073251496,NA
"2110","slope.3.rQuant.L3","rQuant","1","L3","3",-8.04578425296703e-05,NA
"2111","mean.3.rSigma.L3","rSigma","2","L3","3",3.71761473570873,NA
"2112","min.3.rSigma.L3","rSigma","2","L3","3",3.36987863986211,NA
"2113","max.3.rSigma.L3","rSigma","2","L3","3",4.08655411716148,NA
"2114","range.3.rSigma.L3","rSigma","2","L3","3",0.71667547729937,NA
"2115","slope.3.rSigma.L3","rSigma","2","L3","3",-0.0538361141924819,NA
"2116","mean.3.rConnect.L3","rConnect","3","L3","3",0.0853969913990168,NA
"2117","min.3.rConnect.L3","rConnect","3","L3","3",0,NA
"2118","max.3.rConnect.L3","rConnect","3","L3","3",0.22571684016351,NA
"2119","range.3.rConnect.L3","rConnect","3","L3","3",0.22571684016351,NA
"2120","slope.3.rConnect.L3","rConnect","3","L3","3",0.018677369655459,NA
"2121","mean.3.rTau1.L3","rTau1","4","L3","3",1482.27311107981,NA
"2122","min.3.rTau1.L3","rTau1","4","L3","3",1222.36034209858,NA
"2123","max.3.rTau1.L3","rTau1","4","L3","3",1643.32422669816,NA
"2124","range.3.rTau1.L3","rTau1","4","L3","3",420.96388459958,NA
"2125","slope.3.rTau1.L3","rTau1","4","L3","3",-27.4355185044739,NA
"2126","mean.3.rTau2.L3","rTau2","5","L3","3",3928933.91050378,NA
"2127","min.3.rTau2.L3","rTau2","5","L3","3",3611516.12767227,NA
"2128","max.3.rTau2.L3","rTau2","5","L3","3",4194460.47621141,NA
"2129","range.3.rTau2.L3","rTau2","5","L3","3",582944.34853914,NA
"2130","slope.3.rTau2.L3","rTau2","5","L3","3",56073.920961743,NA
"2131","mean.3.rNPQ.L3","rNPQ","6","L3","3",0.32535342090841,NA
"2132","min.3.rNPQ.L3","rNPQ","6","L3","3",0.246562167462802,NA
"2133","max.3.rNPQ.L3","rNPQ","6","L3","3",0.404439574863374,NA
"2134","range.3.rNPQ.L3","rNPQ","6","L3","3",0.157877407400572,NA
"2135","slope.3.rNPQ.L3","rNPQ","6","L3","3",0.0256344276531405,NA
"2136","mean.3.rqP.L3","rqP","7","L3","3",0.43955952607407,NA
"2137","min.3.rqP.L3","rqP","7","L3","3",0.377062128122041,NA
"2138","max.3.rqP.L3","rqP","7","L3","3",0.499849976376211,NA
"2139","range.3.rqP.L3","rqP","7","L3","3",0.12278784825417,NA
"2140","slope.3.rqP.L3","rqP","7","L3","3",0.0197823284791252,NA
"2141","mean.3.rABQ.L3","rABQ","8","L3","3",0.279385777425095,NA
"2142","min.3.rABQ.L3","rABQ","8","L3","3",0.207871383265541,NA
"2143","max.3.rABQ.L3","rABQ","8","L3","3",0.346790173572662,NA
"2144","range.3.rABQ.L3","rABQ","8","L3","3",0.138918790307121,NA
"2145","slope.3.rABQ.L3","rABQ","8","L3","3",0.0104354733702317,NA
"2146","mean.3.rqm.L3","rqm","9","L3","3",0.801953720742081,NA
"2147","min.3.rqm.L3","rqm","9","L3","3",0.797545041263709,NA
"2148","max.3.rqm.L3","rqm","9","L3","3",0.806562037184368,NA
"2149","range.3.rqm.L3","rqm","9","L3","3",0.00901699592065908,NA
"2150","slope.3.rqm.L3","rqm","9","L3","3",0.000218138925965124,NA
"2151","mean.4.rQuant.L3","rQuant","1","L3","4",0.0821943409819635,NA
"2152","min.4.rQuant.L3","rQuant","1","L3","4",0.0786383094404881,NA
"2153","max.4.rQuant.L3","rQuant","1","L3","4",0.0843579721178847,NA
"2154","range.4.rQuant.L3","rQuant","1","L3","4",0.00571966267739661,NA
"2155","slope.4.rQuant.L3","rQuant","1","L3","4",-0.000186150156212421,NA
"2156","mean.4.rSigma.L3","rSigma","2","L3","4",3.75077483283646,NA
"2157","min.4.rSigma.L3","rSigma","2","L3","4",3.6454025437655,NA
"2158","max.4.rSigma.L3","rSigma","2","L3","4",4.06956851868676,NA
"2159","range.4.rSigma.L3","rSigma","2","L3","4",0.42416597492126,NA
"2160","slope.4.rSigma.L3","rSigma","2","L3","4",-0.0419545621960023,NA
"2161","mean.4.rConnect.L3","rConnect","3","L3","4",0.11448535112422,NA
"2162","min.4.rConnect.L3","rConnect","3","L3","4",0.0647601643139101,NA
"2163","max.4.rConnect.L3","rConnect","3","L3","4",0.163193080665844,NA
"2164","range.4.rConnect.L3","rConnect","3","L3","4",0.0984329163519339,NA
"2165","slope.4.rConnect.L3","rConnect","3","L3","4",0.00277310336682924,NA
"2166","mean.4.rTau1.L3","rTau1","4","L3","4",1074.35411418664,NA
"2167","min.4.rTau1.L3","rTau1","4","L3","4",930.729954408148,NA
"2168","max.4.rTau1.L3","rTau1","4","L3","4",1273.10646375865,NA
"2169","range.4.rTau1.L3","rTau1","4","L3","4",342.376509350502,NA
"2170","slope.4.rTau1.L3","rTau1","4","L3","4",19.7547651812796,NA
"2171","mean.4.rTau2.L3","rTau2","5","L3","4",3883448.94818799,NA
"2172","min.4.rTau2.L3","rTau2","5","L3","4",3662097.64804354,NA
"2173","max.4.rTau2.L3","rTau2","5","L3","4",4324225.83554686,NA
"2174","range.4.rTau2.L3","rTau2","5","L3","4",662128.18750332,NA
"2175","slope.4.rTau2.L3","rTau2","5","L3","4",28169.1281839927,NA
"2176","mean.4.rNPQ.L3","rNPQ","6","L3","4",0.348485316839121,NA
"2177","min.4.rNPQ.L3","rNPQ","6","L3","4",0.268196341897186,NA
"2178","max.4.rNPQ.L3","rNPQ","6","L3","4",0.429780150576316,NA
"2179","range.4.rNPQ.L3","rNPQ","6","L3","4",0.16158380867913,NA
"2180","slope.4.rNPQ.L3","rNPQ","6","L3","4",0.0258654090417182,NA
"2181","mean.4.rqP.L3","rqP","7","L3","4",0.461588895906373,NA
"2182","min.4.rqP.L3","rqP","7","L3","4",0.403034962686772,NA
"2183","max.4.rqP.L3","rqP","7","L3","4",0.52040882112777,NA
"2184","range.4.rqP.L3","rqP","7","L3","4",0.117373858440998,NA
"2185","slope.4.rqP.L3","rqP","7","L3","4",0.018735743795785,NA
"2186","mean.4.rABQ.L3","rABQ","8","L3","4",0.152559180594558,NA
"2187","min.4.rABQ.L3","rABQ","8","L3","4",0.0805317210965536,NA
"2188","max.4.rABQ.L3","rABQ","8","L3","4",0.176366735825858,NA
"2189","range.4.rABQ.L3","rABQ","8","L3","4",0.0958350147293044,NA
"2190","slope.4.rABQ.L3","rABQ","8","L3","4",0.00947911035712327,NA
"2191","mean.4.rqm.L3","rqm","9","L3","4",0.782904259452856,NA
"2192","min.4.rqm.L3","rqm","9","L3","4",0.777189570362195,NA
"2193","max.4.rqm.L3","rqm","9","L3","4",0.792296625054705,NA
"2194","range.4.rqm.L3","rqm","9","L3","4",0.0151070546925099,NA
"2195","slope.4.rqm.L3","rqm","9","L3","4",0.000491668958387005,NA
"2196","mean.1.rQuant.R1","rQuant","1","R1","1",0.376352060417707,NA
"2197","min.1.rQuant.R1","rQuant","1","R1","1",0.36953704214262,NA
"2198","max.1.rQuant.R1","rQuant","1","R1","1",0.385023649639806,NA
"2199","range.1.rQuant.R1","rQuant","1","R1","1",0.015486607497186,NA
"2200","slope.1.rQuant.R1","rQuant","1","R1","1",0.00427458818458672,NA
"2201","mean.1.rSigma.R1","rSigma","2","R1","1",5.47040534132065,NA
"2202","min.1.rSigma.R1","rSigma","2","R1","1",5.18416871754461,NA
"2203","max.1.rSigma.R1","rSigma","2","R1","1",5.56699076763178,NA
"2204","range.1.rSigma.R1","rSigma","2","R1","1",0.38282205008717,NA
"2205","slope.1.rSigma.R1","rSigma","2","R1","1",0.0621551235340791,NA
"2206","mean.1.rConnect.R1","rConnect","3","R1","1",0.240426939961673,NA
"2207","min.1.rConnect.R1","rConnect","3","R1","1",0.216096982888743,NA
"2208","max.1.rConnect.R1","rConnect","3","R1","1",0.261477008079844,NA
"2209","range.1.rConnect.R1","rConnect","3","R1","1",0.045380025191101,NA
"2210","slope.1.rConnect.R1","rConnect","3","R1","1",0.0044390226924241,NA
"2211","mean.1.rTau1.R1","rTau1","4","R1","1",730.719829250477,NA
"2212","min.1.rTau1.R1","rTau1","4","R1","1",665.045474381615,NA
"2213","max.1.rTau1.R1","rTau1","4","R1","1",873.89633372633,NA
"2214","range.1.rTau1.R1","rTau1","4","R1","1",208.850859344715,NA
"2215","slope.1.rTau1.R1","rTau1","4","R1","1",-27.3893748249337,NA
"2216","mean.1.rTau2.R1","rTau2","5","R1","1",648319.730456283,NA
"2217","min.1.rTau2.R1","rTau2","5","R1","1",614405.49854198,NA
"2218","max.1.rTau2.R1","rTau2","5","R1","1",694774.651608825,NA
"2219","range.1.rTau2.R1","rTau2","5","R1","1",80369.1530668449,NA
"2220","slope.1.rTau2.R1","rTau2","5","R1","1",-2897.36787625893,NA
"2221","mean.1.rNPQ.R1","rNPQ","6","R1","1",0.941261513580732,NA
"2222","min.1.rNPQ.R1","rNPQ","6","R1","1",0.893283069268144,NA
"2223","max.1.rNPQ.R1","rNPQ","6","R1","1",0.993663379727517,NA
"2224","range.1.rNPQ.R1","rNPQ","6","R1","1",0.100380310459373,NA
"2225","slope.1.rNPQ.R1","rNPQ","6","R1","1",-0.0204539776887057,NA
"2226","mean.1.rqP.R1","rqP","7","R1","1",1.00144801428016,NA
"2227","min.1.rqP.R1","rqP","7","R1","1",0.99626597776416,NA
"2228","max.1.rqP.R1","rqP","7","R1","1",1.00912133844123,NA
"2229","range.1.rqP.R1","rqP","7","R1","1",0.01285536067707,NA
"2230","slope.1.rqP.R1","rqP","7","R1","1",-0.00175670646961371,NA
"2231","mean.1.rABQ.R1","rABQ","8","R1","1",0.10537015808714,NA
"2232","min.1.rABQ.R1","rABQ","8","R1","1",0.0895745818399595,NA
"2233","max.1.rABQ.R1","rABQ","8","R1","1",0.152181282583557,NA
"2234","range.1.rABQ.R1","rABQ","8","R1","1",0.0626067007435975,NA
"2235","slope.1.rABQ.R1","rABQ","8","R1","1",-0.0101648460894387,NA
"2236","mean.1.rqm.R1","rqm","9","R1","1",0.0191099726558188,NA
"2237","min.1.rqm.R1","rqm","9","R1","1",-0.00349087448645924,NA
"2238","max.1.rqm.R1","rqm","9","R1","1",0.0368720209219616,NA
"2239","range.1.rqm.R1","rqm","9","R1","1",0.0403628954084208,NA
"2240","slope.1.rqm.R1","rqm","9","R1","1",-0.0111409006678767,NA
"2241","mean.2.rQuant.R1","rQuant","1","R1","2",0.360619456426121,NA
"2242","min.2.rQuant.R1","rQuant","1","R1","2",0.352797637133618,NA
"2243","max.2.rQuant.R1","rQuant","1","R1","2",0.36657151720188,NA
"2244","range.2.rQuant.R1","rQuant","1","R1","2",0.013773880068262,NA
"2245","slope.2.rQuant.R1","rQuant","1","R1","2",0.00375262066404913,NA
"2246","mean.2.rSigma.R1","rSigma","2","R1","2",5.14135018619191,NA
"2247","min.2.rSigma.R1","rSigma","2","R1","2",4.92790583452669,NA
"2248","max.2.rSigma.R1","rSigma","2","R1","2",5.26573382652467,NA
"2249","range.2.rSigma.R1","rSigma","2","R1","2",0.33782799199798,NA
"2250","slope.2.rSigma.R1","rSigma","2","R1","2",0.0380190679198841,NA
"2251","mean.2.rConnect.R1","rConnect","3","R1","2",0.250523860023403,NA
"2252","min.2.rConnect.R1","rConnect","3","R1","2",0.23695272530047,NA
"2253","max.2.rConnect.R1","rConnect","3","R1","2",0.270088476007207,NA
"2254","range.2.rConnect.R1","rConnect","3","R1","2",0.033135750706737,NA
"2255","slope.2.rConnect.R1","rConnect","3","R1","2",-0.000526921171410519,NA
"2256","mean.2.rTau1.R1","rTau1","4","R1","2",962.811603371095,NA
"2257","min.2.rTau1.R1","rTau1","4","R1","2",920.248458056872,NA
"2258","max.2.rTau1.R1","rTau1","4","R1","2",1032.20703806967,NA
"2259","range.2.rTau1.R1","rTau1","4","R1","2",111.958580012798,NA
"2260","slope.2.rTau1.R1","rTau1","4","R1","2",-6.82255976468142,NA
"2261","mean.2.rTau2.R1","rTau2","5","R1","2",632290.599748977,NA
"2262","min.2.rTau2.R1","rTau2","5","R1","2",591339.978850812,NA
"2263","max.2.rTau2.R1","rTau2","5","R1","2",675310.13784144,NA
"2264","range.2.rTau2.R1","rTau2","5","R1","2",83970.1589906281,NA
"2265","slope.2.rTau2.R1","rTau2","5","R1","2",-17663.0917715025,NA
"2266","mean.2.rNPQ.R1","rNPQ","6","R1","2",0.877278417777993,NA
"2267","min.2.rNPQ.R1","rNPQ","6","R1","2",0.828182132055291,NA
"2268","max.2.rNPQ.R1","rNPQ","6","R1","2",0.920378011917007,NA
"2269","range.2.rNPQ.R1","rNPQ","6","R1","2",0.092195879861716,NA
"2270","slope.2.rNPQ.R1","rNPQ","6","R1","2",-0.0254255425956534,NA
"2271","mean.2.rqP.R1","rqP","7","R1","2",0.995304991636563,NA
"2272","min.2.rqP.R1","rqP","7","R1","2",0.986531406742202,NA
"2273","max.2.rqP.R1","rqP","7","R1","2",1.00336434796776,NA
"2274","range.2.rqP.R1","rqP","7","R1","2",0.0168329412255581,NA
"2275","slope.2.rqP.R1","rqP","7","R1","2",-0.00396297140447934,NA
"2276","mean.2.rABQ.R1","rABQ","8","R1","2",0.10713049242696,NA
"2277","min.2.rABQ.R1","rABQ","8","R1","2",0.0855294818612297,NA
"2278","max.2.rABQ.R1","rABQ","8","R1","2",0.144198178202849,NA
"2279","range.2.rABQ.R1","rABQ","8","R1","2",0.0586686963416193,NA
"2280","slope.2.rABQ.R1","rABQ","8","R1","2",-0.00660255870980776,NA
"2281","mean.2.rqm.R1","rqm","9","R1","2",0.00955505670016942,NA
"2282","min.2.rqm.R1","rqm","9","R1","2",-0.00679233774157262,NA
"2283","max.2.rqm.R1","rqm","9","R1","2",0.0310377616058913,NA
"2284","range.2.rqm.R1","rqm","9","R1","2",0.0378300993474639,NA
"2285","slope.2.rqm.R1","rqm","9","R1","2",-0.0103066101803395,NA
"2286","mean.3.rQuant.R1","rQuant","1","R1","3",0.36047119682254,NA
"2287","min.3.rQuant.R1","rQuant","1","R1","3",0.349880308223959,NA
"2288","max.3.rQuant.R1","rQuant","1","R1","3",0.367880322975366,NA
"2289","range.3.rQuant.R1","rQuant","1","R1","3",0.018000014751407,NA
"2290","slope.3.rQuant.R1","rQuant","1","R1","3",0.0047381622597297,NA
"2291","mean.3.rSigma.R1","rSigma","2","R1","3",4.61924765010771,NA
"2292","min.3.rSigma.R1","rSigma","2","R1","3",4.46012642141051,NA
"2293","max.3.rSigma.R1","rSigma","2","R1","3",4.70908280184168,NA
"2294","range.3.rSigma.R1","rSigma","2","R1","3",0.24895638043117,NA
"2295","slope.3.rSigma.R1","rSigma","2","R1","3",0.0328648079765737,NA
"2296","mean.3.rConnect.R1","rConnect","3","R1","3",0.249760549708035,NA
"2297","min.3.rConnect.R1","rConnect","3","R1","3",0.234689382897417,NA
"2298","max.3.rConnect.R1","rConnect","3","R1","3",0.260901665792768,NA
"2299","range.3.rConnect.R1","rConnect","3","R1","3",0.026212282895351,NA
"2300","slope.3.rConnect.R1","rConnect","3","R1","3",0.00114640798045621,NA
"2301","mean.3.rTau1.R1","rTau1","4","R1","3",880.511846041438,NA
"2302","min.3.rTau1.R1","rTau1","4","R1","3",804.757396873657,NA
"2303","max.3.rTau1.R1","rTau1","4","R1","3",918.645612603379,NA
"2304","range.3.rTau1.R1","rTau1","4","R1","3",113.888215729722,NA
"2305","slope.3.rTau1.R1","rTau1","4","R1","3",12.4771905913769,NA
"2306","mean.3.rTau2.R1","rTau2","5","R1","3",716134.518845735,NA
"2307","min.3.rTau2.R1","rTau2","5","R1","3",671427.535393925,NA
"2308","max.3.rTau2.R1","rTau2","5","R1","3",748926.920662621,NA
"2309","range.3.rTau2.R1","rTau2","5","R1","3",77499.385268696,NA
"2310","slope.3.rTau2.R1","rTau2","5","R1","3",-19109.0830034268,NA
"2311","mean.3.rNPQ.R1","rNPQ","6","R1","3",0.986820905936754,NA
"2312","min.3.rNPQ.R1","rNPQ","6","R1","3",0.929055107965963,NA
"2313","max.3.rNPQ.R1","rNPQ","6","R1","3",1.04109503451861,NA
"2314","range.3.rNPQ.R1","rNPQ","6","R1","3",0.112039926552647,NA
"2315","slope.3.rNPQ.R1","rNPQ","6","R1","3",-0.0303750469712139,NA
"2316","mean.3.rqP.R1","rqP","7","R1","3",0.994933347787758,NA
"2317","min.3.rqP.R1","rqP","7","R1","3",0.98653429825099,NA
"2318","max.3.rqP.R1","rqP","7","R1","3",1.00247145753078,NA
"2319","range.3.rqP.R1","rqP","7","R1","3",0.01593715927979,NA
"2320","slope.3.rqP.R1","rqP","7","R1","3",-0.0037329646878185,NA
"2321","mean.3.rABQ.R1","rABQ","8","R1","3",0.104615246359373,NA
"2322","min.3.rABQ.R1","rABQ","8","R1","3",0.0872017991280442,NA
"2323","max.3.rABQ.R1","rABQ","8","R1","3",0.135458953592241,NA
"2324","range.3.rABQ.R1","rABQ","8","R1","3",0.0482571544641968,NA
"2325","slope.3.rABQ.R1","rABQ","8","R1","3",-0.00637044173045487,NA
"2326","mean.3.rqm.R1","rqm","9","R1","3",0.0226832183918477,NA
"2327","min.3.rqm.R1","rqm","9","R1","3",0.00259544608150308,NA
"2328","max.3.rqm.R1","rqm","9","R1","3",0.0513974492396216,NA
"2329","range.3.rqm.R1","rqm","9","R1","3",0.0488020031581185,NA
"2330","slope.3.rqm.R1","rqm","9","R1","3",-0.012846201114637,NA
"2331","mean.4.rQuant.R1","rQuant","1","R1","4",0.364553114905456,NA
"2332","min.4.rQuant.R1","rQuant","1","R1","4",0.354625011347101,NA
"2333","max.4.rQuant.R1","rQuant","1","R1","4",0.373702815719387,NA
"2334","range.4.rQuant.R1","rQuant","1","R1","4",0.019077804372286,NA
"2335","slope.4.rQuant.R1","rQuant","1","R1","4",0.00454868757568511,NA
"2336","mean.4.rSigma.R1","rSigma","2","R1","4",4.08556662095777,NA
"2337","min.4.rSigma.R1","rSigma","2","R1","4",4.00700463150686,NA
"2338","max.4.rSigma.R1","rSigma","2","R1","4",4.11518488179131,NA
"2339","range.4.rSigma.R1","rSigma","2","R1","4",0.10818025028445,NA
"2340","slope.4.rSigma.R1","rSigma","2","R1","4",0.0186702141193708,NA
"2341","mean.4.rConnect.R1","rConnect","3","R1","4",0.306553282433745,NA
"2342","min.4.rConnect.R1","rConnect","3","R1","4",0.286663382149376,NA
"2343","max.4.rConnect.R1","rConnect","3","R1","4",0.320200923802861,NA
"2344","range.4.rConnect.R1","rConnect","3","R1","4",0.033537541653485,NA
"2345","slope.4.rConnect.R1","rConnect","3","R1","4",0.00375287307485656,NA
"2346","mean.4.rTau1.R1","rTau1","4","R1","4",750.166368317561,NA
"2347","min.4.rTau1.R1","rTau1","4","R1","4",696.236236317979,NA
"2348","max.4.rTau1.R1","rTau1","4","R1","4",791.088223101279,NA
"2349","range.4.rTau1.R1","rTau1","4","R1","4",94.8519867833,NA
"2350","slope.4.rTau1.R1","rTau1","4","R1","4",-2.16496224644129,NA
"2351","mean.4.rTau2.R1","rTau2","5","R1","4",790643.071229415,NA
"2352","min.4.rTau2.R1","rTau2","5","R1","4",727039.25667765,NA
"2353","max.4.rTau2.R1","rTau2","5","R1","4",845606.62338411,NA
"2354","range.4.rTau2.R1","rTau2","5","R1","4",118567.36670646,NA
"2355","slope.4.rTau2.R1","rTau2","5","R1","4",-29483.4862786638,NA
"2356","mean.4.rNPQ.R1","rNPQ","6","R1","4",1.01934692240128,NA
"2357","min.4.rNPQ.R1","rNPQ","6","R1","4",0.962149593378666,NA
"2358","max.4.rNPQ.R1","rNPQ","6","R1","4",1.08023161167901,NA
"2359","range.4.rNPQ.R1","rNPQ","6","R1","4",0.118082018300344,NA
"2360","slope.4.rNPQ.R1","rNPQ","6","R1","4",-0.0310740269772547,NA
"2361","mean.4.rqP.R1","rqP","7","R1","4",0.99344721692729,NA
"2362","min.4.rqP.R1","rqP","7","R1","4",0.987028171426595,NA
"2363","max.4.rqP.R1","rqP","7","R1","4",1.00007248793966,NA
"2364","range.4.rqP.R1","rqP","7","R1","4",0.013044316513065,NA
"2365","slope.4.rqP.R1","rqP","7","R1","4",-0.00375004752546172,NA
"2366","mean.4.rABQ.R1","rABQ","8","R1","4",0.0769171493076031,NA
"2367","min.4.rABQ.R1","rABQ","8","R1","4",0.0702252724691431,NA
"2368","max.4.rABQ.R1","rABQ","8","R1","4",0.0946672515348941,NA
"2369","range.4.rABQ.R1","rABQ","8","R1","4",0.024441979065751,NA
"2370","slope.4.rABQ.R1","rABQ","8","R1","4",-0.00421830215273919,NA
"2371","mean.4.rqm.R1","rqm","9","R1","4",0.0371243627765684,NA
"2372","min.4.rqm.R1","rqm","9","R1","4",0.0129577224670989,NA
"2373","max.4.rqm.R1","rqm","9","R1","4",0.0633469587421809,NA
"2374","range.4.rqm.R1","rqm","9","R1","4",0.050389236275082,NA
"2375","slope.4.rqm.R1","rqm","9","R1","4",-0.0120142175965327,NA
"2376","mean.All.rQuant.All","rQuant","1","All","All",0.185707248289292,NA
"2377","min.All.rQuant.All","rQuant","1","All","All",0.0468014813646096,NA
"2378","max.All.rQuant.All","rQuant","1","All","All",0.385023649639806,NA
"2379","range.All.rQuant.All","rQuant","1","All","All",0.338222168275196,NA
"2380","slope.All.rQuant.All","rQuant","1","All","All",0.00610858803716462,NA
"2381","mean.All.rSigma.All","rSigma","2","All","All",4.25044695215776,NA
"2382","min.All.rSigma.All","rSigma","2","All","All",3.33887744718991,NA
"2383","max.All.rSigma.All","rSigma","2","All","All",6.11471368943389,NA
"2384","range.All.rSigma.All","rSigma","2","All","All",2.77583624224398,NA
"2385","slope.All.rSigma.All","rSigma","2","All","All",0.0163214242432706,NA
"2386","mean.All.rConnect.All","rConnect","3","All","All",0.159333004606647,NA
"2387","min.All.rConnect.All","rConnect","3","All","All",0,NA
"2388","max.All.rConnect.All","rConnect","3","All","All",0.320200923802861,NA
"2389","range.All.rConnect.All","rConnect","3","All","All",0.320200923802861,NA
"2390","slope.All.rConnect.All","rConnect","3","All","All",0.00324604104481474,NA
"2391","mean.All.rTau1.All","rTau1","4","All","All",1173.33068643358,NA
"2392","min.All.rTau1.All","rTau1","4","All","All",465.492617055004,NA
"2393","max.All.rTau1.All","rTau1","4","All","All",3234.03229366058,NA
"2394","range.All.rTau1.All","rTau1","4","All","All",2768.53967660558,NA
"2395","slope.All.rTau1.All","rTau1","4","All","All",-28.8872907764157,NA
"2396","mean.All.rTau2.All","rTau2","5","All","All",2114659.64363628,NA
"2397","min.All.rTau2.All","rTau2","5","All","All",591339.978850812,NA
"2398","max.All.rTau2.All","rTau2","5","All","All",4345225.88225298,NA
"2399","range.All.rTau2.All","rTau2","5","All","All",3753885.90340217,NA
"2400","slope.All.rTau2.All","rTau2","5","All","All",-24144.7451663271,NA
"2401","mean.All.rNPQ.All","rNPQ","6","All","All",0.494673185120786,NA
"2402","min.All.rNPQ.All","rNPQ","6","All","All",0.0259541252854104,NA
"2403","max.All.rNPQ.All","rNPQ","6","All","All",1.08023161167901,NA
"2404","range.All.rNPQ.All","rNPQ","6","All","All",1.0542774863936,NA
"2405","slope.All.rNPQ.All","rNPQ","6","All","All",0.0213503233291538,NA
"2406","mean.All.rqP.All","rqP","7","All","All",0.616461278261892,NA
"2407","min.All.rqP.All","rqP","7","All","All",0.107050952122825,NA
"2408","max.All.rqP.All","rqP","7","All","All",1.00912133844123,NA
"2409","range.All.rqP.All","rqP","7","All","All",0.902070386318405,NA
"2410","slope.All.rqP.All","rqP","7","All","All",0.0175895294089182,NA
"2411","mean.All.rABQ.All","rABQ","8","All","All",0.204307709274598,NA
"2412","min.All.rABQ.All","rABQ","8","All","All",0,NA
"2413","max.All.rABQ.All","rABQ","8","All","All",0.359251510715966,NA
"2414","range.All.rABQ.All","rABQ","8","All","All",0.359251510715966,NA
"2415","slope.All.rABQ.All","rABQ","8","All","All",-0.00296872327530044,NA
"2416","mean.All.rqm.All","rqm","9","All","All",0.503233516006721,NA
"2417","min.All.rqm.All","rqm","9","All","All",-0.00679233774157262,NA
"2418","max.All.rqm.All","rqm","9","All","All",0.871459263413272,NA
"2419","range.All.rqm.All","rqm","9","All","All",0.878251601154845,NA
"2420","slope.All.rqm.All","rqm","9","All","All",-0.0163478143786879,NA
"2421","mean.All.rQuant.L1","rQuant","1","L1","All",0.086096331856165,NA
"2422","min.All.rQuant.L1","rQuant","1","L1","All",0.0468014813646096,NA
"2423","max.All.rQuant.L1","rQuant","1","L1","All",0.11039711615677,NA
"2424","range.All.rQuant.L1","rQuant","1","L1","All",0.0635956347921604,NA
"2425","slope.All.rQuant.L1","rQuant","1","L1","All",0.00860005662977109,NA
"2426","mean.All.rSigma.L1","rSigma","2","L1","All",3.99430960679329,NA
"2427","min.All.rSigma.L1","rSigma","2","L1","All",3.33887744718991,NA
"2428","max.All.rSigma.L1","rSigma","2","L1","All",4.87453709602336,NA
"2429","range.All.rSigma.L1","rSigma","2","L1","All",1.53565964883345,NA
"2430","slope.All.rSigma.L1","rSigma","2","L1","All",-0.000821406545335413,NA
"2431","mean.All.rConnect.L1","rConnect","3","L1","All",0.0923981594156227,NA
"2432","min.All.rConnect.L1","rConnect","3","L1","All",0,NA
"2433","max.All.rConnect.L1","rConnect","3","L1","All",0.182998003440676,NA
"2434","range.All.rConnect.L1","rConnect","3","L1","All",0.182998003440676,NA
"2435","slope.All.rConnect.L1","rConnect","3","L1","All",0.00763839030882064,NA
"2436","mean.All.rTau1.L1","rTau1","4","L1","All",1688.75736268584,NA
"2437","min.All.rTau1.L1","rTau1","4","L1","All",495.594756989933,NA
"2438","max.All.rTau1.L1","rTau1","4","L1","All",3234.03229366058,NA
"2439","range.All.rTau1.L1","rTau1","4","L1","All",2738.43753667065,NA
"2440","slope.All.rTau1.L1","rTau1","4","L1","All",-146.797382491529,NA
"2441","mean.All.rTau2.L1","rTau2","5","L1","All",2723873.68768939,NA
"2442","min.All.rTau2.L1","rTau2","5","L1","All",1979032.5744226,NA
"2443","max.All.rTau2.L1","rTau2","5","L1","All",4345225.88225298,NA
"2444","range.All.rTau2.L1","rTau2","5","L1","All",2366193.30783038,NA
"2445","slope.All.rTau2.L1","rTau2","5","L1","All",-257326.247711385,NA
"2446","mean.All.rNPQ.L1","rNPQ","6","L1","All",0.18456042989811,NA
"2447","min.All.rNPQ.L1","rNPQ","6","L1","All",0.0259541252854104,NA
"2448","max.All.rNPQ.L1","rNPQ","6","L1","All",0.353134944009178,NA
"2449","range.All.rNPQ.L1","rNPQ","6","L1","All",0.327180818723768,NA
"2450","slope.All.rNPQ.L1","rNPQ","6","L1","All",0.0399926981237792,NA
"2451","mean.All.rqP.L1","rqP","7","L1","All",0.328641796104669,NA
"2452","min.All.rqP.L1","rqP","7","L1","All",0.107050952122825,NA
"2453","max.All.rqP.L1","rqP","7","L1","All",0.49664018028435,NA
"2454","range.All.rqP.L1","rqP","7","L1","All",0.389589228161525,NA
"2455","slope.All.rqP.L1","rqP","7","L1","All",0.0498816051332311,NA
"2456","mean.All.rABQ.L1","rABQ","8","L1","All",0.251031603033938,NA
"2457","min.All.rABQ.L1","rABQ","8","L1","All",0.0814654857832273,NA
"2458","max.All.rABQ.L1","rABQ","8","L1","All",0.359251510715966,NA
"2459","range.All.rABQ.L1","rABQ","8","L1","All",0.277786024932739,NA
"2460","slope.All.rABQ.L1","rABQ","8","L1","All",0.000292367765509038,NA
"2461","mean.All.rqm.L1","rqm","9","L1","All",0.769839154828533,NA
"2462","min.All.rqm.L1","rqm","9","L1","All",0.708413700992114,NA
"2463","max.All.rqm.L1","rqm","9","L1","All",0.871459263413272,NA
"2464","range.All.rqm.L1","rqm","9","L1","All",0.163045562421158,NA
"2465","slope.All.rqm.L1","rqm","9","L1","All",-0.0230176398494848,NA
"2466","mean.All.rQuant.L2","rQuant","1","L2","All",0.245680926520164,NA
"2467","min.All.rQuant.L2","rQuant","1","L2","All",0.226555957213412,NA
"2468","max.All.rQuant.L2","rQuant","1","L2","All",0.261669798382564,NA
"2469","range.All.rQuant.L2","rQuant","1","L2","All",0.035113841169152,NA
"2470","slope.All.rQuant.L2","rQuant","1","L2","All",0.00458885477996522,NA
"2471","mean.All.rSigma.L2","rSigma","2","L2","All",4.12843717236143,NA
"2472","min.All.rSigma.L2","rSigma","2","L2","All",3.64514619706744,NA
"2473","max.All.rSigma.L2","rSigma","2","L2","All",4.75694934038132,NA
"2474","range.All.rSigma.L2","rSigma","2","L2","All",1.11180314331388,NA
"2475","slope.All.rSigma.L2","rSigma","2","L2","All",-0.00390382904078639,NA
"2476","mean.All.rConnect.L2","rConnect","3","L2","All",0.228112828050592,NA
"2477","min.All.rConnect.L2","rConnect","3","L2","All",0.168805566706631,NA
"2478","max.All.rConnect.L2","rConnect","3","L2","All",0.286503027392684,NA
"2479","range.All.rConnect.L2","rConnect","3","L2","All",0.117697460686053,NA
"2480","slope.All.rConnect.L2","rConnect","3","L2","All",0.00552095281426622,NA
"2481","mean.All.rTau1.L2","rTau1","4","L2","All",930.463692177593,NA
"2482","min.All.rTau1.L2","rTau1","4","L2","All",788.66595619463,NA
"2483","max.All.rTau1.L2","rTau1","4","L2","All",1115.89650409137,NA
"2484","range.All.rTau1.L2","rTau1","4","L2","All",327.23054789674,NA
"2485","slope.All.rTau1.L2","rTau1","4","L2","All",-8.17396125704674,NA
"2486","mean.All.rTau2.L2","rTau2","5","L2","All",1007541.00860139,NA
"2487","min.All.rTau2.L2","rTau2","5","L2","All",896873.823128396,NA
"2488","max.All.rTau2.L2","rTau2","5","L2","All",1140474.10921383,NA
"2489","range.All.rTau2.L2","rTau2","5","L2","All",243600.286085434,NA
"2490","slope.All.rTau2.L2","rTau2","5","L2","All",-14935.0180453995,NA
"2491","mean.All.rNPQ.L2","rNPQ","6","L2","All",0.638954381928936,NA
"2492","min.All.rNPQ.L2","rNPQ","6","L2","All",0.560207564189551,NA
"2493","max.All.rNPQ.L2","rNPQ","6","L2","All",0.710874188992968,NA
"2494","range.All.rNPQ.L2","rNPQ","6","L2","All",0.150666624803417,NA
"2495","slope.All.rNPQ.L2","rNPQ","6","L2","All",-0.00112270041981988,NA
"2496","mean.All.rqP.L2","rqP","7","L2","All",0.795521880238505,NA
"2497","min.All.rqP.L2","rqP","7","L2","All",0.766759530579058,NA
"2498","max.All.rqP.L2","rqP","7","L2","All",0.81375266737918,NA
"2499","range.All.rqP.L2","rqP","7","L2","All",0.046993136800122,NA
"2500","slope.All.rqP.L2","rqP","7","L2","All",0.00367473933346677,NA
"2501","mean.All.rABQ.L2","rABQ","8","L2","All",0.226956312595588,NA
"2502","min.All.rABQ.L2","rABQ","8","L2","All",0.139555523149962,NA
"2503","max.All.rABQ.L2","rABQ","8","L2","All",0.279567812728239,NA
"2504","range.All.rABQ.L2","rABQ","8","L2","All",0.140012289578277,NA
"2505","slope.All.rABQ.L2","rABQ","8","L2","All",0.00101970668070369,NA
"2506","mean.All.rqm.L2","rqm","9","L2","All",0.342631162320977,NA
"2507","min.All.rqm.L2","rqm","9","L2","All",0.309574177326896,NA
"2508","max.All.rqm.L2","rqm","9","L2","All",0.396838197842447,NA
"2509","range.All.rqm.L2","rqm","9","L2","All",0.087264020515551,NA
"2510","slope.All.rqm.L2","rqm","9","L2","All",-0.0122655233329205,NA
"2511","mean.All.rQuant.L3","rQuant","1","L3","All",0.0786180754809432,NA
"2512","min.All.rQuant.L3","rQuant","1","L3","All",0.0713471980418957,NA
"2513","max.All.rQuant.L3","rQuant","1","L3","All",0.0864826463810715,NA
"2514","range.All.rQuant.L3","rQuant","1","L3","All",0.0151354483391758,NA
"2515","slope.All.rQuant.L3","rQuant","1","L3","All",-0.000198726954487314,NA
"2516","mean.All.rSigma.L3","rSigma","2","L3","All",4.0386632821721,NA
"2517","min.All.rSigma.L3","rSigma","2","L3","All",3.36987863986211,NA
"2518","max.All.rSigma.L3","rSigma","2","L3","All",5.11942816894818,NA
"2519","range.All.rSigma.L3","rSigma","2","L3","All",1.74954952908607,NA
"2520","slope.All.rSigma.L3","rSigma","2","L3","All",-0.0489064210672053,NA
"2521","mean.All.rConnect.L3","rConnect","3","L3","All",0.0771638295229689,NA
"2522","min.All.rConnect.L3","rConnect","3","L3","All",0,NA
"2523","max.All.rConnect.L3","rConnect","3","L3","All",0.22571684016351,NA
"2524","range.All.rConnect.L3","rConnect","3","L3","All",0.22571684016351,NA
"2525","slope.All.rConnect.L3","rConnect","3","L3","All",0.00540487863306669,NA
"2526","mean.All.rTau1.L3","rTau1","4","L3","All",1182.63277910343,NA
"2527","min.All.rTau1.L3","rTau1","4","L3","All",465.492617055004,NA
"2528","max.All.rTau1.L3","rTau1","4","L3","All",1912.96082799403,NA
"2529","range.All.rTau1.L3","rTau1","4","L3","All",1447.46821093903,NA
"2530","slope.All.rTau1.L3","rTau1","4","L3","All",-2.33152687969405,NA
"2531","mean.All.rTau2.L3","rTau2","5","L3","All",3670421.3821407,NA
"2532","min.All.rTau2.L3","rTau2","5","L3","All",3015230.69113868,NA
"2533","max.All.rTau2.L3","rTau2","5","L3","All",4324225.83554686,NA
"2534","range.All.rTau2.L3","rTau2","5","L3","All",1308995.14440818,NA
"2535","slope.All.rTau2.L3","rTau2","5","L3","All",31467.5228548945,NA
"2536","mean.All.rNPQ.L3","rNPQ","6","L3","All",0.302326166947288,NA
"2537","min.All.rNPQ.L3","rNPQ","6","L3","All",0.171514042871778,NA
"2538","max.All.rNPQ.L3","rNPQ","6","L3","All",0.429780150576316,NA
"2539","range.All.rNPQ.L3","rNPQ","6","L3","All",0.258266107704538,NA
"2540","slope.All.rNPQ.L3","rNPQ","6","L3","All",0.0250402096825072,NA
"2541","mean.All.rqP.L3","rqP","7","L3","All",0.428653587333733,NA
"2542","min.All.rqP.L3","rqP","7","L3","All",0.319295474804957,NA
"2543","max.All.rqP.L3","rqP","7","L3","All",0.52040882112777,NA
"2544","range.All.rqP.L3","rqP","7","L3","All",0.201113346322813,NA
"2545","slope.All.rqP.L3","rqP","7","L3","All",0.0198916970179841,NA
"2546","mean.All.rABQ.L3","rABQ","8","L3","All",0.242928576657445,NA
"2547","min.All.rABQ.L3","rABQ","8","L3","All",0.0805317210965536,NA
"2548","max.All.rABQ.L3","rABQ","8","L3","All",0.346790173572662,NA
"2549","range.All.rABQ.L3","rABQ","8","L3","All",0.266258452476108,NA
"2550","slope.All.rABQ.L3","rABQ","8","L3","All",0.00911226143910435,NA
"2551","mean.All.rqm.L3","rqm","9","L3","All",0.789831370756236,NA
"2552","min.All.rqm.L3","rqm","9","L3","All",0.774599439473309,NA
"2553","max.All.rqm.L3","rqm","9","L3","All",0.806562037184368,NA
"2554","range.All.rqm.L3","rqm","9","L3","All",0.031962597711059,NA
"2555","slope.All.rqm.L3","rqm","9","L3","All",0.000524871771901409,NA
"2556","mean.All.rQuant.R1","rQuant","1","R1","All",0.365498957142956,NA
"2557","min.All.rQuant.R1","rQuant","1","R1","All",0.349880308223959,NA
"2558","max.All.rQuant.R1","rQuant","1","R1","All",0.385023649639806,NA
"2559","range.All.rQuant.R1","rQuant","1","R1","All",0.035143341415847,NA
"2560","slope.All.rQuant.R1","rQuant","1","R1","All",0.00432851467101264,NA
"2561","mean.All.rSigma.R1","rSigma","2","R1","All",4.82914244964451,NA
"2562","min.All.rSigma.R1","rSigma","2","R1","All",4.00700463150686,NA
"2563","max.All.rSigma.R1","rSigma","2","R1","All",5.56699076763178,NA
"2564","range.All.rSigma.R1","rSigma","2","R1","All",1.55998613612492,NA
"2565","slope.All.rSigma.R1","rSigma","2","R1","All",0.0379273033874772,NA
"2566","mean.All.rConnect.R1","rConnect","3","R1","All",0.261816158031714,NA
"2567","min.All.rConnect.R1","rConnect","3","R1","All",0.216096982888743,NA
"2568","max.All.rConnect.R1","rConnect","3","R1","All",0.320200923802861,NA
"2569","range.All.rConnect.R1","rConnect","3","R1","All",0.104103940914118,NA
"2570","slope.All.rConnect.R1","rConnect","3","R1","All",0.0022028456440816,NA
"2571","mean.All.rTau1.R1","rTau1","4","R1","All",831.052411745143,NA
"2572","min.All.rTau1.R1","rTau1","4","R1","All",665.045474381615,NA
"2573","max.All.rTau1.R1","rTau1","4","R1","All",1032.20703806967,NA
"2574","range.All.rTau1.R1","rTau1","4","R1","All",367.161563688055,NA
"2575","slope.All.rTau1.R1","rTau1","4","R1","All",-5.97492656116992,NA
"2576","mean.All.rTau2.R1","rTau2","5","R1","All",696846.980070102,NA
"2577","min.All.rTau2.R1","rTau2","5","R1","All",591339.978850812,NA
"2578","max.All.rTau2.R1","rTau2","5","R1","All",845606.62338411,NA
"2579","range.All.rTau2.R1","rTau2","5","R1","All",254266.644533298,NA
"2580","slope.All.rTau2.R1","rTau2","5","R1","All",-17288.257232463,NA
"2581","mean.All.rNPQ.R1","rNPQ","6","R1","All",0.956176939924189,NA
"2582","min.All.rNPQ.R1","rNPQ","6","R1","All",0.828182132055291,NA
"2583","max.All.rNPQ.R1","rNPQ","6","R1","All",1.08023161167901,NA
"2584","range.All.rNPQ.R1","rNPQ","6","R1","All",0.252049479623719,NA
"2585","slope.All.rNPQ.R1","rNPQ","6","R1","All",-0.0268321485582069,NA
"2586","mean.All.rqP.R1","rqP","7","R1","All",0.996283392657942,NA
"2587","min.All.rqP.R1","rqP","7","R1","All",0.986531406742202,NA
"2588","max.All.rqP.R1","rqP","7","R1","All",1.00912133844123,NA
"2589","range.All.rqP.R1","rqP","7","R1","All",0.0225899316990281,NA
"2590","slope.All.rqP.R1","rqP","7","R1","All",-0.00330067252184328,NA
"2591","mean.All.rABQ.R1","rABQ","8","R1","All",0.0985082615452689,NA
"2592","min.All.rABQ.R1","rABQ","8","R1","All",0.0702252724691431,NA
"2593","max.All.rABQ.R1","rABQ","8","R1","All",0.152181282583557,NA
"2594","range.All.rABQ.R1","rABQ","8","R1","All",0.0819560101144139,NA
"2595","slope.All.rABQ.R1","rABQ","8","R1","All",-0.00683903717061013,NA
"2596","mean.All.rqm.R1","rqm","9","R1","All",0.0221181526311011,NA
"2597","min.All.rqm.R1","rqm","9","R1","All",-0.00679233774157262,NA
"2598","max.All.rqm.R1","rqm","9","R1","All",0.0633469587421809,NA
"2599","range.All.rqm.R1","rqm","9","R1","All",0.0701392964837535,NA
"2600","slope.All.rqm.R1","rqm","9","R1","All",-0.0115769823898465,NA
"2601","DCompL1.qQuant.1","qQuant","99","99","1",0.84308323978422,NA
"2602","DCompL12.qQuant.1","qQuant","99","99","1",0.721112886621618,NA
"2603","DCompL2.qQuant.1","qQuant","99","99","1",0.396838197842447,NA
"2604","DCompL22.qQuant.1","qQuant","99","99","1",0.31800746512256,NA
"2605","DCompL3.qQuant.1","qQuant","99","99","1",0.774599439473309,NA
"2606","DCompL32.qQuant.1","qQuant","99","99","1",0.78814142145983,NA
"2607","DCompR1.qQuant.1","qQuant","99","99","1",0.0368720209219612,NA
"2608","DCompR12.qQuant.1","qQuant","99","99","1",-0.00349087448645903,NA
"2609","L1CompL2.qQuant.1","qQuant","99","99","1",-2.84383287883418,NA
"2610","L1CompL22.qQuant.1","qQuant","99","99","1",-3.34620580962554,NA
"2611","L1CompL3.qQuant.1","qQuant","99","99","1",-0.436433942535762,NA
"2612","L1CompL32.qQuant.1","qQuant","99","99","1",-0.350133524607817,NA
"2613","L1CompR1.qQuant.1","qQuant","99","99","1",-5.13782732802806,NA
"2614","L1CompR12.qQuant.1","qQuant","99","99","1",-5.3950522118003,NA
"2615","L12CompL2.qQuant.1","qQuant","99","99","1",-1.16274533036315,NA
"2616","L12CompL22.qQuant.1","qQuant","99","99","1",-1.44540712769379,NA
"2617","L12CompL3.qQuant.1","qQuant","99","99","1",0.191785673435267,NA
"2618","L12CompL32.qQuant.1","qQuant","99","99","1",0.240342890089977,NA
"2619","L12CompR1.qQuant.1","qQuant","99","99","1",-2.45346892300222,NA
"2620","L12CompR12.qQuant.1","qQuant","99","99","1",-2.59819735781397,NA
"2621","L2CompL3.qQuant.1","qQuant","99","99","1",0.62630166611941,NA
"2622","L2CompL32.qQuant.1","qQuant","99","99","1",0.648753323266929,NA
"2623","L2CompR1.qQuant.1","qQuant","99","99","1",-0.596798695860483,NA
"2624","L2CompR12.qQuant.1","qQuant","99","99","1",-0.663717547923129,NA
"2625","L22CompL3.qQuant.1","qQuant","99","99","1",0.669497026727429,NA
"2626","L22CompL32.qQuant.1","qQuant","99","99","1",0.689353522647805,NA
"2627","L22CompR1.qQuant.1","qQuant","99","99","1",-0.412226571147324,NA
"2628","L22CompR12.qQuant.1","qQuant","99","99","1",-0.471410350066068,NA
"2629","L3CompR1.qQuant.1","qQuant","99","99","1",-3.27296177448498,NA
"2630","L3CompR12.qQuant.1","qQuant","99","99","1",-3.4520336246796,NA
"2631","L32CompR1.qQuant.1","qQuant","99","99","1",-3.54608912093414,NA
"2632","L32CompR12.qQuant.1","qQuant","99","99","1",-3.73660722827982,NA
"2633","DCompL1.qSigma.1","qSigma","99","99","1",0.234786482746227,NA
"2634","DCompL12.qSigma.1","qSigma","99","99","1",0.23455320697078,NA
"2635","DCompL2.qSigma.1","qSigma","99","99","1",0.234802512121127,NA
"2636","DCompL22.qSigma.1","qSigma","99","99","1",0.229136503721071,NA
"2637","DCompL3.qSigma.1","qSigma","99","99","1",0.199770411732514,NA
"2638","DCompL32.qSigma.1","qSigma","99","99","1",0.318924160804639,NA
"2639","DCompR1.qSigma.1","qSigma","99","99","1",0.152181282583556,NA
"2640","DCompR12.qSigma.1","qSigma","99","99","1",0.0985419046721933,NA
"2641","L1CompL2.qSigma.1","qSigma","99","99","1",2.09475846125849e-05,NA
"2642","L1CompL22.qSigma.1","qSigma","99","99","1",-0.00738353269742741,NA
"2643","L1CompL3.qSigma.1","qSigma","99","99","1",-0.0457598699241226,NA
"2644","L1CompL32.qSigma.1","qSigma","99","99","1",0.109953204120554,NA
"2645","L1CompR1.qSigma.1","qSigma","99","99","1",-0.107950524004238,NA
"2646","L1CompR12.qSigma.1","qSigma","99","99","1",-0.178047793200248,NA
"2647","L12CompL2.qSigma.1","qSigma","99","99","1",0.000325698863221921,NA
"2648","L12CompL22.qSigma.1","qSigma","99","99","1",-0.00707652484671495,NA
"2649","L12CompL3.qSigma.1","qSigma","99","99","1",-0.0454411665905798,NA
"2650","L12CompL32.qSigma.1","qSigma","99","99","1",0.110224452701623,NA
"2651","L12CompR1.qSigma.1","qSigma","99","99","1",-0.107612867592326,NA
"2652","L12CompR12.qSigma.1","qSigma","99","99","1",-0.177688774108424,NA
"2653","L2CompL3.qSigma.1","qSigma","99","99","1",-0.0457817765263727,NA
"2654","L2CompL32.qSigma.1","qSigma","99","99","1",0.109934559399427,NA
"2655","L2CompR1.qSigma.1","qSigma","99","99","1",-0.107973733377767,NA
"2656","L2CompR12.qSigma.1","qSigma","99","99","1",-0.178072470973013,NA
"2657","L22CompL3.qSigma.1","qSigma","99","99","1",-0.0380950610974715,NA
"2658","L22CompL32.qSigma.1","qSigma","99","99","1",0.116476727094987,NA
"2659","L22CompR1.qSigma.1","qSigma","99","99","1",-0.0998298940201323,NA
"2660","L22CompR12.qSigma.1","qSigma","99","99","1",-0.16941339118959,NA
"2661","L3CompR1.qSigma.1","qSigma","99","99","1",-0.0594693446064515,NA
"2662","L3CompR12.qSigma.1","qSigma","99","99","1",-0.126499330372778,NA
"2663","L32CompR1.qSigma.1","qSigma","99","99","1",-0.244822776884989,NA
"2664","L32CompR12.qSigma.1","qSigma","99","99","1",-0.323579612503668,NA
"2665","DCompL1.qConnect.1","qConnect","99","99","1",1,NA
"2666","DCompL12.qConnect.1","qConnect","99","99","1",0.817290130017109,NA
"2667","DCompL2.qConnect.1","qConnect","99","99","1",0.312247341387294,NA
"2668","DCompL22.qConnect.1","qConnect","99","99","1",0.237939943928239,NA
"2669","DCompL3.qConnect.1","qConnect","99","99","1",1,NA
"2670","DCompL32.qConnect.1","qConnect","99","99","1",0.631805569010742,NA
"2671","DCompR1.qConnect.1","qConnect","99","99","1",0.15785636252543,NA
"2672","DCompR12.qConnect.1","qConnect","99","99","1",0.0509775187953376,NA
"2673","L1CompL2.qConnect.1","qConnect","99","99","1",0,NA
"2674","L1CompL22.qConnect.1","qConnect","99","99","1",0,NA
"2675","L1CompL3.qConnect.1","qConnect","99","99","1",NA,NA
"2676","L1CompL32.qConnect.1","qConnect","99","99","1",0,NA
"2677","L1CompR1.qConnect.1","qConnect","99","99","1",0,NA
"2678","L1CompR12.qConnect.1","qConnect","99","99","1",0,NA
"2679","L12CompL2.qConnect.1","qConnect","99","99","1",-2.76417901603841,NA
"2680","L12CompL22.qConnect.1","qConnect","99","99","1",-3.17087514836018,NA
"2681","L12CompL3.qConnect.1","qConnect","99","99","1",1,NA
"2682","L12CompL32.qConnect.1","qConnect","99","99","1",-1.01518632257653,NA
"2683","L12CompR1.qConnect.1","qConnect","99","99","1",-3.60918524846757,NA
"2684","L12CompR12.qConnect.1","qConnect","99","99","1",-4.19415005491235,NA
"2685","L2CompL3.qConnect.1","qConnect","99","99","1",1,NA
"2686","L2CompL32.qConnect.1","qConnect","99","99","1",0.46464121021072,NA
"2687","L2CompR1.qConnect.1","qConnect","99","99","1",-0.224486197077439,NA
"2688","L2CompR12.qConnect.1","qConnect","99","99","1",-0.379889222266294,NA
"2689","L22CompL3.qConnect.1","qConnect","99","99","1",1,NA
"2690","L22CompL32.qConnect.1","qConnect","99","99","1",0.516843288064181,NA
"2691","L22CompR1.qConnect.1","qConnect","99","99","1",-0.105088281120022,NA
"2692","L22CompR12.qConnect.1","qConnect","99","99","1",-0.245338177277849,NA
"2693","L3CompR1.qConnect.1","qConnect","99","99","1",0,NA
"2694","L3CompR12.qConnect.1","qConnect","99","99","1",0,NA
"2695","L32CompR1.qConnect.1","qConnect","99","99","1",-1.28722535322415,NA
"2696","L32CompR12.qConnect.1","qConnect","99","99","1",-1.57750362669758,NA
"2697","DCompL1.qTau1.1","qTau1","99","99","1",0.178414963163829,NA
"2698","DCompL12.qTau1.1","qTau1","99","99","1",-0.128536915623739,NA
"2699","DCompL2.qTau1.1","qTau1","99","99","1",-0.437862414446198,NA
"2700","DCompL22.qTau1.1","qTau1","99","99","1",-0.331518408316014,NA
"2701","DCompL3.qTau1.1","qTau1","99","99","1",0.227367348673364,NA
"2702","DCompL32.qTau1.1","qTau1","99","99","1",0.228317564832774,NA
"2703","DCompR1.qTau1.1","qTau1","99","99","1",-0.44872426798116,NA
"2704","DCompR12.qTau1.1","qTau1","99","99","1",-0.210332451860495,NA
"2705","L1CompL2.qTau1.1","qTau1","99","99","1",-0.750107840307365,NA
"2706","L1CompL22.qTau1.1","qTau1","99","99","1",-0.620670227203185,NA
"2707","L1CompL3.qTau1.1","qTau1","99","99","1",0.0595828591256299,NA
"2708","L1CompL32.qTau1.1","qTau1","99","99","1",0.0607394237133555,NA
"2709","L1CompR1.qTau1.1","qTau1","99","99","1",-0.763328448093492,NA
"2710","L1CompR12.qTau1.1","qTau1","99","99","1",-0.473167593851691,NA
"2711","L12CompL2.qTau1.1","qTau1","99","99","1",-0.274094267134802,NA
"2712","L12CompL22.qTau1.1","qTau1","99","99","1",-0.179862519233665,NA
"2713","L12CompL3.qTau1.1","qTau1","99","99","1",0.315367853164463,NA
"2714","L12CompL32.qTau1.1","qTau1","99","99","1",0.316209842598973,NA
"2715","L12CompR1.qTau1.1","qTau1","99","99","1",-0.283718988652183,NA
"2716","L12CompR12.qTau1.1","qTau1","99","99","1",-0.0724792739203817,NA
"2717","L2CompL3.qTau1.1","qTau1","99","99","1",0.462651889663435,NA
"2718","L2CompL32.qTau1.1","qTau1","99","99","1",0.463312742989777,NA
"2719","L2CompR1.qTau1.1","qTau1","99","99","1",-0.00755416750993209,NA
"2720","L2CompR12.qTau1.1","qTau1","99","99","1",0.158241818062501,NA
"2721","L22CompL3.qTau1.1","qTau1","99","99","1",0.419735659303582,NA
"2722","L22CompL32.qTau1.1","qTau1","99","99","1",0.420449292816627,NA
"2723","L22CompR1.qTau1.1","qTau1","99","99","1",-0.0880242127582578,NA
"2724","L22CompR12.qTau1.1","qTau1","99","99","1",0.0910133541516597,NA
"2725","L3CompR1.qTau1.1","qTau1","99","99","1",-0.875049242992323,NA
"2726","L3CompR12.qTau1.1","qTau1","99","99","1",-0.566504405143005,NA
"2727","L32CompR1.qTau1.1","qTau1","99","99","1",-0.877358097009448,NA
"2728","L32CompR12.qTau1.1","qTau1","99","99","1",-0.568433330477727,NA
"2729","DCompL1.qTau2.1","qTau2","99","99","1",-3.80421259588436,NA
"2730","DCompL12.qTau2.1","qTau2","99","99","1",-1.8663064151299,NA
"2731","DCompL2.qTau2.1","qTau2","99","99","1",-0.449958640119664,NA
"2732","DCompL22.qTau2.1","qTau2","99","99","1",-0.263617990844993,NA
"2733","DCompL3.qTau2.1","qTau2","99","99","1",-3.30495148550356,NA
"2734","DCompL32.qTau2.1","qTau2","99","99","1",-3.31530520339583,NA
"2735","DCompR1.qTau2.1","qTau2","99","99","1",0.137260344810747,NA
"2736","DCompR12.qTau2.1","qTau2","99","99","1",0.11237874825468,NA
"2737","L1CompL2.qTau2.1","qTau2","99","99","1",0.698190158911409,NA
"2738","L1CompL22.qTau2.1","qTau2","99","99","1",0.736977087165647,NA
"2739","L1CompL3.qTau2.1","qTau2","99","99","1",0.103921527288051,NA
"2740","L1CompL32.qTau2.1","qTau2","99","99","1",0.101766394124057,NA
"2741","L1CompR1.qTau2.1","qTau2","99","99","1",0.820420175425138,NA
"2742","L1CompR12.qTau2.1","qTau2","99","99","1",0.815241054797258,NA
"2743","L12CompL2.qTau2.1","qTau2","99","99","1",0.494136902996133,NA
"2744","L12CompL22.qTau2.1","qTau2","99","99","1",0.559147624910254,NA
"2745","L12CompL3.qTau2.1","qTau2","99","99","1",-0.501916006879,NA
"2746","L12CompL32.qTau2.1","qTau2","99","99","1",-0.505528222878524,NA
"2747","L12CompR1.qTau2.1","qTau2","99","99","1",0.699006480732398,NA
"2748","L12CompR12.qTau2.1","qTau2","99","99","1",0.690325763128471,NA
"2749","L2CompL3.qTau2.1","qTau2","99","99","1",-1.96901674736617,NA
"2750","L2CompL32.qTau2.1","qTau2","99","99","1",-1.97615744614598,NA
"2751","L2CompR1.qTau2.1","qTau2","99","99","1",0.404990162258662,NA
"2752","L2CompR12.qTau2.1","qTau2","99","99","1",0.38782995101704,NA
"2753","L22CompL3.qTau2.1","qTau2","99","99","1",-2.40684567384547,NA
"2754","L22CompL32.qTau2.1","qTau2","99","99","1",-2.41503938267779,NA
"2755","L22CompR1.qTau2.1","qTau2","99","99","1",0.317246461003352,NA
"2756","L22CompR12.qTau2.1","qTau2","99","99","1",0.297555702612496,NA
"2757","L3CompR1.qTau2.1","qTau2","99","99","1",0.79959364046391,NA
"2758","L3CompR12.qTau2.1","qTau2","99","99","1",0.793813878104252,NA
"2759","L32CompR1.qTau2.1","qTau2","99","99","1",0.800074475726459,NA
"2760","L32CompR12.qTau2.1","qTau2","99","99","1",0.794308580758824,NA
"2761","DCompL1.qNPQ.1","qNPQ","99","99","1",0.927886165126661,NA
"2762","DCompL12.qNPQ.1","qNPQ","99","99","1",0.654405116563411,NA
"2763","DCompL2.qNPQ.1","qNPQ","99","99","1",0.233952515144004,NA
"2764","DCompL22.qNPQ.1","qNPQ","99","99","1",0.24519009912842,NA
"2765","DCompL3.qNPQ.1","qNPQ","99","99","1",0.746815882526678,NA
"2766","DCompL32.qNPQ.1","qNPQ","99","99","1",0.563017939346303,NA
"2767","DCompR1.qNPQ.1","qNPQ","99","99","1",-0.142831514607988,NA
"2768","DCompR12.qNPQ.1","qNPQ","99","99","1",-0.0676335378653191,NA
"2769","L1CompL2.qNPQ.1","qNPQ","99","99","1",-9.62275340371911,NA
"2770","L1CompL22.qNPQ.1","qNPQ","99","99","1",-9.46692222369446,NA
"2771","L1CompL3.qNPQ.1","qNPQ","99","99","1",-2.51089521057945,NA
"2772","L1CompL32.qNPQ.1","qNPQ","99","99","1",-5.05961479404356,NA
"2773","L1CompR1.qNPQ.1","qNPQ","99","99","1",-14.8476042303847,NA
"2774","L1CompR12.qNPQ.1","qNPQ","99","99","1",-13.8048365440629,NA
"2775","L12CompL2.qNPQ.1","qNPQ","99","99","1",-1.21660540005232,NA
"2776","L12CompL22.qNPQ.1","qNPQ","99","99","1",-1.18408876128537,NA
"2777","L12CompL3.qNPQ.1","qNPQ","99","99","1",0.267396221391753,NA
"2778","L12CompL32.qNPQ.1","qNPQ","99","99","1",-0.264434404550079,NA
"2779","L12CompR1.qNPQ.1","qNPQ","99","99","1",-2.30685310859841,NA
"2780","L12CompR12.qNPQ.1","qNPQ","99","99","1",-2.08926314894709,NA
"2781","L2CompL3.qNPQ.1","qNPQ","99","99","1",0.669492919853505,NA
"2782","L2CompL32.qNPQ.1","qNPQ","99","99","1",0.429562697753857,NA
"2783","L2CompR1.qNPQ.1","qNPQ","99","99","1",-0.491854665932127,NA
"2784","L2CompR12.qNPQ.1","qNPQ","99","99","1",-0.393691068727961,NA
"2785","L22CompL3.qNPQ.1","qNPQ","99","99","1",0.66457234174993,NA
"2786","L22CompL32.qNPQ.1","qNPQ","99","99","1",0.421070046710949,NA
"2787","L22CompR1.qNPQ.1","qNPQ","99","99","1",-0.514065347166694,NA
"2788","L22CompR12.qNPQ.1","qNPQ","99","99","1",-0.414440293685232,NA
"2789","L3CompR1.qNPQ.1","qNPQ","99","99","1",-3.51383572560948,NA
"2790","L3CompR12.qNPQ.1","qNPQ","99","99","1",-3.21682666558978,NA
"2791","L32CompR1.qNPQ.1","qNPQ","99","99","1",-1.61528245095093,NA
"2792","L32CompR12.qNPQ.1","qNPQ","99","99","1",-1.44319763669064,NA
"2793","DCompL1.qqP.1","qqP","99","99","1",0.828902791525863,NA
"2794","DCompL12.qqP.1","qqP","99","99","1",0.537502810488319,NA
"2795","DCompL2.qqP.1","qqP","99","99","1",0.199891357263089,NA
"2796","DCompL22.qqP.1","qqP","99","99","1",0.176053141653743,NA
"2797","DCompL3.qqP.1","qqP","99","99","1",0.629506357303233,NA
"2798","DCompL32.qqP.1","qqP","99","99","1",0.507473396231943,NA
"2799","DCompR1.qqP.1","qqP","99","99","1",-0.0199679183282505,NA
"2800","DCompR12.qqP.1","qqP","99","99","1",-0.0161593354413694,NA
"2801","L1CompL2.qqP.1","qqP","99","99","1",-3.67633954915084,NA
"2802","L1CompL22.qqP.1","qqP","99","99","1",-3.81566511630613,NA
"2803","L1CompL3.qqP.1","qqP","99","99","1",-1.16539852403712,NA
"2804","L1CompL32.qqP.1","qqP","99","99","1",-1.87863611662904,NA
"2805","L1CompR1.qqP.1","qqP","99","99","1",-4.96133582437981,NA
"2806","L1CompR12.qqP.1","qqP","99","99","1",-4.93907606385626,NA
"2807","L12CompL2.qqP.1","qqP","99","99","1",-0.729975145539134,NA
"2808","L12CompL22.qqP.1","qqP","99","99","1",-0.781517546552457,NA
"2809","L12CompL3.qqP.1","qqP","99","99","1",0.198927796538731,NA
"2810","L12CompL32.qqP.1","qqP","99","99","1",-0.0649288578122646,NA
"2811","L12CompR1.qqP.1","qqP","99","99","1",-1.20534944094507,NA
"2812","L12CompR12.qqP.1","qqP","99","99","1",-1.19711461709478,NA
"2813","L2CompL3.qqP.1","qqP","99","99","1",0.536945830969369,NA
"2814","L2CompL32.qqP.1","qqP","99","99","1",0.384425342434392,NA
"2815","L2CompR1.qqP.1","qqP","99","99","1",-0.274786777504705,NA
"2816","L2CompR12.qqP.1","qqP","99","99","1",-0.270026695331547,NA
"2817","L22CompL3.qqP.1","qqP","99","99","1",0.550342793417061,NA
"2818","L22CompL32.qqP.1","qqP","99","99","1",0.402234987877001,NA
"2819","L22CompR1.qqP.1","qqP","99","99","1",-0.23790497893933,NA
"2820","L22CompR12.qqP.1","qqP","99","99","1",-0.233282614222113,NA
"2821","L3CompR1.qqP.1","qqP","99","99","1",-1.75299708492718,NA
"2822","L3CompR12.qqP.1","qqP","99","99","1",-1.74271733259686,NA
"2823","L32CompR1.qqP.1","qqP","99","99","1",-1.07088898452393,NA
"2824","L32CompR12.qqP.1","qqP","99","99","1",-1.06315623900776,NA
"2825","DCompL1.qABQ.1","qABQ","99","99","1",0,NA
"2826","DCompL12.qABQ.1","qABQ","99","99","1",0,NA
"2827","DCompL2.qABQ.1","qABQ","99","99","1",0,NA
"2828","DCompL22.qABQ.1","qABQ","99","99","1",0,NA
"2829","DCompL3.qABQ.1","qABQ","99","99","1",0,NA
"2830","DCompL32.qABQ.1","qABQ","99","99","1",0,NA
"2831","DCompR1.qABQ.1","qABQ","99","99","1",0,NA
"2832","DCompR12.qABQ.1","qABQ","99","99","1",0,NA
"2833","L1CompL2.qABQ.1","qABQ","99","99","1",-6.82721369327139e-05,NA
"2834","L1CompL22.qABQ.1","qABQ","99","99","1",0.0240643284020012,NA
"2835","L1CompL3.qABQ.1","qABQ","99","99","1",0.149140063789612,NA
"2836","L1CompL32.qABQ.1","qABQ","99","99","1",-0.358358271201471,NA
"2837","L1CompR1.qABQ.1","qABQ","99","99","1",0.351831158235609,NA
"2838","L1CompR12.qABQ.1","qABQ","99","99","1",0.580291405537581,NA
"2839","L12CompL2.qABQ.1","qABQ","99","99","1",-0.00106289380378435,NA
"2840","L12CompL22.qABQ.1","qABQ","99","99","1",0.023093707903912,NA
"2841","L12CompL3.qABQ.1","qABQ","99","99","1",0.148293837835256,NA
"2842","L12CompL32.qABQ.1","qABQ","99","99","1",-0.359709231536406,NA
"2843","L12CompR1.qABQ.1","qABQ","99","99","1",0.351186519472678,NA
"2844","L12CompR12.qABQ.1","qABQ","99","99","1",0.57987398277411,NA
"2845","L2CompL3.qABQ.1","qABQ","99","99","1",0.149198149850028,NA
"2846","L2CompL32.qABQ.1","qABQ","99","99","1",-0.358265539510567,NA
"2847","L2CompR1.qABQ.1","qABQ","99","99","1",0.351875407086566,NA
"2848","L2CompR12.qABQ.1","qABQ","99","99","1",0.580320057984051,NA
"2849","L22CompL3.qABQ.1","qABQ","99","99","1",0.128159815270213,NA
"2850","L22CompL32.qABQ.1","qABQ","99","99","1",-0.391852261099641,NA
"2851","L22CompR1.qABQ.1","qABQ","99","99","1",0.335848805789548,NA
"2852","L22CompR12.qABQ.1","qABQ","99","99","1",0.569942357189192,NA
"2853","L3CompR1.qABQ.1","qABQ","99","99","1",0.238219107305434,NA
"2854","L3CompR12.qABQ.1","qABQ","99","99","1",0.506724224986145,NA
"2855","L32CompR1.qABQ.1","qABQ","99","99","1",0.52282924504808,NA
"2856","L32CompR12.qABQ.1","qABQ","99","99","1",0.691017750353016,NA
"2857","DCompL1.qqm.1","qqm","99","99","1",0,NA
"2858","DCompL12.qqm.1","qqm","99","99","1",0,NA
"2859","DCompL2.qqm.1","qqm","99","99","1",0,NA
"2860","DCompL22.qqm.1","qqm","99","99","1",0,NA
"2861","DCompL3.qqm.1","qqm","99","99","1",0,NA
"2862","DCompL32.qqm.1","qqm","99","99","1",0,NA
"2863","DCompR1.qqm.1","qqm","99","99","1",0,NA
"2864","DCompR12.qqm.1","qqm","99","99","1",1,NA
"2865","L1CompL2.qqm.1","qqm","99","99","1",0.52930128471773,NA
"2866","L1CompL22.qqm.1","qqm","99","99","1",0.622804190480704,NA
"2867","L1CompL3.qqm.1","qqm","99","99","1",0.0812301764277033,NA
"2868","L1CompL32.qqm.1","qqm","99","99","1",0.0651677269001964,NA
"2869","L1CompR1.qqm.1","qqm","99","99","1",0.956265266367531,NA
"2870","L1CompR12.qqm.1","qqm","99","99","1",1.00414060477273,NA
"2871","L12CompL2.qqm.1","qqm","99","99","1",0.449686442712713,NA
"2872","L12CompL22.qqm.1","qqm","99","99","1",0.559004601051562,NA
"2873","L12CompL3.qqm.1","qqm","99","99","1",-0.0741722327308185,NA
"2874","L12CompL32.qqm.1","qqm","99","99","1",-0.0929515143630809,NA
"2875","L12CompR1.qqm.1","qqm","99","99","1",0.948867893493479,NA
"2876","L12CompR12.qqm.1","qqm","99","99","1",1.00484095424062,NA
"2877","L2CompL3.qqm.1","qqm","99","99","1",-0.951927621092668,NA
"2878","L2CompL32.qqm.1","qqm","99","99","1",-0.986052314885117,NA
"2879","L2CompR1.qqm.1","qqm","99","99","1",0.907085504564758,NA
"2880","L2CompR12.qqm.1","qqm","99","99","1",1.00879671993633,NA
"2881","L22CompL3.qqm.1","qqm","99","99","1",-1.43579011321253,NA
"2882","L22CompL32.qqm.1","qqm","99","99","1",-1.47837396256116,NA
"2883","L22CompR1.qqm.1","qqm","99","99","1",0.884052970556049,NA
"2884","L22CompR12.qqm.1","qqm","99","99","1",1.01097733502927,NA
"2885","L3CompR1.qqm.1","qqm","99","99","1",0.952398595915545,NA
"2886","L3CompR12.qqm.1","qqm","99","99","1",1.00450668346576,NA
"2887","L32CompR1.qqm.1","qqm","99","99","1",0.953216491459533,NA
"2888","L32CompR12.qqm.1","qqm","99","99","1",1.00442924885231,NA
"2889","DCompL1.qQuant.2","qQuant","99","99","2",0.871459263413272,NA
"2890","DCompL12.qQuant.2","qQuant","99","99","2",0.72985047562622,NA
"2891","DCompL2.qQuant.2","qQuant","99","99","2",0.377761797934362,NA
"2892","DCompL22.qQuant.2","qQuant","99","99","2",0.309574177326896,NA
"2893","DCompL3.qQuant.2","qQuant","99","99","2",0.790500305885911,NA
"2894","DCompL32.qQuant.2","qQuant","99","99","2",0.789233129858098,NA
"2895","DCompR1.qQuant.2","qQuant","99","99","2",0.0310377616058908,NA
"2896","DCompR12.qQuant.2","qQuant","99","99","2",-0.0067923377415728,NA
"2897","L1CompL2.qQuant.2","qQuant","99","99","2",-3.84078603086118,NA
"2898","L1CompL22.qQuant.2","qQuant","99","99","2",-4.37126082366322,NA
"2899","L1CompL3.qQuant.2","qQuant","99","99","2",-0.629831131181809,NA
"2900","L1CompL32.qQuant.2","qQuant","99","99","2",-0.63968929802807,NA
"2901","L1CompR1.qQuant.2","qQuant","99","99","2",-6.53817244341323,NA
"2902","L1CompR12.qQuant.2","qQuant","99","99","2",-6.83247680444309,NA
"2903","L12CompL2.qQuant.2","qQuant","99","99","2",-1.30331037416415,NA
"2904","L12CompL22.qQuant.2","qQuant","99","99","2",-1.55571733569972,NA
"2905","L12CompL3.qQuant.2","qQuant","99","99","2",0.22450467162687,NA
"2906","L12CompL32.qQuant.2","qQuant","99","99","2",0.219814024731413,NA
"2907","L12CompR1.qQuant.2","qQuant","99","99","2",-2.5867627035073,NA
"2908","L12CompR12.qQuant.2","qQuant","99","99","2",-2.72679663262546,NA
"2909","L2CompL3.qQuant.2","qQuant","99","99","2",0.663312709797285,NA
"2910","L2CompL32.qQuant.2","qQuant","99","99","2",0.661276229196115,NA
"2911","L2CompR1.qQuant.2","qQuant","99","99","2",-0.557220747902419,NA
"2912","L2CompR12.qQuant.2","qQuant","99","99","2",-0.618017560476574,NA
"2913","L22CompL3.qQuant.2","qQuant","99","99","2",0.696564515355213,NA
"2914","L22CompL32.qQuant.2","qQuant","99","99","2",0.694729161018512,NA
"2915","L22CompR1.qQuant.2","qQuant","99","99","2",-0.403426996172598,NA
"2916","L22CompR12.qQuant.2","qQuant","99","99","2",-0.458219412830767,NA
"2917","L3CompR1.qQuant.2","qQuant","99","99","2",-3.6251248360603,NA
"2918","L3CompR12.qQuant.2","qQuant","99","99","2",-3.80569836628637,NA
"2919","L32CompR1.qQuant.2","qQuant","99","99","2",-3.59731758478806,NA
"2920","L32CompR12.qQuant.2","qQuant","99","99","2",-3.77680546787895,NA
"2921","DCompL1.qSigma.2","qSigma","99","99","2",0.323827443431326,NA
"2922","DCompL12.qSigma.2","qSigma","99","99","2",0.327735723671227,NA
"2923","DCompL2.qSigma.2","qSigma","99","99","2",0.27956781272824,NA
"2924","DCompL22.qSigma.2","qSigma","99","99","2",0.266142040274595,NA
"2925","DCompL3.qSigma.2","qSigma","99","99","2",0.339414339881722,NA
"2926","DCompL32.qSigma.2","qSigma","99","99","2",0.331108171315615,NA
"2927","DCompR1.qSigma.2","qSigma","99","99","2",0.144198178202849,NA
"2928","DCompR12.qSigma.2","qSigma","99","99","2",0.100154016168398,NA
"2929","L1CompL2.qSigma.2","qSigma","99","99","2",-0.065456118076851,NA
"2930","L1CompL22.qSigma.2","qSigma","99","99","2",-0.0853116598660295,NA
"2931","L1CompL3.qSigma.2","qSigma","99","99","2",0.0230516549347905,NA
"2932","L1CompL32.qSigma.2","qSigma","99","99","2",0.0107675589811518,NA
"2933","L1CompR1.qSigma.2","qSigma","99","99","2",-0.265655953474403,NA
"2934","L1CompR12.qSigma.2","qSigma","99","99","2",-0.330793412258533,NA
"2935","L12CompL2.qSigma.2","qSigma","99","99","2",-0.0716502611235443,NA
"2936","L12CompL22.qSigma.2","qSigma","99","99","2",-0.0916212352276019,NA
"2937","L12CompL3.qSigma.2","qSigma","99","99","2",0.0173720612885623,NA
"2938","L12CompL32.qSigma.2","qSigma","99","99","2",0.00501655042984664,NA
"2939","L12CompR1.qSigma.2","qSigma","99","99","2",-0.273013979666857,NA
"2940","L12CompR12.qSigma.2","qSigma","99","99","2",-0.33853012203125,NA
"2941","L2CompL3.qSigma.2","qSigma","99","99","2",0.0830703128078124,NA
"2942","L2CompL32.qSigma.2","qSigma","99","99","2",0.0715408882306543,NA
"2943","L2CompR1.qSigma.2","qSigma","99","99","2",-0.187900592057149,NA
"2944","L2CompR12.qSigma.2","qSigma","99","99","2",-0.249036341975882,NA
"2945","L22CompL3.qSigma.2","qSigma","99","99","2",0.0998453428706334,NA
"2946","L22CompL32.qSigma.2","qSigma","99","99","2",0.0885268466193768,NA
"2947","L22CompR1.qSigma.2","qSigma","99","99","2",-0.16616820796953,NA
"2948","L22CompR12.qSigma.2","qSigma","99","99","2",-0.226185492582661,NA
"2949","L3CompR1.qSigma.2","qSigma","99","99","2",-0.295519829546283,NA
"2950","L3CompR12.qSigma.2","qSigma","99","99","2",-0.362194243923618,NA
"2951","L32CompR1.qSigma.2","qSigma","99","99","2",-0.279432316403672,NA
"2952","L32CompR12.qSigma.2","qSigma","99","99","2",-0.345278780877726,NA
"2953","DCompL1.qConnect.2","qConnect","99","99","2",1,NA
"2954","DCompL12.qConnect.2","qConnect","99","99","2",0.425135171771681,NA
"2955","DCompL2.qConnect.2","qConnect","99","99","2",0.249138842131229,NA
"2956","DCompL22.qConnect.2","qConnect","99","99","2",0.174214424132143,NA
"2957","DCompL3.qConnect.2","qConnect","99","99","2",0.428653573632642,NA
"2958","DCompL32.qConnect.2","qConnect","99","99","2",1,NA
"2959","DCompR1.qConnect.2","qConnect","99","99","2",0.181669369532428,NA
"2960","DCompR12.qConnect.2","qConnect","99","99","2",0.149312948992,NA
"2961","L1CompL2.qConnect.2","qConnect","99","99","2",0,NA
"2962","L1CompL22.qConnect.2","qConnect","99","99","2",0,NA
"2963","L1CompL3.qConnect.2","qConnect","99","99","2",0,NA
"2964","L1CompL32.qConnect.2","qConnect","99","99","2",NA,NA
"2965","L1CompR1.qConnect.2","qConnect","99","99","2",0,NA
"2966","L1CompR12.qConnect.2","qConnect","99","99","2",0,NA
"2967","L12CompL2.qConnect.2","qConnect","99","99","2",-0.306152544038668,NA
"2968","L12CompL22.qConnect.2","qConnect","99","99","2",-0.436486518774948,NA
"2969","L12CompL3.qConnect.2","qConnect","99","99","2",0.00612039854969754,NA
"2970","L12CompL32.qConnect.2","qConnect","99","99","2",1,NA
"2971","L12CompR1.qConnect.2","qConnect","99","99","2",-0.423518347764625,NA
"2972","L12CompR12.qConnect.2","qConnect","99","99","2",-0.479803615103293,NA
"2973","L2CompL3.qConnect.2","qConnect","99","99","2",0.239078462935736,NA
"2974","L2CompL32.qConnect.2","qConnect","99","99","2",1,NA
"2975","L2CompR1.qConnect.2","qConnect","99","99","2",-0.0898561230551657,NA
"2976","L2CompR12.qConnect.2","qConnect","99","99","2",-0.13294853794618,NA
"2977","L22CompL3.qConnect.2","qConnect","99","99","2",0.308117696574073,NA
"2978","L22CompL32.qConnect.2","qConnect","99","99","2",1,NA
"2979","L22CompR1.qConnect.2","qConnect","99","99","2",0.00902770115892421,NA
"2980","L22CompR12.qConnect.2","qConnect","99","99","2",-0.0301548923447507,NA
"2981","L3CompR1.qConnect.2","qConnect","99","99","2",-0.432284499739585,NA
"2982","L3CompR12.qConnect.2","qConnect","99","99","2",-0.488916376736089,NA
"2983","L32CompR1.qConnect.2","qConnect","99","99","2",0,NA
"2984","L32CompR12.qConnect.2","qConnect","99","99","2",0,NA
"2985","DCompL1.qTau1.2","qTau1","99","99","2",-2.91487287224909,NA
"2986","DCompL12.qTau1.2","qTau1","99","99","2",-1.20683753070226,NA
"2987","DCompL2.qTau1.2","qTau1","99","99","2",-0.367538718452983,NA
"2988","DCompL22.qTau1.2","qTau1","99","99","2",-0.295547468906339,NA
"2989","DCompL3.qTau1.2","qTau1","99","99","2",-0.863186955953595,NA
"2990","DCompL32.qTau1.2","qTau1","99","99","2",-0.856532174878876,NA
"2991","DCompR1.qTau1.2","qTau1","99","99","2",-0.310201244200558,NA
"2992","DCompR12.qTau1.2","qTau1","99","99","2",-0.242059330127777,NA
"2993","L1CompL2.qTau1.2","qTau1","99","99","2",0.65068119372486,NA
"2994","L1CompL22.qTau1.2","qTau1","99","99","2",0.669070360345559,NA
"2995","L1CompL3.qTau1.2","qTau1","99","99","2",0.524074723048875,NA
"2996","L1CompL32.qTau1.2","qTau1","99","99","2",0.525774594613516,NA
"2997","L1CompR1.qTau1.2","qTau1","99","99","2",0.665327256604415,NA
"2998","L1CompR12.qTau1.2","qTau1","99","99","2",0.682733163844931,NA
"2999","L12CompL2.qTau1.2","qTau1","99","99","2",0.380317445472389,NA
"3000","L12CompL22.qTau1.2","qTau1","99","99","2",0.412939352860258,NA
"3001","L12CompL3.qTau1.2","qTau1","99","99","2",0.155720831265412,NA
"3002","L12CompL32.qTau1.2","qTau1","99","99","2",0.158736359586884,NA
"3003","L12CompR1.qTau1.2","qTau1","99","99","2",0.406299183346032,NA
"3004","L12CompR12.qTau1.2","qTau1","99","99","2",0.437176813948543,NA
"3005","L2CompL3.qTau1.2","qTau1","99","99","2",-0.362438175104329,NA
"3006","L2CompL32.qTau1.2","qTau1","99","99","2",-0.357571928185743,NA
"3007","L2CompR1.qTau1.2","qTau1","99","99","2",0.0419274960765188,NA
"3008","L2CompR12.qTau1.2","qTau1","99","99","2",0.0917556385293084,NA
"3009","L22CompL3.qTau1.2","qTau1","99","99","2",-0.43814642123954,NA
"3010","L22CompL32.qTau1.2","qTau1","99","99","2",-0.43300976570631,NA
"3011","L22CompR1.qTau1.2","qTau1","99","99","2",-0.0113108748586335,NA
"3012","L22CompR12.qTau1.2","qTau1","99","99","2",0.0412861281136342,NA
"3013","L3CompR1.qTau1.2","qTau1","99","99","2",0.296795611404447,NA
"3014","L3CompR12.qTau1.2","qTau1","99","99","2",0.333368384659992,NA
"3015","L32CompR1.qTau1.2","qTau1","99","99","2",0.294274959556767,NA
"3016","L32CompR12.qTau1.2","qTau1","99","99","2",0.330978828735456,NA
"3017","DCompL1.qTau2.2","qTau2","99","99","2",-5.5603324578872,NA
"3018","DCompL12.qTau2.2","qTau2","99","99","2",-2.2942002219843,NA
"3019","DCompL2.qTau2.2","qTau2","99","99","2",-0.473864329087989,NA
"3020","DCompL22.qTau2.2","qTau2","99","99","2",-0.354081608629257,NA
"3021","DCompL3.qTau2.2","qTau2","99","99","2",-4.30256663354069,NA
"3022","DCompL32.qTau2.2","qTau2","99","99","2",-4.85046170536601,NA
"3023","DCompR1.qTau2.2","qTau2","99","99","2",0.0247602442094429,NA
"3024","DCompR12.qTau2.2","qTau2","99","99","2",0.107207090718638,NA
"3025","L1CompL2.qTau2.2","qTau2","99","99","2",0.775336945414096,NA
"3026","L1CompL22.qTau2.2","qTau2","99","99","2",0.793595581120084,NA
"3027","L1CompL3.qTau2.2","qTau2","99","99","2",0.191722878744408,NA
"3028","L1CompL32.qTau2.2","qTau2","99","99","2",0.108206521099056,NA
"3029","L1CompR1.qTau2.2","qTau2","99","99","2",0.851342936954655,NA
"3030","L1CompR12.qTau2.2","qTau2","99","99","2",0.863910416886267,NA
"3031","L12CompL2.qTau2.2","qTau2","99","99","2",0.552588115545633,NA
"3032","L12CompL22.qTau2.2","qTau2","99","99","2",0.588949815620615,NA
"3033","L12CompL3.qTau2.2","qTau2","99","99","2",-0.60966737788228,NA
"3034","L12CompL32.qTau2.2","qTau2","99","99","2",-0.775988498307464,NA
"3035","L12CompR1.qTau2.2","qTau2","99","99","2",0.703952495272704,NA
"3036","L12CompR12.qTau2.2","qTau2","99","99","2",0.728980374865138,NA
"3037","L2CompL3.qTau2.2","qTau2","99","99","2",-2.59773048908909,NA
"3038","L2CompL32.qTau2.2","qTau2","99","99","2",-2.96947099532981,NA
"3039","L2CompR1.qTau2.2","qTau2","99","99","2",0.338311039528296,NA
"3040","L2CompR12.qTau2.2","qTau2","99","99","2",0.39425027686652,NA
"3041","L22CompL3.qTau2.2","qTau2","99","99","2",-2.91598748535437,NA
"3042","L22CompL32.qTau2.2","qTau2","99","99","2",-3.32061233834234,NA
"3043","L22CompR1.qTau2.2","qTau2","99","99","2",0.279777710903409,NA
"3044","L22CompR12.qTau2.2","qTau2","99","99","2",0.340665360498367,NA
"3045","L3CompR1.qTau2.2","qTau2","99","99","2",0.81608156517604,NA
"3046","L3CompR12.qTau2.2","qTau2","99","99","2",0.83163004428193,NA
"3047","L32CompR1.qTau2.2","qTau2","99","99","2",0.833305505632816,NA
"3048","L32CompR12.qTau2.2","qTau2","99","99","2",0.847397871442779,NA
"3049","DCompL1.qNPQ.2","qNPQ","99","99","2",0.966080999959963,NA
"3050","DCompL12.qNPQ.2","qNPQ","99","99","2",0.683153653834032,NA
"3051","DCompL2.qNPQ.2","qNPQ","99","99","2",0.252685905803284,NA
"3052","DCompL22.qNPQ.2","qNPQ","99","99","2",0.259852629764046,NA
"3053","DCompL3.qNPQ.2","qNPQ","99","99","2",0.775851246649219,NA
"3054","DCompL32.qNPQ.2","qNPQ","99","99","2",0.574582541781313,NA
"3055","DCompR1.qNPQ.2","qNPQ","99","99","2",-0.198814399296377,NA
"3056","DCompR12.qNPQ.2","qNPQ","99","99","2",-0.0823369873355763,NA
"3057","L1CompL2.qNPQ.2","qNPQ","99","99","2",-21.0323150244586,NA
"3058","L1CompL22.qNPQ.2","qNPQ","99","99","2",-20.8210256600227,NA
"3059","L1CompL3.qNPQ.2","qNPQ","99","99","2",-5.6083538160383,NA
"3060","L1CompL32.qNPQ.2","qNPQ","99","99","2",-11.5421580151696,NA
"3061","L1CompR1.qNPQ.2","qNPQ","99","99","2",-34.3434475627624,NA
"3062","L1CompR12.qNPQ.2","qNPQ","99","99","2",-30.90946036316,NA
"3063","L12CompL2.qNPQ.2","qNPQ","99","99","2",-1.35860095355262,NA
"3064","L12CompL22.qNPQ.2","qNPQ","99","99","2",-1.3359820278573,NA
"3065","L12CompL3.qNPQ.2","qNPQ","99","99","2",0.292563237471047,NA
"3066","L12CompL32.qNPQ.2","qNPQ","99","99","2",-0.342661714002686,NA
"3067","L12CompR1.qNPQ.2","qNPQ","99","99","2",-2.78358284323854,NA
"3068","L12CompR12.qNPQ.2","qNPQ","99","99","2",-2.41596802498279,NA
"3069","L2CompL3.qNPQ.2","qNPQ","99","99","2",0.700060851131522,NA
"3070","L2CompL32.qNPQ.2","qNPQ","99","99","2",0.430738077172268,NA
"3071","L2CompR1.qNPQ.2","qNPQ","99","99","2",-0.604164043747865,NA
"3072","L2CompR12.qNPQ.2","qNPQ","99","99","2",-0.448302655791572,NA
"3073","L22CompL3.qNPQ.2","qNPQ","99","99","2",0.697156590208078,NA
"3074","L22CompL32.qNPQ.2","qNPQ","99","99","2",0.425226008594658,NA
"3075","L22CompR1.qNPQ.2","qNPQ","99","99","2",-0.6196968975438,NA
"3076","L22CompR12.qNPQ.2","qNPQ","99","99","2",-0.462326329674771,NA
"3077","L3CompR1.qNPQ.2","qNPQ","99","99","2",-4.34829831250633,NA
"3078","L3CompR12.qNPQ.2","qNPQ","99","99","2",-3.82865494969663,NA
"3079","L32CompR1.qNPQ.2","qNPQ","99","99","2",-1.81797179719908,NA
"3080","L32CompR12.qNPQ.2","qNPQ","99","99","2",-1.54417623542661,NA
"3081","DCompL1.qqP.2","qqP","99","99","2",0.889152335182054,NA
"3082","DCompL12.qqP.2","qqP","99","99","2",0.571236800024083,NA
"3083","DCompL2.qqP.2","qqP","99","99","2",0.206046263427196,NA
"3084","DCompL22.qqP.2","qqP","99","99","2",0.18396345329167,NA
"3085","DCompL3.qqP.2","qqP","99","99","2",0.669380261761161,NA
"3086","DCompL32.qqP.2","qqP","99","99","2",0.525638946823546,NA
"3087","DCompR1.qqP.2","qqP","99","99","2",-0.0354664075361528,NA
"3088","DCompR12.qqP.2","qqP","99","99","2",-0.0215201316609351,NA
"3089","L1CompL2.qqP.2","qqP","99","99","2",-6.16256619277254,NA
"3090","L1CompL22.qqP.2","qqP","99","99","2",-6.36178383233035,NA
"3091","L1CompL3.qqP.2","qqP","99","99","2",-1.98264955587329,NA
"3092","L1CompL32.qqP.2","qqP","99","99","2",-3.27939599770129,NA
"3093","L1CompR1.qqP.2","qqP","99","99","2",-8.34134615498468,NA
"3094","L1CompR12.qqP.2","qqP","99","99","2",-8.21553136314289,NA
"3095","L12CompL2.qqP.2","qqP","99","99","2",-0.851730131264527,NA
"3096","L12CompL22.qqP.2","qqP","99","99","2",-0.90323364214598,NA
"3097","L12CompL3.qqP.2","qqP","99","99","2",0.228898986066413,NA
"3098","L12CompL32.qqP.2","qqP","99","99","2",-0.106347403888901,NA
"3099","L12CompR1.qqP.2","qqP","99","99","2",-1.41500764896407,NA
"3100","L12CompR12.qqP.2","qqP","99","99","2",-1.38248089322571,NA
"3101","L2CompL3.qqP.2","qqP","99","99","2",0.583578081430791,NA
"3102","L2CompL32.qqP.2","qqP","99","99","2",0.40253313093016,NA
"3103","L2CompR1.qqP.2","qqP","99","99","2",-0.304189853688285,NA
"3104","L2CompR12.qqP.2","qqP","99","99","2",-0.286624251018011,NA
"3105","L22CompL3.qqP.2","qqP","99","99","2",0.594846898006628,NA
"3106","L22CompL32.qqP.2","qqP","99","99","2",0.418701214927325,NA
"3107","L22CompR1.qqP.2","qqP","99","99","2",-0.268897099906791,NA
"3108","L22CompR12.qqP.2","qqP","99","99","2",-0.251806840982147,NA
"3109","L3CompR1.qqP.2","qqP","99","99","2",-2.13189530985635,NA
"3110","L3CompR12.qqP.2","qqP","99","99","2",-2.08971308580189,NA
"3111","L32CompR1.qqP.2","qqP","99","99","2",-1.18286556327165,NA
"3112","L32CompR12.qqP.2","qqP","99","99","2",-1.15346543486349,NA
"3113","DCompL1.qABQ.2","qABQ","99","99","2",0,NA
"3114","DCompL12.qABQ.2","qABQ","99","99","2",0,NA
"3115","DCompL2.qABQ.2","qABQ","99","99","2",0,NA
"3116","DCompL22.qABQ.2","qABQ","99","99","2",0,NA
"3117","DCompL3.qABQ.2","qABQ","99","99","2",0,NA
"3118","DCompL32.qABQ.2","qABQ","99","99","2",0,NA
"3119","DCompR1.qABQ.2","qABQ","99","99","2",0,NA
"3120","DCompR12.qABQ.2","qABQ","99","99","2",0,NA
"3121","L1CompL2.qABQ.2","qABQ","99","99","2",0.136676589958233,NA
"3122","L1CompL22.qABQ.2","qABQ","99","99","2",0.178136239922987,NA
"3123","L1CompL3.qABQ.2","qABQ","99","99","2",-0.0481333400444256,NA
"3124","L1CompL32.qABQ.2","qABQ","99","99","2",-0.0224833565899828,NA
"3125","L1CompR1.qABQ.2","qABQ","99","99","2",0.554706739259332,NA
"3126","L1CompR12.qABQ.2","qABQ","99","99","2",0.69071794809251,NA
"3127","L12CompL2.qABQ.2","qABQ","99","99","2",0.146971805219831,NA
"3128","L12CompL22.qABQ.2","qABQ","99","99","2",0.187937044844158,NA
"3129","L12CompL3.qABQ.2","qABQ","99","99","2",-0.0356342484721335,NA
"3130","L12CompL32.qABQ.2","qABQ","99","99","2",-0.0102901435541098,NA
"3131","L12CompR1.qABQ.2","qABQ","99","99","2",0.560016904512053,NA
"3132","L12CompR12.qABQ.2","qABQ","99","99","2",0.694406166509733,NA
"3133","L2CompL3.qABQ.2","qABQ","99","99","2",-0.214068016519693,NA
"3134","L2CompL32.qABQ.2","qABQ","99","99","2",-0.184357269473922,NA
"3135","L2CompR1.qABQ.2","qABQ","99","99","2",0.484210371731811,NA
"3136","L2CompR12.qABQ.2","qABQ","99","99","2",0.641754123298327,NA
"3137","L22CompL3.qABQ.2","qABQ","99","99","2",-0.275312759801223,NA
"3138","L22CompL32.qABQ.2","qABQ","99","99","2",-0.244103227637353,NA
"3139","L22CompR1.qABQ.2","qABQ","99","99","2",0.458190904172558,NA
"3140","L22CompR12.qABQ.2","qABQ","99","99","2",0.62368209071719,NA
"3141","L3CompR1.qABQ.2","qABQ","99","99","2",0.575155904570506,NA
"3142","L3CompR12.qABQ.2","qABQ","99","99","2",0.704921081992887,NA
"3143","L32CompR1.qABQ.2","qABQ","99","99","2",0.564498279731675,NA
"3144","L32CompR12.qABQ.2","qABQ","99","99","2",0.697518742076197,NA
"3145","DCompL1.qqm.2","qqm","99","99","2",0,NA
"3146","DCompL12.qqm.2","qqm","99","99","2",0,NA
"3147","DCompL2.qqm.2","qqm","99","99","2",0,NA
"3148","DCompL22.qqm.2","qqm","99","99","2",0,NA
"3149","DCompL3.qqm.2","qqm","99","99","2",0,NA
"3150","DCompL32.qqm.2","qqm","99","99","2",0,NA
"3151","DCompR1.qqm.2","qqm","99","99","2",0,NA
"3152","DCompR12.qqm.2","qqm","99","99","2",1,NA
"3153","L1CompL2.qqm.2","qqm","99","99","2",0.566518122195672,NA
"3154","L1CompL22.qqm.2","qqm","99","99","2",0.644763455592431,NA
"3155","L1CompL3.qqm.2","qqm","99","99","2",0.0929004497700402,NA
"3156","L1CompL32.qqm.2","qqm","99","99","2",0.094354534982067,NA
"3157","L1CompR1.qqm.2","qqm","99","99","2",0.964384150919086,NA
"3158","L1CompR12.qqm.2","qqm","99","99","2",1.00779421141841,NA
"3159","L12CompL2.qqm.2","qqm","99","99","2",0.482412068567554,NA
"3160","L12CompL22.qqm.2","qqm","99","99","2",0.575838904453302,NA
"3161","L12CompL3.qqm.2","qqm","99","99","2",-0.0830989802502394,NA
"3162","L12CompL32.qqm.2","qqm","99","99","2",-0.0813627670529735,NA
"3163","L12CompR1.qqm.2","qqm","99","99","2",0.957473807797055,NA
"3164","L12CompR12.qqm.2","qqm","99","99","2",1.00930647847526,NA
"3165","L2CompL3.qqm.2","qqm","99","99","2",-1.09258932535911,NA
"3166","L2CompL32.qqm.2","qqm","99","99","2",-1.08923489398267,NA
"3167","L2CompR1.qqm.2","qqm","99","99","2",0.917837743849143,NA
"3168","L2CompR12.qqm.2","qqm","99","99","2",1.01798047811799,NA
"3169","L22CompL3.qqm.2","qqm","99","99","2",-1.55350854102789,NA
"3170","L22CompL32.qqm.2","qqm","99","99","2",-1.54941525379458,NA
"3171","L22CompR1.qqm.2","qqm","99","99","2",0.899740469719098,NA
"3172","L22CompR12.qqm.2","qqm","99","99","2",1.02194090540827,NA
"3173","L3CompR1.qqm.2","qqm","99","99","2",0.96073655965116,NA
"3174","L3CompR12.qqm.2","qqm","99","99","2",1.00859245428623,NA
"3175","L32CompR1.qqm.2","qqm","99","99","2",0.96067351910142,NA
"3176","L32CompR12.qqm.2","qqm","99","99","2",1.00860625014917,NA
"3177","DCompL1.qQuant.3","qQuant","99","99","3",0.863925980132224,NA
"3178","DCompL12.qQuant.3","qQuant","99","99","3",0.733406964711547,NA
"3179","DCompL2.qQuant.3","qQuant","99","99","3",0.38052948031437,NA
"3180","DCompL22.qQuant.3","qQuant","99","99","3",0.318450484193134,NA
"3181","DCompL3.qQuant.3","qQuant","99","99","3",0.800028264017281,NA
"3182","DCompL32.qQuant.3","qQuant","99","99","3",0.799453800505124,NA
"3183","DCompR1.qQuant.3","qQuant","99","99","3",0.0513974492396222,NA
"3184","DCompR12.qQuant.3","qQuant","99","99","3",0.00263857123833855,NA
"3185","L1CompL2.qQuant.3","qQuant","99","99","3",-3.55245255698018,NA
"3186","L1CompL22.qQuant.3","qQuant","99","99","3",-4.00866746252613,NA
"3187","L1CompL3.qQuant.3","qQuant","99","99","3",-0.469580572228499,NA
"3188","L1CompL32.qQuant.3","qQuant","99","99","3",-0.473802270923924,NA
"3189","L1CompR1.qQuant.3","qQuant","99","99","3",-5.97122457087796,NA
"3190","L1CompR12.qQuant.3","qQuant","99","99","3",-6.32955070873045,NA
"3191","L12CompL2.qQuant.3","qQuant","99","99","3",-1.32365605131194,NA
"3192","L12CompL22.qQuant.3","qQuant","99","99","3",-1.55651658367381,NA
"3193","L12CompL3.qQuant.3","qQuant","99","99","3",0.249898873890872,NA
"3194","L12CompL32.qQuant.3","qQuant","99","99","3",0.247744040732776,NA
"3195","L12CompR1.qQuant.3","qQuant","99","99","3",-2.55824205885196,NA
"3196","L12CompR12.qQuant.3","qQuant","99","99","3",-2.74113835225485,NA
"3197","L2CompL3.qQuant.3","qQuant","99","99","3",0.677189261428937,NA
"3198","L2CompL32.qQuant.3","qQuant","99","99","3",0.676261915423111,NA
"3199","L2CompR1.qQuant.3","qQuant","99","99","3",-0.531311855230457,NA
"3200","L2CompR12.qQuant.3","qQuant","99","99","3",-0.610022425712533,NA
"3201","L22CompL3.qQuant.3","qQuant","99","99","3",0.706592505247431,NA
"3202","L22CompL32.qQuant.3","qQuant","99","99","3",0.705749626632109,NA
"3203","L22CompR1.qQuant.3","qQuant","99","99","3",-0.391832183516932,NA
"3204","L22CompR12.qQuant.3","qQuant","99","99","3",-0.463373394933625,NA
"3205","L3CompR1.qQuant.3","qQuant","99","99","3",-3.74368313151192,NA
"3206","L3CompR12.qQuant.3","qQuant","99","99","3",-3.98751197943219,NA
"3207","L32CompR1.qQuant.3","qQuant","99","99","3",-3.73009487664021,NA
"3208","L32CompR12.qQuant.3","qQuant","99","99","3",-3.9732252781342,NA
"3209","DCompL1.qSigma.3","qSigma","99","99","3",0.27677088210531,NA
"3210","DCompL12.qSigma.3","qSigma","99","99","3",0.262215961097712,NA
"3211","DCompL2.qSigma.3","qSigma","99","99","3",0.239168409059792,NA
"3212","DCompL22.qSigma.3","qSigma","99","99","3",0.251695817628587,NA
"3213","DCompL3.qSigma.3","qSigma","99","99","3",0.20787138326554,NA
"3214","DCompL32.qSigma.3","qSigma","99","99","3",0.346790173572661,NA
"3215","DCompR1.qSigma.3","qSigma","99","99","3",0.13545895359224,NA
"3216","DCompR12.qSigma.3","qSigma","99","99","3",0.098607994834472,NA
"3217","L1CompL2.qSigma.3","qSigma","99","99","3",-0.051992476678731,NA
"3218","L1CompL22.qSigma.3","qSigma","99","99","3",-0.0346709830346936,NA
"3219","L1CompL3.qSigma.3","qSigma","99","99","3",-0.0952664890489145,NA
"3220","L1CompL32.qSigma.3","qSigma","99","99","3",0.0968148125329578,NA
"3221","L1CompR1.qSigma.3","qSigma","99","99","3",-0.195390264325125,NA
"3222","L1CompR12.qSigma.3","qSigma","99","99","3",-0.246343631447622,NA
"3223","L12CompL2.qSigma.3","qSigma","99","99","3",-0.0312388867509411,NA
"3224","L12CompL22.qSigma.3","qSigma","99","99","3",-0.0142591095963221,NA
"3225","L12CompL3.qSigma.3","qSigma","99","99","3",-0.0736591942447397,NA
"3226","L12CompL32.qSigma.3","qSigma","99","99","3",0.114632748901403,NA
"3227","L12CompR1.qSigma.3","qSigma","99","99","3",-0.171807738879886,NA
"3228","L12CompR12.qSigma.3","qSigma","99","99","3",-0.221755903674284,NA
"3229","L2CompL3.qSigma.3","qSigma","99","99","3",-0.0411352869241089,NA
"3230","L2CompL32.qSigma.3","qSigma","99","99","3",0.141452807420726,NA
"3231","L2CompR1.qSigma.3","qSigma","99","99","3",-0.136310658892845,NA
"3232","L2CompR12.qSigma.3","qSigma","99","99","3",-0.18474576489604,NA
"3233","L22CompL3.qSigma.3","qSigma","99","99","3",-0.0585649998963864,NA
"3234","L22CompL32.qSigma.3","qSigma","99","99","3",0.127079813509414,NA
"3235","L22CompR1.qSigma.3","qSigma","99","99","3",-0.155333708904294,NA
"3236","L22CompR12.qSigma.3","qSigma","99","99","3",-0.204579670140253,NA
"3237","L3CompR1.qSigma.3","qSigma","99","99","3",-0.0914149901209464,NA
"3238","L3CompR12.qSigma.3","qSigma","99","99","3",-0.13793642360947,NA
"3239","L32CompR1.qSigma.3","qSigma","99","99","3",-0.323527313017127,NA
"3240","L32CompR12.qSigma.3","qSigma","99","99","3",-0.379942506522897,NA
"3241","DCompL1.qConnect.3","qConnect","99","99","3",0.553379741618564,NA
"3242","DCompL12.qConnect.3","qConnect","99","99","3",0.72652381868216,NA
"3243","DCompL2.qConnect.3","qConnect","99","99","3",0.263128157465123,NA
"3244","DCompL22.qConnect.3","qConnect","99","99","3",0.149199052533077,NA
"3245","DCompL3.qConnect.3","qConnect","99","99","3",1,NA
"3246","DCompL32.qConnect.3","qConnect","99","99","3",0.194731677098927,NA
"3247","DCompR1.qConnect.3","qConnect","99","99","3",0.131356101832549,NA
"3248","DCompR12.qConnect.3","qConnect","99","99","3",0.0692061491608493,NA
"3249","L1CompL2.qConnect.3","qConnect","99","99","3",-0.649884501892772,NA
"3250","L1CompL22.qConnect.3","qConnect","99","99","3",-0.904976165994458,NA
"3251","L1CompL3.qConnect.3","qConnect","99","99","3",1,NA
"3252","L1CompL32.qConnect.3","qConnect","99","99","3",-0.803026861834228,NA
"3253","L1CompR1.qConnect.3","qConnect","99","99","3",-0.944927221428422,NA
"3254","L1CompR12.qConnect.3","qConnect","99","99","3",-1.08408336471877,NA
"3255","L12CompL2.qConnect.3","qConnect","99","99","3",-1.69446442825113,NA
"3256","L12CompL22.qConnect.3","qConnect","99","99","3",-2.11106050759902,NA
"3257","L12CompL3.qConnect.3","qConnect","99","99","3",1,NA
"3258","L12CompL32.qConnect.3","qConnect","99","99","3",-1.94456474790823,NA
"3259","L12CompR1.qConnect.3","qConnect","99","99","3",-2.17630549754493,NA
"3260","L12CompR12.qConnect.3","qConnect","99","99","3",-2.40356460425107,NA
"3261","L2CompL3.qConnect.3","qConnect","99","99","3",1,NA
"3262","L2CompL32.qConnect.3","qConnect","99","99","3",-0.0928200487766075,NA
"3263","L2CompR1.qConnect.3","qConnect","99","99","3",-0.178826287050501,NA
"3264","L2CompR12.qConnect.3","qConnect","99","99","3",-0.263169247500586,NA
"3265","L22CompL3.qConnect.3","qConnect","99","99","3",1,NA
"3266","L22CompL32.qConnect.3","qConnect","99","99","3",0.0535173646684496,NA
"3267","L22CompR1.qConnect.3","qConnect","99","99","3",-0.0209719450285658,NA
"3268","L22CompR12.qConnect.3","qConnect","99","99","3",-0.0940207032095929,NA
"3269","L3CompR1.qConnect.3","qConnect","99","99","3",0,NA
"3270","L3CompR12.qConnect.3","qConnect","99","99","3",0,NA
"3271","L32CompR1.qConnect.3","qConnect","99","99","3",-0.0787011899810735,NA
"3272","L32CompR12.qConnect.3","qConnect","99","99","3",-0.155880374737525,NA
"3273","DCompL1.qTau1.3","qTau1","99","99","3",-2.49132264590538,NA
"3274","DCompL12.qTau1.3","qTau1","99","99","3",-1.32191461636109,NA
"3275","DCompL2.qTau1.3","qTau1","99","99","3",-0.480791632399113,NA
"3276","DCompL22.qTau1.3","qTau1","99","99","3",-0.400092190933611,NA
"3277","DCompL3.qTau1.3","qTau1","99","99","3",-1.28771595853301,NA
"3278","DCompL32.qTau1.3","qTau1","99","99","3",-1.19099045166144,NA
"3279","DCompR1.qTau1.3","qTau1","99","99","3",-0.293077906902749,NA
"3280","DCompR12.qTau1.3","qTau1","99","99","3",-0.31812213324198,NA
"3281","L1CompL2.qTau1.3","qTau1","99","99","3",0.575865142645644,NA
"3282","L1CompL22.qTau1.3","qTau1","99","99","3",0.598979431885037,NA
"3283","L1CompL3.qTau1.3","qTau1","99","99","3",0.344742325314436,NA
"3284","L1CompL32.qTau1.3","qTau1","99","99","3",0.372446870749391,NA
"3285","L1CompR1.qTau1.3","qTau1","99","99","3",0.629630934162081,NA
"3286","L1CompR12.qTau1.3","qTau1","99","99","3",0.622457656616792,NA
"3287","L12CompL2.qTau1.3","qTau1","99","99","3",0.362254054492404,NA
"3288","L12CompL22.qTau1.3","qTau1","99","99","3",0.397009613933247,NA
"3289","L12CompL3.qTau1.3","qTau1","99","99","3",0.0147286457422262,NA
"3290","L12CompL32.qTau1.3","qTau1","99","99","3",0.0563862959374605,NA
"3291","L12CompR1.qTau1.3","qTau1","99","99","3",0.443098424984609,NA
"3292","L12CompR12.qTau1.3","qTau1","99","99","3",0.432312401173587,NA
"3293","L2CompL3.qTau1.3","qTau1","99","99","3",-0.544927664688756,NA
"3294","L2CompL32.qTau1.3","qTau1","99","99","3",-0.479607531352467,NA
"3295","L2CompR1.qTau1.3","qTau1","99","99","3",0.126765792964563,NA
"3296","L2CompR12.qTau1.3","qTau1","99","99","3",0.109853064805332,NA
"3297","L22CompL3.qTau1.3","qTau1","99","99","3",-0.633975229165099,NA
"3298","L22CompL32.qTau1.3","qTau1","99","99","3",-0.564890130699495,NA
"3299","L22CompR1.qTau1.3","qTau1","99","99","3",0.0764337410949363,NA
"3300","L22CompR12.qTau1.3","qTau1","99","99","3",0.058546185902924,NA
"3301","L3CompR1.qTau1.3","qTau1","99","99","3",0.434773402668429,NA
"3302","L3CompR12.qTau1.3","qTau1","99","99","3",0.423826140511246,NA
"3303","L32CompR1.qTau1.3","qTau1","99","99","3",0.409820382410977,NA
"3304","L32CompR12.qTau1.3","qTau1","99","99","3",0.39838983221381,NA
"3305","DCompL1.qTau2.3","qTau2","99","99","3",-5.16056787644556,NA
"3306","DCompL12.qTau2.3","qTau2","99","99","3",-2.89599968995604,NA
"3307","DCompL2.qTau2.3","qTau2","99","99","3",-0.593796089107767,NA
"3308","DCompL22.qTau2.3","qTau2","99","99","3",-0.545326955320092,NA
"3309","DCompL3.qTau2.3","qTau2","99","99","3",-4.93455519416672,NA
"3310","DCompL32.qTau2.3","qTau2","99","99","3",-5.18163740382034,NA
"3311","DCompR1.qTau2.3","qTau2","99","99","3",-0.125911672513501,NA
"3312","DCompR12.qTau2.3","qTau2","99","99","3",-0.0205637013907202,NA
"3313","L1CompL2.qTau2.3","qTau2","99","99","3",0.741290718473938,NA
"3314","L1CompL22.qTau2.3","qTau2","99","99","3",0.749158359048599,NA
"3315","L1CompL3.qTau2.3","qTau2","99","99","3",0.0366869884094577,NA
"3316","L1CompL32.qTau2.3","qTau2","99","99","3",-0.00342006253276356,NA
"3317","L1CompR1.qTau2.3","qTau2","99","99","3",0.817238979409944,NA
"3318","L1CompR12.qTau2.3","qTau2","99","99","3",0.834339346329944,NA
"3319","L12CompL2.qTau2.3","qTau2","99","99","3",0.590914728967612,NA
"3320","L12CompL22.qTau2.3","qTau2","99","99","3",0.603355472716291,NA
"3321","L12CompL3.qTau2.3","qTau2","99","99","3",-0.523243240872455,NA
"3322","L12CompL32.qTau2.3","qTau2","99","99","3",-0.586662704249363,NA
"3323","L12CompR1.qTau2.3","qTau2","99","99","3",0.711008274611489,NA
"3324","L12CompR12.qTau2.3","qTau2","99","99","3",0.738048310419081,NA
"3325","L2CompL3.qTau2.3","qTau2","99","99","3",-2.72353479514998,NA
"3326","L2CompL32.qTau2.3","qTau2","99","99","3",-2.87856228664792,NA
"3327","L2CompR1.qTau2.3","qTau2","99","99","3",0.29356604636682,NA
"3328","L2CompR12.qTau2.3","qTau2","99","99","3",0.359664822642369,NA
"3329","L22CompL3.qTau2.3","qTau2","99","99","3",-2.84032335276095,NA
"3330","L22CompL32.qTau2.3","qTau2","99","99","3",-3.00021327689835,NA
"3331","L22CompR1.qTau2.3","qTau2","99","99","3",0.271408766515508,NA
"3332","L22CompR12.qTau2.3","qTau2","99","99","3",0.339580728934269,NA
"3333","L3CompR1.qTau2.3","qTau2","99","99","3",0.810278675372301,NA
"3334","L3CompR12.qTau2.3","qTau2","99","99","3",0.828030295784616,NA
"3335","L32CompR1.qTau2.3","qTau2","99","99","3",0.817861903090972,NA
"3336","L32CompR12.qTau2.3","qTau2","99","99","3",0.834903985025068,NA
"3337","DCompL1.qNPQ.3","qNPQ","99","99","3",0.90871706807401,NA
"3338","DCompL12.qNPQ.3","qNPQ","99","99","3",0.627244522820781,NA
"3339","DCompL2.qNPQ.3","qNPQ","99","99","3",0.22526855629569,NA
"3340","DCompL22.qNPQ.3","qNPQ","99","99","3",0.236108628733716,NA
"3341","DCompL3.qNPQ.3","qNPQ","99","99","3",0.714146559665418,NA
"3342","DCompL32.qNPQ.3","qNPQ","99","99","3",0.531110368343137,NA
"3343","DCompR1.qNPQ.3","qNPQ","99","99","3",-0.207000248232701,NA
"3344","DCompR12.qNPQ.3","qNPQ","99","99","3",-0.0771060361989758,NA
"3345","L1CompL2.qNPQ.3","qNPQ","99","99","3",-7.48714461025906,NA
"3346","L1CompL22.qNPQ.3","qNPQ","99","99","3",-7.36839215337243,NA
"3347","L1CompL3.qNPQ.3","qNPQ","99","99","3",-2.13151028678992,NA
"3348","L1CompL32.qNPQ.3","qNPQ","99","99","3",-4.13666270094204,NA
"3349","L1CompR1.qNPQ.3","qNPQ","99","99","3",-12.2226279630381,NA
"3350","L1CompR12.qNPQ.3","qNPQ","99","99","3",-10.799643301031,NA
"3351","L12CompL2.qNPQ.3","qNPQ","99","99","3",-1.07839050298333,NA
"3352","L12CompL22.qNPQ.3","qNPQ","99","99","3",-1.04930958237539,NA
"3353","L12CompL3.qNPQ.3","qNPQ","99","99","3",0.233134164794191,NA
"3354","L12CompL32.qNPQ.3","qNPQ","99","99","3",-0.257901386735153,NA
"3355","L12CompR1.qNPQ.3","qNPQ","99","99","3",-2.23804832424335,NA
"3356","L12CompR12.qNPQ.3","qNPQ","99","99","3",-1.88957802672637,NA
"3357","L2CompL3.qNPQ.3","qNPQ","99","99","3",0.631028993779059,NA
"3358","L2CompL32.qNPQ.3","qNPQ","99","99","3",0.394771394052487,NA
"3359","L2CompR1.qNPQ.3","qNPQ","99","99","3",-0.557959545906045,NA
"3360","L2CompR12.qNPQ.3","qNPQ","99","99","3",-0.390296011542902,NA
"3361","L22CompL3.qNPQ.3","qNPQ","99","99","3",0.625793075970043,NA
"3362","L22CompL32.qNPQ.3","qNPQ","99","99","3",0.386182840526662,NA
"3363","L22CompR1.qNPQ.3","qNPQ","99","99","3",-0.580067917552055,NA
"3364","L22CompR12.qNPQ.3","qNPQ","99","99","3",-0.410025138016004,NA
"3365","L3CompR1.qNPQ.3","qNPQ","99","99","3",-3.2224443645665,NA
"3366","L3CompR12.qNPQ.3","qNPQ","99","99","3",-2.76803593806064,NA
"3367","L32CompR1.qNPQ.3","qNPQ","99","99","3",-1.57416706777597,NA
"3368","L32CompR12.qNPQ.3","qNPQ","99","99","3",-1.29714193592408,NA
"3369","DCompL1.qqP.3","qqP","99","99","3",0.819226088948552,NA
"3370","DCompL12.qqP.3","qqP","99","99","3",0.519456279954473,NA
"3371","DCompL2.qqP.3","qqP","99","99","3",0.18695547035993,NA
"3372","DCompL22.qqP.3","qqP","99","99","3",0.170020855354462,NA
"3373","DCompL3.qqP.3","qqP","99","99","3",0.611328607402685,NA
"3374","DCompL32.qqP.3","qqP","99","99","3",0.484760277104794,NA
"3375","DCompR1.qqP.3","qqP","99","99","3",-0.0307887311120161,NA
"3376","DCompR12.qqP.3","qqP","99","99","3",-0.0169084374926213,NA
"3377","L1CompL2.qqP.3","qqP","99","99","3",-3.49757669627826,NA
"3378","L1CompL22.qqP.3","qqP","99","99","3",-3.59125511982384,NA
"3379","L1CompL3.qqP.3","qqP","99","99","3",-1.15004139887586,NA
"3380","L1CompL32.qqP.3","qqP","99","99","3",-1.85018850285631,NA
"3381","L1CompR1.qqP.3","qqP","99","99","3",-4.70208790149291,NA
"3382","L1CompR12.qqP.3","qqP","99","99","3",-4.62530528646477,NA
"3383","L12CompL2.qqP.3","qqP","99","99","3",-0.691926240474106,NA
"3384","L12CompL22.qqP.3","qqP","99","99","3",-0.727166769689352,NA
"3385","L12CompL3.qqP.3","qqP","99","99","3",0.191184118355575,NA
"3386","L12CompL32.qqP.3","qqP","99","99","3",-0.0722015529542065,NA
"3387","L12CompR1.qqP.3","qqP","99","99","3",-1.14504672127306,NA
"3388","L12CompR12.qqP.3","qqP","99","99","3",-1.1161621618867,NA
"3389","L2CompL3.qqP.3","qqP","99","99","3",0.521955589850192,NA
"3390","L2CompL32.qqP.3","qqP","99","99","3",0.366283513249515,NA
"3391","L2CompR1.qqP.3","qqP","99","99","3",-0.267813377415306,NA
"3392","L2CompR12.qqP.3","qqP","99","99","3",-0.250741380601626,NA
"3393","L22CompL3.qqP.3","qqP","99","99","3",0.531709447032785,NA
"3394","L22CompL32.qqP.3","qqP","99","99","3",0.379213651066797,NA
"3395","L22CompR1.qqP.3","qqP","99","99","3",-0.241945340147359,NA
"3396","L22CompR12.qqP.3","qqP","99","99","3",-0.225221674608362,NA
"3397","L3CompR1.qqP.3","qqP","99","99","3",-1.652082841044,NA
"3398","L3CompR12.qqP.3","qqP","99","99","3",-1.61637068449284,NA
"3399","L32CompR1.qqP.3","qqP","99","99","3",-1.0006002746059,NA
"3400","L32CompR12.qqP.3","qqP","99","99","3",-0.973660787989069,NA
"3401","DCompL1.qABQ.3","qABQ","99","99","3",0,NA
"3402","DCompL12.qABQ.3","qABQ","99","99","3",0,NA
"3403","DCompL2.qABQ.3","qABQ","99","99","3",0,NA
"3404","DCompL22.qABQ.3","qABQ","99","99","3",0,NA
"3405","DCompL3.qABQ.3","qABQ","99","99","3",0,NA
"3406","DCompL32.qABQ.3","qABQ","99","99","3",0,NA
"3407","DCompR1.qABQ.3","qABQ","99","99","3",0,NA
"3408","DCompR12.qABQ.3","qABQ","99","99","3",0,NA
"3409","L1CompL2.qABQ.3","qABQ","99","99","3",0.135861376599618,NA
"3410","L1CompL22.qABQ.3","qABQ","99","99","3",0.0905986362654365,NA
"3411","L1CompL3.qABQ.3","qABQ","99","99","3",0.248940561650387,NA
"3412","L1CompL32.qABQ.3","qABQ","99","99","3",-0.252986480856429,NA
"3413","L1CompR1.qABQ.3","qABQ","99","99","3",0.510573682600399,NA
"3414","L1CompR12.qABQ.3","qABQ","99","99","3",0.643719765300481,NA
"3415","L12CompL2.qABQ.3","qABQ","99","99","3",0.0878953056154064,NA
"3416","L12CompL22.qABQ.3","qABQ","99","99","3",0.0401201491514307,NA
"3417","L12CompL3.qABQ.3","qABQ","99","99","3",0.207251219966434,NA
"3418","L12CompL32.qABQ.3","qABQ","99","99","3",-0.322536477645741,NA
"3419","L12CompR1.qABQ.3","qABQ","99","99","3",0.483406909994456,NA
"3420","L12CompR12.qABQ.3","qABQ","99","99","3",0.623943582909024,NA
"3421","L2CompL3.qABQ.3","qABQ","99","99","3",0.130857691102619,NA
"3422","L2CompL32.qABQ.3","qABQ","99","99","3",-0.449983193582914,NA
"3423","L2CompR1.qABQ.3","qABQ","99","99","3",0.433625226154444,NA
"3424","L2CompR12.qABQ.3","qABQ","99","99","3",0.587704767439328,NA
"3425","L22CompL3.qABQ.3","qABQ","99","99","3",0.17411665706625,NA
"3426","L22CompL32.qABQ.3","qABQ","99","99","3",-0.377814605105597,NA
"3427","L22CompR1.qABQ.3","qABQ","99","99","3",0.461814841150321,NA
"3428","L22CompR12.qABQ.3","qABQ","99","99","3",0.608225532853379,NA
"3429","L3CompR1.qABQ.3","qABQ","99","99","3",0.348352084523334,NA
"3430","L3CompR12.qABQ.3","qABQ","99","99","3",0.525629775078236,NA
"3431","L32CompR1.qABQ.3","qABQ","99","99","3",0.609392180301041,NA
"3432","L32CompR12.qABQ.3","qABQ","99","99","3",0.715655164566502,NA
"3433","DCompL1.qqm.3","qqm","99","99","3",0,NA
"3434","DCompL12.qqm.3","qqm","99","99","3",0,NA
"3435","DCompL2.qqm.3","qqm","99","99","3",0,NA
"3436","DCompL22.qqm.3","qqm","99","99","3",0,NA
"3437","DCompL3.qqm.3","qqm","99","99","3",0,NA
"3438","DCompL32.qqm.3","qqm","99","99","3",0,NA
"3439","DCompR1.qqm.3","qqm","99","99","3",0,NA
"3440","DCompR12.qqm.3","qqm","99","99","3",0,NA
"3441","L1CompL2.qqm.3","qqm","99","99","3",0.559534625575065,NA
"3442","L1CompL22.qqm.3","qqm","99","99","3",0.631391471588348,NA
"3443","L1CompL3.qqm.3","qqm","99","99","3",0.0739620263592067,NA
"3444","L1CompL32.qqm.3","qqm","99","99","3",0.0746269716500857,NA
"3445","L1CompR1.qqm.3","qqm","99","99","3",0.940507114704717,NA
"3446","L1CompR12.qqm.3","qqm","99","99","3",0.996945836450093,NA
"3447","L12CompL2.qqm.3","qqm","99","99","3",0.481148259255987,NA
"3448","L12CompL22.qqm.3","qqm","99","99","3",0.56579293691548,NA
"3449","L12CompL3.qqm.3","qqm","99","99","3",-0.090838105596579,NA
"3450","L12CompL32.qqm.3","qqm","99","99","3",-0.0900548249082331,NA
"3451","L12CompR1.qqm.3","qqm","99","99","3",0.929919605740537,NA
"3452","L12CompR12.qqm.3","qqm","99","99","3",0.996402309542594,NA
"3453","L2CompL3.qqm.3","qqm","99","99","3",-1.1024081060851,NA
"3454","L2CompL32.qqm.3","qqm","99","99","3",-1.10089846349005,NA
"3455","L2CompR1.qqm.3","qqm","99","99","3",0.864931754572181,NA
"3456","L2CompR12.qqm.3","qqm","99","99","3",0.993066053026541,NA
"3457","L22CompL3.qqm.3","qqm","99","99","3",-1.51225325043652,NA
"3458","L22CompL32.qqm.3","qqm","99","99","3",-1.51044931688744,NA
"3459","L22CompR1.qqm.3","qqm","99","99","3",0.838601441069092,NA
"3460","L22CompR12.qqm.3","qqm","99","99","3",0.991714343769886,NA
"3461","L3CompR1.qqm.3","qqm","99","99","3",0.935755458211522,NA
"3462","L3CompR12.qqm.3","qqm","99","99","3",0.996701902473935,NA
"3463","L32CompR1.qqm.3","qqm","99","99","3",0.935709294011553,NA
"3464","L32CompR12.qqm.3","qqm","99","99","3",0.996699532560017,NA
"3465","DCompL1.qQuant.4","qQuant","99","99","4",0.842601844960938,NA
"3466","DCompL12.qQuant.4","qQuant","99","99","4",0.708413700992113,NA
"3467","DCompL2.qQuant.4","qQuant","99","99","4",0.392753137076737,NA
"3468","DCompL22.qQuant.4","qQuant","99","99","4",0.33077872860975,NA
"3469","DCompL3.qQuant.4","qQuant","99","99","4",0.777189570362195,NA
"3470","DCompL32.qQuant.4","qQuant","99","99","4",0.779592226749106,NA
"3471","DCompR1.qQuant.4","qQuant","99","99","4",0.0633469587421825,NA
"3472","DCompR12.qQuant.4","qQuant","99","99","4",0.0129577224670986,NA
"3473","L1CompL2.qQuant.4","qQuant","99","99","4",-2.85803037381576,NA
"3474","L1CompL22.qQuant.4","qQuant","99","99","4",-3.25177328936395,NA
"3475","L1CompL3.qQuant.4","qQuant","99","99","4",-0.415584760714056,NA
"3476","L1CompL32.qQuant.4","qQuant","99","99","4",-0.400319928757709,NA
"3477","L1CompR1.qQuant.4","qQuant","99","99","4",-4.95085146344546,NA
"3478","L1CompR12.qQuant.4","qQuant","99","99","4",-5.27099013510002,NA
"3479","L12CompL2.qQuant.4","qQuant","99","99","4",-1.08256308677534,NA
"3480","L12CompL22.qQuant.4","qQuant","99","99","4",-1.29510533817005,NA
"3481","L12CompL3.qQuant.4","qQuant","99","99","4",0.235867973234992,NA
"3482","L12CompL32.qQuant.4","qQuant","99","99","4",0.244107922763091,NA
"3483","L12CompR1.qQuant.4","qQuant","99","99","4",-2.21226698389036,NA
"3484","L12CompR12.qQuant.4","qQuant","99","99","4",-2.38507769703611,NA
"3485","L2CompL3.qQuant.4","qQuant","99","99","4",0.633080970455403,NA
"3486","L2CompL32.qQuant.4","qQuant","99","99","4",0.637037609070783,NA
"3487","L2CompR1.qQuant.4","qQuant","99","99","4",-0.542458427448773,NA
"3488","L2CompR12.qQuant.4","qQuant","99","99","4",-0.625438248921233,NA
"3489","L22CompL3.qQuant.4","qQuant","99","99","4",0.667060150113079,NA
"3490","L22CompL32.qQuant.4","qQuant","99","99","4",0.670650377276538,NA
"3491","L22CompR1.qQuant.4","qQuant","99","99","4",-0.399616362032247,NA
"3492","L22CompR12.qQuant.4","qQuant","99","99","4",-0.47491169173748,NA
"3493","L3CompR1.qQuant.4","qQuant","99","99","4",-3.20381147678059,NA
"3494","L3CompR12.qQuant.4","qQuant","99","99","4",-3.42996442822454,NA
"3495","L32CompR1.qQuant.4","qQuant","99","99","4",-3.24963705881465,NA
"3496","L32CompR12.qQuant.4","qQuant","99","99","4",-3.47825529460494,NA
"3497","DCompL1.qSigma.4","qSigma","99","99","4",0.0814654857832269,NA
"3498","DCompL12.qSigma.4","qSigma","99","99","4",0.143304931323336,NA
"3499","DCompL2.qSigma.4","qSigma","99","99","4",0.139555523149962,NA
"3500","DCompL22.qSigma.4","qSigma","99","99","4",0.168902336975699,NA
"3501","DCompL3.qSigma.4","qSigma","99","99","4",0.0805317210965539,NA
"3502","DCompL32.qSigma.4","qSigma","99","99","4",0.168029890513578,NA
"3503","DCompR1.qSigma.4","qSigma","99","99","4",0.094667251534895,NA
"3504","DCompR12.qSigma.4","qSigma","99","99","4",0.0732255381987763,NA
"3505","L1CompL2.qSigma.4","qSigma","99","99","4",0.0632420845026905,NA
"3506","L1CompL22.qSigma.4","qSigma","99","99","4",0.0951916883243404,NA
"3507","L1CompL3.qSigma.4","qSigma","99","99","4",-0.0010165809473901,NA
"3508","L1CompL32.qSigma.4","qSigma","99","99","4",0.0942418639588782,NA
"3509","L1CompR1.qSigma.4","qSigma","99","99","4",0.0143726398380633,NA
"3510","L1CompR12.qSigma.4","qSigma","99","99","4",-0.00897075445387786,NA
"3511","L12CompL2.qSigma.4","qSigma","99","99","4",-0.00437659595632519,NA
"3512","L12CompL22.qSigma.4","qSigma","99","99","4",0.0298792494415823,NA
"3513","L12CompL3.qSigma.4","qSigma","99","99","4",-0.0732736915641964,NA
"3514","L12CompL32.qSigma.4","qSigma","99","99","4",0.0288608632105645,NA
"3515","L12CompR1.qSigma.4","qSigma","99","99","4",-0.0567736194204683,NA
"3516","L12CompR12.qSigma.4","qSigma","99","99","4",-0.0818020269835464,NA
"3517","L2CompL3.qSigma.4","qSigma","99","99","4",-0.0685968748029919,NA
"3518","L2CompL32.qSigma.4","qSigma","99","99","4",0.0330926261132583,NA
"3519","L2CompR1.qSigma.4","qSigma","99","99","4",-0.0521687021333396,NA
"3520","L2CompR12.qSigma.4","qSigma","99","99","4",-0.0770880477889869,NA
"3521","L22CompL3.qSigma.4","qSigma","99","99","4",-0.106330001648148,NA
"3522","L22CompL32.qSigma.4","qSigma","99","99","4",-0.00104975203389014,NA
"3523","L22CompR1.qSigma.4","qSigma","99","99","4",-0.0893217352707606,NA
"3524","L22CompR12.qSigma.4","qSigma","99","99","4",-0.115121005669493,NA
"3525","L3CompR1.qSigma.4","qSigma","99","99","4",0.0153735922844441,NA
"3526","L3CompR12.qSigma.4","qSigma","99","99","4",-0.00794609565703668,NA
"3527","L32CompR1.qSigma.4","qSigma","99","99","4",-0.0881794167148268,NA
"3528","L32CompR12.qSigma.4","qSigma","99","99","4",-0.113951632677435,NA
"3529","DCompL1.qConnect.4","qConnect","99","99","4",1,NA
"3530","DCompL12.qConnect.4","qConnect","99","99","4",0.571842855004782,NA
"3531","DCompL2.qConnect.4","qConnect","99","99","4",0.157243029156095,NA
"3532","DCompL22.qConnect.4","qConnect","99","99","4",0.0690982282528813,NA
"3533","DCompL3.qConnect.4","qConnect","99","99","4",0.63866956679432,NA
"3534","DCompL32.qConnect.4","qConnect","99","99","4",0.569744615883127,NA
"3535","DCompR1.qConnect.4","qConnect","99","99","4",-0.00440594639377767,NA
"3536","DCompR12.qConnect.4","qConnect","99","99","4",-0.0534889718815405,NA
"3537","L1CompL2.qConnect.4","qConnect","99","99","4",0,NA
"3538","L1CompL22.qConnect.4","qConnect","99","99","4",0,NA
"3539","L1CompL3.qConnect.4","qConnect","99","99","4",0,NA
"3540","L1CompL32.qConnect.4","qConnect","99","99","4",0,NA
"3541","L1CompR1.qConnect.4","qConnect","99","99","4",0,NA
"3542","L1CompR12.qConnect.4","qConnect","99","99","4",0,NA
"3543","L12CompL2.qConnect.4","qConnect","99","99","4",-0.968335646607786,NA
"3544","L12CompL22.qConnect.4","qConnect","99","99","4",-1.17420585555688,NA
"3545","L12CompL3.qConnect.4","qConnect","99","99","4",0.156079870605181,NA
"3546","L12CompL32.qConnect.4","qConnect","99","99","4",-0.00490062853366319,NA
"3547","L12CompR1.qConnect.4","qConnect","99","99","4",-1.34588154871267,NA
"3548","L12CompR12.qConnect.4","qConnect","99","99","4",-1.4605194242252,NA
"3549","L2CompL3.qConnect.4","qConnect","99","99","4",0.571251919940979,NA
"3550","L2CompL32.qConnect.4","qConnect","99","99","4",0.489466834446909,NA
"3551","L2CompR1.qConnect.4","qConnect","99","99","4",-0.191809716374108,NA
"3552","L2CompR12.qConnect.4","qConnect","99","99","4",-0.250050736247979,NA
"3553","L22CompL3.qConnect.4","qConnect","99","99","4",0.611849021913951,NA
"3554","L22CompL32.qConnect.4","qConnect","99","99","4",0.537807965163318,NA
"3555","L22CompR1.qConnect.4","qConnect","99","99","4",-0.0789601834237636,NA
"3556","L22CompR12.qConnect.4","qConnect","99","99","4",-0.131686504263871,NA
"3557","L3CompR1.qConnect.4","qConnect","99","99","4",-1.77974356458936,NA
"3558","L3CompR12.qConnect.4","qConnect","99","99","4",-1.9155832862876,NA
"3559","L32CompR1.qConnect.4","qConnect","99","99","4",-1.33444131897474,NA
"3560","L32CompR12.qConnect.4","qConnect","99","99","4",-1.44852013657864,NA
"3561","DCompL1.qTau1.4","qTau1","99","99","4",-2.17519733301417,NA
"3562","DCompL12.qTau1.4","qTau1","99","99","4",-1.16300712763858,NA
"3563","DCompL2.qTau1.4","qTau1","99","99","4",-0.450047518996786,NA
"3564","DCompL22.qTau1.4","qTau1","99","99","4",-0.405270884666562,NA
"3565","DCompL3.qTau1.4","qTau1","99","99","4",-0.584722042714244,NA
"3566","DCompL32.qTau1.4","qTau1","99","99","4",-0.658153679772952,NA
"3567","DCompR1.qTau1.4","qTau1","99","99","4",-0.346958845519741,NA
"3568","DCompR12.qTau1.4","qTau1","99","99","4",-0.263818718854999,NA
"3569","L1CompL2.qTau1.4","qTau1","99","99","4",0.543320503604645,NA
"3570","L1CompL22.qTau1.4","qTau1","99","99","4",0.557422504089673,NA
"3571","L1CompL3.qTau1.4","qTau1","99","99","4",0.500905966934065,NA
"3572","L1CompL32.qTau1.4","qTau1","99","99","4",0.477779329639683,NA
"3573","L1CompR1.qTau1.4","qTau1","99","99","4",0.575787359256475,NA
"3574","L1CompR12.qTau1.4","qTau1","99","99","4",0.601971598516281,NA
"3575","L12CompL2.qTau1.4","qTau1","99","99","4",0.329615006595079,NA
"3576","L12CompL22.qTau1.4","qTau1","99","99","4",0.35031611005335,NA
"3577","L12CompL3.qTau1.4","qTau1","99","99","4",0.267352371397716,NA
"3578","L12CompL32.qTau1.4","qTau1","99","99","4",0.233403506356815,NA
"3579","L12CompR1.qTau1.4","qTau1","99","99","4",0.377274892759944,NA
"3580","L12CompR12.qTau1.4","qTau1","99","99","4",0.41571218018373,NA
"3581","L2CompL3.qTau1.4","qTau1","99","99","4",-0.0928759381696897,NA
"3582","L2CompL32.qTau1.4","qTau1","99","99","4",-0.143516786898228,NA
"3583","L2CompR1.qTau1.4","qTau1","99","99","4",0.0710933070306323,NA
"3584","L2CompR12.qTau1.4","qTau1","99","99","4",0.128429446416093,NA
"3585","L22CompL3.qTau1.4","qTau1","99","99","4",-0.127698623806798,NA
"3586","L22CompL32.qTau1.4","qTau1","99","99","4",-0.179953059488877,NA
"3587","L22CompR1.qTau1.4","qTau1","99","99","4",0.0414952304093723,NA
"3588","L22CompR12.qTau1.4","qTau1","99","99","4",0.100658291120239,NA
"3589","L3CompR1.qTau1.4","qTau1","99","99","4",0.150034637485872,NA
"3590","L3CompR12.qTau1.4","qTau1","99","99","4",0.20249817646861,NA
"3591","L32CompR1.qTau1.4","qTau1","99","99","4",0.187675508036036,NA
"3592","L32CompR12.qTau1.4","qTau1","99","99","4",0.23781568966029,NA
"3593","DCompL1.qTau2.4","qTau2","99","99","4",-4.38911598062248,NA
"3594","DCompL12.qTau2.4","qTau2","99","99","4",-2.13537976766039,NA
"3595","DCompL2.qTau2.4","qTau2","99","99","4",-0.553750387384857,NA
"3596","DCompL22.qTau2.4","qTau2","99","99","4",-0.475278237390695,NA
"3597","DCompL3.qTau2.4","qTau2","99","99","4",-3.98914056296389,NA
"3598","DCompL32.qTau2.4","qTau2","99","99","4",-4.3649665119031,NA
"3599","DCompR1.qTau2.4","qTau2","99","99","4",-0.152031079043043,NA
"3600","DCompR12.qTau2.4","qTau2","99","99","4",0.00950182246083862,NA
"3601","L1CompL2.qTau2.4","qTau2","99","99","4",0.71168733555343,NA
"3602","L1CompL22.qTau2.4","qTau2","99","99","4",0.726248564199524,NA
"3603","L1CompL3.qTau2.4","qTau2","99","99","4",0.0742191148041304,NA
"3604","L1CompL32.qTau2.4","qTau2","99","99","4",0.00448115587161439,NA
"3605","L1CompR1.qTau2.4","qTau2","99","99","4",0.786230045301423,NA
"3606","L1CompR12.qTau2.4","qTau2","99","99","4",0.816203959777323,NA
"3607","L12CompL2.qTau2.4","qTau2","99","99","4",0.504445871785331,NA
"3608","L12CompL22.qTau2.4","qTau2","99","99","4",0.529473828782297,NA
"3609","L12CompL3.qTau2.4","qTau2","99","99","4",-0.591239636877151,NA
"3610","L12CompL32.qTau2.4","qTau2","99","99","4",-0.711105801995534,NA
"3611","L12CompR1.qTau2.4","qTau2","99","99","4",0.632570481277716,NA
"3612","L12CompR12.qTau2.4","qTau2","99","99","4",0.6840898867322,NA
"3613","L2CompL3.qTau2.4","qTau2","99","99","4",-2.21103093744755,NA
"3614","L2CompL32.qTau2.4","qTau2","99","99","4",-2.45291403011842,NA
"3615","L2CompR1.qTau2.4","qTau2","99","99","4",0.258548162950392,NA
"3616","L2CompR12.qTau2.4","qTau2","99","99","4",0.36251138819905,NA
"3617","L22CompL3.qTau2.4","qTau2","99","99","4",-2.38183024497678,NA
"3618","L22CompL32.qTau2.4","qTau2","99","99","4",-2.63657944374754,NA
"3619","L22CompR1.qTau2.4","qTau2","99","99","4",0.21910928403538,NA
"3620","L22CompR12.qTau2.4","qTau2","99","99","4",0.32860246126111,NA
"3621","L3CompR1.qTau2.4","qTau2","99","99","4",0.769092278619094,NA
"3622","L3CompR12.qTau2.4","qTau2","99","99","4",0.801469177899703,NA
"3623","L32CompR1.qTau2.4","qTau2","99","99","4",0.785267796828356,NA
"3624","L32CompR12.qTau2.4","qTau2","99","99","4",0.81537663369537,NA
"3625","DCompL1.qNPQ.4","qNPQ","99","99","4",0.885775846346382,NA
"3626","DCompL12.qNPQ.4","qNPQ","99","99","4",0.603362252477483,NA
"3627","DCompL2.qNPQ.4","qNPQ","99","99","4",0.20155299871219,NA
"3628","DCompL22.qNPQ.4","qNPQ","99","99","4",0.211656538361948,NA
"3629","DCompL3.qNPQ.4","qNPQ","99","99","4",0.698764467384134,NA
"3630","DCompL32.qNPQ.4","qNPQ","99","99","4",0.517275099090597,NA
"3631","DCompR1.qNPQ.4","qNPQ","99","99","4",-0.213305679677639,NA
"3632","DCompR12.qNPQ.4","qNPQ","99","99","4",-0.0806771008408087,NA
"3633","L1CompL2.qNPQ.4","qNPQ","99","99","4",-5.99017655853315,NA
"3634","L1CompL22.qNPQ.4","qNPQ","99","99","4",-5.90172294056723,NA
"3635","L1CompL3.qNPQ.4","qNPQ","99","99","4",-1.63723146970609,NA
"3636","L1CompL32.qNPQ.4","qNPQ","99","99","4",-3.22611930549518,NA
"3637","L1CompR1.qNPQ.4","qNPQ","99","99","4",-9.62214637507369,NA
"3638","L1CompR12.qNPQ.4","qNPQ","99","99","4",-8.46102086357265,NA
"3639","L12CompL2.qNPQ.4","qNPQ","99","99","4",-1.01303836126309,NA
"3640","L12CompL22.qNPQ.4","qNPQ","99","99","4",-0.987565395785477,NA
"3641","L12CompL3.qNPQ.4","qNPQ","99","99","4",0.24052732122082,NA
"3642","L12CompL32.qNPQ.4","qNPQ","99","99","4",-0.217042260663805,NA
"3643","L12CompR1.qNPQ.4","qNPQ","99","99","4",-2.05897683025935,NA
"3644","L12CompR12.qNPQ.4","qNPQ","99","99","4",-1.72459469022035,NA
"3645","L2CompL3.qNPQ.4","qNPQ","99","99","4",0.622723196242199,NA
"3646","L2CompL32.qNPQ.4","qNPQ","99","99","4",0.395420234366439,NA
"3647","L2CompR1.qNPQ.4","qNPQ","99","99","4",-0.519581985680585,NA
"3648","L2CompR12.qNPQ.4","qNPQ","99","99","4",-0.353473804895994,NA
"3649","L22CompL3.qNPQ.4","qNPQ","99","99","4",0.617887954585243,NA
"3650","L22CompL32.qNPQ.4","qNPQ","99","99","4",0.387671840511776,NA
"3651","L22CompR1.qNPQ.4","qNPQ","99","99","4",-0.539057198694316,NA
"3652","L22CompR12.qNPQ.4","qNPQ","99","99","4",-0.370820148105668,NA
"3653","L3CompR1.qNPQ.4","qNPQ","99","99","4",-3.02776415232808,NA
"3654","L3CompR12.qNPQ.4","qNPQ","99","99","4",-2.58748216538878,NA
"3655","L32CompR1.qNPQ.4","qNPQ","99","99","4",-1.51345161062108,NA
"3656","L32CompR12.qNPQ.4","qNPQ","99","99","4",-1.23870179227325,NA
"3657","DCompL1.qqP.4","qqP","99","99","4",0.781908116056776,NA
"3658","DCompL12.qqP.4","qqP","99","99","4",0.489686980119714,NA
"3659","DCompL2.qqP.4","qqP","99","99","4",0.180838682175473,NA
"3660","DCompL22.qqP.4","qqP","99","99","4",0.163844172076157,NA
"3661","DCompL3.qqP.4","qqP","99","99","4",0.585869212579081,NA
"3662","DCompL32.qqP.4","qqP","99","99","4",0.465263972540442,NA
"3663","DCompR1.qqP.4","qqP","99","99","4",-0.027530675403886,NA
"3664","DCompR12.qqP.4","qqP","99","99","4",-0.0142017236286318,NA
"3665","L1CompL2.qqP.4","qqP","99","99","4",-2.75603760678127,NA
"3666","L1CompL22.qqP.4","qqP","99","99","4",-2.83396123141161,NA
"3667","L1CompL3.qqP.4","qqP","99","99","4",-0.898882158901103,NA
"3668","L1CompL32.qqP.4","qqP","99","99","4",-1.45188412237644,NA
"3669","L1CompR1.qqP.4","qqP","99","99","4",-3.71145765181882,NA
"3670","L1CompR12.qqP.4","qqP","99","99","4",-3.65034143082857,NA
"3671","L12CompL2.qqP.4","qqP","99","99","4",-0.605213439423306,NA
"3672","L12CompL22.qqP.4","qqP","99","99","4",-0.638515568581801,NA
"3673","L12CompL3.qqP.4","qqP","99","99","4",0.188476932220797,NA
"3674","L12CompL32.qqP.4","qqP","99","99","4",-0.0478588760776692,NA
"3675","L12CompR1.qqP.4","qqP","99","99","4",-1.01353019690725,NA
"3676","L12CompR12.qqP.4","qqP","99","99","4",-0.987411028365596,NA
"3677","L2CompL3.qqP.4","qqP","99","99","4",0.494445381624295,NA
"3678","L2CompL32.qqP.4","qqP","99","99","4",0.347215236090892,NA
"3679","L2CompR1.qqP.4","qqP","99","99","4",-0.254369137122749,NA
"3680","L2CompR12.qqP.4","qqP","99","99","4",-0.238097675708222,NA
"3681","L22CompL3.qqP.4","qqP","99","99","4",0.504720563331841,NA
"3682","L22CompL32.qqP.4","qqP","99","99","4",0.360482807627741,NA
"3683","L22CompR1.qqP.4","qqP","99","99","4",-0.228874620123408,NA
"3684","L22CompR12.qqP.4","qqP","99","99","4",-0.212933869212959,NA
"3685","L3CompR1.qqP.4","qqP","99","99","4",-1.48117432128878,NA
"3686","L3CompR12.qqP.4","qqP","99","99","4",-1.44898895333229,NA
"3687","L32CompR1.qqP.4","qqP","99","99","4",-0.921566198345592,NA
"3688","L32CompR12.qqP.4","qqP","99","99","4",-0.896639971028203,NA
"3689","DCompL1.qABQ.4","qABQ","99","99","4",0,NA
"3690","DCompL12.qABQ.4","qABQ","99","99","4",0,NA
"3691","DCompL2.qABQ.4","qABQ","99","99","4",0,NA
"3692","DCompL22.qABQ.4","qABQ","99","99","4",0,NA
"3693","DCompL3.qABQ.4","qABQ","99","99","4",0,NA
"3694","DCompL32.qABQ.4","qABQ","99","99","4",0,NA
"3695","DCompR1.qABQ.4","qABQ","99","99","4",0,NA
"3696","DCompR12.qABQ.4","qABQ","99","99","4",0,NA
"3697","L1CompL2.qABQ.4","qABQ","99","99","4",-0.71306316789551,NA
"3698","L1CompL22.qABQ.4","qABQ","99","99","4",-1.07329932856638,NA
"3699","L1CompL3.qABQ.4","qABQ","99","99","4",0.0114620894688872,NA
"3700","L1CompL32.qABQ.4","qABQ","99","99","4",-1.06258992870542,NA
"3701","L1CompR1.qABQ.4","qABQ","99","99","4",-0.162053483444456,NA
"3702","L1CompR12.qABQ.4","qABQ","99","99","4",0.101146485597302,NA
"3703","L12CompL2.qABQ.4","qABQ","99","99","4",0.026163846133901,NA
"3704","L12CompL22.qABQ.4","qABQ","99","99","4",-0.178621945637092,NA
"3705","L12CompL3.qABQ.4","qABQ","99","99","4",0.438039428560542,NA
"3706","L12CompL32.qABQ.4","qABQ","99","99","4",-0.172533903487646,NA
"3707","L12CompR1.qABQ.4","qABQ","99","99","4",0.339399902985202,NA
"3708","L12CompR12.qABQ.4","qABQ","99","99","4",0.489022900171104,NA
"3709","L2CompL3.qABQ.4","qABQ","99","99","4",0.422941354961518,NA
"3710","L2CompL32.qABQ.4","qABQ","99","99","4",-0.204036119251399,NA
"3711","L2CompR1.qABQ.4","qABQ","99","99","4",0.321651702504331,NA
"3712","L2CompR12.qABQ.4","qABQ","99","99","4",0.475294588519503,NA
"3713","L22CompL3.qABQ.4","qABQ","99","99","4",0.523205406517613,NA
"3714","L22CompL32.qABQ.4","qABQ","99","99","4",0.00516539011680775,NA
"3715","L22CompR1.qABQ.4","qABQ","99","99","4",0.439514850830546,NA
"3716","L22CompR12.qABQ.4","qABQ","99","99","4",0.566462255585532,NA
"3717","L3CompR1.qABQ.4","qABQ","99","99","4",-0.175527484646611,NA
"3718","L3CompR12.qABQ.4","qABQ","99","99","4",0.0907242860116815,NA
"3719","L32CompR1.qABQ.4","qABQ","99","99","4",0.436604694286558,NA
"3720","L32CompR12.qABQ.4","qABQ","99","99","4",0.564211236614123,NA
"3721","DCompL1.qqm.4","qqm","99","99","4",0,NA
"3722","DCompL12.qqm.4","qqm","99","99","4",0,NA
"3723","DCompL2.qqm.4","qqm","99","99","4",0,NA
"3724","DCompL22.qqm.4","qqm","99","99","4",0,NA
"3725","DCompL3.qqm.4","qqm","99","99","4",0,NA
"3726","DCompL32.qqm.4","qqm","99","99","4",0,NA
"3727","DCompR1.qqm.4","qqm","99","99","4",0,NA
"3728","DCompR12.qqm.4","qqm","99","99","4",0,NA
"3729","L1CompL2.qqm.4","qqm","99","99","4",0.533880516135182,NA
"3730","L1CompL22.qqm.4","qqm","99","99","4",0.607431753694909,NA
"3731","L1CompL3.qqm.4","qqm","99","99","4",0.0776312976169372,NA
"3732","L1CompL32.qqm.4","qqm","99","99","4",0.0747798246451182,NA
"3733","L1CompR1.qqm.4","qqm","99","99","4",0.924819819561257,NA
"3734","L1CompR12.qqm.4","qqm","99","99","4",0.984621772970721,NA
"3735","L12CompL2.qqm.4","qqm","99","99","4",0.445587886673146,NA
"3736","L12CompL22.qqm.4","qqm","99","99","4",0.533071243333516,NA
"3737","L12CompL3.qqm.4","qqm","99","99","4",-0.0970843297832359,NA
"3738","L12CompL32.qqm.4","qqm","99","99","4",-0.100475930458867,NA
"3739","L12CompR1.qqm.4","qqm","99","99","4",0.910579145133041,NA
"3740","L12CompR12.qqm.4","qqm","99","99","4",0.981708820073706,NA
"3741","L2CompL3.qqm.4","qqm","99","99","4",-0.9788246025145,NA
"3742","L2CompL32.qqm.4","qqm","99","99","4",-0.984942074687463,NA
"3743","L2CompR1.qqm.4","qqm","99","99","4",0.838710495825259,NA
"3744","L2CompR12.qqm.4","qqm","99","99","4",0.967007972072373,NA
"3745","L22CompL3.qqm.4","qqm","99","99","4",-1.34957542048938,NA
"3746","L22CompL32.qqm.4","qqm","99","99","4",-1.35683905680907,NA
"3747","L22CompR1.qqm.4","qqm","99","99","4",0.808491437740191,NA
"3748","L22CompR12.qqm.4","qqm","99","99","4",0.960826615056054,NA
"3749","L3CompR1.qqm.4","qqm","99","99","4",0.91849226860744,NA
"3750","L3CompR12.qqm.4","qqm","99","99","4",0.98332746222899,NA
"3751","L32CompR1.qqm.4","qqm","99","99","4",0.918743470536722,NA
"3752","L32CompR12.qqm.4","qqm","99","99","4",0.983378845988328,NA
"3753","DCampL1.mQuant.1","mQuant","99","99","1",0.766041350741422,NA
"3754","DCampL2.mQuant.1","mQuant","99","99","1",0.344584041113288,NA
"3755","DCampL3.mQuant.1","mQuant","99","99","1",0.780692082974965,NA
"3756","DCampR1.mQuant.1","mQuant","99","99","1",0.0191099726558185,NA
"3757","L1CampL2.mQuant.1","mQuant","99","99","1",-1.80141794699083,NA
"3758","L1CampL3.mQuant.1","mQuant","99","99","1",0.0626210327336515,NA
"3759","L1CampR1.mQuant.1","mQuant","99","99","1",-3.19257860503406,NA
"3760","L2CampL3.mQuant.1","mQuant","99","99","1",0.665391246503135,NA
"3761","L2CampR1.mQuant.1","mQuant","99","99","1",-0.496591613378349,NA
"3762","L3CampR1.mQuant.1","mQuant","99","99","1",-3.47266127301828,NA
"3763","DCampL1.mSigma.1","mSigma","99","99","1",0.226716516242173,NA
"3764","DCampL2.mSigma.1","mSigma","99","99","1",0.230019408321126,NA
"3765","DCampL3.mSigma.1","mSigma","99","99","1",0.220390872344641,NA
"3766","DCampR1.mSigma.1","mSigma","99","99","1",0.105370158087139,NA
"3767","L1CampL2.mSigma.1","mSigma","99","99","1",0.0042712564645789,NA
"3768","L1CampL3.mSigma.1","mSigma","99","99","1",-0.0081802392400683,NA
"3769","L1CampR1.mSigma.1","mSigma","99","99","1",-0.156923509558671,NA
"3770","L2CampL3.mSigma.1","mSigma","99","99","1",-0.0125049073710949,NA
"3771","L2CampR1.mSigma.1","mSigma","99","99","1",-0.161886223602338,NA
"3772","L3CampR1.mSigma.1","mSigma","99","99","1",-0.147536387373274,NA
"3773","DCampL1.mConnect.1","mConnect","99","99","1",0.926177986429515,NA
"3774","DCampL2.mConnect.1","mConnect","99","99","1",0.281448876080038,NA
"3775","DCampL3.mConnect.1","mConnect","99","99","1",0.947400795572963,NA
"3776","DCampR1.mConnect.1","mConnect","99","99","1",0.0630409778999724,NA
"3777","L1CampL2.mConnect.1","mConnect","99","99","1",-8.73356170018164,NA
"3778","L1CampL3.mConnect.1","mConnect","99","99","1",0.28748618626048,NA
"3779","L1CampR1.mConnect.1","mConnect","99","99","1",-11.6921358112973,NA
"3780","L2CampL3.mConnect.1","mConnect","99","99","1",0.92679824347071,NA
"3781","L2CampR1.mConnect.1","mConnect","99","99","1",-0.303955962087388,NA
"3782","L3CampR1.mConnect.1","mConnect","99","99","1",-16.8131785890361,NA
"3783","DCampL1.mTau1.1","mTau1","99","99","1",-0.371642533014847,NA
"3784","DCampL2.mTau1.1","mTau1","99","99","1",-0.350010400694384,NA
"3785","DCampL3.mTau1.1","mTau1","99","99","1",0.0302735169840995,NA
"3786","DCampR1.mTau1.1","mTau1","99","99","1",-0.21136971157237,NA
"3787","L1CampL2.mTau1.1","mTau1","99","99","1",0.0157709693304101,NA
"3788","L1CampL3.mTau1.1","mTau1","99","99","1",0.293018071636742,NA
"3789","L1CampR1.mTau1.1","mTau1","99","99","1",0.116847369183136,NA
"3790","L2CampL3.mTau1.1","mTau1","99","99","1",0.281689620674687,NA
"3791","L2CampR1.mTau1.1","mTau1","99","99","1",0.102696015564549,NA
"3792","L3CampR1.mTau1.1","mTau1","99","99","1",-0.249186995290616,NA
"3793","DCampL1.mTau2.1","mTau2","99","99","1",-2.47363069938983,NA
"3794","DCampL2.mTau2.1","mTau2","99","99","1",-0.343082464104621,NA
"3795","DCampL3.mTau2.1","mTau2","99","99","1",-3.51611303534802,NA
"3796","DCampR1.mTau2.1","mTau2","99","99","1",0.0896384520751068,NA
"3797","L1CampL2.mTau2.1","mTau2","99","99","1",0.613349091962901,NA
"3798","L1CampL3.mTau2.1","mTau2","99","99","1",-0.300113174420443,NA
"3799","L1CampR1.mTau2.1","mTau2","99","99","1",0.737922183816258,NA
"3800","L2CampL3.mTau2.1","mTau2","99","99","1",-2.36249869687542,NA
"3801","L2CampR1.mTau2.1","mTau2","99","99","1",0.322184919946971,NA
"3802","L3CampR1.mTau2.1","mTau2","99","99","1",0.798419228925536,NA
"3803","DCampL1.mNPQ.1","mNPQ","99","99","1",0.792913681033127,NA
"3804","DCampL2.mNPQ.1","mNPQ","99","99","1",0.24471462138523,NA
"3805","DCampL3.mNPQ.1","mNPQ","99","99","1",0.655542980787053,NA
"3806","DCampR1.mNPQ.1","mNPQ","99","99","1",-0.124976386963185,NA
"3807","L1CampL2.mNPQ.1","mNPQ","99","99","1",-2.64720075368953,NA
"3808","L1CampL3.mNPQ.1","mNPQ","99","99","1",-0.66334995441224,NA
"3809","L1CampR1.mNPQ.1","mNPQ","99","99","1",-4.43240322477867,NA
"3810","L2CampL3.mNPQ.1","mNPQ","99","99","1",0.543937922054446,NA
"3811","L2CampR1.mNPQ.1","mNPQ","99","99","1",-0.489471951683279,NA
"3812","L3CampR1.mNPQ.1","mNPQ","99","99","1",-2.26594124728146,NA
"3813","DCampL1.mqP.1","mqP","99","99","1",0.669491390300787,NA
"3814","DCampL2.mqP.1","mqP","99","99","1",0.185276414032996,NA
"3815","DCampL3.mqP.1","mqP","99","99","1",0.56649566882954,NA
"3816","DCampR1.mqP.1","mqP","99","99","1",-0.0214448464392934,NA
"3817","L1CampL2.mqP.1","mqP","99","99","1",-1.46506009845995,NA
"3818","L1CampL3.mqP.1","mqP","99","99","1",-0.311627952944949,NA
"3819","L1CampR1.mqP.1","mqP","99","99","1",-2.09052416930646,NA
"3820","L2CampL3.mqP.1","mqP","99","99","1",0.467912383245995,NA
"3821","L2CampR1.mqP.1","mqP","99","99","1",-0.25373177361366,NA
"3822","L3CampR1.mqP.1","mqP","99","99","1",-1.35625061387829,NA
"3823","DCampL1.mABQ.1","mABQ","99","99","1",0,NA
"3824","DCampL2.mABQ.1","mABQ","99","99","1",0,NA
"3825","DCampL3.mABQ.1","mABQ","99","99","1",0,NA
"3826","DCampR1.mABQ.1","mABQ","99","99","1",0,NA
"3827","L1CampL2.mABQ.1","mABQ","99","99","1",-0.014568378756424,NA
"3828","L1CampL3.mABQ.1","mABQ","99","99","1",0.0279011163473209,NA
"3829","L1CampR1.mABQ.1","mABQ","99","99","1",0.535233869002356,NA
"3830","L2CampL3.mABQ.1","mABQ","99","99","1",0.0418596676113645,NA
"3831","L2CampR1.mABQ.1","mABQ","99","99","1",0.541907533558934,NA
"3832","L3CampR1.mABQ.1","mABQ","99","99","1",0.521894182975216,NA
"3833","DCampL1.mqm.1","mqm","99","99","1",0,NA
"3834","DCampL2.mqm.1","mqm","99","99","1",0,NA
"3835","DCampL3.mqm.1","mqm","99","99","1",0,NA
"3836","DCampR1.mqm.1","mqm","99","99","1",0,NA
"3837","L1CampL2.mqm.1","mqm","99","99","1",0.550175665086776,NA
"3838","L1CampL3.mqm.1","mqm","99","99","1",-0.0191252498567632,NA
"3839","L1CampR1.mqm.1","mqm","99","99","1",0.975053601692229,NA
"3840","L2CampL3.mqm.1","mqm","99","99","1",-1.26560719542522,NA
"3841","L2CampR1.mqm.1","mqm","99","99","1",0.944541910315759,NA
"3842","L3CampR1.mqm.1","mqm","99","99","1",0.975521754258098,NA
"3843","DCampL1.mQuant.2","mQuant","99","99","2",0.778392278117743,NA
"3844","DCampL2.mQuant.2","mQuant","99","99","2",0.331011084107846,NA
"3845","DCampL3.mQuant.2","mQuant","99","99","2",0.793775419855042,NA
"3846","DCampR1.mQuant.2","mQuant","99","99","2",0.00955505670016871,NA
"3847","L1CampL2.mQuant.2","mQuant","99","99","2",-2.0187978569068,NA
"3848","L1CampL3.mQuant.2","mQuant","99","99","2",0.0694160907690393,NA
"3849","L1CampR1.mQuant.2","mQuant","99","99","2",-3.46936115261394,NA
"3850","L2CampL3.mQuant.2","mQuant","99","99","2",0.691736925312223,NA
"3851","L2CampR1.mQuant.2","mQuant","99","99","2",-0.480510244297527,NA
"3852","L3CampR1.mQuant.2","mQuant","99","99","2",-3.80274922903775,NA
"3853","DCampL1.mSigma.2","mSigma","99","99","2",0.32851741960778,NA
"3854","DCampL2.mSigma.2","mSigma","99","99","2",0.269341896523381,NA
"3855","DCampL3.mSigma.2","mSigma","99","99","2",0.319378476265485,NA
"3856","DCampR1.mSigma.2","mSigma","99","99","2",0.10713049242696,NA
"3857","L1CampL2.mSigma.2","mSigma","99","99","2",-0.0881266689745466,NA
"3858","L1CampL3.mSigma.2","mSigma","99","99","2",-0.0136100974309079,NA
"3859","L1CampR1.mSigma.2","mSigma","99","99","2",-0.329698690100801,NA
"3860","L2CampL3.mSigma.2","mSigma","99","99","2",0.0684815230324823,NA
"3861","L2CampR1.mSigma.2","mSigma","99","99","2",-0.22200726074834,NA
"3862","L3CampR1.mSigma.2","mSigma","99","99","2",-0.311844360539669,NA
"3863","DCampL1.mConnect.2","mConnect","99","99","2",0.629596794439167,NA
"3864","DCampL2.mConnect.2","mConnect","99","99","2",0.186741640405728,NA
"3865","DCampL3.mConnect.2","mConnect","99","99","2",0.670959109448548,NA
"3866","DCampR1.mConnect.2","mConnect","99","99","2",0.134800631391116,NA
"3867","L1CampL2.mConnect.2","mConnect","99","99","2",-1.19560291969641,NA
"3868","L1CampL3.mConnect.2","mConnect","99","99","2",0.111668350566116,NA
"3869","L1CampR1.mConnect.2","mConnect","99","99","2",-1.3358312120946,NA
"3870","L2CampL3.mConnect.2","mConnect","99","99","2",0.595404232038134,NA
"3871","L2CampR1.mConnect.2","mConnect","99","99","2",-0.0638677837145448,NA
"3872","L3CampR1.mConnect.2","mConnect","99","99","2",-1.62945850638461,NA
"3873","DCampL1.mTau1.2","mTau1","99","99","2",-1.96391615353291,NA
"3874","DCampL2.mTau1.2","mTau1","99","99","2",-0.34342654371852,NA
"3875","DCampL3.mTau1.2","mTau1","99","99","2",-1.01688324758323,NA
"3876","DCampR1.mTau1.2","mTau1","99","99","2",-0.222116217136661,NA
"3877","L1CampL2.mTau1.2","mTau1","99","99","2",0.546739356267825,NA
"3878","L1CampL3.mTau1.2","mTau1","99","99","2",0.31952081533104,NA
"3879","L1CampR1.mTau1.2","mTau1","99","99","2",0.587668424533558,NA
"3880","L2CampL3.mTau1.2","mTau1","99","99","2",-0.501297750155083,NA
"3881","L2CampR1.mTau1.2","mTau1","99","99","2",0.0902991884067432,NA
"3882","L3CampR1.mTau1.2","mTau1","99","99","2",0.394057033989903,NA
"3883","DCampL1.mTau2.2","mTau2","99","99","2",-3.19124293751164,NA
"3884","DCampL2.mTau2.2","mTau2","99","99","2",-0.41241361628254,NA
"3885","DCampL3.mTau2.2","mTau2","99","99","2",-4.5154116466101,NA
"3886","DCampR1.mTau2.2","mTau2","99","99","2",0.0453806875053782,NA
"3887","L1CampL2.mTau2.2","mTau2","99","99","2",0.66300841126592,NA
"3888","L1CampL3.mTau2.2","mTau2","99","99","2",-0.31593699741123,NA
"3889","L1CampR1.mTau2.2","mTau2","99","99","2",0.772234793657324,NA
"3890","L2CampL3.mTau2.2","mTau2","99","99","2",-2.90495502381704,NA
"3891","L2CampR1.mTau2.2","mTau2","99","99","2",0.324121984176865,NA
"3892","L3CampR1.mTau2.2","mTau2","99","99","2",0.826917848809825,NA
"3893","DCampL1.mNPQ.2","mNPQ","99","99","2",0.825847409444577,NA
"3894","DCampL2.mNPQ.2","mNPQ","99","99","2",0.262403039253855,NA
"3895","DCampL3.mNPQ.2","mNPQ","99","99","2",0.676859309021614,NA
"3896","DCampR1.mNPQ.2","mNPQ","99","99","2",-0.146500078908927,NA
"3897","L1CampL2.mNPQ.2","mNPQ","99","99","2",-3.23534877312898,NA
"3898","L1CampL3.mNPQ.2","mNPQ","99","99","2",-0.855503210993285,NA
"3899","L1CampR1.mNPQ.2","mNPQ","99","99","2",-5.58330763414087,NA
"3900","L2CampL3.mNPQ.2","mNPQ","99","99","2",0.561900728750969,NA
"3901","L2CampR1.mNPQ.2","mNPQ","99","99","2",-0.554372021475169,NA
"3902","L3CampR1.mNPQ.2","mNPQ","99","99","2",-2.54799042930069,NA
"3903","DCampL1.mqP.2","mqP","99","99","2",0.712121814865497,NA
"3904","DCampL2.mqP.2","mqP","99","99","2",0.192685505407962,NA
"3905","DCampL3.mqP.2","mqP","99","99","2",0.597774820625912,NA
"3906","DCampR1.mqP.2","mqP","99","99","2",-0.0306048840927126,NA
"3907","L1CampL2.mqP.2","mqP","99","99","2",-1.80436148440648,NA
"3908","L1CampL3.mqP.2","mqP","99","99","2",-0.39720618005897,NA
"3909","L1CampR1.mqP.2","mqP","99","99","2",-2.58000340877233,NA
"3910","L2CampL3.mqP.2","mqP","99","99","2",0.501773866233697,NA
"3911","L2CampR1.mqP.2","mqP","99","99","2",-0.276584145331753,NA
"3912","L3CampR1.mqP.2","mqP","99","99","2",-1.56225849832788,NA
"3913","DCampL1.mABQ.2","mABQ","99","99","2",0,NA
"3914","DCampL2.mABQ.2","mABQ","99","99","2",0,NA
"3915","DCampL3.mABQ.2","mABQ","99","99","2",0,NA
"3916","DCampR1.mABQ.2","mABQ","99","99","2",0,NA
"3917","L1CampL2.mABQ.2","mABQ","99","99","2",0.180129026810969,NA
"3918","L1CampL3.mABQ.2","mABQ","99","99","2",0.0278187480992844,NA
"3919","L1CampR1.mABQ.2","mABQ","99","99","2",0.673897072018697,NA
"3920","L2CampL3.mABQ.2","mABQ","99","99","2",-0.185773473744591,NA
"3921","L2CampR1.mABQ.2","mABQ","99","99","2",0.602250916735265,NA
"3922","L3CampR1.mABQ.2","mABQ","99","99","2",0.664565710001362,NA
"3923","DCampL1.mqm.2","mqm","99","99","2",0,NA
"3924","DCampL2.mqm.2","mqm","99","99","2",0,NA
"3925","DCampL3.mqm.2","mqm","99","99","2",0,NA
"3926","DCampR1.mqm.2","mqm","99","99","2",0,NA
"3927","L1CampL2.mqm.2","mqm","99","99","2",0.574750298258001,NA
"3928","L1CampL3.mqm.2","mqm","99","99","2",-0.0197627111287607,NA
"3929","L1CampR1.mqm.2","mqm","99","99","2",0.987724625527793,NA
"3930","L2CampL3.mqm.2","mqm","99","99","2",-1.39803274864483,NA
"3931","L2CampR1.mqm.2","mqm","99","99","2",0.971133725851137,NA
"3932","L3CampR1.mqm.2","mqm","99","99","2",0.987962518791632,NA
"3933","DCampL1.mQuant.3","mQuant","99","99","3",0.779946954665759,NA
"3934","DCampL2.mQuant.3","mQuant","99","99","3",0.34112204998915,NA
"3935","DCampL3.mQuant.3","mQuant","99","99","3",0.801953720742081,NA
"3936","DCampR1.mQuant.3","mQuant","99","99","3",0.0226832183918485,NA
"3937","L1CampL2.mQuant.3","mQuant","99","99","3",-1.99417783112282,NA
"3938","L1CampL3.mQuant.3","mQuant","99","99","3",0.100006641775376,NA
"3939","L1CampR1.mQuant.3","mQuant","99","99","3",-3.44127814783791,NA
"3940","L2CampL3.mQuant.3","mQuant","99","99","3",0.699418869223567,NA
"3941","L2CampR1.mQuant.3","mQuant","99","99","3",-0.483304732829588,NA
"3942","L3CampR1.mQuant.3","mQuant","99","99","3",-3.93478991511562,NA
"3943","DCampL1.mSigma.3","mSigma","99","99","3",0.294531801645278,NA
"3944","DCampL2.mSigma.3","mSigma","99","99","3",0.244019095782658,NA
"3945","DCampL3.mSigma.3","mSigma","99","99","3",0.279385777425095,NA
"3946","DCampR1.mSigma.3","mSigma","99","99","3",0.104615246359373,NA
"3947","L1CampL2.mSigma.3","mSigma","99","99","3",-0.0716016767026843,NA
"3948","L1CampL3.mSigma.3","mSigma","99","99","3",-0.021469464187765,NA
"3949","L1CampR1.mSigma.3","mSigma","99","99","3",-0.269206401831897,NA
"3950","L2CampL3.mSigma.3","mSigma","99","99","3",0.046782506601871,NA
"3951","L2CampR1.mSigma.3","mSigma","99","99","3",-0.184401284008104,NA
"3952","L3CampR1.mSigma.3","mSigma","99","99","3",-0.242529949577223,NA
"3953","DCampL1.mConnect.3","mConnect","99","99","3",0.572473814416454,NA
"3954","DCampL2.mConnect.3","mConnect","99","99","3",0.185719131500464,NA
"3955","DCampL3.mConnect.3","mConnect","99","99","3",0.695337343926717,NA
"3956","DCampR1.mConnect.3","mConnect","99","99","3",0.108953240509018,NA
"3957","L1CampL2.mConnect.3","mConnect","99","99","3",-0.904633905378435,NA
"3958","L1CampL3.mConnect.3","mConnect","99","99","3",0.287382466041378,NA
"3959","L1CampR1.mConnect.3","mConnect","99","99","3",-1.08419224257518,NA
"3960","L2CampL3.mConnect.3","mConnect","99","99","3",0.625850651956639,NA
"3961","L2CampR1.mConnect.3","mConnect","99","99","3",-0.0942744622416368,NA
"3962","L3CampR1.mConnect.3","mConnect","99","99","3",-1.92469963656015,NA
"3963","DCampL1.mTau1.3","mTau1","99","99","3",-2.03742154120513,NA
"3964","DCampL2.mTau1.3","mTau1","99","99","3",-0.462366270409006,NA
"3965","DCampL3.mTau1.3","mTau1","99","99","3",-1.12684518210103,NA
"3966","DCampR1.mTau1.3","mTau1","99","99","3",-0.263405753998922,NA
"3967","L1CampL2.mTau1.3","mTau1","99","99","3",0.518550108843701,NA
"3968","L1CampL3.mTau1.3","mTau1","99","99","3",0.299785968707792,NA
"3969","L1CampR1.mTau1.3","mTau1","99","99","3",0.584053205371799,NA
"3970","L2CampL3.mTau1.3","mTau1","99","99","3",-0.454386103630644,NA
"3971","L2CampR1.mTau1.3","mTau1","99","99","3",0.136053819372104,NA
"3972","L3CampR1.mTau1.3","mTau1","99","99","3",0.405971922812524,NA
"3973","DCampL1.mTau2.3","mTau2","99","99","3",-3.3756037891919,NA
"3974","DCampL2.mTau2.3","mTau2","99","99","3",-0.566610869491997,NA
"3975","DCampL3.mTau2.3","mTau2","99","99","3",-4.97194354245652,NA
"3976","DCampR1.mTau2.3","mTau2","99","99","3",-0.0885179065795557,NA
"3977","L1CampL2.mTau2.3","mTau2","99","99","3",0.64196692731603,NA
"3978","L1CampL3.mTau2.3","mTau2","99","99","3",-0.364827308452313,NA
"3979","L1CampR1.mTau2.3","mTau2","99","99","3",0.751230239522993,NA
"3980","L2CampL3.mTau2.3","mTau2","99","99","3",-2.81201462261847,NA
"3981","L2CampR1.mTau2.3","mTau2","99","99","3",0.305176589938682,NA
"3982","L3CampR1.mTau2.3","mTau2","99","99","3",0.817728031278105,NA
"3983","DCampL1.mNPQ.3","mNPQ","99","99","3",0.7657550072299,NA
"3984","DCampL2.mNPQ.3","mNPQ","99","99","3",0.235850700971438,NA
"3985","DCampL3.mNPQ.3","mNPQ","99","99","3",0.622799411408787,NA
"3986","DCampR1.mNPQ.3","mNPQ","99","99","3",-0.144077186937721,NA
"3987","L1CampL2.mNPQ.3","mNPQ","99","99","3",-2.2621798655843,NA
"3988","L1CampL3.mNPQ.3","mNPQ","99","99","3",-0.610282397632365,NA
"3989","L1CampR1.mNPQ.3","mNPQ","99","99","3",-3.88410519861389,NA
"3990","L2CampL3.mNPQ.3","mNPQ","99","99","3",0.506378414439775,NA
"3991","L2CampR1.mNPQ.3","mNPQ","99","99","3",-0.497190651607152,NA
"3992","L3CampR1.mNPQ.3","mNPQ","99","99","3",-2.03307370545384,NA
"3993","DCampL1.mqP.3","mqP","99","99","3",0.650554157193093,NA
"3994","DCampL2.mqP.3","mqP","99","99","3",0.177543675699715,NA
"3995","DCampL3.mqP.3","mqP","99","99","3",0.54690699386991,NA
"3996","DCampR1.mqP.3","mqP","99","99","3",-0.0255660831071737,NA
"3997","L1CampL2.mqP.3","mqP","99","99","3",-1.35360168458135,NA
"3998","L1CampL3.mqP.3","mqP","99","99","3",-0.296604367906173,NA
"3999","L1CampR1.mqP.3","mqP","99","99","3",-1.93483555239737,NA
"4000","L2CampL3.mqP.3","mqP","99","99","3",0.449097790675311,NA
"4001","L2CampR1.mqP.3","mqP","99","99","3",-0.246955069595563,NA
"4002","L3CampR1.mqP.3","mqP","99","99","3",-1.26347807013538,NA
"4003","DCampL1.mABQ.3","mABQ","99","99","3",0,NA
"4004","DCampL2.mABQ.3","mABQ","99","99","3",0,NA
"4005","DCampL3.mABQ.3","mABQ","99","99","3",0,NA
"4006","DCampR1.mABQ.3","mABQ","99","99","3",0,NA
"4007","L1CampL2.mABQ.3","mABQ","99","99","3",0.171501703994109,NA
"4008","L1CampL3.mABQ.3","mABQ","99","99","3",0.0514240707983866,NA
"4009","L1CampR1.mABQ.3","mABQ","99","99","3",0.644808316877892,NA
"4010","L2CampL3.mABQ.3","mABQ","99","99","3",-0.144934073823211,NA
"4011","L2CampR1.mABQ.3","mABQ","99","99","3",0.571282542360736,NA
"4012","L3CampR1.mABQ.3","mABQ","99","99","3",0.625552713085328,NA
"4013","DCampL1.mqm.3","mqm","99","99","3",0,NA
"4014","DCampL2.mqm.3","mqm","99","99","3",0,NA
"4015","DCampL3.mqm.3","mqm","99","99","3",0,NA
"4016","DCampR1.mqm.3","mqm","99","99","3",0,NA
"4017","L1CampL2.mqm.3","mqm","99","99","3",0.56263429461644,NA
"4018","L1CampL3.mqm.3","mqm","99","99","3",-0.0282157215239759,NA
"4019","L1CampR1.mqm.3","mqm","99","99","3",0.97091697293495,NA
"4020","L2CampL3.mqm.3","mqm","99","99","3",-1.35092900258893,NA
"4021","L2CampR1.mqm.3","mqm","99","99","3",0.933504098041832,NA
"4022","L3CampR1.mqm.3","mqm","99","99","3",0.971715053119452,NA
"4023","DCampL1.mQuant.4","mQuant","99","99","4",0.754976035789209,NA
"4024","DCampL2.mQuant.4","mQuant","99","99","4",0.353807474073623,NA
"4025","DCampL3.mQuant.4","mQuant","99","99","4",0.782904259452856,NA
"4026","DCampR1.mQuant.4","mQuant","99","99","4",0.0371243627765695,NA
"4027","L1CampL2.mQuant.4","mQuant","99","99","4",-1.63726255514528,NA
"4028","L1CampL3.mQuant.4","mQuant","99","99","4",0.113981600753225,NA
"4029","L1CampR1.mQuant.4","mQuant","99","99","4",-2.92972026358647,NA
"4030","L2CampL3.mQuant.4","mQuant","99","99","4",0.664038607942862,NA
"4031","L2CampR1.mQuant.4","mQuant","99","99","4",-0.490075478423492,NA
"4032","L3CampR1.mQuant.4","mQuant","99","99","4",-3.43525807920831,NA
"4033","DCampL1.mSigma.4","mSigma","99","99","4",0.154360674640521,NA
"4034","DCampL2.mSigma.4","mSigma","99","99","4",0.164444849755187,NA
"4035","DCampL3.mSigma.4","mSigma","99","99","4",0.152559180594558,NA
"4036","DCampR1.mSigma.4","mSigma","99","99","4",0.0769171493076033,NA
"4037","L1CampL2.mSigma.4","mSigma","99","99","4",0.0119249126811593,NA
"4038","L1CampL3.mSigma.4","mSigma","99","99","4",-0.00213033381009907,NA
"4039","L1CampR1.mSigma.4","mSigma","99","99","4",-0.0915798532666353,NA
"4040","L2CampL3.mSigma.4","mSigma","99","99","4",-0.0142248769062659,NA
"4041","L2CampR1.mSigma.4","mSigma","99","99","4",-0.104753947626244,NA
"4042","L3CampR1.mSigma.4","mSigma","99","99","4",-0.0892593672087035,NA
"4043","DCampL1.mConnect.4","mConnect","99","99","4",0.56706766797242,NA
"4044","DCampL2.mConnect.4","mConnect","99","99","4",0.0738049821052178,NA
"4045","DCampL3.mConnect.4","mConnect","99","99","4",0.598868308250731,NA
"4046","DCampR1.mConnect.4","mConnect","99","99","4",-0.0740958173811706,NA
"4047","L1CampL2.mConnect.4","mConnect","99","99","4",-1.13935284887842,NA
"4048","L1CampL3.mConnect.4","mConnect","99","99","4",0.0734540664342996,NA
"4049","L1CampR1.mConnect.4","mConnect","99","99","4",-1.48097852232655,NA
"4050","L2CampL3.mConnect.4","mConnect","99","99","4",0.56690363908345,NA
"4051","L2CampR1.mConnect.4","mConnect","99","99","4",-0.15968645547518,NA
"4052","L3CampR1.mConnect.4","mConnect","99","99","4",-1.67766381832663,NA
"4053","DCampL1.mTau1.4","mTau1","99","99","4",-1.51262780368149,NA
"4054","DCampL2.mTau1.4","mTau1","99","99","4",-0.413122833255244,NA
"4055","DCampL3.mTau1.4","mTau1","99","99","4",-0.829265984584073,NA
"4056","DCampR1.mTau1.4","mTau1","99","99","4",-0.277282603772749,NA
"4057","L1CampL2.mTau1.4","mTau1","99","99","4",0.437591659542754,NA
"4058","L1CampL3.mTau1.4","mTau1","99","99","4",0.271970969236335,NA
"4059","L1CampR1.mTau1.4","mTau1","99","99","4",0.49165467249018,NA
"4060","L2CampL3.mTau1.4","mTau1","99","99","4",-0.294484769147923,NA
"4061","L2CampR1.mTau1.4","mTau1","99","99","4",0.0961276870529197,NA
"4062","L3CampR1.mTau1.4","mTau1","99","99","4",0.301751295581452,NA
"4063","DCampL1.mTau2.4","mTau2","99","99","4",-2.76962906280985,NA
"4064","DCampL2.mTau2.4","mTau2","99","99","4",-0.508824883480649,NA
"4065","DCampL3.mTau2.4","mTau2","99","99","4",-4.29070345296641,NA
"4066","DCampR1.mTau2.4","mTau2","99","99","4",-0.0771502555658018,NA
"4067","L1CampL2.mTau2.4","mTau2","99","99","4",0.599741815881485,NA
"4068","L1CampL3.mTau2.4","mTau2","99","99","4",-0.403507709860124,NA
"4069","L1CampR1.mTau2.4","mTau2","99","99","4",0.714255636929193,NA
"4070","L2CampL3.mTau2.4","mTau2","99","99","4",-2.50650596427168,NA
"4071","L2CampR1.mTau2.4","mTau2","99","99","4",0.286099886501762,NA
"4072","L3CampR1.mTau2.4","mTau2","99","99","4",0.796406987248196,NA
"4073","DCampL1.mNPQ.4","mNPQ","99","99","4",0.742038778055635,NA
"4074","DCampL2.mNPQ.4","mNPQ","99","99","4",0.213356524563843,NA
"4075","DCampL3.mNPQ.4","mNPQ","99","99","4",0.60858466866381,NA
"4076","DCampR1.mNPQ.4","mNPQ","99","99","4",-0.144920586603698,NA
"4077","L1CampL2.mNPQ.4","mNPQ","99","99","4",-2.04946406094251,NA
"4078","L1CampL3.mNPQ.4","mNPQ","99","99","4",-0.517341747670151,NA
"4079","L1CampR1.mNPQ.4","mNPQ","99","99","4",-3.43834378661233,NA
"4080","L2CampL3.mNPQ.4","mNPQ","99","99","4",0.502423469387871,NA
"4081","L2CampR1.mNPQ.4","mNPQ","99","99","4",-0.455450432572257,NA
"4082","L3CampR1.mNPQ.4","mNPQ","99","99","4",-1.92507854175061,NA
"4083","DCampL1.mqP.4","mqP","99","99","4",0.61621437013553,NA
"4084","DCampL2.mqP.4","mqP","99","99","4",0.172056031932903,NA
"4085","DCampL3.mqP.4","mqP","99","99","4",0.525703250030391,NA
"4086","DCampR1.mqP.4","mqP","99","99","4",-0.0207974897874091,NA
"4087","L1CampL2.mqP.4","mqP","99","99","4",-1.15730841292697,NA
"4088","L1CampL3.mqP.4","mqP","99","99","4",-0.235837699647854,NA
"4089","L1CampR1.mqP.4","mqP","99","99","4",-1.65981165096748,NA
"4090","L2CampL3.mqP.4","mqP","99","99","4",0.427139071890464,NA
"4091","L2CampR1.mqP.4","mqP","99","99","4",-0.232930644051365,NA
"4092","L3CampR1.mqP.4","mqP","99","99","4",-1.1522337858162,NA
"4093","DCampL1.mABQ.4","mABQ","99","99","4",0,NA
"4094","DCampL2.mABQ.4","mABQ","99","99","4",0,NA
"4095","DCampL3.mABQ.4","mABQ","99","99","4",0,NA
"4096","DCampR1.mABQ.4","mABQ","99","99","4",0,NA
"4097","L1CampL2.mABQ.4","mABQ","99","99","4",-0.0653286540639331,NA
"4098","L1CampL3.mABQ.4","mABQ","99","99","4",0.011670680049553,NA
"4099","L1CampR1.mABQ.4","mABQ","99","99","4",0.501705019839219,NA
"4100","L2CampL3.mABQ.4","mABQ","99","99","4",0.0722775397242485,NA
"4101","L2CampR1.mABQ.4","mABQ","99","99","4",0.532261731382213,NA
"4102","L3CampR1.mABQ.4","mABQ","99","99","4",0.495820906956636,NA
"4103","DCampL1.mqm.4","mqm","99","99","4",0,NA
"4104","DCampL2.mqm.4","mqm","99","99","4",0,NA
"4105","DCampL3.mqm.4","mqm","99","99","4",0,NA
"4106","DCampR1.mqm.4","mqm","99","99","4",0,NA
"4107","L1CampL2.mqm.4","mqm","99","99","4",0.531365954279896,NA
"4108","L1CampL3.mqm.4","mqm","99","99","4",-0.0369921988774816,NA
"4109","L1CampR1.mqm.4","mqm","99","99","4",0.950827097792898,NA
"4110","L2CampL3.mqm.4","mqm","99","99","4",-1.21279740204115,NA
"4111","L2CampR1.mqm.4","mqm","99","99","4",0.895071852640277,NA
"4112","L3CampR1.mqm.4","mqm","99","99","4",0.952581222635686,NA
