"","uni","metric","metrix","stage","col","cclong2025.nah27.004","pval"
"1","Quant.1.0","Quant","1","1","1",0.381313282226226,8.95127709433635e-57
"2","Sigma.1.0","Sigma","2","1","1",4.43414641640881,6.84386876254578e-48
"3","Connect.1.0","Connect","3","1","1",0.219323300948013,8.2536512032764e-12
"4","Tau1.1.0","Tau1","4","1","1",626.042571322238,4.16010209102947e-27
"5","Tau2.1.0","Tau2","5","1","1",1213312.26405507,8.46619336916694e-22
"6","NPQ.1.0","NPQ","6","1","1",0.681023651488694,1.07457864561484e-85
"7","qP.1.0","qP","7","1","1",0.890929249922662,1.79025541886727e-56
"8","ABQ.1.0","ABQ","8","1","1",0,6.84386876254578e-48
"9","qm.1.0","qm","9","1","1",0,8.95127709433635e-57
"10","nTau1.1.0","nTau1","10","1","1",1,4.16010209102947e-27
"11","nTau2.1.0","nTau2","11","1","1",1,8.46619336916694e-22
"12","nCon.1.0","nCon","12","1","1",1,8.2536512032764e-12
"13","Fm.1.0","Fm","13","1","1",2246.84063993858,1.07457864561484e-85
"14","Fo.1.0","Fo","14","1","1",1390.09046088433,1.79025541886727e-56
"15","Quant.3.0","Quant","1","3","1",0.0818953364065411,3.37269877496562e-69
"16","Sigma.3.0","Sigma","2","3","1",3.61180188555626,2.50472569625038e-18
"17","Connect.3.0","Connect","3","3","1",0,1
"18","Tau1.3.0","Tau1","4","3","1",1145.77554752043,3.10093740481438e-09
"19","Tau2.3.0","Tau2","5","3","1",5066608.91571303,6.33190236334843e-11
"20","NPQ.3.0","NPQ","6","3","1",0.0704830304345915,2.72145781547613e-83
"21","qP.3.0","qP","7","3","1",0.200677317968939,6.7453975499312e-69
"22","ABQ.3.0","ABQ","8","3","1",0.185457234296416,2.50472569625038e-18
"23","qm.3.0","qm","9","3","1",0.785228209391473,3.37269877496562e-69
"24","nTau1.3.0","nTau1","10","3","1",1.83018791373961,3.10093740481438e-09
"25","nTau2.3.0","nTau2","11","3","1",4.17584909162599,6.33190236334843e-11
"26","nCon.3.0","nCon","12","3","1",0,1
"27","Fm.3.0","Fm","13","3","1",3528.30652096313,2.72145781547613e-83
"28","Fo.3.0","Fo","14","3","1",3239.35467148346,6.7453975499312e-69
"29","Quant.4.0","Quant","1","4","1",0.0657543113159477,3.94624991979606e-71
"30","Sigma.4.0","Sigma","2","4","1",3.86969572360638,8.0276391695304e-12
"31","Connect.4.0","Connect","3","4","1",0,1
"32","Tau1.4.0","Tau1","4","4","1",1106.08360966877,2.49086161664538e-06
"33","Tau2.4.0","Tau2","5","4","1",3790377.82989426,7.12263164494236e-15
"34","NPQ.4.0","NPQ","6","4","1",0.0337637388352968,1.09488221326176e-83
"35","qP.4.0","qP","7","4","1",0.135717335464478,7.89249983959102e-71
"36","ABQ.4.0","ABQ","8","4","1",0.127296358711486,8.0276391695304e-12
"37","qm.4.0","qm","9","4","1",0.827558298174001,3.94624991979606e-71
"38","nTau1.4.0","nTau1","10","4","1",1.76678657384698,2.49086161664538e-06
"39","nTau2.4.0","nTau2","11","4","1",3.12399201935556,7.12263164494236e-15
"40","nCon.4.0","nCon","12","4","1",0,1
"41","Fm.4.0","Fm","13","4","1",3653.63198086068,1.09488221326176e-83
"42","Fo.4.0","Fo","14","4","1",3413.38992615726,7.89249983959102e-71
"43","Quant.5.0","Quant","1","5","1",0.0767074516305135,1.62932109767816e-70
"44","Sigma.5.0","Sigma","2","5","1",3.77396332209523,8.16452650046543e-15
"45","Connect.5.0","Connect","3","5","1",0,1
"46","Tau1.5.0","Tau1","4","5","1",1164.4353207045,3.88430257260128e-08
"47","Tau2.5.0","Tau2","5","5","1",3231360.08963229,1.35523307903958e-16
"48","NPQ.5.0","NPQ","6","5","1",0.0931042586943917,1.15625232185365e-83
"49","qP.5.0","qP","7","5","1",0.219008419225352,3.25864219535621e-70
"50","ABQ.5.0","ABQ","8","5","1",0.148886173868893,8.16452650046543e-15
"51","qm.5.0","qm","9","5","1",0.798833517724136,1.62932109767816e-70
"52","nTau1.5.0","nTau1","10","5","1",1.85999383116255,3.88430257260128e-08
"53","nTau2.5.0","nTau2","11","5","1",2.66325511194671,1.35523307903958e-16
"54","nCon.5.0","nCon","12","5","1",0,1
"55","Fm.5.0","Fm","13","5","1",3455.29003918986,1.15625232185365e-83
"56","Fo.5.0","Fo","14","5","1",3190.24354563931,3.25864219535621e-70
"57","Quant.6.0","Quant","1","6","1",0.0896190502576232,9.77105008832413e-68
"58","Sigma.6.0","Sigma","2","6","1",4.00890746749172,5.92876903807251e-17
"59","Connect.6.0","Connect","3","6","1",0,1
"60","Tau1.6.0","Tau1","4","6","1",1735.38548893413,6.92050616447081e-08
"61","Tau2.6.0","Tau2","5","6","1",2874302.73065586,2.93721895902332e-14
"62","NPQ.6.0","NPQ","6","6","1",0.170813055201947,9.81411938032966e-84
"63","qP.6.0","qP","7","6","1",0.313589654221603,1.95421001766483e-67
"64","ABQ.6.0","ABQ","8","6","1",0.0959009714572049,5.92876903807251e-17
"65","qm.6.0","qm","9","6","1",0.764972649957538,9.77105008832413e-68
"66","nTau1.6.0","nTau1","10","6","1",2.77199278200666,6.92050616447081e-08
"67","nTau2.6.0","nTau2","11","6","1",2.36897195866918,2.93721895902332e-14
"68","nCon.6.0","nCon","12","6","1",0,1
"69","Fm.6.0","Fm","13","6","1",3225.95673159049,9.81411938032966e-84
"70","Fo.6.0","Fo","14","6","1",2936.84955313316,1.95421001766483e-67
"71","Quant.7.0","Quant","1","7","1",0.100579737851393,7.2099613178274e-68
"72","Sigma.7.0","Sigma","2","7","1",3.86802044389443,1.96367359579446e-19
"73","Connect.7.0","Connect","3","7","1",0,1
"74","Tau1.7.0","Tau1","4","7","1",1221.16534748792,5.99228878738135e-09
"75","Tau2.7.0","Tau2","5","7","1",2408091.42391897,6.46639651379033e-17
"76","NPQ.7.0","NPQ","6","7","1",0.245827228546118,1.26281323359118e-83
"77","qP.7.0","qP","7","7","1",0.391997736633219,1.44199226356548e-67
"78","ABQ.7.0","ABQ","8","7","1",0.127674172061481,1.96367359579446e-19
"79","qm.7.0","qm","9","7","1",0.73622807665084,7.2099613178274e-68
"80","nTau1.7.0","nTau1","10","7","1",1.95061071471345,5.99228878738135e-09
"81","nTau2.7.0","nTau2","11","7","1",1.98472519833499,6.46639651379033e-17
"82","nCon.7.0","nCon","12","7","1",0,1
"83","Fm.7.0","Fm","13","7","1",3031.71432628784,1.26281323359118e-83
"84","Fo.7.0","Fo","14","7","1",2726.7852941095,1.44199226356548e-67
"85","Quant.8.0","Quant","1","8","1",0.10620592339939,3.51923112792163e-67
"86","Sigma.8.0","Sigma","2","8","1",3.92702067908887,5.25044625191608e-21
"87","Connect.8.0","Connect","3","8","1",0,1
"88","Tau1.8.0","Tau1","4","8","1",863.521277915093,2.48718749304389e-10
"89","Tau2.8.0","Tau2","5","8","1",2380733.62078597,3.47399004914769e-17
"90","NPQ.8.0","NPQ","6","8","1",0.311161823940246,2.07080605946323e-84
"91","qP.8.0","qP","7","8","1",0.448763317850489,7.03846225584327e-67
"92","ABQ.8.0","ABQ","8","8","1",0.114368288661666,5.25044625191608e-21
"93","qm.8.0","qm","9","8","1",0.721473317741971,3.51923112792163e-67
"94","nTau1.8.0","nTau1","10","8","1",1.37933315955061,2.48718749304389e-10
"95","nTau2.8.0","nTau2","11","8","1",1.96217716684839,3.47399004914769e-17
"96","nCon.8.0","nCon","12","8","1",0,1
"97","Fm.8.0","Fm","13","8","1",2880.64538480254,2.07080605946323e-84
"98","Fo.8.0","Fo","14","8","1",2574.70378172339,7.03846225584327e-67
"99","Quant.9.0","Quant","1","9","1",0.106102573299775,1.47198673617277e-67
"100","Sigma.9.0","Sigma","2","9","1",3.73488863487963,1.71786178864857e-21
"101","Connect.9.0","Connect","3","9","1",0,1
"102","Tau1.9.0","Tau1","4","9","1",854.990244541253,2.13013661333798e-10
"103","Tau2.9.0","Tau2","5","9","1",2205971.64616729,1.230641906802e-18
"104","NPQ.9.0","NPQ","6","9","1",0.369164738764868,3.04173804689465e-84
"105","qP.9.0","qP","7","9","1",0.489369614693708,2.94397347234554e-67
"106","ABQ.9.0","ABQ","8","9","1",0.157698396909387,1.71786178864857e-21
"107","qm.9.0","qm","9","9","1",0.721744354982038,1.47198673617277e-67
"108","nTau1.9.0","nTau1","10","9","1",1.36570623741364,2.13013661333798e-10
"109","nTau2.9.0","nTau2","11","9","1",1.81814007120855,1.230641906802e-18
"110","nCon.9.0","nCon","12","9","1",0,1
"111","Fm.9.0","Fm","13","9","1",2758.61052357366,3.04173804689465e-84
"112","Fo.9.0","Fo","14","9","1",2465.91484829066,2.94397347234554e-67
"113","Quant.10.0","Quant","1","10","1",0.203676597492814,5.01882012896524e-65
"114","Sigma.10.0","Sigma","2","10","1",3.75328982191965,3.26593972058646e-37
"115","Connect.10.0","Connect","3","10","1",0.132948108490397,0.00332745633834763
"116","Tau1.10.0","Tau1","4","10","1",747.989067328197,1.81023344876581e-18
"117","Tau2.10.0","Tau2","5","10","1",1135244.04924936,3.07696357546837e-23
"118","NPQ.10.0","NPQ","6","10","1",0.700559972315735,6.15622745141879e-87
"119","qP.10.0","qP","7","10","1",0.749626404086061,1.00376402579305e-64
"120","ABQ.10.0","ABQ","8","10","1",0.153548514313738,3.26593972058646e-37
"121","qm.10.0","qm","9","10","1",0.465854962345695,5.01882012896524e-65
"122","nTau1.10.0","nTau1","10","10","1",1.19478946255748,1.81023344876581e-18
"123","nTau2.10.0","nTau2","11","10","1",0.935656947416988,3.07696357546837e-23
"124","nCon.10.0","nCon","12","10","1",0.606174117915134,0.00332745633834763
"125","Fm.10.0","Fm","13","10","1",2221.02855432933,6.15622745141879e-87
"126","Fo.10.0","Fo","14","10","1",1768.65701544915,1.00376402579305e-64
"127","Quant.11.0","Quant","1","11","1",0.212279041845841,1.44246457313299e-64
"128","Sigma.11.0","Sigma","2","11","1",3.65073408057018,2.68161520774995e-37
"129","Connect.11.0","Connect","3","11","1",0.124873872410708,0.00586063703696642
"130","Tau1.11.0","Tau1","4","11","1",754.383524010837,1.17564451960653e-16
"131","Tau2.11.0","Tau2","5","11","1",1102303.59674288,1.60072666939051e-20
"132","NPQ.11.0","NPQ","6","11","1",0.729979854570806,4.4271831830841e-86
"133","qP.11.0","qP","7","11","1",0.767863389069365,2.88492914626597e-64
"134","ABQ.11.0","ABQ","8","11","1",0.176677146460381,2.68161520774995e-37
"135","qm.11.0","qm","9","11","1",0.443294918533943,1.44246457313299e-64
"136","nTau1.11.0","nTau1","10","11","1",1.20500355497795,1.17564451960653e-16
"137","nTau2.11.0","nTau2","11","11","1",0.908507751383657,1.60072666939051e-20
"138","nCon.11.0","nCon","12","11","1",0.569359807512234,0.00586063703696642
"139","Fm.11.0","Fm","13","11","1",2183.25794192545,4.4271831830841e-86
"140","Fo.11.0","Fo","14","11","1",1719.79803791119,2.88492914626597e-64
"141","Quant.12.0","Quant","1","12","1",0.215792765011682,2.3770172860937e-64
"142","Sigma.12.0","Sigma","2","12","1",3.61000988300654,6.04225323164482e-38
"143","Connect.12.0","Connect","3","12","1",0.134953487042539,0.0019809756928924
"144","Tau1.12.0","Tau1","4","12","1",817.525179836693,2.67035645336679e-15
"145","Tau2.12.0","Tau2","5","12","1",1100601.72458749,3.59698715361752e-18
"146","NPQ.12.0","NPQ","6","12","1",0.754961695588233,4.36459094764251e-86
"147","qP.12.0","qP","7","12","1",0.779823850291258,4.75403457218739e-64
"148","ABQ.12.0","ABQ","8","12","1",0.185861371278247,6.04225323164482e-38
"149","qm.12.0","qm","9","12","1",0.434080125004257,2.3770172860937e-64
"150","nTau1.12.0","nTau1","10","12","1",1.30586196096862,2.67035645336679e-15
"151","nTau2.12.0","nTau2","11","12","1",0.907105085140337,3.59698715361752e-18
"152","nCon.12.0","nCon","12","12","1",0.615317599448897,0.0019809756928924
"153","Fm.12.0","Fm","13","12","1",2152.1793132908,4.36459094764251e-86
"154","Fo.12.0","Fo","14","12","1",1687.75458847484,4.75403457218739e-64
"155","Quant.13.0","Quant","1","13","1",0.219151949512414,8.33736348104048e-66
"156","Sigma.13.0","Sigma","2","13","1",3.55906271937069,9.51078334284882e-40
"157","Connect.13.0","Connect","3","13","1",0.154924203828713,0.000118473343250606
"158","Tau1.13.0","Tau1","4","13","1",846.668197226336,2.62705805189092e-16
"159","Tau2.13.0","Tau2","5","13","1",1136028.03860229,9.5344699631607e-18
"160","NPQ.13.0","NPQ","6","13","1",0.777645038566089,2.77726693809728e-87
"161","qP.13.0","qP","7","13","1",0.790526499504332,1.6674726962081e-65
"162","ABQ.13.0","ABQ","8","13","1",0.19735110545737,9.51078334284882e-40
"163","qm.13.0","qm","9","13","1",0.42527061152201,8.33736348104048e-66
"164","nTau1.13.0","nTau1","10","13","1",1.35241313611968,2.62705805189092e-16
"165","nTau2.13.0","nTau2","11","13","1",0.936303103708458,9.5344699631607e-18
"166","nCon.13.0","nCon","12","13","1",0.706373664626888,0.000118473343250606
"167","Fm.13.0","Fm","13","13","1",2124.71678817803,2.77726693809728e-87
"168","Fo.13.0","Fo","14","13","1",1659.08096188706,1.6674726962081e-65
"169","Quant.14.0","Quant","1","14","1",0.224174955457129,2.3118766928486e-64
"170","Sigma.14.0","Sigma","2","14","1",3.54671001158887,1.43270371148069e-38
"171","Connect.14.0","Connect","3","14","1",0.134653467004411,0.00151857744922751
"172","Tau1.14.0","Tau1","4","14","1",889.843254831895,1.45466382112092e-17
"173","Tau2.14.0","Tau2","5","14","1",1151575.54612521,5.13268388895835e-18
"174","NPQ.14.0","NPQ","6","14","1",0.804545114085378,7.32938475227144e-86
"175","qP.14.0","qP","7","14","1",0.803681977307025,4.62375338569719e-64
"176","ABQ.14.0","ABQ","8","14","1",0.200136919596505,1.43270371148069e-38
"177","qm.14.0","qm","9","14","1",0.412097700483114,2.3118766928486e-64
"178","nTau1.14.0","nTau1","10","14","1",1.4213781867142,1.45466382112092e-17
"179","nTau2.14.0","nTau2","11","14","1",0.949117206049232,5.13268388895835e-18
"180","nCon.14.0","nCon","12","14","1",0.613949664364792,0.00151857744922751
"181","Fm.14.0","Fm","13","14","1",2093.0439629253,7.32938475227144e-86
"182","Fo.14.0","Fo","14","14","1",1623.83592576671,4.62375338569719e-64
"183","Quant.15.0","Quant","1","15","1",0.224197955570972,1.17903507680934e-63
"184","Sigma.15.0","Sigma","2","15","1",3.49121717073957,9.09123346922655e-38
"185","Connect.15.0","Connect","3","15","1",0.107052736111116,0.0152889291461662
"186","Tau1.15.0","Tau1","4","15","1",806.369765025327,6.53049394313759e-17
"187","Tau2.15.0","Tau2","5","15","1",1143670.33795493,1.85382120644895e-17
"188","NPQ.15.0","NPQ","6","15","1",0.831605771727749,4.89036837293943e-85
"189","qP.15.0","qP","7","15","1",0.812654506619939,2.35807015361868e-63
"190","ABQ.15.0","ABQ","8","15","1",0.212651806485207,9.09123346922655e-38
"191","qm.15.0","qm","9","15","1",0.412037382327637,1.17903507680934e-63
"192","nTau1.15.0","nTau1","10","15","1",1.28804302129523,6.53049394313759e-17
"193","nTau2.15.0","nTau2","11","15","1",0.942601811451752,1.85382120644895e-17
"194","nCon.15.0","nCon","12","15","1",0.488104709569783,0.0152889291461662
"195","Fm.15.0","Fm","13","15","1",2062.12074408344,4.89036837293943e-85
"196","Fo.15.0","Fo","14","15","1",1599.79748911944,2.35807015361868e-63
"197","Quant.16.0","Quant","1","16","1",0.0820003646461667,3.2881903355419e-70
"198","Sigma.16.0","Sigma","2","16","1",3.63615731210333,2.08756155316683e-18
"199","Connect.16.0","Connect","3","16","1",0,1
"200","Tau1.16.0","Tau1","4","16","1",504.250718251116,4.00818925193895e-09
"201","Tau2.16.0","Tau2","5","16","1",3649607.93281911,4.00070634144951e-12
"202","NPQ.16.0","NPQ","6","16","1",0.492789598462402,1.890182392394e-85
"203","qP.16.0","qP","7","16","1",0.542831868555523,6.5763806710838e-70
"204","ABQ.16.0","ABQ","8","16","1",0.179964536433094,2.08756155316683e-18
"205","qm.16.0","qm","9","16","1",0.784952771203188,3.2881903355419e-70
"206","nTau1.16.0","nTau1","10","16","1",0.805457554086313,4.00818925193895e-09
"207","nTau2.16.0","nTau2","11","16","1",3.00797085873144,4.00070634144951e-12
"208","nCon.16.0","nCon","12","16","1",0,1
"209","Fm.16.0","Fm","13","16","1",2530.15713718337,1.890182392394e-85
"210","Fo.16.0","Fo","14","16","1",2322.68332932223,6.5763806710838e-70
"211","Quant.17.0","Quant","1","17","1",0.080786333444908,2.23634628747951e-68
"212","Sigma.17.0","Sigma","2","17","1",4.06946714647104,4.41818744045112e-14
"213","Connect.17.0","Connect","3","17","1",0,1
"214","Tau1.17.0","Tau1","4","17","1",1098.7459823221,1.98241162124849e-08
"215","Tau2.17.0","Tau2","5","17","1",3851942.68731768,3.87793206205096e-11
"216","NPQ.17.0","NPQ","6","17","1",0.565398971874677,5.64570023805623e-83
"217","qP.17.0","qP","7","17","1",0.581951502836766,4.47269257495901e-68
"218","ABQ.17.0","ABQ","8","17","1",0.08224339832087,4.41818744045112e-14
"219","qm.17.0","qm","9","17","1",0.788136586868277,2.23634628747951e-68
"220","nTau1.17.0","nTau1","10","17","1",1.75506592147796,1.98241162124849e-08
"221","nTau2.17.0","nTau2","11","17","1",3.17473316757215,3.87793206205096e-11
"222","nCon.17.0","nCon","12","17","1",0,1
"223","Fm.17.0","Fm","13","17","1",2412.79847803881,5.64570023805623e-83
"224","Fo.17.0","Fo","14","17","1",2217.8773356566,4.47269257495901e-68
"225","Quant.18.0","Quant","1","18","1",0.080836311856679,1.2780063489867e-69
"226","Sigma.18.0","Sigma","2","18","1",3.78669832242323,1.26454024414897e-16
"227","Connect.18.0","Connect","3","18","1",0,1
"228","Tau1.18.0","Tau1","4","18","1",569.216895674981,1.6349566114087e-08
"229","Tau2.18.0","Tau2","5","18","1",3746008.09239311,1.02534139308007e-11
"230","NPQ.18.0","NPQ","6","18","1",0.631662543388542,1.66558927093083e-84
"231","qP.18.0","qP","7","18","1",0.615614141507366,2.5560126979734e-69
"232","ABQ.18.0","ABQ","8","18","1",0.146014144140494,1.26454024414897e-16
"233","qm.18.0","qm","9","18","1",0.788005517707824,1.2780063489867e-69
"234","nTau1.18.0","nTau1","10","18","1",0.909230333126966,1.6349566114087e-08
"235","nTau2.18.0","nTau2","11","18","1",3.08742291936735,1.02534139308007e-11
"236","nCon.18.0","nCon","12","18","1",0,1
"237","Fm.18.0","Fm","13","18","1",2314.81213573666,1.66558927093083e-84
"238","Fo.18.0","Fo","14","18","1",2127.69126004263,2.5560126979734e-69
"239","Quant.19.0","Quant","1","19","1",0.0767141866758345,1.86215014918229e-70
"240","Sigma.19.0","Sigma","2","19","1",3.68050163192399,2.47974442888996e-16
"241","Connect.19.0","Connect","3","19","1",0,1
"242","Tau1.19.0","Tau1","4","19","1",890.245815736492,1.58923729877879e-09
"243","Tau2.19.0","Tau2","5","19","1",4075964.21925346,2.13700239916891e-12
"244","NPQ.19.0","NPQ","6","19","1",0.705078430347825,9.26875957891956e-85
"245","qP.19.0","qP","7","19","1",0.646400918588722,3.72430029836456e-70
"246","ABQ.19.0","ABQ","8","19","1",0.169963892418146,2.47974442888996e-16
"247","qm.19.0","qm","9","19","1",0.798815854963265,1.86215014918229e-70
"248","nTau1.19.0","nTau1","10","19","1",1.42202121152279,1.58923729877879e-09
"249","nTau2.19.0","nTau2","11","19","1",3.35936950445963,2.13700239916891e-12
"250","nCon.19.0","nCon","12","19","1",0,1
"251","Fm.19.0","Fm","13","19","1",2215.14282841069,9.26875957891956e-85
"252","Fo.19.0","Fo","14","19","1",2045.20994795836,3.72430029836456e-70
"253","Quant.20.0","Quant","1","20","1",0.0828059142001738,3.45628924017703e-68
"254","Sigma.20.0","Sigma","2","20","1",4.19181580583399,7.75108361119669e-15
"255","Connect.20.0","Connect","3","20","1",0,1
"256","Tau1.20.0","Tau1","4","20","1",955.040176446819,1.19948058737844e-07
"257","Tau2.20.0","Tau2","5","20","1",3768796.05907943,8.7082217676723e-10
"258","NPQ.20.0","NPQ","6","20","1",0.771657275330452,1.11849025630087e-83
"259","qP.20.0","qP","7","20","1",0.679936580200889,6.91257848035407e-68
"260","ABQ.20.0","ABQ","8","20","1",0.0546510168626946,7.75108361119669e-15
"261","qm.20.0","qm","9","20","1",0.782840204996986,3.45628924017703e-68
"262","nTau1.20.0","nTau1","10","20","1",1.52551954163392,1.19948058737844e-07
"263","nTau2.20.0","nTau2","11","20","1",3.10620453673118,8.7082217676723e-10
"264","nCon.20.0","nCon","12","20","1",0,1
"265","Fm.20.0","Fm","13","20","1",2131.8978052108,1.11849025630087e-83
"266","Fo.20.0","Fo","14","20","1",1955.36405846898,6.91257848035407e-68
"267","Quant.21.0","Quant","1","21","1",0.0831836326117826,1.11016942512333e-69
"268","Sigma.21.0","Sigma","2","21","1",3.44982937747753,6.0218145906664e-17
"269","Connect.21.0","Connect","3","21","1",0,1
"270","Tau1.21.0","Tau1","4","21","1",578.098402347607,1.65362457510561e-08
"271","Tau2.21.0","Tau2","5","21","1",3865797.96102583,8.10663786712762e-11
"272","NPQ.21.0","NPQ","6","21","1",0.837641817745662,5.89348076372684e-83
"273","qP.21.0","qP","7","21","1",0.706433375857415,2.2203388502466e-69
"274","ABQ.21.0","ABQ","8","21","1",0.221985687096112,6.0218145906664e-17
"275","qm.21.0","qm","9","21","1",0.781849632600966,1.11016942512333e-69
"276","nTau1.21.0","nTau1","10","21","1",0.923417078692636,1.65362457510561e-08
"277","nTau2.21.0","nTau2","11","21","1",3.18615254749488,8.10663786712762e-11
"278","nCon.21.0","nCon","12","21","1",0,1
"279","Fm.21.0","Fm","13","21","1",2055.34735898435,5.89348076372684e-83
"280","Fo.21.0","Fo","14","21","1",1884.376099385,2.2203388502466e-69
"281","Quant.22.0","Quant","1","22","1",0.0818047182027331,4.35573529072555e-69
"282","Sigma.22.0","Sigma","2","22","1",3.84909578598971,2.84758091247914e-15
"283","Connect.22.0","Connect","3","22","1",0,1
"284","Tau1.22.0","Tau1","4","22","1",524.892901521811,1.69253235393836e-09
"285","Tau2.22.0","Tau2","5","22","1",3961546.17992015,2.48178727677328e-12
"286","NPQ.22.0","NPQ","6","22","1",0.909327216761924,3.40972746815071e-83
"287","qP.22.0","qP","7","22","1",0.731822683950045,8.71147058145106e-69
"288","ABQ.22.0","ABQ","8","22","1",0.131942109140575,2.84758091247914e-15
"289","qm.22.0","qm","9","22","1",0.785465857037207,4.35573529072555e-69
"290","nTau1.22.0","nTau1","10","22","1",0.83843004544117,1.69253235393836e-09
"291","nTau2.22.0","nTau2","11","22","1",3.2650672850533,2.48178727677328e-12
"292","nCon.22.0","nCon","12","22","1",0,1
"293","Fm.22.0","Fm","13","22","1",1978.17965600901,3.40972746815071e-83
"294","Fo.22.0","Fo","14","22","1",1816.35522669481,8.71147058145106e-69
"295","Quant.23.0","Quant","1","23","1",0.300638621322482,2.57026132890185e-59
"296","Sigma.23.0","Sigma","2","23","1",3.7486101345164,2.9060305574549e-42
"297","Connect.23.0","Connect","3","23","1",0.13576463391034,0.000106027347935988
"298","Tau1.23.0","Tau1","4","23","1",1049.56138873533,3.2115708825255e-14
"299","Tau2.23.0","Tau2","5","23","1",762133.225247574,1.26977214139087e-14
"300","NPQ.23.0","NPQ","6","23","1",1.40599043980605,1.5773353218013e-84
"301","qP.23.0","qP","7","23","1",1,5.1405226578037e-59
"302","ABQ.23.0","ABQ","8","23","1",0.154603889342837,2.9060305574549e-42
"303","qm.23.0","qm","9","23","1",0.211570550159542,2.57026132890185e-59
"304","nTau1.23.0","nTau1","10","23","1",1.67650162594948,3.2115708825255e-14
"305","nTau2.23.0","nTau2","11","23","1",0.628142686615903,1.26977214139087e-14
"306","nCon.23.0","nCon","12","23","1",0.61901600661446,0.000106027347935988
"307","Fm.23.0","Fm","13","23","1",1569.82845583011,1.5773353218013e-84
"308","Fo.23.0","Fo","14","23","1",1097.87739315655,5.1405226578037e-59
"309","Quant.24.0","Quant","1","24","1",0.318838194871703,1.90978650345344e-61
"310","Sigma.24.0","Sigma","2","24","1",3.91948974768698,2.75974488849996e-46
"311","Connect.24.0","Connect","3","24","1",0.161462729850048,8.85063627703971e-08
"312","Tau1.24.0","Tau1","4","24","1",806.609520554397,2.83948870151063e-16
"313","Tau2.24.0","Tau2","5","24","1",837987.685012814,3.25238576734924e-14
"314","NPQ.24.0","NPQ","6","24","1",1.32557514531158,1.27321377735661e-87
"315","qP.24.0","qP","7","24","1",0.996862765581909,3.81957300690689e-61
"316","ABQ.24.0","ABQ","8","24","1",0.116066683503574,2.75974488849996e-46
"317","qm.24.0","qm","9","24","1",0.163841886098941,1.90978650345344e-61
"318","nTau1.24.0","nTau1","10","24","1",1.28842599130406,2.83948870151063e-16
"319","nTau2.24.0","nTau2","11","24","1",0.690661184130898,3.25238576734924e-14
"320","nCon.24.0","nCon","12","24","1",0.736185937162784,8.85063627703971e-08
"321","Fm.24.0","Fm","13","24","1",1624.11103527541,1.27321377735661e-87
"322","Fo.24.0","Fo","14","24","1",1106.28240451698,3.81957300690689e-61
"323","Quant.25.0","Quant","1","25","1",0.335847629324358,3.20967039509631e-59
"324","Sigma.25.0","Sigma","2","25","1",4.15217252826266,5.02038554947589e-46
"325","Connect.25.0","Connect","3","25","1",0.169101701917734,7.87906646717111e-08
"326","Tau1.25.0","Tau1","4","25","1",889.444856435535,2.04415977027469e-15
"327","Tau2.25.0","Tau2","5","25","1",754069.976576816,1.46750143252919e-13
"328","NPQ.25.0","NPQ","6","25","1",1.19690389654331,2.23263945276505e-86
"329","qP.25.0","qP","7","25","1",0.983593066452925,6.41934079019261e-59
"330","ABQ.25.0","ABQ","8","25","1",0.0635914698492327,5.02038554947589e-46
"331","qm.25.0","qm","9","25","1",0.119234380288106,3.20967039509631e-59
"332","nTau1.25.0","nTau1","10","25","1",1.42074181082762,2.04415977027469e-15
"333","nTau2.25.0","nTau2","11","25","1",0.621497036596831,1.46750143252919e-13
"334","nCon.25.0","nCon","12","25","1",0.771015670413498,7.87906646717111e-08
"335","Fm.25.0","Fm","13","25","1",1719.23417442411,2.23263945276505e-86
"336","Fo.25.0","Fo","14","25","1",1141.83345269035,6.41934079019261e-59
"337","Quant.26.0","Quant","1","26","1",0.349969284759051,6.86597157692495e-58
"338","Sigma.26.0","Sigma","2","26","1",4.08121588919501,1.6243079837212e-45
"339","Connect.26.0","Connect","3","26","1",0.139565281335289,6.71120987899371e-06
"340","Tau1.26.0","Tau1","4","26","1",872.625530134422,3.21852228524812e-15
"341","Tau2.26.0","Tau2","5","26","1",682852.020207583,7.32338618566469e-14
"342","NPQ.26.0","NPQ","6","26","1",1.09331654492087,2.28258234138066e-85
"343","qP.26.0","qP","7","26","1",0.972013288735804,1.37319431538499e-57
"344","ABQ.26.0","ABQ","8","26","1",0.0795937919207536,1.6243079837212e-45
"345","qm.26.0","qm","9","26","1",0.0822001197655072,6.86597157692495e-58
"346","nTau1.26.0","nTau1","10","26","1",1.39387570447707,3.21852228524812e-15
"347","nTau2.26.0","nTau2","11","26","1",0.562799899446654,7.32338618566469e-14
"348","nCon.26.0","nCon","12","26","1",0.636344978996879,6.71120987899371e-06
"349","Fm.26.0","Fm","13","26","1",1804.3101345695,2.28258234138066e-85
"350","Fo.26.0","Fo","14","26","1",1172.85700729071,1.37319431538499e-57
"351","Quant.27.0","Quant","1","27","1",0.359281972620142,1.93238548739692e-57
"352","Sigma.27.0","Sigma","2","27","1",4.08537939738279,5.47051678626525e-46
"353","Connect.27.0","Connect","3","27","1",0.169571747152339,6.76822352108968e-08
"354","Tau1.27.0","Tau1","4","27","1",907.211758654048,4.35909599551899e-15
"355","Tau2.27.0","Tau2","5","27","1",642009.016578989,5.4312842777404e-14
"356","NPQ.27.0","NPQ","6","27","1",1.02429694140844,3.88048712809481e-85
"357","qP.27.0","qP","7","27","1",0.963572676396746,3.86477097479385e-57
"358","ABQ.27.0","ABQ","8","27","1",0.078654826943779,5.47051678626525e-46
"359","qm.27.0","qm","9","27","1",0.0577774513320333,1.93238548739692e-57
"360","nTau1.27.0","nTau1","10","27","1",1.44912151379413,4.35909599551899e-15
"361","nTau2.27.0","nTau2","11","27","1",0.529137498728729,5.4312842777404e-14
"362","nCon.27.0","nCon","12","27","1",0.773158831822129,6.76822352108968e-08
"363","Fm.27.0","Fm","13","27","1",1865.82915757154,3.88048712809481e-85
"364","Fo.27.0","Fo","14","27","1",1195.47037726706,3.86477097479385e-57
"365","Quant.1.1","Quant","1","1","2",0.363773767118148,8.68244500415502e-62
"366","Sigma.1.1","Sigma","2","1","2",4.55038573012864,7.30918224551541e-52
"367","Connect.1.1","Connect","3","1","2",0.253431358008424,1.58947698172185e-16
"368","Tau1.1.1","Tau1","4","1","2",678.165475732883,6.45270891299852e-29
"369","Tau2.1.1","Tau2","5","1","2",1084333.3892077,1.42326463995914e-27
"370","NPQ.1.1","NPQ","6","1","2",0.747647254489307,1.64640361996515e-89
"371","qP.1.1","qP","7","1","2",0.883120695930066,1.736489000831e-61
"372","ABQ.1.1","ABQ","8","1","2",0,7.30918224551541e-52
"373","qm.1.1","qm","9","1","2",0,8.68244500415502e-62
"374","nTau1.1.1","nTau1","10","1","2",1,6.45270891299852e-29
"375","nTau2.1.1","nTau2","11","1","2",1,1.42326463995914e-27
"376","nCon.1.1","nCon","12","1","2",1,1.58947698172185e-16
"377","Fm.1.1","Fm","13","1","2",2223.98881080351,1.64640361996515e-89
"378","Fo.1.1","Fo","14","1","2",1414.9600230689,1.736489000831e-61
"379","Quant.3.1","Quant","1","3","2",0.0623264582550924,4.74270436147571e-74
"380","Sigma.3.1","Sigma","2","3","2",3.52470276887267,7.92826746239449e-19
"381","Connect.3.1","Connect","3","3","2",0.0109417554827068,0.935330900930527
"382","Tau1.3.1","Tau1","4","3","2",1562.07779157229,2.210931226566e-09
"383","Tau2.3.1","Tau2","5","3","2",4928503.00463353,2.38109568226504e-15
"384","NPQ.3.1","NPQ","6","3","2",0.0861178038444934,5.14847897003571e-88
"385","qP.3.1","qP","7","3","2",0.189793667147081,9.48540872295137e-74
"386","ABQ.3.1","ABQ","8","3","2",0.2254057176878,7.92826746239449e-19
"387","qm.3.1","qm","9","3","2",0.828666979620744,4.74270436147571e-74
"388","nTau1.3.1","nTau1","10","3","2",2.30338736999871,2.210931226566e-09
"389","nTau2.3.1","nTau2","11","3","2",4.54519159299769,2.38109568226504e-15
"390","nCon.3.1","nCon","12","3","2",0.0431744341690467,0.935330900930527
"391","Fm.3.1","Fm","13","3","2",3578.5694014571,5.14847897003571e-88
"392","Fo.3.1","Fo","14","3","2",3355.52984504423,9.48540872295137e-74
"393","Quant.4.1","Quant","1","4","2",0.0565023365350072,2.61117007054422e-77
"394","Sigma.4.1","Sigma","2","4","2",3.30221835437109,3.1766224819742e-17
"395","Connect.4.1","Connect","3","4","2",0,1
"396","Tau1.4.1","Tau1","4","4","2",2385.14279636862,2.86085896778881e-11
"397","Tau2.4.1","Tau2","5","4","2",4523765.61548537,4.82644635895389e-20
"398","NPQ.4.1","NPQ","6","4","2",0.0784352484020597,1.63805601597433e-89
"399","qP.4.1","qP","7","4","2",0.173753712857849,5.2223401410868e-77
"400","ABQ.4.1","ABQ","8","4","2",0.274299246214071,3.1766224819742e-17
"401","qm.4.1","qm","9","4","2",0.84467726471146,2.61117007054422e-77
"402","nTau1.4.1","nTau1","10","4","2",3.51705134177028,2.86085896778881e-11
"403","nTau2.4.1","nTau2","11","4","2",4.17193241535317,4.82644635895389e-20
"404","nCon.4.1","nCon","12","4","2",0,1
"405","Fm.4.1","Fm","13","4","2",3604.06240891585,1.63805601597433e-89
"406","Fo.4.1","Fo","14","4","2",3400.42446179411,5.2223401410868e-77
"407","Quant.5.1","Quant","1","5","2",0.0685019728428446,1.000177117275e-74
"408","Sigma.5.1","Sigma","2","5","2",3.6352014333072,1.71791639467499e-20
"409","Connect.5.1","Connect","3","5","2",0,1
"410","Tau1.5.1","Tau1","4","5","2",2257.97375396108,1.11656257902755e-09
"411","Tau2.5.1","Tau2","5","5","2",3027964.00637222,1.3753435777311e-19
"412","NPQ.5.1","NPQ","6","5","2",0.142196833946939,1.1496013393137e-90
"413","qP.5.1","qP","7","5","2",0.25616297532647,2.00035423455e-74
"414","ABQ.5.1","ABQ","8","5","2",0.201122355575682,1.71791639467499e-20
"415","qm.5.1","qm","9","5","2",0.811690729143214,1.000177117275e-74
"416","nTau1.5.1","nTau1","10","5","2",3.32953214924561,1.11656257902755e-09
"417","nTau2.5.1","nTau2","11","5","2",2.79246589333996,1.3753435777311e-19
"418","nCon.5.1","nCon","12","5","2",0,1
"419","Fm.5.1","Fm","13","5","2",3402.87052432527,1.1496013393137e-90
"420","Fo.5.1","Fo","14","5","2",3169.76718008023,2.00035423455e-74
"421","Quant.6.1","Quant","1","6","2",0.0771824151185028,3.31357625989691e-74
"422","Sigma.6.1","Sigma","2","6","2",3.61801560546289,4.9578004084336e-24
"423","Connect.6.1","Connect","3","6","2",0.0713348663588687,0.474784453042576
"424","Tau1.6.1","Tau1","4","6","2",2099.56327099915,3.58662466724118e-12
"425","Tau2.6.1","Tau2","5","6","2",2706817.10783527,8.79667920669959e-22
"426","NPQ.6.1","NPQ","6","6","2",0.222928463781909,4.26975312362769e-91
"427","qP.6.1","qP","7","6","2",0.340781429324146,6.62715251979381e-74
"428","ABQ.6.1","ABQ","8","6","2",0.204899140416254,4.9578004084336e-24
"429","qm.6.1","qm","9","6","2",0.787828529445789,3.31357625989691e-74
"430","nTau1.6.1","nTau1","10","6","2",3.09594537930464,3.58662466724118e-12
"431","nTau2.6.1","nTau2","11","6","2",2.49629600524714,8.79667920669959e-22
"432","nCon.6.1","nCon","12","6","2",0.281476084567631,0.474784453042576
"433","Fm.6.1","Fm","13","6","2",3178.23000635369,4.26975312362769e-91
"434","Fo.6.1","Fo","14","6","2",2932.92653866122,6.62715251979381e-74
"435","Quant.7.1","Quant","1","7","2",0.0921466919789418,1.29043982763072e-73
"436","Sigma.7.1","Sigma","2","7","2",3.58673026497556,8.10304633188949e-27
"437","Connect.7.1","Connect","3","7","2",0.0347647101477197,0.684219364192075
"438","Tau1.7.1","Tau1","4","7","2",1358.22717442065,3.63468258120884e-10
"439","Tau2.7.1","Tau2","5","7","2",2159381.17664997,9.51457838487768e-22
"440","NPQ.7.1","NPQ","6","7","2",0.299310447579525,4.82118962109747e-91
"441","qP.7.1","qP","7","7","2",0.41837576794031,2.58087965526145e-73
"442","ABQ.7.1","ABQ","8","7","2",0.211774456563672,8.10304633188949e-27
"443","qm.7.1","qm","9","7","2",0.746692311793297,1.29043982763072e-73
"444","nTau1.7.1","nTau1","10","7","2",2.00279610658864,3.63468258120884e-10
"445","nTau2.7.1","nTau2","11","7","2",1.99143658043011,9.51457838487768e-22
"446","nCon.7.1","nCon","12","7","2",0.137176040174808,0.684219364192075
"447","Fm.7.1","Fm","13","7","2",2991.39281644066,4.82118962109747e-91
"448","Fo.7.1","Fo","14","7","2",2715.74586399608,2.58087965526145e-73
"449","Quant.8.1","Quant","1","8","2",0.097882186748561,2.63514828731592e-72
"450","Sigma.8.1","Sigma","2","8","2",3.49565269697341,4.53364988118152e-26
"451","Connect.8.1","Connect","3","8","2",0.0209383623209922,0.816388992328773
"452","Tau1.8.1","Tau1","4","8","2",1410.99899423369,7.53368271884634e-13
"453","Tau2.8.1","Tau2","5","8","2",2449166.2313668,2.90413264661169e-20
"454","NPQ.8.1","NPQ","6","8","2",0.364042939533679,5.05130037966628e-89
"455","qP.8.1","qP","7","8","2",0.470260800754427,5.27029657463184e-72
"456","ABQ.8.1","ABQ","8","8","2",0.23178980765778,4.53364988118152e-26
"457","qm.8.1","qm","9","8","2",0.730925658757657,2.63514828731592e-72
"458","nTau1.8.1","nTau1","10","8","2",2.08061165707211,7.53368271884634e-13
"459","nTau2.8.1","nTau2","11","8","2",2.2586837735914,2.90413264661169e-20
"460","nCon.8.1","nCon","12","8","2",0.0826194614807543,0.816388992328773
"461","Fm.8.1","Fm","13","8","2",2849.43224774466,5.05130037966628e-89
"462","Fo.8.1","Fo","14","8","2",2570.52358834355,5.27029657463184e-72
"463","Quant.9.1","Quant","1","9","2",0.0979105759051363,1.08343406628469e-71
"464","Sigma.9.1","Sigma","2","9","2",3.6441944426061,1.97304009816597e-26
"465","Connect.9.1","Connect","3","9","2",0.0119247241050239,0.89223087893779
"466","Tau1.9.1","Tau1","4","9","2",1219.79310047356,4.7988172769106e-14
"467","Tau2.9.1","Tau2","5","9","2",2338838.65149607,6.95278284191029e-22
"468","NPQ.9.1","NPQ","6","9","2",0.427248039995114,6.26139608635744e-90
"469","qP.9.1","qP","7","9","2",0.510959260422566,2.16686813256938e-71
"470","ABQ.9.1","ABQ","8","9","2",0.199146037559528,1.97304009816597e-26
"471","qm.9.1","qm","9","9","2",0.730847618065498,1.08343406628469e-71
"472","nTau1.9.1","nTau1","10","9","2",1.79866587746206,4.7988172769106e-14
"473","nTau2.9.1","nTau2","11","9","2",2.15693685611305,6.95278284191029e-22
"474","nCon.9.1","nCon","12","9","2",0.0470530726691979,0.89223087893779
"475","Fm.9.1","Fm","13","9","2",2723.24629657855,6.26139608635744e-90
"476","Fo.9.1","Fo","14","9","2",2456.61168334901,2.16686813256938e-71
"477","Quant.10.1","Quant","1","10","2",0.198046171481511,1.56663032619979e-68
"478","Sigma.10.1","Sigma","2","10","2",3.68775107822914,6.70753532036101e-41
"479","Connect.10.1","Connect","3","10","2",0.168836548734644,8.92283111106082e-06
"480","Tau1.10.1","Tau1","4","10","2",823.360997560277,3.88719492906212e-19
"481","Tau2.10.1","Tau2","5","10","2",1098540.39978303,2.00388917361983e-25
"482","NPQ.10.1","NPQ","6","10","2",0.764458064320175,2.61920759637456e-90
"483","qP.10.1","qP","7","10","2",0.757506812987877,3.13326065239958e-68
"484","ABQ.10.1","ABQ","8","10","2",0.189573962090268,6.70753532036101e-41
"485","qm.10.1","qm","9","10","2",0.455578743210507,1.56663032619979e-68
"486","nTau1.10.1","nTau1","10","10","2",1.21410043274539,3.88719492906212e-19
"487","nTau2.10.1","nTau2","11","10","2",1.01310206871497,2.00388917361983e-25
"488","nCon.10.1","nCon","12","10","2",0.666202280812591,8.92283111106082e-06
"489","Fm.10.1","Fm","13","10","2",2202.79983855168,2.61920759637456e-90
"490","Fo.10.1","Fo","14","10","2",1766.54376398643,3.13326065239958e-68
"491","Quant.11.1","Quant","1","11","2",0.204627595587933,3.2677867940748e-70
"492","Sigma.11.1","Sigma","2","11","2",3.61095716626965,2.54512890734385e-43
"493","Connect.11.1","Connect","3","11","2",0.186918819983731,7.92747366790113e-08
"494","Tau1.11.1","Tau1","4","11","2",911.76295001745,3.885817524e-16
"495","Tau2.11.1","Tau2","5","11","2",1123405.33504552,3.61252329439864e-20
"496","NPQ.11.1","NPQ","6","11","2",0.793827186041395,9.6079414172507e-92
"497","qP.11.1","qP","7","11","2",0.772935108387996,6.53557358814961e-70
"498","ABQ.11.1","ABQ","8","11","2",0.206450314231369,2.54512890734385e-43
"499","qm.11.1","qm","9","11","2",0.437486663183513,3.2677867940748e-70
"500","nTau1.11.1","nTau1","10","11","2",1.34445497838433,3.885817524e-16
"501","nTau2.11.1","nTau2","11","11","2",1.03603314831647,3.61252329439864e-20
"502","nCon.11.1","nCon","12","11","2",0.737552059274049,7.92747366790113e-08
"503","Fm.11.1","Fm","13","11","2",2166.73488363889,9.6079414172507e-92
"504","Fo.11.1","Fo","14","11","2",1723.36113412337,6.53557358814961e-70
"505","Quant.12.1","Quant","1","12","2",0.206542396067232,8.80085851173764e-71
"506","Sigma.12.1","Sigma","2","12","2",3.65579992801209,1.97015993372441e-44
"507","Connect.12.1","Connect","3","12","2",0.187835601548148,1.45246621359155e-08
"508","Tau1.12.1","Tau1","4","12","2",1016.62943338247,1.98033238468859e-16
"509","Tau2.12.1","Tau2","5","12","2",1226925.80563556,1.58079528634502e-17
"510","NPQ.12.1","NPQ","6","12","2",0.817756935964755,8.85474820615063e-93
"511","qP.12.1","qP","7","12","2",0.782503545207496,1.76017170234753e-70
"512","ABQ.12.1","ABQ","8","12","2",0.196595597642061,1.97015993372441e-44
"513","qm.12.1","qm","9","12","2",0.432222950809562,8.80085851173764e-71
"514","nTau1.12.1","nTau1","10","12","2",1.49908756750528,1.98033238468859e-16
"515","nTau2.12.1","nTau2","11","12","2",1.13150237541984,1.58079528634502e-17
"516","nCon.12.1","nCon","12","12","2",0.741169534126493,1.45246621359155e-08
"517","Fm.12.1","Fm","13","12","2",2138.21103488341,8.85474820615063e-93
"518","Fo.12.1","Fo","14","12","2",1696.57980444119,1.76017170234753e-70
"519","Quant.13.1","Quant","1","13","2",0.213516253368373,2.34143779970625e-68
"520","Sigma.13.1","Sigma","2","13","2",3.59945092225261,2.10984640550045e-42
"521","Connect.13.1","Connect","3","13","2",0.167381038995081,2.50072105537906e-06
"522","Tau1.13.1","Tau1","4","13","2",969.225572175496,2.81507120198292e-18
"523","Tau2.13.1","Tau2","5","13","2",1204656.03141889,2.43859597641037e-19
"524","NPQ.13.1","NPQ","6","13","2",0.843979339205123,3.64471253885614e-90
"525","qP.13.1","qP","7","13","2",0.796375242008292,4.6828755994125e-68
"526","ABQ.13.1","ABQ","8","13","2",0.208978944703474,2.10984640550045e-42
"527","qm.13.1","qm","9","13","2",0.413052087125826,2.34143779970625e-68
"528","nTau1.13.1","nTau1","10","13","2",1.4291874282277,2.81507120198292e-18
"529","nTau2.13.1","nTau2","11","13","2",1.11096461974587,2.43859597641037e-19
"530","nCon.13.1","nCon","12","13","2",0.660459069905302,2.50072105537906e-06
"531","Fm.13.1","Fm","13","13","2",2107.80449464858,3.64471253885614e-90
"532","Fo.13.1","Fo","14","13","2",1657.7539761182,4.6828755994125e-68
"533","Quant.14.1","Quant","1","14","2",0.213983756119544,1.72197220888509e-69
"534","Sigma.14.1","Sigma","2","14","2",3.46760619088234,7.52526369590757e-44
"535","Connect.14.1","Connect","3","14","2",0.175835654381972,1.75216433575464e-07
"536","Tau1.14.1","Tau1","4","14","2",1017.01545805735,5.58840700165403e-19
"537","Tau2.14.1","Tau2","5","14","2",1203630.53264649,2.16752084365323e-19
"538","NPQ.14.1","NPQ","6","14","2",0.867928397846222,6.69563387930183e-91
"539","qP.14.1","qP","7","14","2",0.804316558617813,3.44394441777017e-69
"540","ABQ.14.1","ABQ","8","14","2",0.237953352410783,7.52526369590757e-44
"541","qm.14.1","qm","9","14","2",0.411766940165189,1.72197220888509e-69
"542","nTau1.14.1","nTau1","10","14","2",1.49965678650669,5.58840700165403e-19
"543","nTau2.14.1","nTau2","11","14","2",1.1100188785351,2.16752084365323e-19
"544","nCon.14.1","nCon","12","14","2",0.693819643171891,1.75216433575464e-07
"545","Fm.14.1","Fm","13","14","2",2080.77993979706,6.69563387930183e-91
"546","Fo.14.1","Fo","14","14","2",1635.52683262109,3.44394441777017e-69
"547","Quant.15.1","Quant","1","15","2",0.217368951794297,6.522360973321e-69
"548","Sigma.15.1","Sigma","2","15","2",3.55605405793442,1.17894354578704e-43
"549","Connect.15.1","Connect","3","15","2",0.169930964199414,4.36252620880307e-07
"550","Tau1.15.1","Tau1","4","15","2",855.900439345747,1.41942532754327e-17
"551","Tau2.15.1","Tau2","5","15","2",1156293.39353991,2.34672437825607e-18
"552","NPQ.15.1","NPQ","6","15","2",0.894836954299242,7.73069050962445e-91
"553","qP.15.1","qP","7","15","2",0.815095669353726,1.3044721946642e-68
"554","ABQ.15.1","ABQ","8","15","2",0.218515908576855,1.17894354578704e-43
"555","qm.15.1","qm","9","15","2",0.402461168334607,6.522360973321e-69
"556","nTau1.15.1","nTau1","10","15","2",1.26208199911797,1.41942532754327e-17
"557","nTau2.15.1","nTau2","11","15","2",1.06636335747697,2.34672437825607e-18
"558","nCon.15.1","nCon","12","15","2",0.670520670902002,4.36252620880307e-07
"559","Fm.15.1","Fm","13","15","2",2051.23080927726,7.73069050962445e-91
"560","Fo.15.1","Fo","14","15","2",1605.35691837649,1.3044721946642e-68
"561","Quant.16.1","Quant","1","16","2",0.0780559568467939,9.14766704917528e-73
"562","Sigma.16.1","Sigma","2","16","2",3.51278682497285,9.86124135002781e-21
"563","Connect.16.1","Connect","3","16","2",0,1
"564","Tau1.16.1","Tau1","4","16","2",954.689437304983,7.82306032070506e-14
"565","Tau2.16.1","Tau2","5","16","2",4147261.53019229,1.23159525911954e-17
"566","NPQ.16.1","NPQ","6","16","2",0.548811536580706,4.5121689312454e-88
"567","qP.16.1","qP","7","16","2",0.562046709677555,1.82953340983506e-72
"568","ABQ.16.1","ABQ","8","16","2",0.228024384457284,9.86124135002781e-21
"569","qm.16.1","qm","9","16","2",0.785427197059423,9.14766704917528e-73
"570","nTau1.16.1","nTau1","10","16","2",1.40775293267954,7.82306032070506e-14
"571","nTau2.16.1","nTau2","11","16","2",3.82471071302398,1.23159525911954e-17
"572","nCon.16.1","nCon","12","16","2",0,1
"573","Fm.16.1","Fm","13","16","2",2509.50347890384,4.5121689312454e-88
"574","Fo.16.1","Fo","14","16","2",2313.62178364764,1.82953340983506e-72
"575","Quant.17.1","Quant","1","17","2",0.0740914662524992,6.33399653711482e-74
"576","Sigma.17.1","Sigma","2","17","2",3.52884546975625,2.45525549454437e-20
"577","Connect.17.1","Connect","3","17","2",0,1
"578","Tau1.17.1","Tau1","4","17","2",1530.74653259847,8.03854002556323e-12
"579","Tau2.17.1","Tau2","5","17","2",3998129.81911403,6.02356784356937e-15
"580","NPQ.17.1","NPQ","6","17","2",0.629169020942872,1.00238170375685e-88
"581","qP.17.1","qP","7","17","2",0.599439432857494,1.26679930742296e-73
"582","ABQ.17.1","ABQ","8","17","2",0.224495311157614,2.45525549454437e-20
"583","qm.17.1","qm","9","17","2",0.79632542819275,6.33399653711482e-74
"584","nTau1.17.1","nTau1","10","17","2",2.25718734936221,8.03854002556323e-12
"585","nTau2.17.1","nTau2","11","17","2",3.68717763273468,6.02356784356937e-15
"586","nCon.17.1","nCon","12","17","2",0,1
"587","Fm.17.1","Fm","13","17","2",2385.72418776184,1.00238170375685e-88
"588","Fo.17.1","Fo","14","17","2",2208.96238461651,1.26679930742296e-73
"589","Quant.18.1","Quant","1","18","2",0.0708549763421284,9.46298403654655e-75
"590","Sigma.18.1","Sigma","2","18","2",3.36964983924196,2.00444395753617e-21
"591","Connect.18.1","Connect","3","18","2",0.05972056447951,0.610585600677028
"592","Tau1.18.1","Tau1","4","18","2",1568.40394820887,3.14888145839632e-10
"593","Tau2.18.1","Tau2","5","18","2",4614049.18201334,4.83013252011809e-13
"594","NPQ.18.1","NPQ","6","18","2",0.703862477663033,3.46609188996204e-89
"595","qP.18.1","qP","7","18","2",0.63139921305664,1.89259680730931e-74
"596","ABQ.18.1","ABQ","8","18","2",0.259480395929711,2.00444395753617e-21
"597","qm.18.1","qm","9","18","2",0.805222413635132,9.46298403654655e-75
"598","nTau1.18.1","nTau1","10","18","2",2.31271570779081,3.14888145839632e-10
"599","nTau2.18.1","nTau2","11","18","2",4.25519423079348,4.83013252011809e-13
"600","nCon.18.1","nCon","12","18","2",0.235647888835939,0.610585600677028
"601","Fm.18.1","Fm","13","18","2",2281.13946411135,3.46609188996204e-89
"602","Fo.18.1","Fo","14","18","2",2119.50938134864,1.89259680730931e-74
"603","Quant.19.1","Quant","1","19","2",0.0726499490073904,3.42393981375927e-74
"604","Sigma.19.1","Sigma","2","19","2",3.503323591716,4.60165039159145e-19
"605","Connect.19.1","Connect","3","19","2",0,1
"606","Tau1.19.1","Tau1","4","19","2",1165.1527358631,5.60417958382786e-12
"607","Tau2.19.1","Tau2","5","19","2",3385241.6222187,4.74567694338758e-21
"608","NPQ.19.1","NPQ","6","19","2",0.775802173677471,1.02838186587282e-87
"609","qP.19.1","qP","7","19","2",0.663480238436906,6.84787962751844e-74
"610","ABQ.19.1","ABQ","8","19","2",0.230104039637764,4.60165039159145e-19
"611","qm.19.1","qm","9","19","2",0.800288103282074,3.42393981375927e-74
"612","nTau1.19.1","nTau1","10","19","2",1.71809503366997,5.60417958382786e-12
"613","nTau2.19.1","nTau2","11","19","2",3.12195645353338,4.74567694338758e-21
"614","nCon.19.1","nCon","12","19","2",0,1
"615","Fm.19.1","Fm","13","19","2",2188.72799956467,1.02838186587282e-87
"616","Fo.19.1","Fo","14","19","2",2029.71702200525,6.84787962751844e-74
"617","Quant.20.1","Quant","1","20","2",0.073351982899112,2.27167606689397e-73
"618","Sigma.20.1","Sigma","2","20","2",3.53223071024694,5.88979296968965e-20
"619","Connect.20.1","Connect","3","20","2",0,1
"620","Tau1.20.1","Tau1","4","20","2",1111.02571680982,8.028273372568e-13
"621","Tau2.20.1","Tau2","5","20","2",4278157.05872403,1.01223912836388e-14
"622","NPQ.20.1","NPQ","6","20","2",0.847231772726934,1.68445292172929e-88
"623","qP.20.1","qP","7","20","2",0.692049488576261,4.54335213378794e-73
"624","ABQ.20.1","ABQ","8","20","2",0.223751365327202,5.88979296968965e-20
"625","qm.20.1","qm","9","20","2",0.798358239297425,2.27167606689397e-73
"626","nTau1.20.1","nTau1","10","20","2",1.63828115196981,8.028273372568e-13
"627","nTau2.20.1","nTau2","11","20","2",3.94542591909854,1.01223912836388e-14
"628","nCon.20.1","nCon","12","20","2",0,1
"629","Fm.20.1","Fm","13","20","2",2104.09326896644,1.68445292172929e-88
"630","Fo.20.1","Fo","14","20","2",1949.75385548308,4.54335213378794e-73
"631","Quant.21.1","Quant","1","21","2",0.0756577873786396,1.06532599242173e-73
"632","Sigma.21.1","Sigma","2","21","2",3.21422664228241,3.45331557214037e-22
"633","Connect.21.1","Connect","3","21","2",0.119461184400699,0.281833946227086
"634","Tau1.21.1","Tau1","4","21","2",1245.8631835933,5.36188882435569e-10
"635","Tau2.21.1","Tau2","5","21","2",4084531.63009096,2.82550052202207e-14
"636","NPQ.21.1","NPQ","6","21","2",0.912757601303309,2.55903779258238e-87
"637","qP.21.1","qP","7","21","2",0.717587387086452,2.13065198484343e-73
"638","ABQ.21.1","ABQ","8","21","2",0.293636444708273,3.45331557214037e-22
"639","qm.21.1","qm","9","21","2",0.792019672067043,1.06532599242173e-73
"640","nTau1.21.1","nTau1","10","21","2",1.83710794514704,5.36188882435569e-10
"641","nTau2.21.1","nTau2","11","21","2",3.76685959387033,2.82550052202207e-14
"642","nCon.21.1","nCon","12","21","2",0.471374913268344,0.281833946227086
"643","Fm.21.1","Fm","13","21","2",2032.01280526469,2.55903779258238e-87
"644","Fo.21.1","Fo","14","21","2",1878.2752124933,2.13065198484343e-73
"645","Quant.22.1","Quant","1","22","2",0.0716292184430625,1.12537902489702e-73
"646","Sigma.22.1","Sigma","2","22","2",3.51931698399527,6.45722196985436e-21
"647","Connect.22.1","Connect","3","22","2",0,1
"648","Tau1.22.1","Tau1","4","22","2",1197.86446333432,6.21552805285677e-10
"649","Tau2.22.1","Tau2","5","22","2",4291749.23303434,2.87626562526648e-13
"650","NPQ.22.1","NPQ","6","22","2",0.990955531081281,1.04364317965958e-89
"651","qP.22.1","qP","7","22","2",0.741134880677482,2.25075804979404e-73
"652","ABQ.22.1","ABQ","8","22","2",0.226589306332108,6.45722196985436e-21
"653","qm.22.1","qm","9","22","2",0.803094052079356,1.12537902489702e-73
"654","nTau1.22.1","nTau1","10","22","2",1.76633064671983,6.21552805285677e-10
"655","nTau2.22.1","nTau2","11","22","2",3.95796097007603,2.87626562526648e-13
"656","nCon.22.1","nCon","12","22","2",0,1
"657","Fm.22.1","Fm","13","22","2",1952.20228605749,1.04364317965958e-89
"658","Fo.22.1","Fo","14","22","2",1812.36756206443,2.25075804979404e-73
"659","Quant.23.1","Quant","1","23","2",0.288680602414273,1.65917893025759e-64
"660","Sigma.23.1","Sigma","2","23","2",4.01139573933513,7.657793155124e-47
"661","Connect.23.1","Connect","3","23","2",0.156303014237699,9.49173565761309e-08
"662","Tau1.23.1","Tau1","4","23","2",1094.74307367784,7.35409153067659e-17
"663","Tau2.23.1","Tau2","5","23","2",936958.920364807,1.09945789638849e-14
"664","NPQ.23.1","NPQ","6","23","2",1.54151402094801,4.41713434034974e-90
"665","qP.23.1","qP","7","23","2",1,3.31835786051519e-64
"666","ABQ.23.1","ABQ","8","23","2",0.118449296995812,7.657793155124e-47
"667","qm.23.1","qm","9","23","2",0.206428202062976,1.65917893025759e-64
"668","nTau1.23.1","nTau1","10","23","2",1.61427131408418,7.35409153067659e-17
"669","nTau2.23.1","nTau2","11","23","2",0.864087493468612,1.09945789638849e-14
"670","nCon.23.1","nCon","12","23","2",0.616746938760846,9.49173565761309e-08
"671","Fm.23.1","Fm","13","23","2",1529.30414988067,4.41713434034974e-90
"672","Fo.23.1","Fo","14","23","2",1087.82370661847,3.31835786051519e-64
"673","Quant.24.1","Quant","1","24","2",0.306025146889367,1.38452842536065e-62
"674","Sigma.24.1","Sigma","2","24","2",4.16061811632004,5.179041123497e-47
"675","Connect.24.1","Connect","3","24","2",0.186282559963508,1.42209082736309e-09
"676","Tau1.24.1","Tau1","4","24","2",991.549333563192,1.39254550174141e-18
"677","Tau2.24.1","Tau2","5","24","2",931133.078094677,1.15992308117702e-15
"678","NPQ.24.1","NPQ","6","24","2",1.41997881121117,7.26640082746093e-89
"679","qP.24.1","qP","7","24","2",0.990433813256169,2.76905685072129e-62
"680","ABQ.24.1","ABQ","8","24","2",0.0856559502698652,5.179041123497e-47
"681","qm.24.1","qm","9","24","2",0.158748720904951,1.38452842536065e-62
"682","nTau1.24.1","nTau1","10","24","2",1.46210529589646,1.39254550174141e-18
"683","nTau2.24.1","nTau2","11","24","2",0.858714752641747,1.15992308117702e-15
"684","nCon.24.1","nCon","12","24","2",0.735041478005719,1.42209082736309e-09
"685","Fm.24.1","Fm","13","24","2",1606.10825235714,7.26640082746093e-89
"686","Fo.24.1","Fo","14","24","2",1114.59873850933,2.76905685072129e-62
"687","Quant.25.1","Quant","1","25","2",0.319596215917087,2.07841956621237e-63
"688","Sigma.25.1","Sigma","2","25","2",4.26253911462025,2.90151314412162e-49
"689","Connect.25.1","Connect","3","25","2",0.206370385463713,4.80996718288744e-12
"690","Tau1.25.1","Tau1","4","25","2",1034.37851599292,7.85930003742387e-17
"691","Tau2.25.1","Tau2","5","25","2",829294.482780122,4.69093021837872e-14
"692","NPQ.25.1","NPQ","6","25","2",1.27812044438467,7.15192959157531e-90
"693","qP.25.1","qP","7","25","2",0.973908860705552,4.15683913242473e-63
"694","ABQ.25.1","ABQ","8","25","2",0.0632576296999453,2.90151314412162e-49
"695","qm.25.1","qm","9","25","2",0.121442377637727,2.07841956621237e-63
"696","nTau1.25.1","nTau1","10","25","2",1.52525976772127,7.85930003742387e-17
"697","nTau2.25.1","nTau2","11","25","2",0.764796593957206,4.69093021837872e-14
"698","nCon.25.1","nCon","12","25","2",0.814304855900481,4.80996718288744e-12
"699","Fm.25.1","Fm","13","25","2",1706.12047699063,7.15192959157531e-90
"700","Fo.25.1","Fo","14","25","2",1160.85082864577,4.15683913242473e-63
"701","Quant.26.1","Quant","1","26","2",0.333329117134423,2.70303851799383e-60
"702","Sigma.26.1","Sigma","2","26","2",4.20627788075676,5.42090078511833e-47
"703","Connect.26.1","Connect","3","26","2",0.17547193717814,1.16084415459589e-08
"704","Tau1.26.1","Tau1","4","26","2",1051.64504155098,6.75217088214257e-16
"705","Tau2.26.1","Tau2","5","26","2",742989.677679169,5.67868359043929e-14
"706","NPQ.26.1","NPQ","6","26","2",1.17829688794513,2.85456108921555e-87
"707","qP.26.1","qP","7","26","2",0.963657084182118,5.40607703598767e-60
"708","ABQ.26.1","ABQ","8","26","2",0.0756216878699973,5.42090078511833e-47
"709","qm.26.1","qm","9","26","2",0.0836911639476114,2.70303851799383e-60
"710","nTau1.26.1","nTau1","10","26","2",1.5507204055389,6.75217088214257e-16
"711","nTau2.26.1","nTau2","11","26","2",0.685204094122801,5.67868359043929e-14
"712","nCon.26.1","nCon","12","26","2",0.692384472691449,1.16084415459589e-08
"713","Fm.26.1","Fm","13","26","2",1784.30587709383,2.85456108921555e-87
"714","Fo.26.1","Fo","14","26","2",1189.54477438438,5.40607703598767e-60
"715","Quant.27.1","Quant","1","27","2",0.345601450241771,2.87602948715565e-60
"716","Sigma.27.1","Sigma","2","27","2",4.30222243184729,4.3122940788345e-48
"717","Connect.27.1","Connect","3","27","2",0.178893125463842,1.83221909060367e-09
"718","Tau1.27.1","Tau1","4","27","2",1025.42525189692,3.90669472392848e-16
"719","Tau2.27.1","Tau2","5","27","2",694421.193299796,1.41824885792601e-14
"720","NPQ.27.1","NPQ","6","27","2",1.10404595996172,8.32774976148259e-88
"721","qP.27.1","qP","7","27","2",0.956758648451252,5.7520589743113e-60
"722","ABQ.27.1","ABQ","8","27","2",0.0545367608372703,4.3122940788345e-48
"723","qm.27.1","qm","9","27","2",0.0499549954366958,2.87602948715565e-60
"724","nTau1.27.1","nTau1","10","27","2",1.51205758563388,3.90669472392848e-16
"725","nTau2.27.1","nTau2","11","27","2",0.640412994943553,1.41824885792601e-14
"726","nCon.27.1","nCon","12","27","2",0.70588393981575,1.83221909060367e-09
"727","Fm.27.1","Fm","13","27","2",1847.27330732186,8.32774976148259e-88
"728","Fo.27.1","Fo","14","27","2",1208.85297331851,5.7520589743113e-60
"729","Quant.1.2","Quant","1","1","3",0.372202633506588,5.83562584787557e-64
"730","Sigma.1.2","Sigma","2","1","3",4.04870457022197,4.51901601737221e-53
"731","Connect.1.2","Connect","3","1","3",0.242402012352404,1.23518383923107e-13
"732","Tau1.1.2","Tau1","4","1","3",687.247583986426,3.92152503906083e-31
"733","Tau2.1.2","Tau2","5","1","3",1063198.54974957,1.48469474949737e-29
"734","NPQ.1.2","NPQ","6","1","3",0.556488927086288,1.06542620397612e-100
"735","qP.1.2","qP","7","1","3",0.862578049891101,1.16712516957511e-63
"736","ABQ.1.2","ABQ","8","1","3",0,4.51901601737221e-53
"737","qm.1.2","qm","9","1","3",0,5.83562584787557e-64
"738","nTau1.1.2","nTau1","10","1","3",1,3.92152503906083e-31
"739","nTau2.1.2","nTau2","11","1","3",1,1.48469474949737e-29
"740","nCon.1.2","nCon","12","1","3",1,1.23518383923107e-13
"741","Fm.1.2","Fm","13","1","3",2572.16987021115,1.06542620397612e-100
"742","Fo.1.2","Fo","14","1","3",1614.80147069226,1.16712516957511e-63
"743","Quant.3.2","Quant","1","3","3",0.0332556575692693,5.66241971930492e-89
"744","Sigma.3.2","Sigma","2","3","3",4.89092908508661,1.16566166483378e-10
"745","Connect.3.2","Connect","3","3","3",0,1
"746","Tau1.3.2","Tau1","4","3","3",2708.13369773241,2.39664177780004e-08
"747","Tau2.3.2","Tau2","5","3","3",8292016.14840208,7.15059893740008e-16
"748","NPQ.3.2","NPQ","6","3","3",0.0165420153049598,4.47508698055186e-111
"749","qP.3.2","qP","7","3","3",0.0708201192049012,1.13248394386098e-88
"750","ABQ.3.2","ABQ","8","3","3",-0.208023208474918,1.16566166483378e-10
"751","qm.3.2","qm","9","3","3",0.910651740273942,5.66241971930492e-89
"752","nTau1.3.2","nTau1","10","3","3",3.94055033562097,2.39664177780004e-08
"753","nTau2.3.2","nTau2","11","3","3",7.79912289229062,7.15059893740008e-16
"754","nCon.3.2","nCon","12","3","3",0,1
"755","Fm.3.2","Fm","13","3","3",3938.4047695929,4.47508698055186e-111
"756","Fo.3.2","Fo","14","3","3",3807.43052920614,1.13248394386098e-88
"757","Quant.4.2","Quant","1","4","3",0.0430849257146742,5.10326339633459e-87
"758","Sigma.4.2","Sigma","2","4","3",4.81893061108349,3.28038839857127e-11
"759","Connect.4.2","Connect","3","4","3",0,1
"760","Tau1.4.2","Tau1","4","4","3",5107.29104416864,7.17713152861468e-06
"761","Tau2.4.2","Tau2","5","4","3",5138907.96854988,2.76718264073779e-12
"762","NPQ.4.2","NPQ","6","4","3",0.0151564662214165,3.80676441094322e-109
"763","qP.4.2","qP","7","4","3",0.0829414644997669,1.02065267926692e-86
"764","ABQ.4.2","ABQ","8","4","3",-0.190240119401772,3.28038839857127e-11
"765","qm.4.2","qm","9","4","3",0.884243361448673,5.10326339633459e-87
"766","nTau1.4.2","nTau1","10","4","3",7.43151545843706,7.17713152861468e-06
"767","nTau2.4.2","nTau2","11","4","3",4.83344147690975,2.76718264073779e-12
"768","nCon.4.2","nCon","12","4","3",0,1
"769","Fm.4.2","Fm","13","4","3",3943.78015092642,3.80676441094322e-109
"770","Fo.4.2","Fo","14","4","3",3773.86267608875,1.02065267926692e-86
"771","Quant.5.2","Quant","1","5","3",0.0761596247908893,1.06539157193402e-81
"772","Sigma.5.2","Sigma","2","5","3",3.50010626462444,8.93992620363688e-19
"773","Connect.5.2","Connect","3","5","3",0,1
"774","Tau1.5.2","Tau1","4","5","3",3528.35743037366,2.47793761321973e-08
"775","Tau2.5.2","Tau2","5","5","3",3262884.40214223,1.07450484031363e-14
"776","NPQ.5.2","NPQ","6","5","3",0.0507017316265031,6.6518265138664e-101
"777","qP.5.2","qP","7","5","3",0.174551201079077,2.13078314386804e-81
"778","ABQ.5.2","ABQ","8","5","3",0.135499712582746,8.93992620363688e-19
"779","qm.5.2","qm","9","5","3",0.795381284454181,1.06539157193402e-81
"780","nTau1.5.2","nTau1","10","5","3",5.13404122850048,2.47793761321973e-08
"781","nTau2.5.2","nTau2","11","5","3",3.06893232963003,1.07450484031363e-14
"782","nCon.5.2","nCon","12","5","3",0,1
"783","Fm.5.2","Fm","13","5","3",3810.36197149029,6.6518265138664e-101
"784","Fo.5.2","Fo","14","5","3",3520.16623342412,2.13078314386804e-81
"785","Quant.6.2","Quant","1","6","3",0.0937776365298483,4.62268632868674e-79
"786","Sigma.6.2","Sigma","2","6","3",3.3333305343724,2.69368952263874e-22
"787","Connect.6.2","Connect","3","6","3",0,1
"788","Tau1.6.2","Tau1","4","6","3",1874.65422682845,2.78253969077108e-12
"789","Tau2.6.2","Tau2","5","6","3",2565630.54395532,1.29596628323462e-20
"790","NPQ.6.2","NPQ","6","6","3",0.12075784946571,3.22138060940191e-99
"791","qP.6.2","qP","7","6","3",0.276732577504889,9.24537265737348e-79
"792","ABQ.6.2","ABQ","8","6","3",0.176692080995761,2.69368952263874e-22
"793","qm.6.2","qm","9","6","3",0.748046821575784,4.62268632868674e-79
"794","nTau1.6.2","nTau1","10","6","3",2.7277712872476,2.78253969077108e-12
"795","nTau2.6.2","nTau2","11","6","3",2.41312457072071,1.29596628323462e-20
"796","nCon.6.2","nCon","12","6","3",0,1
"797","Fm.6.2","Fm","13","6","3",3572.18459230708,3.22138060940191e-99
"798","Fo.6.2","Fo","14","6","3",3237.19356399218,9.24537265737348e-79
"799","Quant.7.2","Quant","1","7","3",0.102661197049303,1.64713896579513e-79
"800","Sigma.7.2","Sigma","2","7","3",3.10079741752992,2.13996709740271e-25
"801","Connect.7.2","Connect","3","7","3",0,1
"802","Tau1.7.2","Tau1","4","7","3",1578.06908416929,1.27079300994496e-10
"803","Tau2.7.2","Tau2","5","7","3",2250083.44273062,3.98833323428371e-19
"804","NPQ.7.2","NPQ","6","7","3",0.188348802052205,2.55761980753489e-99
"805","qP.7.2","qP","7","7","3",0.354027434390915,3.29427793159026e-79
"806","ABQ.7.2","ABQ","8","7","3",0.234126036180525,2.13996709740271e-25
"807","qm.7.2","qm","9","7","3",0.724179283520611,1.64713896579513e-79
"808","nTau1.7.2","nTau1","10","7","3",2.29621627043866,1.27079300994496e-10
"809","nTau2.7.2","nTau2","11","7","3",2.11633419106959,3.98833323428371e-19
"810","nCon.7.2","nCon","12","7","3",0,1
"811","Fm.7.2","Fm","13","7","3",3369.00572849885,2.55761980753489e-99
"812","Fo.7.2","Fo","14","7","3",3023.1395675452,3.29427793159026e-79
"813","Quant.8.2","Quant","1","8","3",0.105827051018444,4.67979763009511e-80
"814","Sigma.8.2","Sigma","2","8","3",3.23475867410205,1.12536484047935e-28
"815","Connect.8.2","Connect","3","8","3",0,1
"816","Tau1.8.2","Tau1","4","8","3",1303.03045018417,8.7131800999291e-12
"817","Tau2.8.2","Tau2","5","8","3",2280833.85109247,1.3173560744989e-18
"818","NPQ.8.2","NPQ","6","8","3",0.24969404716504,1.34000337930553e-102
"819","qP.8.2","qP","7","8","3",0.411277183352769,9.35959526019023e-80
"820","ABQ.8.2","ABQ","8","8","3",0.201038599384714,1.12536484047935e-28
"821","qm.8.2","qm","9","8","3",0.715673556574739,4.67979763009511e-80
"822","nTau1.8.2","nTau1","10","8","3",1.89601314074596,8.7131800999291e-12
"823","nTau2.8.2","nTau2","11","8","3",2.14525673650486,1.3173560744989e-18
"824","nCon.8.2","nCon","12","8","3",0,1
"825","Fm.8.2","Fm","13","8","3",3203.62726432984,1.34000337930553e-102
"826","Fo.8.2","Fo","14","8","3",2864.59683838353,9.35959526019023e-80
"827","Quant.9.2","Quant","1","9","3",0.111224779623072,8.5890743966947e-79
"828","Sigma.9.2","Sigma","2","9","3",3.07256573136173,6.95476631844672e-27
"829","Connect.9.2","Connect","3","9","3",0,1
"830","Tau1.9.2","Tau1","4","9","3",1111.97935057178,3.66943457063515e-12
"831","Tau2.9.2","Tau2","5","9","3",2098288.90440145,1.18162684530069e-21
"832","NPQ.9.2","NPQ","6","9","3",0.302254699524829,5.62277522806666e-99
"833","qP.9.2","qP","7","9","3",0.459019320852136,1.71781487933894e-78
"834","ABQ.9.2","ABQ","8","9","3",0.24109905327242,6.95476631844672e-27
"835","qm.9.2","qm","9","9","3",0.701171432949834,8.5890743966947e-79
"836","nTau1.9.2","nTau1","10","9","3",1.61801856635373,3.66943457063515e-12
"837","nTau2.9.2","nTau2","11","9","3",1.97356260963269,1.18162684530069e-21
"838","nCon.9.2","nCon","12","9","3",0,1
"839","Fm.9.2","Fm","13","9","3",3074.32480222913,5.62277522806666e-99
"840","Fo.9.2","Fo","14","9","3",2732.38370361145,1.71781487933894e-78
"841","Quant.10.2","Quant","1","10","3",0.208876719719051,1.32855160232389e-73
"842","Sigma.10.2","Sigma","2","10","3",3.25223209676478,9.13197369885695e-42
"843","Connect.10.2","Connect","3","10","3",0.0977381153139638,0.0250484464864777
"844","Tau1.10.2","Tau1","4","10","3",871.246853117233,8.67033158135212e-18
"845","Tau2.10.2","Tau2","5","10","3",1053675.51478358,5.54115667276137e-24
"846","NPQ.10.2","NPQ","6","10","3",0.603367357322007,1.44774123846722e-100
"847","qP.10.2","qP","7","10","3",0.732363100126958,2.65710320464778e-73
"848","ABQ.10.2","ABQ","8","10","3",0.196722793585682,9.13197369885695e-42
"849","qm.10.2","qm","9","10","3",0.438809129986036,1.32855160232389e-73
"850","nTau1.10.2","nTau1","10","10","3",1.26773359909613,8.67033158135212e-18
"851","nTau2.10.2","nTau2","11","10","3",0.991043032396691,5.54115667276137e-24
"852","nCon.10.2","nCon","12","10","3",0.403206699339905,0.0250484464864777
"853","Fm.10.2","Fm","13","10","3",2496.96609032598,1.44774123846722e-100
"854","Fo.10.2","Fo","14","10","3",1975.40800412898,2.65710320464778e-73
"855","Quant.11.2","Quant","1","11","3",0.215527920017041,4.08744284602209e-73
"856","Sigma.11.2","Sigma","2","11","3",3.2483492258832,9.64331671126476e-43
"857","Connect.11.2","Connect","3","11","3",0.108927827902058,0.00838722078781686
"858","Tau1.11.2","Tau1","4","11","3",1000.83279946066,2.8423173837175e-16
"859","Tau2.11.2","Tau2","5","11","3",1129670.63729984,8.65280902251761e-19
"860","NPQ.11.2","NPQ","6","11","3",0.621302810765286,1.2876363218368e-100
"861","qP.11.2","qP","7","11","3",0.746184843875182,8.17488569204418e-73
"862","ABQ.11.2","ABQ","8","11","3",0.19768183389456,9.64331671126476e-43
"863","qm.11.2","qm","9","11","3",0.420939293237896,4.08744284602209e-73
"864","nTau1.11.2","nTau1","10","11","3",1.45629147745455,2.8423173837175e-16
"865","nTau2.11.2","nTau2","11","11","3",1.06252085987694,8.65280902251761e-19
"866","nCon.11.2","nCon","12","11","3",0.449368496758593,0.00838722078781686
"867","Fm.11.2","Fm","13","11","3",2469.34372467958,1.2876363218368e-100
"868","Fo.11.2","Fo","14","11","3",1937.13120789226,8.17488569204418e-73
"869","Quant.12.2","Quant","1","12","3",0.222126738970342,2.48813026307851e-74
"870","Sigma.12.2","Sigma","2","12","3",3.22904965629151,4.88428404487739e-45
"871","Connect.12.2","Connect","3","12","3",0.100530900965914,0.00646083695028944
"872","Tau1.12.2","Tau1","4","12","3",996.3762250796,6.06472417436262e-18
"873","Tau2.12.2","Tau2","5","12","3",1119406.22003612,6.25582641794304e-20
"874","NPQ.12.2","NPQ","6","12","3",0.639931430213933,3.30346864309577e-102
"875","qP.12.2","qP","7","12","3",0.759947903455623,4.97626052615703e-74
"876","ABQ.12.2","ABQ","8","12","3",0.202448684440693,4.88428404487739e-45
"877","qm.12.2","qm","9","12","3",0.403210189896708,2.48813026307851e-74
"878","nTau1.12.2","nTau1","10","12","3",1.44980680659516,6.06472417436262e-18
"879","nTau2.12.2","nTau2","11","12","3",1.05286657915381,6.25582641794304e-20
"880","nCon.12.2","nCon","12","12","3",0.414727996646175,0.00646083695028944
"881","Fm.12.2","Fm","13","12","3",2441.29348813466,3.30346864309577e-102
"882","Fo.12.2","Fo","14","12","3",1899.01692674577,4.97626052615703e-74
"883","Quant.13.2","Quant","1","13","3",0.226001461570904,7.80869910518042e-74
"884","Sigma.13.2","Sigma","2","13","3",3.17661179005385,1.27850254897472e-44
"885","Connect.13.2","Connect","3","13","3",0.127572035512546,0.000820191233753287
"886","Tau1.13.2","Tau1","4","13","3",1001.95325497845,1.57654735153285e-18
"887","Tau2.13.2","Tau2","5","13","3",1093615.1608389,3.98247126938516e-20
"888","NPQ.13.2","NPQ","6","13","3",0.660052935064743,4.18944036529229e-101
"889","qP.13.2","qP","7","13","3",0.771634056020244,1.56173982103608e-73
"890","ABQ.13.2","ABQ","8","13","3",0.215400448474882,1.27850254897472e-44
"891","qm.13.2","qm","9","13","3",0.392799939533732,7.80869910518042e-74
"892","nTau1.13.2","nTau1","10","13","3",1.45792182951966,1.57654735153285e-18
"893","nTau2.13.2","nTau2","11","13","3",1.02860858970932,3.98247126938516e-20
"894","nCon.13.2","nCon","12","13","3",0.526282906129844,0.000820191233753287
"895","Fm.13.2","Fm","13","13","3",2411.70256502241,4.18944036529229e-101
"896","Fo.13.2","Fo","14","13","3",1866.65426045305,1.56173982103608e-73
"897","Quant.14.2","Quant","1","14","3",0.224678001662918,3.68630361938808e-76
"898","Sigma.14.2","Sigma","2","14","3",3.11179469760777,1.98272158398337e-47
"899","Connect.14.2","Connect","3","14","3",0.138859340986821,3.71501731179246e-05
"900","Tau1.14.2","Tau1","4","14","3",1026.8536471354,3.67762847130639e-19
"901","Tau2.14.2","Tau2","5","14","3",1126582.68742918,1.43674082795687e-19
"902","NPQ.14.2","NPQ","6","14","3",0.679127090894732,1.79494957296749e-103
"903","qP.14.2","qP","7","14","3",0.778151491879856,7.37260723877617e-76
"904","ABQ.14.2","ABQ","8","14","3",0.231409789567044,1.98272158398337e-47
"905","qm.14.2","qm","9","14","3",0.396355690592015,3.68630361938808e-76
"906","nTau1.14.2","nTau1","10","14","3",1.49415388436736,3.67762847130639e-19
"907","nTau2.14.2","nTau2","11","14","3",1.05961646363657,1.43674082795687e-19
"908","nCon.14.2","nCon","12","14","3",0.57284731112276,3.71501731179246e-05
"909","Fm.14.2","Fm","13","14","3",2384.30666938696,1.79494957296749e-103
"910","Fo.14.2","Fo","14","14","3",1848.60541155753,7.37260723877617e-76
"911","Quant.15.2","Quant","1","15","3",0.228713311788722,2.65233885021002e-77
"912","Sigma.15.2","Sigma","2","15","3",3.15151722117804,4.17349240040658e-49
"913","Connect.15.2","Connect","3","15","3",0.107755094689395,0.000446134086677526
"914","Tau1.15.2","Tau1","4","15","3",901.382793242384,1.35592189941063e-19
"915","Tau2.15.2","Tau2","5","15","3",1072519.52947122,5.77698363623883e-21
"916","NPQ.15.2","NPQ","6","15","3",0.700818587214454,3.59317628928746e-105
"917","qP.15.2","qP","7","15","3",0.790094873186812,5.30467770042004e-77
"918","ABQ.15.2","ABQ","8","15","3",0.221598620863252,4.17349240040658e-49
"919","qm.15.2","qm","9","15","3",0.385513988350989,2.65233885021002e-77
"920","nTau1.15.2","nTau1","10","15","3",1.31158379344727,1.35592189941063e-19
"921","nTau2.15.2","nTau2","11","15","3",1.00876692290809,5.77698363623883e-21
"922","nCon.15.2","nCon","12","15","3",0.444530528619294,0.000446134086677526
"923","Fm.15.2","Fm","13","15","3",2353.89826502633,3.59317628928746e-105
"924","Fo.15.2","Fo","14","15","3",1815.53039721843,5.30467770042004e-77
"925","Quant.16.2","Quant","1","16","3",0.085786830880143,3.43864456244818e-82
"926","Sigma.16.2","Sigma","2","16","3",3.02929754228629,1.25439577540472e-24
"927","Connect.16.2","Connect","3","16","3",0,1
"928","Tau1.16.2","Tau1","4","16","3",920.950272705781,3.84922828825269e-11
"929","Tau2.16.2","Tau2","5","16","3",3431231.91716421,4.13340046660964e-17
"930","NPQ.16.2","NPQ","6","16","3",0.409208311360722,5.46844757611816e-102
"931","qP.16.2","qP","7","16","3",0.507806996071233,6.87728912489637e-82
"932","ABQ.16.2","ABQ","8","16","3",0.251785975058137,1.25439577540472e-24
"933","qm.16.2","qm","9","16","3",0.769515787484011,3.43864456244818e-82
"934","nTau1.16.2","nTau1","10","16","3",1.34005603535737,3.84922828825269e-11
"935","nTau2.16.2","nTau2","11","16","3",3.22727294725186,4.13340046660964e-17
"936","nCon.16.2","nCon","12","16","3",0,1
"937","Fm.16.2","Fm","13","16","3",2840.99511001523,5.46844757611816e-102
"938","Fo.16.2","Fo","14","16","3",2597.27514298104,6.87728912489637e-82
"939","Quant.17.2","Quant","1","17","3",0.080884467748332,1.29089060883869e-80
"940","Sigma.17.2","Sigma","2","17","3",3.30530108068338,6.76849433352588e-19
"941","Connect.17.2","Connect","3","17","3",0,1
"942","Tau1.17.2","Tau1","4","17","3",1424.27454137607,2.28961232367907e-13
"943","Tau2.17.2","Tau2","5","17","3",3852457.7815664,6.97044690227934e-17
"944","NPQ.17.2","NPQ","6","17","3",0.489342269978404,6.89705325308374e-99
"945","qP.17.2","qP","7","17","3",0.553510674372321,2.58178121767737e-80
"946","ABQ.17.2","ABQ","8","17","3",0.183615148165238,6.76849433352588e-19
"947","qm.17.2","qm","9","17","3",0.782687008454763,1.29089060883869e-80
"948","nTau1.17.2","nTau1","10","17","3",2.07243295511418,2.28961232367907e-13
"949","nTau2.17.2","nTau2","11","17","3",3.62346034282478,6.97044690227934e-17
"950","nCon.17.2","nCon","12","17","3",0,1
"951","Fm.17.2","Fm","13","17","3",2688.13556310779,6.89705325308374e-99
"952","Fo.17.2","Fo","14","17","3",2470.70714885045,2.58178121767737e-80
"953","Quant.18.2","Quant","1","18","3",0.0828091184038081,5.4456905723342e-81
"954","Sigma.18.2","Sigma","2","18","3",3.00467167038981,4.51899160505605e-21
"955","Connect.18.2","Connect","3","18","3",0,1
"956","Tau1.18.2","Tau1","4","18","3",1200.1636764977,2.93310534839922e-10
"957","Tau2.18.2","Tau2","5","18","3",4410565.4608201,5.06524094079066e-14
"958","NPQ.18.2","NPQ","6","18","3",0.551456702285059,4.78084051112197e-99
"959","qP.18.2","qP","7","18","3",0.591023280009935,1.08913811446684e-80
"960","ABQ.18.2","ABQ","8","18","3",0.257868382768892,4.51899160505605e-21
"961","qm.18.2","qm","9","18","3",0.777516033071425,5.4456905723342e-81
"962","nTau1.18.2","nTau1","10","18","3",1.7463337877975,2.93310534839922e-10
"963","nTau2.18.2","nTau2","11","18","3",4.14839303708509,5.06524094079066e-14
"964","nCon.18.2","nCon","12","18","3",0,1
"965","Fm.18.2","Fm","13","18","3",2580.51282750721,4.78084051112197e-99
"966","Fo.18.2","Fo","14","18","3",2366.82283523162,1.08913811446684e-80
"967","Quant.19.2","Quant","1","19","3",0.0858417786844655,2.32419540140714e-80
"968","Sigma.19.2","Sigma","2","19","3",3.21246852223283,4.08869566068309e-19
"969","Connect.19.2","Connect","3","19","3",0,1
"970","Tau1.19.2","Tau1","4","19","3",1251.03769461036,1.28277133624747e-11
"971","Tau2.19.2","Tau2","5","19","3",3438252.57431698,1.11295931452308e-17
"972","NPQ.19.2","NPQ","6","19","3",0.620393666727992,1.96390591744725e-97
"973","qP.19.2","qP","7","19","3",0.630089021284841,4.64839080281429e-80
"974","ABQ.19.2","ABQ","8","19","3",0.206544101572541,4.08869566068309e-19
"975","qm.19.2","qm","9","19","3",0.769368158748006,2.32419540140714e-80
"976","nTau1.19.2","nTau1","10","19","3",1.82035953819384,1.28277133624747e-11
"977","nTau2.19.2","nTau2","11","19","3",3.23387628315222,1.11295931452308e-17
"978","nCon.19.2","nCon","12","19","3",0,1
"979","Fm.19.2","Fm","13","19","3",2470.72918376241,1.96390591744725e-97
"980","Fo.19.2","Fo","14","19","3",2258.63739598063,4.64839080281429e-80
"981","Quant.20.2","Quant","1","20","3",0.0858263662024882,7.27572931664359e-79
"982","Sigma.20.2","Sigma","2","20","3",3.12807240299726,4.10521413727899e-19
"983","Connect.20.2","Connect","3","20","3",0,1
"984","Tau1.20.2","Tau1","4","20","3",1036.34834222339,2.80142020192618e-10
"985","Tau2.20.2","Tau2","5","20","3",3709272.9084008,9.4711011178275e-14
"986","NPQ.20.2","NPQ","6","20","3",0.682933785968985,5.91144702500686e-97
"987","qP.20.2","qP","7","20","3",0.660384351619041,1.45514586332872e-78
"988","ABQ.20.2","ABQ","8","20","3",0.227389317065984,4.10521413727899e-19
"989","qm.20.2","qm","9","20","3",0.769409567595203,7.27572931664359e-79
"990","nTau1.20.2","nTau1","10","20","3",1.50796942233247,2.80142020192618e-10
"991","nTau2.20.2","nTau2","11","20","3",3.48878665163199,9.4711011178275e-14
"992","nCon.20.2","nCon","12","20","3",0,1
"993","Fm.20.2","Fm","13","20","3",2378.91351100513,5.91144702500686e-97
"994","Fo.20.2","Fo","14","20","3",2174.74000884555,1.45514586332872e-78
"995","Quant.21.2","Quant","1","21","3",0.0843428052469718,1.20003242838906e-79
"996","Sigma.21.2","Sigma","2","21","3",3.14743100585548,1.45120616147253e-19
"997","Connect.21.2","Connect","3","21","3",0,1
"998","Tau1.21.2","Tau1","4","21","3",1480.80217769186,3.03335575227055e-12
"999","Tau2.21.2","Tau2","5","21","3",4479776.85299596,6.52153297645887e-16
"1000","NPQ.21.2","NPQ","6","21","3",0.744584325215767,7.12050330283504e-98
"1001","qP.21.2","qP","7","21","3",0.686906027035144,2.40006485677811e-79
"1002","ABQ.21.2","ABQ","8","21","3",0.222607885740865,1.45120616147253e-19
"1003","qm.21.2","qm","9","21","3",0.773395463507705,1.20003242838906e-79
"1004","nTau1.21.2","nTau1","10","21","3",2.15468517052089,3.03335575227055e-12
"1005","nTau2.21.2","nTau2","11","21","3",4.21349037209572,6.52153297645887e-16
"1006","nCon.21.2","nCon","12","21","3",0,1
"1007","Fm.21.2","Fm","13","21","3",2294.84689487479,7.12050330283504e-98
"1008","Fo.21.2","Fo","14","21","3",2101.29307014874,2.40006485677811e-79
"1009","Quant.22.2","Quant","1","22","3",0.0824152396000481,3.88025566004802e-82
"1010","Sigma.22.2","Sigma","2","22","3",3.22052816125979,3.86924030112639e-21
"1011","Connect.22.2","Connect","3","22","3",0,1
"1012","Tau1.22.2","Tau1","4","22","3",833.43566840496,8.04391216804222e-11
"1013","Tau2.22.2","Tau2","5","22","3",3563127.69574705,2.58415750118412e-16
"1014","NPQ.22.2","NPQ","6","22","3",0.812369686900412,2.46725083858211e-100
"1015","qP.22.2","qP","7","22","3",0.713747842683091,7.76051132009604e-82
"1016","ABQ.22.2","ABQ","8","22","3",0.204553430510434,3.86924030112639e-21
"1017","qm.22.2","qm","9","22","3",0.778574270623506,3.88025566004802e-82
"1018","nTau1.22.2","nTau1","10","22","3",1.2127153122468,8.04391216804222e-11
"1019","nTau2.22.2","nTau2","11","22","3",3.3513285891768,2.58415750118412e-16
"1020","nCon.22.2","nCon","12","22","3",0,1
"1021","Fm.22.2","Fm","13","22","3",2209.01615741304,2.46725083858211e-100
"1022","Fo.22.2","Fo","14","22","3",2026.95956151947,7.76051132009604e-82
"1023","Quant.23.2","Quant","1","23","3",0.299439845015496,6.38483477274579e-70
"1024","Sigma.23.2","Sigma","2","23","3",3.48584684371585,2.89444805761564e-50
"1025","Connect.23.2","Connect","3","23","3",0.0966970773383297,0.000976764835239169
"1026","Tau1.23.2","Tau1","4","23","3",1044.77941608173,2.12482566072573e-16
"1027","Tau2.23.2","Tau2","5","23","3",814463.323586797,8.39773436773245e-16
"1028","NPQ.23.2","NPQ","6","23","3",1.27244165475799,1.0625307573754e-101
"1029","qP.23.2","qP","7","23","3",1,1.27696695454916e-69
"1030","ABQ.23.2","ABQ","8","23","3",0.139021683786441,2.89444805761564e-50
"1031","qm.23.2","qm","9","23","3",0.195492406395895,6.38483477274579e-70
"1032","nTau1.23.2","nTau1","10","23","3",1.52023730665071,2.12482566072573e-16
"1033","nTau2.23.2","nTau2","11","23","3",0.766050070119675,8.39773436773245e-16
"1034","nCon.23.2","nCon","12","23","3",0.398912023872769,0.000976764835239169
"1035","Fm.23.2","Fm","13","23","3",1761.7851323866,1.0625307573754e-101
"1036","Fo.23.2","Fo","14","23","3",1234.23646539415,1.27696695454916e-69
"1037","Quant.24.2","Quant","1","24","3",0.316325196264275,4.99573028693981e-69
"1038","Sigma.24.2","Sigma","2","24","3",3.59053623775379,1.98889796912915e-51
"1039","Connect.24.2","Connect","3","24","3",0.101857450980008,0.000355472931970932
"1040","Tau1.24.2","Tau1","4","24","3",945.230281544254,1.44355472226e-18
"1041","Tau2.24.2","Tau2","5","24","3",784902.455671576,1.25634659370168e-17
"1042","NPQ.24.2","NPQ","6","24","3",1.14859956032478,1.60893080820047e-101
"1043","qP.24.2","qP","7","24","3",0.98567280597428,9.99146057387963e-69
"1044","ABQ.24.2","ABQ","8","24","3",0.113164179930042,1.98889796912915e-51
"1045","qm.24.2","qm","9","24","3",0.150126388725092,4.99573028693981e-69
"1046","nTau1.24.2","nTau1","10","24","3",1.37538538303966,1.44355472226e-18
"1047","nTau2.24.2","nTau2","11","24","3",0.738246356577944,1.25634659370168e-17
"1048","nCon.24.2","nCon","12","24","3",0.420200517279234,0.000355472931970932
"1049","Fm.24.2","Fm","13","24","3",1863.33181645232,1.60893080820047e-101
"1050","Fo.24.2","Fo","14","24","3",1273.91301390757,9.99146057387963e-69
"1051","Quant.25.2","Quant","1","25","3",0.331074157848884,5.88272728315494e-68
"1052","Sigma.25.2","Sigma","2","25","3",3.76589318678986,3.27708694781594e-52
"1053","Connect.25.2","Connect","3","25","3",0.151760099543618,1.69046419429767e-07
"1054","Tau1.25.2","Tau1","4","25","3",1013.59600561424,2.33115020167487e-18
"1055","Tau2.25.2","Tau2","5","25","3",759133.581904244,3.20305422160835e-16
"1056","NPQ.25.2","NPQ","6","25","3",1.02408622139902,1.90246619856691e-101
"1057","qP.25.2","qP","7","25","3",0.967909218443192,1.17654545663099e-67
"1058","ABQ.25.2","ABQ","8","25","3",0.0698523141234292,3.27708694781594e-52
"1059","qm.25.2","qm","9","25","3",0.110500227443919,5.88272728315494e-68
"1060","nTau1.25.2","nTau1","10","25","3",1.47486295948078,2.33115020167487e-18
"1061","nTau2.25.2","nTau2","11","25","3",0.714009233819075,3.20305422160835e-16
"1062","nCon.25.2","nCon","12","25","3",0.626067820439499,1.69046419429767e-07
"1063","Fm.25.2","Fm","13","25","3",1977.95621512676,1.90246619856691e-101
"1064","Fo.25.2","Fo","14","25","3",1323.1060269417,1.17654545663099e-67
"1065","Quant.26.2","Quant","1","26","3",0.345047340523658,4.95423248807746e-67
"1066","Sigma.26.2","Sigma","2","26","3",3.68274960321939,7.9126399733953e-53
"1067","Connect.26.2","Connect","3","26","3",0.157545186646768,6.44071685825984e-08
"1068","Tau1.26.2","Tau1","4","26","3",1087.8933391012,2.75560573882708e-17
"1069","Tau2.26.2","Tau2","5","26","3",738388.433374012,1.519166806477e-14
"1070","NPQ.26.2","NPQ","6","26","3",0.926714875811801,2.8508100318105e-100
"1071","qP.26.2","qP","7","26","3",0.954248325416465,9.90846497615493e-67
"1072","ABQ.26.2","ABQ","8","26","3",0.0903881625975272,7.9126399733953e-53
"1073","qm.26.2","qm","9","26","3",0.0729583579973491,4.95423248807746e-67
"1074","nTau1.26.2","nTau1","10","26","3",1.58297150030096,2.75560573882708e-17
"1075","nTau2.26.2","nTau2","11","26","3",0.694497216486924,1.519166806477e-14
"1076","nCon.26.2","nCon","12","26","3",0.649933493199422,6.44071685825984e-08
"1077","Fm.26.2","Fm","13","26","3",2077.9171697015,2.8508100318105e-100
"1078","Fo.26.2","Fo","14","26","3",1360.93737646755,9.90846497615493e-67
"1079","Quant.27.2","Quant","1","27","3",0.355533277225564,5.63076065720426e-67
"1080","Sigma.27.2","Sigma","2","27","3",3.74833446387498,8.6083964304305e-54
"1081","Connect.27.2","Connect","3","27","3",0.168689643844977,2.91811107626308e-09
"1082","Tau1.27.2","Tau1","4","27","3",1133.68571628385,4.53028500255614e-17
"1083","Tau2.27.2","Tau2","5","27","3",712715.453251859,5.16590905271995e-14
"1084","NPQ.27.2","NPQ","6","27","3",0.86665063764976,7.19991366831291e-101
"1085","qP.27.2","qP","7","27","3",0.946556320119793,1.12615213144085e-66
"1086","ABQ.27.2","ABQ","8","27","3",0.0741891884520779,8.6083964304305e-54
"1087","qm.27.2","qm","9","27","3",0.0447857021428846,5.63076065720426e-67
"1088","nTau1.27.2","nTau1","10","27","3",1.64960305819895,4.53028500255614e-17
"1089","nTau2.27.2","nTau2","11","27","3",0.670350287272055,5.16590905271995e-14
"1090","nCon.27.2","nCon","12","27","3",0.695908595015027,2.91811107626308e-09
"1091","Fm.27.2","Fm","13","27","3",2144.7794465757,7.19991366831291e-101
"1092","Fo.27.2","Fo","14","27","3",1382.23898100861,1.12615213144085e-66
"1093","Quant.1.3","Quant","1","1","4",0.39952346548498,2.45267903527882e-68
"1094","Sigma.1.3","Sigma","2","1","4",3.64127909113677,5.04625097085311e-57
"1095","Connect.1.3","Connect","3","1","4",0.214336204299038,2.79794147541219e-15
"1096","Tau1.1.3","Tau1","4","1","4",608.390451964735,1.43056856100949e-30
"1097","Tau2.1.3","Tau2","5","1","4",1156435.74664725,4.25283093209616e-26
"1098","NPQ.1.3","NPQ","6","1","4",0.785407571417384,4.45236587557149e-101
"1099","qP.1.3","qP","7","1","4",0.899064189380017,4.90535807055764e-68
"1100","ABQ.1.3","ABQ","8","1","4",0,5.04625097085311e-57
"1101","qm.1.3","qm","9","1","4",0,2.45267903527882e-68
"1102","nTau1.1.3","nTau1","10","1","4",1,1.43056856100949e-30
"1103","nTau2.1.3","nTau2","11","1","4",1,4.25283093209616e-26
"1104","nCon.1.3","nCon","12","1","4",1,2.79794147541219e-15
"1105","Fm.1.3","Fm","13","1","4",1922.8114161401,4.45236587557149e-101
"1106","Fo.1.3","Fo","14","1","4",1154.60313568972,4.90535807055764e-68
"1107","Quant.3.3","Quant","1","3","4",0.104057145950398,5.98237852642846e-73
"1108","Sigma.3.3","Sigma","2","3","4",4.30248326276751,1.04131333436058e-14
"1109","Connect.3.3","Connect","3","3","4",0,1
"1110","Tau1.3.3","Tau1","4","3","4",991.047291767065,1.29555248233e-10
"1111","Tau2.3.3","Tau2","5","3","4",4523733.63069866,5.6549887876112e-14
"1112","NPQ.3.3","NPQ","6","3","4",0.110555480227996,3.81967427726173e-88
"1113","qP.3.3","qP","7","3","4",0.261788163292542,1.19647570528569e-72
"1114","ABQ.3.3","ABQ","8","3","4",-0.181585688732342,1.04131333436058e-14
"1115","qm.3.3","qm","9","3","4",0.73954684783262,5.98237852642846e-73
"1116","nTau1.3.3","nTau1","10","3","4",1.62896588624391,1.29555248233e-10
"1117","nTau2.3.3","nTau2","11","3","4",3.91178986278652,5.6549887876112e-14
"1118","nCon.3.3","nCon","12","3","4",0,1
"1119","Fm.3.3","Fm","13","3","4",3091.24768812047,3.81967427726173e-88
"1120","Fo.3.3","Fo","14","3","4",2769.58127626889,1.19647570528569e-72
"1121","Quant.4.3","Quant","1","4","4",0.101632258913569,4.25473126499894e-74
"1122","Sigma.4.3","Sigma","2","4","4",4.03377037701159,3.08288460178393e-14
"1123","Connect.4.3","Connect","3","4","4",0,1
"1124","Tau1.4.3","Tau1","4","4","4",1647.60842779906,5.84003217322658e-12
"1125","Tau2.4.3","Tau2","5","4","4",3752299.69025836,1.08383128912894e-17
"1126","NPQ.4.3","NPQ","6","4","4",0.134235367798088,4.49358619161763e-89
"1127","qP.4.3","qP","7","4","4",0.281708628034953,8.50946252999788e-74
"1128","ABQ.4.3","ABQ","8","4","4",-0.107789399288341,3.08288460178393e-14
"1129","qm.4.3","qm","9","4","4",0.745616296178754,4.25473126499894e-74
"1130","nTau1.4.3","nTau1","10","4","4",2.70814313814143,5.84003217322658e-12
"1131","nTau2.4.3","nTau2","11","4","4",3.24471091553255,1.08383128912894e-17
"1132","nCon.4.3","nCon","12","4","4",0,1
"1133","Fm.4.3","Fm","13","4","4",3026.71046790655,4.49358619161763e-89
"1134","Fo.4.3","Fo","14","4","4",2719.09904597587,8.50946252999788e-74
"1135","Quant.5.3","Quant","1","5","4",0.114988491213925,3.18385494317573e-74
"1136","Sigma.5.3","Sigma","2","5","4",3.77062167818639,7.36758302048802e-18
"1137","Connect.5.3","Connect","3","5","4",0,1
"1138","Tau1.5.3","Tau1","4","5","4",1082.54896977557,2.51882771370737e-11
"1139","Tau2.5.3","Tau2","5","5","4",3082878.71832879,1.75756033607887e-17
"1140","NPQ.5.3","NPQ","6","5","4",0.203560724171029,6.38984369608686e-89
"1141","qP.5.3","qP","7","5","4",0.358544883522271,6.36770988635145e-74
"1142","ABQ.5.3","ABQ","8","5","4",-0.0355211956601904,7.36758302048802e-18
"1143","qm.5.3","qm","9","5","4",0.712185888570172,3.18385494317573e-74
"1144","nTau1.5.3","nTau1","10","5","4",1.77936548195257,2.51882771370737e-11
"1145","nTau2.5.3","nTau2","11","5","4",2.66584522941868,1.75756033607887e-17
"1146","nCon.5.3","nCon","12","5","4",0,1
"1147","Fm.5.3","Fm","13","5","4",2852.3712944761,6.38984369608686e-89
"1148","Fo.5.3","Fo","14","5","4",2524.38142294239,6.36770988635145e-74
"1149","Quant.6.3","Quant","1","6","4",0.127178819183376,1.86857725919382e-73
"1150","Sigma.6.3","Sigma","2","6","4",3.79944010088073,2.34119494577589e-21
"1151","Connect.6.3","Connect","3","6","4",0,1
"1152","Tau1.6.3","Tau1","4","6","4",1184.8867566935,5.04681251938928e-14
"1153","Tau2.6.3","Tau2","5","6","4",2625610.65848634,1.9205029840848e-22
"1154","NPQ.6.3","NPQ","6","6","4",0.291272518200049,2.54791871225093e-90
"1155","qP.6.3","qP","7","6","4",0.438997501739379,3.73715451838764e-73
"1156","ABQ.6.3","ABQ","8","6","4",-0.0434355636537032,2.34119494577589e-21
"1157","qm.6.3","qm","9","6","4",0.681673718390998,1.86857725919382e-73
"1158","nTau1.6.3","nTau1","10","6","4",1.94757618708023,5.04681251938928e-14
"1159","nTau2.6.3","nTau2","11","6","4",2.27043367182184,1.9205029840848e-22
"1160","nCon.6.3","nCon","12","6","4",0,1
"1161","Fm.6.3","Fm","13","6","4",2658.61931729926,2.54791871225093e-90
"1162","Fo.6.3","Fo","14","6","4",2320.49925186703,3.73715451838764e-73
"1163","Quant.7.3","Quant","1","7","4",0.135930930800186,3.92061940439818e-73
"1164","Sigma.7.3","Sigma","2","7","4",3.75309336589093,9.87339814935925e-24
"1165","Connect.7.3","Connect","3","7","4",0,1
"1166","Tau1.7.3","Tau1","4","7","4",1045.83885892439,2.06336251351111e-12
"1167","Tau2.7.3","Tau2","5","7","4",2362878.58090697,6.17325329188852e-17
"1168","NPQ.7.3","NPQ","6","7","4",0.373621444162601,4.32702567984619e-91
"1169","qP.7.3","qP","7","7","4",0.502523949830911,7.84123880879637e-73
"1170","ABQ.7.3","ABQ","8","7","4",-0.0307074168048065,9.87339814935925e-24
"1171","qm.7.3","qm","9","7","4",0.659767341487239,3.92061940439818e-73
"1172","nTau1.7.3","nTau1","10","7","4",1.71902575976819,2.06336251351111e-12
"1173","nTau2.7.3","nTau2","11","7","4",2.04324242635828,6.17325329188852e-17
"1174","nCon.7.3","nCon","12","7","4",0,1
"1175","Fm.7.3","Fm","13","7","4",2499.23446912782,4.32702567984619e-91
"1176","Fo.7.3","Fo","14","7","4",2159.51120145137,7.84123880879637e-73
"1177","Quant.8.3","Quant","1","8","4",0.143460120778936,1.01978568401066e-70
"1178","Sigma.8.3","Sigma","2","8","4",3.6931537581305,1.75390213203843e-22
"1179","Connect.8.3","Connect","3","8","4",0,1
"1180","Tau1.8.3","Tau1","4","8","4",938.49837425567,1.78625004606331e-13
"1181","Tau2.8.3","Tau2","5","8","4",2578981.71312534,2.54518878720831e-16
"1182","NPQ.8.3","NPQ","6","8","4",0.442243136483269,1.56667296514708e-88
"1183","qP.8.3","qP","7","8","4",0.550141180586793,2.03957136802133e-70
"1184","ABQ.8.3","ABQ","8","8","4",-0.0142462760187754,1.75390213203843e-22
"1185","qm.8.3","qm","9","8","4",0.640921915300293,1.01978568401066e-70
"1186","nTau1.8.3","nTau1","10","8","4",1.54259221397194,1.78625004606331e-13
"1187","nTau2.8.3","nTau2","11","8","4",2.23011241273228,2.54518878720831e-16
"1188","nCon.8.3","nCon","12","8","4",0,1
"1189","Fm.8.3","Fm","13","8","4",2380.32130224261,1.56667296514708e-88
"1190","Fo.8.3","Fo","14","8","4",2038.84012073021,2.03957136802133e-70
"1191","Quant.9.3","Quant","1","9","4",0.149829544113681,1.37714335459167e-70
"1192","Sigma.9.3","Sigma","2","9","4",3.58655021942415,1.65544975554877e-21
"1193","Connect.9.3","Connect","3","9","4",0,1
"1194","Tau1.9.3","Tau1","4","9","4",933.293929884239,4.91438024112832e-16
"1195","Tau2.9.3","Tau2","5","9","4",2184467.53084013,7.64383842039658e-21
"1196","NPQ.9.3","NPQ","6","9","4",0.50462945387791,5.33194617056178e-86
"1197","qP.9.3","qP","7","9","4",0.58923411140679,2.75428670918334e-70
"1198","ABQ.9.3","ABQ","8","9","4",0.0150301227515987,1.65544975554877e-21
"1199","qm.9.3","qm","9","9","4",0.624979364023577,1.37714335459167e-70
"1200","nTau1.9.3","nTau1","10","9","4",1.53403776615866,4.91438024112832e-16
"1201","nTau2.9.3","nTau2","11","9","4",1.88896576154219,7.64383842039658e-21
"1202","nCon.9.3","nCon","12","9","4",0,1
"1203","Fm.9.3","Fm","13","9","4",2281.62625152417,5.33194617056178e-86
"1204","Fo.9.3","Fo","14","9","4",1939.7712304205,2.75428670918334e-70
"1205","Quant.10.3","Quant","1","10","4",0.236027276597614,4.66283748983192e-70
"1206","Sigma.10.3","Sigma","2","10","4",3.35678327295805,1.34829548484471e-39
"1207","Connect.10.3","Connect","3","10","4",0.117132424588093,0.0200181266625372
"1208","Tau1.10.3","Tau1","4","10","4",896.991868355897,9.08225965661018e-18
"1209","Tau2.10.3","Tau2","5","10","4",1298282.29079411,3.73506846513245e-17
"1210","NPQ.10.3","NPQ","6","10","4",0.847473096841184,8.7245133950869e-93
"1211","qP.10.3","qP","7","10","4",0.794485433744395,9.32567497966384e-70
"1212","ABQ.10.3","ABQ","8","10","4",0.0781307367708242,1.34829548484471e-39
"1213","qm.10.3","qm","9","10","4",0.409228000385154,4.66283748983192e-70
"1214","nTau1.10.3","nTau1","10","10","4",1.47436874700968,9.08225965661018e-18
"1215","nTau2.10.3","nTau2","11","10","4",1.12265838768657,3.73506846513245e-17
"1216","nCon.10.3","nCon","12","10","4",0.546489217587675,0.0200181266625372
"1217","Fm.10.3","Fm","13","10","4",1858.21491346969,8.7245133950869e-93
"1218","Fo.10.3","Fo","14","10","4",1419.62550811036,9.32567497966384e-70
"1219","Quant.11.3","Quant","1","11","4",0.24412881238352,3.39754091493945e-68
"1220","Sigma.11.3","Sigma","2","11","4",3.27870001022228,3.2330322474217e-38
"1221","Connect.11.3","Connect","3","11","4",0.0924026446958901,0.0886040823290172
"1222","Tau1.11.3","Tau1","4","11","4",896.976908193199,4.44307584984616e-18
"1223","Tau2.11.3","Tau2","5","11","4",1267135.72972419,1.84375049351075e-16
"1224","NPQ.11.3","NPQ","6","11","4",0.870391439384934,1.25229528929767e-90
"1225","qP.11.3","qP","7","11","4",0.807217288852461,6.79508182987889e-68
"1226","ABQ.11.3","ABQ","8","11","4",0.0995746472158763,3.2330322474217e-38
"1227","qm.11.3","qm","9","11","4",0.388950003006274,3.39754091493945e-68
"1228","nTau1.11.3","nTau1","10","11","4",1.47434415727023,4.44307584984616e-18
"1229","nTau2.11.3","nTau2","11","11","4",1.09572514806627,1.84375049351075e-16
"1230","nCon.11.3","nCon","12","11","4",0.431110763569237,0.0886040823290172
"1231","Fm.11.3","Fm","13","11","4",1835.44577273794,1.25229528929767e-90
"1232","Fo.11.3","Fo","14","11","4",1387.36057604508,6.79508182987889e-68
"1233","Quant.12.3","Quant","1","12","4",0.247428085442322,1.52273097857723e-69
"1234","Sigma.12.3","Sigma","2","12","4",3.29689421572561,2.8704860744393e-40
"1235","Connect.12.3","Connect","3","12","4",0.0962795314022787,0.0485340318910058
"1236","Tau1.12.3","Tau1","4","12","4",814.238750336943,7.29878440040517e-18
"1237","Tau2.12.3","Tau2","5","12","4",1271227.16317946,1.10224331380579e-15
"1238","NPQ.12.3","NPQ","6","12","4",0.889452246612606,1.77228957227597e-92
"1239","qP.12.3","qP","7","12","4",0.815105511655526,3.04546195715445e-69
"1240","ABQ.12.3","ABQ","8","12","4",0.0945779949275033,2.8704860744393e-40
"1241","qm.12.3","qm","9","12","4",0.380691982279515,1.52273097857723e-69
"1242","nTau1.12.3","nTau1","10","12","4",1.33834899562845,7.29878440040517e-18
"1243","nTau2.12.3","nTau2","11","12","4",1.09926311674904,1.10224331380579e-15
"1244","nCon.12.3","nCon","12","12","4",0.449198639665894,0.0485340318910058
"1245","Fm.12.3","Fm","13","12","4",1816.92978318927,1.77228957227597e-92
"1246","Fo.12.3","Fo","14","12","4",1367.37032555161,3.04546195715445e-69
"1247","Quant.13.3","Quant","1","13","4",0.247318145699074,1.58719672744841e-71
"1248","Sigma.13.3","Sigma","2","13","4",3.22700188295739,5.31136964473587e-43
"1249","Connect.13.3","Connect","3","13","4",0.146416401011683,0.000617937334228195
"1250","Tau1.13.3","Tau1","4","13","4",806.150440619523,4.74722733677951e-20
"1251","Tau2.13.3","Tau2","5","13","4",1253107.18725578,5.29328004441678e-18
"1252","NPQ.13.3","NPQ","6","13","4",0.911253051972773,2.24054845239406e-94
"1253","qP.13.3","qP","7","13","4",0.821182210226641,3.17439345489682e-71
"1254","ABQ.13.3","ABQ","8","13","4",0.113772440345966,5.31136964473587e-43
"1255","qm.13.3","qm","9","13","4",0.380967159466203,1.58719672744841e-71
"1256","nTau1.13.3","nTau1","10","13","4",1.32505439231688,4.74722733677951e-20
"1257","nTau2.13.3","nTau2","11","13","4",1.08359430334872,5.29328004441678e-18
"1258","nCon.13.3","nCon","12","13","4",0.683115582318543,0.000617937334228195
"1259","Fm.13.3","Fm","13","13","4",1796.20488100245,2.24054845239406e-94
"1260","Fo.13.3","Fo","14","13","4",1351.9708205373,3.17439345489682e-71
"1261","Quant.14.3","Quant","1","14","4",0.247239622113957,1.17442161531436e-72
"1262","Sigma.14.3","Sigma","2","14","4",3.29415604228833,2.15867533692511e-44
"1263","Connect.14.3","Connect","3","14","4",0.151332082071912,0.000158621925951196
"1264","Tau1.14.3","Tau1","4","14","4",717.301332728562,6.42595589082787e-20
"1265","Tau2.14.3","Tau2","5","14","4",1199013.37325523,2.07880144654743e-18
"1266","NPQ.14.3","NPQ","6","14","4",0.937041512077965,4.45398634390269e-96
"1267","qP.14.3","qP","7","14","4",0.828229851654635,2.34884323062872e-72
"1268","ABQ.14.3","ABQ","8","14","4",0.0953299761321144,2.15867533692511e-44
"1269","qm.14.3","qm","9","14","4",0.381163702577934,1.17442161531436e-72
"1270","nTau1.14.3","nTau1","10","14","4",1.17901477646816,6.42595589082787e-20
"1271","nTau2.14.3","nTau2","11","14","4",1.03681797863082,2.07880144654743e-18
"1272","nCon.14.3","nCon","12","14","4",0.706050023451833,0.000158621925951196
"1273","Fm.14.3","Fm","13","14","4",1772.29142451447,4.45398634390269e-96
"1274","Fo.14.3","Fo","14","14","4",1334.1107624417,2.34884323062872e-72
"1275","Quant.15.3","Quant","1","15","4",0.250778872431503,3.98870112406133e-70
"1276","Sigma.15.3","Sigma","2","15","4",3.35650248619717,2.33522080238311e-42
"1277","Connect.15.3","Connect","3","15","4",0.177118094110604,5.69954631461182e-05
"1278","Tau1.15.3","Tau1","4","15","4",776.179542130099,3.18313457677039e-19
"1279","Tau2.15.3","Tau2","5","15","4",1222836.96421466,3.53224275226992e-17
"1280","NPQ.15.3","NPQ","6","15","4",0.957363145814713,8.49987202764253e-94
"1281","qP.15.3","qP","7","15","4",0.836144964674732,7.97740224812267e-70
"1282","ABQ.15.3","ABQ","8","15","4",0.078207848893751,2.33522080238311e-42
"1283","qm.15.3","qm","9","15","4",0.37230502311777,3.98870112406133e-70
"1284","nTau1.15.3","nTau1","10","15","4",1.27579178736863,3.18313457677039e-19
"1285","nTau2.15.3","nTau2","11","15","4",1.05741885596318,3.53224275226992e-17
"1286","nCon.15.3","nCon","12","15","4",0.826356399703207,5.69954631461182e-05
"1287","Fm.15.3","Fm","13","15","4",1753.89123276631,8.49987202764253e-94
"1288","Fo.15.3","Fo","14","15","4",1314.05236704568,7.97740224812267e-70
"1289","Quant.16.3","Quant","1","16","4",0.117264915090774,4.57833126721084e-73
"1290","Sigma.16.3","Sigma","2","16","4",3.66356014726495,1.29381271386179e-18
"1291","Connect.16.3","Connect","3","16","4",0,1
"1292","Tau1.16.3","Tau1","4","16","4",617.817561534981,8.87100662230938e-15
"1293","Tau2.16.3","Tau2","5","16","4",3295677.07106015,1.73998497259366e-17
"1294","NPQ.16.3","NPQ","6","16","4",0.613418735821615,8.00648924134091e-89
"1295","qP.16.3","qP","7","16","4",0.613503847804443,9.15666253442169e-73
"1296","ABQ.16.3","ABQ","8","16","4",-0.00611901905086687,1.29381271386179e-18
"1297","qm.16.3","qm","9","16","4",0.706488040825269,4.57833126721084e-73
"1298","nTau1.16.3","nTau1","10","16","4",1.01549516357432,8.87100662230938e-15
"1299","nTau2.16.3","nTau2","11","16","4",2.84985748721018,1.73998497259366e-17
"1300","nCon.16.3","nCon","12","16","4",0,1
"1301","Fm.16.3","Fm","13","16","4",2127.78120432331,8.00648924134091e-89
"1302","Fo.16.3","Fo","14","16","4",1878.26712206659,9.15666253442169e-73
"1303","Quant.17.3","Quant","1","17","4",0.114328000685285,4.95006564332958e-76
"1304","Sigma.17.3","Sigma","2","17","4",3.59594193241676,4.07667770627262e-20
"1305","Connect.17.3","Connect","3","17","4",0,1
"1306","Tau1.17.3","Tau1","4","17","4",608.305607549623,5.22860601879961e-13
"1307","Tau2.17.3","Tau2","5","17","4",3575227.60542777,2.88976405456679e-16
"1308","NPQ.17.3","NPQ","6","17","4",0.694701410075749,2.19029301384581e-90
"1309","qP.17.3","qP","7","17","4",0.646704846683649,9.90013128665913e-76
"1310","ABQ.17.3","ABQ","8","17","4",0.0124508881591521,4.07667770627262e-20
"1311","qm.17.3","qm","9","17","4",0.713839084403959,4.95006564332958e-76
"1312","nTau1.17.3","nTau1","10","17","4",0.999860542822725,5.22860601879961e-13
"1313","nTau2.17.3","nTau2","11","17","4",3.09159208870282,2.88976405456679e-16
"1314","nCon.17.3","nCon","12","17","4",0,1
"1315","Fm.17.3","Fm","13","17","4",2025.72679787342,2.19029301384581e-90
"1316","Fo.17.3","Fo","14","17","4",1794.12950313795,9.90013128665913e-76
"1317","Quant.18.3","Quant","1","18","4",0.115278728119785,1.79604644161008e-74
"1318","Sigma.18.3","Sigma","2","18","4",3.80635185170329,3.11873292002551e-17
"1319","Connect.18.3","Connect","3","18","4",0,1
"1320","Tau1.18.3","Tau1","4","18","4",802.051224648999,2.6301014004941e-12
"1321","Tau2.18.3","Tau2","5","18","4",3301593.10116914,5.61862208795319e-16
"1322","NPQ.18.3","NPQ","6","18","4",0.774941487842344,2.05572359066828e-88
"1323","qP.18.3","qP","7","18","4",0.679435771613865,3.59209288322015e-74
"1324","ABQ.18.3","ABQ","8","18","4",-0.0453337292843949,3.11873292002551e-17
"1325","qm.18.3","qm","9","18","4",0.711459430850079,1.79604644161008e-74
"1326","nTau1.18.3","nTau1","10","18","4",1.31831658774206,2.6301014004941e-12
"1327","nTau2.18.3","nTau2","11","18","4",2.85497323196828,5.61862208795319e-16
"1328","nCon.18.3","nCon","12","18","4",0,1
"1329","Fm.18.3","Fm","13","18","4",1934.14942650168,2.05572359066828e-88
"1330","Fo.18.3","Fo","14","18","4",1711.18314062096,3.59209288322015e-74
"1331","Quant.19.3","Quant","1","19","4",0.116919910301749,7.4149202245419e-73
"1332","Sigma.19.3","Sigma","2","19","4",3.94788330876429,5.91508780504621e-17
"1333","Connect.19.3","Connect","3","19","4",0,1
"1334","Tau1.19.3","Tau1","4","19","4",661.715778792181,2.57873299402139e-13
"1335","Tau2.19.3","Tau2","5","19","4",3708161.7416562,8.97705115536844e-15
"1336","NPQ.19.3","NPQ","6","19","4",0.849774553561455,1.81195800802444e-88
"1337","qP.19.3","qP","7","19","4",0.707954631617832,1.48298404490838e-72
"1338","ABQ.19.3","ABQ","8","19","4",-0.0842023393301077,5.91508780504621e-17
"1339","qm.19.3","qm","9","19","4",0.707351581565252,7.4149202245419e-73
"1340","nTau1.19.3","nTau1","10","19","4",1.08764984173443,2.57873299402139e-13
"1341","nTau2.19.3","nTau2","11","19","4",3.20654368598251,8.97705115536844e-15
"1342","nCon.19.3","nCon","12","19","4",0,1
"1343","Fm.19.3","Fm","13","19","4",1855.90295540319,1.81195800802444e-88
"1344","Fo.19.3","Fo","14","19","4",1638.91094832869,1.48298404490838e-72
"1345","Quant.20.3","Quant","1","20","4",0.111860098399254,2.01768691487173e-75
"1346","Sigma.20.3","Sigma","2","20","4",3.37011977785616,2.98704231219952e-20
"1347","Connect.20.3","Connect","3","20","4",0.0406871021281626,0.761672538540007
"1348","Tau1.20.3","Tau1","4","20","4",682.776561157777,3.19491156549809e-10
"1349","Tau2.20.3","Tau2","5","20","4",3923564.99256707,8.49865815485393e-12
"1350","NPQ.20.3","NPQ","6","20","4",0.917144920719148,1.16156436164347e-89
"1351","qP.20.3","qP","7","20","4",0.727105695454211,4.03537382974345e-75
"1352","ABQ.20.3","ABQ","8","20","4",0.0744681488273268,2.98704231219952e-20
"1353","qm.20.3","qm","9","20","4",0.720016199139974,2.01768691487173e-75
"1354","nTau1.20.3","nTau1","10","20","4",1.12226705556081,3.19491156549809e-10
"1355","nTau2.20.3","nTau2","11","20","4",3.39280846682777,8.49865815485393e-12
"1356","nCon.20.3","nCon","12","20","4",0.189828415881606,0.761672538540007
"1357","Fm.20.3","Fm","13","20","4",1790.68469142987,1.16156436164347e-89
"1358","Fo.20.3","Fo","14","20","4",1590.37852564449,4.03537382974345e-75
"1359","Quant.21.3","Quant","1","21","4",0.117669716140885,4.53262169903269e-73
"1360","Sigma.21.3","Sigma","2","21","4",3.70818498558866,4.71457639562065e-16
"1361","Connect.21.3","Connect","3","21","4",0,1
"1362","Tau1.21.3","Tau1","4","21","4",678.565584905554,1.62168714938439e-11
"1363","Tau2.21.3","Tau2","5","21","4",3915918.46818944,3.30449650613607e-12
"1364","NPQ.21.3","NPQ","6","21","4",0.998920918245121,2.00540630680767e-86
"1365","qP.21.3","qP","7","21","4",0.75671678043277,9.06524339806517e-73
"1366","ABQ.21.3","ABQ","8","21","4",-0.0183742835353511,4.71457639562065e-16
"1367","qm.21.3","qm","9","21","4",0.705474831126512,4.53262169903269e-73
"1368","nTau1.21.3","nTau1","10","21","4",1.11534555270254,1.62168714938439e-11
"1369","nTau2.21.3","nTau2","11","21","4",3.3861963187687,3.30449650613607e-12
"1370","nCon.21.3","nCon","12","21","4",0,1
"1371","Fm.21.3","Fm","13","21","4",1717.4276528149,2.00540630680767e-86
"1372","Fo.21.3","Fo","14","21","4",1515.33842841566,9.06524339806517e-73
"1373","Quant.22.3","Quant","1","22","4",0.118078395732875,2.14728144464274e-73
"1374","Sigma.22.3","Sigma","2","22","4",3.71607686686825,1.97165844177075e-16
"1375","Connect.22.3","Connect","3","22","4",0,1
"1376","Tau1.22.3","Tau1","4","22","4",1104.7178739801,1.24467860637112e-10
"1377","Tau2.22.3","Tau2","5","22","4",4194918.84126684,1.20133103291874e-09
"1378","NPQ.22.3","NPQ","6","22","4",1.06910910567098,9.65131628626619e-87
"1379","qP.22.3","qP","7","22","4",0.777268236705953,4.29456288928539e-73
"1380","ABQ.22.3","ABQ","8","22","4",-0.0205416211884293,1.97165844177075e-16
"1381","qm.22.3","qm","9","22","4",0.704451913507657,2.14728144464274e-73
"1382","nTau1.22.3","nTau1","10","22","4",1.81580409490736,1.24467860637112e-10
"1383","nTau2.22.3","nTau2","11","22","4",3.62745518151683,1.20133103291874e-09
"1384","nCon.22.3","nCon","12","22","4",0,1
"1385","Fm.22.3","Fm","13","22","4",1659.16918125545,9.65131628626619e-87
"1386","Fo.22.3","Fo","14","22","4",1463.25714608338,4.29456288928539e-73
"1387","Quant.23.3","Quant","1","23","4",0.316620978970369,6.91396105805354e-68
"1388","Sigma.23.3","Sigma","2","23","4",3.28890174513179,2.35056736354142e-47
"1389","Connect.23.3","Connect","3","23","4",0.181378524420649,3.67494783956413e-07
"1390","Tau1.23.3","Tau1","4","23","4",939.384312362678,1.83498718010453e-17
"1391","Tau2.23.3","Tau2","5","23","4",1033518.52151348,8.04114692652672e-14
"1392","NPQ.23.3","NPQ","6","23","4",1.61015632123017,8.53369344158611e-94
"1393","qP.23.3","qP","7","23","4",1,1.38279221161071e-67
"1394","ABQ.23.3","ABQ","8","23","4",0.0967729573002782,2.35056736354142e-47
"1395","qm.23.3","qm","9","23","4",0.207503422643713,6.91396105805354e-68
"1396","nTau1.23.3","nTau1","10","23","4",1.54404841385829,1.83498718010453e-17
"1397","nTau2.23.3","nTau2","11","23","4",0.893710285685883,8.04114692652672e-14
"1398","nCon.23.3","nCon","12","23","4",0.846233724320291,3.67494783956413e-07
"1399","Fm.23.3","Fm","13","23","4",1315.24768568893,8.53369344158611e-94
"1400","Fo.23.3","Fo","14","23","4",898.81267585759,1.38279221161071e-67
"1401","Quant.24.3","Quant","1","24","4",0.336685425939079,1.88542104518476e-68
"1402","Sigma.24.3","Sigma","2","24","4",3.46047227174594,2.88213477434885e-50
"1403","Connect.24.3","Connect","3","24","4",0.188778510012849,3.59808991478397e-09
"1404","Tau1.24.3","Tau1","4","24","4",838.382734667685,1.31861639792558e-17
"1405","Tau2.24.3","Tau2","5","24","4",957298.906303139,7.29116861155548e-14
"1406","NPQ.24.3","NPQ","6","24","4",1.47020584395859,3.37822759215929e-96
"1407","qP.24.3","qP","7","24","4",0.990909224745689,3.77084209036951e-68
"1408","ABQ.24.3","ABQ","8","24","4",0.0496547545149523,2.88213477434885e-50
"1409","qm.24.3","qm","9","24","4",0.157282475184836,1.88542104518476e-68
"1410","nTau1.24.3","nTau1","10","24","4",1.3780340108235,1.31861639792558e-17
"1411","nTau2.24.3","nTau2","11","24","4",0.827801206490332,7.29116861155548e-14
"1412","nCon.24.3","nCon","12","24","4",0.880758855603643,3.59808991478397e-09
"1413","Fm.24.3","Fm","13","24","4",1389.76355722761,3.37822759215929e-96
"1414","Fo.24.3","Fo","14","24","4",921.85042200782,3.77084209036951e-68
"1415","Quant.25.3","Quant","1","25","4",0.351041822906643,7.94617972789195e-68
"1416","Sigma.25.3","Sigma","2","25","4",3.50352068539092,1.84737170769543e-51
"1417","Connect.25.3","Connect","3","25","4",0.195143850531252,2.20376509922389e-10
"1418","Tau1.25.3","Tau1","4","25","4",769.313633979284,2.81216692794353e-16
"1419","Tau2.25.3","Tau2","5","25","4",791191.858519186,1.49995012364409e-14
"1420","NPQ.25.3","NPQ","6","25","4",1.33318442513649,1.29601108026244e-96
"1421","qP.25.3","qP","7","25","4",0.977881791273362,1.58923594557839e-67
"1422","ABQ.25.3","ABQ","8","25","4",0.0378324216018393,1.84737170769543e-51
"1423","qm.25.3","qm","9","25","4",0.121348673524058,7.94617972789195e-68
"1424","nTau1.25.3","nTau1","10","25","4",1.26450642263511,2.81216692794353e-16
"1425","nTau2.25.3","nTau2","11","25","4",0.684164131741015,1.49995012364409e-14
"1426","nCon.25.3","nCon","12","25","4",0.910456780595924,2.20376509922389e-10
"1427","Fm.25.3","Fm","13","25","4",1471.38049774333,1.29601108026244e-96
"1428","Fo.25.3","Fo","14","25","4",954.864405626228,1.58923594557839e-67
"1429","Quant.26.3","Quant","1","26","4",0.364066211360646,6.69897543587334e-67
"1430","Sigma.26.3","Sigma","2","26","4",3.49276848042279,6.65745790854102e-52
"1431","Connect.26.3","Connect","3","26","4",0.188949569807999,3.03580683017464e-10
"1432","Tau1.26.3","Tau1","4","26","4",813.047115642242,1.01918493758338e-17
"1433","Tau2.26.3","Tau2","5","26","4",738387.2340805,6.70812984134642e-16
"1434","NPQ.26.3","NPQ","6","26","4",1.23201787317686,2.76647609884159e-96
"1435","qP.26.3","qP","7","26","4",0.968708467123964,1.33979508717467e-66
"1436","ABQ.26.3","ABQ","8","26","4",0.0407852864328536,6.65745790854102e-52
"1437","qm.26.3","qm","9","26","4",0.0887488650542521,6.69897543587334e-67
"1438","nTau1.26.3","nTau1","10","26","4",1.33639032798195,1.01918493758338e-17
"1439","nTau2.26.3","nTau2","11","26","4",0.638502602692144,6.70812984134642e-16
"1440","nCon.26.3","nCon","12","26","4",0.881556946601427,3.03580683017464e-10
"1441","Fm.26.3","Fm","13","26","4",1538.07104416153,2.76647609884159e-96
"1442","Fo.26.3","Fo","14","26","4",978.111346310126,1.33979508717467e-66
"1443","Quant.27.3","Quant","1","27","4",0.374995848476541,1.34119882817235e-66
"1444","Sigma.27.3","Sigma","2","27","4",3.47006690041263,1.80681162784169e-52
"1445","Connect.27.3","Connect","3","27","4",0.192975128711477,7.51258861836204e-11
"1446","Tau1.27.3","Tau1","4","27","4",786.683623387219,7.15879228269686e-18
"1447","Tau2.27.3","Tau2","5","27","4",698351.984529693,4.22048797912613e-16
"1448","NPQ.27.3","NPQ","6","27","4",1.15412243568819,3.84981526929579e-96
"1449","qP.27.3","qP","7","27","4",0.961624886093439,2.68239765634471e-66
"1450","ABQ.27.3","ABQ","8","27","4",0.047019793440409,1.80681162784169e-52
"1451","qm.27.3","qm","9","27","4",0.0613921812543975,1.34119882817235e-66
"1452","nTau1.27.3","nTau1","10","27","4",1.29305714914937,7.15879228269686e-18
"1453","nTau2.27.3","nTau2","11","27","4",0.603883083478148,4.22048797912613e-16
"1454","nCon.27.3","nCon","12","27","4",0.900338462848964,7.51258861836204e-11
"1455","Fm.27.3","Fm","13","27","4",1593.68938548173,3.84981526929579e-96
"1456","Fo.27.3","Fo","14","27","4",996.062482164951,2.68239765634471e-66
"1457","MTQuant.2.0","MTQuant","15","2","1",0.594875627784542,NA
"1458","PQpool.2.0","PQpool","16","2","1",0.631958350362368,NA
"1459","MTTau1.2.0","MTTau1","17","2","1",25723.7072091525,NA
"1460","MTTau2.2.0","MTTau2","18","2","1",5e+06,NA
"1461","MTQuant.2.1","MTQuant","15","2","2",0.572197849097538,NA
"1462","PQpool.2.1","PQpool","16","2","2",0.635952718005575,NA
"1463","MTTau1.2.1","MTTau1","17","2","2",25585.8754849833,NA
"1464","MTTau2.2.1","MTTau2","18","2","2",5e+06,NA
"1465","MTQuant.2.2","MTQuant","15","2","3",0.642471644094493,NA
"1466","PQpool.2.2","PQpool","16","2","3",0.596657993790785,NA
"1467","MTTau1.2.2","MTTau1","17","2","3",29577.7622169808,NA
"1468","MTTau2.2.2","MTTau2","18","2","3",5010000,NA
"1469","MTQuant.2.3","MTQuant","15","2","4",0.560096202127186,NA
"1470","PQpool.2.3","PQpool","16","2","4",0.663675373551643,NA
"1471","MTTau1.2.3","MTTau1","17","2","4",21280.6074083958,NA
"1472","MTTau2.2.3","MTTau2","18","2","4",1670000,NA
"1473","Ratio12","Ratio12","Ratio12","Ratio12","Ratio12",1.00166130488898,NA
"1474","Ratio32","Ratio32","Ratio32","Ratio32","Ratio32",1.14669593508076,NA
"1475","Ratio42","Ratio42","Ratio42","Ratio42","Ratio42",0.857206229009177,NA
"1476","mean.1.rQuant.All","rQuant","1","All","1",0.174621465223626,NA
"1477","min.1.rQuant.All","rQuant","1","All","1",0.0657543113159477,NA
"1478","max.1.rQuant.All","rQuant","1","All","1",0.381313282226226,NA
"1479","range.1.rQuant.All","rQuant","1","All","1",0.315558970910278,NA
"1480","slope.1.rQuant.All","rQuant","1","All","1",0.00506392255077461,NA
"1481","mean.1.rSigma.All","rSigma","2","All","1",3.82653466690321,NA
"1482","min.1.rSigma.All","rSigma","2","All","1",3.44982937747753,NA
"1483","max.1.rSigma.All","rSigma","2","All","1",4.43414641640881,NA
"1484","range.1.rSigma.All","rSigma","2","All","1",0.98431703893128,NA
"1485","slope.1.rSigma.All","rSigma","2","All","1",0.0021642006174357,NA
"1486","mean.1.rConnect.All","rConnect","3","All","1",0.0686228950000633,NA
"1487","min.1.rConnect.All","rConnect","3","All","1",0,NA
"1488","max.1.rConnect.All","rConnect","3","All","1",0.219323300948013,NA
"1489","range.1.rConnect.All","rConnect","3","All","1",0.219323300948013,NA
"1490","slope.1.rConnect.All","rConnect","3","All","1",0.00247031822687986,NA
"1491","mean.1.rTau1.All","rTau1","4","All","1",893.312397814164,NA
"1492","min.1.rTau1.All","rTau1","4","All","1",504.250718251116,NA
"1493","max.1.rTau1.All","rTau1","4","All","1",1735.38548893413,NA
"1494","range.1.rTau1.All","rTau1","4","All","1",1231.13477068301,NA
"1495","slope.1.rTau1.All","rTau1","4","All","1",-11.5892504757889,NA
"1496","mean.1.rTau2.All","rTau2","5","All","1",2328419.11036606,NA
"1497","min.1.rTau2.All","rTau2","5","All","1",642009.016578989,NA
"1498","max.1.rTau2.All","rTau2","5","All","1",5066608.91571303,NA
"1499","range.1.rTau2.All","rTau2","5","All","1",4424599.89913404,NA
"1500","slope.1.rTau2.All","rTau2","5","All","1",-44328.1590714759,NA
"1501","mean.1.rNPQ.All","rNPQ","6","All","1",0.674395299794688,NA
"1502","min.1.rNPQ.All","rNPQ","6","All","1",0.0337637388352968,NA
"1503","max.1.rNPQ.All","rNPQ","6","All","1",1.40599043980605,NA
"1504","range.1.rNPQ.All","rNPQ","6","All","1",1.37222670097075,NA
"1505","slope.1.rNPQ.All","rNPQ","6","All","1",0.0402213736423173,NA
"1506","mean.1.rqP.All","rqP","7","All","1",0.662125466981636,NA
"1507","min.1.rqP.All","rqP","7","All","1",0.135717335464478,NA
"1508","max.1.rqP.All","rqP","7","All","1",1,NA
"1509","range.1.rqP.All","rqP","7","All","1",0.864282664535522,NA
"1510","slope.1.rqP.All","rqP","7","All","1",0.0235739643924939,NA
"1511","mean.1.rABQ.All","rABQ","8","All","1",0.137030150212698,NA
"1512","min.1.rABQ.All","rABQ","8","All","1",0,NA
"1513","max.1.rABQ.All","rABQ","8","All","1",0.221985687096112,NA
"1514","range.1.rABQ.All","rABQ","8","All","1",0.221985687096112,NA
"1515","slope.1.rABQ.All","rABQ","8","All","1",-0.000488076038587037,NA
"1516","mean.1.rqm.All","rqm","9","All","1",0.542052497610019,NA
"1517","min.1.rqm.All","rqm","9","All","1",0,NA
"1518","max.1.rqm.All","rqm","9","All","1",0.827558298174001,NA
"1519","range.1.rqm.All","rqm","9","All","1",0.827558298174001,NA
"1520","slope.1.rqm.All","rqm","9","All","1",-0.0132802154732452,NA
"1521","mean.2.rQuant.All","rQuant","1","All","2",0.16460905379568,NA
"1522","min.2.rQuant.All","rQuant","1","All","2",0.0565023365350072,NA
"1523","max.2.rQuant.All","rQuant","1","All","2",0.363773767118148,NA
"1524","range.2.rQuant.All","rQuant","1","All","2",0.307271430583141,NA
"1525","slope.2.rQuant.All","rQuant","1","All","2",0.00504438840968048,NA
"1526","mean.2.rSigma.All","rSigma","2","All","2",3.69454438405265,NA
"1527","min.2.rSigma.All","rSigma","2","All","2",3.21422664228241,NA
"1528","max.2.rSigma.All","rSigma","2","All","2",4.55038573012864,NA
"1529","range.2.rSigma.All","rSigma","2","All","2",1.33615908784623,NA
"1530","slope.2.rSigma.All","rSigma","2","All","2",0.0116028941240354,NA
"1531","mean.2.rConnect.All","rConnect","3","All","2",0.0977914298251475,NA
"1532","min.2.rConnect.All","rConnect","3","All","2",0,NA
"1533","max.2.rConnect.All","rConnect","3","All","2",0.253431358008424,NA
"1534","range.2.rConnect.All","rConnect","3","All","2",0.253431358008424,NA
"1535","slope.2.rConnect.All","rConnect","3","All","2",0.00258591676227338,NA
"1536","mean.2.rTau1.All","rTau1","4","All","2",1251.43555548829,NA
"1537","min.2.rTau1.All","rTau1","4","All","2",678.165475732883,NA
"1538","max.2.rTau1.All","rTau1","4","All","2",2385.14279636862,NA
"1539","range.2.rTau1.All","rTau1","4","All","2",1706.97732063574,NA
"1540","slope.2.rTau1.All","rTau1","4","All","2",-22.5508509632961,NA
"1541","mean.2.rTau2.All","rTau2","5","All","2",2429466.85033548,NA
"1542","min.2.rTau2.All","rTau2","5","All","2",694421.193299796,NA
"1543","max.2.rTau2.All","rTau2","5","All","2",4928503.00463353,NA
"1544","range.2.rTau2.All","rTau2","5","All","2",4234081.81133373,NA
"1545","slope.2.rTau2.All","rTau2","5","All","2",-36482.8117610414,NA
"1546","mean.2.rNPQ.All","rNPQ","6","All","2",0.741586928756779,NA
"1547","min.2.rNPQ.All","rNPQ","6","All","2",0.0784352484020597,NA
"1548","max.2.rNPQ.All","rNPQ","6","All","2",1.54151402094801,NA
"1549","range.2.rNPQ.All","rNPQ","6","All","2",1.46307877254595,NA
"1550","slope.2.rNPQ.All","rNPQ","6","All","2",0.0422260707924251,NA
"1551","mean.2.rqP.All","rqP","7","All","2",0.671686038585769,NA
"1552","min.2.rqP.All","rqP","7","All","2",0.173753712857849,NA
"1553","max.2.rqP.All","rqP","7","All","2",1,NA
"1554","range.2.rqP.All","rqP","7","All","2",0.826246287142151,NA
"1555","slope.2.rqP.All","rqP","7","All","2",0.0227692027648701,NA
"1556","mean.2.rABQ.All","rABQ","8","All","2",0.188081054405863,NA
"1557","min.2.rABQ.All","rABQ","8","All","2",0,NA
"1558","max.2.rABQ.All","rABQ","8","All","2",0.293636444708273,NA
"1559","range.2.rABQ.All","rABQ","8","All","2",0.293636444708273,NA
"1560","slope.2.rABQ.All","rABQ","8","All","2",-0.00254987045322579,NA
"1561","mean.2.rqm.All","rqm","9","All","2",0.547496084998847,NA
"1562","min.2.rqm.All","rqm","9","All","2",0,NA
"1563","max.2.rqm.All","rqm","9","All","2",0.84467726471146,NA
"1564","range.2.rqm.All","rqm","9","All","2",0.84467726471146,NA
"1565","slope.2.rqm.All","rqm","9","All","2",-0.013866828412732,NA
"1566","mean.3.rQuant.All","rQuant","1","All","3",0.173055541660585,NA
"1567","min.3.rQuant.All","rQuant","1","All","3",0.0332556575692693,NA
"1568","max.3.rQuant.All","rQuant","1","All","3",0.372202633506588,NA
"1569","range.3.rQuant.All","rQuant","1","All","3",0.338946975937319,NA
"1570","slope.3.rQuant.All","rQuant","1","All","3",0.00552309359240864,NA
"1571","mean.3.rSigma.All","rSigma","2","All","3",3.44195416527771,NA
"1572","min.3.rSigma.All","rSigma","2","All","3",3.00467167038981,NA
"1573","max.3.rSigma.All","rSigma","2","All","3",4.89092908508661,NA
"1574","range.3.rSigma.All","rSigma","2","All","3",1.8862574146968,NA
"1575","slope.3.rSigma.All","rSigma","2","All","3",-0.0185181217616946,NA
"1576","mean.3.rConnect.All","rConnect","3","All","3",0.0615513379260309,NA
"1577","min.3.rConnect.All","rConnect","3","All","3",0,NA
"1578","max.3.rConnect.All","rConnect","3","All","3",0.242402012352404,NA
"1579","range.3.rConnect.All","rConnect","3","All","3",0.242402012352404,NA
"1580","slope.3.rConnect.All","rConnect","3","All","3",0.0018900454828466,NA
"1581","mean.3.rTau1.All","rTau1","4","All","3",1425.75406050631,NA
"1582","min.3.rTau1.All","rTau1","4","All","3",687.247583986426,NA
"1583","max.3.rTau1.All","rTau1","4","All","3",5107.29104416864,NA
"1584","range.3.rTau1.All","rTau1","4","All","3",4420.04346018221,NA
"1585","slope.3.rTau1.All","rTau1","4","All","3",-59.4198792560662,NA
"1586","mean.3.rTau2.All","rTau2","5","All","3",2470830.84614163,NA
"1587","min.3.rTau2.All","rTau2","5","All","3",712715.453251859,NA
"1588","max.3.rTau2.All","rTau2","5","All","3",8292016.14840208,NA
"1589","range.3.rTau2.All","rTau2","5","All","3",7579300.69515022,NA
"1590","slope.3.rTau2.All","rTau2","5","All","3",-73046.1477881823,NA
"1591","mean.3.rNPQ.All","rNPQ","6","All","3",0.575127940319338,NA
"1592","min.3.rNPQ.All","rNPQ","6","All","3",0.0151564662214165,NA
"1593","max.3.rNPQ.All","rNPQ","6","All","3",1.27244165475799,NA
"1594","range.3.rNPQ.All","rNPQ","6","All","3",1.25728518853657,NA
"1595","slope.3.rNPQ.All","rNPQ","6","All","3",0.0364515255382161,NA
"1596","mean.3.rqP.All","rqP","7","All","3",0.633391480090368,NA
"1597","min.3.rqP.All","rqP","7","All","3",0.0708201192049012,NA
"1598","max.3.rqP.All","rqP","7","All","3",1,NA
"1599","range.3.rqP.All","rqP","7","All","3",0.929179880795099,NA
"1600","slope.3.rqP.All","rqP","7","All","3",0.0254043469525869,NA
"1601","mean.3.rABQ.All","rABQ","8","All","3",0.149862849812969,NA
"1602","min.3.rABQ.All","rABQ","8","All","3",-0.208023208474918,NA
"1603","max.3.rABQ.All","rABQ","8","All","3",0.257868382768892,NA
"1604","range.3.rABQ.All","rABQ","8","All","3",0.46589159124381,NA
"1605","slope.3.rABQ.All","rABQ","8","All","3",0.00457383872804515,NA
"1606","mean.3.rqm.All","rqm","9","All","3",0.535050195560958,NA
"1607","min.3.rqm.All","rqm","9","All","3",0,NA
"1608","max.3.rqm.All","rqm","9","All","3",0.910651740273942,NA
"1609","range.3.rqm.All","rqm","9","All","3",0.910651740273942,NA
"1610","slope.3.rqm.All","rqm","9","All","3",-0.0148389428101962,NA
"1611","mean.4.rQuant.All","rQuant","1","All","4",0.204012755508882,NA
"1612","min.4.rQuant.All","rQuant","1","All","4",0.101632258913569,NA
"1613","max.4.rQuant.All","rQuant","1","All","4",0.39952346548498,NA
"1614","range.4.rQuant.All","rQuant","1","All","4",0.297891206571411,NA
"1615","slope.4.rQuant.All","rQuant","1","All","4",0.00456833807488765,NA
"1616","mean.4.rSigma.All","rSigma","2","All","4",3.59285687374399,NA
"1617","min.4.rSigma.All","rSigma","2","All","4",3.22700188295739,NA
"1618","max.4.rSigma.All","rSigma","2","All","4",4.30248326276751,NA
"1619","range.4.rSigma.All","rSigma","2","All","4",1.07548137981012,NA
"1620","slope.4.rSigma.All","rSigma","2","All","4",-0.0132914676735854,NA
"1621","mean.4.rConnect.All","rConnect","3","All","4",0.0762665410689188,NA
"1622","min.4.rConnect.All","rConnect","3","All","4",0,NA
"1623","max.4.rConnect.All","rConnect","3","All","4",0.214336204299038,NA
"1624","range.4.rConnect.All","rConnect","3","All","4",0.214336204299038,NA
"1625","slope.4.rConnect.All","rConnect","3","All","4",0.00408327927296935,NA
"1626","mean.4.rTau1.All","rTau1","4","All","4",870.873596770645,NA
"1627","min.4.rTau1.All","rTau1","4","All","4",608.305607549623,NA
"1628","max.4.rTau1.All","rTau1","4","All","4",1647.60842779906,NA
"1629","range.4.rTau1.All","rTau1","4","All","4",1039.30282024944,NA
"1630","slope.4.rTau1.All","rTau1","4","All","4",-12.0721903328822,NA
"1631","mean.4.rTau2.All","rTau2","5","All","4",2304334.5886153,NA
"1632","min.4.rTau2.All","rTau2","5","All","4",698351.984529693,NA
"1633","max.4.rTau2.All","rTau2","5","All","4",4523733.63069866,NA
"1634","range.4.rTau2.All","rTau2","5","All","4",3825381.64616897,NA
"1635","slope.4.rTau2.All","rTau2","5","All","4",-36366.9473498631,NA
"1636","mean.4.rNPQ.All","rNPQ","6","All","4",0.806776854621893,NA
"1637","min.4.rNPQ.All","rNPQ","6","All","4",0.110555480227996,NA
"1638","max.4.rNPQ.All","rNPQ","6","All","4",1.61015632123017,NA
"1639","range.4.rNPQ.All","rNPQ","6","All","4",1.49960084100217,NA
"1640","slope.4.rNPQ.All","rNPQ","6","All","4",0.0424706578734748,NA
"1641","mean.4.rqP.All","rqP","7","All","4",0.715083924928893,NA
"1642","min.4.rqP.All","rqP","7","All","4",0.261788163292542,NA
"1643","max.4.rqP.All","rqP","7","All","4",1,NA
"1644","range.4.rqP.All","rqP","7","All","4",0.738211836707458,NA
"1645","slope.4.rqP.All","rqP","7","All","4",0.0197585517413717,NA
"1646","mean.4.rABQ.All","rABQ","8","All","4",0.0132981340295053,NA
"1647","min.4.rABQ.All","rABQ","8","All","4",-0.181585688732342,NA
"1648","max.4.rABQ.All","rABQ","8","All","4",0.113772440345966,NA
"1649","range.4.rABQ.All","rABQ","8","All","4",0.295358129078308,NA
"1650","slope.4.rABQ.All","rABQ","8","All","4",0.00365021942589851,NA
"1651","mean.4.rqm.All","rqm","9","All","4",0.489359766988325,NA
"1652","min.4.rqm.All","rqm","9","All","4",0,NA
"1653","max.4.rqm.All","rqm","9","All","4",0.745616296178754,NA
"1654","range.4.rqm.All","rqm","9","All","4",0.745616296178754,NA
"1655","slope.4.rqm.All","rqm","9","All","4",-0.0114344674832608,NA
"1656","mean.1.rQuant.L1","rQuant","1","L1","1",0.0895520548801691,NA
"1657","min.1.rQuant.L1","rQuant","1","L1","1",0.0657543113159477,NA
"1658","max.1.rQuant.L1","rQuant","1","L1","1",0.10620592339939,NA
"1659","range.1.rQuant.L1","rQuant","1","L1","1",0.0404516120834423,NA
"1660","slope.1.rQuant.L1","rQuant","1","L1","1",0.00633561503812378,NA
"1661","mean.1.rSigma.L1","rSigma","2","L1","1",3.82775687951607,NA
"1662","min.1.rSigma.L1","rSigma","2","L1","1",3.61180188555626,NA
"1663","max.1.rSigma.L1","rSigma","2","L1","1",4.00890746749172,NA
"1664","range.1.rSigma.L1","rSigma","2","L1","1",0.39710558193546,NA
"1665","slope.1.rSigma.L1","rSigma","2","L1","1",0.0206416885976536,NA
"1666","mean.1.rConnect.L1","rConnect","3","L1","1",0,NA
"1667","min.1.rConnect.L1","rConnect","3","L1","1",0,NA
"1668","max.1.rConnect.L1","rConnect","3","L1","1",0,NA
"1669","range.1.rConnect.L1","rConnect","3","L1","1",0,NA
"1670","slope.1.rConnect.L1","rConnect","3","L1","1",0,NA
"1671","mean.1.rTau1.L1","rTau1","4","L1","1",1155.90811953887,NA
"1672","min.1.rTau1.L1","rTau1","4","L1","1",854.990244541253,NA
"1673","max.1.rTau1.L1","rTau1","4","L1","1",1735.38548893413,NA
"1674","range.1.rTau1.L1","rTau1","4","L1","1",880.395244392877,NA
"1675","slope.1.rTau1.L1","rTau1","4","L1","1",-46.4553766307665,NA
"1676","mean.1.rTau2.L1","rTau2","5","L1","1",3136778.0366811,NA
"1677","min.1.rTau2.L1","rTau2","5","L1","1",2205971.64616729,NA
"1678","max.1.rTau2.L1","rTau2","5","L1","1",5066608.91571303,NA
"1679","range.1.rTau2.L1","rTau2","5","L1","1",2860637.26954574,NA
"1680","slope.1.rTau2.L1","rTau2","5","L1","1",-436588.17473454,NA
"1681","mean.1.rNPQ.L1","rNPQ","6","L1","1",0.184902553488208,NA
"1682","min.1.rNPQ.L1","rNPQ","6","L1","1",0.0337637388352968,NA
"1683","max.1.rNPQ.L1","rNPQ","6","L1","1",0.369164738764868,NA
"1684","range.1.rNPQ.L1","rNPQ","6","L1","1",0.335400999929571,NA
"1685","slope.1.rNPQ.L1","rNPQ","6","L1","1",0.0572701523233019,NA
"1686","mean.1.rqP.L1","rqP","7","L1","1",0.314160485151113,NA
"1687","min.1.rqP.L1","rqP","7","L1","1",0.135717335464478,NA
"1688","max.1.rqP.L1","rqP","7","L1","1",0.489369614693708,NA
"1689","range.1.rqP.L1","rqP","7","L1","1",0.35365227922923,NA
"1690","slope.1.rqP.L1","rqP","7","L1","1",0.0594699347269356,NA
"1691","mean.1.rABQ.L1","rABQ","8","L1","1",0.136754513709505,NA
"1692","min.1.rABQ.L1","rABQ","8","L1","1",0.0959009714572049,NA
"1693","max.1.rABQ.L1","rABQ","8","L1","1",0.185457234296416,NA
"1694","range.1.rABQ.L1","rABQ","8","L1","1",0.0895562628392111,NA
"1695","slope.1.rABQ.L1","rABQ","8","L1","1",-0.00465516621671925,NA
"1696","mean.1.rqm.L1","rqm","9","L1","1",0.765148346374571,NA
"1697","min.1.rqm.L1","rqm","9","L1","1",0.721473317741971,NA
"1698","max.1.rqm.L1","rqm","9","L1","1",0.827558298174001,NA
"1699","range.1.rqm.L1","rqm","9","L1","1",0.10608498043203,NA
"1700","slope.1.rqm.L1","rqm","9","L1","1",-0.0166152487559164,NA
"1701","mean.2.rQuant.L1","rQuant","1","L1","2",0.0789218053405837,NA
"1702","min.2.rQuant.L1","rQuant","1","L1","2",0.0565023365350072,NA
"1703","max.2.rQuant.L1","rQuant","1","L1","2",0.0979105759051363,NA
"1704","range.2.rQuant.L1","rQuant","1","L1","2",0.0414082393701291,NA
"1705","slope.2.rQuant.L1","rQuant","1","L1","2",0.0076127418754763,NA
"1706","mean.2.rSigma.L1","rSigma","2","L1","2",3.54381650950985,NA
"1707","min.2.rSigma.L1","rSigma","2","L1","2",3.30221835437109,NA
"1708","max.2.rSigma.L1","rSigma","2","L1","2",3.6441944426061,NA
"1709","range.2.rSigma.L1","rSigma","2","L1","2",0.34197608823501,NA
"1710","slope.2.rSigma.L1","rSigma","2","L1","2",0.0248883049311891,NA
"1711","mean.2.rConnect.L1","rConnect","3","L1","2",0.021414916916473,NA
"1712","min.2.rConnect.L1","rConnect","3","L1","2",0,NA
"1713","max.2.rConnect.L1","rConnect","3","L1","2",0.0713348663588687,NA
"1714","range.2.rConnect.L1","rConnect","3","L1","2",0.0713348663588687,NA
"1715","slope.2.rConnect.L1","rConnect","3","L1","2",0.00284251216630912,NA
"1716","mean.2.rTau1.L1","rTau1","4","L1","2",1756.25384028986,NA
"1717","min.2.rTau1.L1","rTau1","4","L1","2",1219.79310047356,NA
"1718","max.2.rTau1.L1","rTau1","4","L1","2",2385.14279636862,NA
"1719","range.2.rTau1.L1","rTau1","4","L1","2",1165.34969589506,NA
"1720","slope.2.rTau1.L1","rTau1","4","L1","2",-138.388866325231,NA
"1721","mean.2.rTau2.L1","rTau2","5","L1","2",3162062.25626275,NA
"1722","min.2.rTau2.L1","rTau2","5","L1","2",2159381.17664997,NA
"1723","max.2.rTau2.L1","rTau2","5","L1","2",4928503.00463353,NA
"1724","range.2.rTau2.L1","rTau2","5","L1","2",2769121.82798356,NA
"1725","slope.2.rTau2.L1","rTau2","5","L1","2",-456670.523477563,NA
"1726","mean.2.rNPQ.L1","rNPQ","6","L1","2",0.231468539583388,NA
"1727","min.2.rNPQ.L1","rNPQ","6","L1","2",0.0784352484020597,NA
"1728","max.2.rNPQ.L1","rNPQ","6","L1","2",0.427248039995114,NA
"1729","range.2.rNPQ.L1","rNPQ","6","L1","2",0.348812791593054,NA
"1730","slope.2.rNPQ.L1","rNPQ","6","L1","2",0.0625614180124174,NA
"1731","mean.2.rqP.L1","rqP","7","L1","2",0.337155373396121,NA
"1732","min.2.rqP.L1","rqP","7","L1","2",0.173753712857849,NA
"1733","max.2.rqP.L1","rqP","7","L1","2",0.510959260422566,NA
"1734","range.2.rqP.L1","rqP","7","L1","2",0.337205547564717,NA
"1735","slope.2.rqP.L1","rqP","7","L1","2",0.0613829910083375,NA
"1736","mean.2.rABQ.L1","rABQ","8","L1","2",0.221205251667827,NA
"1737","min.2.rABQ.L1","rABQ","8","L1","2",0.199146037559528,NA
"1738","max.2.rABQ.L1","rABQ","8","L1","2",0.274299246214071,NA
"1739","range.2.rABQ.L1","rABQ","8","L1","2",0.075153208654543,NA
"1740","slope.2.rABQ.L1","rABQ","8","L1","2",-0.00546949344676456,NA
"1741","mean.2.rqm.L1","rqm","9","L1","2",0.783047013076808,NA
"1742","min.2.rqm.L1","rqm","9","L1","2",0.730847618065498,NA
"1743","max.2.rqm.L1","rqm","9","L1","2",0.84467726471146,NA
"1744","range.2.rqm.L1","rqm","9","L1","2",0.113829646645962,NA
"1745","slope.2.rqm.L1","rqm","9","L1","2",-0.0209271326401164,NA
"1746","mean.3.rQuant.L1","rQuant","1","L1","3",0.0808558388993572,NA
"1747","min.3.rQuant.L1","rQuant","1","L1","3",0.0332556575692693,NA
"1748","max.3.rQuant.L1","rQuant","1","L1","3",0.111224779623072,NA
"1749","range.3.rQuant.L1","rQuant","1","L1","3",0.0779691220538027,NA
"1750","slope.3.rQuant.L1","rQuant","1","L1","3",0.01378189960812,NA
"1751","mean.3.rSigma.L1","rSigma","2","L1","3",3.70734547402295,NA
"1752","min.3.rSigma.L1","rSigma","2","L1","3",3.07256573136173,NA
"1753","max.3.rSigma.L1","rSigma","2","L1","3",4.89092908508661,NA
"1754","range.3.rSigma.L1","rSigma","2","L1","3",1.81836335372488,NA
"1755","slope.3.rSigma.L1","rSigma","2","L1","3",-0.322240813651144,NA
"1756","mean.3.rConnect.L1","rConnect","3","L1","3",0,NA
"1757","min.3.rConnect.L1","rConnect","3","L1","3",0,NA
"1758","max.3.rConnect.L1","rConnect","3","L1","3",0,NA
"1759","range.3.rConnect.L1","rConnect","3","L1","3",0,NA
"1760","slope.3.rConnect.L1","rConnect","3","L1","3",0,NA
"1761","mean.3.rTau1.L1","rTau1","4","L1","3",2458.78789771834,NA
"1762","min.3.rTau1.L1","rTau1","4","L1","3",1111.97935057178,NA
"1763","max.3.rTau1.L1","rTau1","4","L1","3",5107.29104416864,NA
"1764","range.3.rTau1.L1","rTau1","4","L1","3",3995.31169359686,NA
"1765","slope.3.rTau1.L1","rTau1","4","L1","3",-512.402591987685,NA
"1766","mean.3.rTau2.L1","rTau2","5","L1","3",3698377.89446772,NA
"1767","min.3.rTau2.L1","rTau2","5","L1","3",2098288.90440145,NA
"1768","max.3.rTau2.L1","rTau2","5","L1","3",8292016.14840208,NA
"1769","range.3.rTau2.L1","rTau2","5","L1","3",6193727.24400063,NA
"1770","slope.3.rTau2.L1","rTau2","5","L1","3",-903933.247368868,NA
"1771","mean.3.rNPQ.L1","rNPQ","6","L1","3",0.134779373051523,NA
"1772","min.3.rNPQ.L1","rNPQ","6","L1","3",0.0151564662214165,NA
"1773","max.3.rNPQ.L1","rNPQ","6","L1","3",0.302254699524829,NA
"1774","range.3.rNPQ.L1","rNPQ","6","L1","3",0.287098233303412,NA
"1775","slope.3.rNPQ.L1","rNPQ","6","L1","3",0.0522807244633056,NA
"1776","mean.3.rqP.L1","rqP","7","L1","3",0.261338471554922,NA
"1777","min.3.rqP.L1","rqP","7","L1","3",0.0708201192049012,NA
"1778","max.3.rqP.L1","rqP","7","L1","3",0.459019320852136,NA
"1779","range.3.rqP.L1","rqP","7","L1","3",0.388199201647235,NA
"1780","slope.3.rqP.L1","rqP","7","L1","3",0.0714551884271267,NA
"1781","mean.3.rABQ.L1","rABQ","8","L1","3",0.0843131649342109,NA
"1782","min.3.rABQ.L1","rABQ","8","L1","3",-0.208023208474918,NA
"1783","max.3.rABQ.L1","rABQ","8","L1","3",0.24109905327242,NA
"1784","range.3.rABQ.L1","rABQ","8","L1","3",0.449122261747338,NA
"1785","slope.3.rABQ.L1","rABQ","8","L1","3",0.079591090943313,NA
"1786","mean.3.rqm.L1","rqm","9","L1","3",0.782763925828252,NA
"1787","min.3.rqm.L1","rqm","9","L1","3",0.701171432949834,NA
"1788","max.3.rqm.L1","rqm","9","L1","3",0.910651740273942,NA
"1789","range.3.rqm.L1","rqm","9","L1","3",0.209480307324108,NA
"1790","slope.3.rqm.L1","rqm","9","L1","3",-0.0370279475947772,NA
"1791","mean.4.rQuant.L1","rQuant","1","L1","4",0.125296758707724,NA
"1792","min.4.rQuant.L1","rQuant","1","L1","4",0.101632258913569,NA
"1793","max.4.rQuant.L1","rQuant","1","L1","4",0.149829544113681,NA
"1794","range.4.rQuant.L1","rQuant","1","L1","4",0.048197285200112,NA
"1795","slope.4.rQuant.L1","rQuant","1","L1","4",0.00863983420738729,NA
"1796","mean.4.rSigma.L1","rSigma","2","L1","4",3.8484446803274,NA
"1797","min.4.rSigma.L1","rSigma","2","L1","4",3.58655021942415,NA
"1798","max.4.rSigma.L1","rSigma","2","L1","4",4.30248326276751,NA
"1799","range.4.rSigma.L1","rSigma","2","L1","4",0.71593304334336,NA
"1800","slope.4.rSigma.L1","rSigma","2","L1","4",-0.101662881431704,NA
"1801","mean.4.rConnect.L1","rConnect","3","L1","4",0,NA
"1802","min.4.rConnect.L1","rConnect","3","L1","4",0,NA
"1803","max.4.rConnect.L1","rConnect","3","L1","4",0,NA
"1804","range.4.rConnect.L1","rConnect","3","L1","4",0,NA
"1805","slope.4.rConnect.L1","rConnect","3","L1","4",0,NA
"1806","mean.4.rTau1.L1","rTau1","4","L1","4",1117.67465844278,NA
"1807","min.4.rTau1.L1","rTau1","4","L1","4",933.293929884239,NA
"1808","max.4.rTau1.L1","rTau1","4","L1","4",1647.60842779906,NA
"1809","range.4.rTau1.L1","rTau1","4","L1","4",714.314497914821,NA
"1810","slope.4.rTau1.L1","rTau1","4","L1","4",-58.1496536995156,NA
"1811","mean.4.rTau2.L1","rTau2","5","L1","4",3015835.78894923,NA
"1812","min.4.rTau2.L1","rTau2","5","L1","4",2184467.53084013,NA
"1813","max.4.rTau2.L1","rTau2","5","L1","4",4523733.63069866,NA
"1814","range.4.rTau2.L1","rTau2","5","L1","4",2339266.09985853,NA
"1815","slope.4.rTau2.L1","rTau2","5","L1","4",-360158.371116552,NA
"1816","mean.4.rNPQ.L1","rNPQ","6","L1","4",0.29430258927442,NA
"1817","min.4.rNPQ.L1","rNPQ","6","L1","4",0.110555480227996,NA
"1818","max.4.rNPQ.L1","rNPQ","6","L1","4",0.50462945387791,NA
"1819","range.4.rNPQ.L1","rNPQ","6","L1","4",0.394073973649914,NA
"1820","slope.4.rNPQ.L1","rNPQ","6","L1","4",0.0702963635111312,NA
"1821","mean.4.rqP.L1","rqP","7","L1","4",0.426134059773377,NA
"1822","min.4.rqP.L1","rqP","7","L1","4",0.261788163292542,NA
"1823","max.4.rqP.L1","rqP","7","L1","4",0.58923411140679,NA
"1824","range.4.rqP.L1","rqP","7","L1","4",0.327445948114248,NA
"1825","slope.4.rqP.L1","rqP","7","L1","4",0.059399357705538,NA
"1826","mean.4.rABQ.L1","rABQ","8","L1","4",-0.05689363105808,NA
"1827","min.4.rABQ.L1","rABQ","8","L1","4",-0.181585688732342,NA
"1828","max.4.rABQ.L1","rABQ","8","L1","4",0.0150301227515987,NA
"1829","range.4.rABQ.L1","rABQ","8","L1","4",0.196615811483941,NA
"1830","slope.4.rABQ.L1","rABQ","8","L1","4",0.0279195521373692,NA
"1831","mean.4.rqm.L1","rqm","9","L1","4",0.686384481683379,NA
"1832","min.4.rqm.L1","rqm","9","L1","4",0.624979364023577,NA
"1833","max.4.rqm.L1","rqm","9","L1","4",0.745616296178754,NA
"1834","range.4.rqm.L1","rqm","9","L1","4",0.120636932155177,NA
"1835","slope.4.rqm.L1","rqm","9","L1","4",-0.0216253485809636,NA
"1836","mean.1.rQuant.L2","rQuant","1","L2","1",0.216545544148475,NA
"1837","min.1.rQuant.L2","rQuant","1","L2","1",0.203676597492814,NA
"1838","max.1.rQuant.L2","rQuant","1","L2","1",0.224197955570972,NA
"1839","range.1.rQuant.L2","rQuant","1","L2","1",0.020521358078158,NA
"1840","slope.1.rQuant.L2","rQuant","1","L2","1",0.00404724902072531,NA
"1841","mean.1.rSigma.L2","rSigma","2","L2","1",3.60183728119925,NA
"1842","min.1.rSigma.L2","rSigma","2","L2","1",3.49121717073957,NA
"1843","max.1.rSigma.L2","rSigma","2","L2","1",3.75328982191965,NA
"1844","range.1.rSigma.L2","rSigma","2","L2","1",0.26207265118008,NA
"1845","slope.1.rSigma.L2","rSigma","2","L2","1",-0.0478109321851482,NA
"1846","mean.1.rConnect.L2","rConnect","3","L2","1",0.131567645814647,NA
"1847","min.1.rConnect.L2","rConnect","3","L2","1",0.107052736111116,NA
"1848","max.1.rConnect.L2","rConnect","3","L2","1",0.154924203828713,NA
"1849","range.1.rConnect.L2","rConnect","3","L2","1",0.047871467717597,NA
"1850","slope.1.rConnect.L2","rConnect","3","L2","1",-0.00229049603797492,NA
"1851","mean.1.rTau1.L2","rTau1","4","L2","1",810.463164709881,NA
"1852","min.1.rTau1.L2","rTau1","4","L2","1",747.989067328197,NA
"1853","max.1.rTau1.L2","rTau1","4","L2","1",889.843254831895,NA
"1854","range.1.rTau1.L2","rTau1","4","L2","1",141.854187503698,NA
"1855","slope.1.rTau1.L2","rTau1","4","L2","1",20.783591381099,NA
"1856","mean.1.rTau2.L2","rTau2","5","L2","1",1128237.21554369,NA
"1857","min.1.rTau2.L2","rTau2","5","L2","1",1100601.72458749,NA
"1858","max.1.rTau2.L2","rTau2","5","L2","1",1151575.54612521,NA
"1859","range.1.rTau2.L2","rTau2","5","L2","1",50973.8215377198,NA
"1860","slope.1.rTau2.L2","rTau2","5","L2","1",6439.2458768468,NA
"1861","mean.1.rNPQ.L2","rNPQ","6","L2","1",0.766549574475665,NA
"1862","min.1.rNPQ.L2","rNPQ","6","L2","1",0.700559972315735,NA
"1863","max.1.rNPQ.L2","rNPQ","6","L2","1",0.831605771727749,NA
"1864","range.1.rNPQ.L2","rNPQ","6","L2","1",0.131045799412014,NA
"1865","slope.1.rNPQ.L2","rNPQ","6","L2","1",0.0257602319594754,NA
"1866","mean.1.rqP.L2","rqP","7","L2","1",0.784029437812997,NA
"1867","min.1.rqP.L2","rqP","7","L2","1",0.749626404086061,NA
"1868","max.1.rqP.L2","rqP","7","L2","1",0.812654506619939,NA
"1869","range.1.rqP.L2","rqP","7","L2","1",0.063028102533878,NA
"1870","slope.1.rqP.L2","rqP","7","L2","1",0.0123799693312983,NA
"1871","mean.1.rABQ.L2","rABQ","8","L2","1",0.187704477265241,NA
"1872","min.1.rABQ.L2","rABQ","8","L2","1",0.153548514313738,NA
"1873","max.1.rABQ.L2","rABQ","8","L2","1",0.212651806485207,NA
"1874","range.1.rABQ.L2","rABQ","8","L2","1",0.059103292171469,NA
"1875","slope.1.rABQ.L2","rABQ","8","L2","1",0.0107824432698526,NA
"1876","mean.1.rqm.L2","rqm","9","L2","1",0.432105950036109,NA
"1877","min.1.rqm.L2","rqm","9","L2","1",0.412037382327637,NA
"1878","max.1.rqm.L2","rqm","9","L2","1",0.465854962345695,NA
"1879","range.1.rqm.L2","rqm","9","L2","1",0.053817580018058,NA
"1880","slope.1.rqm.L2","rqm","9","L2","1",-0.0106139733635722,NA
"1881","mean.2.rQuant.L2","rQuant","1","L2","2",0.209014187403148,NA
"1882","min.2.rQuant.L2","rQuant","1","L2","2",0.198046171481511,NA
"1883","max.2.rQuant.L2","rQuant","1","L2","2",0.217368951794297,NA
"1884","range.2.rQuant.L2","rQuant","1","L2","2",0.019322780312786,NA
"1885","slope.2.rQuant.L2","rQuant","1","L2","2",0.00376160687028295,NA
"1886","mean.2.rSigma.L2","rSigma","2","L2","2",3.59626989059671,NA
"1887","min.2.rSigma.L2","rSigma","2","L2","2",3.46760619088234,NA
"1888","max.2.rSigma.L2","rSigma","2","L2","2",3.68775107822914,NA
"1889","range.2.rSigma.L2","rSigma","2","L2","2",0.2201448873468,NA
"1890","slope.2.rSigma.L2","rSigma","2","L2","2",-0.0327110580970008,NA
"1891","mean.2.rConnect.L2","rConnect","3","L2","2",0.176123104640498,NA
"1892","min.2.rConnect.L2","rConnect","3","L2","2",0.167381038995081,NA
"1893","max.2.rConnect.L2","rConnect","3","L2","2",0.187835601548148,NA
"1894","range.2.rConnect.L2","rConnect","3","L2","2",0.020454562553067,NA
"1895","slope.2.rConnect.L2","rConnect","3","L2","2",-0.00137805662955698,NA
"1896","mean.2.rTau1.L2","rTau1","4","L2","2",932.315808423132,NA
"1897","min.2.rTau1.L2","rTau1","4","L2","2",823.360997560277,NA
"1898","max.2.rTau1.L2","rTau1","4","L2","2",1017.01545805735,NA
"1899","range.2.rTau1.L2","rTau1","4","L2","2",193.654460497073,NA
"1900","slope.2.rTau1.L2","rTau1","4","L2","2",12.3157391954307,NA
"1901","mean.2.rTau2.L2","rTau2","5","L2","2",1168908.58301157,NA
"1902","min.2.rTau2.L2","rTau2","5","L2","2",1098540.39978303,NA
"1903","max.2.rTau2.L2","rTau2","5","L2","2",1226925.80563556,NA
"1904","range.2.rTau2.L2","rTau2","5","L2","2",128385.40585253,NA
"1905","slope.2.rTau2.L2","rTau2","5","L2","2",14490.5939248753,NA
"1906","mean.2.rNPQ.L2","rNPQ","6","L2","2",0.830464479612819,NA
"1907","min.2.rNPQ.L2","rNPQ","6","L2","2",0.764458064320175,NA
"1908","max.2.rNPQ.L2","rNPQ","6","L2","2",0.894836954299242,NA
"1909","range.2.rNPQ.L2","rNPQ","6","L2","2",0.130378889979067,NA
"1910","slope.2.rNPQ.L2","rNPQ","6","L2","2",0.0257262996728623,NA
"1911","mean.2.rqP.L2","rqP","7","L2","2",0.788122156093867,NA
"1912","min.2.rqP.L2","rqP","7","L2","2",0.757506812987877,NA
"1913","max.2.rqP.L2","rqP","7","L2","2",0.815095669353726,NA
"1914","range.2.rqP.L2","rqP","7","L2","2",0.057588856365849,NA
"1915","slope.2.rqP.L2","rqP","7","L2","2",0.0113131522662712,NA
"1916","mean.2.rABQ.L2","rABQ","8","L2","2",0.209678013275802,NA
"1917","min.2.rABQ.L2","rABQ","8","L2","2",0.189573962090268,NA
"1918","max.2.rABQ.L2","rABQ","8","L2","2",0.237953352410783,NA
"1919","range.2.rABQ.L2","rABQ","8","L2","2",0.048379390320515,NA
"1920","slope.2.rABQ.L2","rABQ","8","L2","2",0.00718863411521685,NA
"1921","mean.2.rqm.L2","rqm","9","L2","2",0.425428092138201,NA
"1922","min.2.rqm.L2","rqm","9","L2","2",0.402461168334607,NA
"1923","max.2.rqm.L2","rqm","9","L2","2",0.455578743210507,NA
"1924","range.2.rqm.L2","rqm","9","L2","2",0.0531175748759,NA
"1925","slope.2.rqm.L2","rqm","9","L2","2",-0.0103405116319488,NA
"1926","mean.3.rQuant.L2","rQuant","1","L2","3",0.22098735895483,NA
"1927","min.3.rQuant.L2","rQuant","1","L2","3",0.208876719719051,NA
"1928","max.3.rQuant.L2","rQuant","1","L2","3",0.228713311788722,NA
"1929","range.3.rQuant.L2","rQuant","1","L2","3",0.019836592069671,NA
"1930","slope.3.rQuant.L2","rQuant","1","L2","3",0.00372879793961565,NA
"1931","mean.3.rSigma.L2","rSigma","2","L2","3",3.19492578129652,NA
"1932","min.3.rSigma.L2","rSigma","2","L2","3",3.11179469760777,NA
"1933","max.3.rSigma.L2","rSigma","2","L2","3",3.25223209676478,NA
"1934","range.3.rSigma.L2","rSigma","2","L2","3",0.14043739915701,NA
"1935","slope.3.rSigma.L2","rSigma","2","L2","3",-0.0275907379713618,NA
"1936","mean.3.rConnect.L2","rConnect","3","L2","3",0.113563885895116,NA
"1937","min.3.rConnect.L2","rConnect","3","L2","3",0.0977381153139638,NA
"1938","max.3.rConnect.L2","rConnect","3","L2","3",0.138859340986821,NA
"1939","range.3.rConnect.L2","rConnect","3","L2","3",0.0411212256728572,NA
"1940","slope.3.rConnect.L2","rConnect","3","L2","3",0.00476915916223077,NA
"1941","mean.3.rTau1.L2","rTau1","4","L2","3",966.440928835621,NA
"1942","min.3.rTau1.L2","rTau1","4","L2","3",871.246853117233,NA
"1943","max.3.rTau1.L2","rTau1","4","L2","3",1026.8536471354,NA
"1944","range.3.rTau1.L2","rTau1","4","L2","3",155.606794018167,NA
"1945","slope.3.rTau1.L2","rTau1","4","L2","3",6.69483638710925,NA
"1946","mean.3.rTau2.L2","rTau2","5","L2","3",1099244.95830981,NA
"1947","min.3.rTau2.L2","rTau2","5","L2","3",1053675.51478358,NA
"1948","max.3.rTau2.L2","rTau2","5","L2","3",1129670.63729984,NA
"1949","range.3.rTau2.L2","rTau2","5","L2","3",75995.12251626,NA
"1950","slope.3.rTau2.L2","rTau2","5","L2","3",1690.43327511418,NA
"1951","mean.3.rNPQ.L2","rNPQ","6","L2","3",0.650766701912526,NA
"1952","min.3.rNPQ.L2","rNPQ","6","L2","3",0.603367357322007,NA
"1953","max.3.rNPQ.L2","rNPQ","6","L2","3",0.700818587214454,NA
"1954","range.3.rNPQ.L2","rNPQ","6","L2","3",0.097451229892447,NA
"1955","slope.3.rNPQ.L2","rNPQ","6","L2","3",0.0194528712771823,NA
"1956","mean.3.rqP.L2","rqP","7","L2","3",0.763062711424113,NA
"1957","min.3.rqP.L2","rqP","7","L2","3",0.732363100126958,NA
"1958","max.3.rqP.L2","rqP","7","L2","3",0.790094873186812,NA
"1959","range.3.rqP.L2","rqP","7","L2","3",0.057731773059854,NA
"1960","slope.3.rqP.L2","rqP","7","L2","3",0.0113212846250832,NA
"1961","mean.3.rABQ.L2","rABQ","8","L2","3",0.210877028471019,NA
"1962","min.3.rABQ.L2","rABQ","8","L2","3",0.196722793585682,NA
"1963","max.3.rABQ.L2","rABQ","8","L2","3",0.231409789567044,NA
"1964","range.3.rABQ.L2","rABQ","8","L2","3",0.034686995981362,NA
"1965","slope.3.rABQ.L2","rABQ","8","L2","3",0.0068147076411283,NA
"1966","mean.3.rqm.L2","rqm","9","L2","3",0.406271371932896,NA
"1967","min.3.rqm.L2","rqm","9","L2","3",0.385513988350989,NA
"1968","max.3.rqm.L2","rqm","9","L2","3",0.438809129986036,NA
"1969","range.3.rqm.L2","rqm","9","L2","3",0.053295141635047,NA
"1970","slope.3.rqm.L2","rqm","9","L2","3",-0.0100181933278816,NA
"1971","mean.4.rQuant.L2","rQuant","1","L2","4",0.245486802444665,NA
"1972","min.4.rQuant.L2","rQuant","1","L2","4",0.236027276597614,NA
"1973","max.4.rQuant.L2","rQuant","1","L2","4",0.250778872431503,NA
"1974","range.4.rQuant.L2","rQuant","1","L2","4",0.014751595833889,NA
"1975","slope.4.rQuant.L2","rQuant","1","L2","4",0.00237087053192879,NA
"1976","mean.4.rSigma.L2","rSigma","2","L2","4",3.30167298505814,NA
"1977","min.4.rSigma.L2","rSigma","2","L2","4",3.22700188295739,NA
"1978","max.4.rSigma.L2","rSigma","2","L2","4",3.35678327295805,NA
"1979","range.4.rSigma.L2","rSigma","2","L2","4",0.12978139000066,NA
"1980","slope.4.rSigma.L2","rSigma","2","L2","4",-0.000712233439270565,NA
"1981","mean.4.rConnect.L2","rConnect","3","L2","4",0.130113529646743,NA
"1982","min.4.rConnect.L2","rConnect","3","L2","4",0.0924026446958901,NA
"1983","max.4.rConnect.L2","rConnect","3","L2","4",0.177118094110604,NA
"1984","range.4.rConnect.L2","rConnect","3","L2","4",0.0847154494147139,NA
"1985","slope.4.rConnect.L2","rConnect","3","L2","4",0.0150529579814293,NA
"1986","mean.4.rTau1.L2","rTau1","4","L2","4",817.973140394037,NA
"1987","min.4.rTau1.L2","rTau1","4","L2","4",717.301332728562,NA
"1988","max.4.rTau1.L2","rTau1","4","L2","4",896.991868355897,NA
"1989","range.4.rTau1.L2","rTau1","4","L2","4",179.690535627335,NA
"1990","slope.4.rTau1.L2","rTau1","4","L2","4",-32.8907619211521,NA
"1991","mean.4.rTau2.L2","rTau2","5","L2","4",1251933.78473724,NA
"1992","min.4.rTau2.L2","rTau2","5","L2","4",1199013.37325523,NA
"1993","max.4.rTau2.L2","rTau2","5","L2","4",1298282.29079411,NA
"1994","range.4.rTau2.L2","rTau2","5","L2","4",99268.9175388799,NA
"1995","slope.4.rTau2.L2","rTau2","5","L2","4",-17134.6765207946,NA
"1996","mean.4.rNPQ.L2","rNPQ","6","L2","4",0.902162415450696,NA
"1997","min.4.rNPQ.L2","rNPQ","6","L2","4",0.847473096841184,NA
"1998","max.4.rNPQ.L2","rNPQ","6","L2","4",0.957363145814713,NA
"1999","range.4.rNPQ.L2","rNPQ","6","L2","4",0.109890048973529,NA
"2000","slope.4.rNPQ.L2","rNPQ","6","L2","4",0.0220343219516259,NA
"2001","mean.4.rqP.L2","rqP","7","L2","4",0.817060876801398,NA
"2002","min.4.rqP.L2","rqP","7","L2","4",0.794485433744395,NA
"2003","max.4.rqP.L2","rqP","7","L2","4",0.836144964674732,NA
"2004","range.4.rqP.L2","rqP","7","L2","4",0.041659530930337,NA
"2005","slope.4.rqP.L2","rqP","7","L2","4",0.00792605833226627,NA
"2006","mean.4.rABQ.L2","rABQ","8","L2","4",0.0932656073810059,NA
"2007","min.4.rABQ.L2","rABQ","8","L2","4",0.0781307367708242,NA
"2008","max.4.rABQ.L2","rABQ","8","L2","4",0.113772440345966,NA
"2009","range.4.rABQ.L2","rABQ","8","L2","4",0.0356417035751418,NA
"2010","slope.4.rABQ.L2","rABQ","8","L2","4",0.000195599793766021,NA
"2011","mean.4.rqm.L2","rqm","9","L2","4",0.385550978472142,NA
"2012","min.4.rqm.L2","rqm","9","L2","4",0.37230502311777,NA
"2013","max.4.rqm.L2","rqm","9","L2","4",0.409228000385154,NA
"2014","range.4.rqm.L2","rqm","9","L2","4",0.036922977267384,NA
"2015","slope.4.rqm.L2","rqm","9","L2","4",-0.00593424601243581,NA
"2016","mean.1.rQuant.L3","rQuant","1","L3","1",0.0811616373768968,NA
"2017","min.1.rQuant.L3","rQuant","1","L3","1",0.0767141866758345,NA
"2018","max.1.rQuant.L3","rQuant","1","L3","1",0.0831836326117826,NA
"2019","range.1.rQuant.L3","rQuant","1","L3","1",0.0064694459359481,NA
"2020","slope.1.rQuant.L3","rQuant","1","L3","1",0.000220616476676546,NA
"2021","mean.1.rSigma.L3","rSigma","2","L3","1",3.80908076888897,NA
"2022","min.1.rSigma.L3","rSigma","2","L3","1",3.44982937747753,NA
"2023","max.1.rSigma.L3","rSigma","2","L3","1",4.19181580583399,NA
"2024","range.1.rSigma.L3","rSigma","2","L3","1",0.74198642835646,NA
"2025","slope.1.rSigma.L3","rSigma","2","L3","1",-0.00697652260418273,NA
"2026","mean.1.rConnect.L3","rConnect","3","L3","1",0,NA
"2027","min.1.rConnect.L3","rConnect","3","L3","1",0,NA
"2028","max.1.rConnect.L3","rConnect","3","L3","1",0,NA
"2029","range.1.rConnect.L3","rConnect","3","L3","1",0,NA
"2030","slope.1.rConnect.L3","rConnect","3","L3","1",0,NA
"2031","mean.1.rTau1.L3","rTau1","4","L3","1",731.498698900132,NA
"2032","min.1.rTau1.L3","rTau1","4","L3","1",504.250718251116,NA
"2033","max.1.rTau1.L3","rTau1","4","L3","1",1098.7459823221,NA
"2034","range.1.rTau1.L3","rTau1","4","L3","1",594.495264070984,NA
"2035","slope.1.rTau1.L3","rTau1","4","L3","1",-21.1980474773236,NA
"2036","mean.1.rTau2.L3","rTau2","5","L3","1",3845666.16168697,NA
"2037","min.1.rTau2.L3","rTau2","5","L3","1",3649607.93281911,NA
"2038","max.1.rTau2.L3","rTau2","5","L3","1",4075964.21925346,NA
"2039","range.1.rTau2.L3","rTau2","5","L3","1",426356.28643435,NA
"2040","slope.1.rTau2.L3","rTau2","5","L3","1",35225.4734073481,NA
"2041","mean.1.rNPQ.L3","rNPQ","6","L3","1",0.701936550558783,NA
"2042","min.1.rNPQ.L3","rNPQ","6","L3","1",0.492789598462402,NA
"2043","max.1.rNPQ.L3","rNPQ","6","L3","1",0.909327216761924,NA
"2044","range.1.rNPQ.L3","rNPQ","6","L3","1",0.416537618299522,NA
"2045","slope.1.rNPQ.L3","rNPQ","6","L3","1",0.0690747599493731,NA
"2046","mean.1.rqP.L3","rqP","7","L3","1",0.643570153070961,NA
"2047","min.1.rqP.L3","rqP","7","L3","1",0.542831868555523,NA
"2048","max.1.rqP.L3","rqP","7","L3","1",0.731822683950045,NA
"2049","range.1.rqP.L3","rqP","7","L3","1",0.188990815394522,NA
"2050","slope.1.rqP.L3","rqP","7","L3","1",0.0314378082470853,NA
"2051","mean.1.rABQ.L3","rABQ","8","L3","1",0.140966397773141,NA
"2052","min.1.rABQ.L3","rABQ","8","L3","1",0.0546510168626946,NA
"2053","max.1.rABQ.L3","rABQ","8","L3","1",0.221985687096112,NA
"2054","range.1.rABQ.L3","rABQ","8","L3","1",0.167334670233417,NA
"2055","slope.1.rABQ.L3","rABQ","8","L3","1",0.00157336315696884,NA
"2056","mean.1.rqm.L3","rqm","9","L3","1",0.78715234648253,NA
"2057","min.1.rqm.L3","rqm","9","L3","1",0.781849632600966,NA
"2058","max.1.rqm.L3","rqm","9","L3","1",0.798815854963265,NA
"2059","range.1.rqm.L3","rqm","9","L3","1",0.0169662223622991,NA
"2060","slope.1.rqm.L3","rqm","9","L3","1",-0.000578570133692918,NA
"2061","mean.2.rQuant.L3","rQuant","1","L3","2",0.0737559053099466,NA
"2062","min.2.rQuant.L3","rQuant","1","L3","2",0.0708549763421284,NA
"2063","max.2.rQuant.L3","rQuant","1","L3","2",0.0780559568467939,NA
"2064","range.2.rQuant.L3","rQuant","1","L3","2",0.0072009805046655,NA
"2065","slope.2.rQuant.L3","rQuant","1","L3","2",-0.000487520228640347,NA
"2066","mean.2.rSigma.L3","rSigma","2","L3","2",3.45434000888738,NA
"2067","min.2.rSigma.L3","rSigma","2","L3","2",3.21422664228241,NA
"2068","max.2.rSigma.L3","rSigma","2","L3","2",3.53223071024694,NA
"2069","range.2.rSigma.L3","rSigma","2","L3","2",0.31800406796453,NA
"2070","slope.2.rSigma.L3","rSigma","2","L3","2",-0.0159666538169798,NA
"2071","mean.2.rConnect.L3","rConnect","3","L3","2",0.0255973926971727,NA
"2072","min.2.rConnect.L3","rConnect","3","L3","2",0,NA
"2073","max.2.rConnect.L3","rConnect","3","L3","2",0.119461184400699,NA
"2074","range.2.rConnect.L3","rConnect","3","L3","2",0.119461184400699,NA
"2075","slope.2.rConnect.L3","rConnect","3","L3","2",0.00640006444006743,NA
"2076","mean.2.rTau1.L3","rTau1","4","L3","2",1253.39228824469,NA
"2077","min.2.rTau1.L3","rTau1","4","L3","2",954.689437304983,NA
"2078","max.2.rTau1.L3","rTau1","4","L3","2",1568.40394820887,NA
"2079","range.2.rTau1.L3","rTau1","4","L3","2",613.714510903887,NA
"2080","slope.2.rTau1.L3","rTau1","4","L3","2",-10.6292804043348,NA
"2081","mean.2.rTau2.L3","rTau2","5","L3","2",4114160.01076967,NA
"2082","min.2.rTau2.L3","rTau2","5","L3","2",3385241.6222187,NA
"2083","max.2.rTau2.L3","rTau2","5","L3","2",4614049.18201334,NA
"2084","range.2.rTau2.L3","rTau2","5","L3","2",1228807.55979464,NA
"2085","slope.2.rTau2.L3","rTau2","5","L3","2",9656.23597109655,NA
"2086","mean.2.rNPQ.L3","rNPQ","6","L3","2",0.772655730567944,NA
"2087","min.2.rNPQ.L3","rNPQ","6","L3","2",0.548811536580706,NA
"2088","max.2.rNPQ.L3","rNPQ","6","L3","2",0.990955531081281,NA
"2089","range.2.rNPQ.L3","rNPQ","6","L3","2",0.442143994500575,NA
"2090","slope.2.rNPQ.L3","rNPQ","6","L3","2",0.0727492299745179,NA
"2091","mean.2.rqP.L3","rqP","7","L3","2",0.658162478624113,NA
"2092","min.2.rqP.L3","rqP","7","L3","2",0.562046709677555,NA
"2093","max.2.rqP.L3","rqP","7","L3","2",0.741134880677482,NA
"2094","range.2.rqP.L3","rqP","7","L3","2",0.179088170999927,NA
"2095","slope.2.rqP.L3","rqP","7","L3","2",0.0297932391777614,NA
"2096","mean.2.rABQ.L3","rABQ","8","L3","2",0.240868749649994,NA
"2097","min.2.rABQ.L3","rABQ","8","L3","2",0.223751365327202,NA
"2098","max.2.rABQ.L3","rABQ","8","L3","2",0.293636444708273,NA
"2099","range.2.rABQ.L3","rABQ","8","L3","2",0.069885079381071,NA
"2100","slope.2.rABQ.L3","rABQ","8","L3","2",0.00350885721868861,NA
"2101","mean.2.rqm.L3","rqm","9","L3","2",0.797247872230458,NA
"2102","min.2.rqm.L3","rqm","9","L3","2",0.785427197059423,NA
"2103","max.2.rqm.L3","rqm","9","L3","2",0.805222413635132,NA
"2104","range.2.rqm.L3","rqm","9","L3","2",0.019795216575709,NA
"2105","slope.2.rqm.L3","rqm","9","L3","2",0.00134017423109565,NA
"2106","mean.3.rQuant.L3","rQuant","1","L3","3",0.0839866581094652,NA
"2107","min.3.rQuant.L3","rQuant","1","L3","3",0.080884467748332,NA
"2108","max.3.rQuant.L3","rQuant","1","L3","3",0.0858417786844655,NA
"2109","range.3.rQuant.L3","rQuant","1","L3","3",0.00495731093613351,NA
"2110","slope.3.rQuant.L3","rQuant","1","L3","3",-6.45896586874768e-06,NA
"2111","mean.3.rSigma.L3","rSigma","2","L3","3",3.14968148367212,NA
"2112","min.3.rSigma.L3","rSigma","2","L3","3",3.00467167038981,NA
"2113","max.3.rSigma.L3","rSigma","2","L3","3",3.30530108068338,NA
"2114","range.3.rSigma.L3","rSigma","2","L3","3",0.30062941029357,NA
"2115","slope.3.rSigma.L3","rSigma","2","L3","3",0.013619729995434,NA
"2116","mean.3.rConnect.L3","rConnect","3","L3","3",0,NA
"2117","min.3.rConnect.L3","rConnect","3","L3","3",0,NA
"2118","max.3.rConnect.L3","rConnect","3","L3","3",0,NA
"2119","range.3.rConnect.L3","rConnect","3","L3","3",0,NA
"2120","slope.3.rConnect.L3","rConnect","3","L3","3",0,NA
"2121","mean.3.rTau1.L3","rTau1","4","L3","3",1163.85891050145,NA
"2122","min.3.rTau1.L3","rTau1","4","L3","3",833.43566840496,NA
"2123","max.3.rTau1.L3","rTau1","4","L3","3",1480.80217769186,NA
"2124","range.3.rTau1.L3","rTau1","4","L3","3",647.3665092869,NA
"2125","slope.3.rTau1.L3","rTau1","4","L3","3",-11.1894240908997,NA
"2126","mean.3.rTau2.L3","rTau2","5","L3","3",3840669.31300164,NA
"2127","min.3.rTau2.L3","rTau2","5","L3","3",3431231.91716421,NA
"2128","max.3.rTau2.L3","rTau2","5","L3","3",4479776.85299596,NA
"2129","range.3.rTau2.L3","rTau2","5","L3","3",1048544.93583175,NA
"2130","slope.3.rTau2.L3","rTau2","5","L3","3",33894.0330781552,NA
"2131","mean.3.rNPQ.L3","rNPQ","6","L3","3",0.615755535491049,NA
"2132","min.3.rNPQ.L3","rNPQ","6","L3","3",0.409208311360722,NA
"2133","max.3.rNPQ.L3","rNPQ","6","L3","3",0.812369686900412,NA
"2134","range.3.rNPQ.L3","rNPQ","6","L3","3",0.40316137553969,NA
"2135","slope.3.rNPQ.L3","rNPQ","6","L3","3",0.0661230471706329,NA
"2136","mean.3.rqP.L3","rqP","7","L3","3",0.620495456153658,NA
"2137","min.3.rqP.L3","rqP","7","L3","3",0.507806996071233,NA
"2138","max.3.rqP.L3","rqP","7","L3","3",0.713747842683091,NA
"2139","range.3.rqP.L3","rqP","7","L3","3",0.205940846611858,NA
"2140","slope.3.rqP.L3","rqP","7","L3","3",0.0340705113132259,NA
"2141","mean.3.rABQ.L3","rABQ","8","L3","3",0.222052034411727,NA
"2142","min.3.rABQ.L3","rABQ","8","L3","3",0.183615148165238,NA
"2143","max.3.rABQ.L3","rABQ","8","L3","3",0.257868382768892,NA
"2144","range.3.rABQ.L3","rABQ","8","L3","3",0.074253234603654,NA
"2145","slope.3.rABQ.L3","rABQ","8","L3","3",-0.0033639722926701,NA
"2146","mean.3.rqm.L3","rqm","9","L3","3",0.774352327069231,NA
"2147","min.3.rqm.L3","rqm","9","L3","3",0.769368158748006,NA
"2148","max.3.rqm.L3","rqm","9","L3","3",0.782687008454763,NA
"2149","range.3.rqm.L3","rqm","9","L3","3",0.013318849706757,NA
"2150","slope.3.rqm.L3","rqm","9","L3","3",1.73533588624607e-05,NA
"2151","mean.4.rQuant.L3","rQuant","1","L3","4",0.11591425206723,NA
"2152","min.4.rQuant.L3","rQuant","1","L3","4",0.111860098399254,NA
"2153","max.4.rQuant.L3","rQuant","1","L3","4",0.118078395732875,NA
"2154","range.4.rQuant.L3","rQuant","1","L3","4",0.006218297333621,NA
"2155","slope.4.rQuant.L3","rQuant","1","L3","4",0.000203758682749005,NA
"2156","mean.4.rSigma.L3","rSigma","2","L3","4",3.68687412435177,NA
"2157","min.4.rSigma.L3","rSigma","2","L3","4",3.37011977785616,NA
"2158","max.4.rSigma.L3","rSigma","2","L3","4",3.94788330876429,NA
"2159","range.4.rSigma.L3","rSigma","2","L3","4",0.57776353090813,NA
"2160","slope.4.rSigma.L3","rSigma","2","L3","4",-0.00193556459619368,NA
"2161","mean.4.rConnect.L3","rConnect","3","L3","4",0.00581244316116609,NA
"2162","min.4.rConnect.L3","rConnect","3","L3","4",0,NA
"2163","max.4.rConnect.L3","rConnect","3","L3","4",0.0406871021281626,NA
"2164","range.4.rConnect.L3","rConnect","3","L3","4",0.0406871021281626,NA
"2165","slope.4.rConnect.L3","rConnect","3","L3","4",0.00145311079029152,NA
"2166","mean.4.rTau1.L3","rTau1","4","L3","4",736.564313224174,NA
"2167","min.4.rTau1.L3","rTau1","4","L3","4",608.305607549623,NA
"2168","max.4.rTau1.L3","rTau1","4","L3","4",1104.7178739801,NA
"2169","range.4.rTau1.L3","rTau1","4","L3","4",496.412266430477,NA
"2170","slope.4.rTau1.L3","rTau1","4","L3","4",52.9266510198571,NA
"2171","mean.4.rTau2.L3","rTau2","5","L3","4",3702151.68876237,NA
"2172","min.4.rTau2.L3","rTau2","5","L3","4",3295677.07106015,NA
"2173","max.4.rTau2.L3","rTau2","5","L3","4",4194918.84126684,NA
"2174","range.4.rTau2.L3","rTau2","5","L3","4",899241.77020669,NA
"2175","slope.4.rTau2.L3","rTau2","5","L3","4",142895.675983619,NA
"2176","mean.4.rNPQ.L3","rNPQ","6","L3","4",0.845430161705202,NA
"2177","min.4.rNPQ.L3","rNPQ","6","L3","4",0.613418735821615,NA
"2178","max.4.rNPQ.L3","rNPQ","6","L3","4",1.06910910567098,NA
"2179","range.4.rNPQ.L3","rNPQ","6","L3","4",0.455690369849365,NA
"2180","slope.4.rNPQ.L3","rNPQ","6","L3","4",0.0756326270987015,NA
"2181","mean.4.rqP.L3","rqP","7","L3","4",0.701241401473246,NA
"2182","min.4.rqP.L3","rqP","7","L3","4",0.613503847804443,NA
"2183","max.4.rqP.L3","rqP","7","L3","4",0.777268236705953,NA
"2184","range.4.rqP.L3","rqP","7","L3","4",0.16376438890151,NA
"2185","slope.4.rqP.L3","rqP","7","L3","4",0.0271066770729685,NA
"2186","mean.4.rABQ.L3","rABQ","8","L3","4",-0.0125217079146673,NA
"2187","min.4.rABQ.L3","rABQ","8","L3","4",-0.0842023393301077,NA
"2188","max.4.rABQ.L3","rABQ","8","L3","4",0.0744681488273268,NA
"2189","range.4.rABQ.L3","rABQ","8","L3","4",0.158670488157435,NA
"2190","slope.4.rABQ.L3","rABQ","8","L3","4",0.000531561725358142,NA
"2191","mean.4.rqm.L3","rqm","9","L3","4",0.709868725916957,NA
"2192","min.4.rqm.L3","rqm","9","L3","4",0.704451913507657,NA
"2193","max.4.rqm.L3","rqm","9","L3","4",0.720016199139974,NA
"2194","range.4.rqm.L3","rqm","9","L3","4",0.0155642856323169,NA
"2195","slope.4.rqm.L3","rqm","9","L3","4",-0.000510004293494061,NA
"2196","mean.1.rQuant.R1","rQuant","1","R1","1",0.332915140579547,NA
"2197","min.1.rQuant.R1","rQuant","1","R1","1",0.300638621322482,NA
"2198","max.1.rQuant.R1","rQuant","1","R1","1",0.359281972620142,NA
"2199","range.1.rQuant.R1","rQuant","1","R1","1",0.05864335129766,NA
"2200","slope.1.rQuant.R1","rQuant","1","R1","1",0.0148417792482668,NA
"2201","mean.1.rSigma.R1","rSigma","2","R1","1",3.99737353940877,NA
"2202","min.1.rSigma.R1","rSigma","2","R1","1",3.7486101345164,NA
"2203","max.1.rSigma.R1","rSigma","2","R1","1",4.15217252826266,NA
"2204","range.1.rSigma.R1","rSigma","2","R1","1",0.40356239374626,NA
"2205","slope.1.rSigma.R1","rSigma","2","R1","1",0.0835264667240807,NA
"2206","mean.1.rConnect.R1","rConnect","3","R1","1",0.15509321883315,NA
"2207","min.1.rConnect.R1","rConnect","3","R1","1",0.13576463391034,NA
"2208","max.1.rConnect.R1","rConnect","3","R1","1",0.169571747152339,NA
"2209","range.1.rConnect.R1","rConnect","3","R1","1",0.033807113241999,NA
"2210","slope.1.rConnect.R1","rConnect","3","R1","1",0.00457167779692391,NA
"2211","mean.1.rTau1.R1","rTau1","4","R1","1",905.090610902746,NA
"2212","min.1.rTau1.R1","rTau1","4","R1","1",806.609520554397,NA
"2213","max.1.rTau1.R1","rTau1","4","R1","1",1049.56138873533,NA
"2214","range.1.rTau1.R1","rTau1","4","R1","1",242.951868180933,NA
"2215","slope.1.rTau1.R1","rTau1","4","R1","1",-21.868325058254,NA
"2216","mean.1.rTau2.R1","rTau2","5","R1","1",735810.384724755,NA
"2217","min.1.rTau2.R1","rTau2","5","R1","1",642009.016578989,NA
"2218","max.1.rTau2.R1","rTau2","5","R1","1",837987.685012814,NA
"2219","range.1.rTau2.R1","rTau2","5","R1","1",195978.668433825,NA
"2220","slope.1.rTau2.R1","rTau2","5","R1","1",-39538.4082142402,NA
"2221","mean.1.rNPQ.R1","rNPQ","6","R1","1",1.20921659359805,NA
"2222","min.1.rNPQ.R1","rNPQ","6","R1","1",1.02429694140844,NA
"2223","max.1.rNPQ.R1","rNPQ","6","R1","1",1.40599043980605,NA
"2224","range.1.rNPQ.R1","rNPQ","6","R1","1",0.38169349839761,NA
"2225","slope.1.rNPQ.R1","rNPQ","6","R1","1",-0.099564559718593,NA
"2226","mean.1.rqP.R1","rqP","7","R1","1",0.983208359433477,NA
"2227","min.1.rqP.R1","rqP","7","R1","1",0.963572676396746,NA
"2228","max.1.rqP.R1","rqP","7","R1","1",1,NA
"2229","range.1.rqP.R1","rqP","7","R1","1",0.036427323603254,NA
"2230","slope.1.rqP.R1","rqP","7","R1","1",-0.00977041240526138,NA
"2231","mean.1.rABQ.R1","rABQ","8","R1","1",0.0985021323120353,NA
"2232","min.1.rABQ.R1","rABQ","8","R1","1",0.0635914698492327,NA
"2233","max.1.rABQ.R1","rABQ","8","R1","1",0.154603889342837,NA
"2234","range.1.rABQ.R1","rABQ","8","R1","1",0.0910124194936043,NA
"2235","slope.1.rABQ.R1","rABQ","8","R1","1",-0.0188371016380936,NA
"2236","mean.1.rqm.R1","rqm","9","R1","1",0.126924877528826,NA
"2237","min.1.rqm.R1","rqm","9","R1","1",0.0577774513320333,NA
"2238","max.1.rqm.R1","rqm","9","R1","1",0.211570550159542,NA
"2239","range.1.rqm.R1","rqm","9","R1","1",0.153793098827509,NA
"2240","slope.1.rqm.R1","rqm","9","R1","1",-0.0389227963988451,NA
"2241","mean.2.rQuant.R1","rQuant","1","R1","2",0.318646506519384,NA
"2242","min.2.rQuant.R1","rQuant","1","R1","2",0.288680602414273,NA
"2243","max.2.rQuant.R1","rQuant","1","R1","2",0.345601450241771,NA
"2244","range.2.rQuant.R1","rQuant","1","R1","2",0.056920847827498,NA
"2245","slope.2.rQuant.R1","rQuant","1","R1","2",0.0141145665900052,NA
"2246","mean.2.rSigma.R1","rSigma","2","R1","2",4.18861065657589,NA
"2247","min.2.rSigma.R1","rSigma","2","R1","2",4.01139573933513,NA
"2248","max.2.rSigma.R1","rSigma","2","R1","2",4.30222243184729,NA
"2249","range.2.rSigma.R1","rSigma","2","R1","2",0.29082669251216,NA
"2250","slope.2.rSigma.R1","rSigma","2","R1","2",0.0627313149461039,NA
"2251","mean.2.rConnect.R1","rConnect","3","R1","2",0.18066420446138,NA
"2252","min.2.rConnect.R1","rConnect","3","R1","2",0.156303014237699,NA
"2253","max.2.rConnect.R1","rConnect","3","R1","2",0.206370385463713,NA
"2254","range.2.rConnect.R1","rConnect","3","R1","2",0.050067371226014,NA
"2255","slope.2.rConnect.R1","rConnect","3","R1","2",0.00343695996669181,NA
"2256","mean.2.rTau1.R1","rTau1","4","R1","2",1039.54824333637,NA
"2257","min.2.rTau1.R1","rTau1","4","R1","2",991.549333563192,NA
"2258","max.2.rTau1.R1","rTau1","4","R1","2",1094.74307367784,NA
"2259","range.2.rTau1.R1","rTau1","4","R1","2",103.193740114648,NA
"2260","slope.2.rTau1.R1","rTau1","4","R1","2",-7.85399355740515,NA
"2261","mean.2.rTau2.R1","rTau2","5","R1","2",826959.470443714,NA
"2262","min.2.rTau2.R1","rTau2","5","R1","2",694421.193299796,NA
"2263","max.2.rTau2.R1","rTau2","5","R1","2",936958.920364807,NA
"2264","range.2.rTau2.R1","rTau2","5","R1","2",242537.727065011,NA
"2265","slope.2.rTau2.R1","rTau2","5","R1","2",-67321.8854545531,NA
"2266","mean.2.rNPQ.R1","rNPQ","6","R1","2",1.30439122489014,NA
"2267","min.2.rNPQ.R1","rNPQ","6","R1","2",1.10404595996172,NA
"2268","max.2.rNPQ.R1","rNPQ","6","R1","2",1.54151402094801,NA
"2269","range.2.rNPQ.R1","rNPQ","6","R1","2",0.43746806098629,NA
"2270","slope.2.rNPQ.R1","rNPQ","6","R1","2",-0.111661804523862,NA
"2271","mean.2.rqP.R1","rqP","7","R1","2",0.976951681319018,NA
"2272","min.2.rqP.R1","rqP","7","R1","2",0.956758648451252,NA
"2273","max.2.rqP.R1","rqP","7","R1","2",1,NA
"2274","range.2.rqP.R1","rqP","7","R1","2",0.043241351548748,NA
"2275","slope.2.rqP.R1","rqP","7","R1","2",-0.0113259432171547,NA
"2276","mean.2.rABQ.R1","rABQ","8","R1","2",0.079504265134578,NA
"2277","min.2.rABQ.R1","rABQ","8","R1","2",0.0545367608372703,NA
"2278","max.2.rABQ.R1","rABQ","8","R1","2",0.118449296995812,NA
"2279","range.2.rABQ.R1","rABQ","8","R1","2",0.0639125361585417,NA
"2280","slope.2.rABQ.R1","rABQ","8","R1","2",-0.0137859334716951,NA
"2281","mean.2.rqm.R1","rqm","9","R1","2",0.124053091997992,NA
"2282","min.2.rqm.R1","rqm","9","R1","2",0.0499549954366958,NA
"2283","max.2.rqm.R1","rqm","9","R1","2",0.206428202062976,NA
"2284","range.2.rqm.R1","rqm","9","R1","2",0.15647320662628,NA
"2285","slope.2.rqm.R1","rqm","9","R1","2",-0.03880039702099,NA
"2286","mean.3.rQuant.R1","rQuant","1","R1","3",0.329483963375575,NA
"2287","min.3.rQuant.R1","rQuant","1","R1","3",0.299439845015496,NA
"2288","max.3.rQuant.R1","rQuant","1","R1","3",0.355533277225564,NA
"2289","range.3.rQuant.R1","rQuant","1","R1","3",0.056093432210068,NA
"2290","slope.3.rQuant.R1","rQuant","1","R1","3",0.0140909008679519,NA
"2291","mean.3.rSigma.R1","rSigma","2","R1","3",3.65467206707077,NA
"2292","min.3.rSigma.R1","rSigma","2","R1","3",3.48584684371585,NA
"2293","max.3.rSigma.R1","rSigma","2","R1","3",3.76589318678986,NA
"2294","range.3.rSigma.R1","rSigma","2","R1","3",0.28004634307401,NA
"2295","slope.3.rSigma.R1","rSigma","2","R1","3",0.061718860578386,NA
"2296","mean.3.rConnect.R1","rConnect","3","R1","3",0.13530989167074,NA
"2297","min.3.rConnect.R1","rConnect","3","R1","3",0.0966970773383297,NA
"2298","max.3.rConnect.R1","rConnect","3","R1","3",0.168689643844977,NA
"2299","range.3.rConnect.R1","rConnect","3","R1","3",0.0719925665066473,NA
"2300","slope.3.rConnect.R1","rConnect","3","R1","3",0.0199672868680055,NA
"2301","mean.3.rTau1.R1","rTau1","4","R1","3",1045.03695172505,NA
"2302","min.3.rTau1.R1","rTau1","4","R1","3",945.230281544254,NA
"2303","max.3.rTau1.R1","rTau1","4","R1","3",1133.68571628385,NA
"2304","range.3.rTau1.R1","rTau1","4","R1","3",188.455434739596,NA
"2305","slope.3.rTau1.R1","rTau1","4","R1","3",32.0475657961185,NA
"2306","mean.3.rTau2.R1","rTau2","5","R1","3",761920.649557698,NA
"2307","min.3.rTau2.R1","rTau2","5","R1","3",712715.453251859,NA
"2308","max.3.rTau2.R1","rTau2","5","R1","3",814463.323586797,NA
"2309","range.3.rTau2.R1","rTau2","5","R1","3",101747.870334938,NA
"2310","slope.3.rTau2.R1","rTau2","5","R1","3",-25000.976296744,NA
"2311","mean.3.rNPQ.R1","rNPQ","6","R1","3",1.04769858998867,NA
"2312","min.3.rNPQ.R1","rNPQ","6","R1","3",0.86665063764976,NA
"2313","max.3.rNPQ.R1","rNPQ","6","R1","3",1.27244165475799,NA
"2314","range.3.rNPQ.R1","rNPQ","6","R1","3",0.40579101710823,NA
"2315","slope.3.rNPQ.R1","rNPQ","6","R1","3",-0.103346671872944,NA
"2316","mean.3.rqP.R1","rqP","7","R1","3",0.970877333990746,NA
"2317","min.3.rqP.R1","rqP","7","R1","3",0.946556320119793,NA
"2318","max.3.rqP.R1","rqP","7","R1","3",1,NA
"2319","range.3.rqP.R1","rqP","7","R1","3",0.053443679880207,NA
"2320","slope.3.rqP.R1","rqP","7","R1","3",-0.0138311840318229,NA
"2321","mean.3.rABQ.R1","rABQ","8","R1","3",0.0973231057779035,NA
"2322","min.3.rABQ.R1","rABQ","8","R1","3",0.0698523141234292,NA
"2323","max.3.rABQ.R1","rABQ","8","R1","3",0.139021683786441,NA
"2324","range.3.rABQ.R1","rABQ","8","R1","3",0.0691693696630118,NA
"2325","slope.3.rABQ.R1","rABQ","8","R1","3",-0.0152441008001241,NA
"2326","mean.3.rqm.R1","rqm","9","R1","3",0.114772616541028,NA
"2327","min.3.rqm.R1","rqm","9","R1","3",0.0447857021428846,NA
"2328","max.3.rqm.R1","rqm","9","R1","3",0.195492406395895,NA
"2329","range.3.rqm.R1","rqm","9","R1","3",0.15070670425301,NA
"2330","slope.3.rqm.R1","rqm","9","R1","3",-0.0378581439233764,NA
"2331","mean.4.rQuant.R1","rQuant","1","R1","4",0.348682057530656,NA
"2332","min.4.rQuant.R1","rQuant","1","R1","4",0.316620978970369,NA
"2333","max.4.rQuant.R1","rQuant","1","R1","4",0.374995848476541,NA
"2334","range.4.rQuant.R1","rQuant","1","R1","4",0.058374869506172,NA
"2335","slope.4.rQuant.R1","rQuant","1","R1","4",0.0144130524433911,NA
"2336","mean.4.rSigma.R1","rSigma","2","R1","4",3.44314601662081,NA
"2337","min.4.rSigma.R1","rSigma","2","R1","4",3.28890174513179,NA
"2338","max.4.rSigma.R1","rSigma","2","R1","4",3.50352068539092,NA
"2339","range.4.rSigma.R1","rSigma","2","R1","4",0.21461894025913,NA
"2340","slope.4.rSigma.R1","rSigma","2","R1","4",0.0394626519238529,NA
"2341","mean.4.rConnect.R1","rConnect","3","R1","4",0.189445116696845,NA
"2342","min.4.rConnect.R1","rConnect","3","R1","4",0.181378524420649,NA
"2343","max.4.rConnect.R1","rConnect","3","R1","4",0.195143850531252,NA
"2344","range.4.rConnect.R1","rConnect","3","R1","4",0.013765326110603,NA
"2345","slope.4.rConnect.R1","rConnect","3","R1","4",0.0023364268376806,NA
"2346","mean.4.rTau1.R1","rTau1","4","R1","4",829.362284007822,NA
"2347","min.4.rTau1.R1","rTau1","4","R1","4",769.313633979284,NA
"2348","max.4.rTau1.R1","rTau1","4","R1","4",939.384312362678,NA
"2349","range.4.rTau1.R1","rTau1","4","R1","4",170.070678383394,NA
"2350","slope.4.rTau1.R1","rTau1","4","R1","4",-33.0736996976361,NA
"2351","mean.4.rTau2.R1","rTau2","5","R1","4",843749.7009892,NA
"2352","min.4.rTau2.R1","rTau2","5","R1","4",698351.984529693,NA
"2353","max.4.rTau2.R1","rTau2","5","R1","4",1033518.52151348,NA
"2354","range.4.rTau2.R1","rTau2","5","R1","4",335166.536983787,NA
"2355","slope.4.rTau2.R1","rTau2","5","R1","4",-88924.4746190213,NA
"2356","mean.4.rNPQ.R1","rNPQ","6","R1","4",1.35993737983806,NA
"2357","min.4.rNPQ.R1","rNPQ","6","R1","4",1.15412243568819,NA
"2358","max.4.rNPQ.R1","rNPQ","6","R1","4",1.61015632123017,NA
"2359","range.4.rNPQ.R1","rNPQ","6","R1","4",0.45603388554198,NA
"2360","slope.4.rNPQ.R1","rNPQ","6","R1","4",-0.115025574186569,NA
"2361","mean.4.rqP.R1","rqP","7","R1","4",0.979824873847291,NA
"2362","min.4.rqP.R1","rqP","7","R1","4",0.961624886093439,NA
"2363","max.4.rqP.R1","rqP","7","R1","4",1,NA
"2364","range.4.rqP.R1","rqP","7","R1","4",0.038375113906561,NA
"2365","slope.4.rqP.R1","rqP","7","R1","4",-0.00989509854348465,NA
"2366","mean.4.rABQ.R1","rABQ","8","R1","4",0.0544130426580665,NA
"2367","min.4.rABQ.R1","rABQ","8","R1","4",0.0378324216018393,NA
"2368","max.4.rABQ.R1","rABQ","8","R1","4",0.0967729573002782,NA
"2369","range.4.rABQ.R1","rABQ","8","R1","4",0.0589405356984389,NA
"2370","slope.4.rABQ.R1","rABQ","8","R1","4",-0.0108375795801837,NA
"2371","mean.4.rqm.R1","rqm","9","R1","4",0.127255123532251,NA
"2372","min.4.rqm.R1","rqm","9","R1","4",0.0613921812543975,NA
"2373","max.4.rqm.R1","rqm","9","R1","4",0.207503422643713,NA
"2374","range.4.rqm.R1","rqm","9","R1","4",0.146111241389315,NA
"2375","slope.4.rqm.R1","rqm","9","R1","4",-0.0360756092909215,NA
"2376","mean.All.rQuant.All","rQuant","1","All","All",0.179074704047193,NA
"2377","min.All.rQuant.All","rQuant","1","All","All",0.0332556575692693,NA
"2378","max.All.rQuant.All","rQuant","1","All","All",0.39952346548498,NA
"2379","range.All.rQuant.All","rQuant","1","All","All",0.366267807915711,NA
"2380","slope.All.rQuant.All","rQuant","1","All","All",0.00504993565693785,NA
"2381","mean.All.rSigma.All","rSigma","2","All","All",3.63897252249439,NA
"2382","min.All.rSigma.All","rSigma","2","All","All",3.00467167038981,NA
"2383","max.All.rSigma.All","rSigma","2","All","All",4.89092908508661,NA
"2384","range.All.rSigma.All","rSigma","2","All","All",1.8862574146968,NA
"2385","slope.All.rSigma.All","rSigma","2","All","All",-0.00451062367345225,NA
"2386","mean.All.rConnect.All","rConnect","3","All","All",0.0760580509550401,NA
"2387","min.All.rConnect.All","rConnect","3","All","All",0,NA
"2388","max.All.rConnect.All","rConnect","3","All","All",0.253431358008424,NA
"2389","range.All.rConnect.All","rConnect","3","All","All",0.253431358008424,NA
"2390","slope.All.rConnect.All","rConnect","3","All","All",0.0027573899362423,NA
"2391","mean.All.rTau1.All","rTau1","4","All","All",1110.34390264485,NA
"2392","min.All.rTau1.All","rTau1","4","All","All",504.250718251116,NA
"2393","max.All.rTau1.All","rTau1","4","All","All",5107.29104416864,NA
"2394","range.All.rTau1.All","rTau1","4","All","All",4603.04032591752,NA
"2395","slope.All.rTau1.All","rTau1","4","All","All",-26.4080427570084,NA
"2396","mean.All.rTau2.All","rTau2","5","All","All",2383262.84886462,NA
"2397","min.All.rTau2.All","rTau2","5","All","All",642009.016578989,NA
"2398","max.All.rTau2.All","rTau2","5","All","All",8292016.14840208,NA
"2399","range.All.rTau2.All","rTau2","5","All","All",7650007.13182309,NA
"2400","slope.All.rTau2.All","rTau2","5","All","All",-47556.0164926407,NA
"2401","mean.All.rNPQ.All","rNPQ","6","All","All",0.699471755873174,NA
"2402","min.All.rNPQ.All","rNPQ","6","All","All",0.0151564662214165,NA
"2403","max.All.rNPQ.All","rNPQ","6","All","All",1.61015632123017,NA
"2404","range.All.rNPQ.All","rNPQ","6","All","All",1.59499985500875,NA
"2405","slope.All.rNPQ.All","rNPQ","6","All","All",0.0403424069616084,NA
"2406","mean.All.rqP.All","rqP","7","All","All",0.670571727646667,NA
"2407","min.All.rqP.All","rqP","7","All","All",0.0708201192049012,NA
"2408","max.All.rqP.All","rqP","7","All","All",1,NA
"2409","range.All.rqP.All","rqP","7","All","All",0.929179880795099,NA
"2410","slope.All.rqP.All","rqP","7","All","All",0.0228765164628307,NA
"2411","mean.All.rABQ.All","rABQ","8","All","All",0.122068047115259,NA
"2412","min.All.rABQ.All","rABQ","8","All","All",-0.208023208474918,NA
"2413","max.All.rABQ.All","rABQ","8","All","All",0.293636444708273,NA
"2414","range.All.rABQ.All","rABQ","8","All","All",0.501659653183191,NA
"2415","slope.All.rABQ.All","rABQ","8","All","All",0.00129652791553271,NA
"2416","mean.All.rqm.All","rqm","9","All","All",0.528489636289537,NA
"2417","min.All.rqm.All","rqm","9","All","All",0,NA
"2418","max.All.rqm.All","rqm","9","All","All",0.910651740273942,NA
"2419","range.All.rqm.All","rqm","9","All","All",0.910651740273942,NA
"2420","slope.All.rqm.All","rqm","9","All","All",-0.0133551135448585,NA
"2421","mean.All.rQuant.L1","rQuant","1","L1","All",0.0936566144569586,NA
"2422","min.All.rQuant.L1","rQuant","1","L1","All",0.0332556575692693,NA
"2423","max.All.rQuant.L1","rQuant","1","L1","All",0.149829544113681,NA
"2424","range.All.rQuant.L1","rQuant","1","L1","All",0.116573886544412,NA
"2425","slope.All.rQuant.L1","rQuant","1","L1","All",0.00909252268227685,NA
"2426","mean.All.rSigma.L1","rSigma","2","L1","All",3.73184088584407,NA
"2427","min.All.rSigma.L1","rSigma","2","L1","All",3.07256573136173,NA
"2428","max.All.rSigma.L1","rSigma","2","L1","All",4.89092908508661,NA
"2429","range.All.rSigma.L1","rSigma","2","L1","All",1.81836335372488,NA
"2430","slope.All.rSigma.L1","rSigma","2","L1","All",-0.0945934253885015,NA
"2431","mean.All.rConnect.L1","rConnect","3","L1","All",0.00535372922911826,NA
"2432","min.All.rConnect.L1","rConnect","3","L1","All",0,NA
"2433","max.All.rConnect.L1","rConnect","3","L1","All",0.0713348663588687,NA
"2434","range.All.rConnect.L1","rConnect","3","L1","All",0.0713348663588687,NA
"2435","slope.All.rConnect.L1","rConnect","3","L1","All",0.000710628041577281,NA
"2436","mean.All.rTau1.L1","rTau1","4","L1","All",1622.15612899747,NA
"2437","min.All.rTau1.L1","rTau1","4","L1","All",854.990244541253,NA
"2438","max.All.rTau1.L1","rTau1","4","L1","All",5107.29104416864,NA
"2439","range.All.rTau1.L1","rTau1","4","L1","All",4252.30079962739,NA
"2440","slope.All.rTau1.L1","rTau1","4","L1","All",-188.8491221608,NA
"2441","mean.All.rTau2.L1","rTau2","5","L1","All",3253263.4940902,NA
"2442","min.All.rTau2.L1","rTau2","5","L1","All",2098288.90440145,NA
"2443","max.All.rTau2.L1","rTau2","5","L1","All",8292016.14840208,NA
"2444","range.All.rTau2.L1","rTau2","5","L1","All",6193727.24400063,NA
"2445","slope.All.rTau2.L1","rTau2","5","L1","All",-539337.579174381,NA
"2446","mean.All.rNPQ.L1","rNPQ","6","L1","All",0.211363263849385,NA
"2447","min.All.rNPQ.L1","rNPQ","6","L1","All",0.0151564662214165,NA
"2448","max.All.rNPQ.L1","rNPQ","6","L1","All",0.50462945387791,NA
"2449","range.All.rNPQ.L1","rNPQ","6","L1","All",0.489472987656494,NA
"2450","slope.All.rNPQ.L1","rNPQ","6","L1","All",0.060602164577539,NA
"2451","mean.All.rqP.L1","rqP","7","L1","All",0.334697097468883,NA
"2452","min.All.rqP.L1","rqP","7","L1","All",0.0708201192049012,NA
"2453","max.All.rqP.L1","rqP","7","L1","All",0.58923411140679,NA
"2454","range.All.rqP.L1","rqP","7","L1","All",0.518413992201889,NA
"2455","slope.All.rqP.L1","rqP","7","L1","All",0.0629268679669845,NA
"2456","mean.All.rABQ.L1","rABQ","8","L1","All",0.0963448248133656,NA
"2457","min.All.rABQ.L1","rABQ","8","L1","All",-0.208023208474918,NA
"2458","max.All.rABQ.L1","rABQ","8","L1","All",0.274299246214071,NA
"2459","range.All.rABQ.L1","rABQ","8","L1","All",0.482322454688989,NA
"2460","slope.All.rABQ.L1","rABQ","8","L1","All",0.0243464958542996,NA
"2461","mean.All.rqm.L1","rqm","9","L1","All",0.754335941740753,NA
"2462","min.All.rqm.L1","rqm","9","L1","All",0.624979364023577,NA
"2463","max.All.rqm.L1","rqm","9","L1","All",0.910651740273942,NA
"2464","range.All.rqm.L1","rqm","9","L1","All",0.285672376250365,NA
"2465","slope.All.rqm.L1","rqm","9","L1","All",-0.0240489193929435,NA
"2466","mean.All.rQuant.L2","rQuant","1","L2","All",0.22300847323778,NA
"2467","min.All.rQuant.L2","rQuant","1","L2","All",0.198046171481511,NA
"2468","max.All.rQuant.L2","rQuant","1","L2","All",0.250778872431503,NA
"2469","range.All.rQuant.L2","rQuant","1","L2","All",0.052732700949992,NA
"2470","slope.All.rQuant.L2","rQuant","1","L2","All",0.00347713109063817,NA
"2471","mean.All.rSigma.L2","rSigma","2","L2","All",3.42367648453766,NA
"2472","min.All.rSigma.L2","rSigma","2","L2","All",3.11179469760777,NA
"2473","max.All.rSigma.L2","rSigma","2","L2","All",3.75328982191965,NA
"2474","range.All.rSigma.L2","rSigma","2","L2","All",0.64149512431188,NA
"2475","slope.All.rSigma.L2","rSigma","2","L2","All",-0.0272062404231953,NA
"2476","mean.All.rConnect.L2","rConnect","3","L2","All",0.137842041499251,NA
"2477","min.All.rConnect.L2","rConnect","3","L2","All",0.0924026446958901,NA
"2478","max.All.rConnect.L2","rConnect","3","L2","All",0.187835601548148,NA
"2479","range.All.rConnect.L2","rConnect","3","L2","All",0.0954329568522579,NA
"2480","slope.All.rConnect.L2","rConnect","3","L2","All",0.00403839111903204,NA
"2481","mean.All.rTau1.L2","rTau1","4","L2","All",881.798260590668,NA
"2482","min.All.rTau1.L2","rTau1","4","L2","All",717.301332728562,NA
"2483","max.All.rTau1.L2","rTau1","4","L2","All",1026.8536471354,NA
"2484","range.All.rTau1.L2","rTau1","4","L2","All",309.552314406838,NA
"2485","slope.All.rTau1.L2","rTau1","4","L2","All",1.72585126062174,NA
"2486","mean.All.rTau2.L2","rTau2","5","L2","All",1162081.13540058,NA
"2487","min.All.rTau2.L2","rTau2","5","L2","All",1053675.51478358,NA
"2488","max.All.rTau2.L2","rTau2","5","L2","All",1298282.29079411,NA
"2489","range.All.rTau2.L2","rTau2","5","L2","All",244606.77601053,NA
"2490","slope.All.rTau2.L2","rTau2","5","L2","All",1371.39913901045,NA
"2491","mean.All.rNPQ.L2","rNPQ","6","L2","All",0.787485792862926,NA
"2492","min.All.rNPQ.L2","rNPQ","6","L2","All",0.603367357322007,NA
"2493","max.All.rNPQ.L2","rNPQ","6","L2","All",0.957363145814713,NA
"2494","range.All.rNPQ.L2","rNPQ","6","L2","All",0.353995788492706,NA
"2495","slope.All.rNPQ.L2","rNPQ","6","L2","All",0.0232434312152865,NA
"2496","mean.All.rqP.L2","rqP","7","L2","All",0.788068795533094,NA
"2497","min.All.rqP.L2","rqP","7","L2","All",0.732363100126958,NA
"2498","max.All.rqP.L2","rqP","7","L2","All",0.836144964674732,NA
"2499","range.All.rqP.L2","rqP","7","L2","All",0.103781864547774,NA
"2500","slope.All.rqP.L2","rqP","7","L2","All",0.0107351161387298,NA
"2501","mean.All.rABQ.L2","rABQ","8","L2","All",0.175381281598267,NA
"2502","min.All.rABQ.L2","rABQ","8","L2","All",0.0781307367708242,NA
"2503","max.All.rABQ.L2","rABQ","8","L2","All",0.237953352410783,NA
"2504","range.All.rABQ.L2","rABQ","8","L2","All",0.159822615639959,NA
"2505","slope.All.rABQ.L2","rABQ","8","L2","All",0.00624534620499094,NA
"2506","mean.All.rqm.L2","rqm","9","L2","All",0.412339098144837,NA
"2507","min.All.rqm.L2","rqm","9","L2","All",0.37230502311777,NA
"2508","max.All.rqm.L2","rqm","9","L2","All",0.465854962345695,NA
"2509","range.All.rqm.L2","rqm","9","L2","All",0.093549939227925,NA
"2510","slope.All.rqm.L2","rqm","9","L2","All",-0.00922673108395955,NA
"2511","mean.All.rQuant.L3","rQuant","1","L3","All",0.0887046132158845,NA
"2512","min.All.rQuant.L3","rQuant","1","L3","All",0.0708549763421284,NA
"2513","max.All.rQuant.L3","rQuant","1","L3","All",0.118078395732875,NA
"2514","range.All.rQuant.L3","rQuant","1","L3","All",0.0472234193907466,NA
"2515","slope.All.rQuant.L3","rQuant","1","L3","All",-1.74010087708868e-05,NA
"2516","mean.All.rSigma.L3","rSigma","2","L3","All",3.52499409645006,NA
"2517","min.All.rSigma.L3","rSigma","2","L3","All",3.00467167038981,NA
"2518","max.All.rSigma.L3","rSigma","2","L3","All",4.19181580583399,NA
"2519","range.All.rSigma.L3","rSigma","2","L3","All",1.18714413544418,NA
"2520","slope.All.rSigma.L3","rSigma","2","L3","All",-0.00281475275548069,NA
"2521","mean.All.rConnect.L3","rConnect","3","L3","All",0.0078524589645847,NA
"2522","min.All.rConnect.L3","rConnect","3","L3","All",0,NA
"2523","max.All.rConnect.L3","rConnect","3","L3","All",0.119461184400699,NA
"2524","range.All.rConnect.L3","rConnect","3","L3","All",0.119461184400699,NA
"2525","slope.All.rConnect.L3","rConnect","3","L3","All",0.00196329380758974,NA
"2526","mean.All.rTau1.L3","rTau1","4","L3","All",971.328552717612,NA
"2527","min.All.rTau1.L3","rTau1","4","L3","All",504.250718251116,NA
"2528","max.All.rTau1.L3","rTau1","4","L3","All",1568.40394820887,NA
"2529","range.All.rTau1.L3","rTau1","4","L3","All",1064.15322995775,NA
"2530","slope.All.rTau1.L3","rTau1","4","L3","All",2.47747476182483,NA
"2531","mean.All.rTau2.L3","rTau2","5","L3","All",3875661.79355516,NA
"2532","min.All.rTau2.L3","rTau2","5","L3","All",3295677.07106015,NA
"2533","max.All.rTau2.L3","rTau2","5","L3","All",4614049.18201334,NA
"2534","range.All.rTau2.L3","rTau2","5","L3","All",1318372.11095319,NA
"2535","slope.All.rTau2.L3","rTau2","5","L3","All",55417.8546100547,NA
"2536","mean.All.rNPQ.L3","rNPQ","6","L3","All",0.733944494580744,NA
"2537","min.All.rNPQ.L3","rNPQ","6","L3","All",0.409208311360722,NA
"2538","max.All.rNPQ.L3","rNPQ","6","L3","All",1.06910910567098,NA
"2539","range.All.rNPQ.L3","rNPQ","6","L3","All",0.659900794310258,NA
"2540","slope.All.rNPQ.L3","rNPQ","6","L3","All",0.0708949160483063,NA
"2541","mean.All.rqP.L3","rqP","7","L3","All",0.655867372330494,NA
"2542","min.All.rqP.L3","rqP","7","L3","All",0.507806996071233,NA
"2543","max.All.rqP.L3","rqP","7","L3","All",0.777268236705953,NA
"2544","range.All.rqP.L3","rqP","7","L3","All",0.26946124063472,NA
"2545","slope.All.rqP.L3","rqP","7","L3","All",0.0306020589527603,NA
"2546","mean.All.rABQ.L3","rABQ","8","L3","All",0.147841368480049,NA
"2547","min.All.rABQ.L3","rABQ","8","L3","All",-0.0842023393301077,NA
"2548","max.All.rABQ.L3","rABQ","8","L3","All",0.293636444708273,NA
"2549","range.All.rABQ.L3","rABQ","8","L3","All",0.377838784038381,NA
"2550","slope.All.rABQ.L3","rABQ","8","L3","All",0.000562452452086385,NA
"2551","mean.All.rqm.L3","rqm","9","L3","All",0.767155317924794,NA
"2552","min.All.rqm.L3","rqm","9","L3","All",0.704451913507657,NA
"2553","max.All.rqm.L3","rqm","9","L3","All",0.805222413635132,NA
"2554","range.All.rqm.L3","rqm","9","L3","All",0.100770500127475,NA
"2555","slope.All.rqm.L3","rqm","9","L3","All",6.72382906927656e-05,NA
"2556","mean.All.rQuant.R1","rQuant","1","R1","All",0.332431917001291,NA
"2557","min.All.rQuant.R1","rQuant","1","R1","All",0.288680602414273,NA
"2558","max.All.rQuant.R1","rQuant","1","R1","All",0.374995848476541,NA
"2559","range.All.rQuant.R1","rQuant","1","R1","All",0.086315246062268,NA
"2560","slope.All.rQuant.R1","rQuant","1","R1","All",0.0143650747874038,NA
"2561","mean.All.rSigma.R1","rSigma","2","R1","All",3.82095056991906,NA
"2562","min.All.rSigma.R1","rSigma","2","R1","All",3.28890174513179,NA
"2563","max.All.rSigma.R1","rSigma","2","R1","All",4.30222243184729,NA
"2564","range.All.rSigma.R1","rSigma","2","R1","All",1.0133206867155,NA
"2565","slope.All.rSigma.R1","rSigma","2","R1","All",0.061859823543106,NA
"2566","mean.All.rConnect.R1","rConnect","3","R1","All",0.165128107915529,NA
"2567","min.All.rConnect.R1","rConnect","3","R1","All",0.0966970773383297,NA
"2568","max.All.rConnect.R1","rConnect","3","R1","All",0.206370385463713,NA
"2569","range.All.rConnect.R1","rConnect","3","R1","All",0.109673308125383,NA
"2570","slope.All.rConnect.R1","rConnect","3","R1","All",0.00757808786732544,NA
"2571","mean.All.rTau1.R1","rTau1","4","R1","All",954.759522492998,NA
"2572","min.All.rTau1.R1","rTau1","4","R1","All",769.313633979284,NA
"2573","max.All.rTau1.R1","rTau1","4","R1","All",1133.68571628385,NA
"2574","range.All.rTau1.R1","rTau1","4","R1","All",364.372082304566,NA
"2575","slope.All.rTau1.R1","rTau1","4","R1","All",-7.6871131292941,NA
"2576","mean.All.rTau2.R1","rTau2","5","R1","All",792110.051428842,NA
"2577","min.All.rTau2.R1","rTau2","5","R1","All",642009.016578989,NA
"2578","max.All.rTau2.R1","rTau2","5","R1","All",1033518.52151348,NA
"2579","range.All.rTau2.R1","rTau2","5","R1","All",391509.504934491,NA
"2580","slope.All.rTau2.R1","rTau2","5","R1","All",-55196.4361461396,NA
"2581","mean.All.rNPQ.R1","rNPQ","6","R1","All",1.23031094707873,NA
"2582","min.All.rNPQ.R1","rNPQ","6","R1","All",0.86665063764976,NA
"2583","max.All.rNPQ.R1","rNPQ","6","R1","All",1.61015632123017,NA
"2584","range.All.rNPQ.R1","rNPQ","6","R1","All",0.74350568358041,NA
"2585","slope.All.rNPQ.R1","rNPQ","6","R1","All",-0.107399652575492,NA
"2586","mean.All.rqP.R1","rqP","7","R1","All",0.977715562147633,NA
"2587","min.All.rqP.R1","rqP","7","R1","All",0.946556320119793,NA
"2588","max.All.rqP.R1","rqP","7","R1","All",1,NA
"2589","range.All.rqP.R1","rqP","7","R1","All",0.053443679880207,NA
"2590","slope.All.rqP.R1","rqP","7","R1","All",-0.0112056595494309,NA
"2591","mean.All.rABQ.R1","rABQ","8","R1","All",0.0824356364706458,NA
"2592","min.All.rABQ.R1","rABQ","8","R1","All",0.0378324216018393,NA
"2593","max.All.rABQ.R1","rABQ","8","R1","All",0.154603889342837,NA
"2594","range.All.rABQ.R1","rABQ","8","R1","All",0.116771467740998,NA
"2595","slope.All.rABQ.R1","rABQ","8","R1","All",-0.0146761788725241,NA
"2596","mean.All.rqm.R1","rqm","9","R1","All",0.123251427400024,NA
"2597","min.All.rqm.R1","rqm","9","R1","All",0.0447857021428846,NA
"2598","max.All.rqm.R1","rqm","9","R1","All",0.211570550159542,NA
"2599","range.All.rqm.R1","rqm","9","R1","All",0.166784848016657,NA
"2600","slope.All.rqm.R1","rqm","9","R1","All",-0.0379142366585332,NA
"2601","DCompL1.qQuant.1","qQuant","99","99","1",0.785228209391473,NA
"2602","DCompL12.qQuant.1","qQuant","99","99","1",0.721744354982037,NA
"2603","DCompL2.qQuant.1","qQuant","99","99","1",0.465854962345695,NA
"2604","DCompL22.qQuant.1","qQuant","99","99","1",0.412037382327638,NA
"2605","DCompL3.qQuant.1","qQuant","99","99","1",0.784952771203188,NA
"2606","DCompL32.qQuant.1","qQuant","99","99","1",0.785465857037207,NA
"2607","DCompR1.qQuant.1","qQuant","99","99","1",0.211570550159544,NA
"2608","DCompR12.qQuant.1","qQuant","99","99","1",0.0577774513320343,NA
"2609","L1CompL2.qQuant.1","qQuant","99","99","1",-1.48703536037427,NA
"2610","L1CompL22.qQuant.1","qQuant","99","99","1",-1.73761566175171,NA
"2611","L1CompL3.qQuant.1","qQuant","99","99","1",-0.00128246911526456,NA
"2612","L1CompL32.qQuant.1","qQuant","99","99","1",0.00110651238256298,NA
"2613","L1CompR1.qQuant.1","qQuant","99","99","1",-2.67101027377268,NA
"2614","L1CompR12.qQuant.1","qQuant","99","99","1",-3.38708708438061,NA
"2615","L12CompL2.qQuant.1","qQuant","99","99","1",-0.919619771307148,NA
"2616","L12CompL22.qQuant.1","qQuant","99","99","1",-1.11303033091891,NA
"2617","L12CompL3.qQuant.1","qQuant","99","99","1",0.227159510877381,NA
"2618","L12CompL32.qQuant.1","qQuant","99","99","1",0.229003447714622,NA
"2619","L12CompR1.qQuant.1","qQuant","99","99","1",-1.83347153582296,NA
"2620","L12CompR12.qQuant.1","qQuant","99","99","1",-2.38617586215417,NA
"2621","L2CompL3.qQuant.1","qQuant","99","99","1",0.597399182549386,NA
"2622","L2CompL32.qQuant.1","qQuant","99","99","1",0.598359756546801,NA
"2623","L2CompR1.qQuant.1","qQuant","99","99","1",-0.476058737347519,NA
"2624","L2CompR12.qQuant.1","qQuant","99","99","1",-0.763982593203021,NA
"2625","L22CompL3.qQuant.1","qQuant","99","99","1",0.634250167726402,NA
"2626","L22CompL32.qQuant.1","qQuant","99","99","1",0.635122818161305,NA
"2627","L22CompR1.qQuant.1","qQuant","99","99","1",-0.340951662814392,NA
"2628","L22CompR12.qQuant.1","qQuant","99","99","1",-0.602521181360228,NA
"2629","L3CompR1.qQuant.1","qQuant","99","99","1",-2.66630834655119,NA
"2630","L3CompR12.qQuant.1","qQuant","99","99","1",-3.38146798700776,NA
"2631","L32CompR1.qQuant.1","qQuant","99","99","1",-2.67507679174962,NA
"2632","L32CompR12.qQuant.1","qQuant","99","99","1",-3.39194682792928,NA
"2633","DCompL1.qSigma.1","qSigma","99","99","1",0.185457234296418,NA
"2634","DCompL12.qSigma.1","qSigma","99","99","1",0.157698396909389,NA
"2635","DCompL2.qSigma.1","qSigma","99","99","1",0.153548514313738,NA
"2636","DCompL22.qSigma.1","qSigma","99","99","1",0.212651806485207,NA
"2637","DCompL3.qSigma.1","qSigma","99","99","1",0.179964536433095,NA
"2638","DCompL32.qSigma.1","qSigma","99","99","1",0.131942109140575,NA
"2639","DCompR1.qSigma.1","qSigma","99","99","1",0.154603889342838,NA
"2640","DCompR12.qSigma.1","qSigma","99","99","1",0.0786548269437805,NA
"2641","L1CompL2.qSigma.1","qSigma","99","99","1",-0.0391737810784157,NA
"2642","L1CompL22.qSigma.1","qSigma","99","99","1",0.0333863037446526,NA
"2643","L1CompL3.qSigma.1","qSigma","99","99","1",-0.00674328972595876,NA
"2644","L1CompL32.qSigma.1","qSigma","99","99","1",-0.0656995892776948,NA
"2645","L1CompR1.qSigma.1","qSigma","99","99","1",-0.0378781154933335,NA
"2646","L1CompR12.qSigma.1","qSigma","99","99","1",-0.131119459713553,NA
"2647","L12CompL2.qSigma.1","qSigma","99","99","1",-0.00492683687223603,NA
"2648","L12CompL22.qSigma.1","qSigma","99","99","1",0.0652419624682901,NA
"2649","L12CompL3.qSigma.1","qSigma","99","99","1",0.0264348772957408,NA
"2650","L12CompL32.qSigma.1","qSigma","99","99","1",-0.030578462244768,NA
"2651","L12CompR1.qSigma.1","qSigma","99","99","1",-0.00367387115873464,NA
"2652","L12CompR12.qSigma.1","qSigma","99","99","1",-0.0938423596435978,NA
"2653","L2CompL3.qSigma.1","qSigma","99","99","1",0.0312079576515122,NA
"2654","L2CompL32.qSigma.1","qSigma","99","99","1",-0.0255258636065197,NA
"2655","L2CompR1.qSigma.1","qSigma","99","99","1",0.00124682282085446,NA
"2656","L2CompR12.qSigma.1","qSigma","99","99","1",-0.0884795982243892,NA
"2657","L22CompL3.qSigma.1","qSigma","99","99","1",-0.0415156474877948,NA
"2658","L22CompL32.qSigma.1","qSigma","99","99","1",-0.102508265097221,NA
"2659","L22CompR1.qSigma.1","qSigma","99","99","1",-0.0737258529586989,NA
"2660","L22CompR12.qSigma.1","qSigma","99","99","1",-0.170187701762865,NA
"2661","L3CompR1.qSigma.1","qSigma","99","99","1",-0.0309262808951524,NA
"2662","L3CompR12.qSigma.1","qSigma","99","99","1",-0.123543083184046,NA
"2663","L32CompR1.qSigma.1","qSigma","99","99","1",0.0261063005600086,NA
"2664","L32CompR12.qSigma.1","qSigma","99","99","1",-0.0613867839436802,NA
"2665","DCompL1.qConnect.1","qConnect","99","99","1",1,NA
"2666","DCompL12.qConnect.1","qConnect","99","99","1",1,NA
"2667","DCompL2.qConnect.1","qConnect","99","99","1",0.393825882084867,NA
"2668","DCompL22.qConnect.1","qConnect","99","99","1",0.511895290430217,NA
"2669","DCompL3.qConnect.1","qConnect","99","99","1",1,NA
"2670","DCompL32.qConnect.1","qConnect","99","99","1",1,NA
"2671","DCompR1.qConnect.1","qConnect","99","99","1",0.380983993385542,NA
"2672","DCompR12.qConnect.1","qConnect","99","99","1",0.226841168177871,NA
"2673","L1CompL2.qConnect.1","qConnect","99","99","1",0,NA
"2674","L1CompL22.qConnect.1","qConnect","99","99","1",0,NA
"2675","L1CompL3.qConnect.1","qConnect","99","99","1",NA,NA
"2676","L1CompL32.qConnect.1","qConnect","99","99","1",NA,NA
"2677","L1CompR1.qConnect.1","qConnect","99","99","1",0,NA
"2678","L1CompR12.qConnect.1","qConnect","99","99","1",0,NA
"2679","L12CompL2.qConnect.1","qConnect","99","99","1",0,NA
"2680","L12CompL22.qConnect.1","qConnect","99","99","1",0,NA
"2681","L12CompL3.qConnect.1","qConnect","99","99","1",NA,NA
"2682","L12CompL32.qConnect.1","qConnect","99","99","1",NA,NA
"2683","L12CompR1.qConnect.1","qConnect","99","99","1",0,NA
"2684","L12CompR12.qConnect.1","qConnect","99","99","1",0,NA
"2685","L2CompL3.qConnect.1","qConnect","99","99","1",1,NA
"2686","L2CompL32.qConnect.1","qConnect","99","99","1",1,NA
"2687","L2CompR1.qConnect.1","qConnect","99","99","1",-0.0211851484908221,NA
"2688","L2CompR12.qConnect.1","qConnect","99","99","1",-0.275473183317891,NA
"2689","L22CompL3.qConnect.1","qConnect","99","99","1",1,NA
"2690","L22CompL32.qConnect.1","qConnect","99","99","1",1,NA
"2691","L22CompR1.qConnect.1","qConnect","99","99","1",-0.268203306540641,NA
"2692","L22CompR12.qConnect.1","qConnect","99","99","1",-0.584001991096529,NA
"2693","L3CompR1.qConnect.1","qConnect","99","99","1",0,NA
"2694","L3CompR12.qConnect.1","qConnect","99","99","1",0,NA
"2695","L32CompR1.qConnect.1","qConnect","99","99","1",0,NA
"2696","L32CompR12.qConnect.1","qConnect","99","99","1",0,NA
"2697","DCompL1.qTau1.1","qTau1","99","99","1",-0.830187913739614,NA
"2698","DCompL12.qTau1.1","qTau1","99","99","1",-0.365706237413638,NA
"2699","DCompL2.qTau1.1","qTau1","99","99","1",-0.194789462557476,NA
"2700","DCompL22.qTau1.1","qTau1","99","99","1",-0.288043021295225,NA
"2701","DCompL3.qTau1.1","qTau1","99","99","1",0.194542445913687,NA
"2702","DCompL32.qTau1.1","qTau1","99","99","1",0.16156995455883,NA
"2703","DCompR1.qTau1.1","qTau1","99","99","1",-0.676501625949487,NA
"2704","DCompR12.qTau1.1","qTau1","99","99","1",-0.449121513794125,NA
"2705","L1CompL2.qTau1.1","qTau1","99","99","1",0.347176618538493,NA
"2706","L1CompL22.qTau1.1","qTau1","99","99","1",0.296223621833797,NA
"2707","L1CompL3.qTau1.1","qTau1","99","99","1",0.55990445131914,NA
"2708","L1CompL32.qTau1.1","qTau1","99","99","1",0.541888546445479,NA
"2709","L1CompR1.qTau1.1","qTau1","99","99","1",0.0839729552557802,NA
"2710","L1CompR12.qTau1.1","qTau1","99","99","1",0.208211625202386,NA
"2711","L12CompL2.qTau1.1","qTau1","99","99","1",0.125149003624559,NA
"2712","L12CompL22.qTau1.1","qTau1","99","99","1",0.0568667067564186,NA
"2713","L12CompL3.qTau1.1","qTau1","99","99","1",0.410226348814456,NA
"2714","L12CompL32.qTau1.1","qTau1","99","99","1",0.386083168933181,NA
"2715","L12CompR1.qTau1.1","qTau1","99","99","1",-0.227571186263622,NA
"2716","L12CompR12.qTau1.1","qTau1","99","99","1",-0.0610784911830364,NA
"2717","L2CompL3.qTau1.1","qTau1","99","99","1",0.325858170558174,NA
"2718","L2CompL32.qTau1.1","qTau1","99","99","1",0.298261265506569,NA
"2719","L2CompR1.qTau1.1","qTau1","99","99","1",-0.403177445473025,NA
"2720","L2CompR12.qTau1.1","qTau1","99","99","1",-0.212867671842573,NA
"2721","L22CompL3.qTau1.1","qTau1","99","99","1",0.374665643328928,NA
"2722","L22CompL32.qTau1.1","qTau1","99","99","1",0.349066738005331,NA
"2723","L22CompR1.qTau1.1","qTau1","99","99","1",-0.301588222001807,NA
"2724","L22CompR12.qTau1.1","qTau1","99","99","1",-0.125056764281773,NA
"2725","L3CompR1.qTau1.1","qTau1","99","99","1",-1.08142765244937,NA
"2726","L3CompR12.qTau1.1","qTau1","99","99","1",-0.799128341949645,NA
"2727","L32CompR1.qTau1.1","qTau1","99","99","1",-0.99957245695714,NA
"2728","L32CompR12.qTau1.1","qTau1","99","99","1",-0.728374980922371,NA
"2729","DCompL1.qTau2.1","qTau2","99","99","1",-3.17584909162598,NA
"2730","DCompL12.qTau2.1","qTau2","99","99","1",-0.818140071208548,NA
"2731","DCompL2.qTau2.1","qTau2","99","99","1",0.064343052583013,NA
"2732","DCompL22.qTau2.1","qTau2","99","99","1",0.0573981885482525,NA
"2733","DCompL3.qTau2.1","qTau2","99","99","1",-2.00797085873143,NA
"2734","DCompL32.qTau2.1","qTau2","99","99","1",-2.26506728505329,NA
"2735","DCompR1.qTau2.1","qTau2","99","99","1",0.371857313384098,NA
"2736","DCompR12.qTau2.1","qTau2","99","99","1",0.470862501271273,NA
"2737","L1CompL2.qTau2.1","qTau2","99","99","1",0.775936120562091,NA
"2738","L1CompL22.qTau2.1","qTau2","99","99","1",0.774273018308543,NA
"2739","L1CompL3.qTau2.1","qTau2","99","99","1",0.279674434413003,NA
"2740","L1CompL32.qTau2.1","qTau2","99","99","1",0.218106973357616,NA
"2741","L1CompR1.qTau2.1","qTau2","99","99","1",0.849577254150409,NA
"2742","L1CompR12.qTau2.1","qTau2","99","99","1",0.873286249785743,NA
"2743","L12CompL2.qTau2.1","qTau2","99","99","1",0.485376862743562,NA
"2744","L12CompL22.qTau2.1","qTau2","99","99","1",0.481557099819496,NA
"2745","L12CompL3.qTau2.1","qTau2","99","99","1",-0.654421959212409,NA
"2746","L12CompL32.qTau2.1","qTau2","99","99","1",-0.795828240495765,NA
"2747","L12CompR1.qTau2.1","qTau2","99","99","1",0.654513589704689,NA
"2748","L12CompR12.qTau2.1","qTau2","99","99","1",0.70896769335434,NA
"2749","L2CompL3.qTau2.1","qTau2","99","99","1",-2.21482234170907,NA
"2750","L2CompL32.qTau2.1","qTau2","99","99","1",-2.48959871891826,NA
"2751","L2CompR1.qTau2.1","qTau2","99","99","1",0.32866133431705,NA
"2752","L2CompR12.qTau2.1","qTau2","99","99","1",0.434474889338997,NA
"2753","L22CompL3.qTau2.1","qTau2","99","99","1",-2.1911363018693,NA
"2754","L22CompL32.qTau2.1","qTau2","99","99","1",-2.46388819264478,NA
"2755","L22CompR1.qTau2.1","qTau2","99","99","1",0.333607596564589,NA
"2756","L22CompR12.qTau2.1","qTau2","99","99","1",0.438641542695768,NA
"2757","L3CompR1.qTau2.1","qTau2","99","99","1",0.791173945454774,NA
"2758","L3CompR12.qTau2.1","qTau2","99","99","1",0.824088223064806,NA
"2759","L32CompR1.qTau2.1","qTau2","99","99","1",0.807617230587746,NA
"2760","L32CompR12.qTau2.1","qTau2","99","99","1",0.837939787289838,NA
"2761","DCompL1.qNPQ.1","qNPQ","99","99","1",0.896504283984091,NA
"2762","DCompL12.qNPQ.1","qNPQ","99","99","1",0.457926699083231,NA
"2763","DCompL2.qNPQ.1","qNPQ","99","99","1",-0.0286866994770816,NA
"2764","DCompL22.qNPQ.1","qNPQ","99","99","1",-0.221111439976993,NA
"2765","DCompL3.qNPQ.1","qNPQ","99","99","1",0.276398701594018,NA
"2766","DCompL32.qNPQ.1","qNPQ","99","99","1",-0.335235883179925,NA
"2767","DCompR1.qNPQ.1","qNPQ","99","99","1",-1.06452512586399,NA
"2768","DCompR12.qNPQ.1","qNPQ","99","99","1",-0.504054872645557,NA
"2769","L1CompL2.qNPQ.1","qNPQ","99","99","1",-8.9394133310692,NA
"2770","L1CompL22.qNPQ.1","qNPQ","99","99","1",-10.7986665244123,NA
"2771","L1CompL3.qNPQ.1","qNPQ","99","99","1",-5.99160628344027,NA
"2772","L1CompL32.qNPQ.1","qNPQ","99","99","1",-11.9013637914701,NA
"2773","L1CompR1.qNPQ.1","qNPQ","99","99","1",-18.947928333059,NA
"2774","L1CompR12.qNPQ.1","qNPQ","99","99","1",-13.5325326549203,NA
"2775","L12CompL2.qNPQ.1","qNPQ","99","99","1",-0.897689293564796,NA
"2776","L12CompL22.qNPQ.1","qNPQ","99","99","1",-1.2526684821256,NA
"2777","L12CompL3.qNPQ.1","qNPQ","99","99","1",-0.334877215281047,NA
"2778","L12CompL32.qNPQ.1","qNPQ","99","99","1",-1.46320171261292,NA
"2779","L12CompR1.qNPQ.1","qNPQ","99","99","1",-2.80857187094883,NA
"2780","L12CompR12.qNPQ.1","qNPQ","99","99","1",-1.77463374436973,NA
"2781","L2CompL3.qNPQ.1","qNPQ","99","99","1",0.296577569464236,NA
"2782","L2CompL32.qNPQ.1","qNPQ","99","99","1",-0.298000531997423,NA
"2783","L2CompR1.qNPQ.1","qNPQ","99","99","1",-1.0069522886934,NA
"2784","L2CompR12.qNPQ.1","qNPQ","99","99","1",-0.462111713323524,NA
"2785","L22CompL3.qNPQ.1","qNPQ","99","99","1",0.407424028048074,NA
"2786","L22CompL32.qNPQ.1","qNPQ","99","99","1",-0.0934594824572952,NA
"2787","L22CompR1.qNPQ.1","qNPQ","99","99","1",-0.690693460297848,NA
"2788","L22CompR12.qNPQ.1","qNPQ","99","99","1",-0.231709755068624,NA
"2789","L3CompR1.qNPQ.1","qNPQ","99","99","1",-1.85312523680088,NA
"2790","L3CompR12.qNPQ.1","qNPQ","99","99","1",-1.07856850997757,NA
"2791","L32CompR1.qNPQ.1","qNPQ","99","99","1",-0.546187570204621,NA
"2792","L32CompR12.qNPQ.1","qNPQ","99","99","1",-0.126433832098327,NA
"2793","DCompL1.qqP.1","qqP","99","99","1",0.774755045940675,NA
"2794","DCompL12.qqP.1","qqP","99","99","1",0.450720004157246,NA
"2795","DCompL2.qqP.1","qqP","99","99","1",0.158601646369638,NA
"2796","DCompL22.qqP.1","qqP","99","99","1",0.0878574177573783,NA
"2797","DCompL3.qqP.1","qqP","99","99","1",0.39071270967628,NA
"2798","DCompL32.qqP.1","qqP","99","99","1",0.178584961697495,NA
"2799","DCompR1.qqP.1","qqP","99","99","1",-0.122423581992404,NA
"2800","DCompR12.qqP.1","qqP","99","99","1",-0.0815366949512433,NA
"2801","L1CompL2.qqP.1","qqP","99","99","1",-2.73548147679594,NA
"2802","L1CompL22.qqP.1","qqP","99","99","1",-3.04955833995012,NA
"2803","L1CompL3.qqP.1","qqP","99","99","1",-1.70499862191472,NA
"2804","L1CompL32.qqP.1","qqP","99","99","1",-2.64676332809728,NA
"2805","L1CompR1.qqP.1","qqP","99","99","1",-3.98312420218204,NA
"2806","L1CompR12.qqP.1","qqP","99","99","1",-3.80160232431394,NA
"2807","L12CompL2.qqP.1","qqP","99","99","1",-0.531820492278102,NA
"2808","L12CompL22.qqP.1","qqP","99","99","1",-0.660614967131893,NA
"2809","L12CompL3.qqP.1","qqP","99","99","1",-0.109247187108821,NA
"2810","L12CompL32.qqP.1","qqP","99","99","1",-0.495439565466455,NA
"2811","L12CompR1.qqP.1","qqP","99","99","1",-1.04344522008358,NA
"2812","L12CompR12.qqP.1","qqP","99","99","1",-0.969007979786071,NA
"2813","L2CompL3.qqP.1","qqP","99","99","1",0.275863462657322,NA
"2814","L2CompL32.qqP.1","qqP","99","99","1",0.0237501241137872,NA
"2815","L2CompR1.qqP.1","qqP","99","99","1",-0.33399783485374,NA
"2816","L2CompR12.qqP.1","qqP","99","99","1",-0.285403864037483,NA
"2817","L22CompL3.qqP.1","qqP","99","99","1",0.332026261918715,NA
"2818","L22CompL32.qqP.1","qqP","99","99","1",0.0994664054791211,NA
"2819","L22CompR1.qqP.1","qqP","99","99","1",-0.230535229736539,NA
"2820","L22CompR12.qqP.1","qqP","99","99","1",-0.185710124717721,NA
"2821","L3CompR1.qqP.1","qqP","99","99","1",-0.842191031748012,NA
"2822","L3CompR12.qqP.1","qqP","99","99","1",-0.775084942895515,NA
"2823","L32CompR1.qqP.1","qqP","99","99","1",-0.366451220946659,NA
"2824","L32CompR12.qqP.1","qqP","99","99","1",-0.316675060133174,NA
"2825","DCompL1.qABQ.1","qABQ","99","99","1",0,NA
"2826","DCompL12.qABQ.1","qABQ","99","99","1",0,NA
"2827","DCompL2.qABQ.1","qABQ","99","99","1",0,NA
"2828","DCompL22.qABQ.1","qABQ","99","99","1",0,NA
"2829","DCompL3.qABQ.1","qABQ","99","99","1",0,NA
"2830","DCompL32.qABQ.1","qABQ","99","99","1",0,NA
"2831","DCompR1.qABQ.1","qABQ","99","99","1",0,NA
"2832","DCompR12.qABQ.1","qABQ","99","99","1",0,NA
"2833","L1CompL2.qABQ.1","qABQ","99","99","1",0.172054328879284,NA
"2834","L1CompL22.qABQ.1","qABQ","99","99","1",-0.146635273042657,NA
"2835","L1CompL3.qABQ.1","qABQ","99","99","1",0.0296170590711119,NA
"2836","L1CompL32.qABQ.1","qABQ","99","99","1",0.28855776566962,NA
"2837","L1CompR1.qABQ.1","qABQ","99","99","1",0.166363663680362,NA
"2838","L1CompR12.qABQ.1","qABQ","99","99","1",0.575886984176281,NA
"2839","L12CompL2.qABQ.1","qABQ","99","99","1",0.0263153125014549,NA
"2840","L12CompL22.qABQ.1","qABQ","99","99","1",-0.348471580262138,NA
"2841","L12CompL3.qABQ.1","qABQ","99","99","1",-0.141194457014684,NA
"2842","L12CompL32.qABQ.1","qABQ","99","99","1",0.163326249813506,NA
"2843","L12CompR1.qABQ.1","qABQ","99","99","1",0.0196229487883006,NA
"2844","L12CompR12.qABQ.1","qABQ","99","99","1",0.501232552230865,NA
"2845","L2CompL3.qABQ.1","qABQ","99","99","1",-0.17203697630953,NA
"2846","L2CompL32.qABQ.1","qABQ","99","99","1",0.140713866687213,NA
"2847","L2CompR1.qABQ.1","qABQ","99","99","1",-0.00687323504115841,NA
"2848","L2CompR12.qABQ.1","qABQ","99","99","1",0.487752601871044,NA
"2849","L22CompL3.qABQ.1","qABQ","99","99","1",0.153712637538242,NA
"2850","L22CompL32.qABQ.1","qABQ","99","99","1",0.379539203915705,NA
"2851","L22CompR1.qABQ.1","qABQ","99","99","1",0.272971662464612,NA
"2852","L22CompR12.qABQ.1","qABQ","99","99","1",0.630123871300145,NA
"2853","L3CompR1.qABQ.1","qABQ","99","99","1",0.140920247916097,NA
"2854","L3CompR12.qABQ.1","qABQ","99","99","1",0.562942630238593,NA
"2855","L32CompR1.qABQ.1","qABQ","99","99","1",-0.171755479352823,NA
"2856","L32CompR12.qABQ.1","qABQ","99","99","1",0.403868655305655,NA
"2857","DCompL1.qqm.1","qqm","99","99","1",0,NA
"2858","DCompL12.qqm.1","qqm","99","99","1",0,NA
"2859","DCompL2.qqm.1","qqm","99","99","1",0,NA
"2860","DCompL22.qqm.1","qqm","99","99","1",0,NA
"2861","DCompL3.qqm.1","qqm","99","99","1",0,NA
"2862","DCompL32.qqm.1","qqm","99","99","1",0,NA
"2863","DCompR1.qqm.1","qqm","99","99","1",0,NA
"2864","DCompR12.qqm.1","qqm","99","99","1",0,NA
"2865","L1CompL2.qqm.1","qqm","99","99","1",0.406726660130158,NA
"2866","L1CompL22.qqm.1","qqm","99","99","1",0.475264162189292,NA
"2867","L1CompL3.qqm.1","qqm","99","99","1",0.000350774698349759,NA
"2868","L1CompL32.qqm.1","qqm","99","99","1",-0.00030264787088857,NA
"2869","L1CompR1.qqm.1","qqm","99","99","1",0.730561704700469,NA
"2870","L1CompR12.qqm.1","qqm","99","99","1",0.926419541935702,NA
"2871","L12CompL2.qqm.1","qqm","99","99","1",0.354542977537679,NA
"2872","L12CompL22.qqm.1","qqm","99","99","1",0.429108964298181,NA
"2873","L12CompL3.qqm.1","qqm","99","99","1",-0.0875772921323686,NA
"2874","L12CompL32.qqm.1","qqm","99","99","1",-0.0882881890454893,NA
"2875","L12CompR1.qqm.1","qqm","99","99","1",0.706862203079084,NA
"2876","L12CompR12.qqm.1","qqm","99","99","1",0.919947484267513,NA
"2877","L2CompL3.qqm.1","qqm","99","99","1",-0.684972437023653,NA
"2878","L2CompL32.qqm.1","qqm","99","99","1",-0.686073822380665,NA
"2879","L2CompR1.qqm.1","qqm","99","99","1",0.545844592715656,NA
"2880","L2CompR12.qqm.1","qqm","99","99","1",0.875975451584524,NA
"2881","L22CompL3.qqm.1","qqm","99","99","1",-0.905052320177644,NA
"2882","L22CompL32.qqm.1","qqm","99","99","1",-0.906297561158258,NA
"2883","L22CompR1.qqm.1","qqm","99","99","1",0.486525836650159,NA
"2884","L22CompR12.qqm.1","qqm","99","99","1",0.859776190680459,NA
"2885","L3CompR1.qqm.1","qqm","99","99","1",0.730467159399612,NA
"2886","L3CompR12.qqm.1","qqm","99","99","1",0.926393722715991,NA
"2887","L32CompR1.qqm.1","qqm","99","99","1",0.730643224954945,NA
"2888","L32CompR12.qqm.1","qqm","99","99","1",0.926441804167057,NA
"2889","DCompL1.qQuant.2","qQuant","99","99","2",0.828666979620744,NA
"2890","DCompL12.qQuant.2","qQuant","99","99","2",0.730847618065498,NA
"2891","DCompL2.qQuant.2","qQuant","99","99","2",0.455578743210506,NA
"2892","DCompL22.qQuant.2","qQuant","99","99","2",0.402461168334607,NA
"2893","DCompL3.qQuant.2","qQuant","99","99","2",0.785427197059423,NA
"2894","DCompL32.qQuant.2","qQuant","99","99","2",0.803094052079356,NA
"2895","DCompR1.qQuant.2","qQuant","99","99","2",0.206428202062976,NA
"2896","DCompR12.qQuant.2","qQuant","99","99","2",0.0499549954366965,NA
"2897","L1CompL2.qQuant.2","qQuant","99","99","2",-2.17756177755102,NA
"2898","L1CompL22.qQuant.2","qQuant","99","99","2",-2.48758709992216,NA
"2899","L1CompL3.qQuant.2","qQuant","99","99","2",-0.252372732737726,NA
"2900","L1CompL32.qQuant.2","qQuant","99","99","2",-0.14925860458644,NA
"2901","L1CompR1.qQuant.2","qQuant","99","99","2",-3.63175047156937,NA
"2902","L1CompR12.qQuant.2","qQuant","99","99","2",-4.54501988268415,NA
"2903","L12CompL2.qQuant.2","qQuant","99","99","2",-1.02272501872928,NA
"2904","L12CompL22.qQuant.2","qQuant","99","99","2",-1.22007632765741,NA
"2905","L12CompL3.qQuant.2","qQuant","99","99","2",0.202783191445827,NA
"2906","L12CompL32.qQuant.2","qQuant","99","99","2",0.268422049601029,NA
"2907","L12CompR1.qQuant.2","qQuant","99","99","2",-1.94841083044972,NA
"2908","L12CompR12.qQuant.2","qQuant","99","99","2",-2.52976628976851,NA
"2909","L2CompL3.qQuant.2","qQuant","99","99","2",0.605869902644995,NA
"2910","L2CompL32.qQuant.2","qQuant","99","99","2",0.638320610253506,NA
"2911","L2CompR1.qQuant.2","qQuant","99","99","2",-0.45764293373994,NA
"2912","L2CompR12.qQuant.2","qQuant","99","99","2",-0.745054941766624,NA
"2913","L22CompL3.qQuant.2","qQuant","99","99","2",0.640905675799271,NA
"2914","L22CompL32.qQuant.2","qQuant","99","99","2",0.670471712487957,NA
"2915","L22CompR1.qQuant.2","qQuant","99","99","2",-0.32806732530716,NA
"2916","L22CompR12.qQuant.2","qQuant","99","99","2",-0.589930150506612,NA
"2917","L3CompR1.qQuant.2","qQuant","99","99","2",-2.69838016310385,NA
"2918","L3CompR12.qQuant.2","qQuant","99","99","2",-3.42761147518963,NA
"2919","L32CompR1.qQuant.2","qQuant","99","99","2",-3.03020734679303,NA
"2920","L32CompR12.qQuant.2","qQuant","99","99","2",-3.82486697124145,NA
"2921","DCompL1.qSigma.2","qSigma","99","99","2",0.2254057176878,NA
"2922","DCompL12.qSigma.2","qSigma","99","99","2",0.199146037559528,NA
"2923","DCompL2.qSigma.2","qSigma","99","99","2",0.189573962090267,NA
"2924","DCompL22.qSigma.2","qSigma","99","99","2",0.218515908576856,NA
"2925","DCompL3.qSigma.2","qSigma","99","99","2",0.228024384457283,NA
"2926","DCompL32.qSigma.2","qSigma","99","99","2",0.226589306332108,NA
"2927","DCompR1.qSigma.2","qSigma","99","99","2",0.118449296995811,NA
"2928","DCompR12.qSigma.2","qSigma","99","99","2",0.0545367608372695,NA
"2929","L1CompL2.qSigma.2","qSigma","99","99","2",-0.0462587401117567,NA
"2930","L1CompL22.qSigma.2","qSigma","99","99","2",-0.00889473272430778,NA
"2931","L1CompL3.qSigma.2","qSigma","99","99","2",0.00338069468014488,NA
"2932","L1CompL32.qSigma.2","qSigma","99","99","2",0.00152801107797311,NA
"2933","L1CompR1.qSigma.2","qSigma","99","99","2",-0.138080570867008,NA
"2934","L1CompR12.qSigma.2","qSigma","99","99","2",-0.220591554510935,NA
"2935","L12CompL2.qSigma.2","qSigma","99","99","2",-0.0119523357792871,NA
"2936","L12CompL22.qSigma.2","qSigma","99","99","2",0.0241865207962524,NA
"2937","L12CompL3.qSigma.2","qSigma","99","99","2",0.0360594418609769,NA
"2938","L12CompL32.qSigma.2","qSigma","99","99","2",0.0342675070108293,NA
"2939","L12CompR1.qSigma.2","qSigma","99","99","2",-0.10076336554271,NA
"2940","L12CompR12.qSigma.2","qSigma","99","99","2",-0.180568847136107,NA
"2941","L2CompL3.qSigma.2","qSigma","99","99","2",0.0474447026235588,NA
"2942","L2CompL32.qSigma.2","qSigma","99","99","2",0.045673932611187,NA
"2943","L2CompR1.qSigma.2","qSigma","99","99","2",-0.0877620680573171,NA
"2944","L2CompR12.qSigma.2","qSigma","99","99","2",-0.166624953957906,NA
"2945","L22CompL3.qSigma.2","qSigma","99","99","2",0.0121672033823642,NA
"2946","L22CompL32.qSigma.2","qSigma","99","99","2",0.0103308536205125,NA
"2947","L22CompR1.qSigma.2","qSigma","99","99","2",-0.128046895233421,NA
"2948","L22CompR12.qSigma.2","qSigma","99","99","2",-0.20983043613974,NA
"2949","L3CompR1.qSigma.2","qSigma","99","99","2",-0.141941125153854,NA
"2950","L3CompR12.qSigma.2","qSigma","99","99","2",-0.224731999466134,NA
"2951","L32CompR1.qSigma.2","qSigma","99","99","2",-0.139822231864216,NA
"2952","L32CompR12.qSigma.2","qSigma","99","99","2",-0.222459486148143,NA
"2953","DCompL1.qConnect.2","qConnect","99","99","2",0.956825565830953,NA
"2954","DCompL12.qConnect.2","qConnect","99","99","2",0.952946927330802,NA
"2955","DCompL2.qConnect.2","qConnect","99","99","2",0.33379771918741,NA
"2956","DCompL22.qConnect.2","qConnect","99","99","2",0.329479329097998,NA
"2957","DCompL3.qConnect.2","qConnect","99","99","2",1,NA
"2958","DCompL32.qConnect.2","qConnect","99","99","2",1,NA
"2959","DCompR1.qConnect.2","qConnect","99","99","2",0.383253061239156,NA
"2960","DCompR12.qConnect.2","qConnect","99","99","2",0.294116060184251,NA
"2961","L1CompL2.qConnect.2","qConnect","99","99","2",-14.4304808768105,NA
"2962","L1CompL22.qConnect.2","qConnect","99","99","2",-14.5305028035022,NA
"2963","L1CompL3.qConnect.2","qConnect","99","99","2",1,NA
"2964","L1CompL32.qConnect.2","qConnect","99","99","2",1,NA
"2965","L1CompR1.qConnect.2","qConnect","99","99","2",-13.2850033968253,NA
"2966","L1CompR12.qConnect.2","qConnect","99","99","2",-15.3495817235706,NA
"2967","L12CompL2.qConnect.2","qConnect","99","99","2",-13.1585287213071,NA
"2968","L12CompL22.qConnect.2","qConnect","99","99","2",-13.2503057263876,NA
"2969","L12CompL3.qConnect.2","qConnect","99","99","2",1,NA
"2970","L12CompL32.qConnect.2","qConnect","99","99","2",1,NA
"2971","L12CompR1.qConnect.2","qConnect","99","99","2",-12.1074742577774,NA
"2972","L12CompR12.qConnect.2","qConnect","99","99","2",-14.0018670359404,NA
"2973","L2CompL3.qConnect.2","qConnect","99","99","2",1,NA
"2974","L2CompL32.qConnect.2","qConnect","99","99","2",1,NA
"2975","L2CompR1.qConnect.2","qConnect","99","99","2",0.0742347234107683,NA
"2976","L2CompR12.qConnect.2","qConnect","99","99","2",-0.0595639795089846,NA
"2977","L22CompL3.qConnect.2","qConnect","99","99","2",1,NA
"2978","L22CompL32.qConnect.2","qConnect","99","99","2",1,NA
"2979","L22CompR1.qConnect.2","qConnect","99","99","2",0.0801969789668386,NA
"2980","L22CompR12.qConnect.2","qConnect","99","99","2",-0.0527400130202928,NA
"2981","L3CompR1.qConnect.2","qConnect","99","99","2",0,NA
"2982","L3CompR12.qConnect.2","qConnect","99","99","2",0,NA
"2983","L32CompR1.qConnect.2","qConnect","99","99","2",0,NA
"2984","L32CompR12.qConnect.2","qConnect","99","99","2",0,NA
"2985","DCompL1.qTau1.2","qTau1","99","99","2",-1.30338736999871,NA
"2986","DCompL12.qTau1.2","qTau1","99","99","2",-0.798665877462058,NA
"2987","DCompL2.qTau1.2","qTau1","99","99","2",-0.214100432745391,NA
"2988","DCompL22.qTau1.2","qTau1","99","99","2",-0.262081999117971,NA
"2989","DCompL3.qTau1.2","qTau1","99","99","2",-0.407752932679542,NA
"2990","DCompL32.qTau1.2","qTau1","99","99","2",-0.766330646719823,NA
"2991","DCompR1.qTau1.2","qTau1","99","99","2",-0.614271314084174,NA
"2992","DCompR12.qTau1.2","qTau1","99","99","2",-0.512057585633888,NA
"2993","L1CompL2.qTau1.2","qTau1","99","99","2",0.472906533847118,NA
"2994","L1CompL22.qTau1.2","qTau1","99","99","2",0.452075662323929,NA
"2995","L1CompL3.qTau1.2","qTau1","99","99","2",0.388833614781725,NA
"2996","L1CompL32.qTau1.2","qTau1","99","99","2",0.233159532900968,NA
"2997","L1CompR1.qTau1.2","qTau1","99","99","2",0.299175060560883,NA
"2998","L1CompR12.qTau1.2","qTau1","99","99","2",0.34355045732723,NA
"2999","L12CompL2.qTau1.2","qTau1","99","99","2",0.324999463236328,NA
"3000","L12CompL22.qTau1.2","qTau1","99","99","2",0.29832326563131,NA
"3001","L12CompL3.qTau1.2","qTau1","99","99","2",0.217334942348547,NA
"3002","L12CompL32.qTau1.2","qTau1","99","99","2",0.0179773415103977,NA
"3003","L12CompR1.qTau1.2","qTau1","99","99","2",0.102517407867918,NA
"3004","L12CompR12.qTau1.2","qTau1","99","99","2",0.159344931940655,NA
"3005","L2CompL3.qTau1.2","qTau1","99","99","2",-0.159502867070275,NA
"3006","L2CompL32.qTau1.2","qTau1","99","99","2",-0.45484722604513,NA
"3007","L2CompR1.qTau1.2","qTau1","99","99","2",-0.329602782888311,NA
"3008","L2CompR12.qTau1.2","qTau1","99","99","2",-0.245413925283545,NA
"3009","L22CompL3.qTau1.2","qTau1","99","99","2",-0.115421132433056,NA
"3010","L22CompL32.qTau1.2","qTau1","99","99","2",-0.399537152066391,NA
"3011","L22CompR1.qTau1.2","qTau1","99","99","2",-0.279054225646461,NA
"3012","L22CompR12.qTau1.2","qTau1","99","99","2",-0.198066042214861,NA
"3013","L3CompR1.qTau1.2","qTau1","99","99","2",-0.14670072894932,NA
"3014","L3CompR12.qTau1.2","qTau1","99","99","2",-0.0740930105937056,NA
"3015","L32CompR1.qTau1.2","qTau1","99","99","2",0.0860876942366552,NA
"3016","L32CompR12.qTau1.2","qTau1","99","99","2",0.143955528121609,NA
"3017","DCompL1.qTau2.2","qTau2","99","99","2",-3.54519159299769,NA
"3018","DCompL12.qTau2.2","qTau2","99","99","2",-1.15693685611305,NA
"3019","DCompL2.qTau2.2","qTau2","99","99","2",-0.0131020687149647,NA
"3020","DCompL22.qTau2.2","qTau2","99","99","2",-0.0663633574769745,NA
"3021","DCompL3.qTau2.2","qTau2","99","99","2",-2.82471071302398,NA
"3022","DCompL32.qTau2.2","qTau2","99","99","2",-2.95796097007603,NA
"3023","DCompR1.qTau2.2","qTau2","99","99","2",0.135912506531387,NA
"3024","DCompR12.qTau2.2","qTau2","99","99","2",0.359587005056447,NA
"3025","L1CompL2.qTau2.2","qTau2","99","99","2",0.777104650489157,NA
"3026","L1CompL22.qTau2.2","qTau2","99","99","2",0.765386489071261,NA
"3027","L1CompL3.qTau2.2","qTau2","99","99","2",0.158514963612025,NA
"3028","L1CompL32.qTau2.2","qTau2","99","99","2",0.129198211099911,NA
"3029","L1CompR1.qTau2.2","qTau2","99","99","2",0.809889753646508,NA
"3030","L1CompR12.qTau2.2","qTau2","99","99","2",0.859100990169442,NA
"3031","L12CompL2.qTau2.2","qTau2","99","99","2",0.530305179846274,NA
"3032","L12CompL22.qTau2.2","qTau2","99","99","2",0.505612158068163,NA
"3033","L12CompL3.qTau2.2","qTau2","99","99","2",-0.773214038317452,NA
"3034","L12CompL32.qTau2.2","qTau2","99","99","2",-0.834991580239648,NA
"3035","L12CompR1.qTau2.2","qTau2","99","99","2",0.599391381801618,NA
"3036","L12CompR12.qTau2.2","qTau2","99","99","2",0.703091449743402,NA
"3037","L2CompL3.qTau2.2","qTau2","99","99","2",-2.77524716524891,NA
"3038","L2CompL32.qTau2.2","qTau2","99","99","2",-2.90677414675145,NA
"3039","L2CompR1.qTau2.2","qTau2","99","99","2",0.147087425687882,NA
"3040","L2CompR12.qTau2.2","qTau2","99","99","2",0.367869225895607,NA
"3041","L22CompL3.qTau2.2","qTau2","99","99","2",-2.58668617615789,NA
"3042","L22CompL32.qTau2.2","qTau2","99","99","2",-2.71164382414696,NA
"3043","L22CompR1.qTau2.2","qTau2","99","99","2",0.189687560614375,NA
"3044","L22CompR12.qTau2.2","qTau2","99","99","2",0.39944204716601,NA
"3045","L3CompR1.qTau2.2","qTau2","99","99","2",0.774077686313319,NA
"3046","L3CompR12.qTau2.2","qTau2","99","99","2",0.832559102375297,NA
"3047","L32CompR1.qTau2.2","qTau2","99","99","2",0.781683675002987,NA
"3048","L32CompR12.qTau2.2","qTau2","99","99","2",0.838196232912511,NA
"3049","DCompL1.qNPQ.2","qNPQ","99","99","2",0.884814926655061,NA
"3050","DCompL12.qNPQ.2","qNPQ","99","99","2",0.428543290395746,NA
"3051","DCompL2.qNPQ.2","qNPQ","99","99","2",-0.0224849482559137,NA
"3052","DCompL22.qNPQ.2","qNPQ","99","99","2",-0.19687051470613,NA
"3053","DCompL3.qNPQ.2","qNPQ","99","99","2",0.265948569615786,NA
"3054","DCompL32.qNPQ.2","qNPQ","99","99","2",-0.325431913420413,NA
"3055","DCompR1.qNPQ.2","qNPQ","99","99","2",-1.06181994475586,NA
"3056","DCompR12.qNPQ.2","qNPQ","99","99","2",-0.476693659118507,NA
"3057","L1CompL2.qNPQ.2","qNPQ","99","99","2",-7.87688759110241,NA
"3058","L1CompL22.qNPQ.2","qNPQ","99","99","2",-9.39084735503807,NA
"3059","L1CompL3.qNPQ.2","qNPQ","99","99","2",-5.3727999563449,NA
"3060","L1CompL32.qNPQ.2","qNPQ","99","99","2",-10.5069763375607,NA
"3061","L1CompR1.qNPQ.2","qNPQ","99","99","2",-16.9000619167157,NA
"3062","L1CompR12.qNPQ.2","qNPQ","99","99","2",-11.820182478821,NA
"3063","L12CompL2.qNPQ.2","qNPQ","99","99","2",-0.789260553024228,NA
"3064","L12CompL22.qNPQ.2","qNPQ","99","99","2",-1.0944202676962,NA
"3065","L12CompL3.qNPQ.2","qNPQ","99","99","2",-0.284526750753455,NA
"3066","L12CompL32.qNPQ.2","qNPQ","99","99","2",-1.31939163744932,NA
"3067","L12CompR1.qNPQ.2","qNPQ","99","99","2",-2.60800723852505,NA
"3068","L12CompR12.qNPQ.2","qNPQ","99","99","2",-1.58408665835973,NA
"3069","L2CompL3.qNPQ.2","qNPQ","99","99","2",0.282090722571213,NA
"3070","L2CompL32.qNPQ.2","qNPQ","99","99","2",-0.296285012000662,NA
"3071","L2CompR1.qNPQ.2","qNPQ","99","99","2",-1.01647950737345,NA
"3072","L2CompR12.qNPQ.2","qNPQ","99","99","2",-0.444220437315338,NA
"3073","L22CompL3.qNPQ.2","qNPQ","99","99","2",0.386691023494345,NA
"3074","L22CompL32.qNPQ.2","qNPQ","99","99","2",-0.107414626005595,NA
"3075","L22CompR1.qNPQ.2","qNPQ","99","99","2",-0.72267586127485,NA
"3076","L22CompR12.qNPQ.2","qNPQ","99","99","2",-0.233795670437317,NA
"3077","L3CompR1.qNPQ.2","qNPQ","99","99","2",-1.80882218794488,NA
"3078","L3CompR12.qNPQ.2","qNPQ","99","99","2",-1.01170326491372,NA
"3079","L32CompR1.qNPQ.2","qNPQ","99","99","2",-0.55558344708565,NA
"3080","L32CompR12.qNPQ.2","qNPQ","99","99","2",-0.114122607254677,NA
"3081","DCompL1.qqP.2","qqP","99","99","2",0.78508751066331,NA
"3082","DCompL12.qqP.2","qqP","99","99","2",0.421416276645578,NA
"3083","DCompL2.qqP.2","qqP","99","99","2",0.142238635693955,NA
"3084","DCompL22.qqP.2","qqP","99","99","2",0.0770280063527431,NA
"3085","DCompL3.qqP.2","qqP","99","99","2",0.363567502983688,NA
"3086","DCompL32.qqP.2","qqP","99","99","2",0.160777361358348,NA
"3087","DCompR1.qqP.2","qqP","99","99","2",-0.132348052320121,NA
"3088","DCompR12.qqP.2","qqP","99","99","2",-0.0833837921142065,NA
"3089","L1CompL2.qqP.2","qqP","99","99","2",-2.99121226948445,NA
"3090","L1CompL22.qqP.2","qqP","99","99","2",-3.29464102573067,NA
"3091","L1CompL3.qqP.2","qqP","99","99","2",-1.96135649901319,NA
"3092","L1CompL32.qqP.2","qqP","99","99","2",-2.90495052768614,NA
"3093","L1CompR1.qqP.2","qqP","99","99","2",-4.26887969989561,NA
"3094","L1CompR12.qqP.2","qqP","99","99","2",-4.04104622052436,NA
"3095","L12CompL2.qqP.2","qqP","99","99","2",-0.482519002320097,NA
"3096","L12CompL22.qqP.2","qqP","99","99","2",-0.595226336987488,NA
"3097","L12CompL3.qqP.2","qqP","99","99","2",-0.0999834100525733,NA
"3098","L12CompL32.qqP.2","qqP","99","99","2",-0.450477441321955,NA
"3099","L12CompR1.qqP.2","qqP","99","99","2",-0.957103192870983,NA
"3100","L12CompR12.qqP.2","qqP","99","99","2",-0.872475405690872,NA
"3101","L2CompL3.qqP.2","qqP","99","99","2",0.258030818943209,NA
"3102","L2CompL32.qqP.2","qqP","99","99","2",0.0216129175733988,NA
"3103","L2CompR1.qqP.2","qqP","99","99","2",-0.320120139983485,NA
"3104","L2CompR12.qqP.2","qqP","99","99","2",-0.263036360923877,NA
"3105","L22CompL3.qqP.2","qqP","99","99","2",0.310453078320007,NA
"3106","L22CompL32.qqP.2","qqP","99","99","2",0.0907387825221622,NA
"3107","L22CompR1.qqP.2","qqP","99","99","2",-0.226849850389809,NA
"3108","L22CompR12.qqP.2","qqP","99","99","2",-0.173799204711574,NA
"3109","L3CompR1.qqP.2","qqP","99","99","2",-0.779211554451938,NA
"3110","L3CompR12.qqP.2","qqP","99","99","2",-0.702276042146288,NA
"3111","L32CompR1.qqP.2","qqP","99","99","2",-0.349282061972155,NA
"3112","L32CompR12.qqP.2","qqP","99","99","2",-0.290937281991998,NA
"3113","DCompL1.qABQ.2","qABQ","99","99","2",0,NA
"3114","DCompL12.qABQ.2","qABQ","99","99","2",0,NA
"3115","DCompL2.qABQ.2","qABQ","99","99","2",0,NA
"3116","DCompL22.qABQ.2","qABQ","99","99","2",0,NA
"3117","DCompL3.qABQ.2","qABQ","99","99","2",0,NA
"3118","DCompL32.qABQ.2","qABQ","99","99","2",0,NA
"3119","DCompR1.qABQ.2","qABQ","99","99","2",0,NA
"3120","DCompR12.qABQ.2","qABQ","99","99","2",0,NA
"3121","L1CompL2.qABQ.2","qABQ","99","99","2",0.158965601960289,NA
"3122","L1CompL22.qABQ.2","qABQ","99","99","2",0.0305662570657936,NA
"3123","L1CompL3.qABQ.2","qABQ","99","99","2",-0.0116175702921211,NA
"3124","L1CompL32.qABQ.2","qABQ","99","99","2",-0.00525092555969387,NA
"3125","L1CompR1.qABQ.2","qABQ","99","99","2",0.474506244957499,NA
"3126","L1CompR12.qABQ.2","qABQ","99","99","2",0.758050676811992,NA
"3127","L12CompL2.qABQ.2","qABQ","99","99","2",0.0480656084678499,NA
"3128","L12CompL22.qABQ.2","qABQ","99","99","2",-0.0972646569055486,NA
"3129","L12CompL3.qABQ.2","qABQ","99","99","2",-0.145010903815366,NA
"3130","L12CompL32.qABQ.2","qABQ","99","99","2",-0.137804744241405,NA
"3131","L12CompR1.qABQ.2","qABQ","99","99","2",0.405213890030799,NA
"3132","L12CompR12.qABQ.2","qABQ","99","99","2",0.726146894482054,NA
"3133","L2CompL3.qABQ.2","qABQ","99","99","2",-0.202825440493285,NA
"3134","L2CompL32.qABQ.2","qABQ","99","99","2",-0.195255423443725,NA
"3135","L2CompR1.qABQ.2","qABQ","99","99","2",0.375181614132162,NA
"3136","L2CompR12.qABQ.2","qABQ","99","99","2",0.712319348944651,NA
"3137","L22CompL3.qABQ.2","qABQ","99","99","2",-0.0435138839197365,NA
"3138","L22CompL32.qABQ.2","qABQ","99","99","2",-0.0369464988056624,NA
"3139","L22CompR1.qABQ.2","qABQ","99","99","2",0.457937420816426,NA
"3140","L22CompR12.qABQ.2","qABQ","99","99","2",0.750422011868811,NA
"3141","L3CompR1.qABQ.2","qABQ","99","99","2",0.480541095296757,NA
"3142","L3CompR12.qABQ.2","qABQ","99","99","2",0.760829259699255,NA
"3143","L32CompR1.qABQ.2","qABQ","99","99","2",0.477251160201696,NA
"3144","L32CompR12.qABQ.2","qABQ","99","99","2",0.759314498463856,NA
"3145","DCompL1.qqm.2","qqm","99","99","2",0,NA
"3146","DCompL12.qqm.2","qqm","99","99","2",0,NA
"3147","DCompL2.qqm.2","qqm","99","99","2",0,NA
"3148","DCompL22.qqm.2","qqm","99","99","2",0,NA
"3149","DCompL3.qqm.2","qqm","99","99","2",0,NA
"3150","DCompL32.qqm.2","qqm","99","99","2",0,NA
"3151","DCompR1.qqm.2","qqm","99","99","2",0,NA
"3152","DCompR12.qqm.2","qqm","99","99","2",0,NA
"3153","L1CompL2.qqm.2","qqm","99","99","2",0.450226985731938,NA
"3154","L1CompL22.qqm.2","qqm","99","99","2",0.514327011655754,NA
"3155","L1CompL3.qqm.2","qqm","99","99","2",0.052179927069268,NA
"3156","L1CompL32.qqm.2","qqm","99","99","2",0.0308603192480192,NA
"3157","L1CompR1.qqm.2","qqm","99","99","2",0.750891242031326,NA
"3158","L1CompR12.qqm.2","qqm","99","99","2",0.939716440180157,NA
"3159","L12CompL2.qqm.2","qqm","99","99","2",0.376643322151898,NA
"3160","L12CompL22.qqm.2","qqm","99","99","2",0.449322733786978,NA
"3161","L12CompL3.qqm.2","qqm","99","99","2",-0.0746798342702317,NA
"3162","L12CompL32.qqm.2","qqm","99","99","2",-0.0988529376412134,NA
"3163","L12CompR1.qqm.2","qqm","99","99","2",0.717549599998182,NA
"3164","L12CompR12.qqm.2","qqm","99","99","2",0.931647864476971,NA
"3165","L2CompL3.qqm.2","qqm","99","99","2",-0.724020729159667,NA
"3166","L2CompL32.qqm.2","qqm","99","99","2",-0.762799656585984,NA
"3167","L2CompR1.qqm.2","qqm","99","99","2",0.546887985580151,NA
"3168","L2CompR12.qqm.2","qqm","99","99","2",0.890348274187118,NA
"3169","L22CompL3.qqm.2","qqm","99","99","2",-0.951560197247197,NA
"3170","L22CompL32.qqm.2","qqm","99","99","2",-0.995457239769433,NA
"3171","L22CompR1.qqm.2","qqm","99","99","2",0.487085417663571,NA
"3172","L22CompR12.qqm.2","qqm","99","99","2",0.875876235107574,NA
"3173","L3CompR1.qqm.2","qqm","99","99","2",0.737177165705712,NA
"3174","L3CompR12.qqm.2","qqm","99","99","2",0.93639767552776,NA
"3175","L32CompR1.qqm.2","qqm","99","99","2",0.742958870721934,NA
"3176","L32CompR12.qqm.2","qqm","99","99","2",0.937796830511503,NA
"3177","DCompL1.qQuant.3","qQuant","99","99","3",0.910651740273942,NA
"3178","DCompL12.qQuant.3","qQuant","99","99","3",0.701171432949834,NA
"3179","DCompL2.qQuant.3","qQuant","99","99","3",0.438809129986035,NA
"3180","DCompL22.qQuant.3","qQuant","99","99","3",0.385513988350988,NA
"3181","DCompL3.qQuant.3","qQuant","99","99","3",0.769515787484012,NA
"3182","DCompL32.qQuant.3","qQuant","99","99","3",0.778574270623506,NA
"3183","DCompR1.qQuant.3","qQuant","99","99","3",0.195492406395894,NA
"3184","DCompR12.qQuant.3","qQuant","99","99","3",0.0447857021428865,NA
"3185","L1CompL2.qQuant.3","qQuant","99","99","3",-5.28093789106334,NA
"3186","L1CompL22.qQuant.3","qQuant","99","99","3",-5.87742563238533,NA
"3187","L1CompL3.qQuant.3","qQuant","99","99","3",-1.57961613603504,NA
"3188","L1CompL32.qQuant.3","qQuant","99","99","3",-1.47823214526379,NA
"3189","L1CompR1.qQuant.3","qQuant","99","99","3",-8.00417754157418,NA
"3190","L1CompR12.qQuant.3","qQuant","99","99","3",-9.69091105731445,NA
"3191","L12CompL2.qQuant.3","qQuant","99","99","3",-0.877969283705575,NA
"3192","L12CompL22.qQuant.3","qQuant","99","99","3",-1.05631616051572,NA
"3193","L12CompL3.qQuant.3","qQuant","99","99","3",0.228707567046977,NA
"3194","L12CompL32.qQuant.3","qQuant","99","99","3",0.259020877547756,NA
"3195","L12CompR1.qQuant.3","qQuant","99","99","3",-1.69220443529098,NA
"3196","L12CompR12.qQuant.3","qQuant","99","99","3",-2.19652939237484,NA
"3197","L2CompL3.qQuant.3","qQuant","99","99","3",0.58929443647176,NA
"3198","L2CompL32.qQuant.3","qQuant","99","99","3",0.6054359733775,NA
"3199","L2CompR1.qQuant.3","qQuant","99","99","3",-0.433572134885384,NA
"3200","L2CompR12.qQuant.3","qQuant","99","99","3",-0.702120167837627,NA
"3201","L22CompL3.qQuant.3","qQuant","99","99","3",0.624915444539625,NA
"3202","L22CompL32.qQuant.3","qQuant","99","99","3",0.639657005726975,NA
"3203","L22CompR1.qQuant.3","qQuant","99","99","3",-0.309236627608754,NA
"3204","L22CompR12.qQuant.3","qQuant","99","99","3",-0.554493153218796,NA
"3205","L3CompR1.qQuant.3","qQuant","99","99","3",-2.49051062900153,NA
"3206","L3CompR12.qQuant.3","qQuant","99","99","3",-3.14438059522559,NA
"3207","L32CompR1.qQuant.3","qQuant","99","99","3",-2.633306733908,NA
"3208","L32CompR12.qQuant.3","qQuant","99","99","3",-3.31392639214455,NA
"3209","DCompL1.qSigma.3","qSigma","99","99","3",-0.208023208474918,NA
"3210","DCompL12.qSigma.3","qSigma","99","99","3",0.241099053272421,NA
"3211","DCompL2.qSigma.3","qSigma","99","99","3",0.196722793585683,NA
"3212","DCompL22.qSigma.3","qSigma","99","99","3",0.221598620863251,NA
"3213","DCompL3.qSigma.3","qSigma","99","99","3",0.251785975058138,NA
"3214","DCompL32.qSigma.3","qSigma","99","99","3",0.204553430510435,NA
"3215","DCompR1.qSigma.3","qSigma","99","99","3",0.139021683786442,NA
"3216","DCompR12.qSigma.3","qSigma","99","99","3",0.0741891884520787,NA
"3217","L1CompL2.qSigma.3","qSigma","99","99","3",0.335048200416263,NA
"3218","L1CompL22.qSigma.3","qSigma","99","99","3",0.355640377042549,NA
"3219","L1CompL3.qSigma.3","qSigma","99","99","3",0.380629428563337,NA
"3220","L1CompL32.qSigma.3","qSigma","99","99","3",0.34153039121344,NA
"3221","L1CompR1.qSigma.3","qSigma","99","99","3",0.287283298720304,NA
"3222","L1CompR12.qSigma.3","qSigma","99","99","3",0.233615045594429,NA
"3223","L12CompL2.qSigma.3","qSigma","99","99","3",-0.0584743765020851,NA
"3224","L12CompL22.qSigma.3","qSigma","99","99","3",-0.0256956227202728,NA
"3225","L12CompL3.qSigma.3","qSigma","99","99","3",0.0140821036418525,NA
"3226","L12CompL32.qSigma.3","qSigma","99","99","3",-0.0481559852040934,NA
"3227","L12CompR1.qSigma.3","qSigma","99","99","3",-0.134506841671686,NA
"3228","L12CompR12.qSigma.3","qSigma","99","99","3",-0.219936298063754,NA
"3229","L2CompL3.qSigma.3","qSigma","99","99","3",0.0685481687178042,NA
"3230","L2CompL32.qSigma.3","qSigma","99","99","3",0.00974836191320056,NA
"3231","L2CompR1.qSigma.3","qSigma","99","99","3",-0.0718321263674456,NA
"3232","L2CompR12.qSigma.3","qSigma","99","99","3",-0.152542116414049,NA
"3233","L22CompL3.qSigma.3","qSigma","99","99","3",0.0387812187953282,NA
"3234","L22CompL32.qSigma.3","qSigma","99","99","3",-0.0218976877606759,NA
"3235","L22CompR1.qSigma.3","qSigma","99","99","3",-0.106085291329247,NA
"3236","L22CompR12.qSigma.3","qSigma","99","99","3",-0.189374577643542,NA
"3237","L3CompR1.qSigma.3","qSigma","99","99","3",-0.150711277138194,NA
"3238","L3CompR12.qSigma.3","qSigma","99","99","3",-0.237360943106967,NA
"3239","L32CompR1.qSigma.3","qSigma","99","99","3",-0.0823835933644729,NA
"3240","L32CompR12.qSigma.3","qSigma","99","99","3",-0.163888119024777,NA
"3241","DCompL1.qConnect.3","qConnect","99","99","3",1,NA
"3242","DCompL12.qConnect.3","qConnect","99","99","3",1,NA
"3243","DCompL2.qConnect.3","qConnect","99","99","3",0.596793300660095,NA
"3244","DCompL22.qConnect.3","qConnect","99","99","3",0.555469471380705,NA
"3245","DCompL3.qConnect.3","qConnect","99","99","3",1,NA
"3246","DCompL32.qConnect.3","qConnect","99","99","3",1,NA
"3247","DCompR1.qConnect.3","qConnect","99","99","3",0.60108797612723,NA
"3248","DCompR12.qConnect.3","qConnect","99","99","3",0.304091404984972,NA
"3249","L1CompL2.qConnect.3","qConnect","99","99","3",0,NA
"3250","L1CompL22.qConnect.3","qConnect","99","99","3",0,NA
"3251","L1CompL3.qConnect.3","qConnect","99","99","3",NA,NA
"3252","L1CompL32.qConnect.3","qConnect","99","99","3",NA,NA
"3253","L1CompR1.qConnect.3","qConnect","99","99","3",0,NA
"3254","L1CompR12.qConnect.3","qConnect","99","99","3",0,NA
"3255","L12CompL2.qConnect.3","qConnect","99","99","3",0,NA
"3256","L12CompL22.qConnect.3","qConnect","99","99","3",0,NA
"3257","L12CompL3.qConnect.3","qConnect","99","99","3",NA,NA
"3258","L12CompL32.qConnect.3","qConnect","99","99","3",NA,NA
"3259","L12CompR1.qConnect.3","qConnect","99","99","3",0,NA
"3260","L12CompR12.qConnect.3","qConnect","99","99","3",0,NA
"3261","L2CompL3.qConnect.3","qConnect","99","99","3",1,NA
"3262","L2CompL32.qConnect.3","qConnect","99","99","3",1,NA
"3263","L2CompR1.qConnect.3","qConnect","99","99","3",0.0106512998771255,NA
"3264","L2CompR12.qConnect.3","qConnect","99","99","3",-0.725935100171472,NA
"3265","L22CompL3.qConnect.3","qConnect","99","99","3",1,NA
"3266","L22CompL32.qConnect.3","qConnect","99","99","3",1,NA
"3267","L22CompR1.qConnect.3","qConnect","99","99","3",0.102621758933442,NA
"3268","L22CompR12.qConnect.3","qConnect","99","99","3",-0.565491119758434,NA
"3269","L3CompR1.qConnect.3","qConnect","99","99","3",0,NA
"3270","L3CompR12.qConnect.3","qConnect","99","99","3",0,NA
"3271","L32CompR1.qConnect.3","qConnect","99","99","3",0,NA
"3272","L32CompR12.qConnect.3","qConnect","99","99","3",0,NA
"3273","DCompL1.qTau1.3","qTau1","99","99","3",-2.94055033562097,NA
"3274","DCompL12.qTau1.3","qTau1","99","99","3",-0.618018566353728,NA
"3275","DCompL2.qTau1.3","qTau1","99","99","3",-0.267733599096132,NA
"3276","DCompL22.qTau1.3","qTau1","99","99","3",-0.311583793447264,NA
"3277","DCompL3.qTau1.3","qTau1","99","99","3",-0.34005603535737,NA
"3278","DCompL32.qTau1.3","qTau1","99","99","3",-0.212715312246804,NA
"3279","DCompR1.qTau1.3","qTau1","99","99","3",-0.520237306650707,NA
"3280","DCompR12.qTau1.3","qTau1","99","99","3",-0.649603058198953,NA
"3281","L1CompL2.qTau1.3","qTau1","99","99","3",0.678285140114482,NA
"3282","L1CompL22.qTau1.3","qTau1","99","99","3",0.667157203502495,NA
"3283","L1CompL3.qTau1.3","qTau1","99","99","3",0.659931755408931,NA
"3284","L1CompL32.qTau1.3","qTau1","99","99","3",0.692247222098814,NA
"3285","L1CompR1.qTau1.3","qTau1","99","99","3",0.614206855091183,NA
"3286","L1CompR12.qTau1.3","qTau1","99","99","3",0.581377493573115,NA
"3287","L12CompL2.qTau1.3","qTau1","99","99","3",0.216490079002602,NA
"3288","L12CompL22.qTau1.3","qTau1","99","99","3",0.189388910163761,NA
"3289","L12CompL3.qTau1.3","qTau1","99","99","3",0.171791929200638,NA
"3290","L12CompL32.qTau1.3","qTau1","99","99","3",0.250493574384806,NA
"3291","L12CompR1.qTau1.3","qTau1","99","99","3",0.0604327179776278,NA
"3292","L12CompR12.qTau1.3","qTau1","99","99","3",-0.0195204755384249,NA
"3293","L2CompL3.qTau1.3","qTau1","99","99","3",-0.0570486073042494,NA
"3294","L2CompL32.qTau1.3","qTau1","99","99","3",0.0433989340414698,NA
"3295","L2CompR1.qTau1.3","qTau1","99","99","3",-0.199177262269144,NA
"3296","L2CompR12.qTau1.3","qTau1","99","99","3",-0.301222164794785,NA
"3297","L22CompL3.qTau1.3","qTau1","99","99","3",-0.0217082904289868,NA
"3298","L22CompL32.qTau1.3","qTau1","99","99","3",0.0753809872418464,NA
"3299","L22CompR1.qTau1.3","qTau1","99","99","3",-0.159085156622006,NA
"3300","L22CompR12.qTau1.3","qTau1","99","99","3",-0.257718390880132,NA
"3301","L3CompR1.qTau1.3","qTau1","99","99","3",-0.134458012604888,NA
"3302","L3CompR12.qTau1.3","qTau1","99","99","3",-0.230995581284802,NA
"3303","L32CompR1.qTau1.3","qTau1","99","99","3",-0.253581356892539,NA
"3304","L32CompR12.qTau1.3","qTau1","99","99","3",-0.360255817288829,NA
"3305","DCompL1.qTau2.3","qTau2","99","99","3",-6.79912289229064,NA
"3306","DCompL12.qTau2.3","qTau2","99","99","3",-0.973562609632687,NA
"3307","DCompL2.qTau2.3","qTau2","99","99","3",0.00895696760330699,NA
"3308","DCompL22.qTau2.3","qTau2","99","99","3",-0.0087669229080923,NA
"3309","DCompL3.qTau2.3","qTau2","99","99","3",-2.22727294725187,NA
"3310","DCompL32.qTau2.3","qTau2","99","99","3",-2.3513285891768,NA
"3311","DCompR1.qTau2.3","qTau2","99","99","3",0.233949929880323,NA
"3312","DCompR12.qTau2.3","qTau2","99","99","3",0.329649712727943,NA
"3313","L1CompL2.qTau2.3","qTau2","99","99","3",0.87292891186824,NA
"3314","L1CompL22.qTau2.3","qTau2","99","99","3",0.870656362665442,NA
"3315","L1CompL3.qTau2.3","qTau2","99","99","3",0.586200526415348,NA
"3316","L1CompL32.qTau2.3","qTau2","99","99","3",0.570294168272491,NA
"3317","L1CompR1.qTau2.3","qTau2","99","99","3",0.901777407447072,NA
"3318","L1CompR12.qTau2.3","qTau2","99","99","3",0.914047990199681,NA
"3319","L12CompL2.qTau2.3","qTau2","99","99","3",0.497840591649057,NA
"3320","L12CompL22.qTau2.3","qTau2","99","99","3",0.488859933814899,NA
"3321","L12CompL3.qTau2.3","qTau2","99","99","3",-0.635252376337085,NA
"3322","L12CompL32.qTau2.3","qTau2","99","99","3",-0.69811110770919,NA
"3323","L12CompR1.qTau2.3","qTau2","99","99","3",0.611844049750085,NA
"3324","L12CompR12.qTau2.3","qTau2","99","99","3",0.660334927303461,NA
"3325","L2CompL3.qTau2.3","qTau2","99","99","3",-2.25644078183687,NA
"3326","L2CompL32.qTau2.3","qTau2","99","99","3",-2.38161762872406,NA
"3327","L2CompR1.qTau2.3","qTau2","99","99","3",0.227026430661546,NA
"3328","L2CompR12.qTau2.3","qTau2","99","99","3",0.323591140486692,NA
"3329","L22CompL3.qTau2.3","qTau2","99","99","3",-2.19922558319837,NA
"3330","L22CompL32.qTau2.3","qTau2","99","99","3",-2.32220309079478,NA
"3331","L22CompR1.qTau2.3","qTau2","99","99","3",0.240607465685638,NA
"3332","L22CompR12.qTau2.3","qTau2","99","99","3",0.335475547374651,NA
"3333","L3CompR1.qTau2.3","qTau2","99","99","3",0.762632388818555,NA
"3334","L3CompR12.qTau2.3","qTau2","99","99","3",0.792285840637408,NA
"3335","L32CompR1.qTau2.3","qTau2","99","99","3",0.771418991085012,NA
"3336","L32CompR12.qTau2.3","qTau2","99","99","3",0.799974765399916,NA
"3337","DCompL1.qNPQ.3","qNPQ","99","99","3",0.970274313647943,NA
"3338","DCompL12.qNPQ.3","qNPQ","99","99","3",0.456854063373013,NA
"3339","DCompL2.qNPQ.3","qNPQ","99","99","3",-0.0842396460270449,NA
"3340","DCompL22.qNPQ.3","qNPQ","99","99","3",-0.259357649547242,NA
"3341","DCompL3.qNPQ.3","qNPQ","99","99","3",0.264660460535505,NA
"3342","DCompL32.qNPQ.3","qNPQ","99","99","3",-0.459812850462068,NA
"3343","DCompR1.qNPQ.3","qNPQ","99","99","3",-1.28655341162015,NA
"3344","DCompR12.qNPQ.3","qNPQ","99","99","3",-0.557354684822649,NA
"3345","L1CompL2.qNPQ.3","qNPQ","99","99","3",-35.4748397458621,NA
"3346","L1CompL22.qNPQ.3","qNPQ","99","99","3",-41.3659738124125,NA
"3347","L1CompL3.qNPQ.3","qNPQ","99","99","3",-23.7375125591879,NA
"3348","L1CompL32.qNPQ.3","qNPQ","99","99","3",-48.1094749898363,NA
"3349","L1CompR1.qNPQ.3","qNPQ","99","99","3",-75.9218037403504,NA
"3350","L1CompR12.qNPQ.3","qNPQ","99","99","3",-51.390873885234,NA
"3351","L12CompL2.qNPQ.3","qNPQ","99","99","3",-0.99622159149404,NA
"3352","L12CompL22.qNPQ.3","qNPQ","99","99","3",-1.31863586675808,NA
"3353","L12CompL3.qNPQ.3","qNPQ","99","99","3",-0.353852601809115,NA
"3354","L12CompL32.qNPQ.3","qNPQ","99","99","3",-1.68769910998085,NA
"3355","L12CompR1.qNPQ.3","qNPQ","99","99","3",-3.20983249146624,NA
"3356","L12CompR12.qNPQ.3","qNPQ","99","99","3",-1.8672858983242,NA
"3357","L2CompL3.qNPQ.3","qNPQ","99","99","3",0.321792426463113,NA
"3358","L2CompL32.qNPQ.3","qNPQ","99","99","3",-0.346393166687113,NA
"3359","L2CompR1.qNPQ.3","qNPQ","99","99","3",-1.10890038931773,NA
"3360","L2CompR12.qNPQ.3","qNPQ","99","99","3",-0.436356520008495,NA
"3361","L22CompL3.qNPQ.3","qNPQ","99","99","3",0.416099517298473,NA
"3362","L22CompL32.qNPQ.3","qNPQ","99","99","3",-0.159172575786468,NA
"3363","L22CompR1.qNPQ.3","qNPQ","99","99","3",-0.815650552043102,NA
"3364","L22CompR12.qNPQ.3","qNPQ","99","99","3",-0.236626216057481,NA
"3365","L3CompR1.qNPQ.3","qNPQ","99","99","3",-2.10952055330156,NA
"3366","L3CompR12.qNPQ.3","qNPQ","99","99","3",-1.1178715426574,NA
"3367","L32CompR1.qNPQ.3","qNPQ","99","99","3",-0.566333253537534,NA
"3368","L32CompR12.qNPQ.3","qNPQ","99","99","3",-0.0668180406342541,NA
"3369","DCompL1.qqP.3","qqP","99","99","3",0.917897146566804,NA
"3370","DCompL12.qqP.3","qqP","99","99","3",0.467851841453551,NA
"3371","DCompL2.qqP.3","qqP","99","99","3",0.150960194014423,NA
"3372","DCompL22.qqP.3","qqP","99","99","3",0.08403086157066,NA
"3373","DCompL3.qqP.3","qqP","99","99","3",0.411291539200026,NA
"3374","DCompL32.qqP.3","qqP","99","99","3",0.172541148278465,NA
"3375","DCompR1.qqP.3","qqP","99","99","3",-0.159315380360361,NA
"3376","DCompR12.qqP.3","qqP","99","99","3",-0.0973573002921812,NA
"3377","L1CompL2.qqP.3","qqP","99","99","3",-9.3411729371429,NA
"3378","L1CompL22.qqP.3","qqP","99","99","3",-10.1563618087236,NA
"3379","L1CompL3.qqP.3","qqP","99","99","3",-6.17037759569444,NA
"3380","L1CompL32.qqP.3","qqP","99","99","3",-9.07832026684439,NA
"3381","L1CompR1.qqP.3","qqP","99","99","3",-13.1202812311956,NA
"3382","L1CompR12.qqP.3","qqP","99","99","3",-12.3656414412571,NA
"3383","L12CompL2.qqP.3","qqP","99","99","3",-0.595495149893428,NA
"3384","L12CompL22.qqP.3","qqP","99","99","3",-0.721267139082639,NA
"3385","L12CompL3.qqP.3","qqP","99","99","3",-0.106286757447434,NA
"3386","L12CompL32.qqP.3","qqP","99","99","3",-0.554940740529331,NA
"3387","L12CompR1.qqP.3","qqP","99","99","3",-1.17855753466667,NA
"3388","L12CompR12.qqP.3","qqP","99","99","3",-1.06212740318333,NA
"3389","L2CompL3.qqP.3","qqP","99","99","3",0.306618539378619,NA
"3390","L2CompL32.qqP.3","qqP","99","99","3",0.0254180712281108,NA
"3391","L2CompR1.qqP.3","qqP","99","99","3",-0.365442906430766,NA
"3392","L2CompR12.qqP.3","qqP","99","99","3",-0.292468612844781,NA
"3393","L22CompL3.qqP.3","qqP","99","99","3",0.357283519606935,NA
"3394","L22CompL32.qqP.3","qqP","99","99","3",0.0966302061874908,NA
"3395","L22CompR1.qqP.3","qqP","99","99","3",-0.265670787061996,NA
"3396","L22CompR12.qqP.3","qqP","99","99","3",-0.198028682684525,NA
"3397","L3CompR1.qqP.3","qqP","99","99","3",-0.969252112981374,NA
"3398","L3CompR12.qqP.3","qqP","99","99","3",-0.864008033451776,NA
"3399","L32CompR1.qqP.3","qqP","99","99","3",-0.401055022794664,NA
"3400","L32CompR12.qqP.3","qqP","99","99","3",-0.326177486661869,NA
"3401","DCompL1.qABQ.3","qABQ","99","99","3",1,NA
"3402","DCompL12.qABQ.3","qABQ","99","99","3",0,NA
"3403","DCompL2.qABQ.3","qABQ","99","99","3",0,NA
"3404","DCompL22.qABQ.3","qABQ","99","99","3",0,NA
"3405","DCompL3.qABQ.3","qABQ","99","99","3",0,NA
"3406","DCompL32.qABQ.3","qABQ","99","99","3",0,NA
"3407","DCompR1.qABQ.3","qABQ","99","99","3",0,NA
"3408","DCompR12.qABQ.3","qABQ","99","99","3",0,NA
"3409","L1CompL2.qABQ.3","qABQ","99","99","3",1.9456771435645,NA
"3410","L1CompL22.qABQ.3","qABQ","99","99","3",2.06525912415186,NA
"3411","L1CompL3.qABQ.3","qABQ","99","99","3",2.21037444285211,NA
"3412","L1CompL32.qABQ.3","qABQ","99","99","3",1.98332023628555,NA
"3413","L1CompR1.qABQ.3","qABQ","99","99","3",1.66829891148037,NA
"3414","L1CompR12.qABQ.3","qABQ","99","99","3",1.35663899713874,NA
"3415","L12CompL2.qABQ.3","qABQ","99","99","3",0.184058207962338,NA
"3416","L12CompL22.qABQ.3","qABQ","99","99","3",0.0808814142755438,NA
"3417","L12CompL3.qABQ.3","qABQ","99","99","3",-0.0443258554551093,NA
"3418","L12CompL32.qABQ.3","qABQ","99","99","3",0.1515792877075,NA
"3419","L12CompR1.qABQ.3","qABQ","99","99","3",0.423383535109285,NA
"3420","L12CompR12.qABQ.3","qABQ","99","99","3",0.692287516499491,NA
"3421","L2CompL3.qABQ.3","qABQ","99","99","3",-0.279902397016706,NA
"3422","L2CompL32.qABQ.3","qABQ","99","99","3",-0.039805437804244,NA
"3423","L2CompR1.qABQ.3","qABQ","99","99","3",0.293311764984211,NA
"3424","L2CompR12.qABQ.3","qABQ","99","99","3",0.622874466655207,NA
"3425","L22CompL3.qABQ.3","qABQ","99","99","3",-0.136225370344311,NA
"3426","L22CompL32.qABQ.3","qABQ","99","99","3",0.0769192077388267,NA
"3427","L22CompR1.qABQ.3","qABQ","99","99","3",0.372641926899757,NA
"3428","L22CompR12.qABQ.3","qABQ","99","99","3",0.665209159862688,NA
"3429","L3CompR1.qABQ.3","qABQ","99","99","3",0.44785771425775,NA
"3430","L3CompR12.qABQ.3","qABQ","99","99","3",0.705348209188587,NA
"3431","L32CompR1.qABQ.3","qABQ","99","99","3",0.320364936244129,NA
"3432","L32CompR12.qABQ.3","qABQ","99","99","3",0.637311443435833,NA
"3433","DCompL1.qqm.3","qqm","99","99","3",0,NA
"3434","DCompL12.qqm.3","qqm","99","99","3",0,NA
"3435","DCompL2.qqm.3","qqm","99","99","3",0,NA
"3436","DCompL22.qqm.3","qqm","99","99","3",0,NA
"3437","DCompL3.qqm.3","qqm","99","99","3",0,NA
"3438","DCompL32.qqm.3","qqm","99","99","3",0,NA
"3439","DCompR1.qqm.3","qqm","99","99","3",0,NA
"3440","DCompR12.qqm.3","qqm","99","99","3",0,NA
"3441","L1CompL2.qqm.3","qqm","99","99","3",0.518137274020875,NA
"3442","L1CompL22.qqm.3","qqm","99","99","3",0.576661448826728,NA
"3443","L1CompL3.qqm.3","qqm","99","99","3",0.154983454758978,NA
"3444","L1CompL32.qqm.3","qqm","99","99","3",0.14503620188625,NA
"3445","L1CompR1.qqm.3","qqm","99","99","3",0.785326928231547,NA
"3446","L1CompR12.qqm.3","qqm","99","99","3",0.950820165204525,NA
"3447","L12CompL2.qqm.3","qqm","99","99","3",0.374177113662543,NA
"3448","L12CompL22.qqm.3","qqm","99","99","3",0.450185831546034,NA
"3449","L12CompL3.qqm.3","qqm","99","99","3",-0.0974716757165244,NA
"3450","L12CompL32.qqm.3","qqm","99","99","3",-0.110390746166081,NA
"3451","L12CompR1.qqm.3","qqm","99","99","3",0.721191712598078,NA
"3452","L12CompR12.qqm.3","qqm","99","99","3",0.93612731489292,NA
"3453","L2CompL3.qqm.3","qqm","99","99","3",-0.753645799276097,NA
"3454","L2CompL32.qqm.3","qqm","99","99","3",-0.774289132608253,NA
"3455","L2CompR1.qqm.3","qqm","99","99","3",0.554493302356503,NA
"3456","L2CompR12.qqm.3","qqm","99","99","3",0.89793808040341,NA
"3457","L22CompL3.qqm.3","qqm","99","99","3",-0.996077472507715,NA
"3458","L22CompL32.qqm.3","qqm","99","99","3",-1.01957463062185,NA
"3459","L22CompR1.qqm.3","qqm","99","99","3",0.492904505924413,NA
"3460","L22CompR12.qqm.3","qqm","99","99","3",0.883828593783451,NA
"3461","L3CompR1.qqm.3","qqm","99","99","3",0.745954001755998,NA
"3462","L3CompR12.qqm.3","qqm","99","99","3",0.941800151639104,NA
"3463","L32CompR1.qqm.3","qqm","99","99","3",0.748909752387092,NA
"3464","L32CompR12.qqm.3","qqm","99","99","3",0.94247728979405,NA
"3465","DCompL1.qQuant.4","qQuant","99","99","4",0.739546847832621,NA
"3466","DCompL12.qQuant.4","qQuant","99","99","4",0.624979364023579,NA
"3467","DCompL2.qQuant.4","qQuant","99","99","4",0.409228000385155,NA
"3468","DCompL22.qQuant.4","qQuant","99","99","4",0.37230502311777,NA
"3469","DCompL3.qQuant.4","qQuant","99","99","4",0.70648804082527,NA
"3470","DCompL32.qQuant.4","qQuant","99","99","4",0.704451913507658,NA
"3471","DCompR1.qQuant.4","qQuant","99","99","4",0.207503422643714,NA
"3472","DCompR12.qQuant.4","qQuant","99","99","4",0.0613921812543978,NA
"3473","L1CompL2.qQuant.4","qQuant","99","99","4",-1.26824668735508,NA
"3474","L1CompL22.qQuant.4","qQuant","99","99","4",-1.41001105826066,NA
"3475","L1CompL3.qQuant.4","qQuant","99","99","4",-0.126928035741744,NA
"3476","L1CompL32.qQuant.4","qQuant","99","99","4",-0.134745669357111,NA
"3477","L1CompR1.qQuant.4","qQuant","99","99","4",-2.0427605531416,NA
"3478","L1CompR12.qQuant.4","qQuant","99","99","4",-2.60374912315291,NA
"3479","L12CompL2.qQuant.4","qQuant","99","99","4",-0.575305311070904,NA
"3480","L12CompL22.qQuant.4","qQuant","99","99","4",-0.673761165830073,NA
"3481","L12CompL3.qQuant.4","qQuant","99","99","4",0.21734451116129,NA
"3482","L12CompL32.qQuant.4","qQuant","99","99","4",0.211915137088819,NA
"3483","L12CompR1.qQuant.4","qQuant","99","99","4",-1.11320791799338,NA
"3484","L12CompR12.qQuant.4","qQuant","99","99","4",-1.50281645515799,NA
"3485","L2CompL3.qQuant.4","qQuant","99","99","4",0.503172189328395,NA
"3486","L2CompL32.qQuant.4","qQuant","99","99","4",0.499725635803618,NA
"3487","L2CompR1.qQuant.4","qQuant","99","99","4",-0.341459273413358,NA
"3488","L2CompR12.qQuant.4","qQuant","99","99","4",-0.58878183014349,NA
"3489","L22CompL3.qQuant.4","qQuant","99","99","4",0.532397151507237,NA
"3490","L22CompL32.qQuant.4","qQuant","99","99","4",0.529153335015785,NA
"3491","L22CompR1.qQuant.4","qQuant","99","99","4",-0.262550452916842,NA
"3492","L22CompR12.qQuant.4","qQuant","99","99","4",-0.4953247250881,NA
"3493","L3CompR1.qQuant.4","qQuant","99","99","4",-1.70004867803191,NA
"3494","L3CompR12.qQuant.4","qQuant","99","99","4",-2.19785204454597,NA
"3495","L32CompR1.qQuant.4","qQuant","99","99","4",-1.68144716063598,NA
"3496","L32CompR12.qQuant.4","qQuant","99","99","4",-2.17582099713551,NA
"3497","DCompL1.qSigma.4","qSigma","99","99","4",-0.18158568873234,NA
"3498","DCompL12.qSigma.4","qSigma","99","99","4",0.0150301227516,NA
"3499","DCompL2.qSigma.4","qSigma","99","99","4",0.0781307367708261,NA
"3500","DCompL22.qSigma.4","qSigma","99","99","4",0.0782078488937512,NA
"3501","DCompL3.qSigma.4","qSigma","99","99","4",-0.00611901905086434,NA
"3502","DCompL32.qSigma.4","qSigma","99","99","4",-0.0205416211884293,NA
"3503","DCompR1.qSigma.4","qSigma","99","99","4",0.0967729573002797,NA
"3504","DCompR12.qSigma.4","qSigma","99","99","4",0.0470197934404115,NA
"3505","L1CompL2.qSigma.4","qSigma","99","99","4",0.219803293133824,NA
"3506","L1CompL22.qSigma.4","qSigma","99","99","4",0.219868554691797,NA
"3507","L1CompL3.qSigma.4","qSigma","99","99","4",0.14850101127217,NA
"3508","L1CompL32.qSigma.4","qSigma","99","99","4",0.136294869749723,NA
"3509","L1CompR1.qSigma.4","qSigma","99","99","4",0.23558058352184,NA
"3510","L1CompR12.qSigma.4","qSigma","99","99","4",0.193473469044814,NA
"3511","L12CompL2.qSigma.4","qSigma","99","99","4",0.064063496231482,NA
"3512","L12CompL22.qSigma.4","qSigma","99","99","4",0.0641417850448825,NA
"3513","L12CompL3.qSigma.4","qSigma","99","99","4",-0.0214718665930641,NA
"3514","L12CompL32.qSigma.4","qSigma","99","99","4",-0.0361145500605583,NA
"3515","L12CompR1.qSigma.4","qSigma","99","99","4",0.0829901872502289,NA
"3516","L12CompR12.qSigma.4","qSigma","99","99","4",0.0324778162538101,NA
"3517","L2CompL3.qSigma.4","qSigma","99","99","4",-0.0913901343522137,NA
"3518","L2CompL32.qSigma.4","qSigma","99","99","4",-0.107035088265792,NA
"3519","L2CompR1.qSigma.4","qSigma","99","99","4",0.020222195568331,NA
"3520","L2CompR12.qSigma.4","qSigma","99","99","4",-0.0337476739613137,NA
"3521","L22CompL3.qSigma.4","qSigma","99","99","4",-0.0914814341209288,NA
"3522","L22CompL32.qSigma.4","qSigma","99","99","4",-0.107127696806347,NA
"3523","L22CompR1.qSigma.4","qSigma","99","99","4",0.0201402326807062,NA
"3524","L22CompR12.qSigma.4","qSigma","99","99","4",-0.0338341516749852,NA
"3525","L3CompR1.qSigma.4","qSigma","99","99","4",0.102266207479318,NA
"3526","L3CompR12.qSigma.4","qSigma","99","99","4",0.0528156326290353,NA
"3527","L32CompR1.qSigma.4","qSigma","99","99","4",0.11495325232507,NA
"3528","L32CompR12.qSigma.4","qSigma","99","99","4",0.0662015279202086,NA
"3529","DCompL1.qConnect.4","qConnect","99","99","4",1,NA
"3530","DCompL12.qConnect.4","qConnect","99","99","4",1,NA
"3531","DCompL2.qConnect.4","qConnect","99","99","4",0.453510782412327,NA
"3532","DCompL22.qConnect.4","qConnect","99","99","4",0.173643600296793,NA
"3533","DCompL3.qConnect.4","qConnect","99","99","4",1,NA
"3534","DCompL32.qConnect.4","qConnect","99","99","4",1,NA
"3535","DCompR1.qConnect.4","qConnect","99","99","4",0.153766275679712,NA
"3536","DCompR12.qConnect.4","qConnect","99","99","4",0.0996615371510377,NA
"3537","L1CompL2.qConnect.4","qConnect","99","99","4",0,NA
"3538","L1CompL22.qConnect.4","qConnect","99","99","4",0,NA
"3539","L1CompL3.qConnect.4","qConnect","99","99","4",NA,NA
"3540","L1CompL32.qConnect.4","qConnect","99","99","4",NA,NA
"3541","L1CompR1.qConnect.4","qConnect","99","99","4",0,NA
"3542","L1CompR12.qConnect.4","qConnect","99","99","4",0,NA
"3543","L12CompL2.qConnect.4","qConnect","99","99","4",0,NA
"3544","L12CompL22.qConnect.4","qConnect","99","99","4",0,NA
"3545","L12CompL3.qConnect.4","qConnect","99","99","4",NA,NA
"3546","L12CompL32.qConnect.4","qConnect","99","99","4",NA,NA
"3547","L12CompR1.qConnect.4","qConnect","99","99","4",0,NA
"3548","L12CompR12.qConnect.4","qConnect","99","99","4",0,NA
"3549","L2CompL3.qConnect.4","qConnect","99","99","4",1,NA
"3550","L2CompL32.qConnect.4","qConnect","99","99","4",1,NA
"3551","L2CompR1.qConnect.4","qConnect","99","99","4",-0.548491163386085,NA
"3552","L2CompR12.qConnect.4","qConnect","99","99","4",-0.647495383025596,NA
"3553","L22CompL3.qConnect.4","qConnect","99","99","4",1,NA
"3554","L22CompL32.qConnect.4","qConnect","99","99","4",1,NA
"3555","L22CompR1.qConnect.4","qConnect","99","99","4",-0.0240541788315795,NA
"3556","L22CompR12.qConnect.4","qConnect","99","99","4",-0.0895280331492888,NA
"3557","L3CompR1.qConnect.4","qConnect","99","99","4",0,NA
"3558","L3CompR12.qConnect.4","qConnect","99","99","4",0,NA
"3559","L32CompR1.qConnect.4","qConnect","99","99","4",0,NA
"3560","L32CompR12.qConnect.4","qConnect","99","99","4",0,NA
"3561","DCompL1.qTau1.4","qTau1","99","99","4",-0.628965886243906,NA
"3562","DCompL12.qTau1.4","qTau1","99","99","4",-0.534037766158659,NA
"3563","DCompL2.qTau1.4","qTau1","99","99","4",-0.474368747009676,NA
"3564","DCompL22.qTau1.4","qTau1","99","99","4",-0.275791787368632,NA
"3565","DCompL3.qTau1.4","qTau1","99","99","4",-0.0154951635743166,NA
"3566","DCompL32.qTau1.4","qTau1","99","99","4",-0.815804094907351,NA
"3567","DCompR1.qTau1.4","qTau1","99","99","4",-0.544048413858291,NA
"3568","DCompR12.qTau1.4","qTau1","99","99","4",-0.293057149149373,NA
"3569","L1CompL2.qTau1.4","qTau1","99","99","4",0.0949050809103816,NA
"3570","L1CompL22.qTau1.4","qTau1","99","99","4",0.216808775344969,NA
"3571","L1CompL3.qTau1.4","qTau1","99","99","4",0.376601332078316,NA
"3572","L1CompL32.qTau1.4","qTau1","99","99","4",-0.114697434882605,NA
"3573","L1CompR1.qTau1.4","qTau1","99","99","4",0.0521296812307216,NA
"3574","L1CompR12.qTau1.4","qTau1","99","99","4",0.206209804595157,NA
"3575","L12CompL2.qTau1.4","qTau1","99","99","4",0.0388967080637122,NA
"3576","L12CompL22.qTau1.4","qTau1","99","99","4",0.168343951164054,NA
"3577","L12CompL3.qTau1.4","qTau1","99","99","4",0.338024665378878,NA
"3578","L12CompL32.qTau1.4","qTau1","99","99","4",-0.183676265972418,NA
"3579","L12CompR1.qTau1.4","qTau1","99","99","4",-0.0065256852995866,NA
"3580","L12CompR12.qTau1.4","qTau1","99","99","4",0.15708910323161,NA
"3581","L2CompL3.qTau1.4","qTau1","99","99","4",0.311233932736332,NA
"3582","L2CompL32.qTau1.4","qTau1","99","99","4",-0.231580700954341,NA
"3583","L2CompR1.qTau1.4","qTau1","99","99","4",-0.0472606781647668,NA
"3584","L2CompR12.qTau1.4","qTau1","99","99","4",0.12297574689374,NA
"3585","L22CompL3.qTau1.4","qTau1","99","99","4",0.20402751167664,NA
"3586","L22CompL32.qTau1.4","qTau1","99","99","4",-0.423276206106104,NA
"3587","L22CompR1.qTau1.4","qTau1","99","99","4",-0.210266776401617,NA
"3588","L22CompR12.qTau1.4","qTau1","99","99","4",-0.0135330560610928,NA
"3589","L3CompR1.qTau1.4","qTau1","99","99","4",-0.52048820047905,NA
"3590","L3CompR12.qTau1.4","qTau1","99","99","4",-0.273326742983295,NA
"3591","L32CompR1.qTau1.4","qTau1","99","99","4",0.149661343870318,NA
"3592","L32CompR12.qTau1.4","qTau1","99","99","4",0.287887304155821,NA
"3593","DCompL1.qTau2.4","qTau2","99","99","4",-2.91178986278651,NA
"3594","DCompL12.qTau2.4","qTau2","99","99","4",-0.888965761542187,NA
"3595","DCompL2.qTau2.4","qTau2","99","99","4",-0.122658387686564,NA
"3596","DCompL22.qTau2.4","qTau2","99","99","4",-0.0574188559631792,NA
"3597","DCompL3.qTau2.4","qTau2","99","99","4",-1.84985748721017,NA
"3598","DCompL32.qTau2.4","qTau2","99","99","4",-2.62745518151682,NA
"3599","DCompR1.qTau2.4","qTau2","99","99","4",0.106289714314118,NA
"3600","DCompR12.qTau2.4","qTau2","99","99","4",0.396116916521854,NA
"3601","L1CompL2.qTau2.4","qTau2","99","99","4",0.713006468377406,NA
"3602","L1CompL22.qTau2.4","qTau2","99","99","4",0.729684136148883,NA
"3603","L1CompL3.qTau2.4","qTau2","99","99","4",0.271469688512329,NA
"3604","L1CompL32.qTau2.4","qTau2","99","99","4",0.0726865939233114,NA
"3605","L1CompR1.qTau2.4","qTau2","99","99","4",0.771534178206275,NA
"3606","L1CompR12.qTau2.4","qTau2","99","99","4",0.845624866196678,NA
"3607","L12CompL2.qTau2.4","qTau2","99","99","4",0.405675629202509,NA
"3608","L12CompL22.qTau2.4","qTau2","99","99","4",0.440212799251648,NA
"3609","L12CompL3.qTau2.4","qTau2","99","99","4",-0.508686682009257,NA
"3610","L12CompL32.qTau2.4","qTau2","99","99","4",-0.920339296438755,NA
"3611","L12CompR1.qTau2.4","qTau2","99","99","4",0.526878515280107,NA
"3612","L12CompR12.qTau2.4","qTau2","99","99","4",0.680310201607294,NA
"3613","L2CompL3.qTau2.4","qTau2","99","99","4",-1.53849035331469,NA
"3614","L2CompL32.qTau2.4","qTau2","99","99","4",-2.23112998691599,NA
"3615","L2CompR1.qTau2.4","qTau2","99","99","4",0.203933898781508,NA
"3616","L2CompR12.qTau2.4","qTau2","99","99","4",0.462095424483887,NA
"3617","L22CompL3.qTau2.4","qTau2","99","99","4",-1.69510749797846,NA
"3618","L22CompL32.qTau2.4","qTau2","99","99","4",-2.43048089322433,NA
"3619","L22CompR1.qTau2.4","qTau2","99","99","4",0.15481903822131,NA
"3620","L22CompR12.qTau2.4","qTau2","99","99","4",0.428908345947659,NA
"3621","L3CompR1.qTau2.4","qTau2","99","99","4",0.686401762299782,NA
"3622","L3CompR12.qTau2.4","qTau2","99","99","4",0.788100602858809,NA
"3623","L32CompR1.qTau2.4","qTau2","99","99","4",0.753626098472655,NA
"3624","L32CompR12.qTau2.4","qTau2","99","99","4",0.833524315736513,NA
"3625","DCompL1.qNPQ.4","qNPQ","99","99","4",0.859238076826173,NA
"3626","DCompL12.qNPQ.4","qNPQ","99","99","4",0.357493520253145,NA
"3627","DCompL2.qNPQ.4","qNPQ","99","99","4",-0.0790233347404502,NA
"3628","DCompL22.qNPQ.4","qNPQ","99","99","4",-0.218938014675629,NA
"3629","DCompL3.qNPQ.4","qNPQ","99","99","4",0.218980363641504,NA
"3630","DCompL32.qNPQ.4","qNPQ","99","99","4",-0.361215685432742,NA
"3631","DCompR1.qNPQ.4","qNPQ","99","99","4",-1.05009014405655,NA
"3632","DCompR12.qNPQ.4","qNPQ","99","99","4",-0.469456722457368,NA
"3633","L1CompL2.qNPQ.4","qNPQ","99","99","4",-6.66559102356084,NA
"3634","L1CompL22.qNPQ.4","qNPQ","99","99","4",-7.65957204328872,NA
"3635","L1CompL3.qNPQ.4","qNPQ","99","99","4",-4.54851495879332,NA
"3636","L1CompL32.qNPQ.4","qNPQ","99","99","4",-8.67034020806731,NA
"3637","L1CompR1.qNPQ.4","qNPQ","99","99","4",-13.5642379546413,NA
"3638","L1CompR12.qNPQ.4","qNPQ","99","99","4",-9.43930552613105,NA
"3639","L12CompL2.qNPQ.4","qNPQ","99","99","4",-0.679396813500746,NA
"3640","L12CompL22.qNPQ.4","qNPQ","99","99","4",-0.897160656116473,NA
"3641","L12CompL3.qNPQ.4","qNPQ","99","99","4",-0.215582505356545,NA
"3642","L12CompL32.qNPQ.4","qNPQ","99","99","4",-1.11860226836787,NA
"3643","L12CompR1.qNPQ.4","qNPQ","99","99","4",-2.19076960105411,NA
"3644","L12CompR12.qNPQ.4","qNPQ","99","99","4",-1.2870691094607,NA
"3645","L2CompL3.qNPQ.4","qNPQ","99","99","4",0.276179104554431,NA
"3646","L2CompL32.qNPQ.4","qNPQ","99","99","4",-0.26152571645744,NA
"3647","L2CompR1.qNPQ.4","qNPQ","99","99","4",-0.899949776850453,NA
"3648","L2CompR12.qNPQ.4","qNPQ","99","99","4",-0.361839614720504,NA
"3649","L22CompL3.qNPQ.4","qNPQ","99","99","4",0.35926222092078,NA
"3650","L22CompL32.qNPQ.4","qNPQ","99","99","4",-0.116722646306978,NA
"3651","L22CompR1.qNPQ.4","qNPQ","99","99","4",-0.681865787574194,NA
"3652","L22CompR12.qNPQ.4","qNPQ","99","99","4",-0.205522105936129,NA
"3653","L3CompR1.qNPQ.4","qNPQ","99","99","4",-1.62488937360793,NA
"3654","L3CompR12.qNPQ.4","qNPQ","99","99","4",-0.881459382133731,NA
"3655","L32CompR1.qNPQ.4","qNPQ","99","99","4",-0.506072965508628,NA
"3656","L32CompR12.qNPQ.4","qNPQ","99","99","4",-0.0795179178310852,NA
"3657","DCompL1.qqP.4","qqP","99","99","4",0.708821498637302,NA
"3658","DCompL12.qqP.4","qqP","99","99","4",0.344613968204964,NA
"3659","DCompL2.qqP.4","qqP","99","99","4",0.116319565244544,NA
"3660","DCompL22.qqP.4","qqP","99","99","4",0.0699830172845315,NA
"3661","DCompL3.qqP.4","qqP","99","99","4",0.317619525890018,NA
"3662","DCompL32.qqP.4","qqP","99","99","4",0.135469696282813,NA
"3663","DCompR1.qqP.4","qqP","99","99","4",-0.112267635406085,NA
"3664","DCompR12.qqP.4","qqP","99","99","4",-0.0695842382027951,NA
"3665","L1CompL2.qqP.4","qqP","99","99","4",-2.03484093303553,NA
"3666","L1CompL22.qqP.4","qqP","99","99","4",-2.19397544242808,NA
"3667","L1CompL3.qqP.4","qqP","99","99","4",-1.34351255644384,NA
"3668","L1CompL32.qqP.4","qqP","99","99","4",-1.96907326492594,NA
"3669","L1CompR1.qqP.4","qqP","99","99","4",-2.81988240958979,NA
"3670","L1CompR12.qqP.4","qqP","99","99","4",-2.67329398701211,NA
"3671","L12CompL2.qqP.4","qqP","99","99","4",-0.348335777519006,NA
"3672","L12CompL22.qqP.4","qqP","99","99","4",-0.419036930293199,NA
"3673","L12CompL3.qqP.4","qqP","99","99","4",-0.041188614046307,NA
"3674","L12CompL32.qqP.4","qqP","99","99","4",-0.319116157159051,NA
"3675","L12CompR1.qqP.4","qqP","99","99","4",-0.697118311111539,NA
"3676","L12CompR12.qqP.4","qqP","99","99","4",-0.631991202609723,NA
"3677","L2CompL3.qqP.4","qqP","99","99","4",0.227797236114184,NA
"3678","L2CompL32.qqP.4","qqP","99","99","4",0.0216708781648741,NA
"3679","L2CompR1.qqP.4","qqP","99","99","4",-0.25867631743356,NA
"3680","L2CompR12.qqP.4","qqP","99","99","4",-0.210374470380557,NA
"3681","L22CompL3.qqP.4","qqP","99","99","4",0.266270953335105,NA
"3682","L22CompL32.qqP.4","qqP","99","99","4",0.0704144980310711,NA
"3683","L22CompR1.qqP.4","qqP","99","99","4",-0.195964865242009,NA
"3684","L22CompR12.qqP.4","qqP","99","99","4",-0.150069577310102,NA
"3685","L3CompR1.qqP.4","qqP","99","99","4",-0.629981626975475,NA
"3686","L3CompR12.qqP.4","qqP","99","99","4",-0.567430896374689,NA
"3687","L32CompR1.qqP.4","qqP","99","99","4",-0.286557140476986,NA
"3688","L32CompR12.qqP.4","qqP","99","99","4",-0.237185363663882,NA
"3689","DCompL1.qABQ.4","qABQ","99","99","4",1,NA
"3690","DCompL12.qABQ.4","qABQ","99","99","4",0,NA
"3691","DCompL2.qABQ.4","qABQ","99","99","4",0,NA
"3692","DCompL22.qABQ.4","qABQ","99","99","4",0,NA
"3693","DCompL3.qABQ.4","qABQ","99","99","4",1,NA
"3694","DCompL32.qABQ.4","qABQ","99","99","4",1,NA
"3695","DCompR1.qABQ.4","qABQ","99","99","4",0,NA
"3696","DCompR12.qABQ.4","qABQ","99","99","4",0,NA
"3697","L1CompL2.qABQ.4","qABQ","99","99","4",1.43026924267137,NA
"3698","L1CompL22.qABQ.4","qABQ","99","99","4",1.4306939023649,NA
"3699","L1CompL3.qABQ.4","qABQ","99","99","4",0.966302305574938,NA
"3700","L1CompL32.qABQ.4","qABQ","99","99","4",0.886876431001632,NA
"3701","L1CompR1.qABQ.4","qABQ","99","99","4",1.53293273261706,NA
"3702","L1CompR12.qABQ.4","qABQ","99","99","4",1.25893997356651,NA
"3703","L12CompL2.qABQ.4","qABQ","99","99","4",-4.19827669155355,NA
"3704","L12CompL22.qABQ.4","qABQ","99","99","4",-4.20340719675309,NA
"3705","L12CompL3.qABQ.4","qABQ","99","99","4",1.40711703769791,NA
"3706","L12CompL32.qABQ.4","qABQ","99","99","4",2.36669683461131,NA
"3707","L12CompR1.qABQ.4","qABQ","99","99","4",-5.43860059559293,NA
"3708","L12CompR12.qABQ.4","qABQ","99","99","4",-2.12837055408664,NA
"3709","L2CompL3.qABQ.4","qABQ","99","99","4",1.0783176929307,NA
"3710","L2CompL32.qABQ.4","qABQ","99","99","4",1.26291344530236,NA
"3711","L2CompR1.qABQ.4","qABQ","99","99","4",-0.238602902006876,NA
"3712","L2CompR12.qABQ.4","qABQ","99","99","4",0.398190835210871,NA
"3713","L22CompL3.qABQ.4","qABQ","99","99","4",1.0782404725027,NA
"3714","L22CompL32.qABQ.4","qABQ","99","99","4",1.26265421538874,NA
"3715","L22CompR1.qABQ.4","qABQ","99","99","4",-0.237381652470058,NA
"3716","L22CompR12.qABQ.4","qABQ","99","99","4",0.398784212767601,NA
"3717","L3CompR1.qABQ.4","qABQ","99","99","4",16.8151096598675,NA
"3718","L3CompR12.qABQ.4","qABQ","99","99","4",8.68420445328533,NA
"3719","L32CompR1.qABQ.4","qABQ","99","99","4",5.71106717491161,NA
"3720","L32CompR12.qABQ.4","qABQ","99","99","4",3.28900109728897,NA
"3721","DCompL1.qqm.4","qqm","99","99","4",0,NA
"3722","DCompL12.qqm.4","qqm","99","99","4",0,NA
"3723","DCompL2.qqm.4","qqm","99","99","4",0,NA
"3724","DCompL22.qqm.4","qqm","99","99","4",0,NA
"3725","DCompL3.qqm.4","qqm","99","99","4",0,NA
"3726","DCompL32.qqm.4","qqm","99","99","4",0,NA
"3727","DCompR1.qqm.4","qqm","99","99","4",0,NA
"3728","DCompR12.qqm.4","qqm","99","99","4",0,NA
"3729","L1CompL2.qqm.4","qqm","99","99","4",0.446650335155274,NA
"3730","L1CompL22.qqm.4","qqm","99","99","4",0.496576823755142,NA
"3731","L1CompL3.qqm.4","qqm","99","99","4",0.0447014372439502,NA
"3732","L1CompL32.qqm.4","qqm","99","99","4",0.0474546466228817,NA
"3733","L1CompR1.qqm.4","qqm","99","99","4",0.719418150112004,NA
"3734","L1CompR12.qqm.4","qqm","99","99","4",0.916986758263768,NA
"3735","L12CompL2.qqm.4","qqm","99","99","4",0.345213579932351,NA
"3736","L12CompL22.qqm.4","qqm","99","99","4",0.404292294195293,NA
"3737","L12CompL3.qqm.4","qqm","99","99","4",-0.130418188973384,NA
"3738","L12CompL32.qqm.4","qqm","99","99","4",-0.127160277696916,NA
"3739","L12CompR1.qqm.4","qqm","99","99","4",0.667983561396621,NA
"3740","L12CompR12.qqm.4","qqm","99","99","4",0.901769266653608,NA
"3741","L2CompL3.qqm.4","qqm","99","99","4",-0.726392231617441,NA
"3742","L2CompL32.qqm.4","qqm","99","99","4",-0.721416698868715,NA
"3743","L2CompR1.qqm.4","qqm","99","99","4",0.492939333456126,NA
"3744","L2CompR12.qqm.4","qqm","99","99","4",0.849980496943961,NA
"3745","L22CompL3.qqm.4","qqm","99","99","4",-0.897605449716933,NA
"3746","L22CompL32.qqm.4","qqm","99","99","4",-0.892136473498022,NA
"3747","L22CompR1.qqm.4","qqm","99","99","4",0.442652100404044,NA
"3748","L22CompR12.qqm.4","qqm","99","99","4",0.835102463189229,NA
"3749","L3CompR1.qqm.4","qqm","99","99","4",0.706288839084491,NA
"3750","L3CompR12.qqm.4","qqm","99","99","4",0.913102306469783,NA
"3751","L32CompR1.qqm.4","qqm","99","99","4",0.705439904889324,NA
"3752","L32CompR12.qqm.4","qqm","99","99","4",0.912851139904342,NA
"3753","DCampL1.mQuant.1","mQuant","99","99","1",0.765148346374571,NA
"3754","DCampL2.mQuant.1","mQuant","99","99","1",0.43210595003611,NA
"3755","DCampL3.mQuant.1","mQuant","99","99","1",0.787152346482531,NA
"3756","DCampR1.mQuant.1","mQuant","99","99","1",0.126924877528827,NA
"3757","L1CampL2.mQuant.1","mQuant","99","99","1",-1.4180968760375,NA
"3758","L1CampL3.mQuant.1","mQuant","99","99","1",0.093693187883847,NA
"3759","L1CampR1.mQuant.1","mQuant","99","99","1",-2.71756003840477,NA
"3760","L2CampL3.mQuant.1","mQuant","99","99","1",0.625198303220462,NA
"3761","L2CampR1.mQuant.1","mQuant","99","99","1",-0.537390861071159,NA
"3762","L3CampR1.mQuant.1","mQuant","99","99","1",-3.101878071207,NA
"3763","DCampL1.mSigma.1","mSigma","99","99","1",0.136754513709506,NA
"3764","DCampL2.mSigma.1","mSigma","99","99","1",0.187704477265242,NA
"3765","DCampL3.mSigma.1","mSigma","99","99","1",0.140966397773142,NA
"3766","DCampR1.mSigma.1","mSigma","99","99","1",0.0985021323120362,NA
"3767","L1CampL2.mSigma.1","mSigma","99","99","1",0.0590214074268443,NA
"3768","L1CampL3.mSigma.1","mSigma","99","99","1",0.00487912665693156,NA
"3769","L1CampR1.mSigma.1","mSigma","99","99","1",-0.0443122866032541,NA
"3770","L2CampL3.mSigma.1","mSigma","99","99","1",-0.0575382704742068,NA
"3771","L2CampR1.mSigma.1","mSigma","99","99","1",-0.109815138033616,NA
"3772","L3CampR1.mSigma.1","mSigma","99","99","1",-0.0494326011823359,NA
"3773","DCampL1.mConnect.1","mConnect","99","99","1",1,NA
"3774","DCampL2.mConnect.1","mConnect","99","99","1",0.40012007276038,NA
"3775","DCampL3.mConnect.1","mConnect","99","99","1",1,NA
"3776","DCampR1.mConnect.1","mConnect","99","99","1",0.292855714998051,NA
"3777","L1CampL2.mConnect.1","mConnect","99","99","1",0,NA
"3778","L1CampL3.mConnect.1","mConnect","99","99","1",NA,NA
"3779","L1CampR1.mConnect.1","mConnect","99","99","1",0,NA
"3780","L2CampL3.mConnect.1","mConnect","99","99","1",1,NA
"3781","L2CampR1.mConnect.1","mConnect","99","99","1",-0.178809713230299,NA
"3782","L3CampR1.mConnect.1","mConnect","99","99","1",0,NA
"3783","DCampL1.mTau1.1","mTau1","99","99","1",-0.846373030347643,NA
"3784","DCampL2.mTau1.1","mTau1","99","99","1",-0.294581553772191,NA
"3785","DCampL3.mTau1.1","mTau1","99","99","1",-0.168448812283108,NA
"3786","DCampR1.mTau1.1","mTau1","99","99","1",-0.445733329270473,NA
"3787","L1CampL2.mTau1.1","mTau1","99","99","1",0.298851568727451,NA
"3788","L1CampL3.mTau1.1","mTau1","99","99","1",0.367165359828123,NA
"3789","L1CampR1.mTau1.1","mTau1","99","99","1",0.216987409636143,NA
"3790","L2CampL3.mTau1.1","mTau1","99","99","1",0.0974312828122365,NA
"3791","L2CampR1.mTau1.1","mTau1","99","99","1",-0.116757244885693,NA
"3792","L3CampR1.mTau1.1","mTau1","99","99","1",-0.237309939530479,NA
"3793","DCampL1.mTau2.1","mTau2","99","99","1",-1.58530151685562,NA
"3794","DCampL2.mTau2.1","mTau2","99","99","1",0.0701180158082662,NA
"3795","DCampL3.mTau2.1","mTau2","99","99","1",-2.16956011705855,NA
"3796","DCampR1.mTau2.1","mTau2","99","99","1",0.393552338896199,NA
"3797","L1CampL2.mTau2.1","mTau2","99","99","1",0.640319715851671,NA
"3798","L1CampL3.mTau2.1","mTau2","99","99","1",-0.225992440879215,NA
"3799","L1CampR1.mTau2.1","mTau2","99","99","1",0.765424784246676,NA
"3800","L2CampL3.mTau2.1","mTau2","99","99","1",-2.40856170023939,NA
"3801","L2CampR1.mTau2.1","mTau2","99","99","1",0.347822980320525,NA
"3802","L3CampR1.mTau2.1","mTau2","99","99","1",0.808665039088578,NA
"3803","DCampL1.mNPQ.1","mNPQ","99","99","1",0.728493198314012,NA
"3804","DCampL2.mNPQ.1","mNPQ","99","99","1",-0.125584365241962,NA
"3805","DCampL3.mNPQ.1","mNPQ","99","99","1",-0.0307080363866579,NA
"3806","DCampR1.mNPQ.1","mNPQ","99","99","1",-0.775586781684813,NA
"3807","L1CampL2.mNPQ.1","mNPQ","99","99","1",-3.1456949080184,NA
"3808","L1CampL3.mNPQ.1","mNPQ","99","99","1",-2.79625125406149,NA
"3809","L1CampR1.mNPQ.1","mNPQ","99","99","1",-5.53975064587285,NA
"3810","L2CampL3.mNPQ.1","mNPQ","99","99","1",0.0842907309172771,NA
"3811","L2CampR1.mNPQ.1","mNPQ","99","99","1",-0.577479961977904,NA
"3812","L3CampR1.mNPQ.1","mNPQ","99","99","1",-0.72268646309334,NA
"3813","DCampL1.mqP.1","mqP","99","99","1",0.647378862936217,NA
"3814","DCampL2.mqP.1","mqP","99","99","1",0.119986870022446,NA
"3815","DCampL3.mqP.1","mqP","99","99","1",0.277641683526692,NA
"3816","DCampR1.mqP.1","mqP","99","99","1",-0.103576248640198,NA
"3817","L1CampL2.mqP.1","mqP","99","99","1",-1.4956335213064,NA
"3818","L1CampL3.mqP.1","mqP","99","99","1",-1.04853946785001,NA
"3819","L1CampR1.mqP.1","mqP","99","99","1",-2.12963725836032,NA
"3820","L2CampL3.mqP.1","mqP","99","99","1",0.179150524161234,NA
"3821","L2CampR1.mqP.1","mqP","99","99","1",-0.254045208016778,NA
"3822","L3CampR1.mqP.1","mqP","99","99","1",-0.527740767252559,NA
"3823","DCampL1.mABQ.1","mABQ","99","99","1",0,NA
"3824","DCampL2.mABQ.1","mABQ","99","99","1",0,NA
"3825","DCampL3.mABQ.1","mABQ","99","99","1",0,NA
"3826","DCampR1.mABQ.1","mABQ","99","99","1",0,NA
"3827","L1CampL2.mABQ.1","mABQ","99","99","1",-0.372565132760187,NA
"3828","L1CampL3.mABQ.1","mABQ","99","99","1",-0.0307988668848099,NA
"3829","L1CampR1.mABQ.1","mABQ","99","99","1",0.279715677090744,NA
"3830","L2CampL3.mABQ.1","mABQ","99","99","1",0.248998213431297,NA
"3831","L2CampR1.mABQ.1","mABQ","99","99","1",0.475227582489447,NA
"3832","L3CampR1.mABQ.1","mABQ","99","99","1",0.301236792114415,NA
"3833","DCampL1.mqm.1","mqm","99","99","1",0,NA
"3834","DCampL2.mqm.1","mqm","99","99","1",0,NA
"3835","DCampL3.mqm.1","mqm","99","99","1",0,NA
"3836","DCampR1.mqm.1","mqm","99","99","1",0,NA
"3837","L1CampL2.mqm.1","mqm","99","99","1",0.435265132462854,NA
"3838","L1CampL3.mqm.1","mqm","99","99","1",-0.0287578222082278,NA
"3839","L1CampR1.mqm.1","mqm","99","99","1",0.83411729486155,NA
"3840","L2CampL3.mqm.1","mqm","99","99","1",-0.821665141192227,NA
"3841","L2CampR1.mqm.1","mqm","99","99","1",0.706264453155021,NA
"3842","L3CampR1.mqm.1","mqm","99","99","1",0.838754368076266,NA
"3843","DCampL1.mQuant.2","mQuant","99","99","2",0.783047013076808,NA
"3844","DCampL2.mQuant.2","mQuant","99","99","2",0.4254280921382,NA
"3845","DCampL3.mQuant.2","mQuant","99","99","2",0.797247872230457,NA
"3846","DCampR1.mQuant.2","mQuant","99","99","2",0.124053091997992,NA
"3847","L1CampL2.mQuant.2","mQuant","99","99","2",-1.64837058023643,NA
"3848","L1CampL3.mQuant.2","mQuant","99","99","2",0.0654559282867889,NA
"3849","L1CampR1.mQuant.2","mQuant","99","99","2",-3.03749641995997,NA
"3850","L2CampL3.mQuant.2","mQuant","99","99","2",0.647124885509874,NA
"3851","L2CampR1.mQuant.2","mQuant","99","99","2",-0.524520945101091,NA
"3852","L3CampR1.mQuant.2","mQuant","99","99","2",-3.3202846630426,NA
"3853","DCampL1.mSigma.2","mSigma","99","99","2",0.221205251667827,NA
"3854","DCampL2.mSigma.2","mSigma","99","99","2",0.209678013275802,NA
"3855","DCampL3.mSigma.2","mSigma","99","99","2",0.240868749649993,NA
"3856","DCampR1.mSigma.2","mSigma","99","99","2",0.0795042651345776,NA
"3857","L1CampL2.mSigma.2","mSigma","99","99","2",-0.0148013817719128,NA
"3858","L1CampL3.mSigma.2","mSigma","99","99","2",0.0252486268356028,NA
"3859","L1CampR1.mSigma.2","mSigma","99","99","2",-0.181949078157896,NA
"3860","L2CampL3.mSigma.2","mSigma","99","99","2",0.0394658593562275,NA
"3861","L2CampR1.mSigma.2","mSigma","99","99","2",-0.164709764283265,NA
"3862","L3CampR1.mSigma.2","mSigma","99","99","2",-0.212564671051306,NA
"3863","DCampL1.mConnect.2","mConnect","99","99","2",0.915500129562652,NA
"3864","DCampL2.mConnect.2","mConnect","99","99","2",0.305046123634613,NA
"3865","DCampL3.mConnect.2","mConnect","99","99","2",0.898996742556531,NA
"3866","DCampR1.mConnect.2","mConnect","99","99","2",0.287127662965152,NA
"3867","L1CampL2.mConnect.2","mConnect","99","99","2",-7.22431883940763,NA
"3868","L1CampL3.mConnect.2","mConnect","99","99","2",-0.195306654562941,NA
"3869","L1CampR1.mConnect.2","mConnect","99","99","2",-7.43637195353337,NA
"3870","L2CampL3.mConnect.2","mConnect","99","99","2",0.854661926670995,NA
"3871","L2CampR1.mConnect.2","mConnect","99","99","2",-0.0257836689294761,NA
"3872","L3CampR1.mConnect.2","mConnect","99","99","2",-6.05791431958362,NA
"3873","DCampL1.mTau1.2","mTau1","99","99","2",-1.58971284020601,NA
"3874","DCampL2.mTau1.2","mTau1","99","99","2",-0.374761532081226,NA
"3875","DCampL3.mTau1.2","mTau1","99","99","2",-0.848210109619887,NA
"3876","DCampR1.mTau1.2","mTau1","99","99","2",-0.532882873774939,NA
"3877","L1CampL2.mTau1.2","mTau1","99","99","2",0.469145184463052,NA
"3878","L1CampL3.mTau1.2","mTau1","99","99","2",0.286326236281523,NA
"3879","L1CampR1.mTau1.2","mTau1","99","99","2",0.408087703788424,NA
"3880","L2CampL3.mTau1.2","mTau1","99","99","2",-0.344385965485895,NA
"3881","L2CampR1.mTau1.2","mTau1","99","99","2",-0.115017287001285,NA
"3882","L3CampR1.mTau1.2","mTau1","99","99","2",0.170612223255179,NA
"3883","DCampL1.mTau2.2","mTau2","99","99","2",-1.91613473101036,NA
"3884","DCampL2.mTau2.2","mTau2","99","99","2",-0.0779974080348701,NA
"3885","DCampL3.mTau2.2","mTau2","99","99","2",-2.79418364473292,NA
"3886","DCampR1.mTau2.2","mTau2","99","99","2",0.237356814173216,NA
"3887","L1CampL2.mTau2.2","mTau2","99","99","2",0.630333469653724,NA
"3888","L1CampL3.mTau2.2","mTau2","99","99","2",-0.301100255891929,NA
"3889","L1CampR1.mTau2.2","mTau2","99","99","2",0.738474639831696,NA
"3890","L2CampL3.mTau2.2","mTau2","99","99","2",-2.51965933911614,NA
"3891","L2CampR1.mTau2.2","mTau2","99","99","2",0.292537087619682,NA
"3892","L3CampR1.mTau2.2","mTau2","99","99","2",0.79899676525002,NA
"3893","DCampL1.mNPQ.2","mNPQ","99","99","2",0.690404080007628,NA
"3894","DCampL2.mNPQ.2","mNPQ","99","99","2",-0.110770453079616,NA
"3895","DCampL3.mNPQ.2","mNPQ","99","99","2",-0.033449565859396,NA
"3896","DCampR1.mNPQ.2","mNPQ","99","99","2",-0.744661291883064,NA
"3897","L1CampL2.mNPQ.2","mNPQ","99","99","2",-2.58780714263606,NA
"3898","L1CampL3.mNPQ.2","mNPQ","99","99","2",-2.3380593836148,NA
"3899","L1CampR1.mNPQ.2","mNPQ","99","99","2",-4.63528515468178,NA
"3900","L2CampL3.mNPQ.2","mNPQ","99","99","2",0.0696101404262669,NA
"3901","L2CampR1.mNPQ.2","mNPQ","99","99","2",-0.570676719970343,NA
"3902","L3CampR1.mNPQ.2","mNPQ","99","99","2",-0.688192002318215,NA
"3903","DCampL1.mqP.2","mqP","99","99","2",0.618222769605639,NA
"3904","DCampL2.mqP.2","mqP","99","99","2",0.107571411556776,NA
"3905","DCampL3.mqP.2","mqP","99","99","2",0.254730999219803,NA
"3906","DCampR1.mqP.2","mqP","99","99","2",-0.106249333552458,NA
"3907","L1CampL2.mqP.2","mqP","99","99","2",-1.33756368215407,NA
"3908","L1CampL3.mqP.2","mqP","99","99","2",-0.95210437251683,NA
"3909","L1CampR1.mqP.2","mqP","99","99","2",-1.89763046478635,NA
"3910","L2CampL3.mqP.2","mqP","99","99","2",0.16489788602552,NA
"3911","L2CampR1.mqP.2","mqP","99","99","2",-0.239594235189426,NA
"3912","L3CampR1.mqP.2","mqP","99","99","2",-0.484362468309244,NA
"3913","DCampL1.mABQ.2","mABQ","99","99","2",0,NA
"3914","DCampL2.mABQ.2","mABQ","99","99","2",0,NA
"3915","DCampL3.mABQ.2","mABQ","99","99","2",0,NA
"3916","DCampR1.mABQ.2","mABQ","99","99","2",0,NA
"3917","L1CampL2.mABQ.2","mABQ","99","99","2",0.0521110520890116,NA
"3918","L1CampL3.mABQ.2","mABQ","99","99","2",-0.0888925458772324,NA
"3919","L1CampR1.mABQ.2","mABQ","99","99","2",0.640585996330839,NA
"3920","L2CampL3.mABQ.2","mABQ","99","99","2",-0.148755398274234,NA
"3921","L2CampR1.mABQ.2","mABQ","99","99","2",0.620826886460425,NA
"3922","L3CampR1.mABQ.2","mABQ","99","99","2",0.669927023534163,NA
"3923","DCampL1.mqm.2","mqm","99","99","2",0,NA
"3924","DCampL2.mqm.2","mqm","99","99","2",0,NA
"3925","DCampL3.mqm.2","mqm","99","99","2",0,NA
"3926","DCampR1.mqm.2","mqm","99","99","2",0,NA
"3927","L1CampL2.mqm.2","mqm","99","99","2",0.456701724119251,NA
"3928","L1CampL3.mqm.2","mqm","99","99","2",-0.0181353851256644,NA
"3929","L1CampR1.mqm.2","mqm","99","99","2",0.841576444419916,NA
"3930","L2CampL3.mqm.2","mqm","99","99","2",-0.873989722266556,NA
"3931","L2CampR1.mqm.2","mqm","99","99","2",0.708404089221044,NA
"3932","L3CampR1.mqm.2","mqm","99","99","2",0.84439834044219,NA
"3933","DCampL1.mQuant.3","mQuant","99","99","3",0.782763925828252,NA
"3934","DCampL2.mQuant.3","mQuant","99","99","3",0.406271371932896,NA
"3935","DCampL3.mQuant.3","mQuant","99","99","3",0.774352327069232,NA
"3936","DCampR1.mQuant.3","mQuant","99","99","3",0.114772616541029,NA
"3937","L1CampL2.mQuant.3","mQuant","99","99","3",-1.73310328558828,NA
"3938","L1CampL3.mQuant.3","mQuant","99","99","3",-0.0387210033650763,NA
"3939","L1CampR1.mQuant.3","mQuant","99","99","3",-3.07495572194471,NA
"3940","L2CampL3.mQuant.3","mQuant","99","99","3",0.61994813410738,NA
"3941","L2CampR1.mQuant.3","mQuant","99","99","3",-0.490962944368789,NA
"3942","L3CampR1.mQuant.3","mQuant","99","99","3",-2.92305124161671,NA
"3943","DCampL1.mSigma.3","mSigma","99","99","3",0.0843131649342116,NA
"3944","DCampL2.mSigma.3","mSigma","99","99","3",0.210877028471019,NA
"3945","DCampL3.mSigma.3","mSigma","99","99","3",0.222052034411728,NA
"3946","DCampR1.mSigma.3","mSigma","99","99","3",0.097323105777904,NA
"3947","L1CampL2.mSigma.3","mSigma","99","99","3",0.138217410898689,NA
"3948","L1CampL3.mSigma.3","mSigma","99","99","3",0.150421371371601,NA
"3949","L1CampR1.mSigma.3","mSigma","99","99","3",0.0142078496113331,NA
"3950","L2CampL3.mSigma.3","mSigma","99","99","3",0.0141612984843875,NA
"3951","L2CampR1.mSigma.3","mSigma","99","99","3",-0.143898893822717,NA
"3952","L3CampR1.mSigma.3","mSigma","99","99","3",-0.160330682964774,NA
"3953","DCampL1.mConnect.3","mConnect","99","99","3",1,NA
"3954","DCampL2.mConnect.3","mConnect","99","99","3",0.53150601023057,NA
"3955","DCampL3.mConnect.3","mConnect","99","99","3",1,NA
"3956","DCampR1.mConnect.3","mConnect","99","99","3",0.441795510038808,NA
"3957","L1CampL2.mConnect.3","mConnect","99","99","3",0,NA
"3958","L1CampL3.mConnect.3","mConnect","99","99","3",NA,NA
"3959","L1CampR1.mConnect.3","mConnect","99","99","3",0,NA
"3960","L2CampL3.mConnect.3","mConnect","99","99","3",1,NA
"3961","L2CampR1.mConnect.3","mConnect","99","99","3",-0.191486982012113,NA
"3962","L3CampR1.mConnect.3","mConnect","99","99","3",0,NA
"3963","DCampL1.mTau1.3","mTau1","99","99","3",-2.57773232676349,NA
"3964","DCampL2.mTau1.3","mTau1","99","99","3",-0.406248565080019,NA
"3965","DCampL3.mTau1.3","mTau1","99","99","3",-0.693507460223292,NA
"3966","DCampR1.mTau1.3","mTau1","99","99","3",-0.520612041534213,NA
"3967","L1CampL2.mTau1.3","mTau1","99","99","3",0.606944165565302,NA
"3968","L1CampL3.mTau1.3","mTau1","99","99","3",0.526653392274518,NA
"3969","L1CampR1.mTau1.3","mTau1","99","99","3",0.574978812652036,NA
"3970","L2CampL3.mTau1.3","mTau1","99","99","3",-0.204273200539712,NA
"3971","L2CampR1.mTau1.3","mTau1","99","99","3",-0.0813252217951146,NA
"3972","L3CampR1.mTau1.3","mTau1","99","99","3",0.102093095395212,NA
"3973","DCampL1.mTau2.3","mTau2","99","99","3",-2.47853925810833,NA
"3974","DCampL2.mTau2.3","mTau2","99","99","3",-0.0339037412802408,NA
"3975","DCampL3.mTau2.3","mTau2","99","99","3",-2.61237260331693,NA
"3976","DCampR1.mTau2.3","mTau2","99","99","3",0.283369367144864,NA
"3977","L1CampL2.mTau2.3","mTau2","99","99","3",0.702776463174807,NA
"3978","L1CampL3.mTau2.3","mTau2","99","99","3",-0.0384740074146481,NA
"3979","L1CampR1.mTau2.3","mTau2","99","99","3",0.793985181801614,NA
"3980","L2CampL3.mTau2.3","mTau2","99","99","3",-2.49391578643857,NA
"3981","L2CampR1.mTau2.3","mTau2","99","99","3",0.306869097922248,NA
"3982","L3CampR1.mTau2.3","mTau2","99","99","3",0.801617742256954,NA
"3983","DCampL1.mNPQ.3","mNPQ","99","99","3",0.757804034381757,NA
"3984","DCampL2.mNPQ.3","mNPQ","99","99","3",-0.169415365225442,NA
"3985","DCampL3.mNPQ.3","mNPQ","99","99","3",-0.106500966182874,NA
"3986","DCampR1.mNPQ.3","mNPQ","99","99","3",-0.882694405932386,NA
"3987","L1CampL2.mNPQ.3","mNPQ","99","99","3",-3.82838499080828,NA
"3988","L1CampL3.mNPQ.3","mNPQ","99","99","3",-3.56861848775375,NA
"3989","L1CampR1.mNPQ.3","mNPQ","99","99","3",-6.77343421525011,NA
"3990","L2CampL3.mNPQ.3","mNPQ","99","99","3",0.0537998737774742,NA
"3991","L2CampR1.mNPQ.3","mNPQ","99","99","3",-0.609944987826834,NA
"3992","L3CampR1.mNPQ.3","mNPQ","99","99","3",-0.701484647073709,NA
"3993","DCampL1.mqP.3","mqP","99","99","3",0.69702629044651,NA
"3994","DCampL2.mqP.3","mqP","99","99","3",0.115369662466547,NA
"3995","DCampL3.mqP.3","mqP","99","99","3",0.280650074237346,NA
"3996","DCampR1.mqP.3","mqP","99","99","3",-0.125553025738735,NA
"3997","L1CampL2.mqP.3","mqP","99","99","3",-1.91982541599793,NA
"3998","L1CampL3.mqP.3","mqP","99","99","3",-1.37429817531957,NA
"3999","L1CampR1.mqP.3","mqP","99","99","3",-2.71501879617716,NA
"4000","L2CampL3.mqP.3","mqP","99","99","3",0.186835568212185,NA
"4001","L2CampR1.mqP.3","mqP","99","99","3",-0.272342783175431,NA
"4002","L3CampR1.mqP.3","mqP","99","99","3",-0.564680811700127,NA
"4003","DCampL1.mABQ.3","mABQ","99","99","3",0,NA
"4004","DCampL2.mABQ.3","mABQ","99","99","3",0,NA
"4005","DCampL3.mABQ.3","mABQ","99","99","3",0,NA
"4006","DCampR1.mABQ.3","mABQ","99","99","3",0,NA
"4007","L1CampL2.mABQ.3","mABQ","99","99","3",-1.50111626856334,NA
"4008","L1CampL3.mABQ.3","mABQ","99","99","3",-1.63365791789448,NA
"4009","L1CampR1.mABQ.3","mABQ","99","99","3",-0.154304975431111,NA
"4010","L2CampL3.mABQ.3","mABQ","99","99","3",-0.0529929979653724,NA
"4011","L2CampR1.mABQ.3","mABQ","99","99","3",0.538484080112696,NA
"4012","L3CampR1.mABQ.3","mABQ","99","99","3",0.561710362007098,NA
"4013","DCampL1.mqm.3","mqm","99","99","3",0,NA
"4014","DCampL2.mqm.3","mqm","99","99","3",0,NA
"4015","DCampL3.mqm.3","mqm","99","99","3",0,NA
"4016","DCampR1.mqm.3","mqm","99","99","3",0,NA
"4017","L1CampL2.mqm.3","mqm","99","99","3",0.48097841695628,NA
"4018","L1CampL3.mqm.3","mqm","99","99","3",0.0107460224998491,NA
"4019","L1CampR1.mqm.3","mqm","99","99","3",0.853375184070235,NA
"4020","L2CampL3.mqm.3","mqm","99","99","3",-0.90599776544711,NA
"4021","L2CampR1.mqm.3","mqm","99","99","3",0.71749765188972,NA
"4022","L3CampR1.mqm.3","mqm","99","99","3",0.851782434779502,NA
"4023","DCampL1.mQuant.4","mQuant","99","99","4",0.68638448168338,NA
"4024","DCampL2.mQuant.4","mQuant","99","99","4",0.385550978472142,NA
"4025","DCampL3.mQuant.4","mQuant","99","99","4",0.709868725916958,NA
"4026","DCampR1.mQuant.4","mQuant","99","99","4",0.127255123532252,NA
"4027","L1CampL2.mQuant.4","mQuant","99","99","4",-0.959243040095745,NA
"4028","L1CampL3.mQuant.4","mQuant","99","99","4",0.0748822773810226,NA
"4029","L1CampR1.mQuant.4","mQuant","99","99","4",-1.78284978100682,NA
"4030","L2CampL3.mQuant.4","mQuant","99","99","4",0.527818803646857,NA
"4031","L2CampR1.mQuant.4","mQuant","99","99","4",-0.420369869411826,NA
"4032","L3CampR1.mQuant.4","mQuant","99","99","4",-2.00810341534553,NA
"4033","DCampL1.mSigma.4","mSigma","99","99","4",-0.0568936310580783,NA
"4034","DCampL2.mSigma.4","mSigma","99","99","4",0.093265607381007,NA
"4035","DCampL3.mSigma.4","mSigma","99","99","4",-0.0125217079146662,NA
"4036","DCampR1.mSigma.4","mSigma","99","99","4",0.0544130426580679,NA
"4037","L1CampL2.mSigma.4","mSigma","99","99","4",0.142076017894779,NA
"4038","L1CampL3.mSigma.4","mSigma","99","99","4",0.0419833385683197,NA
"4039","L1CampR1.mSigma.4","mSigma","99","99","4",0.105314925215998,NA
"4040","L2CampL3.mSigma.4","mSigma","99","99","4",-0.116668471116574,NA
"4041","L2CampR1.mSigma.4","mSigma","99","99","4",-0.0428488927289039,NA
"4042","L3CampR1.mSigma.4","mSigma","99","99","4",0.0661069782993485,NA
"4043","DCampL1.mConnect.4","mConnect","99","99","4",1,NA
"4044","DCampL2.mConnect.4","mConnect","99","99","4",0.392946562283937,NA
"4045","DCampL3.mConnect.4","mConnect","99","99","4",0.972881654874056,NA
"4046","DCampR1.mConnect.4","mConnect","99","99","4",0.116131046005952,NA
"4047","L1CampL2.mConnect.4","mConnect","99","99","4",0,NA
"4048","L1CampL3.mConnect.4","mConnect","99","99","4",0,NA
"4049","L1CampR1.mConnect.4","mConnect","99","99","4",0,NA
"4050","L2CampL3.mConnect.4","mConnect","99","99","4",0.955327911117723,NA
"4051","L2CampR1.mConnect.4","mConnect","99","99","4",-0.455998597618451,NA
"4052","L3CampR1.mConnect.4","mConnect","99","99","4",-31.5930269671384,NA
"4053","DCampL1.mTau1.4","mTau1","99","99","4",-0.837100919045275,NA
"4054","DCampL2.mTau1.4","mTau1","99","99","4",-0.344487142677003,NA
"4055","DCampL3.mTau1.4","mTau1","99","99","4",-0.210676977006319,NA
"4056","DCampR1.mTau1.4","mTau1","99","99","4",-0.363207264889645,NA
"4057","L1CampL2.mTau1.4","mTau1","99","99","4",0.268147368095749,NA
"4058","L1CampL3.mTau1.4","mTau1","99","99","4",0.340985046354722,NA
"4059","L1CampR1.mTau1.4","mTau1","99","99","4",0.257957333341223,NA
"4060","L2CampL3.mTau1.4","mTau1","99","99","4",0.0995250615816639,NA
"4061","L2CampR1.mTau1.4","mTau1","99","99","4",-0.0139236156437826,NA
"4062","L3CampR1.mTau1.4","mTau1","99","99","4",-0.125987600970568,NA
"4063","DCampL1.mTau2.4","mTau2","99","99","4",-1.6078714685989,NA
"4064","DCampL2.mTau2.4","mTau2","99","99","4",-0.0825796317407665,NA
"4065","DCampL3.mTau2.4","mTau2","99","99","4",-2.20134663728243,NA
"4066","DCampR1.mTau2.4","mTau2","99","99","4",0.270387737982497,NA
"4067","L1CampL2.mTau2.4","mTau2","99","99","4",0.584879989379848,NA
"4068","L1CampL3.mTau2.4","mTau2","99","99","4",-0.227570712678713,NA
"4069","L1CampR1.mTau2.4","mTau2","99","99","4",0.720226908878491,NA
"4070","L2CampL3.mTau2.4","mTau2","99","99","4",-1.9571465630983,NA
"4071","L2CampR1.mTau2.4","mTau2","99","99","4",0.326042869618468,NA
"4072","L3CampR1.mTau2.4","mTau2","99","99","4",0.772092077277562,NA
"4073","DCampL1.mNPQ.4","mNPQ","99","99","4",0.625286793781084,NA
"4074","DCampL2.mNPQ.4","mNPQ","99","99","4",-0.148655103773205,NA
"4075","DCampL3.mNPQ.4","mNPQ","99","99","4",-0.0764222200958644,NA
"4076","DCampR1.mNPQ.4","mNPQ","99","99","4",-0.731505309254725,NA
"4077","L1CampL2.mNPQ.4","mNPQ","99","99","4",-2.06542466267424,NA
"4078","L1CampL3.mNPQ.4","mNPQ","99","99","4",-1.87265621342151,NA
"4079","L1CampR1.mNPQ.4","mNPQ","99","99","4",-3.62088146485859,NA
"4080","L2CampL3.mNPQ.4","mNPQ","99","99","4",0.0628847453339677,NA
"4081","L2CampR1.mNPQ.4","mNPQ","99","99","4",-0.507419680256434,NA
"4082","L3CampR1.mNPQ.4","mNPQ","99","99","4",-0.608574476566008,NA
"4083","DCampL1.mqP.4","mqP","99","99","4",0.526024876969871,NA
"4084","DCampL2.mqP.4","mqP","99","99","4",0.0912096305772863,NA
"4085","DCampL3.mqP.4","mqP","99","99","4",0.220031884534503,NA
"4086","DCampR1.mqP.4","mqP","99","99","4",-0.0898274955461916,NA
"4087","L1CampL2.mqP.4","mqP","99","99","4",-0.917379890346997,NA
"4088","L1CampL3.mqP.4","mqP","99","99","4",-0.645588718832225,NA
"4089","L1CampR1.mqP.4","mqP","99","99","4",-1.29933480174848,NA
"4090","L2CampL3.mqP.4","mqP","99","99","4",0.141751341444175,NA
"4091","L2CampR1.mqP.4","mqP","99","99","4",-0.199206695201312,NA
"4092","L3CampR1.mqP.4","mqP","99","99","4",-0.397271855011363,NA
"4093","DCampL1.mABQ.4","mABQ","99","99","4",1,NA
"4094","DCampL2.mABQ.4","mABQ","99","99","4",0,NA
"4095","DCampL3.mABQ.4","mABQ","99","99","4",1,NA
"4096","DCampR1.mABQ.4","mABQ","99","99","4",0,NA
"4097","L1CampL2.mABQ.4","mABQ","99","99","4",2.63929785542771,NA
"4098","L1CampL3.mABQ.4","mABQ","99","99","4",0.779910199405546,NA
"4099","L1CampR1.mABQ.4","mABQ","99","99","4",1.95639954149734,NA
"4100","L2CampL3.mABQ.4","mABQ","99","99","4",1.13425857897986,NA
"4101","L2CampR1.mABQ.4","mABQ","99","99","4",0.416579764116263,NA
"4102","L3CampR1.mABQ.4","mABQ","99","99","4",5.34549687861109,NA
"4103","DCampL1.mqm.4","mqm","99","99","4",0,NA
"4104","DCampL2.mqm.4","mqm","99","99","4",0,NA
"4105","DCampL3.mqm.4","mqm","99","99","4",0,NA
"4106","DCampR1.mqm.4","mqm","99","99","4",0,NA
"4107","L1CampL2.mqm.4","mqm","99","99","4",0.438287157182566,NA
"4108","L1CampL3.mqm.4","mqm","99","99","4",-0.0342144160601979,NA
"4109","L1CampR1.mqm.4","mqm","99","99","4",0.814600814954099,NA
"4110","L2CampL3.mqm.4","mqm","99","99","4",-0.841179936126785,NA
"4111","L2CampR1.mqm.4","mqm","99","99","4",0.669939565355179,NA
"4112","L3CampR1.mqm.4","mqm","99","99","4",0.820734286655787,NA
